id,bib_block,round,authors,year,title,venue,doi,other_dois,arxiv,grade,read_status,filed_stem,txt_on_disk,pdf_on_disk,multi_work_line,source_line,superseded_by_id,best_grade_for_work
1,"§2.3 — temporal chain, transitions, emissions",,"Abercrombie, S.P. & Friedl, M.A.",2016,Improving the Consistency of Multitemporal Land Cover Maps Using a Hidden Markov Model,IEEE TGRS,10.1109/TGRS.2015.2463689,,,PRIMARY,,,yes,,,"Abercrombie, S.P. & Friedl, M.A. (2016). Improving the Consistency of Multitemporal Land Cover Maps Using a Hidden Markov Model. *IEEE TGRS* 54(2). doi:10.1109/TGRS.2015.2463689 — **PRIMARY** (full text, Sci-Hub, verified 2026-09-11; local copy in `D:\edmonds-pipeline\Literture\Validation\`)",,PRIMARY
2,"§2.3 — temporal chain, transitions, emissions",,"Bogaert, P., Lamarche, C. & Defourny, P.",2022,Hidden Markov Models for Annual Land Cover Mapping — Increasing Temporal Consistency and Completeness,IEEE TGRS,10.1109/TGRS.2021.3123738,,,ABSTRACT,obtained-unread,Bogaert_2022_hidden-markov-models-annual-land,yes,,,"Bogaert, P., Lamarche, C. & Defourny, P. (2022). Hidden Markov Models for Annual Land Cover Mapping — Increasing Temporal Consistency and Completeness. *IEEE TGRS* 60. doi:10.1109/TGRS.2021.3123738 — **ABSTRACT** **Obtained 2026-09-12 (acquisition pass), header-verified, unread by the reviewer — gra",,ABSTRACT
3,"§2.3 — temporal chain, transitions, emissions",,"Cai, S., Liu, D., Sulla-Menashe, D. & Friedl, M.A.",2014,Enhancing MODIS land cover product with a spatial–temporal modeling algorithm,RSE,10.1016/j.rse.2014.03.012,,,METADATA,,,yes,,,"Cai, S., Liu, D., Sulla-Menashe, D. & Friedl, M.A. (2014). Enhancing MODIS land cover product with a spatial–temporal modeling algorithm. *RSE* 147. doi:10.1016/j.rse.2014.03.012 — **METADATA**",243,ABSTRACT
4,"§2.3 — temporal chain, transitions, emissions",,"Gong, W., Fang, S., Yang, G. & Ge, M.",2017,Using a Hidden Markov Model for Improving the Spatial-Temporal Consistency of Time Series Land Cover Classification,ISPRS IJGI,10.3390/ijgi6100292,,,PRIMARY,,,no,,,"Gong, W., Fang, S., Yang, G. & Ge, M. (2017). Using a Hidden Markov Model for Improving the Spatial-Temporal Consistency of Time Series Land Cover Classification. *ISPRS IJGI* 6(10):292. doi:10.3390/ijgi6100292 — **PRIMARY**",,PRIMARY
5,"§2.3 — temporal chain, transitions, emissions",,"Miller, D.A.W. et al.",2013,Determining Occurrence Dynamics when False Positives Occur: Estimating the Range Dynamics of Wolves from Public Survey Data,PLOS ONE,10.1371/journal.pone.0065808,,,PRIMARY,,,no,,,"Miller, D.A.W. et al. (2013). Determining Occurrence Dynamics when False Positives Occur: Estimating the Range Dynamics of Wolves from Public Survey Data. *PLOS ONE* **8(6)**:e65808. doi:10.1371/journal.pone.0065808 — **PRIMARY** (full text, verified 2026-09-11; issue number corrected from 8(10))",,PRIMARY
6,"§2.3 — temporal chain, transitions, emissions",,"Perantoni, G., Weikmann, G. & Bruzzone, L.",2025,Bayesian Modelling of Multi-Year Crop Type Classification Using Deep Neural Networks and Hidden Markov Models,,,,2510.07008,PRIMARY,,,no,,,"Perantoni, G., Weikmann, G. & Bruzzone, L. (2025). Bayesian Modelling of Multi-Year Crop Type Classification Using Deep Neural Networks and Hidden Markov Models. arXiv:2510.07008 — **PRIMARY** (preprint)",,PRIMARY
7,"§2.3 — temporal chain, transitions, emissions",,"Sulla-Menashe, D., Gray, J.M., Abercrombie, S.P. & Friedl, M.A.",2019,Hierarchical mapping of annual global land cover 2001 to present: MODIS Collection 6,RSE,10.1016/j.rse.2018.12.013,,,PRIMARY,,,no,,,"Sulla-Menashe, D., Gray, J.M., Abercrombie, S.P. & Friedl, M.A. (2019). Hierarchical mapping of annual global land cover 2001 to present: MODIS Collection 6. *RSE* 222. doi:10.1016/j.rse.2018.12.013 — **ABSTRACT ⚠ NUMBERS** (transition figure, abstract-verbatim); its product documentation (Sulla-Men",,PRIMARY
8,"§2.3 — temporal chain, transitions, emissions",,"Wehmann, A. & Liu, D.",2015,A spatial–temporal contextual Markovian kernel method for multi-temporal land cover mapping,ISPRS J.,10.1016/j.isprsjprs.2015.04.009,,,METADATA,,,no,,,"Wehmann, A. & Liu, D. (2015). A spatial–temporal contextual Markovian kernel method for multi-temporal land cover mapping. *ISPRS J.* 107. doi:10.1016/j.isprsjprs.2015.04.009 — **METADATA**",,METADATA
9,"§2.3 — temporal chain, transitions, emissions",,"Yang, G., Fang, S., Gong, W., Zhao, Y. & Ge, M.",2020,Evaluating the reliability of time series land cover maps by exploiting the hidden Markov model,SERRA,10.1007/s00477-020-01915-9,,,ABSTRACT,obtained-unread,Yang_2020_evaluating-reliability-time-series-land,yes,,,"Yang, G., Fang, S., Gong, W., Zhao, Y. & Ge, M. (2020). Evaluating the reliability of time series land cover maps by exploiting the hidden Markov model. *SERRA* 35. doi:10.1007/s00477-020-01915-9 — **ABSTRACT** **Obtained 2026-09-12 (acquisition pass), header-verified, unread by the reviewer — grade",,ABSTRACT
10,"§2.3 — temporal chain, transitions, emissions",,"Yuan, Y. et al.",2015,Continuous Change Detection and Classification Using Hidden Markov Model: Beijing,Remote Sensing,10.3390/rs71115318,,,METADATA,obtained-unread,Yuan_2015_continuous-change-detection,yes,,,"Yuan, Y. et al. (2015). Continuous Change Detection and Classification Using Hidden Markov Model: Beijing. *Remote Sensing* 7(11):15318. doi:10.3390/rs71115318 — **METADATA** **Obtained 2026-09-12 (acquisition pass), header-verified, unread by the reviewer — grade unchanged until read. Filed `Yuan_2",,METADATA
11,§4.1 — joint space and time,,"Benedek, C. & Sziranyi, T.",2009,Change Detection in Optical Aerial Images by a Multilayer Conditional Mixed Markov Model,IEEE TGRS,10.1109/TGRS.2009.2022633,,,METADATA,obtained-unread,Benedek_2009_change-detection-optical-aerial-images,yes,,,"Benedek, C. & Sziranyi, T. (2009). Change Detection in Optical Aerial Images by a Multilayer Conditional Mixed Markov Model. *IEEE TGRS* 47(10). doi:10.1109/TGRS.2009.2022633 — **METADATA** **Obtained 2026-09-12 (acquisition pass), header-verified, unread by the reviewer — grade unchanged until read",,METADATA
12,§4.1 — joint space and time,,"Benedek, C., Shadaydeh, M., Kato, Z., Sziranyi, T. & Zerubia, J.",2015,Multilayer Markov Random Field models for change detection in optical remote sensing images,ISPRS J.,10.1016/j.isprsjprs.2015.02.006,,,METADATA,obtained-unread,Benedek_2015_multilayer-markov-random-field-models,yes,,,"Benedek, C., Shadaydeh, M., Kato, Z., Sziranyi, T. & Zerubia, J. (2015). Multilayer Markov Random Field models for change detection in optical remote sensing images. *ISPRS J.* 107. doi:10.1016/j.isprsjprs.2015.02.006 — **METADATA** **Obtained 2026-09-12 (acquisition pass), header-verified, unread b",,METADATA
13,§4.1 — joint space and time,,"Hoberg, T., Rottensteiner, F., Feitosa, R.Q. & Heipke, C.",2015,Conditional Random Fields for Multitemporal and Multiscale Classification of Optical Satellite Imagery,IEEE TGRS,10.1109/TGRS.2014.2326886,,,METADATA,obtained-unread,,no,,,"Hoberg, T., Rottensteiner, F., Feitosa, R.Q. & Heipke, C. (2015). Conditional Random Fields for Multitemporal and Multiscale Classification of Optical Satellite Imagery. *IEEE TGRS* 53(2). doi:10.1109/TGRS.2014.2326886 — **METADATA** (confirmed unreadable 2026-09-11: no OA/repository copy, five Sci-",,METADATA
14,§4.1 — joint space and time,,"Hoberg, T., Rottensteiner, F. & Heipke, C.",2012,Context Models for CRF-Based Classification of Multitemporal Remote Sensing Data,ISPRS Annals,10.5194/isprsannals-I-7-129-2012,,,PRIMARY,,,no,,,"Hoberg, T., Rottensteiner, F. & Heipke, C. (2012). Context Models for CRF-Based Classification of Multitemporal Remote Sensing Data. *ISPRS Annals* I-7:129–134. doi:10.5194/isprsannals-I-7-129-2012 — **PRIMARY** (2012 precursor to the above; full text parsed 2026-09-11, §4.2)",,PRIMARY
15,§4.1 — joint space and time,,"Liu, C., Song, W., Lu, C. & Xia, J.",2021,Spatial-Temporal Hidden Markov Model for Land Cover Classification,IEEE Access,10.1109/ACCESS.2021.3080926,,,ABSTRACT,obtained-unread,Liu_2021_spatial-temporal-hidden-markov-model,yes,,,"Liu, C., Song, W., Lu, C. & Xia, J. (2021). Spatial-Temporal Hidden Markov Model for Land Cover Classification. *IEEE Access* 9. doi:10.1109/ACCESS.2021.3080926 — **ABSTRACT** **Obtained 2026-09-12 (acquisition pass), header-verified, unread by the reviewer — grade unchanged until read. Filed `Liu_2",,ABSTRACT
16,§4.1 — joint space and time,,"Martinis, S. & Twele, A.",2010,A Hierarchical Spatio-Temporal Markov Model for Improved Flood Mapping Using Multi-Temporal X-Band SAR Data,Remote Sensing,10.3390/rs2092240,,,PRIMARY,,,no,,,"Martinis, S. & Twele, A. (2010). A Hierarchical Spatio-Temporal Markov Model for Improved Flood Mapping Using Multi-Temporal X-Band SAR Data. *Remote Sensing* 2(9). doi:10.3390/rs2092240 — **PRIMARY** (full text via GFZ Potsdam repository mirror, verified 2026-09-11, §4.2)",,PRIMARY
17,§4.1 — joint space and time,,"Melgani, F. & Serpico, S.B.",2003,A Markov random field approach to spatio-temporal contextual image classification,IEEE TGRS,10.1109/TGRS.2003.817269,,,METADATA,,,yes,,,"Melgani, F. & Serpico, S.B. (2003). A Markov random field approach to spatio-temporal contextual image classification. *IEEE TGRS* 41(11). doi:10.1109/TGRS.2003.817269 — **METADATA**",244,ABSTRACT
18,"§6.1 — reshaping, segmentation, confirm-or-veto",,"Cohen, W.B., Yang, Z., Healey, S.P., Kennedy, R.E. & Gorelick, N.",2018,A LandTrendr multispectral ensemble for forest disturbance detection,RSE,10.1016/j.rse.2017.11.015,,,,,,no,,,"Cohen, W.B., Yang, Z., Healey, S.P., Kennedy, R.E. & Gorelick, N. (2018). A LandTrendr multispectral ensemble for forest disturbance detection. *RSE* 205. doi:10.1016/j.rse.2017.11.015 — **METADATA ⚠ NUMBERS**",,
19,"§6.1 — reshaping, segmentation, confirm-or-veto",,"Kennedy, R.E., Yang, Z. & Cohen, W.B.",2010,Detecting trends in forest disturbance and recovery using yearly Landsat time series: 1,,10.1016/j.rse.2010.07.008,,,PRIMARY,,,no,,,"Kennedy, R.E., Yang, Z. & Cohen, W.B. (2010). Detecting trends in forest disturbance and recovery using yearly Landsat time series: 1. LandTrendr. *RSE* 114. doi:10.1016/j.rse.2010.07.008 — **PRIMARY**",,PRIMARY
20,"§6.1 — reshaping, segmentation, confirm-or-veto",,"Murakami, T. & Tsutsumida, N.",2025,"Comparative Global Assessment and Optimization of LandTrendr, CCDC, and BFAST for Urban Land Cover Change Detection",Remote Sensing,10.3390/rs17142402,,,METADATA,obtained-unread,Murakami_2025_comparative-global-assessment,yes,,,"Murakami, T. & Tsutsumida, N. (2025). Comparative Global Assessment and Optimization of LandTrendr, CCDC, and BFAST for Urban Land Cover Change Detection. *Remote Sensing* 17(14):2402. doi:10.3390/rs17142402 — **METADATA** **Obtained 2026-09-12 (acquisition pass), header-verified, unread by the revi",,METADATA
21,"§6.1 — reshaping, segmentation, confirm-or-veto",,"Pasquarella, V.J. et al.",2022,Demystifying LandTrendr and CCDC temporal segmentation,IJAEOG,10.1016/j.jag.2022.102806,,,PRIMARY,,,no,,,"Pasquarella, V.J. et al. (2022). Demystifying LandTrendr and CCDC temporal segmentation. *IJAEOG* 110:102806. doi:10.1016/j.jag.2022.102806 — **PRIMARY**",,PRIMARY
22,"§6.1 — reshaping, segmentation, confirm-or-veto",,"Polunchenko, A.S. & Tartakovsky, A.G.",2012,State-of-the-Art in Sequential Change-Point Detection,Meth. Comput. Appl. Probab.,10.1007/s11009-011-9256-5,,,PRIMARY,,,no,,,"Polunchenko, A.S. & Tartakovsky, A.G. (2012). State-of-the-Art in Sequential Change-Point Detection. *Meth. Comput. Appl. Probab.* doi:10.1007/s11009-011-9256-5 — **PRIMARY**",,PRIMARY
23,"§6.1 — reshaping, segmentation, confirm-or-veto",,"Reiche, J., de Bruin, S., Hoekman, D., Verbesselt, J. & Herold, M.",2015,A Bayesian Approach to Combine Landsat and ALOS PALSAR Time Series for Near Real-Time Deforestation Detection,Remote Sensing,10.3390/rs70504973,,,ABSTRACT,obtained-unread,Reiche_2015_bayesian-approach-combine-landsat-alos,yes,,,"Reiche, J., de Bruin, S., Hoekman, D., Verbesselt, J. & Herold, M. (2015). A Bayesian Approach to Combine Landsat and ALOS PALSAR Time Series for Near Real-Time Deforestation Detection. *Remote Sensing* 7(5). doi:10.3390/rs70504973 — **ABSTRACT** **Obtained 2026-09-12 (acquisition pass), header-veri",,ABSTRACT
24,"§6.1 — reshaping, segmentation, confirm-or-veto",,"Reiche, J. et al.",2021,Forest disturbance alerts for the Congo Basin using Sentinel-1,ERL,10.1088/1748-9326/abd0a8,,,ABSTRACT,obtained-unread,Reiche_2021_forest-disturbance-alerts-congo-basin,yes,,,"Reiche, J. et al. (2021). Forest disturbance alerts for the Congo Basin using Sentinel-1. *ERL* 16. doi:10.1088/1748-9326/abd0a8 — **ABSTRACT** **Obtained 2026-09-12 (acquisition pass), header-verified, unread by the reviewer — grade unchanged until read. Filed `Reiche_2021_ForestDisturbanceAlerts_E",,ABSTRACT
25,"§6.1 — reshaping, segmentation, confirm-or-veto",,"Rodman, K.C., Andrus, R.A., Veblen, T.T. & Hart, S.J.",2021,"Disturbance detection in Landsat time series is influenced by tree mortality agent and severity, not by prior disturbance",RSE,10.1016/j.rse.2020.112244,,,PRIMARY,,,no,,,"Rodman, K.C., Andrus, R.A., Veblen, T.T. & Hart, S.J. (2021). Disturbance detection in Landsat time series is influenced by tree mortality agent and severity, not by prior disturbance. *RSE* 254:112244. doi:10.1016/j.rse.2020.112244 — **PRIMARY** (full text read 2026-09-11; title was previously trun",,PRIMARY
26,"§6.1 — reshaping, segmentation, confirm-or-veto",,"Verbesselt, J., Hyndman, R., Newnham, G. & Culvenor, D.",2010,Detecting trend and seasonal changes in satellite image time series,RSE,10.1016/j.rse.2009.08.014,,,PRIMARY,,,no,,,"Verbesselt, J., Hyndman, R., Newnham, G. & Culvenor, D. (2010). Detecting trend and seasonal changes in satellite image time series. *RSE* 114(1). doi:10.1016/j.rse.2009.08.014 — **PRIMARY**",,PRIMARY
27,"§6.1 — reshaping, segmentation, confirm-or-veto",,"Wendelberger, L.J., Reich, B.J., Wilson, A.G. & Gray, J.M.",2026,Detecting Deforestation Using Robust Online Bayesian Monitoring,Data Science in Science,10.1080/26941899.2026.2687150,,,METADATA,,,no,,,"Wendelberger, L.J., Reich, B.J., Wilson, A.G. & Gray, J.M. (2026). Detecting Deforestation Using Robust Online Bayesian Monitoring. *Data Science in Science*. doi:10.1080/26941899.2026.2687150 — **METADATA**",,METADATA
28,"§6.1 — reshaping, segmentation, confirm-or-veto",,"Zhu, Z. & Woodcock, C.E.",2014,Continuous change detection and classification of land cover using all available Landsat data,RSE,10.1016/j.rse.2014.01.011,,,PRIMARY,,,no,,,"Zhu, Z. & Woodcock, C.E. (2014). Continuous change detection and classification of land cover using all available Landsat data. *RSE* 144. doi:10.1016/j.rse.2014.01.011 — **PRIMARY**",,PRIMARY
29,§4.2 — ancillary and cadastral priors,,"Cardille, J.A. & Fortin, J.A.",2016,Bayesian updating of land-cover estimates in a data-rich environment,RSE,10.1016/j.rse.2016.08.021,,,,,,no,,,"Cardille, J.A. & Fortin, J.A. (2016). Bayesian updating of land-cover estimates in a data-rich environment. *RSE* 186. doi:10.1016/j.rse.2016.08.021 — **METADATA ⚠ NUMBERS**",,
30,§4.2 — ancillary and cadastral priors,,City of Seattle OSE / University of Vermont SAL,2023,*City of Seattle Tree Canopy Assessment: Final Report (2016–2021)*,,,,,PRIMARY,,,no,,,City of Seattle OSE / University of Vermont SAL (2023). *City of Seattle Tree Canopy Assessment: Final Report (2016–2021)*. Agency report — **PRIMARY**,,PRIMARY
31,§4.2 — ancillary and cadastral priors,,"Guo, T., Morgenroth, J. & Conway, T.M.",2018,Redeveloping the urban forest: the effect of redevelopment and property-scale variables on tree removal and retention,UFUG,10.1016/j.ufug.2018.08.012,,,PRIMARY,,,yes,,,"Guo, T., Morgenroth, J. & Conway, T.M. (2018). Redeveloping the urban forest: the effect of redevelopment and property-scale variables on tree removal and retention. *UFUG* 35. doi:10.1016/j.ufug.2018.08.012 — **PRIMARY** (author's PhD thesis, UC repository hdl 10092/16832, read 2026-09-11 — the 1.4",190,PRIMARY
32,§4.2 — ancillary and cadastral priors,,"Guo, T., Morgenroth, J., Conway, T.M. & Xu, C.",2019,City-wide canopy cover decline due to residential property redevelopment in Christchurch,STOTEN,10.1016/j.scitotenv.2019.05.122,,,PRIMARY,,,yes,,,"Guo, T., Morgenroth, J., Conway, T.M. & Xu, C. (2019). City-wide canopy cover decline due to residential property redevelopment in Christchurch. *STOTEN* 681. doi:10.1016/j.scitotenv.2019.05.122 — **PRIMARY** (same thesis, Ch.2, read 2026-09-11; no 1.4 m figure in this paper)",195,PRIMARY
33,§4.2 — ancillary and cadastral priors,,"Morgenroth, J., O'Neil-Dunne, J. & Apiolaza, L.A.",2017,Redevelopment and the urban forest: tree removal and retention during demolition,Applied Geography,10.1016/j.apgeog.2017.02.011,,,filed-unread,obtained-unread,,yes,,,"Morgenroth, J., O'Neil-Dunne, J. & Apiolaza, L.A. (2017). Redevelopment and the urban forest: tree removal and retention during demolition. *Applied Geography* 82. doi:10.1016/j.apgeog.2017.02.011 — **METADATA ⚠ NUMBERS** (confirmed still unreadable 2026-09-11: closed in Unpaywall and OpenAlex; the ",194,PRIMARY
34,§4.2 — ancillary and cadastral priors,,"Ossola, A. & Hopton, M.E.",2017,Measuring urban tree loss dynamics across residential landscapes,STOTEN,10.1016/j.scitotenv.2017.08.103,,,PRIMARY,,,no,,,"Ossola, A. & Hopton, M.E. (2017). Measuring urban tree loss dynamics across residential landscapes. *STOTEN*. doi:10.1016/j.scitotenv.2017.08.103 — **PRIMARY**",,PRIMARY
35,§4.2 — ancillary and cadastral priors,,"Pedley, D. & Morgenroth, J.",2025,"Green vs growth: The effect of residential intensification on urban tree canopy loss in Christchurch, New Zealand",Sustainable Cities and Society,10.1016/j.scs.2025.106678,,,PRIMARY,,,no,,,"Pedley, D. & Morgenroth, J. (2025). Green vs growth: The effect of residential intensification on urban tree canopy loss in Christchurch, New Zealand. *Sustainable Cities and Society* 130:106678. doi:10.1016/j.scs.2025.106678 — **PRIMARY** (full publisher PDF via UC repository hdl 10092/108884, read",,PRIMARY
36,§4.2 — ancillary and cadastral priors,,"Rosa, I.M.D., Purves, D., Souza, C. Jr. & Ewers, R.M.",2013,Predictive Modelling of Contagious Deforestation in the Brazilian Amazon,PLOS ONE,10.1371/journal.pone.0077231,,,PRIMARY,,,no,,,"Rosa, I.M.D., Purves, D., Souza, C. Jr. & Ewers, R.M. (2013). Predictive Modelling of Contagious Deforestation in the Brazilian Amazon. *PLOS ONE* 8(10):e77231. doi:10.1371/journal.pone.0077231 — **PRIMARY**",,PRIMARY
37,"§4.3 — privileged information, lidar as teacher, cross-year transfer",,"Capliez, E., Ienco, D., Gaetano, R., Baghdadi, N. & Hadj Salah, A.",2023,Temporal-Domain Adaptation for Satellite Image Time-Series Land-Cover Mapping,IEEE JSTARS,10.1109/JSTARS.2023.3263755,,,PRIMARY,,,no,,,"Capliez, E., Ienco, D., Gaetano, R., Baghdadi, N. & Hadj Salah, A. (2023). Temporal-Domain Adaptation for Satellite Image Time-Series Land-Cover Mapping. *IEEE JSTARS*. doi:10.1109/JSTARS.2023.3263755 — **PRIMARY** (author postprint via HAL, verified 2026-09-11 — see §4.5 correction; drop ⚠ NUMBERS)",,PRIMARY
38,"§4.3 — privileged information, lidar as teacher, cross-year transfer",,"Capliez, E. et al.",2023,Multisensor Temporal Unsupervised Domain Adaptation for Land Cover Mapping,IEEE TGRS,10.1109/TGRS.2023.3297077,,,PRIMARY,,,no,,,"Capliez, E. et al. (2023). Multisensor Temporal Unsupervised Domain Adaptation for Land Cover Mapping. *IEEE TGRS*. doi:10.1109/TGRS.2023.3297077 — **PRIMARY** (author postprint via HAL, verified 2026-09-11)",,PRIMARY
39,"§4.3 — privileged information, lidar as teacher, cross-year transfer",,"Islam, M.D. et al.",2026,High-resolution multi-temporal forest canopy height mapping in California using GEDI LiDAR and multi-sensor remote sensing,Science of Remote Sensing,10.1016/j.srs.2026.100488,,,METADATA,,,no,,,"Islam, M.D. et al. (2026). High-resolution multi-temporal forest canopy height mapping in California using GEDI LiDAR and multi-sensor remote sensing. *Science of Remote Sensing*. doi:10.1016/j.srs.2026.100488 — **METADATA**",,METADATA
40,"§4.3 — privileged information, lidar as teacher, cross-year transfer",,"Kalinicheva, E., Helen, F., Mermoz, S., Mouret, F. & Planells, M.",2025,Super-Resolved Canopy Height Mapping from Sentinel-2 Time Series Using Airborne LiDAR HD,,,,2512.11524,ABSTRACT,obtained-unread,Kalinicheva_2025_super-resolved-canopy-height,yes,,,"Kalinicheva, E., Helen, F., Mermoz, S., Mouret, F. & Planells, M. (2025). Super-Resolved Canopy Height Mapping from Sentinel-2 Time Series Using Airborne LiDAR HD. arXiv:2512.11524 — **ABSTRACT** (preprint) **Obtained 2026-09-12 (acquisition pass), header-verified, unread by the reviewer — grade unc",,ABSTRACT
41,"§4.3 — privileged information, lidar as teacher, cross-year transfer",,"Lai, Y. et al.",2026,Forest canopy height estimation from satellite RGB imagery using large-scale airborne LiDAR-derived training data,,,,2602.06503,,,,no,,,"Lai, Y. et al. (2026). Forest canopy height estimation from satellite RGB imagery using large-scale airborne LiDAR-derived training data. arXiv:2602.06503 — **ABSTRACT ⚠ NUMBERS** (preprint)",,
42,"§4.3 — privileged information, lidar as teacher, cross-year transfer",,"Lang, N., Jetz, W., Schindler, K. & Wegner, J.D.",2023,A high-resolution canopy height model of the Earth,Nature Ecology & Evolution,10.1038/s41559-023-02206-6,,,PRIMARY,,,no,,,"Lang, N., Jetz, W., Schindler, K. & Wegner, J.D. (2023). A high-resolution canopy height model of the Earth. *Nature Ecology & Evolution*. doi:10.1038/s41559-023-02206-6 — **PRIMARY**",,PRIMARY
43,"§4.3 — privileged information, lidar as teacher, cross-year transfer",,"Lopez-Paz, D., Bottou, L., Schölkopf, B. & Vapnik, V.",2016,Unifying distillation and privileged information,ICLR 2016,,,1511.03643,ABSTRACT,obtained-unread,LopezPaz_2016_unifying-distillation-privileged,yes,,,"Lopez-Paz, D., Bottou, L., Schölkopf, B. & Vapnik, V. (2016). Unifying distillation and privileged information. *ICLR 2016*; arXiv:1511.03643 — **ABSTRACT** **Obtained 2026-09-12 (acquisition pass), header-verified, unread by the reviewer — grade unchanged until read. Filed `LopezPaz_etal_2016_Unify",,ABSTRACT
44,"§4.3 — privileged information, lidar as teacher, cross-year transfer",,"Pauls, J. et al.",2025,Capturing Temporal Dynamics in Large-Scale Canopy Tree Height Estimation,,,,2501.19328,ABSTRACT,obtained-unread,Pauls_2025_capturing-temporal-dynamics-large-scale,yes,,,"Pauls, J. et al. (2025). Capturing Temporal Dynamics in Large-Scale Canopy Tree Height Estimation. arXiv:2501.19328 — **ABSTRACT** (preprint) **Obtained 2026-09-12 (acquisition pass), header-verified, unread by the reviewer — grade unchanged until read. Filed `Pauls_etal_2025_Temporal_Dynamics_Canop",,ABSTRACT
45,"§4.3 — privileged information, lidar as teacher, cross-year transfer",,"Pesonen, J. et al.",2026,Learning Image-based Tree Crown Segmentation from Enhanced Lidar-based Pseudo-labels,,,,2602.13022,ABSTRACT,obtained-unread,Pesonen_2026_learning-image-based-tree-crown,yes,,,"Pesonen, J. et al. (2026). Learning Image-based Tree Crown Segmentation from Enhanced Lidar-based Pseudo-labels. arXiv:2602.13022 — **ABSTRACT** (preprint) **Obtained 2026-09-12 (acquisition pass), header-verified, unread by the reviewer — grade unchanged until read. Filed `Pesonen_etal_2026_Tree_Cr",,ABSTRACT
46,"§4.3 — privileged information, lidar as teacher, cross-year transfer",,"Song, J., Chen, H. & Yokoya, N.",2026,Enhancing monocular height estimation via sparse LiDAR-guided correction,ISPRS J.,10.1016/j.isprsjprs.2025.12.004,,,ABSTRACT,,,no,,,"Song, J., Chen, H. & Yokoya, N. (2026). Enhancing monocular height estimation via sparse LiDAR-guided correction. *ISPRS J.* 232. doi:10.1016/j.isprsjprs.2025.12.004 — **ABSTRACT**",,ABSTRACT
47,"§4.3 — privileged information, lidar as teacher, cross-year transfer",,"Tolan, J. et al.",2024,Very high resolution canopy height maps from RGB imagery using self-supervised vision transformer and convolutional decoder trained on aerial lidar,RSE,10.1016/j.rse.2023.113888,,2304.07213,PRIMARY,,,no,,,"Tolan, J. et al. (2024). Very high resolution canopy height maps from RGB imagery using self-supervised vision transformer and convolutional decoder trained on aerial lidar. *RSE*. doi:10.1016/j.rse.2023.113888 — **PRIMARY** via the open-access preprint arXiv:2304.07213 (publisher version paywalled)",,PRIMARY
48,"§4.3 — privileged information, lidar as teacher, cross-year transfer",,"Vapnik, V. & Vashist, A.",2009,A new learning paradigm: Learning using privileged information,Neural Networks,10.1016/j.neunet.2009.06.042,,,METADATA,obtained-unread,Vapnik_2009_new-learning-paradigm-learning,yes,,,"Vapnik, V. & Vashist, A. (2009). A new learning paradigm: Learning using privileged information. *Neural Networks* 22(5–6). doi:10.1016/j.neunet.2009.06.042 — **METADATA** **Obtained 2026-09-12 (acquisition pass), header-verified, unread by the reviewer — grade unchanged until read. Filed `Vapnik_Va",,METADATA
49,"§4.3 — privileged information, lidar as teacher, cross-year transfer",,"Zhou, Q., Tollerud, H., Barber, C., Smith, K. & Zelenak, D.",2020,Training Data Selection for Annual Land Cover Classification for LCMAP,Remote Sensing,10.3390/rs12040699,,,ABSTRACT,obtained-unread,Zhou_2020_training-data-selection-annual-land,yes,,,"Zhou, Q., Tollerud, H., Barber, C., Smith, K. & Zelenak, D. (2020). Training Data Selection for Annual Land Cover Classification for LCMAP. *Remote Sensing* 12(4):699. doi:10.3390/rs12040699 — **ABSTRACT** **Obtained 2026-09-12 (acquisition pass), header-verified, unread by the reviewer — grade unch",,ABSTRACT
50,§4.4 — deep supervision and resolution,,"Brown, J. et al.",2022,Automated aerial animal detection when spatial resolution conditions are varied,Computers and Electronics in Agriculture,10.1016/j.compag.2022.106689,,,ABSTRACT,,,no,,,"Brown, J. et al. (2022). Automated aerial animal detection when spatial resolution conditions are varied. *Computers and Electronics in Agriculture*. doi:10.1016/j.compag.2022.106689 — **ABSTRACT**",,ABSTRACT
51,§4.4 — deep supervision and resolution,,"Chen, H., Yang, W., Liu, L. & Xia, G.S.",2024,Coarse-to-fine semantic segmentation of satellite images,ISPRS J.,10.1016/j.isprsjprs.2024.07.028,,,METADATA,,,no,,,"Chen, H., Yang, W., Liu, L. & Xia, G.S. (2024). Coarse-to-fine semantic segmentation of satellite images. *ISPRS J.* 217. doi:10.1016/j.isprsjprs.2024.07.028 — **METADATA**",,METADATA
52,§4.4 — deep supervision and resolution,,"Chen, K. et al.",2018,Semantic Segmentation of Aerial Imagery via Multi-Scale Shuffling CNNs with Deep Supervision,ISPRS Annals,10.5194/isprs-annals-IV-1-29-2018,,,ABSTRACT,obtained-unread,Chen_2018_semantic-segmentation-aerial-imagery,yes,,,"Chen, K. et al. (2018). Semantic Segmentation of Aerial Imagery via Multi-Scale Shuffling CNNs with Deep Supervision. *ISPRS Annals* IV-1. doi:10.5194/isprs-annals-IV-1-29-2018 — **ABSTRACT** **Obtained 2026-09-12 (acquisition pass), header-verified, unread by the reviewer — grade unchanged until re",,ABSTRACT
53,§4.4 — deep supervision and resolution,,"Lee, C.Y., Xie, S., Gallagher, P., Zhang, Z. & Tu, Z.",2015,Deeply-Supervised Nets,AISTATS,,,,ABSTRACT,obtained-unread,Lee_2015_deeply-supervised-nets,yes,,,"Lee, C.Y., Xie, S., Gallagher, P., Zhang, Z. & Tu, Z. (2015). Deeply-Supervised Nets. *AISTATS*, PMLR 38 — **ABSTRACT** **Obtained 2026-09-12 (acquisition pass), header-verified, unread by the reviewer — grade unchanged until read. Filed `Lee_2015_deeply-supervised-nets`.**",,ABSTRACT
54,§4.4 — deep supervision and resolution,,"Ma, S., Tang, J. & Guo, F.",2021,Multi-Task Deep Supervision on Attention R2U-Net for Brain Tumor Segmentation,Frontiers in Oncology,10.3389/fonc.2021.704850,,,PRIMARY,,,no,,,"Ma, S., Tang, J. & Guo, F. (2021). Multi-Task Deep Supervision on Attention R2U-Net for Brain Tumor Segmentation. *Frontiers in Oncology* 11:704850. doi:10.3389/fonc.2021.704850 — **PRIMARY**",,PRIMARY
55,§4.4 — deep supervision and resolution,,"Mobsite, S., Hostache, R., Berti-Équille, L., Roux, E., Catry, T. & Guérin, J.",2026,Enhancing land cover semantic segmentation with convolutional block attention modules and deep supervision,Artificial Intelligence in Geosciences,10.1016/j.aiig.2026.100222,,,METADATA,,,no,,,"Mobsite, S., Hostache, R., Berti-Équille, L., Roux, E., Catry, T. & Guérin, J. (2026). Enhancing land cover semantic segmentation with convolutional block attention modules and deep supervision. *Artificial Intelligence in Geosciences* 7:100222. doi:10.1016/j.aiig.2026.100222 — **METADATA** (numbers",,METADATA
56,§4.4 — deep supervision and resolution,,"Touvron, H., Vedaldi, A., Douze, M. & Jégou, H.",2019,Fixing the Train-Test Resolution Discrepancy,NeurIPS 32,,,1906.06423,ABSTRACT,obtained-unread,Touvron_2019_fixing-train-test-resolution,yes,,,"Touvron, H., Vedaldi, A., Douze, M. & Jégou, H. (2019). Fixing the Train-Test Resolution Discrepancy. *NeurIPS 32*; arXiv:1906.06423 — **ABSTRACT** **Obtained 2026-09-12 (acquisition pass), header-verified, unread by the reviewer — grade unchanged until read. Filed `Touvron_etal_2019_Fixing_TrainTes",,ABSTRACT
57,§4.4 — deep supervision and resolution,,"Zhao, H., Shi, J., Qi, X., Wang, X. & Jia, J.",2017,Pyramid Scene Parsing Network,CVPR 2017,10.1109/CVPR.2017.660,,,ABSTRACT,obtained-unread,Zhao_2017_pyramid-scene-parsing-network,yes,,,"Zhao, H., Shi, J., Qi, X., Wang, X. & Jia, J. (2017). Pyramid Scene Parsing Network. *CVPR 2017*. doi:10.1109/CVPR.2017.660 — **ABSTRACT** **Obtained 2026-09-12 (acquisition pass), header-verified, unread by the reviewer — grade unchanged until read. Filed `Zhao_etal_2017_Pyramid_Scene_Parsing_Netwo",,ABSTRACT
58,§2.4 — accuracy assessment for rare change,,"Foody, G.M.",2010,Assessing the accuracy of land cover change with imperfect ground reference data,RSE,10.1016/j.rse.2010.05.003,,,ABSTRACT,,,yes,,,"Foody, G.M. (2010). Assessing the accuracy of land cover change with imperfect ground reference data. *RSE* 114. doi:10.1016/j.rse.2010.05.003 — **ABSTRACT**",279,PRIMARY
59,§2.4 — accuracy assessment for rare change,,"Olofsson, P., Foody, G.M., Stehman, S.V. & Woodcock, C.E.",2013,Making better use of accuracy data in land change studies,RSE,10.1016/j.rse.2012.10.031,,,METADATA,obtained-unread,Olofsson_2013_making-better-use-accuracy-data,yes,,,"Olofsson, P., Foody, G.M., Stehman, S.V. & Woodcock, C.E. (2013). Making better use of accuracy data in land change studies. *RSE* 129. doi:10.1016/j.rse.2012.10.031 — **METADATA** **Obtained 2026-09-12 (acquisition pass), header-verified, unread by the reviewer — grade unchanged until read. Filed `",,METADATA
60,§2.4 — accuracy assessment for rare change,,"Olofsson, P., Foody, G.M., Herold, M., Stehman, S.V., Woodcock, C.E. & Wulder, M.A.",2014,Good practices for estimating area and assessing accuracy of land change,RSE,10.1016/j.rse.2014.02.015,,,PRIMARY,,,no,,,"Olofsson, P., Foody, G.M., Herold, M., Stehman, S.V., Woodcock, C.E. & Wulder, M.A. (2014). Good practices for estimating area and assessing accuracy of land change. *RSE* 148. doi:10.1016/j.rse.2014.02.015 — **PRIMARY**",,PRIMARY
61,§2.4 — accuracy assessment for rare change,,"Radoux, J. & Bogaert, P.",2020,About the Pitfall of Erroneous Validation Data in the Estimation of Confusion Matrices,Remote Sensing,10.3390/rs12244128,,,ABSTRACT,obtained-unread,Radoux_2020b_about-pitfall-erroneous-validation,yes,,,"Radoux, J. & Bogaert, P. (2020). About the Pitfall of Erroneous Validation Data in the Estimation of Confusion Matrices. *Remote Sensing* 12(24):4128. doi:10.3390/rs12244128 — **ABSTRACT** **Obtained 2026-09-12 (acquisition pass), header-verified, unread by the reviewer — grade unchanged until read.",,ABSTRACT
62,§2.4 — accuracy assessment for rare change,,"Radoux, J., Waldner, F. & Bogaert, P.",2020,How Response Designs and Class Proportions Affect the Accuracy of Validation Data,Remote Sensing,10.3390/rs12020257,,,ABSTRACT,obtained-unread,Radoux_2020a_how-response-designs-class-proportions,yes,,,"Radoux, J., Waldner, F. & Bogaert, P. (2020). How Response Designs and Class Proportions Affect the Accuracy of Validation Data. *Remote Sensing* 12(2):257. doi:10.3390/rs12020257 — **ABSTRACT** **Obtained 2026-09-12 (acquisition pass), header-verified, unread by the reviewer — grade unchanged until",,ABSTRACT
63,§2.4 — accuracy assessment for rare change,,"Stehman, S.V. & Czaplewski, R.L.",1998,Design and Analysis for Thematic Map Accuracy Assessment,RSE,10.1016/S0034-4257(98,,,METADATA,obtained-unread,Stehman_1998_design-analysis-thematic-map-accuracy,yes,,,"Stehman, S.V. & Czaplewski, R.L. (1998). Design and Analysis for Thematic Map Accuracy Assessment. *RSE* 64. doi:10.1016/S0034-4257(98)00010-8 — **METADATA** **Obtained 2026-09-12 (acquisition pass), header-verified, unread by the reviewer — grade unchanged until read. Filed `Stehman_Czaplewski_1998",,METADATA
64,§2.4 — accuracy assessment for rare change,,"Stehman, S.V. & Foody, G.M.",2019,Key issues in rigorous accuracy assessment of land cover products,RSE,10.1016/j.rse.2019.05.018,,,ABSTRACT,obtained-unread,Stehman_2019_key-issues-rigorous-accuracy,yes,,,"Stehman, S.V. & Foody, G.M. (2019). Key issues in rigorous accuracy assessment of land cover products. *RSE* 231:111199. doi:10.1016/j.rse.2019.05.018 — **ABSTRACT** **Obtained 2026-09-12 (acquisition pass), header-verified, unread by the reviewer — grade unchanged until read. Filed `Stehman_Foody_2",,ABSTRACT
65,§2.4 — accuracy assessment for rare change,,"Stehman, S.V. & Wagner, J.E.",2024,Choosing a sample size allocation to strata based on trade-offs in precision when estimating accuracy and area of a rare class,RSE,10.1016/j.rse.2023.113881,,,,,,no,,,"Stehman, S.V. & Wagner, J.E. (2024). Choosing a sample size allocation to strata based on trade-offs in precision when estimating accuracy and area of a rare class. *RSE* 300:113881. doi:10.1016/j.rse.2023.113881 — **PRIMARY ⚠ NUMBERS**",,
66,"§1 — heterogeneous archives, shadow and rooftop error",,"Blackman, R. & Yuan, F.",2020,Detecting Long-Term Urban Forest Cover Change and Impacts of Natural Disasters,Remote Sensing,10.3390/rs12111820,,,ABSTRACT,obtained-unread,Blackman_2020_detecting-long-term-urban-forest,yes,,,"Blackman, R. & Yuan, F. (2020). Detecting Long-Term Urban Forest Cover Change and Impacts of Natural Disasters. *Remote Sensing* 12(11):1820. doi:10.3390/rs12111820 — **ABSTRACT** **Obtained 2026-09-12 (acquisition pass), header-verified, unread by the reviewer — grade unchanged until read. Filed `B",,ABSTRACT
67,"§1 — heterogeneous archives, shadow and rooftop error",,"Coupland, K., Hamilton, D. & Griess, V.C.",2022,Combining aerial photos and LiDAR data to detect canopy cover change in urban forests,PLOS ONE,10.1371/journal.pone.0273487,,,PRIMARY,,,no,,,"Coupland, K., Hamilton, D. & Griess, V.C. (2022). Combining aerial photos and LiDAR data to detect canopy cover change in urban forests. *PLOS ONE*. doi:10.1371/journal.pone.0273487 — **PRIMARY**",,PRIMARY
68,"§1 — heterogeneous archives, shadow and rooftop error",,"MacFaden, S.W., O'Neil-Dunne, J.P.M., Royar, A.R., Lu, J.W.T. & Rundle, A.G.",2012,High-resolution tree canopy mapping for New York City using LIDAR and object-based image analysis,JARS,10.1117/1.JRS.6.063567,,,ABSTRACT,obtained-unread,MacFaden_2012_high-resolution-tree-canopy-mapping,yes,,,"MacFaden, S.W., O'Neil-Dunne, J.P.M., Royar, A.R., Lu, J.W.T. & Rundle, A.G. (2012). High-resolution tree canopy mapping for New York City using LIDAR and object-based image analysis. *JARS* 6:063567. doi:10.1117/1.JRS.6.063567 — **ABSTRACT** **Obtained 2026-09-12 (acquisition pass), header-verified",,ABSTRACT
69,"§1 — heterogeneous archives, shadow and rooftop error",,"Nowak, D.J. & Greenfield, E.J.",2012,Tree and impervious cover change in U.S,,10.1016/j.ufug.2011.11.005,,,ABSTRACT,obtained-unread,Nowak_2012_tree-impervious-cover-change-u,yes,,,"Nowak, D.J. & Greenfield, E.J. (2012). Tree and impervious cover change in U.S. cities. *UFUG*. doi:10.1016/j.ufug.2011.11.005 — **ABSTRACT** **Obtained 2026-09-12 (acquisition pass), header-verified, unread by the reviewer — grade unchanged until read. Filed `Nowak_Greenfield_2012_tree_impervious_c",,ABSTRACT
70,"§1 — heterogeneous archives, shadow and rooftop error",,"O'Neil-Dunne, J.P.M., MacFaden, S.W. & Royar, A.R.",2014,"A Versatile, Production-Oriented Approach to High-Resolution Tree-Canopy Mapping",Remote Sensing,10.3390/rs61212837,,,ABSTRACT,obtained-unread,ONeilDunne_2014_versatile-production-oriented,yes,,,"O'Neil-Dunne, J.P.M., MacFaden, S.W. & Royar, A.R. (2014). A Versatile, Production-Oriented Approach to High-Resolution Tree-Canopy Mapping. *Remote Sensing* 6(12). doi:10.3390/rs61212837 — **ABSTRACT** **Obtained 2026-09-12 (acquisition pass), header-verified, unread by the reviewer — grade unchang",,ABSTRACT
71,"§1 — heterogeneous archives, shadow and rooftop error",,"Pedley, D. & Morgenroth, J.",2025,Detecting and measuring fine-scale urban tree canopy loss with deep learning and remote sensing,ISPRS Open J. Photogramm. Remote Sens.,10.1016/j.ophoto.2025.100082,,,PRIMARY,,,no,,,"Pedley, D. & Morgenroth, J. (2025). Detecting and measuring fine-scale urban tree canopy loss with deep learning and remote sensing. *ISPRS Open J. Photogramm. Remote Sens.* **15**:100082. doi:10.1016/j.ophoto.2025.100082 — **PRIMARY** (CC BY, full text read 2026-09-11 — the 0.941/0.811 precision/re",,PRIMARY
72,"§1 — heterogeneous archives, shadow and rooftop error",,"Walton, J.T.",2008,"Difficulties with estimating city-wide urban forest cover change from national, remotely-sensed tree canopy maps",Urban Ecosystems,10.1007/s11252-007-0040-9,,,ABSTRACT,obtained-unread,Walton_2008_difficulties-estimating-city-wide-urban,yes,,,"Walton, J.T. (2008). Difficulties with estimating city-wide urban forest cover change from national, remotely-sensed tree canopy maps. *Urban Ecosystems*. doi:10.1007/s11252-007-0040-9 — **ABSTRACT** **Obtained 2026-09-12 (acquisition pass), header-verified, unread by the reviewer — grade unchanged ",,ABSTRACT
73,"§4.5 — layer placement, soft versus hard decisions",,"Câmara, G. et al.",2024,Bayesian Inference for Post-Processing of Remote-Sensing Image Classification,Remote Sensing,10.3390/rs16234572,,,ABSTRACT,obtained-unread,Camara_2024_bayesian-inference-post-processing,yes,,,"Câmara, G. et al. (2024). Bayesian Inference for Post-Processing of Remote-Sensing Image Classification. *Remote Sensing* 16(23):4572. doi:10.3390/rs16234572 — **ABSTRACT** **Obtained 2026-09-12 (acquisition pass), header-verified, unread by the reviewer — grade unchanged until read. Filed `Camara_2",,ABSTRACT
74,"§4.5 — layer placement, soft versus hard decisions",,"Cheng, X. & Liu, H.",2020,A Novel Post-Processing Method Based on a Weighted Composite Filter for Enhancing Semantic Segmentation Results,Sensors,10.3390/s20195500,,,PRIMARY,,,no,,,"Cheng, X. & Liu, H. (2020). A Novel Post-Processing Method Based on a Weighted Composite Filter for Enhancing Semantic Segmentation Results. *Sensors* 20(19):5500. doi:10.3390/s20195500 — **PRIMARY**",,PRIMARY
75,"§4.5 — layer placement, soft versus hard decisions",,"Li, N., Liu, C. & Pfeifer, N.",2019,Improving LiDAR classification accuracy by contextual label smoothing in post-processing,ISPRS J.,10.1016/j.isprsjprs.2018.11.022,,,ABSTRACT,,,no,,,"Li, N., Liu, C. & Pfeifer, N. (2019). Improving LiDAR classification accuracy by contextual label smoothing in post-processing. *ISPRS J.* 148. doi:10.1016/j.isprsjprs.2018.11.022 — **ABSTRACT**",,ABSTRACT
76,"§4.5 — layer placement, soft versus hard decisions",,"Papadopoulos, S., Koukiou, G. & Anastassopoulos, V.",2024,Decision Fusion at Pixel Level of Multi-Band Data for Land Cover Classification — A Review,Journal of Imaging,10.3390/jimaging10010015,,,ABSTRACT,obtained-unread,Papadopoulos_2024_decision-fusion-pixel-level-multi,yes,,,"Papadopoulos, S., Koukiou, G. & Anastassopoulos, V. (2024). Decision Fusion at Pixel Level of Multi-Band Data for Land Cover Classification — A Review. *Journal of Imaging* 10(1):15. doi:10.3390/jimaging10010015 — **ABSTRACT** **Obtained 2026-09-12 (acquisition pass), header-verified, unread by the ",,ABSTRACT
77,"§4.5 — layer placement, soft versus hard decisions",,"Wu, C., Du, B., Cui, X. & Zhang, L.",2017,A post-classification change detection method based on iterative slow feature analysis and Bayesian soft fusion,RSE,10.1016/j.rse.2017.07.009,,,ABSTRACT,,,no,,,"Wu, C., Du, B., Cui, X. & Zhang, L. (2017). A post-classification change detection method based on iterative slow feature analysis and Bayesian soft fusion. *RSE*. doi:10.1016/j.rse.2017.07.009 — **ABSTRACT**",,ABSTRACT
78,"§6.2 / §6.3 — buildings as ancillary context, and cadastral completeness",,"Abellera, L.V. & Stenstrom, M.K.",2005,Impervious Surface Detection from Satellite Imagery with Knowledge-Based Systems and GIS,Computing in Civil Engineering 2005,10.1061/40794(179,,,,,,no,,,"Abellera, L.V. & Stenstrom, M.K. (2005). Impervious Surface Detection from Satellite Imagery with Knowledge-Based Systems and GIS. *Computing in Civil Engineering 2005* (ASCE). doi:10.1061/40794(179)45 — **METADATA ⚠ NUMBERS**",,
79,"§6.2 / §6.3 — buildings as ancillary context, and cadastral completeness",,"Hecht, R., Meinel, G. & Buchroithner, M.",2015,Automatic identification of building types based on topographic databases — a comparison of different data sources,Int. J. Cartography,10.1080/23729333.2015.1055644,,,,,,no,,,"Hecht, R., Meinel, G. & Buchroithner, M. (2015). Automatic identification of building types based on topographic databases — a comparison of different data sources. *Int. J. Cartography* 1(1). doi:10.1080/23729333.2015.1055644 — **METADATA ⚠ NUMBERS**",,
80,"§6.2 / §6.3 — buildings as ancillary context, and cadastral completeness",,"King, K. & Locke, D.",2013,A Comparison of Three Methods for Measuring Local Urban Tree Canopy Cover,Arboriculture & Urban Forestry,10.48044/jauf.2013.009,,,PRIMARY,,,no,,,"King, K. & Locke, D. (2013). A Comparison of Three Methods for Measuring Local Urban Tree Canopy Cover. *Arboriculture & Urban Forestry* 39(2). doi:10.48044/jauf.2013.009 — **PRIMARY** (full text via USDA Forest Service Treesearch, read 2026-09-11; the canopy-over-roof finding, §4.10 — corrected fro",,PRIMARY
81,"§6.2 / §6.3 — buildings as ancillary context, and cadastral completeness",,"Li, Q., Taubenböck, H., Shi, Y., Auer, S., Roschlaub, R., Glock, C., Kruspe, A. & Zhu, X.X.",2022,Identification of undocumented buildings in cadastral data using remote sensing,IJAEOG,10.1016/j.jag.2022.102909,,,PRIMARY,,,no,,,"Li, Q., Taubenböck, H., Shi, Y., Auer, S., Roschlaub, R., Glock, C., Kruspe, A. & Zhu, X.X. (2022). Identification of undocumented buildings in cadastral data using remote sensing. *IJAEOG* 112:102909. doi:10.1016/j.jag.2022.102909 — **PRIMARY** (full text via DLR mirror elib.dlr.de/187878)",,PRIMARY
82,"§6.2 / §6.3 — buildings as ancillary context, and cadastral completeness",,"Sun, Y., Hua, Y., Mou, L. & Zhu, X.X.",2022,CG-Net: Conditional GIS-Aware Network for Individual Building Segmentation in VHR SAR Images,IEEE TGRS,10.1109/TGRS.2020.3043089,,,ABSTRACT,obtained-unread,Sun_2022_cg-net-conditional-gis-aware,yes,,,"Sun, Y., Hua, Y., Mou, L. & Zhu, X.X. (2022). CG-Net: Conditional GIS-Aware Network for Individual Building Segmentation in VHR SAR Images. *IEEE TGRS*. doi:10.1109/TGRS.2020.3043089 — **ABSTRACT** **Obtained 2026-09-12 (acquisition pass), header-verified, unread by the reviewer — grade unchanged un",,ABSTRACT
83,"§6.2 / §6.3 — buildings as ancillary context, and cadastral completeness",,"Yi, S., Li, X., Liu, Y., Dong, X. & Tu, W.",2025,A sub-meter resolution urban surface albedo dataset for 34 U.S,,10.1038/s41597-025-05109-2,,,PRIMARY,,,no,,,"Yi, S., Li, X., Liu, Y., Dong, X. & Tu, W. (2025). A sub-meter resolution urban surface albedo dataset for 34 U.S. cities based on deep learning. *Scientific Data* 12:789. doi:10.1038/s41597-025-05109-2 — **PRIMARY** (the unmeasured hard-veto instance, §4.10)",,PRIMARY
84,Operational products and their consistency claims,,"Li, Z., Zhang, X., Liu, W., Zhao, T., Ai, W., Wang, J. & Liu, L.",2025,Post-Processing Optimization of the Global 30 m Land Cover Dynamic Monitoring Product,Remote Sensing,10.3390/rs17091558,,,PRIMARY,,,no,,,"Li, Z., Zhang, X., Liu, W., Zhao, T., Ai, W., Wang, J. & Liu, L. (2025). Post-Processing Optimization of the Global 30 m Land Cover Dynamic Monitoring Product. *Remote Sensing* 17(9):1558. doi:10.3390/rs17091558 — **PRIMARY** (full text; §4.11 — the change-stratified reporting template, and the sour",,PRIMARY
85,Operational products and their consistency claims,,"Reis, M.S., Dutra, L.V., Escada, M.I.S. & Sant'Anna, S.J.S.",2020,Avoiding Invalid Transitions in Land Cover Trajectory Classification With a Compound Maximum a Posteriori Approach,IEEE Access,10.1109/ACCESS.2020.2997019,,,ABSTRACT,obtained-unread,Reis_2020_avoiding-invalid-transitions-land-cover,yes,,,"Reis, M.S., Dutra, L.V., Escada, M.I.S. & Sant'Anna, S.J.S. (2020). Avoiding Invalid Transitions in Land Cover Trajectory Classification With a Compound Maximum a Posteriori Approach. *IEEE Access* 8. doi:10.1109/ACCESS.2020.2997019 — **ABSTRACT** **Obtained 2026-09-12 (acquisition pass), header-ver",,ABSTRACT
86,Operational products and their consistency claims,,"Yang, J. & Huang, X.",2021,The 30 m Annual Land Cover Dataset and Its Dynamics in China from 1990 to 2019 (CLCD),ESSD,10.5194/essd-13-3907-2021,,,,,,no,,,"Yang, J. & Huang, X. (2021). The 30 m Annual Land Cover Dataset and Its Dynamics in China from 1990 to 2019 (CLCD). *ESSD* 13(8). doi:10.5194/essd-13-3907-2021 — **METADATA ⚠ NUMBERS**",,
87,"Adjacent-field theory (round 3, 2026-09-11; §4.12)",3,Strong & Chan,2003,Edge-preserving and scale-dependent properties of total variation regularization,Inverse Problems,10.1088/0266-5611/19/6/059,,,PRIMARY,,,no,,,Strong & Chan (2003). Edge-preserving and scale-dependent properties of total variation regularization. *Inverse Problems* 19(6):S165–S187. doi:10.1088/0266-5611/19/6/059 — **PRIMARY** (UCLA CAM report mirror),,PRIMARY
88,"Adjacent-field theory (round 3, 2026-09-11; §4.12)",3,"Gräler, Pebesma & Heuvelink",2016,Spatio-Temporal Interpolation using gstat,The R Journal,10.32614/RJ-2016-014,,,PRIMARY,,,no,,,"Gräler, Pebesma & Heuvelink (2016). Spatio-Temporal Interpolation using gstat. *The R Journal* 8(1):204–218. doi:10.32614/RJ-2016-014 — **PRIMARY**",,PRIMARY
89,"Adjacent-field theory (round 3, 2026-09-11; §4.12)",3,Krähenbühl & Koltun,2011,Efficient Inference in Fully Connected CRFs with Gaussian Edge Potentials,NeurIPS 2011,,,1210.5644,PRIMARY,,,no,,,Krähenbühl & Koltun (2011). Efficient Inference in Fully Connected CRFs with Gaussian Edge Potentials. *NeurIPS 2011*; arXiv:1210.5644 — **PRIMARY**,,PRIMARY
90,"Adjacent-field theory (round 3, 2026-09-11; §4.12)",3,"Ross, Tasoulis & Adams",2012,Sequential monitoring of a Bernoulli sequence when the pre-change parameter is unknown,Computational Statistics,10.1007/s00180-012-0311-7,,1212.6020,PRIMARY,,,no,,,"Ross, Tasoulis & Adams (2012). Sequential monitoring of a Bernoulli sequence when the pre-change parameter is unknown. *Computational Statistics* 28(2):463–479. doi:10.1007/s00180-012-0311-7; arXiv:1212.6020 — **PRIMARY**",,PRIMARY
91,"Adjacent-field theory (round 3, 2026-09-11; §4.12)",3,Chen & Yang,2022,A New p-Control Chart with Measurement Error Correction,,,,2203.03384,PRIMARY,,,no,,,Chen & Yang (2022). A New p-Control Chart with Measurement Error Correction. arXiv:2203.03384 — **PRIMARY** (code: `github.com/lchen723/SPC-ME-R-code`),,PRIMARY
92,"Adjacent-field theory (round 3, 2026-09-11; §4.12)",3,Itkin,2026,Quickest Detection of Hallucination Onset,,,,2606.12476,PRIMARY,,,no,,,Itkin (2026). Quickest Detection of Hallucination Onset. arXiv:2606.12476 — **PRIMARY**,,PRIMARY
93,"Adjacent-field theory (round 3, 2026-09-11; §4.12)",3,Sandia National Laboratories,2016,An Introduction to the Bernoulli CUSUM,,,,,PRIMARY,,,no,,,"Sandia National Laboratories (2016). An Introduction to the Bernoulli CUSUM. SAND2016-7395C, OSTI 1374023 — **PRIMARY** (bylined ""Author 1""; corroboration only)",,PRIMARY
94,"Adjacent-field theory (round 3, 2026-09-11; §4.12)",3,Reynolds & Stoumbos,1999,*J,,,,,METADATA,,,yes,,,Reynolds & Stoumbos (1999). *J. Quality Technology* 31:87–108 — **METADATA** (via Ross et al.'s bibliography; the run-length approximation; not fetched),,METADATA
95,"Adjacent-field theory (round 3, 2026-09-11; §4.12)",3,Mishra & Singh,2022,"doi:10.9734/ajpas/2022/v17i430430 — **ABSTRACT**, UNREADABLE (AJPAS 403; truncated negative-binomial inspection-error CUSUM)",,10.9734/ajpas/2022/v17i430430,,,ABSTRACT,,,no,,,"Mishra & Singh (2022). doi:10.9734/ajpas/2022/v17i430430 — **ABSTRACT**, UNREADABLE (AJPAS 403; truncated negative-binomial inspection-error CUSUM)",,ABSTRACT
96,"Adjacent-field theory (round 3, 2026-09-11; §4.12)",3,Chakraborty & Khurshid,2017,"doi:10.12957/cadest.2017.25564 — **ABSTRACT**, UNREADABLE (abstract only served; intervened-Poisson inspection-error CUSUM) **Obtained 2026-09-12 (acquisition p",,10.12957/cadest.2017.25564,,,ABSTRACT,obtained-unread,Chakraborty_2017_effect-misclassification-due,yes,,,"Chakraborty & Khurshid (2017). doi:10.12957/cadest.2017.25564 — **ABSTRACT**, UNREADABLE (abstract only served; intervened-Poisson inspection-error CUSUM) **Obtained 2026-09-12 (acquisition pass), header-verified, unread by the reviewer — grade unchanged until read. Filed `Chakraborty_Khurshid_2017_",,ABSTRACT
97,"Adjacent-field theory (round 3, 2026-09-11; §4.12)",3,"Ramani, Blu & Unser",2008,Monte-Carlo SURE [full title not captured],IEEE Trans. Image Processing,10.1109/tip.2008.2001404,,,PRIMARY,,,no,,,"Ramani, Blu & Unser (2008). Monte-Carlo SURE [full title not captured]. *IEEE Trans. Image Processing* 17(9):1540–1554. doi:10.1109/tip.2008.2001404 — **PRIMARY**",,PRIMARY
98,"Adjacent-field theory (round 3, 2026-09-11; §4.12)",3,Efron,2004,The Estimation of Prediction Error: Covariance Penalties and Cross-Validation,JASA,10.1198/016214504000000692,,,PRIMARY,,,yes,,,Efron (2004). The Estimation of Prediction Error: Covariance Penalties and Cross-Validation. *JASA* 99(467):619–632. doi:10.1198/016214504000000692 — **PRIMARY**,183,PRIMARY
99,"Adjacent-field theory (round 3, 2026-09-11; §4.12)",3,Batson & Royer,2019,Noise2Self,ICML 2019,,,1901.11365,PRIMARY,,,yes,,,"Batson & Royer (2019). Noise2Self. *ICML 2019*, PMLR 97; arXiv:1901.11365 — **PRIMARY**",113,PRIMARY
100,"Adjacent-field theory (round 3, 2026-09-11; §4.12)",3,Chernozhukov et al.,2018,*Econometrics Journal* 21(1):C1–C68,,10.1111/ectj.12097,,,ABSTRACT,obtained-unread,Chernozhukov_2018_double-debiased-machine-learning,yes,,,"Chernozhukov et al. (2018). *Econometrics Journal* 21(1):C1–C68. doi:10.1111/ectj.12097 — **ABSTRACT** (cross-fitting; title not captured) **Obtained 2026-09-12 (acquisition pass), header-verified, unread by the reviewer — grade unchanged until read. Filed `Chernozhukov_2018_double-debiased-machine-learning`",,ABSTRACT
101,"Adjacent-field theory (round 3, 2026-09-11; §4.12)",3,"Kumar, Liang & Ma",2019,Verified Uncertainty Calibration,NeurIPS 2019,,,1909.10155,PRIMARY,,,no,,,"Kumar, Liang & Ma (2019). Verified Uncertainty Calibration. *NeurIPS 2019*; arXiv:1909.10155 — **PRIMARY**",,PRIMARY
102,"Adjacent-field theory (round 3, 2026-09-11; §4.12)",3,,,"Sussner, Nachtegael, Mélange, Deschrijver, Esmi & Kerre",,10.1007/s10851-011-0283-1,,,PRIMARY,,,no,,,"Sussner, Nachtegael, Mélange, Deschrijver, Esmi & Kerre. Interval-Valued and Intuitionistic Fuzzy Mathematical Morphologies as Special Cases of L-Fuzzy Mathematical Morphology. *J. Math. Imaging Vis.* doi:10.1007/s10851-011-0283-1 — **PRIMARY** (year not captured; DOI resolves)",,PRIMARY
103,"Adjacent-field theory (round 3, 2026-09-11; §4.12)",3,"Liu, Reda, Shih, Wang, Tao & Catanzaro",2018,Image Inpainting for Irregular Holes Using Partial Convolutions,,10.1007/978-3-030-01252-6_6,,1804.07723,PRIMARY,,,no,,,"Liu, Reda, Shih, Wang, Tao & Catanzaro (2018). Image Inpainting for Irregular Holes Using Partial Convolutions. arXiv:1804.07723v2; doi:10.1007/978-3-030-01252-6_6 — **PRIMARY**",,PRIMARY
104,"Adjacent-field theory (round 3, 2026-09-11; §4.12)",3,Appel,2022,Efficient Data-Driven Gap Filling of Satellite Image Time Series Using Deep Neural Networks with Partial Convolutions,,10.1175/AIES-D-22-0055.1,,2208.08781,PRIMARY,,,no,,,Appel (2022). Efficient Data-Driven Gap Filling of Satellite Image Time Series Using Deep Neural Networks with Partial Convolutions. arXiv:2208.08781; *Artif. Intell. Earth Syst.* doi:10.1175/AIES-D-22-0055.1 — **PRIMARY**,,PRIMARY
105,"Adjacent-field theory (round 3, 2026-09-11; §4.12)",3,"Sinopoli, Schenato, Franceschetti, Poolla, Jordan & Sastry",2004,Kalman Filtering With Intermittent Observations,IEEE Trans. Automatic Control,10.1109/TAC.2004.834121,,,PRIMARY,,,no,,,"Sinopoli, Schenato, Franceschetti, Poolla, Jordan & Sastry (2004). Kalman Filtering With Intermittent Observations. *IEEE Trans. Automatic Control* 49(9):1453–1464. doi:10.1109/TAC.2004.834121 — **PRIMARY** (Crossref-verified; text quoted from the Berkeley preprint, self-labelled DRAFT)",,PRIMARY
106,"Adjacent-field theory (round 3, 2026-09-11; §4.12)",3,Przewiezlikowski et al.,2022,MisConv,WACV 2022,,,,PRIMARY,,,no,,,Przewiezlikowski et al. (2022). MisConv. *WACV 2022* — **PRIMARY** (read; rejected — imputes),,PRIMARY
107,"Adjacent-field theory (round 3, 2026-09-11; §4.12)",3,Bloch,2012,[bipolar morphology; title not captured],Int. J. Approx. Reasoning,10.1016/j.ijar.2012.05.003,,,METADATA,obtained-unread,Bloch_2012_mathematical-morphology-bipolar-fuzzy,yes,,,"Bloch (2012). [bipolar morphology; title not captured]. *Int. J. Approx. Reasoning*. doi:10.1016/j.ijar.2012.05.003 — **METADATA** **Obtained 2026-09-12 (acquisition pass), header-verified, unread by the reviewer — grade unchanged until read. Filed `Bloch_2012_mathematical-morphology-bipolar-fuzzy`.**",,METADATA
108,"Adjacent-field theory (round 4, 2026-09-12; §4.13)",4,Eldar,2009,Generalized SURE for Exponential Families: Applications to Regularization,IEEE Trans. Signal Processing,,,0804.3010,PRIMARY,reviewer-read,Eldar_2009_generalized-sure-exponential-families,yes,,,"Eldar (2009). Generalized SURE for Exponential Families: Applications to Regularization. *IEEE Trans. Signal Processing* 57; arXiv:0804.3010 — **PRIMARY**, reviewer-read (Thm 1, eq. 16; intro on the independent/discrete cases). Filed `Eldar_2009_generalized-sure-exponential-families`.",,PRIMARY
109,"Adjacent-field theory (round 4, 2026-09-12; §4.13)",4,"Chaux, Duval, Benazza-Benyahia & Pesquet",2008,A Nonlinear Stein-Based Estimator for Multichannel Image Denoising,IEEE Trans. Signal Processing,,,0712.2317,PRIMARY,reviewer-read,Chaux_2008_nonlinear-stein-based-estimator,yes,,,"Chaux, Duval, Benazza-Benyahia & Pesquet (2008). A Nonlinear Stein-Based Estimator for Multichannel Image Denoising. *IEEE Trans. Signal Processing*; arXiv:0712.2317 — **PRIMARY**, reviewer-read (Prop. 1, eq. 24). Filed `Chaux_2008_nonlinear-stein-based-estimator`.",,PRIMARY
110,"Adjacent-field theory (round 4, 2026-09-12; §4.13)",4,Hudson,1978,A Natural Identity for Exponential Families with Applications in Multiparameter Estimation,Ann. Statist.,10.1214/aos/1176344194,,,PRIMARY,reviewer-read,Hudson_1978_natural-identity-exponential-families,yes,,,"Hudson (1978). A Natural Identity for Exponential Families with Applications in Multiparameter Estimation. *Ann. Statist.* 6(3):473–484. doi:10.1214/aos/1176344194 — **PRIMARY**, reviewer-read as page images pp. 474–476 (JSTOR scan; no text layer). Filed `Hudson_1978_natural-identity-exponential-families`.",,PRIMARY
111,"Adjacent-field theory (round 4, 2026-09-12; §4.13)",4,Hwang,1982,Improving Upon Standard Estimators in Discrete Exponential Families with Applications to Poisson and Negative Binomial Cases,Ann. Statist.,10.1214/aos/1176345876,,,PRIMARY,reviewer-read,Hwang_1982_improving-upon-standard-estimators,yes,,,"Hwang (1982). Improving Upon Standard Estimators in Discrete Exponential Families with Applications to Poisson and Negative Binomial Cases. *Ann. Statist.* 10(3). doi:10.1214/aos/1176345876 — **PRIMARY**, reviewer-read as page images pp. 858–859 (JSTOR scan). Filed `Hwang_1982_improving-upon-standard-estimators`.",,PRIMARY
112,"Adjacent-field theory (round 4, 2026-09-12; §4.13)",4,Efron,2021,Resampling Plans and the Estimation of Prediction Error,Stats,10.3390/stats4040063,,,PRIMARY,reviewer-read,Efron_2021_resampling-plans-estimation-prediction,yes,,,"Efron (2021). Resampling Plans and the Estimation of Prediction Error. *Stats* 4(4). doi:10.3390/stats4040063 — **PRIMARY**, reviewer-read (§4, eqs. 64–77 and 90; the author's restatement of the 2004 Optimism Theorem and its assumptions). Filed `Efron_2021_resampling-plans-estimation-prediction` (author's page).",,PRIMARY
113,"Adjacent-field theory (round 4, 2026-09-12; §4.13)",4,Batson & Royer,2019,Noise2Self,,,,1901.11365,PRIMARY,,,yes,,,"Batson & Royer (2019). Noise2Self. arXiv:1901.11365 — **PRIMARY** (round 3); filed this round `Batson_2019_noise2self-blind-denoising-self`, not re-read.",,PRIMARY
114,"Adjacent-field theory (round 4, 2026-09-12; §4.13)",4,"Valavi, Elith, Lahoz-Monfort & Guillera-Arroita",2018,blockCV: an R package for generating spatially or environmentally separated folds for k-fold cross-validation of species distribution models,,,,,PRIMARY,reviewer-read,Valavi_2018_blockcv-r-package-generating-spatially,yes,,,"Valavi, Elith, Lahoz-Monfort & Guillera-Arroita (2018). blockCV: an R package for generating spatially or environmentally separated folds for k-fold cross-validation of species distribution models. bioRxiv 357798 (published *Methods Ecol. Evol.* 2019) — **PRIMARY**, reviewer-read (block-size section",,PRIMARY
115,"Adjacent-field theory (round 4, 2026-09-12; §4.13)",4,"Broaddus, Krull, Weigert, Schmidt & Myers",2020,Removing Structured Noise with Self-Supervised Blind-Spot Networks,IEEE ISBI 2020,,,,ABSTRACT,,,yes,,,"Broaddus, Krull, Weigert, Schmidt & Myers (2020). Removing Structured Noise with Self-Supervised Blind-Spot Networks. *IEEE ISBI 2020* — **ABSTRACT** (no OA PDF resolved: EPFL Infoscience record JS-only).",191,PRIMARY
116,"Adjacent-field theory (round 4, 2026-09-12; §4.13)",4,Roberts et al.,2017,"Cross-validation strategies for data with temporal, spatial, hierarchical, or phylogenetic structure",Ecography,,,,METADATA,,,no,,,"Roberts et al. (2017). Cross-validation strategies for data with temporal, spatial, hierarchical, or phylogenetic structure. *Ecography* 40(8) — **METADATA** (closed).",,METADATA
117,"Adjacent-field theory (round 4, 2026-09-12; §4.13)",4,Conley,1999,GMM estimation with cross sectional dependence,J. Econometrics,,,,METADATA,,,no,,,Conley (1999). GMM estimation with cross sectional dependence. *J. Econometrics* 92(1) — **METADATA** (closed).,,METADATA
118,"Adjacent-field theory (round 4, 2026-09-12; §4.13)",4,Chan & Esedoglu,2005,Aspects of Total Variation Regularized L¹ Function Approximation,SIAM J. Appl. Math.,,,,PRIMARY,reviewer-read,Chan_2005_aspects-total-variation-regularized-l,yes,,,"Chan & Esedoglu (2005). Aspects of Total Variation Regularized L¹ Function Approximation. *SIAM J. Appl. Math.* 65(5):1817–1837 — **PRIMARY**, reviewer-read (§3 disc example) from UCLA CAM report 04-07. Filed `Chan_2005_aspects-total-variation-regularized-l`.",,PRIMARY
119,"Adjacent-field theory (round 4, 2026-09-12; §4.13)",4,"Duval, Aujol & Gousseau",2009,The TVL1 Model: A Geometric Point of View,Multiscale Model. Simul.,,,,PRIMARY,reviewer-read,Duval_2009_tvl1-model-geometric-point-view,yes,,,"Duval, Aujol & Gousseau (2009). The TVL1 Model: A Geometric Point of View. *Multiscale Model. Simul.* 8(1):154–189; HAL hal-00380195 — **PRIMARY**, reviewer-read (abstract, §5.1, Thm 3.6). Filed `Duval_2009_tvl1-model-geometric-point-view`.",,PRIMARY
120,"Adjacent-field theory (round 4, 2026-09-12; §4.13)",4,Vixie,2007,Some properties of minimizers for the Chan-Esedoglu L1TV functional,,,,0710.3980,PRIMARY,reviewer-read,Vixie_2007_some-properties-minimizers-chan-esedoglu,yes,,,"Vixie (2007). Some properties of minimizers for the Chan-Esedoglu L1TV functional. arXiv:0710.3980 — **PRIMARY**, reviewer-read (p. 13 as page image; the text layer drops symbols). Filed `Vixie_2007_some-properties-minimizers-chan-esedoglu`.",,PRIMARY
121,"Adjacent-field theory (round 4, 2026-09-12; §4.13)",4,Allard,2007,Total variation regularization for image denoising; I,,,,,METADATA,obtained-unread,Allard_2007_total-variation-regularization-image,yes,,,"Allard (2007). Total variation regularization for image denoising; I. Geometric Theory. *SIAM J. Math. Anal.* — **METADATA** (via Vixie's reference list; not located OA). **Obtained 2026-09-12 (acquisition pass), header-verified, unread by the reviewer — grade unchanged until read. Filed `Allard_200",,METADATA
122,"Adjacent-field theory (round 4, 2026-09-12; §4.13)",4,"Bellettini, Caselles & Novaga",2002,The Total Variation Flow in R^N,J. Differential Equations,,,,UNREADABLE,,Bellettini_2002_total-variation-flow,yes,,,"Bellettini, Caselles & Novaga (2002). The Total Variation Flow in R^N. *J. Differential Equations* 184(2):475–525 — **UNREADABLE** at round 4 (the `.txt` extract was garbled under `pdftotext` and `pypdf`; the PDF itself is byte-identical to the clean copy). Filed `Bellettini_2002_total-variation-flow` (duplicate PDF quarantined, merged 2026-09-13).",193,UNREADABLE
123,"Adjacent-field theory (round 4, 2026-09-12; §4.13)",4,Kolmogorov & Boykov,2005,"What Metrics Can Be Approximated by Geo-Cuts, or Global Optimization of Length/Area and Flux",ICCV 2005,,,,PRIMARY,searcher-read,Kolmogorov_2005_what-metrics-can-be-approximated,yes,,,"Kolmogorov & Boykov (2005). What Metrics Can Be Approximated by Geo-Cuts, or Global Optimization of Length/Area and Flux. *ICCV 2005* — **PRIMARY**, searcher-read (negative: no closed-form flip threshold). Filed `Kolmogorov_2005_what-metrics-can-be-approximated`.",,PRIMARY
124,"Adjacent-field theory (round 4, 2026-09-12; §4.13)",4,Krähenbühl & Koltun,2011,— **PRIMARY** (round 3); re-filed `Krahenbuhl_2011_efficient-inference-fully-connected`; searcher grep for an erasure result: none.,,,,,PRIMARY,,Krahenbuhl_2011_efficient-inference-fully-connected,yes,,,Krähenbühl & Koltun (2011) — **PRIMARY** (round 3); re-filed `Krahenbuhl_2011_efficient-inference-fully-connected`; searcher grep for an erasure result: none.,,PRIMARY
125,"Adjacent-field theory (round 4, 2026-09-12; §4.13)",4,Vincent,1993,"Grayscale area openings and closings, their efficient implementation and applications",Proc. Mathematical Morphology and its Applications to Signal Processing,,,,METADATA,obtained-unread,Vincent_1993_grayscale-area-openings-closings,yes,,,"Vincent (1993). Grayscale area openings and closings, their efficient implementation and applications. *Proc. Mathematical Morphology and its Applications to Signal Processing* — **METADATA**. **Obtained 2026-09-12 (acquisition pass), header-verified, unread by the reviewer — grade unchanged until r",,METADATA
126,"Adjacent-field theory (round 4, 2026-09-12; §4.13)",4,Gallagher & Wise,1981,A theoretical analysis of the properties of median filters,"IEEE Trans. Acoustics, Speech, and Signal Processing",10.1109/TASSP.1981.1163708,,,PRIMARY,reviewer-read,Gallagher_1981_theoretical-analysis-properties,yes,,,"Gallagher & Wise (1981). A theoretical analysis of the properties of median filters. *IEEE Trans. Acoustics, Speech, and Signal Processing* 29(6). doi:10.1109/TASSP.1981.1163708 — **PRIMARY**, reviewer-read (Theorem I and definitions). Filed `Gallagher_1981_theoretical-analysis-properties` (Sci-Hub).",,PRIMARY
127,"Adjacent-field theory (round 4, 2026-09-12; §4.13)",4,Maragos,1989,[pattern spectrum; title not captured] — **METADATA**,,,,,METADATA,obtained-unread,Maragos_1989_pattern-spectrum-multiscale-shape,yes,,,"Maragos (1989). [pattern spectrum; title not captured] — **METADATA**. **Obtained 2026-09-12 (acquisition pass), header-verified, unread by the reviewer — grade unchanged until read. Filed `Maragos_1989_pattern-spectrum-multiscale-shape`.**",,METADATA
128,"Adjacent-field theory (round 4, 2026-09-12; §4.13)",4,Baddeley & Turner,2005,spatstat: An R Package for Analyzing Spatial Point Patterns,J. Stat. Software,10.18637/jss.v012.i06,,,PRIMARY,reviewer-read,Baddeley_2005_spatstat-r-package-analyzing-spatial,yes,,,"Baddeley & Turner (2005). spatstat: An R Package for Analyzing Spatial Point Patterns. *J. Stat. Software* 12(6). doi:10.18637/jss.v012.i06 — **PRIMARY**, reviewer-read (fitting method; canonical vs irregular parameters). Filed `Baddeley_2005_spatstat-r-package-analyzing-spatial`.",,PRIMARY
129,"Adjacent-field theory (round 4, 2026-09-12; §4.13)",4,"Hilbert, Roman et al.",2019,Urban Tree Mortality: A Literature Review,Arboriculture & Urban Forestry,10.48044/jauf.2019.015,,,PRIMARY,reviewer-read,Hilbert_2019_urban-tree-mortality-literature-review,yes,,,"Hilbert, Roman et al. (2019). Urban Tree Mortality: A Literature Review. *Arboriculture & Urban Forestry* 45(5):167–200. doi:10.48044/jauf.2019.015 — **PRIMARY**, reviewer-read (the permitting-data sentence). Filed `Hilbert_2019_urban-tree-mortality-literature-review`.",,PRIMARY
130,"Adjacent-field theory (round 4, 2026-09-12; §4.13)",4,"Hauer, Miller & Ouimet",1994,Street Tree Decline and Construction Damage,J. Arboriculture,,,,PRIMARY,searcher-read,Hauer_1994_street-tree-decline-construction-damage,yes,,,"Hauer, Miller & Ouimet (1994). Street Tree Decline and Construction Damage. *J. Arboriculture* 20(2):94–97 — **PRIMARY**, searcher-read. Filed `Hauer_1994_street-tree-decline-construction-damage`.",,PRIMARY
131,"Adjacent-field theory (round 4, 2026-09-12; §4.13)",4,"Hughes, Guttorp & Charles",1999,A Non-Homogeneous Hidden Markov Model for Precipitation Occurrence,J. R. Stat. Soc. C,10.1111/1467-9876.00136,,,PRIMARY,reviewer-read,Hughes_1999_non-homogeneous-hidden-markov-model,yes,,,"Hughes, Guttorp & Charles (1999). A Non-Homogeneous Hidden Markov Model for Precipitation Occurrence. *J. R. Stat. Soc. C* 48(1):15–30. doi:10.1111/1467-9876.00136 — **PRIMARY**, reviewer-read (transition parameterisation). Filed `Hughes_1999_non-homogeneous-hidden-markov-model`.",,PRIMARY
132,"Adjacent-field theory (round 4, 2026-09-12; §4.13)",4,"Warfield, Zou & Wells",2004,Simultaneous Truth and Performance Level Estimation (STAPLE),IEEE Trans. Med. Imaging,,,,ABSTRACT,,,yes,,,"Warfield, Zou & Wells (2004). Simultaneous Truth and Performance Level Estimation (STAPLE). *IEEE Trans. Med. Imaging* 23(7):903–921 — **ABSTRACT** (PMC1283110, proof-of-work gated).",,ABSTRACT
133,"Adjacent-field theory (round 4, 2026-09-12; §4.13)",4,"Verburg, de Nijs, Ritsema van Eck, Visser & de Jong",2004,A method to analyse neighbourhood characteristics of land use patterns,Comput. Environ. Urban Syst.,10.1016/j.compenvurbsys.2003.07.001,,,PRIMARY,reviewer-read,Verburg_2004_method-analyse-neighbourhood,yes,,,"Verburg, de Nijs, Ritsema van Eck, Visser & de Jong (2004). A method to analyse neighbourhood characteristics of land use patterns. *Comput. Environ. Urban Syst.* 28(6):667–690. doi:10.1016/j.compenvurbsys.2003.07.001 — **PRIMARY**, reviewer-read (§2.1, the enrichment-factor definition). Filed `Verb",,PRIMARY
134,"Adjacent-field theory (round 4, 2026-09-12; §4.13)",4,Steenberg et al.,2017,— **METADATA** (named by Hilbert et al,,,,,METADATA,,,yes,,,Steenberg et al. (2017) — **METADATA** (named by Hilbert et al. 2019 for permitting data; not located by title).,,METADATA
135,"Adjacent-field theory (round 4, 2026-09-12; §4.13)",4,"Roman, Fristensky, Lundgren, Cerwinka & Lubar",2022,Construction and Proactive Management Led to Tree Removals on an Urban College Campus,Forests,10.3390/f13060871,,,METADATA,obtained-unread,Roman_2022_construction-proactive-management-led,yes,,,"Roman, Fristensky, Lundgren, Cerwinka & Lubar (2022). Construction and Proactive Management Led to Tree Removals on an Urban College Campus. *Forests* 13(6):871. doi:10.3390/f13060871 — **METADATA** (MDPI 403). **Obtained 2026-09-12 (acquisition pass), header-verified, unread by the reviewer — grade",155,ABSTRACT
136,"Adjacent-field theory (round 4, 2026-09-12; §4.13)",4,,,"Zucchini, MacDonald & Langrock",Hidden Markov Models for Time Series,,,,METADATA,,,no,,,"Zucchini, MacDonald & Langrock. *Hidden Markov Models for Time Series* (CRC) — **METADATA** (book).",,METADATA
137,"Adjacent-field theory (round 5, 2026-09-12; §4.14)",5,Bell & Hinojosa,1977,Markov analysis of land use change: Continuous time and stationary processes,Socio-Economic Planning Sciences,10.1016/0038-0121(77,,,PRIMARY,reviewer-read,Bell_1977_markov-analysis-land-use-change,yes,,,"Bell & Hinojosa (1977). Markov analysis of land use change: Continuous time and stationary processes. *Socio-Economic Planning Sciences* 11(1):13–17. doi:10.1016/0038-0121(77)90041-6 — **PRIMARY**, reviewer-read. Filed `Bell_1977_markov-analysis-land-use-change`.",,PRIMARY
138,"Adjacent-field theory (round 5, 2026-09-12; §4.14)",5,Anderson & Goodman,1957,Statistical Inference about Markov Chains,Ann. Math. Statist.,10.1214/aoms/1177707039,,,PRIMARY,reviewer-read,Anderson_1957_statistical-inference-about-markov,yes,,,"Anderson & Goodman (1957). Statistical Inference about Markov Chains. *Ann. Math. Statist.* 28(1):89–. doi:10.1214/aoms/1177707039 — **PRIMARY**, reviewer-read as page images pp. 89–91 (scan, no text layer). Filed `Anderson_1957_statistical-inference-about-markov`.",,PRIMARY
139,"Adjacent-field theory (round 5, 2026-09-12; §4.14)",5,"Takada, Miyamoto & Hasegawa",2010,Derivation of a yearly transition probability matrix for land-use dynamics and its applications,Landscape Ecology,10.1007/s10980-009-9433-x,,,METADATA,,,yes,,,"Takada, Miyamoto & Hasegawa (2010). Derivation of a yearly transition probability matrix for land-use dynamics and its applications. *Landscape Ecology* 25(4):561–572. doi:10.1007/s10980-009-9433-x — **METADATA** (closed; not in archive).",185,PRIMARY
140,"Adjacent-field theory (round 5, 2026-09-12; §4.14)",5,Hasegawa & Takada,2019,Probability of Deriving a Yearly Transition Probability Matrix for Land-Use Dynamics,Sustainability,10.3390/su11226355,,,ABSTRACT,obtained-unread,Hasegawa_2019_probability-deriving-yearly,yes,,,"Hasegawa & Takada (2019). Probability of Deriving a Yearly Transition Probability Matrix for Land-Use Dynamics. *Sustainability* 11(22):6355. doi:10.3390/su11226355 — **ABSTRACT** (MDPI 403; Hokkaido mirror unreachable). **Obtained 2026-09-12 (acquisition pass), header-verified, unread by the review",,ABSTRACT
141,"Adjacent-field theory (round 5, 2026-09-12; §4.14)",5,"Burnicki, Brown & Goovaerts",2007,Simulating error propagation in land-cover change analysis: the implications of temporal dependence,Comput. Environ. Urban Syst.,10.1016/j.compenvurbsys.2006.07.005,,,PRIMARY,reviewer-read,Burnicki_2007_simulating-error-propagation-land,yes,,,"Burnicki, Brown & Goovaerts (2007). Simulating error propagation in land-cover change analysis: the implications of temporal dependence. *Comput. Environ. Urban Syst.* 31(3):282–302. doi:10.1016/j.compenvurbsys.2006.07.005 — **PRIMARY**, reviewer-read (§5). Filed `Burnicki_2007_error_propagation_tem",,PRIMARY
142,"Adjacent-field theory (round 5, 2026-09-12; §4.14)",5,Burnicki,2011,Spatio-temporal errors in land-cover change analysis: implications for accuracy assessment,Int. J. Remote Sensing,10.1080/01431161.2010.524674,,,filed-unread,obtained-unread,Burnicki_2011_spatio-temporal-errors-land-cover,yes,,,"Burnicki (2011). Spatio-temporal errors in land-cover change analysis: implications for accuracy assessment. *Int. J. Remote Sensing* 32(22):7487–7512. doi:10.1080/01431161.2010.524674 — filed, unread (identity verified from the text header only; no grade until read). Filed `Burnicki_2011_spatiotemp",,filed-unread
143,"Adjacent-field theory (round 5, 2026-09-12; §4.14)",5,"Burnicki, Brown & Goovaerts",2010,*Int,,10.1080/13658810903279008,10.1007/s10980-012-9719-2,,METADATA,,,yes,,,"Burnicki, Brown & Goovaerts (2010). *Int. J. Geogr. Inf. Sci.* 24(7). doi:10.1080/13658810903279008 — **METADATA**. Burnicki (2012). *Landscape Ecology*. doi:10.1007/s10980-012-9719-2 — **METADATA**.",201,ABSTRACT
144,"Adjacent-field theory (round 5, 2026-09-12; §4.14)",5,Geyer & Thompson,1992,Constrained Monte Carlo Maximum Likelihood for Dependent Data,J. R. Stat. Soc. B,10.1111/j.2517-6161.1992.tb01443.x,,,PRIMARY,reviewer-read,Geyer_1992_constrained-monte-carlo-maximum,yes,,,"Geyer & Thompson (1992). Constrained Monte Carlo Maximum Likelihood for Dependent Data. *J. R. Stat. Soc. B* 54(3):657–699. doi:10.1111/j.2517-6161.1992.tb01443.x — **PRIMARY**, reviewer-read (abstract and the normalising-constant passages). Filed `Geyer_1992_constrained-monte-carlo-maximum`.",,PRIMARY
145,"Adjacent-field theory (round 5, 2026-09-12; §4.14)",5,Besag,1974,Spatial Interaction and the Statistical Analysis of Lattice Systems,J. R. Stat. Soc. B,10.1111/j.2517-6161.1974.tb00999.x,,,METADATA,,,yes,,,Besag (1974). Spatial Interaction and the Statistical Analysis of Lattice Systems. *J. R. Stat. Soc. B* 36(2). doi:10.1111/j.2517-6161.1974.tb00999.x — **METADATA** (closed; not in archive).,184,PRIMARY
146,"Adjacent-field theory (round 5, 2026-09-12; §4.14)",5,Wolters & Dean,2017,Classification of Large-Scale Remote Sensing Images for Automatic Identification of Health Hazards,Statistics in Biosciences,10.1007/s12561-016-9185-5,,,PRIMARY,searcher-read,Wolters_2017a_classification-large-scale-remote,yes,,,"Wolters & Dean (2017). Classification of Large-Scale Remote Sensing Images for Automatic Identification of Health Hazards. *Statistics in Biosciences* 9. doi:10.1007/s12561-016-9185-5 — **PRIMARY**, searcher-read. Filed `Wolters_2017a_classification-large-scale-remote`.",,PRIMARY
147,"Adjacent-field theory (round 5, 2026-09-12; §4.14)",5,Wolters,2017,Better Autologistic Regression,Frontiers Appl. Math. Stat.,10.3389/fams.2017.00024,,,PRIMARY,searcher-read,Wolters_2017b_better-autologistic-regression,yes,,,"Wolters (2017). Better Autologistic Regression. *Frontiers Appl. Math. Stat.* 3:24. doi:10.3389/fams.2017.00024 — **PRIMARY**, searcher-read. Filed `Wolters_2017b_better-autologistic-regression`.",,PRIMARY
148,"Adjacent-field theory (round 5, 2026-09-12; §4.14)",5,Efron,2021,— see the round-4 block (§4.13.1).,,,,,,,,yes,,,Efron (2021) — see the round-4 block (§4.13.1).,,
149,"Adjacent-field theory (round 5, 2026-09-12; §4.14)",5,"Steenberg, Robinson & Millward",2017,The influence of building renovation and rental housing on urban trees,J. Environ. Planning & Management,10.1080/09640568.2017.1326883,,,ABSTRACT,,,yes,,,"Steenberg, Robinson & Millward (2017). The influence of building renovation and rental housing on urban trees. *J. Environ. Planning & Management* 61(3):553–567. doi:10.1080/09640568.2017.1326883 — **ABSTRACT** (closed; not in archive).",189,PRIMARY
150,"Adjacent-field theory (round 5, 2026-09-12; §4.14)",5,"Steenberg, Robinson & Duinker",2018,*Environment and Planning B*,,10.1177/2399808317752927,,,METADATA,,,yes,,,"Steenberg, Robinson & Duinker (2018). *Environment and Planning B*. doi:10.1177/2399808317752927 — **METADATA**.",196,PRIMARY
151,"Adjacent-field theory (round 5, 2026-09-12; §4.14)",5,"Guo, Morgenroth & Conway",2018,Redeveloping the urban forest: The effect of redevelopment and property-scale variables on tree removal and retention,Urban Forestry & Urban Greening,10.1016/j.ufug.2018.08.012,,,ABSTRACT,,,yes,,,"Guo, Morgenroth & Conway (2018). Redeveloping the urban forest: The effect of redevelopment and property-scale variables on tree removal and retention. *Urban Forestry & Urban Greening*. doi:10.1016/j.ufug.2018.08.012 — **ABSTRACT**.",190,PRIMARY
152,"Adjacent-field theory (round 5, 2026-09-12; §4.14)",5,"Guo, Morgenroth, Conway & Xu",2019,"City-wide canopy cover decline due to residential property redevelopment in Christchurch, New Zealand",Sci. Total Environ.,10.1016/j.scitotenv.2019.05.122,,,ABSTRACT,,,yes,,,"Guo, Morgenroth, Conway & Xu (2019). City-wide canopy cover decline due to residential property redevelopment in Christchurch, New Zealand. *Sci. Total Environ.* doi:10.1016/j.scitotenv.2019.05.122 — **ABSTRACT**.",195,PRIMARY
153,"Adjacent-field theory (round 5, 2026-09-12; §4.14)",5,"Morgenroth, O'Neil-Dunne & Apiolaza",2017,Redevelopment and the urban forest: A study of tree removal and retention during demolition activities,Applied Geography,10.1016/j.apgeog.2017.02.011,,,METADATA,,,yes,,,"Morgenroth, O'Neil-Dunne & Apiolaza (2017). Redevelopment and the urban forest: A study of tree removal and retention during demolition activities. *Applied Geography*. doi:10.1016/j.apgeog.2017.02.011 — **METADATA** (numbers via Hilbert et al. 2019's table).",194,PRIMARY
154,"Adjacent-field theory (round 5, 2026-09-12; §4.14)",5,"Conway, Khatib, Tetreult & Almas",2022,"A Private Tree By-Law's Contribution to Maintaining a Diverse Urban Forest: Exploring Homeowners' Replanting Compliance and the Role of Construction Activities in Toronto, Canada",Arboriculture & Urban Forestry,10.48044/jauf.2022.002,,,PRIMARY,reviewer-read,Conway_2022_private-tree-law-s-contribution,yes,,,"Conway, Khatib, Tetreult & Almas (2022). A Private Tree By-Law's Contribution to Maintaining a Diverse Urban Forest: Exploring Homeowners' Replanting Compliance and the Role of Construction Activities in Toronto, Canada. *Arboriculture & Urban Forestry* 48(2). doi:10.48044/jauf.2022.002 — **PRIMARY*",,PRIMARY
155,"Adjacent-field theory (round 5, 2026-09-12; §4.14)",5,"Roman, Fristensky, Lundgren, Cerwinka & Lubar",2022,Construction and Proactive Management Led to Tree Removals on an Urban College Campus,Forests,10.3390/f13060871,,,ABSTRACT,,,yes,,,"Roman, Fristensky, Lundgren, Cerwinka & Lubar (2022). Construction and Proactive Management Led to Tree Removals on an Urban College Campus. *Forests* 13(6):871. doi:10.3390/f13060871 — **ABSTRACT** (MDPI 403).",,ABSTRACT
156,"Adjacent-field theory (round 5, 2026-09-12; §4.14)",5,"Ock, Shandas, Ribeiro & Young",2024,"Drivers of Tree Canopy Loss in a Mid-Sized Growing City: Case Study in Portland, OR (USA)",Sustainability,10.3390/su16051803,,,ABSTRACT,obtained-unread,Ock_2024_drivers-tree-canopy-loss-mid,yes,,,"Ock, Shandas, Ribeiro & Young (2024). Drivers of Tree Canopy Loss in a Mid-Sized Growing City: Case Study in Portland, OR (USA). *Sustainability* 16(5):1803. doi:10.3390/su16051803 — **ABSTRACT** (MDPI 403). **Obtained 2026-09-12 (acquisition pass), header-verified, unread by the reviewer — grade un",,ABSTRACT
157,"Adjacent-field theory (round 5, 2026-09-12; §4.14)",5,Pedley & Morgenroth,2025,*Sustainable Cities and Society*,,10.1016/j.scs.2025.106678,10.1016/j.landurbplan.2024.105187,,METADATA,obtained-unread,Locke_2025_sub-parcel-scale-analysis-needed,yes,,yes,"Pedley & Morgenroth (2025). *Sustainable Cities and Society*. doi:10.1016/j.scs.2025.106678 — **METADATA**. Locke, Ossola, Schmit & Grove (2024). *Landscape and Urban Planning*. doi:10.1016/j.landurbplan.2024.105187 — **METADATA**. **Obtained 2026-09-12 (acquisition pass), header-verified, unread by",35,PRIMARY
158,"Adjacent-field theory (round 5, 2026-09-12; §4.14)",5,Hilbert et al.,2019,", Hauer et al",,,,,,,,no,,,"Hilbert et al. (2019), Hauer et al. (1994) — round-4 block; re-read this round.",,
159,"Adjacent-field theory (round 5, 2026-09-12; §4.14)",5,"Girard, Charpiat & Tarabalka",2019a,Noisy Supervision for Correcting Misaligned Cadaster Maps Without Perfect Ground Truth Data,IGARSS 2019,10.1109/igarss.2019.8898071,,1903.06529,PRIMARY,reviewer-read,Girard_2019b_noisy-supervision-correcting,yes,,,"Girard, Charpiat & Tarabalka (2019a). Noisy Supervision for Correcting Misaligned Cadaster Maps Without Perfect Ground Truth Data. *IGARSS 2019*; arXiv:1903.06529. doi:10.1109/igarss.2019.8898071 — **PRIMARY**, reviewer-read (model paragraph). Filed `Girard_2019b_noisy-supervision-correcting`.",,PRIMARY
160,"Adjacent-field theory (round 5, 2026-09-12; §4.14)",5,"Vargas-Muñoz, Chiang, Tuia et al.",2019,Correcting rural building annotations in OpenStreetMap using convolutional neural networks,ISPRS J. Photogramm. Remote Sens.,10.1016/j.isprsjprs.2018.11.010,,1901.08190,PRIMARY,reviewer-read,VargasMunoz_2019_correcting-rural-building,yes,,,"Vargas-Muñoz, Chiang, Tuia et al. (2019). Correcting rural building annotations in OpenStreetMap using convolutional neural networks. *ISPRS J. Photogramm. Remote Sens.*; arXiv:1901.08190. doi:10.1016/j.isprsjprs.2018.11.010 — **PRIMARY**, reviewer-read (alignment section). Filed `VargasMunoz_2019_C",,PRIMARY
161,"Adjacent-field theory (round 5, 2026-09-12; §4.14)",5,"Girard, Charpiat & Tarabalka",2019b,"Aligning and Updating Cadaster Maps with Aerial Images by Multi-Task, Multi-Resolution Deep Learning",ACCV 2018 Workshops,10.1007/978-3-030-20873-8_43,,,PRIMARY,searcher-read,Girard_2019a_aligning-updating-cadaster-maps-aerial,yes,,,"Girard, Charpiat & Tarabalka (2019b). Aligning and Updating Cadaster Maps with Aerial Images by Multi-Task, Multi-Resolution Deep Learning. *ACCV 2018 Workshops*, LNCS. doi:10.1007/978-3-030-20873-8_43 — **PRIMARY**, searcher-read. Filed `Girard_2019a_aligning-updating-cadaster-maps-aerial`.",,PRIMARY
162,"Adjacent-field theory (round 5, 2026-09-12; §4.14)",5,"Zampieri, Charpiat, Girard & Tarabalka",2018,Multimodal Image Alignment Through a Multiscale Chain of Neural Networks with Application to Remote Sensing,ECCV 2018,10.1007/978-3-030-01270-0_40,,,PRIMARY,searcher-read,Zampieri_2018_multimodal-image-alignment-through,yes,,,"Zampieri, Charpiat, Girard & Tarabalka (2018). Multimodal Image Alignment Through a Multiscale Chain of Neural Networks with Application to Remote Sensing. *ECCV 2018*. doi:10.1007/978-3-030-01270-0_40 — **PRIMARY**, searcher-read. Filed `Zampieri_2018_multimodal-image-alignment-through`.",,PRIMARY
163,"Adjacent-field theory (round 5, 2026-09-12; §4.14)",5,"Kaiser, Wegner, Lucchi, Jaggi, Hofmann & Schindler",2017,Learning Aerial Image Segmentation From Online Maps,IEEE TGRS,10.1109/tgrs.2017.2719738,,1707.06879,PRIMARY,searcher-read,Kaiser_2017_learning-aerial-image-segmentation,yes,,,"Kaiser, Wegner, Lucchi, Jaggi, Hofmann & Schindler (2017). Learning Aerial Image Segmentation From Online Maps. *IEEE TGRS*; arXiv:1707.06879. doi:10.1109/tgrs.2017.2719738 — **PRIMARY**, searcher-read. Filed `Kaiser_2017_learning-aerial-image-segmentation`.",,PRIMARY
164,"Adjacent-field theory (round 5, 2026-09-12; §4.14)",5,"Le Folgoc, Delingette, Criminisi & Ayache",2017,Quantifying Registration Uncertainty With Sparse Bayesian Modelling,IEEE Trans. Med. Imaging,10.1109/tmi.2016.2623608,,,PRIMARY,searcher-read,LeFolgoc_2017_quantifying-registration-uncertainty,yes,,,"Le Folgoc, Delingette, Criminisi & Ayache (2017). Quantifying Registration Uncertainty With Sparse Bayesian Modelling. *IEEE Trans. Med. Imaging*. doi:10.1109/tmi.2016.2623608 — **PRIMARY**, searcher-read. Filed `LeFolgoc_2017_quantifying-registration-uncertainty`.",,PRIMARY
165,"Adjacent-field theory (round 5, 2026-09-12; §4.14)",5,"Parisot, Wells, Chemouny, Duffau & Paragios",2013,Uncertainty-Driven Efficiently-Sampled Sparse Graphical Models for Concurrent Tumor Segmentation and Atlas Registration,ICCV 2013,10.1109/iccv.2013.85,,,PRIMARY,searcher-read,Parisot_2013_uncertainty-driven-efficiently-sampled,yes,,,"Parisot, Wells, Chemouny, Duffau & Paragios (2013). Uncertainty-Driven Efficiently-Sampled Sparse Graphical Models for Concurrent Tumor Segmentation and Atlas Registration. *ICCV 2013*. doi:10.1109/iccv.2013.85 — **PRIMARY**, searcher-read. Filed `Parisot_2013_UncertaintyDrivenTumorSegAtlasRegistrat",,PRIMARY
166,"Adjacent-field theory (round 5, 2026-09-12; §4.14)",5,Dai & Khorram,1998,The Effects of Image Misregistration on the Accuracy of Remotely Sensed Change Detection,IEEE Trans. Geosci. Remote Sensing,10.1109/36.718860,10.1080/014311698213911,,PRIMARY,reviewer-read,Dai_1998a_effects-image-misregistration-accuracy,yes,,,"Dai & Khorram (1998). The Effects of Image Misregistration on the Accuracy of Remotely Sensed Change Detection. *IEEE Trans. Geosci. Remote Sensing* 36(5):1566–1577. doi:10.1109/36.718860 — **PRIMARY**, reviewer-read (§III–IV, Fig. 8 discussion, conclusions). Filed `DaiKhorram_1998_TGRS_misregistrat",,PRIMARY
167,"Adjacent-field theory (round 5, 2026-09-12; §4.14)",5,Risholm et al.,2011,*ISBI*,,10.1109/isbi.2011.5872467,,,METADATA,obtained-unread,Risholm_2011_probabilistic-non-rigid-registration,yes,,,"Risholm et al. (2011). *ISBI*. doi:10.1109/isbi.2011.5872467 — **METADATA** (PMC copy not served). **Obtained 2026-09-12 (acquisition pass), header-verified, unread by the reviewer — grade unchanged until read. Filed `Risholm_2011_probabilistic-non-rigid-registration`.**",,METADATA
168,"Adjacent-field theory (round 6, 2026-09-12; §4.15)",6,"Hood, Varner, van Mantgem & Cansler",2018,Fire and tree death: understanding and improving modeling of fire-induced tree mortality,Environ. Res. Lett.,10.1088/1748-9326/aae934,,,PRIMARY,reviewer-read,Hood_2018_fire-tree-death-understanding-improving,yes,,,"Hood, Varner, van Mantgem & Cansler (2018). Fire and tree death: understanding and improving modeling of fire-induced tree mortality. *Environ. Res. Lett.* 13:113004. doi:10.1088/1748-9326/aae934 — **PRIMARY**, reviewer-read. Filed `Hood_2018_fire-tree-death-understanding-improving`.",,PRIMARY
169,"Adjacent-field theory (round 6, 2026-09-12; §4.15)",6,"Reilly, Zuspan & Yang",2023,Characterizing postfire delayed tree mortality with remote sensing: sizing up the elephant in the room,Fire Ecology,10.1186/s42408-023-00223-1,,,PRIMARY,reviewer-read,Reilly_2023_characterizing-postfire-delayed-tree,yes,,,"Reilly, Zuspan & Yang (2023). Characterizing postfire delayed tree mortality with remote sensing: sizing up the elephant in the room. *Fire Ecology* 19:64. doi:10.1186/s42408-023-00223-1 — **PRIMARY**, reviewer-read. Filed `Reilly_2023_characterizing-postfire-delayed-tree`.",,PRIMARY
170,"Adjacent-field theory (round 6, 2026-09-12; §4.15)",6,"Barker, Gray & Fried",2022,The Effects of Crown Scorch on Post-fire Delayed Mortality Are Modified by Drought Exposure in California (USA),Fire,10.3390/fire5010021,,,ABSTRACT,obtained-unread,Barker_2022_effects-crown-scorch-post-fire,yes,,,"Barker, Gray & Fried (2022). The Effects of Crown Scorch on Post-fire Delayed Mortality Are Modified by Drought Exposure in California (USA). *Fire* 5(1):21. doi:10.3390/fire5010021 — **ABSTRACT** (MDPI 403). **Obtained 2026-09-12 (acquisition pass), header-verified, unread by the reviewer — grade u",,ABSTRACT
171,"Adjacent-field theory (round 6, 2026-09-12; §4.15)",6,"Laurance, Camargo, Luizão et al.",2011,The fate of Amazonian forest fragments: A 32-year investigation,Biol. Conserv.,10.1016/j.biocon.2010.09.021,,,PRIMARY,reviewer-read,Laurance_2011_fate-amazonian-forest-fragments-32,yes,,,"Laurance, Camargo, Luizão et al. (2011). The fate of Amazonian forest fragments: A 32-year investigation. *Biol. Conserv.* 144(1):56–67. doi:10.1016/j.biocon.2010.09.021 — **PRIMARY**, reviewer-read (edge-effects section). Filed `Laurance_2011_fate-amazonian-forest-fragments-32`.",,PRIMARY
172,"Adjacent-field theory (round 6, 2026-09-12; §4.15)",6,"D'Angelo, Andrade, Laurance, Fearnside & Laurance",2004,Inferred causes of tree mortality in fragmented and intact Amazonian forests,J. Trop. Ecol.,10.1017/s0266467403001032,,,PRIMARY,reviewer-read,DAngelo_2004_inferred-causes-tree-mortality,yes,,,"D'Angelo, Andrade, Laurance, Fearnside & Laurance (2004). Inferred causes of tree mortality in fragmented and intact Amazonian forests. *J. Trop. Ecol.* 20. doi:10.1017/s0266467403001032 — **PRIMARY**, reviewer-read. Filed `DAngelo_2004_inferred-causes-tree-mortality`.",,PRIMARY
173,"Adjacent-field theory (round 6, 2026-09-12; §4.15)",6,"Mesquita, Delamônica & Laurance",1999,Effect of surrounding vegetation on edge-related tree mortality in Amazonian forest fragments,Biol. Conserv.,10.1016/s0006-3207(99,,,PRIMARY,reviewer-read,Mesquita_1999_effect-surrounding-vegetation-edge,yes,,,"Mesquita, Delamônica & Laurance (1999). Effect of surrounding vegetation on edge-related tree mortality in Amazonian forest fragments. *Biol. Conserv.* 91(2–3):129–134. doi:10.1016/s0006-3207(99)00086-5 — **PRIMARY**, reviewer-read. Filed `Mesquita_1999_effect-surrounding-vegetation-edge`.",,PRIMARY
174,"Adjacent-field theory (round 6, 2026-09-12; §4.15)",6,"Laurance, W.F., Ferreira, L.V., Rankin-de Merona, J.M. & Laurance, S.G.",1998,Rain forest fragmentation and the dynamics of Amazonian tree communities,Ecology,10.1890/0012-9658(1998,,,filed-unread,obtained-unread,Laurance_1998_rain-forest-fragmentation-dynamics,yes,,,"Laurance, W.F., Ferreira, L.V., Rankin-de Merona, J.M. & Laurance, S.G. (1998). Rain forest fragmentation and the dynamics of Amazonian tree communities. *Ecology* 79(6):2032–2040. doi:10.1890/0012-9658(1998)079[2032:RFFATD]2.0.CO;2 — resolved from Mesquita et al. 1999's reference list via Crossref ",,filed-unread
175,"Adjacent-field theory (round 6, 2026-09-12; §4.15)",6,Leung & Yan,1997,Point-in-Polygon Analysis Under Certainty and Uncertainty,GeoInformatica,10.1023/A:1009764319102,,,PRIMARY,reviewer-read,Leung_1997_point-polygon-analysis-certainty,yes,,,"Leung & Yan (1997). Point-in-Polygon Analysis Under Certainty and Uncertainty. *GeoInformatica* 1. doi:10.1023/A:1009764319102 — **PRIMARY**, reviewer-read (§2.2, Case 3). Filed `Leung_1997_point-polygon-analysis-certainty`.",,PRIMARY
176,"Adjacent-field theory (round 6, 2026-09-12; §4.15)",6,Chrisman,1982,A theory of cartographic error and its measurement in digital data bases,Proc. Auto-Carto 5,,,,PRIMARY,searcher-read,Chrisman_1982_theory-cartographic-error-measurement,yes,,,"Chrisman (1982). A theory of cartographic error and its measurement in digital data bases. *Proc. Auto-Carto 5*:159–168 (no DOI) — **PRIMARY**, searcher-read. Filed `Chrisman_1982_theory-cartographic-error-measurement`.",207,PRIMARY
177,"Adjacent-field theory (round 6, 2026-09-12; §4.15)",6,Goodchild & Hunter,1997,A simple positional accuracy measure for linear features,Int. J. GIS,10.1080/136588197242419,,,PRIMARY,searcher-read,Goodchild_1997_simple-positional-accuracy-measure,yes,,,"Goodchild & Hunter (1997). A simple positional accuracy measure for linear features. *Int. J. GIS* 11(3):299–306. doi:10.1080/136588197242419 — **PRIMARY**, searcher-read (scan, no text layer; visual). Filed `Goodchild_1997_simple-positional-accuracy-measure`.",,PRIMARY
178,"Adjacent-field theory (round 6, 2026-09-12; §4.15)",6,"Townshend, Justice, Gurney & McManus",1992,The impact of misregistration on change detection,IEEE Trans. Geosci. Remote Sensing,10.1109/36.175340,,,PRIMARY,reviewer-read,Townshend_1992_impact-misregistration-change,yes,,,"Townshend, Justice, Gurney & McManus (1992). The impact of misregistration on change detection. *IEEE Trans. Geosci. Remote Sensing* 30(5):1054–1060. doi:10.1109/36.175340 — **PRIMARY**, reviewer-read. Filed `Townshend_1992_impact-misregistration-change`.",,PRIMARY
179,"Adjacent-field theory (round 6, 2026-09-12; §4.15)",6,Verbyla & Boles,2000,Bias in land cover change estimates due to misregistration,Int. J. Remote Sensing,10.1080/014311600750037570,,,PRIMARY,reviewer-read,Verbyla_2000_bias-land-cover-change-estimates,yes,,,"Verbyla & Boles (2000). Bias in land cover change estimates due to misregistration. *Int. J. Remote Sensing* 21(18):3553–3560. doi:10.1080/014311600750037570 — **PRIMARY**, reviewer-read. Filed `Verbyla_2000_bias-land-cover-change-estimates`.",,PRIMARY
180,"Adjacent-field theory (round 6, 2026-09-12; §4.15)",6,"Salas, Boles, Frolking, Xiao & Li",2003,The perimeter/area ratio as an index of misregistration bias in land cover change estimates,Int. J. Remote Sensing,10.1080/0143116021000044841,,,PRIMARY,reviewer-read,Salas_2003_perimeter-area-ratio-as-index,yes,,,"Salas, Boles, Frolking, Xiao & Li (2003). The perimeter/area ratio as an index of misregistration bias in land cover change estimates. *Int. J. Remote Sensing* 24(5):1165–1170. doi:10.1080/0143116021000044841 — **PRIMARY**, reviewer-read in full (archive copy located by Kam). Filed `Salas_2003_perim",,PRIMARY
181,"Adjacent-field theory (round 6, 2026-09-12; §4.15)",6,Goodchild,2004,A general framework for error analysis in measurement-based GIS [editorial introduction to the series],J. Geogr. Syst.,10.1007/s10109-004-0140-5,,,PRIMARY,reviewer-read,Goodchild_2004_general-framework-error-analysis,yes,,,"Goodchild (2004). A general framework for error analysis in measurement-based GIS [editorial introduction to the series]. *J. Geogr. Syst.* 6:323–324. doi:10.1007/s10109-004-0140-5 — **PRIMARY**, reviewer-read (no formulas; framing only). Filed `Goodchild_2004_JGS_editorial_intro_measurement_based_G",,PRIMARY
182,"Adjacent-field theory (round 6, 2026-09-12; §4.15)",6,Shi,1998,A generic statistical approach for modelling error of geometric features in GIS,Int. J. GIS,10.1080/136588198241923,10.1080/136588198241699;10.1080/136588100240958;10.1007/s10109-004-0140-5;10.1109/36.851783;10.1080/014311699212137;10.14358/pers.73.4.375,,METADATA,,,yes,,yes,Shi (1998). A generic statistical approach for modelling error of geometric features in GIS. *Int. J. GIS* 12(2):131–143. doi:10.1080/136588198241923 — **METADATA**. Leung & Yan (1998). *Int. J. GIS* 12(4). doi:10.1080/136588198241699 — **METADATA**. Shi & Liu (2000). *Int. J. GIS* 14(1). doi:10.108,188,PRIMARY
183,"Round 7 (2026-09-12; §4.16) — previously closed items, obtained and read",7,Efron,2004,The Estimation of Prediction Error: Covariance Penalties and Cross-Validation,JASA,10.1198/016214504000000692,,,PRIMARY,reviewer-read,Efron_2004_estimation-prediction-error-covariance,yes,,,"Efron (2004). The Estimation of Prediction Error: Covariance Penalties and Cross-Validation. *JASA* 99(467):619–632. doi:10.1198/016214504000000692 — **PRIMARY**, reviewer-read (§§2–3, eqs. 3.6–3.23). Filed `Efron_2004_estimation-prediction-error-covariance`.",,PRIMARY
184,"Round 7 (2026-09-12; §4.16) — previously closed items, obtained and read",7,Besag,1974,Spatial Interaction and the Statistical Analysis of Lattice Systems,J. R. Stat. Soc. B,10.1111/j.2517-6161.1974.tb00999.x,,,PRIMARY,reviewer-read,Besag_1974_spatial-interaction-statistical-analysis,yes,,,"Besag (1974). Spatial Interaction and the Statistical Analysis of Lattice Systems. *J. R. Stat. Soc. B* 36(2):192–. doi:10.1111/j.2517-6161.1974.tb00999.x — **PRIMARY**, reviewer-read (§4 eq. 4.8, §6.1). Filed `Besag_1974_spatial-interaction-statistical-analysis`.",,PRIMARY
185,"Round 7 (2026-09-12; §4.16) — previously closed items, obtained and read",7,"Takada, Miyamoto & Hasegawa",2010,Derivation of a yearly transition probability matrix for land-use dynamics and its applications,Landscape Ecology,10.1007/s10980-009-9433-x,,,PRIMARY,reviewer-read,Takada_2010_derivation-yearly-transition,yes,,,"Takada, Miyamoto & Hasegawa (2010). Derivation of a yearly transition probability matrix for land-use dynamics and its applications. *Landscape Ecology* 25(4):561–572. doi:10.1007/s10980-009-9433-x — **PRIMARY**, reviewer-read (Methods; Result, first difficulty). Filed `Takada_2010_yearly_transition",,PRIMARY
186,"Round 7 (2026-09-12; §4.16) — previously closed items, obtained and read",7,"Leung, Ma & Goodchild",2004,A general framework for error analysis in measurement-based GIS Part 2: The algebra-based probability model for point-in-polygon analysis,J. Geogr. Syst.,10.1007/s10109-004-0142-3,,,PRIMARY,reviewer-read,Leung_2004a_general-framework-error-analysis,yes,,,"Leung, Ma & Goodchild (2004). A general framework for error analysis in measurement-based GIS Part 2: The algebra-based probability model for point-in-polygon analysis. *J. Geogr. Syst.* 6(4):355–379. doi:10.1007/s10109-004-0142-3 — **PRIMARY**, reviewer-read (introduction, §§3–6). Filed `LeungMaGoo",,PRIMARY
187,"Round 7 (2026-09-12; §4.16) — previously closed items, obtained and read",7,"Leung, Ma & Goodchild",2004,… Part 4: Error analysis in length and area measurements,J. Geogr. Syst.,10.1007/s10109-004-0144-1,,,ABSTRACT,reviewer-read,Leung_2004b_part-4-error-analysis-length,yes,,,"Leung, Ma & Goodchild (2004). … Part 4: Error analysis in length and area measurements. *J. Geogr. Syst.* 6(4):403–428. doi:10.1007/s10109-004-0144-1 — **ABSTRACT**, reviewer-read abstract in round 8 (body unread; nothing cited). Filed `Leung_2004b_part-4-error-analysis-length`.",,ABSTRACT
188,"Round 7 (2026-09-12; §4.16) — previously closed items, obtained and read",7,Shi,1998,A generic statistical approach for modelling error of geometric features in GIS,Int. J. GIS,10.1080/136588198241923,,,PRIMARY,reviewer-read,Shi_1998_generic-statistical-approach-modelling,yes,,,"Shi (1998). A generic statistical approach for modelling error of geometric features in GIS. *Int. J. GIS* 12(2):131–143. doi:10.1080/136588198241923 — **PRIMARY**, reviewer-read (§§1–3). Filed `Shi_1998_generic-statistical-approach-modelling`.",,PRIMARY
189,"Round 7 (2026-09-12; §4.16) — previously closed items, obtained and read",7,"Steenberg, Robinson & Millward",2017,The influence of building renovation and rental housing on urban trees,J. Environ. Planning & Management,10.1080/09640568.2017.1326883,,,PRIMARY,reviewer-read,Steenberg_2017_influence-building-renovation-rental,yes,,,"Steenberg, Robinson & Millward (2017). The influence of building renovation and rental housing on urban trees. *J. Environ. Planning & Management* 61(3):553–567. doi:10.1080/09640568.2017.1326883 — **PRIMARY**, reviewer-read (abstract, §1). Filed `Steenberg_2017_influence-building-renovation-rental`.",,PRIMARY
190,"Round 7 (2026-09-12; §4.16) — previously closed items, obtained and read",7,"Guo, Morgenroth & Conway",2018,Redeveloping the urban forest: The effect of redevelopment and property-scale variables on tree removal and retention,Urban Forestry & Urban Greening,10.1016/j.ufug.2018.08.012,,,PRIMARY,reviewer-read,Guo_2018_redeveloping-urban-forest-effect,yes,,,"Guo, Morgenroth & Conway (2018). Redeveloping the urban forest: The effect of redevelopment and property-scale variables on tree removal and retention. *Urban Forestry & Urban Greening*. doi:10.1016/j.ufug.2018.08.012 — **PRIMARY**, reviewer-read (abstract, §3; accepted manuscript). Filed `Guo_2018_",,PRIMARY
191,"Round 8 (2026-09-12; §4.17) — the leftover list, obtained and read",8,"Broaddus, Krull, Weigert, Schmidt & Myers",2020,Removing Structured Noise with Self-Supervised Blind-Spot Networks,IEEE ISBI 2020,,,,PRIMARY,reviewer-read,Broaddus_2020_removing-structured-noise-self,yes,,,"Broaddus, Krull, Weigert, Schmidt & Myers (2020). Removing Structured Noise with Self-Supervised Blind-Spot Networks. *IEEE ISBI 2020* — **PRIMARY**, reviewer-read (§1, §2 ""extended blind mask""). Filed `Broaddus_2020_removing-structured-noise-self` (+ `_raw.txt`, reading-order extract for the two-column quote gate).",,PRIMARY
192,"Round 8 (2026-09-12; §4.17) — the leftover list, obtained and read",8,,2017,"Roberts, Bahn, Ciuti, Boyce, Elith, Guillera-Arroita, Hauenstein, Lahoz-Monfort, Schröder, Thuiller, Warton, Wintle, Hartig & Dormann (2017)",,10.1111/ecog.02881,,,PRIMARY,reviewer-read,Roberts_2017_cross-validation-strategies-data,yes,,,"Roberts, Bahn, Ciuti, Boyce, Elith, Guillera-Arroita, Hauenstein, Lahoz-Monfort, Schröder, Thuiller, Warton, Wintle, Hartig & Dormann (2017). Cross-validation strategies for data with temporal, spatial, hierarchical, or phylogenetic structure. *Ecography*. doi:10.1111/ecog.02881 — **PRIMARY**, revie",,PRIMARY
193,"Round 8 (2026-09-12; §4.17) — the leftover list, obtained and read",8,"Bellettini, Caselles & Novaga",2002,The Total Variation Flow in R^N,J. Differential Equations,10.1006/jdeq.2001.4150,,,PRIMARY,reviewer-read,Bellettini_2002_total-variation-flow,yes,,,"Bellettini, Caselles & Novaga (2002). The Total Variation Flow in R^N. *J. Differential Equations*. doi:10.1006/jdeq.2001.4150 — **PRIMARY**, reviewer-read (abstract; the convex/curvature characterisation at their eq. 5). Filed `Bellettini_2002_total-variation-flow` (supersedes the unreada",,PRIMARY
194,"Round 8 (2026-09-12; §4.17) — the leftover list, obtained and read",8,"Morgenroth, O'Neil-Dunne & Apiolaza",2017,Redevelopment and the urban forest: A study of tree removal and retention during demolition activities,Applied Geography,10.1016/j.apgeog.2017.02.011,,,PRIMARY,reviewer-read,Morgenroth_2017_redevelopment-urban-forest-study,yes,,,"Morgenroth, O'Neil-Dunne & Apiolaza (2017). Redevelopment and the urban forest: A study of tree removal and retention during demolition activities. *Applied Geography* 82:1–10. doi:10.1016/j.apgeog.2017.02.011 — **PRIMARY**, reviewer-read (abstract, §3). Filed `Morgenroth_2017_redevelopment_demoliti",,PRIMARY
195,"Round 8 (2026-09-12; §4.17) — the leftover list, obtained and read",8,"Guo, Morgenroth, Conway & Xu",2019,"City-wide canopy cover decline due to residential property redevelopment in Christchurch, New Zealand",Science of the Total Environment,10.1016/j.scitotenv.2019.05.122,,,PRIMARY,reviewer-read,Guo_2019_city-wide-canopy-cover-decline,yes,,,"Guo, Morgenroth, Conway & Xu (2019). City-wide canopy cover decline due to residential property redevelopment in Christchurch, New Zealand. *Science of the Total Environment* 681:202–210. doi:10.1016/j.scitotenv.2019.05.122 — **PRIMARY**, reviewer-read (abstract, §2–3). Filed `Guo_2019_citywide_cano",,PRIMARY
196,"Round 8 (2026-09-12; §4.17) — the leftover list, obtained and read",8,"Steenberg, Robinson & Duinker",2018,"A spatio-temporal analysis of the relationship between housing renovation, socioeconomic status, and urban forest ecosystems",Environment and Planning B: Urban Analytics and City Science,10.1177/2399808317752927,,,PRIMARY,reviewer-read,Steenberg_2018_spatio-temporal-analysis,yes,,,"Steenberg, Robinson & Duinker (2018). A spatio-temporal analysis of the relationship between housing renovation, socioeconomic status, and urban forest ecosystems. *Environment and Planning B: Urban Analytics and City Science*. doi:10.1177/2399808317752927 — **PRIMARY**, reviewer-read (abstract, §1,",,PRIMARY
197,"Round 8 (2026-09-12; §4.17) — the leftover list, obtained and read",8,"Warfield, Zou & Wells",2004,Simultaneous Truth and Performance Level Estimation (STAPLE): An Algorithm for the Validation of Image Segmentation,IEEE Trans. Medical Imaging,10.1109/TMI.2004.828354,,,PRIMARY,reviewer-read,Warfield_2004_simultaneous-truth-performance-level,yes,,,"Warfield, Zou & Wells (2004). Simultaneous Truth and Performance Level Estimation (STAPLE): An Algorithm for the Validation of Image Segmentation. *IEEE Trans. Medical Imaging* 23(7):903–. doi:10.1109/TMI.2004.828354 — **PRIMARY**, reviewer-read (abstract, §1); negative for row 10. Filed `Warfield_2",,PRIMARY
198,"Round 8 (2026-09-12; §4.17) — the leftover list, obtained and read",8,Efron,1986,How Biased is the Apparent Error Rate of a Prediction Rule? *JASA*,,10.1080/01621459.1986.10478291,,,PRIMARY,reviewer-read,Efron_1986_how-biased-apparent-error-rate,yes,,,"Efron (1986). How Biased is the Apparent Error Rate of a Prediction Rule? *JASA*. doi:10.1080/01621459.1986.10478291 — **PRIMARY**, reviewer-read (§1, the model statement). Filed `Efron_1986_how-biased-apparent-error-rate`.",,PRIMARY
199,"Round 8 (2026-09-12; §4.17) — the leftover list, obtained and read",8,Leung & Yan,1998,A locational error model for spatial features,Int. J. GIS,10.1080/136588198241699,,,PRIMARY,reviewer-read,Leung_1998_locational-error-model-spatial-features,yes,,,"Leung & Yan (1998). A locational error model for spatial features. *Int. J. GIS* 12(4). doi:10.1080/136588198241699 — **PRIMARY**, reviewer-read (§§2–3). Filed `Leung_1998_locational-error-model-spatial-features`.",,PRIMARY
200,"Round 8 (2026-09-12; §4.17) — the leftover list, obtained and read",8,Stow,1999,Reducing the effects of misregistration on pixel-level change detection,Int. J. Remote Sensing,10.1080/014311699212137,,,PRIMARY,reviewer-read,Stow_1999_reducing-effects-misregistration-pixel,yes,,,"Stow (1999). Reducing the effects of misregistration on pixel-level change detection. *Int. J. Remote Sensing* 20(12). doi:10.1080/014311699212137 — **PRIMARY**, reviewer-read (abstract, §1). Filed `Stow_1999_reducing-effects-misregistration-pixel`.",,PRIMARY
201,"Round 8 (2026-09-12; §4.17) — the leftover list, obtained and read",8,"Burnicki, Brown & Goovaerts",2010,Propagating error in land-cover-change analyses: impact of temporal dependence under increased thematic complexity,Int. J. GIS,10.1080/13658810903279008,,,ABSTRACT,reviewer-read,Burnicki_2010_propagating-error-land-cover-change,yes,,,"Burnicki, Brown & Goovaerts (2010). Propagating error in land-cover-change analyses: impact of temporal dependence under increased thematic complexity. *Int. J. GIS* 24(7):1043–1060. doi:10.1080/13658810903279008 — **ABSTRACT**, reviewer-read abstract only. Filed `Burnicki_2010_temporal_dependence_t",,ABSTRACT
202,"Round 8 (2026-09-12; §4.17) — the leftover list, obtained and read",8,Conley,1999,GMM estimation with cross sectional dependence,J. Econometrics,10.1016/S0304-4076(98,,,METADATA,,,no,,,"Conley (1999). GMM estimation with cross sectional dependence. *J. Econometrics* 92(1). doi:10.1016/S0304-4076(98)00084-0 — **METADATA**; indexed on the second mirror, whose storage host went behind a JavaScript bot challenge on 2026-09-12 (round 9 corrects round 8's ""file missing""). Not load-bearin",268,ABSTRACT
203,Round 9 (2026-09-12; §4.18) — seven fields named from the [D] list,9,"Galerne, B.",2011,Computation of the perimeter of measurable sets via their covariogram,,10.5566/ias.v30.p39-51,,,PRIMARY,reviewer-read,Galerne_2011_computation-perimeter-measurable-sets,yes,,,"Galerne, B. (2011). Computation of the perimeter of measurable sets via their covariogram. Applications to random sets. *Image Analysis & Stereology* 30(1):39–51. doi:10.5566/ias.v30.p39-51 — **PRIMARY**, reviewer-read (Eqs. 1–2, provenance paragraph). Filed `Galerne_2011_computation-perimeter-measurable-sets`.",,PRIMARY
204,Round 9 (2026-09-12; §4.18) — seven fields named from the [D] list,9,"Averkov, G. & Bianchi, G.",2009,Confirmation of Matheron's conjecture on the covariogram of a planar convex body,J. Eur. Math. Soc.,10.4171/JEMS/183,,,filed-unread,obtained-unread,Averkov_2009_confirmation-matheron-s-conjecture,yes,,,"Averkov, G. & Bianchi, G. (2009). Confirmation of Matheron's conjecture on the covariogram of a planar convex body. *J. Eur. Math. Soc.* 11:1187–1202. doi:10.4171/JEMS/183 — filed, searcher-verified, unread. Filed `Averkov_2009_confirmation-matheron-s-conjecture`.",,filed-unread
205,Round 9 (2026-09-12; §4.18) — seven fields named from the [D] list,9,"Schneider, R. & Weil, W.",2008,*Stochastic and Integral Geometry*,,,,,filed-unread,obtained-unread,Schneider_2008_stochastic-integral-geometry,yes,,,"Schneider, R. & Weil, W. (2008). *Stochastic and Integral Geometry*. Springer — held (course-site mirror), unread. Filed `Schneider_2008_stochastic-integral-geometry`.",,filed-unread
206,Round 9 (2026-09-12; §4.18) — seven fields named from the [D] list,9,"Matheron, G.",1986,Le covariogramme géométrique des compacts convexes de R²,,,,,filed-unread,obtained-unread,Matheron_1986_covariogramme_geometrique_compacts_convexes,no,,,"Matheron, G. (1986). Le covariogramme géométrique des compacts convexes de R². Centre de Géostatistique tech. report N/2/86/G — image-only scan, unread. Filed `Matheron_1986_covariogramme_geometrique_compacts_convexes`.",,filed-unread
207,Round 9 (2026-09-12; §4.18) — seven fields named from the [D] list,9,"Chrisman, N.R.",1982,A theory of cartographic error and its measurement in digital databases,AutoCarto 5,,,,PRIMARY,reviewer-read,Chrisman_1982_theory-cartographic-error-measurement,yes,,,"Chrisman, N.R. (1982). A theory of cartographic error and its measurement in digital databases. *AutoCarto 5* — **PRIMARY**, reviewer-read (the propagation-of-errors paragraph); supersedes the round-6 searcher-read line. Filed `Chrisman_1982_theory-cartographic-error-measurement`.",,PRIMARY
208,Round 9 (2026-09-12; §4.18) — seven fields named from the [D] list,9,"Kats, E., Goldberger, J. & Greenspan, H.",2019,Soft labeling by distilling anatomical knowledge for improved MS lesion segmentation,IEEE ISBI 2019,10.1109/isbi.2019.8759518,10.1007/978-3-030-32248-9_57,,PRIMARY,reviewer-read,Kats_2019a_soft-labeling-distilling-anatomical,yes,,,"Kats, E., Goldberger, J. & Greenspan, H. (2019). Soft labeling by distilling anatomical knowledge for improved MS lesion segmentation. *IEEE ISBI 2019*. doi:10.1109/isbi.2019.8759518 — **PRIMARY**, reviewer-read (abstract, §2); negative for `Φ(d/σ)` (fixed-radius dilation). Filed `Kats_2019_SoftLabe",,PRIMARY
209,Round 9 (2026-09-12; §4.18) — seven fields named from the [D] list,9,"Gros, C., Lemay, A. & Cohen-Adad, J.",2021,SoftSeg: Advantages of soft versus binary training for image segmentation,,,,2011.09041,ABSTRACT,reviewer-read,Gros_2021_softseg-advantages-soft-versus-binary,yes,,,"Gros, C., Lemay, A. & Cohen-Adad, J. (2021). SoftSeg: Advantages of soft versus binary training for image segmentation. arXiv 2011.09041 — **ABSTRACT**, reviewer-read abstract. Filed `Gros_2021_softseg-advantages-soft-versus-binary`.",,ABSTRACT
210,Round 9 (2026-09-12; §4.18) — seven fields named from the [D] list,9,"Zhu, J., Huang, H.-C. & Wu, J.",2005,Modeling spatial-temporal binary data using Markov random fields,J. Agric. Biol. Environ. Stat.,10.1198/108571105X46543,,,PRIMARY,reviewer-read,Zhu_2005_modeling-spatial-temporal-binary-data,yes,,,"Zhu, J., Huang, H.-C. & Wu, J. (2005). Modeling spatial-temporal binary data using Markov random fields. *J. Agric. Biol. Environ. Stat.* 10(2):212–225. doi:10.1198/108571105X46543 — **PRIMARY**, reviewer-read (§§1–2.1). Filed `Zhu_2005_modeling-spatial-temporal-binary-data`.",,PRIMARY
211,Round 9 (2026-09-12; §4.18) — seven fields named from the [D] list,9,"Hughes, J., Haran, M. & Caragea, P.C.",2011,Autologistic models for binary data on a lattice,Environmetrics,10.1002/env.1102,,,PRIMARY,reviewer-read,Hughes_2011_autologistic-models-binary-data-lattice,yes,,,"Hughes, J., Haran, M. & Caragea, P.C. (2011). Autologistic models for binary data on a lattice. *Environmetrics* 22(7):857–871. doi:10.1002/env.1102 — **PRIMARY**, reviewer-read (abstract, §2.2). Filed `Hughes_2011_autologistic-models-binary-data-lattice`.",,PRIMARY
212,Round 9 (2026-09-12; §4.18) — seven fields named from the [D] list,9,"Hughes, J.",2014,ngspatial: A package for fitting the centered autologistic and sparse spatial generalized linear mixed models for areal data,The R Journal,10.32614/RJ-2014-026,,,PRIMARY,reviewer-read,Hughes_2014_ngspatial-package-fitting-centered,yes,,,"Hughes, J. (2014). ngspatial: A package for fitting the centered autologistic and sparse spatial generalized linear mixed models for areal data. *The R Journal* 6(2):81–95. doi:10.32614/RJ-2014-026 — **PRIMARY**, reviewer-read (§§1–2). Filed `Hughes_2014_ngspatial-package-fitting-centered`.",,PRIMARY
213,Round 9 (2026-09-12; §4.18) — seven fields named from the [D] list,9,"Ogata, Y.",1988,Statistical models for earthquake occurrences and residual analysis for point processes,JASA,10.1080/01621459.1988.10478560,,,PRIMARY,reviewer-read,Ogata_1988_statistical-models-earthquake,yes,,,"Ogata, Y. (1988). Statistical models for earthquake occurrences and residual analysis for point processes. *JASA* 83(401):9–27. doi:10.1080/01621459.1988.10478560 — **PRIMARY**, reviewer-read (§2, the epidemic-model form). Filed `Ogata_1988_statistical-models-earthquake`.",,PRIMARY
214,Round 9 (2026-09-12; §4.18) — seven fields named from the [D] list,9,"Zhuang, J., Ogata, Y. & Vere-Jones, D.",2002,Stochastic declustering of space-time earthquake occurrences,JASA,10.1198/016214502760046925,,,PRIMARY,reviewer-read,Zhuang_2002_stochastic-declustering-space-time,yes,,,"Zhuang, J., Ogata, Y. & Vere-Jones, D. (2002). Stochastic declustering of space-time earthquake occurrences. *JASA* 97(458):369–380. doi:10.1198/016214502760046925 — **PRIMARY**, reviewer-read (§2, the background/offspring probabilities). Filed `Zhuang_2002_stochastic-declustering-space-time",,PRIMARY
215,Round 9 (2026-09-12; §4.18) — seven fields named from the [D] list,9,"Reinhart, A.",2018,A review of self-exciting spatio-temporal point processes and their applications,Statistical Science,10.1214/17-STS629,,1708.02647,PRIMARY,reviewer-read,Reinhart_2018_review-self-exciting-spatio-temporal,yes,,,"Reinhart, A. (2018). A review of self-exciting spatio-temporal point processes and their applications. *Statistical Science* 33(3):299–318. doi:10.1214/17-STS629 (arXiv 1708.02647) — **PRIMARY**, reviewer-read (§3.2). Filed `Reinhart_2018_review-self-exciting-spatio-temporal`.",,PRIMARY
216,Round 9 (2026-09-12; §4.18) — seven fields named from the [D] list,9,"Bacry, E., Mastromatteo, I. & Muzy, J.-F.",2015,Hawkes processes in finance,,,,1502.04592,PRIMARY,reviewer-read,Bacry_2015_hawkes-processes-finance,yes,,,"Bacry, E., Mastromatteo, I. & Muzy, J.-F. (2015). Hawkes processes in finance. arXiv 1502.04592 — **PRIMARY**, reviewer-read (§2.3, estimation appendix). Filed `Bacry_2015_hawkes-processes-finance`.",,PRIMARY
217,Round 9 (2026-09-12; §4.18) — seven fields named from the [D] list,9,"Hawkes, A.G.",1971,Spectra of some self-exciting and mutually exciting point processes,Biometrika,10.1093/biomet/58.1.83,,,ABSTRACT,reviewer-read,Hawkes_1971_spectra-some-self-exciting-mutually,yes,,,"Hawkes, A.G. (1971). Spectra of some self-exciting and mutually exciting point processes. *Biometrika* 58(1):83–90. doi:10.1093/biomet/58.1.83 — **ABSTRACT**, reviewer-read summary only (full PDF held). Filed `Hawkes_1971_spectra-some-self-exciting-mutually`.",,ABSTRACT
218,Round 9 (2026-09-12; §4.18) — seven fields named from the [D] list,9,"Ogata, Y.",1998,Space-time point-process models for earthquake occurrences,Ann. Inst. Statist. Math.,10.1023/A:1003403601725,,,filed-unread,obtained-unread,Ogata_1998_space-time-point-process-models,yes,,,"Ogata, Y. (1998). Space-time point-process models for earthquake occurrences. *Ann. Inst. Statist. Math.* 50(2):379–402. doi:10.1023/A:1003403601725 — image-only scan, unread. Filed `Ogata_1998_space-time-point-process-models`.",,filed-unread
219,Round 9 (2026-09-12; §4.18) — seven fields named from the [D] list,9,"Kingman, J.F.C.",1962,The imbedding problem for finite Markov chains,Z. Wahrscheinlichkeitstheorie,10.1007/BF00531768,,,PRIMARY,reviewer-read,Kingman_1962_imbedding-problem-finite-markov-chains,yes,,,"Kingman, J.F.C. (1962). The imbedding problem for finite Markov chains. *Z. Wahrscheinlichkeitstheorie* 1:14–24. doi:10.1007/BF00531768 — **PRIMARY**, reviewer-read (§1, Proposition 2; OCR of the scan is rough). Filed `Kingman_1962_imbedding-problem-finite-markov-chains`.",,PRIMARY
220,Round 9 (2026-09-12; §4.18) — seven fields named from the [D] list,9,"Israel, R.B., Rosenthal, J.S. & Wei, J.Z.",2001,"Finding generators for Markov chains via empirical transition matrices, with applications to credit ratings",Mathematical Finance,10.1111/1467-9965.00114,,,PRIMARY,reviewer-read,Israel_2001_finding-generators-markov-chains,yes,,,"Israel, R.B., Rosenthal, J.S. & Wei, J.Z. (2001). Finding generators for Markov chains via empirical transition matrices, with applications to credit ratings. *Mathematical Finance* 11(2). doi:10.1111/1467-9965.00114 — **PRIMARY**, reviewer-read (§§1–3, Theorems 1–3; author-hosted preprint). Filed `",,PRIMARY
221,Round 9 (2026-09-12; §4.18) — seven fields named from the [D] list,9,"Higham, N.J. & Lin, L.",2011,On pth roots of stochastic matrices,Linear Algebra Appl.,10.1016/j.laa.2010.09.001,,,PRIMARY,reviewer-read,Higham_2011_pth-roots-stochastic-matrices,yes,,,"Higham, N.J. & Lin, L. (2011). On pth roots of stochastic matrices. *Linear Algebra Appl.* 435(3):448–463. doi:10.1016/j.laa.2010.09.001 — **PRIMARY**, reviewer-read (§3; MIMS eprint). Filed `Higham_2011_pth-roots-stochastic-matrices`.",,PRIMARY
222,Round 9 (2026-09-12; §4.18) — seven fields named from the [D] list,9,"Charitos, T., de Waal, P.R. & van der Gaag, L.C.",2008,Computing short-interval transition matrices of a discrete-time Markov chain from partially observed data,Statistics in Medicine,10.1002/sim.2970,,,PRIMARY,reviewer-read,Charitos_2008_computing-short-interval-transition,yes,,,"Charitos, T., de Waal, P.R. & van der Gaag, L.C. (2008). Computing short-interval transition matrices of a discrete-time Markov chain from partially observed data. *Statistics in Medicine* 27(6):905–921. doi:10.1002/sim.2970 — **PRIMARY**, reviewer-read (abstract, §1). Filed `Charitos_2008_short_int",,PRIMARY
223,Round 9 (2026-09-12; §4.18) — seven fields named from the [D] list,9,"Singer, B. & Spilerman, S.",1976,The representation of social processes by Markov models,Amer. J. Sociology,10.1086/226269,,,filed-unread,obtained-unread,Singer_1976_representation-social-processes-markov,yes,,,"Singer, B. & Spilerman, S. (1976). The representation of social processes by Markov models. *Amer. J. Sociology* 82(1). doi:10.1086/226269 — filed (Columbia Academic Commons copy), searcher-verified, unread. Filed `Singer_1976_representation-social-processes-markov`.",,filed-unread
224,Round 9 (2026-09-12; §4.18) — seven fields named from the [D] list,9,"Reynolds, M.R. Jr. & Stoumbos, Z.G.",2000,A general approach to modeling CUSUM charts for a proportion,IIE Transactions,10.1080/07408170008963928,,,PRIMARY,reviewer-read,Reynolds_2000_general-approach-modeling-cusum,yes,,,"Reynolds, M.R. Jr. & Stoumbos, Z.G. (2000). A general approach to modeling CUSUM charts for a proportion. *IIE Transactions* 32(6):515–535. doi:10.1080/07408170008963928 — **PRIMARY**, reviewer-read (§§3–4, Appendix C). Filed `Reynolds_2000_general-approach-modeling-cusum` (+ `_raw.txt`).",,PRIMARY
225,Round 9 (2026-09-12; §4.18) — seven fields named from the [D] list,9,"Lucas, J.M. & Crosier, R.B.",1982,Fast initial response for CUSUM quality-control schemes: Give your CUSUM a head start,Technometrics,10.1080/00401706.1982.10487759,,,PRIMARY,reviewer-read,Lucas_1982_fast-initial-response-cusum-quality,yes,,,"Lucas, J.M. & Crosier, R.B. (1982). Fast initial response for CUSUM quality-control schemes: Give your CUSUM a head start. *Technometrics* 24(3):199–205. doi:10.1080/00401706.1982.10487759 — **PRIMARY**, reviewer-read (§§1–2, Table 1). Filed `Lucas_1982_fast-initial-response-cusum-quality`.",,PRIMARY
226,Round 9 (2026-09-12; §4.18) — seven fields named from the [D] list,9,Boykov & Kolmogorov,2003,"ICCV doi:10.1109/iccv.2003.1238310; Vicente, Kolmogorov & Rother (2008) CVPR doi:10.1109/CVPR.2008.4587440; Boykov & Jolly (2001) ICCV doi:10.1109/ICCV.2001.937",,10.1109/iccv.2003.1238310,10.1109/CVPR.2008.4587440;10.1109/ICCV.2001.937505;10.1109/TPAMI.2004.1262177;10.1109/ICCV.2007.4408927;10.1109/TPAMI.2010.200,,filed-unread,obtained-unread,,yes,,,"Boykov & Kolmogorov (2003) ICCV doi:10.1109/iccv.2003.1238310; Vicente, Kolmogorov & Rother (2008) CVPR doi:10.1109/CVPR.2008.4587440; Boykov & Jolly (2001) ICCV doi:10.1109/ICCV.2001.937505; Kolmogorov & Zabih (2004) *PAMI* 26(2) doi:10.1109/TPAMI.2004.1262177; Krähenbühl & Koltun (2013) ICML/PMLR ",,filed-unread
227,Round 9 (2026-09-12; §4.18) — seven fields named from the [D] list,9,"Kaiser, M.S., Lahiri, S.N. & Nordman, D.J.",2012,Goodness of fit tests for a class of Markov random field models,Ann. Statist.,10.1214/11-AOS948,,1205.6086,PRIMARY,reviewer-read,Kaiser_2012_goodness-fit-tests-class-markov,yes,,,"Kaiser, M.S., Lahiri, S.N. & Nordman, D.J. (2012). Goodness of fit tests for a class of Markov random field models. *Ann. Statist.* 40(1). doi:10.1214/11-AOS948 (arXiv 1205.6086) — **PRIMARY**, reviewer-read (§2, Theorem 2.1). Filed `Kaiser_2012_goodness-fit-tests-class-markov`.",,PRIMARY
228,Round 9 (2026-09-12; §4.18) — seven fields named from the [D] list,9,"Nordman, D.J. & Lahiri, S.N.",2004,On optimal spatial subsample size for variance estimation,Ann. Statist.,10.1214/009053604000000779,,,PRIMARY,reviewer-read,Nordman_2004_optimal-spatial-subsample-size,yes,,,"Nordman, D.J. & Lahiri, S.N. (2004). On optimal spatial subsample size for variance estimation. *Ann. Statist.* 32(5). doi:10.1214/009053604000000779 (arXiv math/0503671) — **PRIMARY**, reviewer-read (§1). Filed `Nordman_2004_optimal-spatial-subsample-size`.",,PRIMARY
229,Round 9 (2026-09-12; §4.18) — seven fields named from the [D] list,9,"Lahiri, S.N. & Zhu, J.",2006,Resampling methods for spatial regression models under a class of stochastic designs,Ann. Statist.,10.1214/009053606000000551,,,ABSTRACT,reviewer-read,Lahiri_2006_resampling-methods-spatial-regression,yes,,,"Lahiri, S.N. & Zhu, J. (2006). Resampling methods for spatial regression models under a class of stochastic designs. *Ann. Statist.* 34(4). doi:10.1214/009053606000000551 — **ABSTRACT**, reviewer-read abstract. Filed `Lahiri_2006_resampling-methods-spatial-regression`.",,ABSTRACT
230,Round 9 (2026-09-12; §4.18) — seven fields named from the [D] list,9,"Kelejian, H.H. & Prucha, I.R.",2007,HAC estimation in a spatial framework,J. Econometrics,10.1016/j.jeconom.2006.09.005,,,ABSTRACT,reviewer-read,Kelejian_2007_hac-estimation-spatial-framework,yes,,,"Kelejian, H.H. & Prucha, I.R. (2007). HAC estimation in a spatial framework. *J. Econometrics* 140(1). doi:10.1016/j.jeconom.2006.09.005 — **ABSTRACT**, reviewer-read abstract (author working-paper copy). Filed `Kelejian_2007_hac-estimation-spatial-framework`.",,ABSTRACT
231,Round 9 (2026-09-12; §4.18) — seven fields named from the [D] list,9,"Conley, T.G. & Molinari, F.",2007,Spatial correlation robust inference with errors in location or distance,J. Econometrics,10.1016/j.jeconom.2006.09.003,,,filed-unread,obtained-unread,Conley_2007_spatial-correlation-robust-inference,yes,,,"Conley, T.G. & Molinari, F. (2007). Spatial correlation robust inference with errors in location or distance. *J. Econometrics* 140(1). doi:10.1016/j.jeconom.2006.09.003 — filed (cemmap working paper), searcher-verified, unread. Filed `Conley_2007_spatial-correlation-robust-inference`.",,filed-unread
232,Round 9 (2026-09-12; §4.18) — seven fields named from the [D] list,9,"Politis, D.N. & Romano, J.P.",1994,Large sample confidence regions based on subsamples under minimal assumptions,Ann. Statist.,10.1214/aos/1176325770,,,filed-unread,obtained-unread,Politis_1994_large-sample-confidence-regions-based,yes,,,"Politis, D.N. & Romano, J.P. (1994). Large sample confidence regions based on subsamples under minimal assumptions. *Ann. Statist.* 22(4). doi:10.1214/aos/1176325770 — image-only scan, unread. Filed `Politis_1994_large-sample-confidence-regions-based`.",,filed-unread
233,Round 9 (2026-09-12; §4.18) — seven fields named from the [D] list,9,"Liu, D., Song, K., Townshend, J.R.G. & Gong, P.",2008,Using local transition probability models in Markov random fields for forest change detection,Remote Sensing of Environment,10.1016/j.rse.2007.10.002,,,ABSTRACT,reviewer-read,Liu_2008_local-transition-probability-models-markov,yes,,,"Liu, D., Song, K., Townshend, J.R.G. & Gong, P. (2008). Using local transition probability models in Markov random fields for forest change detection. *Remote Sensing of Environment* 112(5):2222–2231. doi:10.1016/j.rse.2007.10.002 — **ABSTRACT**, reviewer-read abstract only (full PDF held). Filed `L",,ABSTRACT
234,Round 9 (2026-09-12; §4.18) — seven fields named from the [D] list,9,"Solberg, A.H.S., Taxt, T. & Jain, A.K.",1996,A Markov random field model for classification of multisource satellite imagery,IEEE TGRS,10.1109/36.481897,,,filed-unread,obtained-unread,Solberg_1996_markov-random-field-model,yes,,,"Solberg, A.H.S., Taxt, T. & Jain, A.K. (1996). A Markov random field model for classification of multisource satellite imagery. *IEEE TGRS* 34(1):100–113. doi:10.1109/36.481897 — filed, header-verified, unread. Filed `Solberg_1996_markov-random-field-model`.",,filed-unread
235,Round 9 (2026-09-12; §4.18) — seven fields named from the [D] list,9,"Reynolds, M.R. Jr. & Stoumbos, Z.G.",1999,A CUSUM chart for monitoring a proportion when inspecting continuously,J. Quality Technology,10.1080/00224065.1999.11979900,,,PRIMARY,reviewer-read,Reynolds_1999_cusum-chart-monitoring-proportion,yes,,,"Reynolds, M.R. Jr. & Stoumbos, Z.G. (1999). A CUSUM chart for monitoring a proportion when inspecting continuously. *J. Quality Technology* 31(1):87–108. doi:10.1080/00224065.1999.11979900 — **PRIMARY**, reviewer-read (§§2–3, Appendix A; browser fetch, §4.18.10). Filed `ReynoldsStoumbos_1999_Bernoul",,PRIMARY
236,Round 9 (2026-09-12; §4.18) — seven fields named from the [D] list,9,"Zhu, J., Zheng, Y., Carroll, A.L. & Aukema, B.H.",2008,Autologistic regression analysis of spatial-temporal binary data via Monte Carlo maximum likelihood,J. Agric. Biol. Environ. Stat.,10.1198/108571108X273566,,,PRIMARY,reviewer-read,Zhu_2008_autologistic-regression-analysis-spatial,yes,,,"Zhu, J., Zheng, Y., Carroll, A.L. & Aukema, B.H. (2008). Autologistic regression analysis of spatial-temporal binary data via Monte Carlo maximum likelihood. *J. Agric. Biol. Environ. Stat.* 13(1):84–98. doi:10.1198/108571108X273566 — **PRIMARY**, reviewer-read (§§1–3). Filed `ZhuZhengCarrollAukema_",,PRIMARY
237,Round 9 (2026-09-12; §4.18) — seven fields named from the [D] list,9,"Marsan, D. & Lengliné, O.",2008,Extending earthquakes' reach through cascading,Science,10.1126/science.1148783,,,PRIMARY,reviewer-read,Marsan_2008_extending-earthquakes-reach-through,yes,,,"Marsan, D. & Lengliné, O. (2008). Extending earthquakes' reach through cascading. *Science* 319:1076–1079. doi:10.1126/science.1148783 — **PRIMARY**, reviewer-read (the algorithm paragraph). Filed `Marsan_2008_extending-earthquakes-reach-through` (+ `_raw.txt`).",,PRIMARY
238,Round 9 (2026-09-12; §4.18) — seven fields named from the [D] list,9,"Zheng, Y. & Zhu, J.",2008,Markov chain Monte Carlo for a spatial-temporal autologistic regression model,J. Comput. Graph. Stat.,10.1198/106186008X289641,,,ABSTRACT,reviewer-read,Zheng_2008_markov-chain-monte-carlo-spatial,yes,,,"Zheng, Y. & Zhu, J. (2008). Markov chain Monte Carlo for a spatial-temporal autologistic regression model. *J. Comput. Graph. Stat.* 17(1):123–137. doi:10.1198/106186008X289641 — **ABSTRACT**, reviewer-read abstract (full PDF held). Filed `Zheng_2008_markov-chain-monte-carlo-spatial`.",,ABSTRACT
239,Round 9 (2026-09-12; §4.18) — seven fields named from the [D] list,9,"Caragea, P.C. & Kaiser, M.S.",2009,Autologistic models with interpretable parameters,J. Agric. Biol. Environ. Stat.,10.1198/jabes.2009.07032,,,ABSTRACT,reviewer-read,Caragea_2009_autologistic-models-interpretable,yes,,,"Caragea, P.C. & Kaiser, M.S. (2009). Autologistic models with interpretable parameters. *J. Agric. Biol. Environ. Stat.* 14(3):281–300. doi:10.1198/jabes.2009.07032 — **ABSTRACT**, reviewer-read abstract (full PDF held). Filed `Caragea_2009_autologistic-models-interpretable`.",,ABSTRACT
240,Round 9 (2026-09-12; §4.18) — seven fields named from the [D] list,9,"Brook, D. & Evans, D.A.",1972,An approach to the probability distribution of cusum run length,Biometrika,10.1093/biomet/59.3.539,,,ABSTRACT,reviewer-read,Brook_1972_approach-probability-distribution-cusum,yes,,,"Brook, D. & Evans, D.A. (1972). An approach to the probability distribution of cusum run length. *Biometrika* 59(3):539–549. doi:10.1093/biomet/59.3.539 — **ABSTRACT**, reviewer-read summary (full PDF held). Filed `Brook_1972_approach-probability-distribution-cusum`.",,ABSTRACT
241,Round 9 (2026-09-12; §4.18) — seven fields named from the [D] list,9,"Cabo, A.J. & Baddeley, A.J.",1995,"Line transects, covariance functions and set convergence",Adv. Appl. Prob.,10.1017/S0001867800027063,,,ABSTRACT,reviewer-read,Cabo_1995_line-transects-covariance-functions-set,yes,,,"Cabo, A.J. & Baddeley, A.J. (1995). Line transects, covariance functions and set convergence. *Adv. Appl. Prob.* 27(3):585–605. doi:10.1017/S0001867800027063 — **ABSTRACT**, reviewer-read abstract (full PDF held). Filed `Cabo_1995_line-transects-covariance-functions-set`.",,ABSTRACT
242,Round 9 (2026-09-12; §4.18) — seven fields named from the [D] list,9,"Liu, D. & Cai, S.",2012,A spatial-temporal modeling approach to reconstructing land-cover change trajectories from multi-temporal satellite imagery,Annals AAG,10.1080/00045608.2011.596357,,,ABSTRACT,reviewer-read,Liu_2012_spatial-temporal-modeling-approach,yes,,,"Liu, D. & Cai, S. (2012). A spatial-temporal modeling approach to reconstructing land-cover change trajectories from multi-temporal satellite imagery. *Annals AAG* 102(6). doi:10.1080/00045608.2011.596357 — **ABSTRACT**, reviewer-read abstract (full PDF held). Filed `LiuCai_2012_spatiotemporal_landc",,ABSTRACT
243,Round 9 (2026-09-12; §4.18) — seven fields named from the [D] list,9,"Cai, S., Liu, D., Sulla-Menashe, D. & Friedl, M.A.",2014,Enhancing MODIS land cover product with a spatial–temporal modeling algorithm,Remote Sensing of Environment,10.1016/j.rse.2014.03.012,,,ABSTRACT,reviewer-read,Cai_2014_enhancing-modis-land-cover-product,yes,,,"Cai, S., Liu, D., Sulla-Menashe, D. & Friedl, M.A. (2014). Enhancing MODIS land cover product with a spatial–temporal modeling algorithm. *Remote Sensing of Environment* 147:243–255. doi:10.1016/j.rse.2014.03.012 — **ABSTRACT**, reviewer-read abstract (full PDF held). Filed `Cai_2014_MODIS_spatiotem",,ABSTRACT
244,Round 9 (2026-09-12; §4.18) — seven fields named from the [D] list,9,"Melgani, F. & Serpico, S.B.",2003,A Markov random field approach to spatio-temporal contextual image classification,IEEE TGRS,10.1109/tgrs.2003.817269,,,ABSTRACT,reviewer-read,Melgani_2003_markov-random-field-approach-spatio,yes,,,"Melgani, F. & Serpico, S.B. (2003). A Markov random field approach to spatio-temporal contextual image classification. *IEEE TGRS* 41(11):2478–2487. doi:10.1109/tgrs.2003.817269 — **ABSTRACT**, reviewer-read abstract (full PDF held). Filed `Melgani_2003_markov-random-field-approach-spatio`.",,ABSTRACT
245,Round 9 (2026-09-12; §4.18) — seven fields named from the [D] list,9,"Indexed on the second mirror, browser fetch failed on 2026-09-12, not obtained:** Steiner, Cook, Farewell & Treasure",2000,*Biostatistics* 1(4) doi:10.1093/biostatistics/1.4.441 — **METADATA** (Conley 1999 likewise; its line is in the round-8 block).,,10.1093/biostatistics/1.4.441,,,METADATA,,,no,,,"**Indexed on the second mirror, browser fetch failed on 2026-09-12, not obtained:** Steiner, Cook, Farewell & Treasure (2000) *Biostatistics* 1(4) doi:10.1093/biostatistics/1.4.441 — **METADATA** (Conley 1999 likewise; its line is in the round-8 block).",267,PRIMARY
246,Round 9 (2026-09-12; §4.18) — seven fields named from the [D] list,9,Blakemore,1984,** *Cartographica* doi:10.3138/1005-13mg-2627-2552 and **Hall (1985)** *Stoch,,10.3138/1005-13mg-2627-2552,10.1016/0304-4149(85;10.1093/biomet/41.1-2.100;10.1007/978-1-4757-3803-2_12,,METADATA,obtained-unread,Blakemore_1984_generalisation-error-spatial,yes,,yes,"**Blakemore (1984)** *Cartographica* doi:10.3138/1005-13mg-2627-2552 and **Hall (1985)** *Stoch. Proc. Appl.* 20 doi:10.1016/0304-4149(85)90212-1 — obtained 2026-09-12 in the acquisition pass (first index; second index by curl), header-verified, unread by the reviewer; filed `Blakemore_1984_generali Page 1954 filed as Page_1954_continuous-inspection-schemes (DOI 10.2307/2333009) on 2026-09-13",,METADATA
247,Round 10 (2026-09-12; §4.19) — the second-order gaps,10,"Kalbfleisch, J.D. & Lawless, J.F.",1985,The analysis of panel data under a Markov assumption,JASA,10.1080/01621459.1985.10478195,,,PRIMARY,reviewer-read,Kalbfleisch_1985_analysis-panel-data-markov,yes,,,"Kalbfleisch, J.D. & Lawless, J.F. (1985). The analysis of panel data under a Markov assumption. *JASA* 80(392):863–871. doi:10.1080/01621459.1985.10478195 — **PRIMARY**, reviewer-read (§§1–2). Filed `Kalbfleisch_1985_analysis-panel-data-markov` (+ `_raw.txt`).",,PRIMARY
248,Round 10 (2026-09-12; §4.19) — the second-order gaps,10,"Jackson, C.H.",2011,Multi-state models for panel data: the msm package for R,J. Statistical Software,10.18637/jss.v038.i08,,,PRIMARY,reviewer-read,Jackson_2011_multi-state-models-panel-data,yes,,,"Jackson, C.H. (2011). Multi-state models for panel data: the msm package for R. *J. Statistical Software* 38(8). doi:10.18637/jss.v038.i08 — **PRIMARY**, reviewer-read (§1.4, §2). Filed `Jackson_2011_multi-state-models-panel-data` (+ `_raw.txt`).",,PRIMARY
249,Round 10 (2026-09-12; §4.19) — the second-order gaps,10,"Jackson, C.H. & Sharples, L.D.",2002,Hidden Markov models for the onset and progression of bronchiolitis obliterans syndrome in lung transplant recipients,Statist. Med.,10.1002/sim.886,,,PRIMARY,reviewer-read,Jackson_2002_hidden-markov-models-onset-progression,yes,,,"Jackson, C.H. & Sharples, L.D. (2002). Hidden Markov models for the onset and progression of bronchiolitis obliterans syndrome in lung transplant recipients. *Statist. Med.* 21(1):113–128. doi:10.1002/sim.886 — **PRIMARY**, reviewer-read (summary). Filed `Jackson_2002_hidden-markov-models-onset-progression`.",,PRIMARY
250,Round 10 (2026-09-12; §4.19) — the second-order gaps,10,"Bureau, A., Shiboski, S. & Hughes, J.P.",2003,Applications of continuous time hidden Markov models to the study of misclassified disease outcomes,Statist. Med.,10.1002/sim.1270,,,PRIMARY,reviewer-read,Bureau_2003_applications-continuous-time-hidden,yes,,,"Bureau, A., Shiboski, S. & Hughes, J.P. (2003). Applications of continuous time hidden Markov models to the study of misclassified disease outcomes. *Statist. Med.* 22(3):441–462. doi:10.1002/sim.1270 — **PRIMARY**, reviewer-read (abstract, §1). Filed `Bureau_2003_applications-continuous-time-hidden` ",,PRIMARY
251,Round 10 (2026-09-12; §4.19) — the second-order gaps,10,"Rosychuk, R.J. & Thompson, M.E.",2003,Bias correction of two-state latent Markov process parameter estimates under misclassification,Statist. Med.,10.1002/sim.1473,,,PRIMARY,reviewer-read,Rosychuk_2003_bias-correction-two-state-latent,yes,,,"Rosychuk, R.J. & Thompson, M.E. (2003). Bias correction of two-state latent Markov process parameter estimates under misclassification. *Statist. Med.* 22(12):2035–2055. doi:10.1002/sim.1473 — **PRIMARY**, reviewer-read (summary, results). Filed `RosychukThompson_2003_BiasCorrection_Misclassificatio",,PRIMARY
252,Round 10 (2026-09-12; §4.19) — the second-order gaps,10,"Satten, G.A. & Longini, I.M.",1996,Markov chains with measurement error: estimating the 'true' course of a marker of the progression of HIV disease,Applied Statistics,10.2307/2986089,,,filed-unread,obtained-unread,Satten_1996_markov-chains-measurement-error,yes,,,"Satten, G.A. & Longini, I.M. (1996). Markov chains with measurement error: estimating the 'true' course of a marker of the progression of HIV disease. *Applied Statistics* 45(3):275–309. doi:10.2307/2986089 — filed, header-verified, unread. Filed `Satten_1996_markov-chains-measurement-error`.",,filed-unread
253,Round 10 (2026-09-12; §4.19) — the second-order gaps,10,"Gasparrini, A., Armstrong, B. & Kenward, M.G.",2010,Distributed lag non-linear models,Statist. Med.,10.1002/sim.3940,,,PRIMARY,reviewer-read,Gasparrini_2010_distributed-lag-non-linear-models,yes,,,"Gasparrini, A., Armstrong, B. & Kenward, M.G. (2010). Distributed lag non-linear models. *Statist. Med.* 29(21):2224–2234. doi:10.1002/sim.3940 — **PRIMARY**, reviewer-read (§3; author copy). Filed `Gasparrini_2010_distributed-lag-non-linear-models` (+ `_raw.txt`).",,PRIMARY
254,Round 10 (2026-09-12; §4.19) — the second-order gaps,10,"Gasparrini, A.",2011,Distributed lag linear and non-linear models in R: the package dlnm,J. Statistical Software,10.18637/jss.v043.i08,,,ABSTRACT,reviewer-read,Gasparrini_2011_distributed-lag-linear-non-linear,yes,,,"Gasparrini, A. (2011). Distributed lag linear and non-linear models in R: the package dlnm. *J. Statistical Software* 43(8). doi:10.18637/jss.v043.i08 — **ABSTRACT**, reviewer-read abstract (author working copy). Filed `Gasparrini_2011_distributed-lag-linear-non-linear`.",,ABSTRACT
255,Round 10 (2026-09-12; §4.19) — the second-order gaps,10,"Gasparrini, A.",2014,Modeling exposure–lag–response associations with distributed lag non-linear models,Statist. Med.,10.1002/sim.5963,,,ABSTRACT,reviewer-read,Gasparrini_2014_modeling-exposure-lag-response,yes,,,"Gasparrini, A. (2014). Modeling exposure–lag–response associations with distributed lag non-linear models. *Statist. Med.* 33(5):881–899. doi:10.1002/sim.5963 — **ABSTRACT**, reviewer-read abstract. Filed `Gasparrini_2014_modeling-exposure-lag-response`.",,ABSTRACT
256,Round 10 (2026-09-12; §4.19) — the second-order gaps,10,"Gasparrini, A., Scheipl, F., Armstrong, B. & Kenward, M.G.",2017,A penalized framework for distributed lag non-linear models,Biometrics,10.1111/biom.12645,,,ABSTRACT,reviewer-read,Gasparrini_2017_penalized-framework-distributed-lag,yes,,,"Gasparrini, A., Scheipl, F., Armstrong, B. & Kenward, M.G. (2017). A penalized framework for distributed lag non-linear models. *Biometrics* 73(3):938–948. doi:10.1111/biom.12645 — **ABSTRACT**, reviewer-read abstract. Filed `Gasparrini_2017_penalized-framework-distributed-lag`.",,ABSTRACT
257,Round 10 (2026-09-12; §4.19) — the second-order gaps,10,"Almon, S.",1965,The distributed lag between capital appropriations and expenditures,Econometrica,10.2307/1911894,,,filed-unread,obtained-unread,Almon_1965_distributed-lag-between-capital,yes,,,"Almon, S. (1965). The distributed lag between capital appropriations and expenditures. *Econometrica* 33(1):178–196. doi:10.2307/1911894 — filed (first index), header-verified, unread. Filed `Almon_1965_distributed-lag-between-capital`.",,filed-unread
258,Round 10 (2026-09-12; §4.19) — the second-order gaps,10,"Truccolo, W., Eden, U.T., Fellows, M.R., Donoghue, J.P. & Brown, E.N.",2005,"A point process framework for relating neural spiking activity to spiking history, neural ensemble, and extrinsic covariate effects",J. Neurophysiol.,10.1152/jn.00697.2004,,,PRIMARY,reviewer-read,Truccolo_2005_point-process-framework-relating,yes,,,"Truccolo, W., Eden, U.T., Fellows, M.R., Donoghue, J.P. & Brown, E.N. (2005). A point process framework for relating neural spiking activity to spiking history, neural ensemble, and extrinsic covariate effects. *J. Neurophysiol.* 93(2):1074–1089. doi:10.1152/jn.00697.2004 — **PRIMARY**, reviewer-rea",,PRIMARY
259,Round 10 (2026-09-12; §4.19) — the second-order gaps,10,"Pillow, J.W. et al.",2008,Spatio-temporal correlations and visual signalling in a complete neuronal population,Nature,10.1038/nature07140,,,ABSTRACT,reviewer-read,Pillow_2008_spatio-temporal-correlations-visual,yes,,,"Pillow, J.W. et al. (2008). Spatio-temporal correlations and visual signalling in a complete neuronal population. *Nature* 454:995–999. doi:10.1038/nature07140 — **ABSTRACT**, reviewer-read opening. Filed `Pillow_2008_spatio-temporal-correlations-visual`.",,ABSTRACT
260,Round 10 (2026-09-12; §4.19) — the second-order gaps,10,"Browning, R., Sulem, D., Mengersen, K., Rivoirard, V. & Rousseau, J.",2021,Simple discrete-time self-exciting models can describe complex dynamic processes: A case study of COVID-19,PLOS ONE,10.1371/journal.pone.0250015,,,ABSTRACT,reviewer-read,Browning_2021_simple-discrete-time-self-exciting,yes,,,"Browning, R., Sulem, D., Mengersen, K., Rivoirard, V. & Rousseau, J. (2021). Simple discrete-time self-exciting models can describe complex dynamic processes: A case study of COVID-19. *PLOS ONE* 16(4):e0250015. doi:10.1371/journal.pone.0250015 — **ABSTRACT**, reviewer-read abstract. Filed `Browning",,ABSTRACT
261,Round 10 (2026-09-12; §4.19) — the second-order gaps,10,"Lu, C.-W. & Reynolds, M.R. Jr.",2001,CUSUM charts for monitoring an autocorrelated process,J. Quality Technology,10.1080/00224065.2001.11980082,,,PRIMARY,reviewer-read,Lu_2001_cusum-charts-monitoring-autocorrelated,yes,,,"Lu, C.-W. & Reynolds, M.R. Jr. (2001). CUSUM charts for monitoring an autocorrelated process. *J. Quality Technology* 33(3):316–334. doi:10.1080/00224065.2001.11980082 — **PRIMARY**, reviewer-read (abstract; first index). Filed `Lu_2001_cusum-charts-monitoring-autocorrelated` (+ `_raw.txt`).",,PRIMARY
262,Round 10 (2026-09-12; §4.19) — the second-order gaps,10,"Psarakis, S. & Papaleonida, G.E.A.",2007,SPC procedures for monitoring autocorrelated processes,Quality Technology & Quantitative Management,10.1080/16843703.2007.11673168,,,PRIMARY,reviewer-read,Psarakis_2007_spc-procedures-monitoring,yes,,,"Psarakis, S. & Papaleonida, G.E.A. (2007). SPC procedures for monitoring autocorrelated processes. *Quality Technology & Quantitative Management* 4(4):501–540. doi:10.1080/16843703.2007.11673168 — **PRIMARY**, reviewer-read (§2; first index). Filed `PsarakisPapaleonida_2007_SPC_autocorrelated_review",,PRIMARY
263,Round 10 (2026-09-12; §4.19) — the second-order gaps,10,"Mei, Y.",2010,Efficient scalable schemes for monitoring a large number of data streams,Biometrika,10.1093/biomet/asq010,,,PRIMARY,reviewer-read,Mei_2010_efficient-scalable-schemes-monitoring,yes,,,"Mei, Y. (2010). Efficient scalable schemes for monitoring a large number of data streams. *Biometrika* 97(2):419–433. doi:10.1093/biomet/asq010 — **PRIMARY**, reviewer-read (§1; author copy). Filed `Mei_2010_efficient-scalable-schemes-monitoring` (+ `_raw.txt`).",,PRIMARY
264,Round 10 (2026-09-12; §4.19) — the second-order gaps,10,"Xie, Y. & Siegmund, D.",2013,Sequential multi-sensor change-point detection,Ann. Statist.,10.1214/13-AOS1094,,1207.2386,PRIMARY,reviewer-read,Xie_2013_sequential-multi-sensor-change-point,yes,,,"Xie, Y. & Siegmund, D. (2013). Sequential multi-sensor change-point detection. *Ann. Statist.* 41(2):670–692. doi:10.1214/13-AOS1094 (arXiv 1207.2386) — **PRIMARY**, reviewer-read (§1). Filed `Xie_2013_sequential-multi-sensor-change-point` (+ `_raw.txt`).",,PRIMARY
265,Round 10 (2026-09-12; §4.19) — the second-order gaps,10,"Tartakovsky, A.G. & Veeravalli, V.V.",2008,Asymptotically optimal quickest change detection in distributed sensor systems,Sequential Analysis,10.1080/07474940802446236,,,ABSTRACT,reviewer-read,Tartakovsky_2008_asymptotically-optimal-quickest,yes,,,"Tartakovsky, A.G. & Veeravalli, V.V. (2008). Asymptotically optimal quickest change detection in distributed sensor systems. *Sequential Analysis* 27(4):441–475. doi:10.1080/07474940802446236 — **ABSTRACT**, reviewer-read abstract (author copy). Filed `Tartakovsky_2008_asymptotically-optimal-quickest`",,ABSTRACT
266,Round 10 (2026-09-12; §4.19) — the second-order gaps,10,"Benjamini, Y. & Hochberg, Y.",1995,Controlling the false discovery rate: a practical and powerful approach to multiple testing,J. R. Stat. Soc. B,10.1111/j.2517-6161.1995.tb02031.x,,,filed-unread,obtained-unread,Benjamini_1995_controlling-false-discovery-rate,yes,,,"Benjamini, Y. & Hochberg, Y. (1995). Controlling the false discovery rate: a practical and powerful approach to multiple testing. *J. R. Stat. Soc. B* 57(1):289–300. doi:10.1111/j.2517-6161.1995.tb02031.x — image-only JSTOR scan, filed, unread. Filed `Benjamini_1995_controlling-false-discovery-rate`.",,filed-unread
267,Round 10 (2026-09-12; §4.19) — the second-order gaps,10,"Steiner, S.H., Cook, R.J., Farewell, V.T. & Treasure, T.",2000,Monitoring surgical performance using risk-adjusted cumulative sum charts,Biostatistics,10.1093/biostatistics/1.4.441,,,PRIMARY,reviewer-read,Steiner_2000_monitoring-surgical-performance-risk,no,,,"Steiner, S.H., Cook, R.J., Farewell, V.T. & Treasure, T. (2000). Monitoring surgical performance using risk-adjusted cumulative sum charts. *Biostatistics* 1(4):441–452. doi:10.1093/biostatistics/1.4.441 — **PRIMARY**, reviewer-read (§§1–2; browser fetch, supersedes the round-9 METADATA line). Filed",,PRIMARY
268,Round 10 (2026-09-12; §4.19) — the second-order gaps,10,"Conley, T.G.",1999,GMM estimation with cross sectional dependence,J. Econometrics,10.1016/S0304-4076(98,,,ABSTRACT,reviewer-read,Conley_1999_gmm-estimation-cross-sectional,no,,,"Conley, T.G. (1999). GMM estimation with cross sectional dependence. *J. Econometrics* 92(1):1–45. doi:10.1016/S0304-4076(98)00084-0 — **ABSTRACT**, reviewer-read abstract (browser fetch; supersedes the round-8 METADATA line). Filed `Conley_1999_gmm-estimation-cross-sectional` (+ `_raw.txt`).",,ABSTRACT
269,Round 10 (2026-09-12; §4.19) — the second-order gaps,10,"Platanios, E.A., Blum, A. & Mitchell, T.",2014,Estimating accuracy from unlabeled data,UAI 2014,,,,PRIMARY,reviewer-read,Platanios_2014_estimating-accuracy-unlabeled-data,yes,,,"Platanios, E.A., Blum, A. & Mitchell, T. (2014). Estimating accuracy from unlabeled data. *UAI 2014* — **PRIMARY**, reviewer-read (abstract). Filed `Platanios_2014_estimating-accuracy-unlabeled-data` (+ `_raw.txt`).",,PRIMARY
270,Round 10 (2026-09-12; §4.19) — the second-order gaps,10,"Platanios, E.A., Dubey, A. & Mitchell, T.",2016,Estimating accuracy from unlabeled data: a Bayesian approach,ICML 2016,,,,filed-unread,obtained-unread,Platanios_2016_estimating-accuracy-unlabeled-data,yes,,,"Platanios, E.A., Dubey, A. & Mitchell, T. (2016). Estimating accuracy from unlabeled data: a Bayesian approach. *ICML 2016*, PMLR 48 — filed, searcher-verified, unread. Filed `Platanios_2016_estimating-accuracy-unlabeled-data`.",,filed-unread
271,Round 10 (2026-09-12; §4.19) — the second-order gaps,10,"Jaffe, A., Nadler, B. & Kluger, Y.",2015,Estimating the accuracies of multiple classifiers without labeled data,AISTATS 2015,,,,ABSTRACT,reviewer-read,Jaffe_2015_estimating-accuracies-multiple,yes,,,"Jaffe, A., Nadler, B. & Kluger, Y. (2015). Estimating the accuracies of multiple classifiers without labeled data. *AISTATS 2015*, PMLR 38:407–415 — **ABSTRACT**, reviewer-read abstract. Filed `Jaffe_2015_estimating-accuracies-multiple`.",,ABSTRACT
272,Round 10 (2026-09-12; §4.19) — the second-order gaps,10,"Parisi, F., Strino, F., Nadler, B. & Kluger, Y.",2014,Ranking and combining multiple predictors without labeled data,PNAS,10.1073/pnas.1219097111,,1303.3257,PRIMARY,reviewer-read,Parisi_2014_ranking-combining-multiple-predictors,yes,,,"Parisi, F., Strino, F., Nadler, B. & Kluger, Y. (2014). Ranking and combining multiple predictors without labeled data. *PNAS* 111(4). doi:10.1073/pnas.1219097111 (arXiv 1303.3257) — **PRIMARY**, reviewer-read (abstract, §1 statements). Filed `Parisi_Strino_Nadler_Kluger_2014_ranking_combining_predi",,PRIMARY
273,Round 10 (2026-09-12; §4.19) — the second-order gaps,10,"Raykar, V.C. et al.",2010,Learning from crowds,JMLR,,,,ABSTRACT,reviewer-read,Raykar_2010_learning-crowds,yes,,,"Raykar, V.C. et al. (2010). Learning from crowds. *JMLR* 11:1297–1322 — **ABSTRACT**, reviewer-read abstract. Filed `Raykar_2010_learning-crowds`.",,ABSTRACT
274,Round 10 (2026-09-12; §4.19) — the second-order gaps,10,"Ratner, A. et al.",2017,Snorkel: rapid training data creation with weak supervision,VLDB,10.14778/3157794.3157797,,1711.10160,ABSTRACT,reviewer-read,Ratner_2017_snorkel-rapid-training-data-creation,yes,,,"Ratner, A. et al. (2017). Snorkel: rapid training data creation with weak supervision. *VLDB* 11(3). doi:10.14778/3157794.3157797 (arXiv 1711.10160) — **ABSTRACT**, reviewer-read abstract. Filed `Ratner_2017_snorkel-rapid-training-data-creation`.",,ABSTRACT
275,Round 10 (2026-09-12; §4.19) — the second-order gaps,10,"Dawid, A.P. & Skene, A.M.",1979,Maximum likelihood estimation of observer error-rates using the EM algorithm,Applied Statistics,10.2307/2346806,,,ABSTRACT,reviewer-read,Dawid_1979_maximum-likelihood-estimation-observer,yes,,,"Dawid, A.P. & Skene, A.M. (1979). Maximum likelihood estimation of observer error-rates using the EM algorithm. *Applied Statistics* 28(1):20–28. doi:10.2307/2346806 — **ABSTRACT**, reviewer-read title/summary (first index). Filed `Dawid_1979_maximum-likelihood-estimation-observer`.",,ABSTRACT
276,Round 10 (2026-09-12; §4.19) — the second-order gaps,10,"Begg, C.B. & Greenes, R.A.",1983,Assessment of diagnostic tests when disease verification is subject to selection bias,Biometrics,10.2307/2530820,,,ABSTRACT,reviewer-read,Begg_1983_assessment-diagnostic-tests-when-disease,yes,,,"Begg, C.B. & Greenes, R.A. (1983). Assessment of diagnostic tests when disease verification is subject to selection bias. *Biometrics* 39(1):207–215. doi:10.2307/2530820 — **ABSTRACT**, reviewer-read title/summary (first index). Filed `Begg_1983_assessment-diagnostic-tests-when-disease`.",,ABSTRACT
277,Round 10 (2026-09-12; §4.19) — the second-order gaps,10,"Mousavi, S. & Reynolds, M.R. Jr.",2009,A CUSUM chart for monitoring a proportion with autocorrelated binary observations,J. Quality Technology,10.1080/00224065.2009.11917794,,,PRIMARY,reviewer-read,Mousavi_2009_cusum-chart-monitoring-proportion,yes,,,"Mousavi, S. & Reynolds, M.R. Jr. (2009). A CUSUM chart for monitoring a proportion with autocorrelated binary observations. *J. Quality Technology* 41(4):401–414. doi:10.1080/00224065.2009.11917794 — **PRIMARY**, reviewer-read (abstract, §1; browser fetch). Filed `MousaviReynolds_2009_CUSUM_autocorr",,PRIMARY
278,Round 10 (2026-09-12; §4.19) — the second-order gaps,10,"Hui, S.L. & Walter, S.D.",1980,Estimating the error rates of diagnostic tests,Biometrics,10.2307/2530508,,,PRIMARY,reviewer-read,Hui_1980_estimating-error-rates-diagnostic-tests,yes,,,"Hui, S.L. & Walter, S.D. (1980). Estimating the error rates of diagnostic tests. *Biometrics* 36(1):167–171. doi:10.2307/2530508 — **PRIMARY**, reviewer-read (summary; browser fetch). Filed `Hui_1980_estimating-error-rates-diagnostic-tests`.",,PRIMARY
279,Round 10 (2026-09-12; §4.19) — the second-order gaps,10,"Foody, G.M.",2010,Assessing the accuracy of land cover change with imperfect ground reference data,Remote Sensing of Environment,10.1016/j.rse.2010.05.003,,,PRIMARY,reviewer-read,Foody_2010_assessing-accuracy-land-cover-change,yes,,,"Foody, G.M. (2010). Assessing the accuracy of land cover change with imperfect ground reference data. *Remote Sensing of Environment* 114:2271–2285. doi:10.1016/j.rse.2010.05.003 — **PRIMARY**, reviewer-read (abstract; author manuscript from the Nottingham repository, browser fetch). Filed `Foody_20",,PRIMARY
280,Round 10 (2026-09-12; §4.19) — the second-order gaps,10,"Alwan, L.C. & Roberts, H.V.",1988,Time-series modeling for statistical process control,J. Business & Economic Statistics,10.1080/07350015.1988.10509640,,,ABSTRACT,reviewer-read,Alwan_1988_time-series-modeling-statistical-process,yes,,,"Alwan, L.C. & Roberts, H.V. (1988). Time-series modeling for statistical process control. *J. Business & Economic Statistics* 6(1):87–95. doi:10.1080/07350015.1988.10509640 — **ABSTRACT**, reviewer-read abstract (browser fetch). Filed `Alwan_1988_time-series-modeling-statistical-process` (+ `_raw.txt`).",,ABSTRACT
281,Round 10 (2026-09-12; §4.19) — the second-order gaps,10,"Montgomery, D.C. & Mastrangelo, C.M.",1991,Some statistical process control methods for autocorrelated data,J. Quality Technology,10.1080/00224065.1991.11979321,,,ABSTRACT,reviewer-read,Montgomery_1991_some-statistical-process-control,yes,,,"Montgomery, D.C. & Mastrangelo, C.M. (1991). Some statistical process control methods for autocorrelated data. *J. Quality Technology* 23(3):179–193. doi:10.1080/00224065.1991.11979321 — **ABSTRACT**, reviewer-read title/abstract (browser fetch). Filed `MontgomeryMastrangelo_1991_SPC_autocorrelated_",,ABSTRACT
282,Round 10 (2026-09-12; §4.19) — the second-order gaps,10,"Lu, C.-W. & Reynolds, M.R. Jr.",1999,Control charts for monitoring the mean and variance of autocorrelated processes,J. Quality Technology,10.1080/00224065.1999.11979925,,,ABSTRACT,reviewer-read,Lu_1999_control-charts-monitoring-mean-variance,yes,,,"Lu, C.-W. & Reynolds, M.R. Jr. (1999). Control charts for monitoring the mean and variance of autocorrelated processes. *J. Quality Technology* 31(3):259–274. doi:10.1080/00224065.1999.11979925 — **ABSTRACT**, reviewer-read abstract (browser fetch). Filed `Lu_1999_control-charts-monitoring-mean-variance` ",,ABSTRACT
283,Round 10 (2026-09-12; §4.19) — the second-order gaps,10,,2000,**Not obtained (absent from both Sci-Hub indexes):** Schwartz (2000) *Epidemiology* 11(3) doi:10.1097/00001648-200005000-00016 — **METADATA**.,,10.1097/00001648-200005000-00016,,,METADATA,,,no,,,**Not obtained (absent from both Sci-Hub indexes):** Schwartz (2000) *Epidemiology* 11(3) doi:10.1097/00001648-200005000-00016 — **METADATA**.,,METADATA
284,Round 10 (2026-09-12; §4.19) — the second-order gaps,10,Not obtained:** van den Hout,2017,*Multi-State Survival Models for Interval-Censored Data* (CRC book) doi:10.1201/9781315374321 — **METADATA**.,,10.1201/9781315374321,,,METADATA,,,no,,,**Not obtained:** van den Hout (2017) *Multi-State Survival Models for Interval-Censored Data* (CRC book) doi:10.1201/9781315374321 — **METADATA**.,,METADATA
285,Round 10 (2026-09-12; §4.19) — the second-order gaps,10,"Already held, re-verified by the searcher:** Burnicki",2007,*Comput,,10.1080/01431161.2010.524674,,,,,,no,,,"**Already held, re-verified by the searcher:** Burnicki (2007) *Comput. Environ. Urban Syst.* 31:282–302 and Burnicki (2011) *Int. J. Remote Sens.* 32(22) doi:10.1080/01431161.2010.524674 — grades unchanged from earlier blocks.",142,filed-unread
286,"Held locally (`D:\edmonds-pipeline\Literture\`), read directly from PDF",,"Li, B., Liu, X., Zhuang, H., Shi, Q., Zeng, L., Cai, Y., Zhang, H., Cai, Y., Wu, C. & Xu, X.",2026,ALCC: Temporally Consistent Annual Land Cover Maps over China from 1985 to 2022 Based on an Ensemble Change Detection Method,J. Remote Sens.,10.34133/remotesensing.1029,,,PRIMARY,,,no,,,"Li, B., Liu, X., Zhuang, H., Shi, Q., Zeng, L., Cai, Y., Zhang, H., Cai, Y., Wu, C. & Xu, X. (2026). ALCC: Temporally Consistent Annual Land Cover Maps over China from 1985 to 2022 Based on an Ensemble Change Detection Method. *J. Remote Sens.* 6:1029. doi:10.34133/remotesensing.1029 — **PRIMARY** (",,PRIMARY
287,"Held locally (`D:\edmonds-pipeline\Literture\`), read directly from PDF",,"Liu, J., Tang, X., Wang, C., Yan, Z., Dai, Y., Zhang, Q. & Song, C.",2026,Using GeoAI and Machine Learning Tools for Consistent High-Resolution Land Cover Mapping Based on Time-Series NAIP Imagery,Landscape Ecology,10.1007/s10980-026-02358-3,,,PRIMARY,,,no,,,"Liu, J., Tang, X., Wang, C., Yan, Z., Dai, Y., Zhang, Q. & Song, C. (2026). Using GeoAI and Machine Learning Tools for Consistent High-Resolution Land Cover Mapping Based on Time-Series NAIP Imagery. *Landscape Ecology* 41(6). doi:10.1007/s10980-026-02358-3 — **PRIMARY** (local PDF; full text also r",,PRIMARY
288,"Held locally (`D:\edmonds-pipeline\Literture\`), read directly from PDF",,"Artikanur, S.D. et al.",2026,Evaluating Accuracy and Temporal Consistency of Machine Learning Models for LULC Mapping in the Cimanuk Watershed,J. Nat. Resour. Environ. Manag.,10.29244/jpsl.16.3.284,,,PRIMARY,,,no,,,"Artikanur, S.D. et al. (2026). Evaluating Accuracy and Temporal Consistency of Machine Learning Models for LULC Mapping in the Cimanuk Watershed. *J. Nat. Resour. Environ. Manag.* 16(3):284. doi:10.29244/jpsl.16.3.284 — **PRIMARY**",,PRIMARY
289,"Held locally (`D:\edmonds-pipeline\Literture\`), read directly from PDF",,"Van den Broeck, W.A.J., Goedemé, T. & Loopmans, M.",2022,Multiclass Land Cover Mapping from Historical Orthophotos Using Domain Adaptation and Spatio-Temporal Transfer Learning,Remote Sensing,10.3390/rs14235911,,,PRIMARY,,,no,,,"Van den Broeck, W.A.J., Goedemé, T. & Loopmans, M. (2022). Multiclass Land Cover Mapping from Historical Orthophotos Using Domain Adaptation and Spatio-Temporal Transfer Learning. *Remote Sensing* 14(23):5911. doi:10.3390/rs14235911 — **PRIMARY** (already cited by `DEGRADED_IMAGERY_RESEARCH_2026-08-",,PRIMARY
290,"Held locally (`D:\edmonds-pipeline\Literture\`), read directly from PDF",,"Maclaurin, G.J. & Leyk, S.",2016,Temporal replication of the national land cover database using active machine learning,GIScience & Remote Sensing,10.1080/15481603.2016.1235009,,,PRIMARY,,,no,,,"Maclaurin, G.J. & Leyk, S. (2016). Temporal replication of the national land cover database using active machine learning. *GIScience & Remote Sensing*. doi:10.1080/15481603.2016.1235009 — **PRIMARY**",,PRIMARY
291,"Held locally (`D:\edmonds-pipeline\Literture\`), read directly from PDF",,"Torres, D.L. et al.",2021,Deforestation Detection with Fully Convolutional Networks in the Amazon Forest from Landsat-8 and Sentinel-2 Images,Remote Sensing,10.3390/rs13245084,,,PRIMARY,,,no,,,"Torres, D.L. et al. (2021). Deforestation Detection with Fully Convolutional Networks in the Amazon Forest from Landsat-8 and Sentinel-2 Images. *Remote Sensing* 13(24):5084. doi:10.3390/rs13245084 — **PRIMARY**",,PRIMARY
292,"Held locally (`D:\edmonds-pipeline\Literture\`), read directly from PDF",,"Pearse, G.D., Watt, M.S., Soewarto, J. & Tan, A.Y.S.",2021,Deep Learning and Phenology Enhance Large-Scale Tree Species Classification in Aerial Imagery during a Biosecurity Response,Remote Sensing,10.3390/rs13091789,,,PRIMARY,,,no,,,"Pearse, G.D., Watt, M.S., Soewarto, J. & Tan, A.Y.S. (2021). Deep Learning and Phenology Enhance Large-Scale Tree Species Classification in Aerial Imagery during a Biosecurity Response. *Remote Sensing* 13(9):1789. doi:10.3390/rs13091789 — **PRIMARY**",,PRIMARY
