ID,Author(s),Year,Title,Journal/Source,Relevance (max 3 sentences),Search Phase,DOI/URL,Status,Evidence grade,Feeds,File stem,Bib line,Read date,Notes
1,"Freudenberg, M. et al.",2022,Individual tree crown delineation in high-resolution remote sensing images based on U-Net,Neural Computing & Applications,Core DDT predecessor: U-Net for individual tree crown delineation from aerial/satellite imagery (5cm and 30cm). Tested on urban (Bengaluru) and forest (Gartow) scenes. Directly validates the U-Net + distance transform approach used in this study.,Phase 1A: Search 1,https://doi.org/10.1007/s00521-022-07640-4,To Read,,,,,,pre-2026-09 tracking; no read evidence found 2026-09-12
2,"Li, W. et al.",2025,Efficient tree mapping through deep distance transform (DDT) learning,"Trees, Forests and People",Defines the DDT framework: single U-Net learning distance transforms as cost surfaces for watershed segmentation. State-of-the-art for large-scale individual tree mapping. Most directly relevant architectural reference for this study's pipeline.,Phase 1A: Search 1,https://doi.org/10.1016/j.tfp.2025.100146,To Read,,,,,,pre-2026-09 tracking; no read evidence found 2026-09-12
3,"Weinstein, B.G. et al.",2020,DeepForest: A Python package for RGB deep learning tree crown delineation,Methods in Ecology & Evolution,Benchmark package for RGB tree crown detection using RetinaNet. Pretrained on 30M+ crowns from 22 NEON sites. Key comparison point: bounding-box approach vs. polygon-based instance segmentation used in this study.,Phase 1A: Search 1,https://doi.org/10.1111/2041-210x.13472,To Read,,,,,,pre-2026-09 tracking; no read evidence found 2026-09-12; merged from ID 50 on 2026-09-12
4,"Weinstein, B.G. et al.",2019,Individual tree-crown detection in RGB imagery using semi-supervised deep learning neural networks,Remote Sensing,Foundational semi-supervised approach: LiDAR-generated noisy labels train initial RGB detection model. Demonstrates transfer learning across sites. Relevant to training data strategy with limited hand-annotations.,Phase 1A: Search 1,https://doi.org/10.3390/rs11111309,To Read,,,,,,pre-2026-09 tracking; no read evidence found 2026-09-12
5,"Ball, J.G.C. et al.",2023,Accurate delineation of individual tree crowns in tropical forests from aerial RGB imagery using Mask R-CNN,Remote Sensing in Ecology & Conservation,"Detectree2: Mask R-CNN for polygon-level crown delineation in complex canopies. F1=0.64 overall, 0.74 for tallest trees. Alternative architecture comparison for instance segmentation approach.",Phase 1A: Search 1,https://doi.org/10.1002/rse2.332,To Read,,,,,,pre-2026-09 tracking; no read evidence found 2026-09-12
6,"Brandt, M. et al.",2020,An unexpectedly large count of trees in the West African Sahara and Sahel,Nature,"Landmark large-scale tree mapping: 1.8B trees over 1.3M km² using U-Net on 0.5m satellite imagery. 89,899 manual training crowns. Demonstrates feasibility of U-Net for massive individual tree inventories from RGB/NDVI data.",Phase 1A: Search 1,https://doi.org/10.1038/s41586-020-2824-5,To Read,,,,,,pre-2026-09 tracking; no read evidence found 2026-09-12
7,"Ventura, J. et al.",2024,Individual tree detection in large-scale urban environments using high-resolution multispectral imagery,Int. J. Applied Earth Observation & Geoinformation,"Statewide urban tree detection across California using NAIP imagery and CNN regression. ~73% accuracy in Southern California. Directly comparable: urban context, NAIP imagery, large-scale individual tree mapping.",Phase 1A: Search 1,https://doi.org/10.1016/j.jag.2024.103839,To Read,,,,,,pre-2026-09 tracking; no read evidence found 2026-09-12
8,"Gan, Y. et al.",2023,Tree crown detection and delineation in a temperate deciduous forest from UAV RGB imagery: Effects of spatial resolution and species characteristics,Remote Sensing,Evaluated DeepForest and Detectree2 across multiple resolutions in deciduous forest. Documents resolution sensitivity of deep learning crown detection. Directly relevant to understanding resolution thresholds.,Phase 1A: Search 2,https://doi.org/10.3390/rs15030778,To Read,,,,,,pre-2026-09 tracking; no read evidence found 2026-09-12
9,"Zhao, Y. et al.",2023,A systematic review of individual tree crown detection and delineation with convolutional neural networks (CNN),Current Forestry Reports,"Comprehensive review of CNN methods for tree crown detection. Covers architecture comparisons, accuracy assessment methods, and challenges in urban environments. Provides literature landscape context.",Phase 1A: Search 1,https://doi.org/10.1007/s40725-023-00184-3,To Read,,,,,,pre-2026-09 tracking; no read evidence found 2026-09-12
10,"Qin, H. et al.",2023,The co-effect of image resolution and crown size on deep learning for individual tree detection and delineation,Int. J. Digital Earth,"First study proposing 'crown resolution' concept (pixels/tree) to evaluate co-effect of GSD and crown size on Mask R-CNN accuracy. Peak accuracy at 800-12,800 pixels/tree. Critical for resolution threshold analysis.",Phase 1A: Search 2,https://doi.org/10.1080/17538947.2023.2257636,To Read,,,,,,pre-2026-09 tracking; no read evidence found 2026-09-12
11,"Velasquez-Camacho, L. et al.",2025,Monitoring temporal changes in large urban street trees using remote sensing and deep learning,PLOS ONE,Most directly comparable temporal study: 17-year monitoring (2005-2022) of urban trees in SF Bay Area using YOLO on multi-resolution NAIP imagery (1m and 0.6m). 81% detection accuracy. Addresses equity in green space access.,Phase 1A: Search 3,https://doi.org/10.1371/journal.pone.0326562,To Read,,,,,,pre-2026-09 tracking; no read evidence found 2026-09-12
12,"Nowak, D.J. & Greenfield, E.J.",2018,Declining urban and community tree cover in the United States,Urban Forestry & Urban Greening,National-scale US urban tree cover change assessment using paired photo-interpretation. Documents 1% decline (40.4% to 39.4%) between 2009-2014. Establishes policy context for municipal canopy monitoring.,Phase 1A: Search 3,https://doi.org/10.1016/j.ufug.2018.02.002,To Read,,,,,,pre-2026-09 tracking; no read evidence found 2026-09-12
13,"Pedley, D. & Morgenroth, J.",2025,Detecting and measuring fine-scale urban tree canopy loss with deep learning and remote sensing,ISPRS Open J. Photogramm. Remote Sens.,Deep learning + LiDAR for fine-scale urban canopy loss detection. Addresses alignment challenges between multi-temporal datasets. Relevant to temporal change detection methodology.,Phase 1A: Search 3,https://doi.org/10.1016/j.ophoto.2025.100082,Read,PRIMARY,framework §16,,71,2026-09-12,"evidence: Scripts/CHATLOG.md#L61 (""the only captcha hit was Pedley 2025, already PRIMARY via OA""); merged from ID 264 on 2026-09-12; fields corrected from ID 264's verified metadata (author, journal, DOI)."
14,"Hessel, C. et al.",2020,"Relative radiometric normalization using several automatically chosen reference images for multi-sensor, multi-temporal series",ISPRS Annals,Proposes automatic reference image selection and PIF-based normalization for long multi-sensor time series. Addresses the challenge of finding stable features across many years. Directly relevant to 24-year multi-source normalization.,Phase 2: Search 5,https://doi.org/10.5194/isprs-annals-v-2-2020-845-2020,To Read,,,,,,pre-2026-09 tracking; no read evidence found 2026-09-12
15,"Moghimi, A. et al.",2022,Automatic relative radiometric normalization of bi-temporal satellite images using coarse-to-fine PIF selection and fuzzy integral fusion,Remote Sensing,Clustered PIF selection for heterogeneous land cover. Addresses issue of using single linear relationship across different surface types. Relevant to urban scenes with mixed land cover.,Phase 2: Search 5,https://doi.org/10.3390/rs14081777,To Read,,,,,,pre-2026-09 tracking; no read evidence found 2026-09-12
16,"Tuia, D. et al.",2011,A survey of active learning algorithms for supervised remote sensing image classification,IEEE J. Selected Topics in Signal Processing,"Foundational review of active learning for RS: committee, large-margin, and posterior probability strategies. Directly relevant to uncertainty sampling approach used in this study's temporal classification pipeline.",Phase 2: Search 4,https://doi.org/10.1109/jstsp.2011.2139193,To Read,,,,,,pre-2026-09 tracking; no read evidence found 2026-09-12
17,"Tuia, D. et al.",2011,Using active learning to adapt remote sensing image classifiers,Remote Sensing of Environment,Active learning for model adaptation across image domains with different illumination/geometry. Uncertainty and clustering strategies. Directly relevant to adapting across 17 acquisition years.,Phase 2: Search 4,https://doi.org/10.1016/j.rse.2011.05.014,To Read,,,,,,pre-2026-09 tracking; no read evidence found 2026-09-12
18,"Ke, Y. & Quackenbush, L.J.",2011,A review of methods for automatic individual tree-crown detection and delineation from passive remote sensing,Int. J. Remote Sensing,"Comprehensive review of pre-deep-learning tree crown detection methods. Covers valley-following, watershed, template matching. Provides historical context for evolution to deep learning approaches.",Phase 1A: Search 1,https://doi.org/10.1080/01431161.2010.494184,To Read,,,,,,pre-2026-09 tracking; no read evidence found 2026-09-12
19,"Khan, T. et al.",2025,DeepTrees: Tree Crown Segmentation and Analysis in High-Resolution Remote Sensing Images,Journal of Open Source Software,"Open-source package building on Freudenberg et al. (2022) U-Net framework. Includes pre-trained models, transfer learning, and vegetation index computation (GCI, NDVI). Relevant software ecosystem reference.",Phase 1A: Search 1,https://doi.org/10.21105/joss.08056,To Read,,,,,,pre-2026-09 tracking; no read evidence found 2026-09-12
20,"Storey, E.A. et al.",2019,Normalizing shadows in multi-temporal aerial frame imagery using relative radiometric adjustments,GIScience & Remote Sensing,Addresses shadow normalization in high-resolution multi-temporal aerial imagery using PIF-based approaches. Directly relevant: different sun angles across 17 acquisition dates create shadow artifacts.,Phase 2: Search 5,https://doi.org/10.1080/15481603.2018.1489446,To Read,,,,,,pre-2026-09 tracking; no read evidence found 2026-09-12
21,"Dai, X. & Khorram, S.",1998,The effects of image misregistration on the accuracy of remotely sensed change detection,IEEE Trans. Geoscience & Remote Sensing,Foundational study: registration accuracy of <1/5 pixel needed for <10% change detection error. Establishes pixel-based sensitivity baseline. Anchor-and-project approach inherently avoids this limitation through object-level aggregation.,Phase 3: Search 7,https://doi.org/10.1109/36.718860,Read,PRIMARY,framework §14.5,Dai_1998a_effects-image-misregistration-accuracy,166,2026-09-12,"evidence: Scripts/CHATLOG.md#L57 (Kam found this paper on Sci-Hub by title → ""read, PRIMARY: simulation, no closed form; one-fifth pixel for <10% change error (30 m TM); false change 'mainly distributed spatially along the edges'""). DOI corrected 2026-09-12: cell held https://doi.org/10.1109/36.718850 (Barbato et al., unrelated speckle-filtering paper) instead of https://doi.org/10.1109/36.718860 (this paper); both confirmed by title match on Crossref. A second, different Dai & Khorram (1998) paper (IJRS, 10.1080/014311698213911, vegetation-classification fusion) exists and is NOT this row."
22,"Chen, B. et al.",2019,Towards misregistration-tolerant change detection using deep learning techniques with object-based image analysis,ACM SIGSPATIAL 2019,Directly tests misregistration tolerance of OBIA + deep learning. Found the approach is 'surprisingly robust' to misregistration in test data. Key evidence supporting anchor-and-project viability.,Phase 3: Search 7,https://doi.org/10.1145/3347146.3359068,To Read,,,,,,pre-2026-09 tracking; no read evidence found 2026-09-12
23,"Chen, G. et al.",2014,Assessment of the image misregistration effects on object-based change detection,ISPRS J. Photogrammetry & Remote Sensing,"Quantified misregistration effects on OBIA across urban/suburban/rural landscapes using SPOT-5 (5m). Tested 2-8 pixel shifts. Objects act as spatial averaging units, absorbing small registration errors.",Phase 3: Search 7,https://doi.org/10.1016/j.isprsjprs.2013.10.010,To Read,,,,,,pre-2026-09 tracking; no read evidence found 2026-09-12
24,"Wang, Q. et al.",2021,Change detection using deep learning approach with object-based image analysis,Remote Sensing of Environment,Demonstrated OBIA + deep learning is robust to misregistration in both training and testing data. Higher accuracy and efficiency than pixel-based methods. Supports hybrid anchor-and-project strategy.,Phase 3: Search 7,https://doi.org/10.1016/j.rse.2021.112308,To Read,,,,,,pre-2026-09 tracking; no read evidence found 2026-09-12
25,"Stow, D. et al.",2013,Assessment of the spatial co-registration of multitemporal imagery from large format digital cameras,PMC / Remote Sensing,Found that large-format digital camera ortho products achieve pixel to sub-pixel co-registration accuracy even in high-relief terrain. Relevant to estimating registration quality across Edmonds imagery stack.,Phase 3: Search 7,https://doi.org/10.3390/rs5041397,To Read,,,,,,pre-2026-09 tracking; no read evidence found 2026-09-12
26,"Wang, H. & Ellis, E.C.",2005,Image misregistration error in change measurements,Photogrammetric Eng. & Remote Sensing,Models for predicting false change error from positional error. Feature-based approaches avoid many pixel-based problems. Provides framework for computing optimal change measurement resolution given registration accuracy.,Phase 3: Search 7,https://doi.org/10.14358/pers.71.9.1037,To Read,,,,,,pre-2026-09 tracking; no read evidence found 2026-09-12
27,"Weinstein, B.G. et al.",2020,Cross-site learning in deep learning RGB tree crown detection,Ecological Informatics,Key generalization study: cross-site performance drops but fine-tuning with small local data recovers it. Universal model trained on all sites matches or exceeds site-specific models. Directly informs multi-year training strategy.,Phase 2: Search 4,https://doi.org/10.1016/j.ecoinf.2020.101061,To Read,,,,,,pre-2026-09 tracking; no read evidence found 2026-09-12
28,"Baudchon, H. et al.",2025,SelvaBox: A high-resolution dataset for tropical tree crown detection,arXiv preprint,Largest tropical crown dataset (83K crowns). Showed joint multi-resolution training (3-10cm) yields best cross-dataset generalization. Higher resolution consistently boosts accuracy. Evidence for multi-resolution training approach.,Phase 1A: Search 2,https://arxiv.org/abs/2507.00170,To Read,,,,,,pre-2026-09 tracking; no read evidence found 2026-09-12
29,"Haucke, T. et al.",2024,Towards general deep-learning-based tree instance segmentation models,arXiv preprint,Tested generalization across 7 diverse datasets. Found high-res to low-res generalization is challenging — low-res data must be included in training. Directly relevant to resolution tier strategy.,Phase 1A: Search 2,https://doi.org/10.48550/arxiv.2405.02061,To Read,,,,,,pre-2026-09 tracking; no read evidence found 2026-09-12
30,"Tasar, O. et al.",2020,StandardGAN: Multi-source domain adaptation for semantic segmentation of VHR satellite images,CVPR Workshop,GAN-based approach to standardize appearance across multiple satellite image sources for semantic segmentation. Relevant to multi-source radiometric harmonization as an alternative to statistical normalization.,Phase 2: Search 5,https://doi.org/10.48550/arxiv.2004.06402,To Read,,,,,,pre-2026-09 tracking; no read evidence found 2026-09-12
31,"Nyborg, J. et al.",2025,ADA-Net: Attention-guided domain adaptation for standing dead tree segmentation using aerial imagery,arXiv preprint,Unsupervised domain adaptation for tree segmentation across countries (USA↔Finland). Uses image-to-image translation to bridge sensor gaps. Demonstrates cross-sensor adaptation without target domain labels.,Phase 2: Search 4,https://doi.org/10.48550/arxiv.2504.04271,To Read,,,,,,pre-2026-09 tracking; no read evidence found 2026-09-12
32,"Wang, M. & Fan, H.",2021,Application and evaluation of a deep learning architecture to urban tree canopy mapping,Remote Sensing,"Tested U-Net for urban canopy semantic segmentation at 16cm, 32cm, 50cm, and 100cm. Best performance at 32cm (OA=0.9914, IoU=0.9638). Strong performance across all scales. Directly validates U-Net for multi-resolution urban canopy mapping.",Phase 1A: Search 2,https://doi.org/10.3390/rs13091749,To Read,,,,,,pre-2026-09 tracking; no read evidence found 2026-09-12
33,"Wagner, F. et al.",2025,Scalable sub-meter mapping of woody vegetation and structures across California using deep learning,Remote Sensing of Environment,"Statewide U-Net semantic segmentation of trees/shrubs at 0.6m NAIP. 87.1% OA, F1=83.1% for trees across multiple years. Demonstrates temporal robustness of U-Net semantic seg on NAIP imagery.",Phase 1A: Search 3,https://doi.org/10.1016/j.rse.2025.114632,To Read,,,,,,pre-2026-09 tracking; no read evidence found 2026-09-12
34,"Chen, H. et al.",2020,Deep Siamese domain adaptation CNN for cross-domain change detection in multispectral images,IEEE IGARSS,Siamese network with domain adaptation (MK-MMD) for change detection across different multi-temporal datasets. First domain adaptation approach specifically for change detection. Relevant to cross-source temporal analysis.,Phase 2: Search 4,https://doi.org/10.48550/arxiv.2004.05745,To Read,,,,,,pre-2026-09 tracking; no read evidence found 2026-09-12
35,Neos (Marsocci et al.),2024,Learning from unlabelled data with transformers: Domain adaptation for semantic segmentation of aerial images,arXiv preprint,"Transformer-based domain adaptation minimizing distribution differences between aerial image domains. Handles acquisition scene, environmental condition, sensor, and temporal variation without target labels.",Phase 2: Search 4,https://doi.org/10.48550/arxiv.2404.11299,To Read,,,,,,pre-2026-09 tracking; no read evidence found 2026-09-12
36,"Xu, M. et al.",2025,Morphing through time: Diffusion-based bridging of temporal gaps for robust alignment in change detection,arXiv preprint,Addresses misalignment from long temporal gaps using diffusion-based morphing + dense registration. Reduces registration error by up to 90%. Shows misalignment sharply degrades CD accuracy — relevant to validating registration quality.,Phase 3: Search 7,https://doi.org/10.48550/arxiv.2511.07976,To Read,,,,,,pre-2026-09 tracking; no read evidence found 2026-09-12
37,"Soto, P.J. et al.",2025,Data augmentation and resolution enhancement using GANs and diffusion models for tree segmentation,arXiv preprint,GAN/diffusion pipeline to enhance low-res aerial imagery for tree segmentation. Bridges domain gap between high-res and low-res without new annotations. Potential alternative to multi-resolution training for Tier C imagery.,Phase 1A: Search 2,https://doi.org/10.48550/arxiv.2505.15077,To Read,,,,,,pre-2026-09 tracking; no read evidence found 2026-09-12
38,"Giannetti, F. et al.",2025,Sparse data tree canopy segmentation: Fine-tuning leading pretrained models on only 150 images,arXiv preprint,"Evaluated 5 architectures under extreme data scarcity. CNN-based models (YOLO, Mask R-CNN) outperform transformers in low-data regimes. Relevant to fine-tuning strategy where per-year annotation budgets are small.",Phase 2: Search 4,https://doi.org/10.48550/arxiv.2601.10931,To Read,,,,,,pre-2026-09 tracking; no read evidence found 2026-09-12
39,"Zhou, Y. et al.",2023,Urban tree canopy mapping based on double-branch CNN and multi-temporal high spatial resolution satellite imagery,Remote Sensing,Double-branch U-NET fusing multi-temporal satellite images with phenological information for urban canopy mapping. Feature fusion outperformed early and decision fusion. Relevant to multi-temporal feature integration.,Phase 3: Search 8,https://doi.org/10.3390/rs15030765,To Read,,,,,,pre-2026-09 tracking; no read evidence found 2026-09-12
40,"Weinstein, B.G. et al.",2021,"A benchmark dataset for canopy crown detection and delineation in co-registered airborne RGB, LiDAR and hyperspectral imagery",PLOS Computational Biology,NEON benchmark with 6K+ annotated crowns across diverse US forest types. Standardized evaluation metrics. Key reference dataset for comparing crown detection performance.,Phase 1A: Search 1,https://doi.org/10.1371/journal.pcbi.1009180,To Read,,,,,,pre-2026-09 tracking; no read evidence found 2026-09-12
41,"Howard, J. & Ruder, S.",2018,Universal Language Model Fine-tuning for Text Classification (ULMFiT),ACL,"Foundational transfer learning paper introducing three key techniques: discriminative fine-tuning (different LR per layer), gradual unfreezing (last layer first), and slanted triangular LR schedules. Though NLP-focused, these techniques are directly applicable to encoder-decoder segmentation fine-tuning.",Phase 2: Search 4,https://doi.org/10.18653/v1/p18-1031,To Read,,,,,,pre-2026-09 tracking; no read evidence found 2026-09-12
42,"Burmeister, J. et al.",2025,Fine-tuning DeepForest for forest tree detection in high-resolution UAV imagery,ISPRS Archives,"Directly tests fine-tuning strategies for pretrained tree detection models. Found pretrained model performance 'substantially improves with fine-tuning, even when using limited data and a small number of training epochs.' Manual and automatic labels achieve similar performance. Most relevant precedent for per-year fine-tuning approach.",Phase 2: Search 4,https://doi.org/10.5194/isprs-archives-xlviii-4-w15-2025-39-2025,To Read,,,,,,pre-2026-09 tracking; no read evidence found 2026-09-12
43,"Ro, Y. & Choi, J.Y.",2020,AutoLR: Layer-wise pruning and auto-tuning of learning rates in fine-tuning of deep networks,arXiv preprint,Proposes automatic layer-wise learning rate tuning for fine-tuning. Shows that uniform LR across layers doesn't match the general→specific feature gradient. Validates per-layer LR benefits on image retrieval and classification tasks.,Phase 2: Search 4,https://doi.org/10.48550/arxiv.2002.06048,To Read,,,,,,pre-2026-09 tracking; no read evidence found 2026-09-12
44,"Li, X. et al.",2024,Task-specific pretraining with noisy labels for remote sensing image segmentation,arXiv preprint,Tests frozen vs. unfrozen encoder transfer for U-Net segmentation in RS. Found noisy-label pretrained encoder outperforms ImageNet on downstream RS tasks even with frozen weights. Validates encoder freezing strategy for domain-shifted fine-tuning.,Phase 2: Search 4,https://doi.org/10.48550/arxiv.2402.16164,To Read,,,,,,pre-2026-09 tracking; no read evidence found 2026-09-12
45,"Zhang, K. et al.",2025,SAM2-ELNet: Label enhancement and automatic annotation for remote sensing segmentation,arXiv preprint,"Freezes SAM2 Hiera backbone as encoder, fine-tunes only adapter and decoder for RS tasks. Achieves strong performance fine-tuned on only 30% of training data. Demonstrates frozen-encoder + lightweight-decoder adaptation for RS domain shift.",Phase 2: Search 4,https://doi.org/10.48550/arxiv.2503.12404,To Read,,,,,,pre-2026-09 tracking; no read evidence found 2026-09-12
46,"Li, H. et al.",2025,SAMOIS: Efficient fine-tuned SAM with multi-scale enhancement for optical remote sensing image segmentation,GIScience & Remote Sensing,Uses LoRA (Low-Rank Adaptation) to fine-tune SAM encoder for RS with minimal trainable parameters. Introduces multi-scale convolution for complex geographic patterns. Demonstrates parameter-efficient fine-tuning preserving pretrained knowledge.,Phase 2: Search 4,https://doi.org/10.1080/22797254.2025.2609404,To Read,,,,,,pre-2026-09 tracking; no read evidence found 2026-09-12
47,"Zou, X. et al.",2024,Knowledge transfer and domain adaptation for fine-grained remote sensing image segmentation,arXiv preprint,Feature Alignment Module + Feature Modulation Module for transferring pretrained knowledge to RS domain. Addresses domain shift between general vision and RS. Relevant to adapting Phase 0 model across sensor domains.,Phase 2: Search 4,https://doi.org/10.48550/arxiv.2412.06664,To Read,,,,,,pre-2026-09 tracking; no read evidence found 2026-09-12
48,"Yang, E. et al.",2024,A comprehensive survey of forgetting in deep learning beyond continual learning,IEEE TPAMI,"Comprehensive taxonomy of catastrophic forgetting: in fine-tuning, continual learning, and foundation models. Covers mitigation strategies including replay, regularization, and parameter isolation. Essential reference for understanding fine-tuning risks.",Phase 2: Search 4,https://doi.org/10.1109/tpami.2024.3367329,To Read,,,,,,pre-2026-09 tracking; no read evidence found 2026-09-12
49,"Zheng, Y. et al.",2025,Fine-tuning without catastrophic forgetting via selective low-rank adaptation,arXiv preprint,Proposes selective LoRA activation — only 5% of blocks needed for effective fine-tuning while preventing catastrophic forgetting. Shows higher-rank adaptation increases forgetting risk. Relevant to efficient per-year fine-tuning strategy.,Phase 2: Search 4,https://doi.org/10.48550/arxiv.2501.01946,To Read,,,,,,pre-2026-09 tracking; no read evidence found 2026-09-12
50,"Weinstein, B.G.",2020,DeepForest: fine-tuning with ~1000 annotations,Methods in Ecology & Evolution (supplement),"Duplicate — see [ID 3, Weinstein 2020]",Phase 2: Search 4,https://doi.org/10.1111/2041-210x.13472,Duplicate of [ID 3],,,,,,pre-2026-09 tracking; Status not evidence-based
51,"Motohka, T. et al.",2010,Applicability of Green-Red Vegetation Index for remote sensing of vegetation phenology,Remote Sensing,Foundational GRVI paper. Demonstrated GRVI=0 as site-independent threshold for green-up and autumn coloring detection. GRVI is robust to snow/water interference. Defines the index (G-R)/(G+R) used in this study as NDVI proxy.,Phase 2: Search 6,https://doi.org/10.3390/rs2102369,To Read,,,,,,pre-2026-09 tracking; no read evidence found 2026-09-12
52,"Nagai, S. et al.",2022,A broadband Green-Red Vegetation Index for monitoring gross primary production phenology,Journal of Remote Sensing,MODIS-scale validation that broadband GRVI correlates significantly with CCI (chlorophyll/carotenoid index). GRVI performed comparably to solar-induced fluorescence for evergreen needleleaf end-of-season detection. Validates GRVI at coarser spectral resolution.,Phase 2: Search 6,https://doi.org/10.34133/2022/9764982,To Read,,,,,,pre-2026-09 tracking; no read evidence found 2026-09-12
53,"Wang, X. et al.",2015,Extraction of vegetation information from visible unmanned aerial vehicle images,Transactions of the Chinese Society of Agricultural Engineering,Developed VDVI (Visible Difference Vegetation Index). Some studies indicate VDVI outperforms other RGB indices for extracting vegetation information. Alternative to GRVI for RGB-only vegetation classification.,Phase 2: Search 6,N/A — Chinese language journal,To Read,,,,,,pre-2026-09 tracking; no read evidence found 2026-09-12
54,"Meyer, G.E. & Neto, J.C.",2008,Verification of color vegetation indices for automated crop imaging applications,Computers and Electronics in Agriculture,"Systematic comparison of ExG, ExGR, and NDI indices for vegetation/non-vegetation separation. ExG-ExR outperformed other visible indices. Foundational reference for Excess Green Index. Directly relevant to RGB-only vegetation discrimination.",Phase 2: Search 6,https://doi.org/10.1016/j.compag.2008.03.009,To Read,,,,,,pre-2026-09 tracking; no read evidence found 2026-09-12
55,"Li, Z. et al.",2025,Unmanned aerial vehicle imagery for plant communities: Optimizing visible light vegetation indices to extract multi-species coverage,Remote Sensing,"Compared ExG, VDVI, RGRI, RGBVI across crops, trees, and shrubs. All achieved Kappa >0.84 for vegetation/non-vegetation. VDVI best for binary separation. Overall classification accuracy >92.68%. Validates RGB indices for multi-species canopy discrimination.",Phase 2: Search 6,https://doi.org/10.3390/rs17112050,To Read,,,,,,pre-2026-09 tracking; no read evidence found 2026-09-12
56,"Sonnentag, O. et al.",2012,Digital repeat photography for phenological research in forest ecosystems,Agricultural and Forest Meteorology,Established GCC (Green Chromatic Coordinate = G/(R+G+B)) for phenology tracking. GCC is more illumination-robust than GRVI. Alternative RGB index for phenological consistency across multi-temporal imagery with varying illumination.,Phase 2: Search 6,https://doi.org/10.1016/j.agrformet.2011.09.009,To Read,,,,,,pre-2026-09 tracking; no read evidence found 2026-09-12
57,"Zhang, J. et al.",2023,Tracking photosynthetic phenology using spectral indices at leaf and canopy scales,Agricultural and Forest Meteorology,"Compared NDVI, NIRv, PRI, CCI, GRVI, GCC for phenology tracking in evergreen and deciduous trees. GCC outperformed GRVI at canopy scale. NDVI had largest prediction error. Informs choice between GRVI and GCC for temporal analysis.",Phase 2: Search 6,https://doi.org/10.1016/j.agrformet.2023.109808,To Read,,,,,,pre-2026-09 tracking; no read evidence found 2026-09-12
58,"Roberts, D.R. et al.",2017,"Cross-validation strategies for data with temporal, spatial, hierarchical, or phylogenetic structure",Ecography,Foundational review of spatial CV methods. Standard random CV produces optimistically biased error estimates when data are spatially autocorrelated. Recommends blocked or buffered CV. Directly validates the 1024px spatial buffer in Phase 0 K-fold splits.,Phase 1A: Search 1,https://doi.org/10.1111/ecog.02881,Read,PRIMARY,framework §12.2,Roberts_2017_cross-validation-strategies-data,,2026-09-12,"evidence: Scripts/CHATLOG.md#L61 (""Roberts 2017 (‘at least as many units as the range of autocorrelation’ — second source for §12.2 block size)"")."
59,"Ploton, P. et al.",2020,Spatial validation reveals poor predictive performance of large-scale ecological mapping models,Nature Communications,Landmark study: standard CV on 11.8M-tree dataset suggested model predicted >50% of biomass variation; spatial CV revealed quasi-null predictive power. Demonstrates severity of spatial autocorrelation inflation. Directly motivates spatial buffer strategy.,Phase 1A: Search 1,https://doi.org/10.1038/s41467-020-18321-y,To Read,,,,,,pre-2026-09 tracking; no read evidence found 2026-09-12
60,"Valavi, R. et al.",2019,blockCV: An R package for generating spatially or environmentally separated folds for k-fold cross-validation of species distribution models,Methods in Ecology & Evolution,Software implementation of spatial blocking CV. Includes autocorrelation range estimation for choosing block size. Reference for methodology and practical implementation of spatial CV.,Phase 1A: Search 1,https://doi.org/10.1111/2041-210x.13107,To Read,PRIMARY,framework §12.2,Valavi_2018_blockcv-r-package-generating-spatially,114,,pre-2026-09 tracking; no read evidence found 2026-09-12; merged from ID 303 on 2026-09-12
61,"Mahoney, M.J. et al.",2023,Assessing the performance of spatial cross-validation approaches for models of spatially structured data,arXiv preprint,Empirical comparison of spatial CV methods. Spatial CV consistently produced more accurate performance estimates than non-spatial methods. CV worked best when spatial exclusion distance matched autocorrelation range — supports data-driven buffer selection.,Phase 1A: Search 1,https://doi.org/10.48550/arxiv.2303.07334,To Read,,,,,,pre-2026-09 tracking; no read evidence found 2026-09-12
62,"Healy, M. et al.",2022,Historical urban tree canopy cover change in two post-industrial cities,Environmental Management,"62-year UTC analysis (1952-2014) using aerial photos in Chelsea and Holyoke, MA. Found inverse relationship between UTC and economic prosperity. Longest published multi-decadal urban canopy study. Key comparable for positioning 24-year baseline.",Phase 3: Search 8,https://doi.org/10.1007/s00267-022-01614-x,Read,PRIMARY,report LIT_HUNT_MASTER_2026-09-06.md#§4,,,2026-09-06,"evidence: Reports/LIT_HUNT_MASTER_2026-09-06.md#L201 (candidate register K32: READ-FULL, author-deposited AM; per-date interpreter agreement 93–98%; ""detectable change threshold"" 1.07 pp Chelsea / 4.76 pp Holyoke used as noise floor)."
63,"Merry, K. et al.",2014,"Urban tree cover change in Detroit and Atlanta, USA, 1951-2010",Cities,59-year comparison of UTC in two US cities using aerial/satellite imagery. Detroit gained 17% tree cover; Atlanta lost 12%. Demonstrates long-term socioeconomic drivers of canopy change. Another multi-decadal comparable.,Phase 3: Search 8,https://doi.org/10.1016/j.cities.2014.06.012,Read,PRIMARY,report LIT_HUNT_MASTER_2026-09-06.md#§4,,,2026-09-06,"evidence: Reports/LIT_HUNT_MASTER_2026-09-06.md#L199 (candidate register K30: READ-FULL via USFS Treesearch copy; quotes point-sample method ""determine whether the location of each point consisted of… tree canopy"")."
64,"Roman, L.A. et al.",2017,Growing canopy on a college campus: understanding urban forest change through archival records and aerial photography,Environmental Management,55-year UTC analysis (1960-2015) combining aerial photo interpretation with archival records. Mixed-methods approach linking land use decisions to canopy outcomes. Methodology model for historical aerial imagery analysis.,Phase 3: Search 8,https://doi.org/10.1007/s00267-017-0934-0,Read,PRIMARY,report LIT_HUNT_MASTER_2026-09-06.md#§4,,,2026-09-06,"evidence: Reports/LIT_HUNT_MASTER_2026-09-06.md#L200 (candidate register K31: READ-FULL via Treesearch; C1–C5 criteria detail: 9 images/3 vendors, 9 epochs 1970–2012, 500 fixed random points, 10% audit 97.4% agreement)."
65,"Anderson, L. et al.",2025,"Aerial imagery as a tool for monitoring urban tree retention: Applications, strengths and challenges for backyard tree planting programs",Arboriculture & Urban Forestry,"26-year tree retention assessment (1997-2023) in Toronto using aerial imagery. Tracked 2,654 individual trees from a planting program. Most directly comparable individual-tree longitudinal study. Addresses private property monitoring challenges.",Phase 3: Search 8,https://doi.org/10.48044/jauf.2025.022,To Read,,,,,,pre-2026-09 tracking; no read evidence found 2026-09-12
66,"Berland, A. et al.",2024,Historical changes in tree and impervious surface cover following urban renewal in a small postindustrial city,Environmental Management,60-year analysis (1957-2017) of tree and impervious cover in a small city following urban renewal. Tree cover declined in residential areas. Comparable small-city scale and multi-decadal timeframe to Edmonds study.,Phase 3: Search 8,https://doi.org/10.1007/s00267-023-01934-6,Not Obtained,,,,,,"evidence: Reports/LIT_HUNT_MASTER_2026-09-06.md#L105 (footnote: ""the Literature_Tracker ledger … attributes Kropp et al. 2024 to Berland"") and #L202 (K33: Kropp et al. 2024, Environ. Mgmt. · UNREADABLE, Springer paywall; OpenAlex/S2/EPMC/PubMed/Crossref/GitHub checked). This row's Author field (""Berland, A. et al."") appears to be a mis-attribution of Kropp et al. 2024 per that footnote; Author left unchanged per instructions, flagged here."
67,"Smith, J.P. et al.",2024,Deep learning for urban tree canopy coverage analysis: A comparison and case study,GeoHazards,"Compared U-Net, SVM, RF for urban canopy classification. U-Net achieved best accuracy (89.8-91.4%). Applied to 10-year canopy change analysis using free aerial imagery. Validates U-Net as preferred architecture for municipal UTC monitoring.",Phase 3: Search 8,https://doi.org/10.3390/geohazards4040022,To Read,,,,,,pre-2026-09 tracking; no read evidence found 2026-09-12
68,"Guo, Y. & Chen, W.Y.",2024,Monitoring tree canopy dynamics across heterogeneous urban habitats: A longitudinal study using multi-source remote sensing data,"Journal of Environmental Management 356, 120542",Longitudinal urban canopy study using multiple RS data sources. Addresses multi-source data fusion challenges in temporal monitoring. Directly relevant to heterogeneous imagery stack approach.,Phase 3: Search 8,https://doi.org/10.1016/j.jenvman.2024.120542,To Read,,,,,,pre-2026-09 tracking; no read evidence found 2026-09-12
69,"Olofsson, P. et al.",2014,Good practices for estimating area and assessing accuracy of land change,"Remote Sensing of Environment 148, 42-57","The governing protocol for everything we report: stratified probability sampling, unbiased area estimation from the reference sample rather than pixel counting, and confidence intervals on both accuracy and area. Directly applicable to our ~250-point interpretation - it dictates sample allocation, the error-matrix-to-area estimator, and the requirement that our canopy-fraction numbers (30/35/38%) be reported as sample-based estimates with CIs, not as map pixel counts. Note the caution: it assumes the reference is correct, which finding 3 (15-17% inter-reference disagreement) says ours is not - so pair it with Foody 2010 and Stehman & Foody 2019.",Phase 4: Search 9,https://doi.org/10.1016/j.rse.2014.02.015,Read,PRIMARY,report DEGRADED_IMAGERY_RESEARCH_2026-08-27.md#§B.5,,,2026-08-27,"evidence: Reports/DEGRADED_IMAGERY_RESEARCH_2026-08-27.md#L462-473 (verbatim quote — ""The area of land use or land cover change obtained directly from a map may differ greatly from the true area of change…” — plus the paper's 4-step method: probability sampling design, response design protocol, consistent analysis, error matrix in proportion of area)."
70,"Olofsson, P. et al.",2013,Making better use of accuracy data in land change studies: Estimating accuracy and area and quantifying uncertainty using stratified estimation,"Remote Sensing of Environment 129, 122-131","Gives the stratified estimator worked end-to-end, including the variance formulas needed for CIs on class area. This is the paper that converts our per-year confusion counts into a defensible canopy-area estimate with uncertainty, and shows that map-based area and sample-based area routinely differ by more than the effect we are chasing. Use it to decide whether our 30 vs 35 vs 38% canopy-fraction spread is even separable given sample size.",Phase 4: Search 9,https://doi.org/10.1016/j.rse.2012.10.031,To Read,,,Olofsson_2013_making-better-use-accuracy-data,,,pre-2026-09 tracking; no read evidence found 2026-09-12
71,"Stehman, S.V. & Foody, G.M.",2019,Key issues in rigorous accuracy assessment of land cover products,"Remote Sensing of Environment 231, 111199","The current synthesis of good practice across sampling design, response design, and analysis, and explicitly flags imperfect reference data as an under-treated problem - the exact position we are in. Tells us what must be documented for reproducibility, which is the checklist our accuracy reporting should be written against. Its treatment of response design directly informs Search 14's interpretation protocol.",Phase 4: Search 9,https://doi.org/10.1016/j.rse.2019.05.018,To Read,,,Stehman_2019_key-issues-rigorous-accuracy,,,pre-2026-09 tracking; no read evidence found 2026-09-12
72,"Stehman, S.V.",2014,Estimating area and map accuracy for stratified random sampling when the strata are different from the map classes,"International Journal of Remote Sensing 35, 4923-4939","Answers our stratification question head-on: it is legitimate to stratify on something other than the map classes - including a stratification built from reference products - provided you use the estimators given here, which keep the area and accuracy estimates unbiased while inflating variance relative to map-based strata. This licenses the design we want, stratifying by CHM height band and by C-CAP/NDVI agreement-vs-disagreement, and supplies the exact overall/user's/producer's accuracy and standard-error formulas for that case. Without this paper our proposed reference-based stratification would be indefensible.",Phase 4: Search 9,https://doi.org/10.1080/01431161.2014.930207,To Read,,,,,,pre-2026-09 tracking; no read evidence found 2026-09-12
73,"Wagner, J.E. & Stehman, S.V.",2015,Optimizing sample size allocation to strata for estimating area and map accuracy,"Remote Sensing of Environment 168, 126-133","Provides an objective allocation rule (and spreadsheet) that minimizes the summed variance of user's accuracy, producer's accuracy, and area for a target class, instead of the usual ad hoc proportional or equal allocation. This is how we split ~250 points across CHM height bands so the 5-15 m band - which holds 53% of our missed pixels - gets enough samples to estimate its recall precisely rather than being swamped by the tall-canopy majority. Directly determines the design of the interpretation run.",Phase 4: Search 9,https://doi.org/10.1016/j.rse.2015.06.027,To Read,,,,,,pre-2026-09 tracking; no read evidence found 2026-09-12
74,"Stehman, S.V. & Wagner, J.E.",2024,Choosing a sample size allocation to strata based on trade-offs in precision when estimating accuracy and area of a rare class from a stratified sample,"Remote Sensing of Environment 300, 113881","Extends the allocation problem to rare classes and makes the trade-offs explicit: an allocation that sharpens one estimate degrades another, so the design must state which estimate it is optimizing. Relevant because our decision-critical strata (short trees under 5 m, disagreement pixels) are rare relative to the city, and a proportional 250-point sample would put only a handful of points in them. Use with Wagner & Stehman 2015 to justify deliberately over-sampling the short-canopy and disagreement strata.",Phase 4: Search 9,https://doi.org/10.1016/j.rse.2023.113881,To Read,,,,,,pre-2026-09 tracking; no read evidence found 2026-09-12
75,"Radoux, J., Waldner, F. & Bogaert, P.",2020,How response designs and class proportions affect the accuracy of validation data,"Remote Sensing 12(2), 257","Quantifies error introduced by the response design itself - the interpreter's labeling procedure - and shows it grows with landscape heterogeneity and with mixed class proportions inside the sampling unit, which is exactly the fragmented residential canopy of Edmonds. Its adaptive scheme spends little effort on unambiguous points and concentrates interpretation on ambiguous ones, cutting effort 50-75% at equal accuracy; that is a concrete design for handling our 'unsure' responses rather than discarding them. Implies our validation points are themselves noisy, reinforcing finding 3 that reference disagreement is partly reference error, not map error.",Phase 4: Search 9,https://doi.org/10.3390/rs12020257,To Read,,,Radoux_2020a_how-response-designs-class-proportions,,,pre-2026-09 tracking; no read evidence found 2026-09-12
76,"Pontius, R.G. Jr. & Millones, M.",2011,Death to Kappa: birth of quantity disagreement and allocation disagreement for accuracy assessment,"International Journal of Remote Sensing 32, 4407-4429","Replaces kappa with quantity disagreement and allocation disagreement, which decompose a confusion matrix into 'wrong amount' versus 'right amount, wrong place'. This is the right summary for our 15-17% inter-reference disagreement: it tells us whether NDVI and C-CAP disagree about how much canopy exists or about where it is, which are different problems with different fixes. Also the correct frame for the finding that IoU 0.49-0.76 does not move recall - allocation error can swing while quantity error stays fixed.",Phase 4: Search 9,https://doi.org/10.1080/01431161.2011.552923,To Read,,,,,,pre-2026-09 tracking; no read evidence found 2026-09-12
77,"McCombs, J.W., Herold, N.D., Burkhalter, S.G. & Robinson, C.J.",2016,Accuracy assessment of NOAA Coastal Change Analysis Program 2006-2010 land cover and land cover change data,"Photogrammetric Engineering & Remote Sensing 82(9), 711-718","The published accuracy assessment of one of our two references: national overall accuracy 84.0% (kappa 0.83), Oregon/Washington region 84.9%, with a 3x3-pixel sample unit and a six-of-nine homogeneity rule, meaning C-CAP was never validated at the single-pixel scale we are comparing against. It also states outright that C-CAP is intended for county-to-national use and should be treated only as a screening tool for local or site-specific decisions - so some of our 15-17% disagreement is C-CAP being used outside its validated scale, not model error. Notably, interpreters were allowed a 'fuzzy' alternate call when no single dominant class could be identified, which is a working answer to our 'unsure' response question: record an alternate rather than exclude.",Phase 4: Search 10,https://doi.org/10.14358/pers.82.9.711,To Read,,,,,,pre-2026-09 tracking; no read evidence found 2026-09-12
78,"Wickham, J. et al.",2023,Thematic accuracy assessment of the NLCD 2019 land cover for the conterminous United States,GIScience & Remote Sensing 60,"Reports Level II overall accuracy of 77.5% +/- 1% against the primary reference label alone, rising to 87.1% +/- 0.7% when either the primary or an alternate label counts as agreement - a ten-point swing produced purely by how interpreter uncertainty is scored. That is the single most important number for us: it shows that reference ambiguity, handled two defensible ways, moves accuracy by more than our entire model-quality range, which is consistent with finding 2 (IoU 0.49-0.76 not moving recall). Adopt the primary/alternate scheme in our 250-point protocol and report both numbers.",Phase 4: Search 10,https://doi.org/10.1080/15481603.2023.2181143,To Read,,,,,,pre-2026-09 tracking; no read evidence found 2026-09-12
79,"Foody, G.M.",2010,Assessing the accuracy of land cover change with imperfect ground reference data,"Remote Sensing of Environment 114, 2271-2285","Quantifies how reference error distorts accuracy: a 10% reference error under-estimated producer's accuracy by 18.5% when errors were independent but over-estimated it by 12.3% when errors were correlated - so the direction of the bias depends on whether reference and map errors share a cause. This is decisive for finding 4: our labels and our references both come from imagery interpretation of the same scenes, so errors are almost certainly correlated and our recall numbers are likely optimistic, not pessimistic. It also introduces the latent-class route to estimating accuracy without a gold standard, which is the only principled way out of finding 5's 'we cannot tell whether it became more correct'.",Phase 4: Search 10,https://doi.org/10.1016/j.rse.2010.05.003,To Read,,,Foody_2010_assessing-accuracy-land-cover-change,,,pre-2026-09 tracking; no read evidence found 2026-09-12
80,"Foody, G.M.",2022,Global and local assessment of image classification quality on an overall and per-class basis without ground reference data,"Remote Sensing 14(21), 5380","Shows how to estimate a full confusion matrix and per-class accuracy for several classifications using only their mutual agreement pattern, with no ground reference at all, via latent class modeling. This is the direct method for our situation: treat C-CAP, the NDVI+CHM reference, and the model as three imperfect tests of the same latent canopy variable and solve for each one's sensitivity and specificity. It converts the 15-17% disagreement from an unresolvable annoyance into the actual signal the estimator uses, and would let us say which reference is more liberal in error terms rather than just in area terms.",Phase 4: Search 10,https://doi.org/10.3390/rs14215380,To Read,,,,,,pre-2026-09 tracking; no read evidence found 2026-09-12
81,"Gutierrez-Velez, V.H. et al.",2024,Mapping forest cover and change as continuous variables is essential to advance consistency across forest monitoring products,GIScience & Remote Sensing 61,"Argues that most cross-product forest disagreement is manufactured by thresholding a continuous canopy variable at different cut points, and that reporting continuous cover removes disagreement that is definitional rather than empirical. Applies directly: our NDVI reference and C-CAP are two different thresholds on the same underlying vegetation continuum, which explains why one is systematically more liberal and why the disagreement is spatially concentrated in intermediate-cover pixels. Suggests reporting per-crown canopy as a continuous fraction with the threshold stated, rather than a binary mask, so future comparisons are not hostage to our cut point.",Phase 4: Search 10,https://doi.org/10.1080/15481603.2024.2427305,To Read,,,,,,pre-2026-09 tracking; no read evidence found 2026-09-12
82,"Majasalmi, T. & Rautiainen, M.",2021,Representation of tree cover in global land cover products: Finland as a case study area,Environmental Monitoring and Assessment 193,"Head-to-head comparison of how several land cover products represent tree cover over the same ground, attributing differences to class definitions, minimum mapping unit, and the treatment of sparse and short canopy. Gives us published disagreement magnitudes to benchmark our 15-17% against, and shows this level of inter-product disagreement is normal rather than a symptom of something broken in our pipeline. Supports treating reference disagreement as an error-budget term to be reported, not a defect to be eliminated.",Phase 4: Search 10,https://doi.org/10.1007/s10661-021-08898-2,To Read,,,,,,pre-2026-09 tracking; no read evidence found 2026-09-12
83,"Turubanova, S. et al.",2023,"Tree canopy extent and height change in Europe, 2001-2021, quantified using Landsat data archive","Remote Sensing of Environment 298, 113797","Continental canopy product that reports its own height-dependent error structure: most mapping error concentrates in the 4-6 m canopy-height interval, and the product underestimates ESA WorldCover tree area by 25% specifically because short and open-canopy stands are omitted. This is independent confirmation of finding 1 - the deficit is a property of canopy mapping at low heights, not of our model - and it locates the transition band at 4-6 m, close to where our recall curve turns over. Gives us a citable precedent for reporting the height at which our product becomes reliable rather than reporting a single accuracy number.",Phase 4: Search 11,https://doi.org/10.1016/j.rse.2023.113797,To Read,,,,,,pre-2026-09 tracking; no read evidence found 2026-09-12
84,"Moudry, V. et al.",2024,Comparison of three global canopy height maps and their applicability to biodiversity modeling: Accuracy issues revealed,Ecosphere 15,"Compares three global canopy-height products against reference height and finds systematic, height-dependent bias in each - two underestimate at all heights, one overestimates low canopy and underestimates tall canopy. Directly relevant because our CHM is the axis we stratify recall on: if the CHM itself is biased by height, part of our monotonic recall curve is CHM error rather than detection failure, which is a caution finding 1 does not currently account for. Argues for validating our 2016 lidar CHM's height accuracy before treating its bands as ground truth.",Phase 4: Search 11,https://doi.org/10.1002/ecs2.70026,To Read,,,,,,pre-2026-09 tracking; no read evidence found 2026-09-12
85,"Ferraz, A., Saatchi, S., Mallet, C. & Meyer, V.",2016,Lidar detection of individual tree size in tropical forests,"Remote Sensing of Environment 183, 318-333","Reports detection rate explicitly as a function of tree size and canopy stratum, showing detection near-complete for dominant trees and collapsing for suppressed and mid-story trees - the same monotonic shape as our recall-by-CHM-band curve, from a completely different sensor. Establishes that the shape of finding 1 is a general property of remote canopy detection, not an artifact of RGB or of U-Net, which supports finding 2 (architecture is not the constraint). Also supplies the framing of reporting detection as a size-conditional probability rather than a single recall.",Phase 4: Search 11,https://doi.org/10.1016/j.rse.2016.05.028,To Read,,,,,,pre-2026-09 tracking; no read evidence found 2026-09-12
86,"Hamraz, H., Contreras, M.A. & Zhang, J.",2017,Forest understory trees can be segmented accurately within sufficiently dense airborne laser scanning point clouds,Scientific Reports 7,"Partially contradicts the fatalistic reading of finding 1: understory omission is driven by insufficient sampling density, and with dense enough point clouds plus explicit vertical stratification, understory recall rose 22.1% (at a 15.0% precision cost) and understory F-score improved 11.5% while overstory was essentially unaffected. The intervention that works is stratify-then-segment, not a better single-pass model - the direct analogue for us would be a height-band-conditioned model or loss rather than one city-wide model. The precision cost is the honest counterweight: we should expect our low-height recall gains to buy commission error, which is consistent with finding 5's move toward the more liberal NDVI reference.",Phase 4: Search 11,https://doi.org/10.1038/s41598-017-07200-0,To Read,,,,,,pre-2026-09 tracking; no read evidence found 2026-09-12
87,"Clark, A., Phinn, S. & Scarth, P.",2023,Pre-processing training data improves accuracy and generalisability of convolutional neural network based landscape semantic segmentation,"Land 12(7), 1268","Shows that patch sampling systematically under-samples small-area features - features with smaller area are sampled less and therefore classified worse - and that stratified patch sampling fixes it without changing the architecture. This is a mechanism for finding 1 that is entirely under our control: our 2020 training patches almost certainly contain far fewer small-crown pixels than large-crown pixels, so the model is trained to ignore them. Suggests a cheap test before any label overlay work - re-sample training patches stratified by CHM band and see whether low-height recall moves.",Phase 4: Search 11,https://doi.org/10.3390/land12071268,To Read,,,,,,pre-2026-09 tracking; no read evidence found 2026-09-12
88,"Guo, J. et al.",2023,Nationwide urban tree canopy mapping and coverage assessment in Brazil from high-resolution remote sensing images using deep learning,"ISPRS Journal of Photogrammetry and Remote Sensing 198, 1-15","Large-scale urban canopy mapping that names its three dominant error modes: missed small-canopy trees, shrub-versus-tree confusion, and over/under-estimation in dense canopy - and states the trade-off plainly, that adding small-crown training examples also pulls in shrubs and low vegetation. That trade-off is the likely explanation for finding 5: our NIR+CHM overlay lifted low-height recall by 0.34 and landed us next to the more liberal NDVI reference because we recruited non-tree vegetation, not only short trees. Argues the 250-point interpretation must distinguish short trees from shrubs explicitly, or it cannot adjudicate this.",Phase 4: Search 11,https://doi.org/10.1016/j.isprsjprs.2023.02.007,To Read,,,,,,pre-2026-09 tracking; no read evidence found 2026-09-12
89,"Arazo, E. et al.",2020,Pseudo-labeling and confirmation bias in deep semi-supervised learning,"2020 International Joint Conference on Neural Networks (IJCNN), 1-8","The canonical statement of the failure mode behind finding 4: a network trained on its own predictions overfits its early mistakes, and the mistakes are then reinforced rather than corrected, so the student converges toward the teacher's bias regardless of how much unlabeled data it sees. Explains why our coarse-year models inherit the 2020 mask's recall-by-height shape, and predicts that they should not be able to correct it from imagery alone. The mitigations it validates - mixup and a minimum labeled-data floor - translate for us into requiring some genuinely independent labels each year rather than relying entirely on projection from 2020.",Phase 4: Search 12,https://doi.org/10.1109/ijcnn48605.2020.9207304,To Read,,,,,,pre-2026-09 tracking; no read evidence found 2026-09-12
90,"Liu, D. & Chun, Y.",2009,The effects of different classification models on error propagation in land cover change detection,"International Journal of Remote Sensing 30, 5345-5364","Quantifies how single-date classification error propagates into change detection and shows the propagation rate depends strongly on the classifier, with contextual (MRF) models propagating least and non-contextual models most. This matters because our whole product is a change series built from per-year masks: a fixed per-year recall deficit does not produce a fixed error in the temporal signal, and this paper gives the machinery to estimate what it does produce. Relevant to whether our per-crown validity intervals inherit a bias that grows or cancels over 18 acquisitions.",Phase 4: Search 12,https://doi.org/10.1080/01431160903131018,To Read,,,,,,pre-2026-09 tracking; no read evidence found 2026-09-12
91,"Moraes, D., Campagnolo, M.L. & Caetano, M.",2024,Training data in satellite image classification for land cover mapping: a review,European Journal of Remote Sensing 57,"Reviews where training labels come from - including labels inherited from earlier land-cover maps, which is precisely our 2020-mask-as-teacher setup - and collates what is known about how mislabeling degrades accuracy. Gives us the vocabulary and the citations to describe finding 4 as a recognized practice with recognized costs rather than an idiosyncratic shortcut. Also surveys correction strategies that stop short of full re-annotation, which is the constraint we are under.",Phase 4: Search 12,https://doi.org/10.1080/22797254.2024.2341414,To Read,,,,,,pre-2026-09 tracking; no read evidence found 2026-09-12
92,"Peng, L. et al.",2025,Human-annotated label noise and their impact on ConvNets for remote sensing image scene classification,"IEEE JSTARS 18, 1500-1514","Measures real human label noise rather than synthetic flips and shows it is structured - concentrated in genuinely ambiguous classes - and therefore more damaging than the uniform noise most robustness methods assume. Directly applicable because our label noise is not random either: it is a systematic omission concentrated in the 5-15 m band, which is the worst case this paper identifies. Implies off-the-shelf noise-robust losses will not help us, because they assume the noise is not correlated with the feature we care about.",Phase 4: Search 12,https://doi.org/10.1109/jstars.2024.3502461,To Read,,,,,,pre-2026-09 tracking; no read evidence found 2026-09-12
93,"Tang, Y., Zhang, G., Liu, J.K. & Qin, R.",2025,Weakly supervised land-cover classification of high-resolution images with low-resolution labels through optimized label refinement,"International Journal of Remote Sensing 46, 1913-1937","A correction strategy that fits our constraint exactly: refine coarse or mismatched labels automatically rather than re-annotating, and retrain - reported 2-14% average accuracy gain over training on the original labels. This is the methodological precedent for what we did in finding 5 with the NIR+CHM overlay, and it supplies the ablation design to show the refinement helped rather than just shifted the model toward one reference. Use it to structure the argument that our 0.68 to 0.87 recall gain is label correction and not label replacement with a different bias.",Phase 4: Search 12,https://doi.org/10.1080/01431161.2024.2443612,To Read,,,,,,pre-2026-09 tracking; no read evidence found 2026-09-12
94,"Wagner, F.H. et al.",2024,Sub-meter tree height mapping of California using aerial images and LiDAR-informed U-Net model,"Remote Sensing of Environment 305, 114099","Trains a U-Net to predict canopy height directly from aerial RGB/NIR using lidar only as training supervision, then applies it wall-to-wall where no lidar exists. This is the single most useful design for us: it converts our 2016 CHM at ~60% coverage from a spatial-and-temporal constraint into a training signal, letting us synthesize a per-year CHM for all 18 acquisitions instead of applying one 2016 snapshot across 2000-2024. It also makes height an auxiliary prediction target rather than an input channel, which is the only version of CHM fusion that survives our vintage mismatch.",Phase 4: Search 13,https://doi.org/10.1016/j.rse.2024.114099,To Read,,,,,,pre-2026-09 tracking; no read evidence found 2026-09-12; merged from ID 199 on 2026-09-12
95,"Allred, B.W., McCord, S.E. & Morford, S.L.",2025,Canopy height model and NAIP imagery pairs across CONUS,Scientific Data 12,"Builds a CONUS-wide paired CHM/NAIP dataset and documents exactly the pairing problems we face: temporal offset between lidar and imagery acquisition, and horizontal misalignment between lidar-derived polygons and NAIP that is worst in heterogeneous terrain. Gives us published tolerances and a screening procedure for deciding which of our 18 acquisitions the 2016 CHM can legitimately be paired with, and where co-registration error will masquerade as height-dependent recall loss. Also a ready-made pretraining corpus if we adopt the Wagner et al. lidar-informed approach.",Phase 4: Search 13,https://doi.org/10.1038/s41597-025-04655-z,To Read,,,,,,pre-2026-09 tracking; no read evidence found 2026-09-12
96,"Kwong, I.H.Y. & Fung, T.",2020,"Tree height mapping and crown delineation using LiDAR, large format aerial photographs, and unmanned aerial vehicle photogrammetry in subtropical urban forest","International Journal of Remote Sensing 41, 5228-5256","Urban-forest comparison of lidar-derived versus photogrammetric canopy height for crown delineation, including how height accuracy degrades for short and understory crowns in a built environment. Closest analogue to Edmonds in setting, and it quantifies what a photogrammetric CHM from large-format aerial photography can substitute for lidar - directly relevant to whether our 2000s-era imagery can yield its own height surface. Useful check on whether our 2016 CHM's height bands are reliable at the 5-15 m range where our recall deficit lives.",Phase 4: Search 13,https://doi.org/10.1080/01431161.2020.1731002,To Read,,,,,,pre-2026-09 tracking; no read evidence found 2026-09-12
97,"Zhang, H., Yang, C. & Fan, X.",2025,MTCDNet: Multimodal feature fusion-based tree crown detection network using UAV-acquired optical imagery and LiDAR data,"Remote Sensing 17(12), 1996","Ablates how CHM should enter the network - as a stacked band versus a separately encoded modality with learned fusion weights - and reports the multiband+CHM combination best (F1 0.8719, IoU 0.7807). Gives us the architecture comparison to cite if we add height as an input channel for the years where the CHM is temporally plausible. The learned-weight fusion is the more defensible option for us because it can downweight the CHM where it is stale or absent, rather than treating a 2016 height as equally valid in 2003 and 2024.",Phase 4: Search 13,https://doi.org/10.3390/rs17121996,To Read,,,,,,pre-2026-09 tracking; no read evidence found 2026-09-12
98,"Sierra, S., Ramo, R., Padilla, M. & Cobo, A.",2026,"Assessing the impact of LiDAR density and input features on forest canopy height estimation through XGBoost, CNN, and CNN + Transformer approaches","Remote Sensing 18(4), 584","Quantifies how canopy-height estimation degrades as lidar reference density drops and which input features compensate, with CNN+Transformer best under high density (MAE 3.37, R2 0.66) and the ranking changing as density falls. Lets us reason about our ~60% city coverage as a density/sample-size problem with a known accuracy cost rather than an unknown one, and indicates which model class to use given how sparse our supervision actually is. Also a caution on finding 1: an MAE of ~3 m on the height axis would materially blur our 5 m-wide recall bands.",Phase 4: Search 13,https://doi.org/10.3390/rs18040584,To Read,,,,,,pre-2026-09 tracking; no read evidence found 2026-09-12
99,"Pengra, B.W. et al.",2020,Quality control and assessment of interpreter consistency of annual land cover reference data in an operational national monitoring program,"Remote Sensing of Environment 238, 111261","The operational blueprint for our interpretation run: LCMAP's QC design, with 2,952 pixels independently re-interpreted by a second interpreter, reporting 88% overall agreement and class-specific agreement from 46% (Disturbed) to 94% (Water), with Tree Cover among the higher-agreement classes. Gives us a defensible duplicate-interpretation fraction and a published benchmark to compare our own interpreter agreement against. Its finding that rare classes agree worse is a warning for our short-tree stratum, where interpretation will be hardest exactly where we most need it.",Phase 4: Search 14,https://doi.org/10.1016/j.rse.2019.111261,To Read,,,,,,pre-2026-09 tracking; no read evidence found 2026-09-12
100,"Stehman, S.V. et al.",2022,Incorporating interpreter variability into estimation of the total variance of land cover area estimates under simple random sampling,"Remote Sensing of Environment 269, 112806","Shows how to fold interpreter disagreement into the variance of an area estimate instead of pretending the reference is exact, giving a total variance with both sampling and interpretation components. This is the mechanism that lets us report a canopy-fraction CI that honestly includes reference uncertainty - the missing piece behind finding 3, where we currently have no way to say how much of the 15-17% disagreement is irreducible. Requires duplicate interpretation of a subset, which must be designed into the ~250-point run from the start, not added later.",Phase 4: Search 14,https://doi.org/10.1016/j.rse.2021.112806,Not Obtained,,,,,,"evidence: Reports/LIT_HUNT_MASTER_2026-09-06.md#L270 and #L85/93 (""UNREADABLE: Stehman 2022 & Xing 2024 (interpreter variability in variance)""; RSE 269:112806, sought via pubs.usgs.gov and experts.esf.edu, not obtained this hunt)."
101,"Xing, D. & Stehman, S.V.",2024,Using interpenetrating subsampling to incorporate interpreter variability into estimation of the total variance of land cover area estimates,"Remote Sensing of Environment 311, 114289","Extends the above to a practical design: interpenetrating subsamples, where interpreters are randomly assigned overlapping subsets, so interpreter variance is estimated without duplicating every point. Directly sets the protocol if we use more than one interpreter on 250 points - it tells us how to assign points so the variance decomposition is valid. Cheaper than full double interpretation, which matters at our sample size.",Phase 4: Search 14,https://doi.org/10.1016/j.rse.2024.114289,Not Obtained,,,,,,"evidence: Reports/LIT_HUNT_MASTER_2026-09-06.md#L270 and #L85/93 (""UNREADABLE: Stehman 2022 & Xing 2024 (interpreter variability in variance)""; RSE 306:114289, sought via pubs.usgs.gov and experts.esf.edu, not obtained this hunt)."
102,"Tarko, A. et al.",2020,Producing consistent visually interpreted land cover reference data: learning from feedback,"International Journal of Digital Earth 14, 52-70","Tests whether giving interpreters feedback during a campaign actually improves consistency, and reports what kinds of errors persist after training. Practical for a single-interpreter run like ours: it argues for a calibration/training block with known-answer points before the production points, and for measuring drift across the session. Also relevant to how we word the canopy-presence question, since much interpreter inconsistency traces to definition ambiguity rather than image quality.",Phase 4: Search 14,https://doi.org/10.1080/17538947.2020.1729878,To Read,,,,,,pre-2026-09 tracking; no read evidence found 2026-09-12
103,"Reis, M.S. et al.",2024,Assessing interpreter's disagreements in land cover reference data collection from historical Landsat time series in Amazon,"International Journal of Remote Sensing 45, 5192-5223","Multi-interpreter study on historical time series - our exact situation - where sets of three interpreters completely agreed on under half of pixels (39.6%) and completely disagreed on 14.8%. This is a caution against treating a single human interpretation as ground truth for the 2000s-era coarse imagery: interpreter disagreement there is the same order as our 15-17% inter-reference disagreement, so a 250-point human run may not adjudicate between C-CAP and NDVI as cleanly as we hope. Argues for recording interpreter confidence per point and reporting agreement, not just a single label.",Phase 4: Search 14,https://doi.org/10.1080/01431161.2024.2373340,To Read,,,,,,pre-2026-09 tracking; no read evidence found 2026-09-12
104,"Parmehr, E.G. et al.",2016,Estimation of urban tree canopy cover using random point sampling and remote sensing methods,"Urban Forestry & Urban Greening 20, 160-171","Urban-specific treatment of the point-sampling design we are about to run: how many points are needed for a target standard error on canopy fraction, and how point-sampled estimates compare against classified imagery in a city. Sets expectations for the precision a ~250-point sample can deliver - useful for checking whether our 30 vs 35 vs 38% canopy fractions are distinguishable at that sample size, which they may well not be. If not, that is a design finding we need before running the interpretation, not after.",Phase 4: Search 14,https://doi.org/10.1016/j.ufug.2016.08.011,To Read,,,,,,pre-2026-09 tracking; no read evidence found 2026-09-12
105,"Hwang, W.H. & Wiseman, P.E.",2020,Geospatial methods for tree canopy assessment: A case study of an urbanized college campus,"Arboriculture & Urban Forestry 46, 51-65","Head-to-head test of i-Tree Canopy photo interpretation against high-resolution image classification on the same urban ground; a Chi-square test found no statistical difference between the two at a point sample size of 250 or larger (all P > 0.05). That is the direct empirical warrant for our ~250-point design, and it also says what such a sample can and cannot resolve. Its handling of uninterpretable points is a concrete protocol for our 'unsure' responses: two additional analysts independently adjudicate them into a class rather than the points being dropped.",Phase 4: Search 14,https://doi.org/10.48044/jauf.2020.005,To Read,,,,,,pre-2026-09 tracking; no read evidence found 2026-09-12
106,"Liu, J. et al.",2026,Using GeoAI and machine learning tools for consistent high-resolution land cover mapping based on time-series NAIP imagery,Landscape Ecology 41,"Closest published analogue to our problem: temporally consistent high-resolution land cover from a NAIP time series, and it reports that NAIP imagery acquired in the SAME year still shows pronounced domain discrepancies across regions. That is a stronger statement than our consensus finding (a) - if within-year, within-sensor drift is already material, our cross-contractor King 2000 vs King 2019 gap is not an outlier and cannot be assumed away. Gives a published workflow for enforcing temporal consistency that we should compare against our anchor-and-project design.",Phase 5: Search 15,https://doi.org/10.1007/s10980-026-02358-3,To Read,,,,,,pre-2026-09 tracking; no read evidence found 2026-09-12
107,"Luo, M., Zan, Y., Khoshelham, K. & Ji, S.",2025,Domain generalization for semantic segmentation of remote sensing images via vision foundation model fine-tuning,"ISPRS Journal of Photogrammetry and Remote Sensing 230, 126-146","Peer-reviewed treatment of the exact failure our consensus finding (a) names - augmentation bridges resolution but not sensor/radiometry - and shows that fine-tuning a vision foundation model generalizes across unseen domains far better than training from scratch or augmenting. Directly relevant to whether our single shared ResNet-101 U-Net backbone is the right base, or whether a VFM encoder would absorb the sensor/era shift we currently try to fix with normalization. This is a concrete, testable alternative to the radiometric-normalization workstream (open item 3), not a complement to it.",Phase 5: Search 15,https://doi.org/10.1016/j.isprsjprs.2025.09.004,To Read,,,,,,pre-2026-09 tracking; no read evidence found 2026-09-12
108,"Dihkan, M. et al.",2026,Investigating class granularity in historical aerial image segmentation: a comparative analysis of CNN and transformer-based models,"International Journal of Remote Sensing 47, 4934-4964","Benchmarks CNNs (DeepLabV3+, PSPNet, HRNet, ConvNeXt) against transformers (ViT, Swin, BEiT) specifically on HISTORICAL aerial imagery, and varies class granularity - how finely the legend is cut - as the independent variable. Two things we need: whether architecture choice matters more on historical imagery than it does on modern (our finding 2 says model strength does not move the number, but that was measured only on modern-era years), and evidence on how much our canopy-vs-shrub granularity decision costs us. Directly tests a claim we have only verified post-2013.",Phase 5: Search 15,https://doi.org/10.1080/01431161.2026.2660253,To Read,,,,,,pre-2026-09 tracking; no read evidence found 2026-09-12
109,"Simou, M.R. et al.",2026,"Reconstructing a century of urban growth through deep learning-based colorization and segmentation of historical aerial and satellite imagery: Les Sables-d'Olonne, France (1920-2024)","Remote Sensing 18, 1517","Bridges a century-scale domain gap by colorizing panchromatic historical aerial photography (attention-enhanced Pix2Pix) then segmenting with a few-shot U-Net++, on a 1920-2024 series - structurally the same shape as our 2000-2024 problem with a harder input. Offers a route for our King 2000/2002 HARD FLOOR that we have not considered: synthesize the missing radiometry rather than normalize toward it. Treat the reported gains cautiously - colorization invents plausible colour, which is exactly the kind of hallucinated evidence our honest-measurement rule exists to exclude, so any adoption needs an in-year Olofsson check.",Phase 5: Search 15,https://doi.org/10.3390/rs18101517,To Read,,,,,,pre-2026-09 tracking; no read evidence found 2026-09-12
110,"Shen, Z. et al.",2026,D2FT-Net: Frequency-spatial dual domain fine-tuning of vision foundation models for remote sensing domain generalization semantic segmentation,"IEEE Transactions on Geoscience and Remote Sensing 64, 5621016",Fine-tunes a vision foundation model in the FREQUENCY domain as well as the spatial one for domain-generalized segmentation. Relevant because sensor and contractor differences show up largely as texture/sharpening/compression signatures - frequency-domain artifacts - which is plausibly why our spatial augmentation spans 8x GSD but not the King contractor change. Suggests a cheap diagnostic before any retrain: compare per-year power spectra across our 18 acquisitions to see whether the eras separate in frequency space.,Phase 5: Search 15,https://doi.org/10.1109/tgrs.2026.3691111,To Read,,,,,,pre-2026-09 tracking; no read evidence found 2026-09-12
111,"Gong, Z. et al.",2025,CrossEarth: Geospatial vision foundation model for domain generalizable remote sensing semantic segmentation,arXiv:2410.22629 (PREPRINT - not peer reviewed),"First vision foundation model built specifically for remote-sensing domain generalization, benchmarked over 32 cross-domain settings spanning location, wavelength, sensor, platform and climate - the same axes we span across King/Snohomish/NAIP. Its Earth-Style Injection pipeline is a generative alternative to radiometric normalization that operates on style rather than on histograms. Flagged PREPRINT: use as a design reference and a source of benchmark structure, not as evidence, until it has a venue.",Phase 5: Search 15,https://arxiv.org/abs/2410.22629,To Read,,,,,,pre-2026-09 tracking; no read evidence found 2026-09-12
112,"Wang, D., Shelhamer, E., Liu, S., Olshausen, B. & Darrell, T.",2021,Tent: Fully test-time adaptation by entropy minimization,ICLR 2021 (arXiv:2006.10726),"The method STATE's open item 3 is implicitly proposing - re-estimate BN statistics on the target year and minimize prediction entropy, no labels and no source data needed. Read the objective carefully before adopting it: entropy minimization optimizes for CONFIDENCE, and our documented failure mode is near-threshold misses (2013: 91% of missed forest sits between prob 0.12 and threshold). Pushing those pixels away from the decision boundary hardens the existing bias rather than correcting it - inference-time confirmation bias, the same mechanism as Arazo 2020 (ID 89).",Phase 5: Search 16,https://arxiv.org/abs/2006.10726,To Read,,,,,,pre-2026-09 tracking; no read evidence found 2026-09-12
113,"Niu, S. et al.",2023,Towards stable test-time adaptation in dynamic wild world,ICLR 2023 Oral (arXiv:2302.12400),"Documents when test-time adaptation fails outright or actively HARMS the model: mixed distribution shifts, small batch sizes, and online imbalanced label distribution. All three describe our deployment exactly - three sensors plus contractor changes, an inference batch of 32 on Colab, and canopy that is spatially clustered so a batch can be pure forest or pure water. Its fix (drop high-gradient noisy samples, seek a flat minimum) is the minimum safe configuration if we try TTA at all; without it this is a plausible way to make several years quietly worse with no label to catch it.",Phase 5: Search 16,https://arxiv.org/abs/2302.12400,To Read,,,,,,pre-2026-09 tracking; no read evidence found 2026-09-12
114,"Wang, Q., Fink, O., Van Gool, L. & Dai, D.",2022,Continual test-time domain adaptation,"Proceedings of the IEEE/CVF CVPR 2022, 7191-7201","Adapts across a SEQUENCE of shifting domains rather than one target, and addresses the error accumulation and catastrophic forgetting that arise when adaptation is applied repeatedly - which is the shape of our problem if we adapt year by year across 18 acquisitions in temporal order. Directly relevant to whether per-year adaptation drifts cumulatively, which would corrupt exactly the temporal signal our per-crown validity intervals depend on. Argues for resetting to source weights periodically rather than chaining adaptations, a design choice we would otherwise get wrong by default.",Phase 5: Search 16,https://doi.org/10.1109/cvpr52688.2022.00706,To Read,,,,,,pre-2026-09 tracking; no read evidence found 2026-09-12
115,"Wang, P., Yao, W., Shao, J. & He, Z.",2025,Test-time adaptation for geospatial point cloud semantic segmentation with distinct domain shifts,"ISPRS Journal of Photogrammetry and Remote Sensing 229, 422-435","The peer-reviewed geospatial benchmark of the methods above - AdaBN, TENT, DIGA and ROID compared across five datasets under shifts in location, platform, modality and TIME, the same axes we span. Gives us realistic expected gains for TTA on geospatial data rather than the ImageNet-corruption numbers the method papers report, so we can decide whether the effect size justifies the risk Niu 2023 documents. Caveat for transfer: it is point-cloud, not aerial imagery, so treat the ranking as indicative and the magnitudes as unverified for our modality.",Phase 5: Search 16,https://doi.org/10.1016/j.isprsjprs.2025.08.022,To Read,,,,,,pre-2026-09 tracking; no read evidence found 2026-09-12
116,"Ji, C. & Tang, H.",2025,Towards reliable land cover mapping under domain shift: An overview and comprehensive comparative study on uncertainty estimation,"Earth-Science Reviews 263, 105070","The review written for our exact situation - land cover mapping where the deployment domain differs from training - comparing uncertainty-estimation methods head to head rather than proposing another. Tells us which uncertainty estimator to use for the per-crown validity intervals and, critically, which ones stay meaningful once the domain shifts, since most are validated in-domain only. This should be read before any further work on calibration or confidence, and before committing to an uncertainty method for the deliverable.",Phase 5: Search 17,https://doi.org/10.1016/j.earscirev.2025.105070,To Read,,,,,,pre-2026-09 tracking; no read evidence found 2026-09-12
117,"Ovadia, Y. et al.",2019,Can you trust your model's uncertainty? Evaluating predictive uncertainty under dataset shift,"Advances in Neural Information Processing Systems 32 (NeurIPS 2019), 13969-13980 (arXiv:1906.02530)","The canonical result that model confidence degrades as the domain shifts and that post-hoc temperature scaling, fitted on in-distribution validation data, does NOT hold up under shift - accuracy falls and confidence does not fall with it. Directly governs our plan to fix near-threshold misses by calibration: a temperature fitted on 2020 will not transfer to 2000, so calibration must be fitted PER YEAR on in-year data or it inherits the same problem as the labels. Also finds deep ensembles the most robust option under shift, which is a cost we would have to budget for across 18 years.",Phase 5: Search 17,https://arxiv.org/abs/1906.02530,To Read,,,,,,pre-2026-09 tracking; no read evidence found 2026-09-12
118,"Ding, Z., Han, X., Liu, P. & Niethammer, M.",2021,Local temperature scaling for probability calibration,"Proceedings of the IEEE/CVF ICCV 2021, 6869-6879","Extends temperature scaling from one global scalar to a spatially varying field, so calibration can differ across the image. Matters for us because our miscalibration is spatially structured, not uniform: the model behaves differently on suburban/ornamental ground than on forest stands, which is the 8/8 visual grounding and the ccap_only low-height mass. A single per-year temperature may therefore under-correct exactly where we need it most; this gives the machinery for a context-varying correction.",Phase 5: Search 17,https://doi.org/10.1109/iccv48922.2021.00681,To Read,,,,,,pre-2026-09 tracking; no read evidence found 2026-09-12
119,"Singh, G. et al.",2024,Uncertainty quantification for probabilistic machine learning in earth observation using conformal prediction,"Scientific Reports 14, 16166","Conformal prediction gives distribution-free coverage guarantees from a modest calibration set - the property our per-crown validity intervals actually need, since we can promise coverage without assuming the model is well specified. Applied to earth observation specifically, so the practicalities (calibration set size, exchangeability assumptions) are worked through for our data type. The exchangeability assumption is where it will bite us: our years are not exchangeable with each other, so conformal must be calibrated within a year, not pooled across the series.",Phase 5: Search 17,https://doi.org/10.1038/s41598-024-65954-w,To Read,,,,,,pre-2026-09 tracking; no read evidence found 2026-09-12
120,"Angelopoulos, A.N., Bates, S., Fisch, A., Lei, L. & Schuster, T.",2025,Conformal risk control,arXiv:2208.02814 (v. June 2025; PREPRINT),"Generalizes conformal prediction from coverage to controlling the expected value of ANY monotone loss - and names bounding the FALSE NEGATIVE RATE as a worked application. That is our headline complaint stated as a controllable quantity: recall .51-.78 means an FNR of .22-.49 that we currently estimate and cannot bound. CRC would instead let us CHOOSE a per-year operating threshold with a provable bound on missed canopy, from a modest in-year calibration set - turning threshold selection from a tuning decision into a guarantee. It also carries extensions for distribution shift, which is the case we actually have.",Phase 5: Search 18,https://arxiv.org/abs/2208.02814,To Read,,,,,,pre-2026-09 tracking; no read evidence found 2026-09-12
121,"Mossina, L. & Friedrich, C.",2025,Conformal prediction for image segmentation using morphological prediction sets,"MICCAI 2025, Lecture Notes in Computer Science, 78-88","Peer-reviewed segmentation-specific conformal method that conformalizes the number of morphological DILATION iterations needed to reach a target coverage, working directly on predicted and ground-truth masks. Attractive for us because the output is still a mask - it yields an inner/outer envelope around each predicted crown rather than a probability, which is closer to a per-crown validity interval than a calibrated softmax is. Gives a published, citable baseline that later preprints in this line are measured against.",Phase 5: Search 18,https://doi.org/10.1007/978-3-032-04965-0_8,To Read,,,,,,pre-2026-09 tracking; no read evidence found 2026-09-12
122,"Andeol, L., Mossina, L., Mazoyer, A. & Gerchinovitz, S.",2025,Conformal object detection by sequential risk control,arXiv:2505.24038 (PREPRINT),"Extends conformal risk control to sequential two-parameter detection tasks, with losses built for detection certification including a box-wise recall loss - the proportion of MISSED objects. Directly applicable to a per-crown deliverable: it bounds the fraction of crowns we fail to detect, per year, valid at any dataset size and without assumptions about the model or the data distribution. The 'any dataset size' property is what makes it usable at our human-sample budget where variance-limited estimation is not.",Phase 5: Search 18,https://arxiv.org/abs/2505.24038,To Read,,,,,,pre-2026-09 tracking; no read evidence found 2026-09-12
123,"Lu, K., Kluger, D.M., Bates, S. & Wang, S.",2026,Conformal prediction sets for instance segmentation,arXiv:2602.10045 (PREPRINT),"Answers our open question Q10 directly: object-level conformal for instance segmentation exists, guaranteeing the probability that at least one prediction in the set has high IoU with the true instance mask, with set size adapting to query difficulty. This is the correct statistical object for per-crown validity intervals - pixel-wise coverage does not imply crown-wise coverage. Beats conformal risk control and morphological dilation baselines; note the guarantee is 'at least one prediction is good', which is weaker than 'this specific crown is right' and may need adapting before it fits our per-crown claim.",Phase 5: Search 18,https://arxiv.org/abs/2602.10045,To Read,,,,,,pre-2026-09 tracking; no read evidence found 2026-09-12
124,"Tibshirani, R.J., Barber, R.F., Candes, E.J. & Ramdas, A.",2019,Conformal prediction under covariate shift,Advances in Neural Information Processing Systems 32 (NeurIPS 2019) (arXiv:1904.06019),"Extends conformal beyond exchangeability to the case where train and test COVARIATE distributions differ, by reweighting calibration scores by the likelihood ratio - and states the ratio can be estimated from a large set of UNLABELLED test covariates. That is precisely our position: labels for one year, but 18 years of unlabelled imagery available to estimate how each year's imagery distribution differs from 2020. This is the mechanism that could carry a guarantee from a labelled year to an unlabelled one, and it is the single most directly usable result found in this loop so far.",Phase 5: Search 19,https://arxiv.org/abs/1904.06019,To Read,,,,,,pre-2026-09 tracking; no read evidence found 2026-09-12
125,"Barber, R.F., Candes, E.J., Ramdas, A. & Tibshirani, R.J.",2023,Conformal prediction beyond exchangeability,The Annals of Statistics 51(2),"The general non-exchangeable case, peer-reviewed: coverage still holds but degrades by an explicit, computable term measuring how far the data departs from exchangeability. This converts our 2000/2002 hard floor from 'unmeasurable' into 'measurable with a stated coverage penalty' - we could publish a bound and say honestly how much it is weakened by the temporal gap, instead of shipping LOW-CONFIDENCE with no number. Directly addresses open questions Q12 and Q13, and it is the theoretical licence for applying any of the Search 18 risk-control machinery across our non-exchangeable years.",Phase 5: Search 19,https://doi.org/10.1214/23-aos2276,To Read,,,,,,pre-2026-09 tracking; no read evidence found 2026-09-12
126,"Maia Polo, F. & Vicente, R.",2022,"Effective sample size, dimensionality, and generalization in covariate shift adaptation","Neural Computing and Applications 35, 18187-18199","Shows importance weighting fails when the EFFECTIVE SAMPLE SIZE after reweighting collapses, and that this happens routinely as dimensionality rises. Gives us a go/no-go DIAGNOSTIC rather than an argument: fit a per-year density ratio, compute ESS, and if it collapses then weighted conformal (ID 124) cannot carry a guarantee to that year and we must fall back to the assumption-free penalty of Barber 2023 (ID 125). This is cheap, local, needs no labels, and should be run before any conformal design work.",Phase 5: Search 20,https://doi.org/10.1007/s00521-021-06615-1,To Read,,,,,,pre-2026-09 tracking; no read evidence found 2026-09-12
127,"Fang, T., Lu, N., Niu, G. & Sugiyama, M.",2020,Rethinking importance weighting for deep learning under distribution shift,Advances in Neural Information Processing Systems 33 (NeurIPS 2020),"Documents that classical importance weighting, which works for low-dimensional data and linear models, degrades on high-dimensional data with deep models, and proposes dynamic weight estimation instead of a fixed pre-computed ratio. Tempers the optimism of Search 19: the likelihood-ratio route is not a free lunch at image dimensionality, and a naive domain-classifier ratio is likely to saturate. Read alongside ID 124 before committing to weighted conformal as the spine of the deliverable.",Phase 5: Search 20,https://proceedings.neurips.cc/paper/2020/file/8b9e7ab295e87570551db122a04c6f7c-Paper.pdf,To Read,,,,,,pre-2026-09 tracking; no read evidence found 2026-09-12
128,"Serov, E., Koldasbayeva, D. & Zaytsev, A.",2026,Kernel mean matching enhances risk estimation under spatial distribution shifts,Scientific Reports 16,"Addresses the specific case we are in - SPATIALLY structured, clustered data - and reports that both no-weighting and classifier-based importance weighting fail there, because classifier-based weights inherit instability from imperfect separation and non-overlapping samples. Proposes kernel mean matching, which matches distribution means in a feature space instead of estimating a pointwise ratio, avoiding the high-variance step that breaks in high dimensions. This is the most plausible practical route to the reweighting that Search 19's guarantee depends on, and it is validated on spatial data rather than on benchmark tabular shifts.",Phase 5: Search 20,https://doi.org/10.1038/s41598-026-36740-7,To Read,,,,,,pre-2026-09 tracking; no read evidence found 2026-09-12
129,"Vovk, V.",2013,Conditional validity of inductive conformal predictors,"Machine Learning 92, 349-376","Establishes that split-conformal coverage is guaranteed only MARGINALLY - averaged over calibration draws - and gives the exact Beta distribution of the coverage you actually get from one fixed calibration set. This is the correction our Search 17 note needed: the 1/(n+1) slack describes the average across hypothetical samples, not the single sample we will really collect. Using this we can state, before labelling anything, how far our realized per-year coverage could sit from the nominal target at a chosen n.",Phase 5: Search 21,https://doi.org/10.1007/s10994-013-5355-6,To Read,,,,,,pre-2026-09 tracking; no read evidence found 2026-09-12
130,"Angelopoulos, A.N. & Bates, S.",2023,Conformal prediction: A gentle introduction,"Foundations and Trends in Machine Learning 16(4), 494-591","The standard practitioner reference, and the source of the widely-quoted guidance that a calibration set of roughly 1000 is reasonable - which is about controlling coverage VARIABILITY, not about the validity of the guarantee. Gives us the vocabulary and the defaults for the whole conformal spine, and settles the apparent contradiction between 'valid at any n' and 'you need 1000'. Read together with Vovk 2013 before choosing our per-year sample size.",Phase 5: Search 21,https://doi.org/10.1561/2200000101,To Read,,,,,,pre-2026-09 tracking; no read evidence found 2026-09-12
131,"Sosa, J. et al.",2024,How effective is pre-training of large masked autoencoders for downstream Earth observation tasks?,arXiv:2409.18536 (PREPRINT),"Finds that large MAE pretraining helps mainly when the downstream task RESEMBLES the pretraining objective - reconstruction - and that for SEGMENTATION, training from scratch with well-tuned hyperparameters performs comparably or better. This is the direct counterweight to our Search 15 enthusiasm for foundation-model fine-tuning: it does not follow that a pretrained encoder beats our tuned ResNet-101 U-Net on in-domain canopy segmentation. Note the reconciliation, because it is testable: Luo 2025 (ID 107, peer-reviewed) claims the VFM advantage on CROSS-DOMAIN generalization, not in-domain accuracy - so the honest expectation is that pretraining buys robustness across our eras, not a better 2016 IoU.",Phase 5: Search 22,https://arxiv.org/abs/2409.18536,To Read,,,,,,pre-2026-09 tracking; no read evidence found 2026-09-12
132,"Romero, J., Lv, Q. & Karimzadeh, M.",2026,How do self-supervised remote sensing vision models transfer to downstream tasks?,arXiv:2606.13896 (PREPRINT),"Three findings that change how we would run such an experiment: model rankings CHANGE across tasks and adaptation settings so there is no universally best geospatial foundation model; decoder architecture and fine-tuning strategy matter as much as the choice of backbone; and task-relevant information sits in INTERMEDIATE transformer layers rather than final embeddings. That last point is a direct answer to our open question Q15 - if we need a feature space for kernel mean matching or a density-ratio estimate, take intermediate-layer activations, not the final embedding. Also warns that any single-benchmark claim about foundation models should be distrusted, including the ones we cited in Search 15.",Phase 5: Search 22,https://arxiv.org/abs/2606.13896,To Read,,,,,,pre-2026-09 tracking; no read evidence found 2026-09-12
133,"Straka, J. & Gruber, I.",2025,SatDINO: A deep dive into self-supervised pretraining for remote sensing,arXiv:2508.21402 (PREPRINT),"Reports DINO-style contrastive pretraining outperforming the far more common masked-autoencoder approach on remote sensing benchmarks, and - directly useful to us - adds explicit GROUND SAMPLE DISTANCE encoding plus adaptive view sampling as independent components. Our archive spans 7.5-60 cm, an 8x GSD range that our augmentation already bridges but our encoder does not represent; GSD conditioning is a cheaper, more targeted idea than retraining per resolution tier. If we pretrain on our own unlabelled 18-year archive, this says use DINO rather than MAE and condition on GSD.",Phase 5: Search 22,https://arxiv.org/abs/2508.21402,To Read,,,,,,pre-2026-09 tracking; no read evidence found 2026-09-12
134,"Capliez, E., Ienco, D., Gaetano, R., Baghdadi, N. & Hadj Salah, A.",2023,Temporal-domain adaptation for satellite image time-series land-cover mapping with adversarial learning and spatially aware self-training,"IEEE JSTARS 16, 3645-3675","The closest published method to our design: SpADANN transfers a land-cover classifier from one labelled YEAR to another over the SAME study area, combining adversarial alignment with spatially aware pseudo-labelling. Peer-reviewed, and it names the obstacle we hit - differing acquisition conditions between periods produce a distribution shift that plain transfer does not survive. Two limits to carry: it transfers to a SUCCESSIVE year (one step), not across 24 years and three sensors, and its engine is pseudo-labelling - the exact mechanism our finding 4 identifies as how the blind spot gets taught. The spatially aware part is the transferable idea; the iterated self-training is the part to be wary of.",Phase 5: Search 23,https://doi.org/10.1109/jstars.2023.3263755,To Read,,,,,,pre-2026-09 tracking; no read evidence found 2026-09-12
135,"Qin, X. et al.",2025,Spatiotemporal masked pre-training for advancing crop mapping on satellite image time series with limited labels,"International Journal of Applied Earth Observation and Geoinformation 137, 104426","Peer-reviewed instance of the design Search 22 pointed at: pretrain on the unlabelled TIME SERIES itself, then fine-tune with few labels. Unlike the generic foundation-model papers, the pretraining corpus is the same archive the model is deployed on - which is precisely our 18 unlabelled years - so it is direct evidence that in-archive pretraining works in the limited-label regime rather than a claim transferred from a satellite benchmark. Caveat: crop mapping has strong seasonal periodicity our canopy series lacks, so the temporal structure it exploits may not exist for us.",Phase 5: Search 23,https://doi.org/10.1016/j.jag.2025.104426,To Read,,,,,,pre-2026-09 tracking; no read evidence found 2026-09-12
136,"Yang, Y. & Soatto, S.",2020,FDA: Fourier domain adaptation for semantic segmentation,"Proceedings of the IEEE/CVF CVPR 2020, 4084-4094","Bridges a domain gap by swapping only the LOW-FREQUENCY AMPLITUDE spectrum between source and target images - no training, no labels, no adversarial stage - because amplitude carries style (texture, colour, contrast) while phase carries semantic content. This attacks our consensus finding (a) head-on: augmentation spans 8x GSD but not the King contractor change or the sensor switch, and those are exactly style, i.e. amplitude. It is the cheapest intervention found in this entire loop - an FFT per tile - and it is directly testable on 2000 vs 2020 before any retraining. It also implies the per-year low-frequency amplitude summary IS the sensor-era signature, giving the low-dimensional feature space that Search 20's reweighting needs.",Phase 5: Search 24,https://doi.org/10.1109/cvpr42600.2020.00414,To Read,,,,,,pre-2026-09 tracking; no read evidence found 2026-09-12
137,"Brigato, L., Barz, B., Iocchi, L. & Denzler, J.",2021,Tune it or don't use it: Benchmarking data-efficient image classification,"2nd Visual Inductive Priors for Data-Efficient Deep Learning Workshop, ICCV 2021 (arXiv:2108.13122)","Across six datasets including satellite imagery, tuning only learning rate, weight decay and batch size on a held-out split produced a baseline that OUTPERFORMED all but one specialized data-efficient method. Read against our situation - one labelled year, and a v030-v048 history dominated by DEBUGGING (sampler, BN, metric artifacts) rather than tuning - this says the cheapest untried gain may be a proper hyperparameter search on the model we already have. It also sets the bar any foundation-model or adaptation proposal must clear: beating an under-tuned baseline proves nothing.",Phase 5: Search 25,https://arxiv.org/abs/2108.13122,To Read,,,,,,pre-2026-09 tracking; no read evidence found 2026-09-12
138,"Vogeler, J.C., Braaten, J.D., Slesak, R.A. & Falkowski, M.J.",2018,Extracting the full value of the Landsat archive: Inter-sensor harmonization for the mapping of Minnesota forest canopy cover (1973-2015),"Remote Sensing of Environment 209, 363-374","The closest published analogue to our entire project on the temporal-canopy side: a 42-year CANOPY COVER series built across multiple sensor generations, peer-reviewed, where inter-sensor harmonization is the central problem rather than a footnote. Gives us a worked precedent for what harmonizing a multi-decade canopy archive actually requires, and how the resulting series is validated - which is exactly the gap Search 23 found in the ML literature. Read it before designing our own harmonization; it is 42 years at coarse resolution where we are 24 years at fine, so the sensor problem is harder there and the spatial problem harder here.",Phase 5: Search 26,https://doi.org/10.1016/j.rse.2018.02.046,To Read,,,,,,pre-2026-09 tracking; no read evidence found 2026-09-12
139,"Li, W., Sun, K. & Wei, J.",2025,Adapting cross-sensor high-resolution remote sensing imagery for land use classification,"Remote Sensing 17, 927","Separates the two problems our 2017 matched pair can now isolate: positional encoding to absorb RESOLUTION differences, and random AMPLITUDE MIXUP to absorb SPECTRAL/style inconsistency. That is independent convergence on the amplitude-equals-style thread from FDA (ID 136), and it validates treating GSD and sensor as distinct axes rather than one 'domain'. Its dynamic pseudo-labelling stage carries the usual confirmation-bias risk (ID 89) and should be treated as optional, but the two-axis architecture is the transferable idea.",Phase 5: Search 26,https://doi.org/10.3390/rs17050927,To Read,,,,,,pre-2026-09 tracking; no read evidence found 2026-09-12
140,"Li, Y., Wang, N., Shi, J., Hou, X. & Liu, J.",2018,Adaptive batch normalization for practical domain adaptation,"Pattern Recognition 80, 109-117","Establishes the premise both sides of our FREEZE_ENCODER_BN argument depend on: BN statistics encode DOMAIN-SPECIFIC information, so replacing source statistics with target-domain statistics adapts the model with no labels and no retraining. This is the peer-reviewed version of the claim that our v039 freeze appears to contradict, and it is estimated over the whole target domain rather than per batch - which is exactly why it does not suffer the small-batch instability that motivated our freeze. Reframes the conflict: v039 and AdaBN disagree about WHEN statistics are estimated, not about whether BN carries domain information.",Phase 5: Search 27,https://doi.org/10.1016/j.patcog.2018.03.005,To Read,,,,,,pre-2026-09 tracking; no read evidence found 2026-09-12
141,"Chang, W.-G., You, T., Seo, S., Kwak, S. & Han, B.",2019,Domain-specific batch normalization for unsupervised domain adaptation,"Proceedings of the IEEE/CVF CVPR 2019, 7346-7354","Resolves the conflict instead of picking a side: keep a SEPARATE BN branch per domain, so each domain gets its own statistics while all other weights stay shared. That is directly buildable for us and it composes with the iteration-11 finding - use one BN branch per RADIOMETRIC CLUSTER rather than per agency. It gives per-year statistics without the small-batch instability that motivated FREEZE_ENCODER_BN, because each branch is estimated over a whole domain offline rather than online per batch. Strongest candidate yet for replacing the per-(sensor x era) anchor idea with something the network actually implements.",Phase 5: Search 27,https://doi.org/10.1109/cvpr.2019.00753,To Read,,,,,,pre-2026-09 tracking; no read evidence found 2026-09-12
142,"Liang, C., Li, W., Dong, Y. & Fu, W.",2024,Single domain generalization method for remote sensing image segmentation via category consistency on domain randomization,"IEEE Transactions on Geoscience and Remote Sensing 62, 1-16","Names our exact regime and gives it a literature: SINGLE domain generalization - train on ONE source domain, deploy to unseen domains, no target data at training time. That is 2020-labels-only deployed across 17 other acquisitions, and Search 23 concluded no published work covered it; this is the formalization we were missing. Its mechanism is domain randomization with a category-consistency constraint, which is the principled version of 'augment harder' and answers our consensus finding (a) directly. Peer-reviewed in TGRS - the strongest single match to our constraint found in this loop.",Phase 5: Search 28,https://doi.org/10.1109/tgrs.2024.3379669,To Read,,,,,,pre-2026-09 tracking; no read evidence found 2026-09-12
143,"Yaras, C., Kassaw, K., Huang, B., Bradbury, K. & Malof, J.M.",2024,Randomized histogram matching: A simple augmentation for unsupervised domain adaptation in overhead imagery,"IEEE JSTARS 17, 1988-1998","Head-to-head evidence for OVERHEAD imagery specifically that randomized histogram matching - matching each training image to a randomly drawn reference histogram - is competitive with, and cleaner than, GAN-based style transfer, which introduces artifacts and blurred patterns. That is a direct verdict on the Phase 2 Search 5 question and a caution against the generative route (StandardGAN ID 30, diffusion ID 37): the simple method wins on our data type. Cheapest possible test of consensus finding (a) - it needs no new model, only a change to the augmentation pipeline, and it can be tried on the 2017 matched pair immediately.",Phase 5: Search 28,https://doi.org/10.1109/jstars.2023.3340412,To Read,,,,,,pre-2026-09 tracking; no read evidence found 2026-09-12
144,"Wang, Y. et al.",2025,Boosting domain generalization in remote sensing image segmentation via style mapping and general prototypical contrast,"International Journal of Computer Vision 133, 8526-8545","Top-venue treatment of RS segmentation domain generalization that separates STYLE (a lightweight style mapper built from statistical style prototypes) from CONTENT (prototypical contrast on categories) - the same amplitude-versus-semantics split arrived at from a third direction, after FDA (ID 136) and amplitude mixup (ID 139). Useful because it transfers style knowledge statistically rather than generatively, avoiding the artifact problem Yaras 2024 documents. Read alongside Liang 2024: one gives the regime, this gives the mechanism.",Phase 5: Search 28,https://doi.org/10.1007/s11263-025-02568-3,To Read,,,,,,pre-2026-09 tracking; no read evidence found 2026-09-12
145,"Iizuka, R., Xia, J. & Yokoya, N.",2024,Frequency-based optimal style mix for domain generalization in semantic segmentation of remote sensing images,"IEEE Transactions on Geoscience and Remote Sensing 62, 1-14","The remote-sensing-specific realization of everything Search 24/26/28 converged on: mix STYLE in the frequency domain, but keep the frequencies that carry segmentation signal and randomize only the rest (its 'optimal mix'), plus a consistency regularizer. That refinement matters for us because a blunt amplitude swap (FDA, ID 136) risks destroying the fine texture that distinguishes a crown from a lawn at 7.5 cm - FOSMix explicitly preserves the essential frequencies instead. Peer-reviewed in TGRS, code public, and it names location, TIME and SENSOR as the shifts it targets, which is our exact triple.",Phase 5: Search 29,https://doi.org/10.1109/tgrs.2023.3344670,To Read,,,,,,pre-2026-09 tracking; no read evidence found 2026-09-12
146,"Rafi, T.H., Mahjabin, R., Ghosh, E., Ko, Y.-W. & Lee, J.-G.",2024,Domain generalization for semantic segmentation: a survey,Artificial Intelligence Review 57,"Peer-reviewed survey of the field our problem actually belongs to, organizing methods into augmentation/randomization, feature normalization and disentanglement, and meta-learning families. Gives us the map we lacked for the first sixteen iterations, when we were searching domain ADAPTATION vocabulary and finding the wrong shelf. Use it to check the loop's coverage for whole families we have missed, rather than continuing to sample the literature one method at a time.",Phase 5: Search 29,https://doi.org/10.1007/s10462-024-10817-z,To Read,,,,,,pre-2026-09 tracking; no read evidence found 2026-09-12
147,"Kokubu, Y., Hara, S. & Tani, A.",2020,Mapping seasonal tree canopy cover and leaf area using Worldview-2/3 satellite imagery: A megacity-scale case study in Tokyo urban area,"Remote Sensing 12, 1505","Quantifies how URBAN canopy cover itself changes with season at city scale, rather than treating season as a nuisance - the number our 18-acquisition series needs and does not have. Directly relevant because our acquisition dates are unknown (Q19) and a leaf-off or shoulder-season year would show genuinely less deciduous canopy, which our pipeline would score as model recall failure. Establishes that seasonal canopy variation in a city is large enough to matter for exactly the comparisons we are making across years.",Phase 5: Search 30,https://doi.org/10.3390/rs12091505,To Read,,,,,,pre-2026-09 tracking; no read evidence found 2026-09-12
148,"Kou, R., Fang, B., Chen, G. & Wang, L.",2020,Progressive domain adaptation for change detection using season-varying remote sensing images,"Remote Sensing 12, 3815","Treats seasonal difference as a DOMAIN SHIFT to be aligned before change detection, rather than as noise - the framing our temporal pipeline needs, since we currently attribute every cross-year difference to canopy change or model error with no seasonal term at all. Its core problem statement is ours: real change and seasonally-induced change are hard to separate with a single end-to-end model. Useful as the argument for adding an explicit seasonal/phenological factor to the per-crown validity intervals rather than hoping augmentation absorbs it.",Phase 5: Search 30,https://doi.org/10.3390/rs12223815,To Read,,,,,,pre-2026-09 tracking; no read evidence found 2026-09-12
149,"Lasko, K., Pan, C.G. & Griffin, S.P.",2026,Winter tree and terrain shadow correction reveals land cover mapping errors in Sentinel-2 satellite imagery,"Ecological Informatics 96, 103809","Shows that correcting for low-sun-angle TREE and TERRAIN shadow does not merely tidy the imagery - it EXPOSES land cover mapping errors that were previously invisible, i.e. shadow was silently corrupting the map. Directly relevant to our unmeasured illumination axis: acquisitions flown at low solar elevation put large shadows well beyond the actual canopy footprint, which is simultaneously a commission risk (shadow read as dark canopy) and an omission risk (shadowed crowns too dark to detect). Gives the argument for treating sun geometry as a correction step rather than something augmentation absorbs.",Phase 5: Search 31,https://doi.org/10.1016/j.ecoinf.2026.103809,To Read,,,,,,pre-2026-09 tracking; no read evidence found 2026-09-12
150,"Bo, Z.-Y., Lu, W., Chen, H., Chen, S.-B. & Luo, B.",2026,SARU: A shadow-aware and removal unified framework for remote sensing images with new benchmarks,"ISPRS Journal of Photogrammetry and Remote Sensing 239, 39-53","Current peer-reviewed state of the art for joint shadow DETECTION and REMOVAL on remote sensing imagery, with new benchmarks - the practical tool if we decide illumination must be normalized across our 18 acquisitions. Worth weighing against the cheaper alternative of simply masking shadow to IGNORE rather than reconstructing it, which fits our three-state supervision rule and avoids inventing pixel values the honest-measurement rule would then have to defend. Read as the upper bound on what shadow handling can buy before committing to it.",Phase 5: Search 31,https://doi.org/10.1016/j.isprsjprs.2026.05.022,To Read,,,,,,pre-2026-09 tracking; no read evidence found 2026-09-12
151,"Gulrajani, I. & Lopez-Paz, D.",2021,In search of lost domain generalization,ICLR 2021 (arXiv:2007.01434),"The canonical corrective to the whole domain-generalization literature: with careful implementation and honest model selection, plain empirical risk minimization matches or beats every DG algorithm tested across seven datasets. Their sharper claim is the one that binds us - a DG algorithm WITHOUT a stated model-selection strategy should be regarded as INCOMPLETE, because selecting on target-domain data silently leaks the thing you claim to generalize to. That is precisely our unexamined weak point: we select on validation built from projected 2020 labels, so our model selection is neither in-domain nor honestly out-of-domain. Read alongside Brigato 2021 (ID 137) - two independent canonical results saying a properly tuned and properly selected baseline is the thing every fancier proposal must beat.",Phase 5: Search 32,https://arxiv.org/abs/2007.01434,To Read,,,,,,pre-2026-09 tracking; no read evidence found 2026-09-12
152,"Khoee, A.G., Yu, Y. & Feldt, R.",2024,Domain generalization through meta-learning: a survey,Artificial Intelligence Review 57(10),"Covers the one DG family this loop had never touched, and the survey plus its surrounding literature effectively rules it out for us: episodic meta-learning is built for FAST ADAPTATION given a few target examples, while domain generalization assumes ZERO target examples, and with few source domains the task-generation capacity collapses into overfitting to training tasks. We have exactly one labelled domain, which is the worst case for it. Value here is negative-space value - it lets us close a family with a reason rather than leaving it as an unexplored maybe.",Phase 5: Search 32,https://doi.org/10.1007/s10462-024-10922-z,To Read,,,,,,pre-2026-09 tracking; no read evidence found 2026-09-12
153,"Baek, C., Jiang, Y., Raghunathan, A. & Kolter, J.Z.",2022,Agreement-on-the-line: Predicting the performance of neural networks under distribution shift,Advances in Neural Information Processing Systems 35 (NeurIPS 2022) (arXiv:2206.13089),"Estimates out-of-distribution ACCURACY using only UNLABELLED target data plus the predictions of several models, by exploiting that OOD agreement between any two networks correlates linearly with their in-distribution agreement. That is a direct answer to our hardest practical question - how good is the model on 2002, where no trustworthy label exists - and it needs nothing we do not already have: 18 unlabelled years and multiple trained per-year models. Crucially it is self-checking: the phenomenon holds whenever accuracy-on-the-line holds, and that condition can itself be tested from unlabelled data, so we would learn whether our years are even amenable before trusting any estimate.",Phase 5: Search 33,https://arxiv.org/abs/2206.13089,To Read,,,,,,pre-2026-09 tracking; no read evidence found 2026-09-12
154,"Wang, L., Wang, J., Wang, Y. & Xie, X.",2024,Towards optimization and model selection for domain generalization: A mixup-guided solution,"Proceedings of the 2024 SIAM International Conference on Data Mining (SDM), 244-252","Takes seriously the problem Gulrajani & Lopez-Paz (ID 151) raised and we inherited - that DG model selection is usually unstated or covertly uses target data - and proposes selecting without touching the target domain. Directly relevant to open question Q33: our current selection on projected 2020 labels is a proxy carrying the training signal's own bias, and this gives a published alternative to compare against leave-one-era-out. Peer-reviewed and short; read before fixing our selection rule rather than inventing one.",Phase 5: Search 33,https://doi.org/10.1137/1.9781611978032.28,To Read,,,,,,pre-2026-09 tracking; no read evidence found 2026-09-12
155,"Wortsman, M. et al.",2022,Model soups: averaging weights of multiple fine-tuned models improves accuracy without increasing inference time,"Proceedings of ICML 2022, PMLR 162 (arXiv:2203.05482)","Averaging the WEIGHTS of several models fine-tuned under different hyperparameter settings improves both accuracy and out-of-distribution robustness, at NO extra inference or memory cost - which matters enormously for us, since our full-city inference already OOM'd at batch 160 on an A100 and a true ensemble over 18 citywide rasters is unaffordable. This is ensemble-grade robustness at single-model inference expense, and it composes with the tuning sweep Q17 already demands: the runs from a hyperparameter search become the soup ingredients rather than being discarded. Note the tension with agreement-on-the-line (ID 153), which NEEDS several distinct models - measure agreement first, then soup for deployment.",Phase 5: Search 34,https://arxiv.org/abs/2203.05482,To Read,,,,,,pre-2026-09 tracking; no read evidence found 2026-09-12
156,"Wortsman, M. et al.",2022,Robust fine-tuning of zero-shot models,"Proceedings of the IEEE/CVF CVPR 2022, 7949-7961","WiSE-FT: interpolate between the PRETRAINED and the FINE-TUNED weights, giving an explicit dial between base-model robustness and target-task accuracy. Our per-year models are all fine-tuned from sem_best_2020.pt, so this applies with no retraining at all - it is weight arithmetic over checkpoints we already have, and every interpolate can be scored with the existing QC scripts. It is a principled control on how far a coarse year is allowed to drift from the 2020 base, which is exactly the failure mode behind our label-circularity concern, and the cheapest experiment surfaced in this loop after FDA.",Phase 5: Search 34,https://doi.org/10.1109/cvpr52688.2022.00780,To Read,,,,,,pre-2026-09 tracking; no read evidence found 2026-09-12
157,"Valindria, V.V. et al.",2017,Reverse classification accuracy: Predicting segmentation performance in the absence of ground truth,"IEEE Transactions on Medical Imaging 36(8), 1597-1606","Predicts a SEGMENTATION quality score (Dice) for an image with no ground truth, by training a classifier on that image's own predicted mask as pseudo-truth and testing it against a small reference database that does have labels. Segmentation-native, unlike agreement-on-the-line (ID 153) which is a classification result - and its one requirement, a small labelled reference set, is exactly what we have in 2020. This is the most direct route yet to a per-year quality number for 2000 and 2002, the years STATE currently calls un-measurable. Caveat: developed and validated on medical imaging; transfer to aerial canopy is untested and the reference database would need to span our land-cover variety, not just a few sites.",Phase 5: Search 35,https://doi.org/10.1109/tmi.2017.2665165,To Read,,,,,,pre-2026-09 tracking; no read evidence found 2026-09-12
158,"Cosarinsky, L. et al.",2025,ConfIC-RCA: Statistically grounded efficient estimation of segmentation quality,IEEE Transactions on Medical Imaging (arXiv:2503.04522),"Joins the two threads this loop has been developing separately: reverse classification accuracy for ground-truth-free segmentation quality, and SPLIT CONFORMAL PREDICTION for guarantees. The result is a PREDICTION INTERVAL on segmentation quality - the true score lies inside it with a user-specified probability - rather than a point estimate, plus retrieval-augmented reference selection so it needs minimal reference data. That is our deliverable's own statistical shape applied at the year level, and it would let us publish a bounded quality figure for un-labelled years instead of shipping them LOW-CONFIDENCE with no number. Same medical-imaging caveat as ID 157.",Phase 5: Search 35,https://arxiv.org/abs/2503.04522,To Read,,,,,,pre-2026-09 tracking; no read evidence found 2026-09-12
159,"Gao, H., Tang, Y., Jing, L., Li, H. & Ding, H.",2017,A novel unsupervised segmentation quality evaluation method for remote sensing images,"Sensors 17(10), 2427","The remote-sensing tradition of unsupervised segmentation quality evaluation, scoring segments by spatial stratified heterogeneity and spatial autocorrelation with no ground truth. Include it to mark a DISTINCTION we must not blur: this measures whether segments are well FORMED (homogeneous inside, distinct from neighbours), not whether the label 'tree' is CORRECT. It could tell us a crown boundary is clean while the crown is actually a hedge. Useful as a geometry QC layer on the instance stream, and useless as an accuracy substitute - which is precisely the confusion an eager reading of ground-truth-free evaluation invites.",Phase 5: Search 36,https://doi.org/10.3390/s17102427,To Read,,,,,,pre-2026-09 tracking; no read evidence found 2026-09-12
160,"Costa, H., Foody, G.M. & Boyd, D.S.",2018,Supervised methods of image segmentation accuracy assessment in land cover mapping,"Remote Sensing of Environment 205, 338-351","Reviews how segmentation accuracy is properly assessed against reference data in land cover mapping, and separates geometric agreement from thematic correctness - the two things our per-crown deliverable must report separately and currently does not. Relevant because our crowns are evaluated as a binary canopy mask, so a crown that is correctly detected but badly delineated scores the same as one delineated perfectly, and the per-crown validity interval inherits that blindness. Sets the vocabulary for stating which kind of accuracy each of our numbers actually describes.",Phase 5: Search 36,https://doi.org/10.1016/j.rse.2017.11.024,To Read,,,,,,pre-2026-09 tracking; no read evidence found 2026-09-12
161,"Keddie, S.H., Baerenbold, O., Keogh, R.H. & Bradley, J.",2023,Estimating sensitivity and specificity of diagnostic tests using latent class models that account for conditional dependence between tests: a simulation study,BMC Medical Research Methodology 23,"Quantifies exactly what goes wrong when latent class models assume conditional independence but the sources are correlated: sensitivities of the CORRELATED tests are OVERESTIMATED (median bias +0.094), while prevalence and the specificities of the uncorrelated tests are underestimated. That is the failure mode our three sources invite - the model was trained on labels derived from the same imagery as the NDVI reference, so those two are the correlated pair, and a naive latent class fit would inflate precisely their apparent recall. It would tell us what we want to hear. Also gives the conditional-dependence model formulations that are the correct fix.",Phase 5: Search 37,https://doi.org/10.1186/s12874-023-01873-0,To Read,,,,,,pre-2026-09 tracking; no read evidence found 2026-09-12
162,"Okkaoglu, Y., Welton, N.J. & Jones, H.E.",2024,Detecting departures from the conditional independence assumption in diagnostic latent class models: a simulation study,BMC Medical Research Methodology 24,"Shows the standard diagnostics cannot rescue us: residual correlation plots and pairwise G2/chi-square identified the genuinely correlated pair only 10-12% of the time while falsely flagging an innocent pair 50-65% of the time, and detected overall lack of fit in only about two-thirds of cases. So we could neither assume independence safely nor reliably detect its violation. Combined with the fact that three sources and two classes leave a JUST-IDENTIFIED model with zero degrees of freedom - fittable but untestable - this is the paper that says a three-source latent class analysis on C-CAP, the NDVI reference and the model would be unfalsifiable. The implication is constructive: get a fourth, genuinely independent source.",Phase 5: Search 37,https://doi.org/10.1186/s12874-024-02432-x,To Read,,,,,,pre-2026-09 tracking; no read evidence found 2026-09-12
163,"Radoux, J. & Bogaert, P.",2020,About the pitfall of erroneous validation data in the estimation of confusion matrices,"Remote Sensing 12(24), 4128","States our recurring problem in remote-sensing terms and gives it a direction: when reference errors are CORRELATED with a classifier's errors, accuracy is OVERESTIMATED and that classifier is systematically favoured over its competitors, whereas conditionally independent reference errors cause underestimation. That is exactly finding 5 - the corrected model landed beside the NDVI reference (35% vs 37.7%) rather than C-CAP's (29.5%), and scoring it against that same reference would flatter it by construction. Also proposes a maximum-entropy correction, and concludes that a few HIGH-QUALITY trusted labels beat a larger volume of questionable reference data - a direct steer for the P3 sample design.",Phase 5: Search 38,https://doi.org/10.3390/rs12244128,To Read,,,Radoux_2020b_about-pitfall-erroneous-validation,,,pre-2026-09 tracking; no read evidence found 2026-09-12
164,"Persson, H.J., Ekstrom, M. & Stahl, G.",2022,Quantify and account for field reference errors in forest remote sensing studies,"Remote Sensing of Environment 283, 113302","Forest-specific treatment of reference error as a quantity to be MEASURED and propagated rather than assumed away, with estimators that carry it through to the final figures. Relevant because every number we publish is scored against a proxy whose own error we have never quantified, and STATE's standing caveat ('both refs are PROXIES') is currently a sentence rather than a term in an equation. Gives the machinery to turn that caveat into an error budget with a number attached, which is what the deliverable needs if the per-crown intervals are to mean anything.",Phase 5: Search 38,https://doi.org/10.1016/j.rse.2022.113302,To Read,,,,,,pre-2026-09 tracking; no read evidence found 2026-09-12
165,"Allen, M.J., Owen, H.J.F., Grieve, S.W.D. & Lines, E.R.",2025,Manual labelling artificially inflates deep learning-based segmentation performance on RGB images of closed canopy: validation using TLS,arXiv:2503.14273 (PREPRINT),"Validates crown segmentation against terrestrial laser scanning instead of hand-drawn labels and finds performance collapses: AP50 falls from 0.670 against manual labels to 0.094 against TLS in Mediterranean forest, 0.142 in boreal, and at IoU 0.75 the maximum AP is 0.051. The mechanism is our recurring one - human RGB labels and model predictions share the same systematic errors, so scoring against them measures agreement rather than accuracy (see ID 163). This bears directly on annotation-plan item 1, the 1-3k hand-drawn 2020 crowns: those labels will inflate measured INSTANCE performance, and the collapse is concentrated in LOCALIZATION, which is exactly the geometric-versus-thematic split of Q41. Caveat: closed-canopy forest, whereas much of Edmonds is open-grown suburban crowns that are far easier to delineate, so the magnitude will not transfer even though the mechanism does.",Phase 5: Search 39,https://arxiv.org/abs/2503.14273,To Read,,,,,,pre-2026-09 tracking; no read evidence found 2026-09-12
166,"Huang, C., Ding, Y., Xiao, K., Liu, R. & Sun, Y.",2026,Ladder-side-tuning of visual foundation model for city-scale individual tree detection from high-resolution remote sensing images,"Remote Sensing 18(5), 819","Tree-SAM: city-scale individual tree detection built on SAM with ladder-side-tuning, reporting F1 0.830 and AP@50 0.526 in the URBAN scenario against 0.762/0.478 in forest - notably better in cities, which is our setting. Ladder-side-tuning matters practically because it adapts a foundation model without backpropagating through it, which is the difference between feasible and infeasible on our Colab budget. This is the current peer-reviewed reference point for the fine-resolution instance stream, which has had no update since Phase 1A. Note the accompanying finding from this search that SAM used OUT OF THE BOX does not beat a custom Mask R-CNN even with good prompts - adaptation is doing the work, not the foundation model.",Phase 5: Search 39,https://doi.org/10.3390/rs18050819,To Read,,,,,,pre-2026-09 tracking; no read evidence found 2026-09-12
167,"Richardson, J.J. & Moskal, L.M.",2014,"Uncertainty in urban forest canopy assessment: Lessons from Seattle, WA, USA","Urban Forestry & Urban Greening 13(1), 152-157","The cautionary tale for this project, from 15 miles away and the same imagery ecosystem: assessed Seattle canopy cover varies substantially across studies for IDENTICAL dates, with multiple conflicting values published for 1972, 2002 and 2009. Methodological difference, not real canopy change, produced apparent trends that cities then acted on. This is the strongest available argument that our per-year numbers must ship with their method and uncertainty attached rather than as bare percentages, and it is regionally specific enough to cite directly in any Edmonds-facing write-up. Read it as the failure mode our honest-measurement workstream exists to avoid.",Phase 5: Search 40,https://doi.org/10.1016/j.ufug.2013.07.003,To Read,,,,,,pre-2026-09 tracking; no read evidence found 2026-09-12
168,"Ucar, Z. et al.",2016,A comparison of two sampling approaches for assessing the urban forest canopy cover from aerial photography,"Urban Forestry & Urban Greening 16, 221-230","Quantifies how much the ANSWER moves with the imagery source alone: canopy cover in Tallahassee estimated at 44.5-45.1% from NAIP versus 48.6-49.1% from Google Earth - roughly four percentage points from source choice, with no change on the ground. That is the same order as the disagreement between our own two references, and it establishes that source-driven variation of a few points is normal rather than a symptom of something broken in our pipeline. Also useful for setting the precision a point-sampling design must reach before a reported change is meaningful.",Phase 5: Search 40,https://doi.org/10.1016/j.ufug.2016.03.001,To Read,,,,,,pre-2026-09 tracking; no read evidence found 2026-09-12
169,"Olofsson, P. et al.",2020,Mitigating the effects of omission errors on area and area change estimates,"Remote Sensing of Environment 236, 111492","Addresses our headline defect - OMISSION - specifically as it propagates into area and area CHANGE estimates, and gives estimators that mitigate it rather than merely reporting it. Our model is a documented high-precision under-predictor missing 30-35% of reference forest, so every area figure we produce is omission-dominated, and the change series compounds it. This is the missing piece between the Search 9 accuracy machinery and a defensible change number; it should be read alongside Olofsson 2014 (ID 69) rather than instead of it.",Phase 5: Search 41,https://doi.org/10.1016/j.rse.2019.111492,To Read,,,,,,pre-2026-09 tracking; no read evidence found 2026-09-12
170,"Frayer, W.E. & Furnival, G.M.",1967,Area change estimates from sampling with partial replacement,"Forest Science 13(1), 72-77","The canonical treatment of the design that resolves our precision problem: sampling with partial replacement keeps some sample units across both dates (permanent, giving precise CHANGE because shared bias cancels) while replacing others (temporary, giving unbiased LEVELS). Forest inventory settled this in the 1960s - permanent plots give the highest precision for change, temporary plots avoid treatment bias - and our Phase 3 design currently uses neither, sampling each year independently. Old but exactly on point, and it is the reference for arguing a paired or partially-replaced design over independent per-year samples.",Phase 5: Search 41,https://doi.org/10.1093/forestscience/13.1.72,To Read,,,,,,pre-2026-09 tracking; no read evidence found 2026-09-12
171,"Branch, F., Santana, I. & Hegde, J.",2022,Biasing influence of 'mental shortcuts' on diagnostic decision-making: Radiologists can overlook breast cancer in mammograms when prior diagnostic information is available,"Diagnostics 12(1), 105","Measures the cost of showing an expert interpreter a prior alongside the current image: anchoring rates of 38.3% for low-experience readers and 28.3% for the most experienced, with trained radiologists sometimes ignoring task-relevant image evidence entirely once anchoring information is present. That is the risk our paired photo-interpretation design takes on, and the direction is the dangerous one - anchoring suppresses apparent change, biasing a canopy-trend estimate toward zero exactly where the policy question lives. Expertise reduces it but does not remove it, so a single expert interpreter is not a mitigation.",Phase 5: Search 42,https://doi.org/10.3390/diagnostics12010105,To Read,,,,,,pre-2026-09 tracking; no read evidence found 2026-09-12
172,"Mas, J.-F. et al.",2017,Land use/land cover change detection combining automatic processing and visual interpretation,"European Journal of Remote Sensing 50(1), 626-635","Argues the opposite failure to anchoring, from our own field: classifying each date INDEPENDENTLY generates FALSE CHANGE, and an interdependent or cascading protocol - classify the first date, carry the labels forward, edit only where change is seen - yields consistent maps without spurious transitions. Read together with the anchoring literature it defines the real trade-off in our Phase 3 response design: independent reading adds false change (variance, and it destroys the paired estimator's precision advantage), while cascading adds anchoring (bias toward stability). Neither is free, and the choice must be made deliberately rather than by default.",Phase 5: Search 42,https://doi.org/10.1080/22797254.2017.1387505,To Read,,,,,,pre-2026-09 tracking; no read evidence found 2026-09-12
173,"Pesonen, A. et al.",2026,Learning image-based tree crown segmentation from enhanced lidar-based pseudo-labels,arXiv:2602.13022 (PREPRINT),"Trains an image-based crown segmentation model on pseudo-labels derived from airborne laser scanning and refined with SAM 2, at ZERO manual annotation cost, and reports outperforming available general-domain models on the task. This is the most direct alternative to annotation-plan item 1 (the ~1-3k hand-drawn 2020 crowns) that the loop has found: we already hold a 3DEP CHM and 7.5 cm optical imagery, and the CHM's ~2016 vintage is nearly contemporaneous with the 2016 Snohomish and 2017 CoE acquisitions, so pseudo-labels could be generated where the CHM covers (59.8% of the city) and the trained model applied everywhere. It also sidesteps the manual-label inflation problem of ID 165, since lidar-derived crowns are not correlated with an RGB model's errors the way hand-drawn ones are. PREPRINT, and its quantitative comparison against manually-annotated baselines is not stated in the abstract.",Phase 5: Search 43,https://arxiv.org/abs/2602.13022,To Read,,,Pesonen_2026_learning-image-based-tree-crown,,,pre-2026-09 tracking; no read evidence found 2026-09-12
174,"Chen, M., Russell, D., Pallavoor, A., Young, D. & Wu, J.",2025,Zero-shot tree detection and segmentation from aerial forest imagery,arXiv:2506.03114 (PREPRINT),"Evaluates SAM2 zero-shot for tree detection and segmentation and concludes it complements rather than replaces in-domain trained methods, working best when prompted by an existing detector. Read with the accompanying finding from this search - that training on COARSE OR NOISY labels is more robust than any current zero-shot option - it settles the ranking for our instance stream: pseudo-label-and-train beats zero-shot, and zero-shot is a refinement stage rather than a substitute for training. That is also a quiet endorsement of our existing noisy-label pipeline design, which trains on projected labels rather than waiting for clean ones.",Phase 5: Search 43,https://arxiv.org/abs/2506.03114,To Read,,,,,,pre-2026-09 tracking; no read evidence found 2026-09-12
175,"Abercrombie, S.P. & Friedl, M.A.",2016,Improving the consistency of multitemporal land cover maps using a hidden Markov model,"IEEE Transactions on Geoscience and Remote Sensing 54(2), 703-713","Applies an HMM as post-processing to a classification time series, using transition and emission probabilities to separate real land cover change from classification error - the standard fix for the unrealistically high year-to-year label churn that multitemporal products exhibit. Directly applicable to our flicker problem, and the transition matrix is where our domain knowledge would enter (canopy rarely appears or vanishes in one year). But note the hazard for THIS project: the same prior that suppresses spurious transitions also suppresses genuine rapid canopy LOSS, which is the policy-relevant signal a tree ordinance is about. Adopt it only with the transition prior stated and its effect on real loss events measured.",Phase 5: Search 44,https://doi.org/10.1109/tgrs.2015.2463689,To Read,,,Abercrombie_2016_improving-consistency,,,pre-2026-09 tracking; no read evidence found 2026-09-12
176,"He, H. et al.",2024,Time-series land cover change detection using deep learning-based temporal semantic segmentation,"Remote Sensing of Environment 305, 114101","Learns land cover change by segmenting the TEMPORAL dimension directly rather than differencing independently classified dates, which is the model-side answer to the false-change problem our Search 42 found on the human-interpretation side. Relevant because our pipeline currently produces per-year masks independently and infers change by comparison, so every per-year error becomes a candidate change event. Also note the accompanying finding that temporal-consistency losses do NOT require ground-truth labels - which would let all 17 unlabelled years contribute to training, an asset we currently use only for inference.",Phase 5: Search 44,https://doi.org/10.1016/j.rse.2024.114101,To Read,,,,,,pre-2026-09 tracking; no read evidence found 2026-09-12
177,"Cohen, W.B., Yang, Z. & Kennedy, R.",2010,Detecting trends in forest disturbance and recovery using yearly Landsat time series: 2. TimeSync - Tools for calibration and validation,"Remote Sensing of Environment 114(12), 2911-2924","TimeSync is the mature, operational form of exactly the paired protocol Searches 41-42 arrived at independently: an interpreter works a SAMPLE POINT's whole TRAJECTORY across all dates at once, assigning change segments rather than classifying each date in isolation. It is the human-interpretation companion to LandTrendr and underpins USFS/LCMAP validation, so our Phase 3 redesign does not need inventing - it needs adopting, with the anchoring safeguards of Search 42 added. Most directly useful paper found for the P3 response design, and it comes with a documented interpretation workflow rather than a principle.",Phase 5: Search 45,https://doi.org/10.1016/j.rse.2010.07.010,To Read,,,,,,pre-2026-09 tracking; no read evidence found 2026-09-12
178,"Kennedy, R.E., Yang, Z. & Cohen, W.B.",2010,Detecting trends in forest disturbance and recovery using yearly Landsat time series: 1. LandTrendr - Temporal segmentation algorithms,"Remote Sensing of Environment 114(12), 2897-2910","Segments each pixel's temporal trajectory into straight-line pieces with explicit VERTEX YEARS, capturing abrupt disturbance and gradual recovery in one representation - structurally what a per-crown validity interval wants, a trajectory with breakpoints rather than a smoothed series. The concept transfers; the algorithm may not. LandTrendr assumes YEARLY, seasonally composited observations, and we have 18 IRREGULAR acquisitions with multi-year gaps, one per year at best, and no way to composite away phenology (its acknowledged blind spot, and our Search 30 problem). Adopt the trajectory-with-vertices framing, but do not assume the fitting machinery survives our sampling.",Phase 5: Search 45,https://doi.org/10.1016/j.rse.2010.07.008,To Read,,,,,,pre-2026-09 tracking; no read evidence found 2026-09-12
179,"Zhu, Z.",2017,"Change detection using Landsat time series: A review of frequencies, preprocessing, algorithms, and applications","ISPRS Journal of Photogrammetry and Remote Sensing 130, 370-384","Organizes change detection by OBSERVATION FREQUENCY - bi-temporal, multi-temporal, and dense annual/sub-annual trajectory methods - and makes explicit which algorithm families each frequency supports. That is the map we needed to place ourselves: 18 irregular acquisitions over 24 years with 2-4 year gaps sits below the density that trajectory fitting (LandTrendr, CCDC, BFAST) assumes, so the honest reading is that our series supports EPOCH-PAIR comparison rather than trajectory reconstruction. Use it to justify the design choice rather than defaulting to whichever algorithm is fashionable.",Phase 5: Search 46,https://doi.org/10.1016/j.isprsjprs.2017.06.013,To Read,,,,,,pre-2026-09 tracking; no read evidence found 2026-09-12
180,"Zhang, L., Rupnik, E. & Pierrot-Deseilligny, M.",2021,Feature matching for multi-epoch historical aerial images,"ISPRS Journal of Photogrammetry and Remote Sensing 182, 176-189","Solves the specific problem that gates every per-crown change claim we want to make: matching features BETWEEN EPOCHS of historical aerial imagery, where radiometry, sensor and scene have all changed. Our Phase 3 Search 7 covered the CONSEQUENCES of misregistration (IDs 21-26); this is the method for reducing it across exactly our kind of archive, and the fine-scale tree-loss literature names multi-temporal misalignment as its dominant error source. Directly applicable to aligning the 2000/2002 King acquisitions to the modern era, where co-registration is worst and our recall is lowest.",Phase 5: Search 46,https://doi.org/10.1016/j.isprsjprs.2021.10.008,To Read,,,,,,pre-2026-09 tracking; no read evidence found 2026-09-12
181,"Radke, B.R.",2003,A demonstration of interval-censored survival analysis,"Preventive Veterinary Medicine 59(4), 241-256","The statistical framework our deliverable is named after but has never used: when subjects are assessed PERIODICALLY, the event is known only to have occurred between two visits, and that is exactly what an epoch-pair canopy series produces - 'this crown was present in 2013 and absent in 2016'. Carries the warning that decides whether our numbers are valid: assigning the event to the MIDPOINT or END of the interval is a known source of bias and invalid inference, and midpoint assignment is the obvious thing a canopy-change analysis would do without thinking. The Turnbull estimator handles it properly. Read before any per-crown loss date is analysed or plotted.",Phase 5: Search 47,https://doi.org/10.1016/s0167-5877(03)00103-x,To Read,,,,,,pre-2026-09 tracking; no read evidence found 2026-09-12
182,"Hilbert, D.R., Roman, L.A., Koeser, A.K., Vogt, J. & van Doorn, N.S.",2019,Urban tree mortality: a literature review,"Arboriculture & Urban Forestry 45(5), 167-200","Supplies the demographic priors our sample design has been guessing at: typical street-tree annual mortality of 3.5-5.1%, with reported ranges of 0.6-68.5% for cohort studies and 0-30% for repeated inventories of uneven-aged trees. That directly informs open question Q50, the discordant-pair rate that drives paired-sample precision - our Search 41 assumptions of 4%/1.4% and 6%/3.4% sit at the low end once a multi-year epoch gap is compounded. It also reframes the deliverable: per-crown validity intervals are a DEMOGRAPHIC product - survival, life tables, mortality curves - not only a mapping product, and this literature already has the vocabulary for it.",Phase 5: Search 47,https://doi.org/10.48044/jauf.2019.015,Read,ABSTRACT,framework §13,Hilbert_2019_urban-tree-mortality-literature-review,,2026-09-12,"evidence: Scripts/CHATLOG.md#L78 (""Hilbert 2019 names permitting data as unused covariate (→ Steenberg 2017 lead)"") — a specific paraphrase of content, not a direct quote."
183,"Pires, M.C., Colosimo, E.A., Veloso, G.A. & Ferreira, R.S.B.",2020,Interval-censored data with misclassification: a Bayesian approach,"Journal of Applied Statistics 48(5), 907-923","The exact statistical shape of our problem: an event known only to fall within an interval, detected by a test with imperfect SENSITIVITY and SPECIFICITY, with those accuracy parameters entering the likelihood as explicit corrections. That is our crown-loss product - loss located between two epochs, observed through a model whose recall is .51-.78 and whose precision we measure. Crucially it UNIFIES our two workstreams: the honest-measurement effort is not merely quality control, it produces the sensitivity and specificity that this estimator consumes. Without those numbers the change product cannot be de-biased; with them it can.",Phase 5: Search 48,https://doi.org/10.1080/02664763.2020.1753025,To Read,,,,,,pre-2026-09 tracking; no read evidence found 2026-09-12
184,"Deng, Y., Zeng, D. & Wang, Y.",2026,Semiparametric analysis of interval-censored data subject to inaccurate diagnoses with a terminal event,The Annals of Applied Statistics 20(1),"Current peer-reviewed treatment of interval censoring plus diagnostic inaccuracy, with a TERMINAL event - and crown removal is terminal in exactly that sense, since a felled tree does not return. Builds a Cox-type semiparametric model where sensitivity and specificity enter the data likelihood and NPMLE with an EM algorithm handles both censoring and misclassification together. This is the most statistically complete match the loop has found for the per-crown deliverable, and it accepts covariates - which is how height band, land-use context or radiometric cluster would enter as risk factors rather than as post-hoc stratifications.",Phase 5: Search 48,https://doi.org/10.1214/25-aoas2134,To Read,,,,,,pre-2026-09 tracking; no read evidence found 2026-09-12
185,"Foody, G.M.",2013,Ground reference data error and the mis-estimation of the area of land cover change as a function of its abundance,"Remote Sensing Letters 4(8), 783-792","Shows that the mis-estimation of CHANGE area caused by reference error depends on how ABUNDANT the change class is, and change classes are always rare - which is the trap our whole change product sits in. With canopy loss at a few percent of pixels, a small false-positive rate on the vast unchanged population can rival or exceed the true signal: at 97% specificity roughly half of all detected change would be spurious. Our per-year precision is measured on the CANOPY class (.77-.96), but nobody has measured specificity on the UNCHANGED class across an epoch pair, and that is the quantity governing a change product. This is the third Foody paper in the tracker (IDs 79, 87) and together they define our reference-error problem.",Phase 5: Search 49,https://doi.org/10.1080/2150704x.2013.798708,To Read,,,,,,pre-2026-09 tracking; no read evidence found 2026-09-12
186,"Burnicki, A.C.",2012,Impact of error on landscape pattern analyses performed on land-cover change maps (misclassification error propagation in land cover change categorization),"Geo-spatial Information Science 15(4), 215-226","Treats misclassification error propagation specifically in land cover CHANGE categorization, and finds spatio-temporal interdependence matters: naive variance and covariance propagation, which assumes independent per-date errors, yields biased standard errors. Directly relevant because our change product is built by comparing independently produced per-year masks whose errors are certainly correlated in space and across dates - the same model, the same blind spot, the same ground. Means our change uncertainty cannot be obtained by simply combining per-year accuracy figures, which is the obvious thing to do and would understate it.",Phase 5: Search 49,https://doi.org/10.1080/10095020.2012.715874,To Read,,,,,,pre-2026-09 tracking; no read evidence found 2026-09-12
187,"Tyukavina, A., Stehman, S.V., Foody, G.M., Bontemps, S., See, L., Olofsson, P. et al.",2025,"Land Cover and Change Map Accuracy Assessment and Area Estimation Good Practices Protocol, Version 1.1","CEOS WGCV Land Product Validation Subgroup, 187 pp.","The current authoritative community protocol, 187 pages, written by the same people whose individual papers Phase 4 assembled one at a time - Stehman, Foody, Olofsson, Radoux, Woodcock are all already in our tracker as IDs 69-76, 78-80 and 87. It consolidates that machinery and, critically for us, covers CHANGE maps specifically rather than single-date maps, which Search 49 showed is the quantity our numbers do not currently describe. This should be the document our accuracy reporting is written against; adopting a published community standard also makes our figures comparable to other work in a way a bespoke protocol never will be. Read it before finalizing the P3 design.",Phase 5: Search 50,https://doi.org/10.5067/doc/ceoswgcv/lpv/lc.001,To Read,,,,,,pre-2026-09 tracking; no read evidence found 2026-09-12
188,"Stehman, S.V.",2012,Impact of sample size allocation when using stratified random sampling to estimate accuracy and area of land-cover change,"Remote Sensing Letters 3(2), 111-120","Poses a design choice our sample planning has never made explicit: allocation targeting USER'S ACCURACY of change is not effective for estimating the AREA of change, and vice versa - Neyman optimal allocation suits area and overall accuracy, equal allocation suits user's accuracy. Because change is rare, the change stratum is usually over-sampled, and which over-sampling rule you pick determines which question the sample can answer. We must decide whether P3 exists to say how accurate our change map is, or how much canopy actually changed. They are different studies and the loop has been treating them as one.",Phase 5: Search 50,https://doi.org/10.1080/01431161.2010.541950,To Read,,,,,,pre-2026-09 tracking; no read evidence found 2026-09-12
189,"McRoberts, R.E., Stehman, S.V., Liknes, G.C., Naesset, E., Sannier, C. & Walters, B.F.",2018,The effects of imperfect reference data on remote sensing-assisted estimators of land cover class proportions,"ISPRS Journal of Photogrammetry and Remote Sensing 142, 292-300","Shows that when a simple MAJORITY interpretation across experts is used as the final reference label, bias grows with unequal strata sizes, smaller maps, lower interpreter accuracy, FEWER interpreters, and - critically for us - GREATER CORRELATION AMONG INTERPRETERS. A single interpreter is the limiting case of that correlation, which is our planned design. Supplies a hybrid variance estimator for when the whole sample is interpreted by several people, and is the reason the CEOS protocol (ID 187) recommends consensus or interpenetrating designs over one expert working alone.",Phase 5: Search 51,https://doi.org/10.1016/j.isprsjprs.2018.06.002,To Read,,,,,,pre-2026-09 tracking; no read evidence found 2026-09-12
190,"Pontius, R.G. Jr., Krithivasan, R., Sauls, L., Yan, Y. & Zhang, Y.",2017,Methods to summarize change among land categories across time intervals,"Journal of Land Use Science 12(4), 218-230","Proposes three summary metrics for multi-date change that the CEOS protocol (ID 187) recommends estimating from the REFERENCE SAMPLE and comparing against the same metrics computed from the map: the number of change incidents, the number of distinct classes a location takes across all time points, and the flow matrices between dates. The second is directly a FLICKER measure - and computing it on both the sample and the model gives us the first principled way to test whether our observed year-to-year instability is real change or model noise, which nothing in the pipeline currently distinguishes. Cheap, uses the P3 sample we are already planning, and answers a question STATE has carried open since the flicker work.",Phase 5: Search 52,https://doi.org/10.1080/1747423x.2017.1338768,To Read,,,,,,pre-2026-09 tracking; no read evidence found 2026-09-12
191,"Zheng, Z., Zhong, Y., Ma, A. & Zhang, L.",2024,Single-temporal supervised learning for universal remote sensing change detection,"International Journal of Computer Vision 132(12), 5582-5602","Removes the objection that blocked Q74. The CEOS protocol and He 2024 both say change should be mapped DIRECTLY rather than by differencing per-year maps, but direct change detection normally needs labelled bitemporal CHANGE pairs, which we do not have and cannot afford. STAR trains a change detector from SINGLE-TEMPORAL labels alone, constructing pseudo-bitemporal pairs from unpaired labelled images so that change supervision is generated from semantic labels only. We have exactly that input - one labelled year, 2020 - and nothing else. Peer-reviewed in IJCV, with a unified ChangeStar2 architecture covering binary, object and semantic change. This is the single most direct answer the loop has found to an architectural problem it identified two iterations ago.",Phase 5: Search 53,https://doi.org/10.1007/s11263-024-02141-4,To Read,,,,,,pre-2026-09 tracking; no read evidence found 2026-09-12
192,"Peng, D., Liu, M., Zhang, Y. & Guan, H.",2025,Toward label-efficient deep learning change detection for remote sensing imagery: a comprehensive review,"The Photogrammetric Record 40(191), e70021","Maps the whole label-efficient change-detection space into six schemes - semi-supervised, weakly supervised, self-supervised, active learning, few-shot and unsupervised - with systematic comparisons. Needed because our constraint is not merely 'few labels' but a specific and unusual shape: one labelled DATE, no labelled CHANGE, and 17 unlabelled acquisitions. This gives the taxonomy to place ourselves in and to check whether a cheaper scheme than STAR fits, rather than adopting the first method that matches. Peer-reviewed 2025, so it postdates most of what this loop has surveyed on the modelling side.",Phase 5: Search 53,https://doi.org/10.1111/phor.70021,To Read,,,,,,pre-2026-09 tracking; no read evidence found 2026-09-12
193,"Bou, X., Vincent, E., Facciolo, G., Grompone von Gioi, R., Morel, J.-M. & Ehret, T.",2026,Remote sensing change detection via weak temporal supervision,arXiv:2601.02126 (PREPRINT),"Fits our asset list better than STAR (ID 191) because it exploits the thing STAR ignores - additional TEMPORAL OBSERVATIONS of a single-temporal labelled dataset, with no new annotations. Its two assumptions map onto us directly: pairs from the SAME location across dates predominantly contain no real change, while pairs from DIFFERENT locations synthesise change examples. We hold exactly this: one labelled year plus seventeen unlabelled acquisitions of the same city. The elegant part for us is that same-location cross-era pairs teach the model 'these look different but nothing changed', which is precisely the sensor/era INVARIANCE that thirty iterations identified as our core problem - so one mechanism addresses both the label shortage and the domain shift that Search 53 said would have to be composed separately. PREPRINT, and the no-change assumption weakens as the temporal gap grows, so short-gap pairs are the safe training material.",Phase 5: Search 54,https://arxiv.org/abs/2601.02126,To Read,,,,,,pre-2026-09 tracking; no read evidence found 2026-09-12
194,King County GIS Center (Puget Sound regional orthophoto consortium),2015,"Regional aerial orthoimagery acquisition specification and photo-centre index (ortho_image15c): LEAF-OFF spring acquisition, 88-participant consortium","King County GIS Data Catalog, www5.kingcounty.gov/sdc/","The consortium that produces our King County imagery specifies acquisition during LEAF-OFF season, free of snow and smoke - 2012 flown March-May explicitly 'with the intent of representing leaf-off conditions', 2015 acquired in spring. NAIP by contrast is flown at peak growing season, LEAF-ON. Our archive therefore mixes leaf-off and leaf-on imagery and nothing in the pipeline accounts for it. If the 2020 City of Edmonds acquisition follows the same regional practice, our ONE hand-labelled year was labelled on imagery in which deciduous crowns are bare - which would be a physical explanation for the conifer-only blind spot rather than a modelling failure. The photo-centre index layer also carries per-exposure ACQ_DATE and UTC_TIME fields, so the actual dates are recoverable rather than lost.",Phase 5: Search 55,https://www5.kingcounty.gov/sdc/Metadata.aspx?Layer=ortho_image15c,To Read,,,,,,pre-2026-09 tracking; no read evidence found 2026-09-12
195,"Techapinyawat, L., et al.",2024,Integrated urban land cover analysis using deep learning and post-classification correction,Computer-Aided Civil and Infrastructure Engineering,"Retrieves CANOPY-COVERED IMPERVIOUS SURFACES with a vector-oriented post-classification step, which is the exact inverse of our newly measured dominant failure mode: our model's recall roughly halves on canopy over impervious (0.32 vs 0.69 in 2016, a gap of 0.37-0.43 in every year tested). It lets us treat overhang as a named, addressable class with an existing method rather than as diffuse error, and its post-classification framing is a cheaper candidate than retraining. It also implies C-CAP's impervious-under-canopy layer is a deliberate product of this same logic, which is why C-CAP finds the pixels we miss.",Phase 6: Search 56,https://doi.org/10.1111/mice.13277,To Read,,,,,,pre-2026-09 tracking; no read evidence found 2026-09-12
196,"Liu, Y., et al.",2023,Very High Resolution Images and Superpixel-Enhanced Deep Neural Forest Promote Urban Tree Canopy Detection,Remote Sensing 15(2):519,"Reports that U-Net specifically is degraded by canopy shadow, producing high omission and low recall - which is our architecture and our symptom, and it supplies a mechanism for the over-impervious deficit that is distinct from the dark-foliage-on-dark-roof story we assumed. This lets us separate two candidate causes of the same gap: shadow cast ONTO the impervious surface versus low contrast between crown and roof, which are testable apart because shadow is sun-angle dependent and varies with acquisition time while roof contrast does not. If shadow dominates, the fix is radiometric or acquisition-aware, not structural, and the CHM channel would not help.",Phase 6: Search 56,https://doi.org/10.3390/rs15020519,To Read,,,,,,pre-2026-09 tracking; no read evidence found 2026-09-12
197,"Yoo, S., et al.",2026,An Open and Transferable Deep Learning Framework for Mapping Urban Tree Canopy Using NAIP Imagery,Remote Sensing 18(12):1899,"A transferable canopy-mapping framework built on NAIP, which is the exact source of our 2019n and 2022n acquisitions, so it is the closest published analogue to the transfer problem our cross-sensor years pose. It gives us an external benchmark for what NAIP-based canopy recall should look like, which we currently have no way to calibrate against, and its open weights would let us test our imagery against a model that never saw Edmonds - a genuine held-out check that our own cross-year evaluation cannot provide. Published 2026, so it postdates every method in our pipeline.",Phase 6: Search 56,https://doi.org/10.3390/rs18121899,To Read,,,,,,pre-2026-09 tracking; no read evidence found 2026-09-12
198,"Gharibi, H. & Habib, A.",2018,True Orthophoto Generation from Aerial Frame Images and LiDAR Data: An Update,Remote Sensing 10(4):581,"Names the defect that 197 prior papers in this tracker never mention: a conventional orthophoto is rectified with a bare-earth DTM, so ONLY THE BASE of a tree or building lands in its true position and everything above ground is displaced radially from nadir by an amount proportional to its height. This means our canopy polygons are systematically mislocated as a function of tree height and position within each photo frame, which contaminates the model-versus-reference comparison exactly along the height axis our staircase runs on - and it CONTRADICTS the implicit assumption behind every co-registration check we have done, none of which allowed for a height-dependent offset. It is also directly actionable: the method uses aerial frames plus LiDAR, and we already hold the Snohomish LiDAR.",Phase 6: Search 57,https://doi.org/10.3390/rs10040581,To Read,,,,,,pre-2026-09 tracking; no read evidence found 2026-09-12
199,"Wagner, F.H., et al.",2024,Sub-meter tree height mapping of California using aerial images and LiDAR-informed U-Net model,Remote Sensing of Environment 302:114099,"Duplicate — see [ID 94, Wagner 2024]",Phase 6: Search 57,https://doi.org/10.1016/j.rse.2024.114099,Duplicate of [ID 94],,,,,,pre-2026-09 tracking; Status not evidence-based
200,"Chen, Y., et al.",2014,True orthophoto generation using multi-view aerial images,ISPRS Archives XL-3:67-72,"Documents the double-mapping and occlusion artefacts that conventional orthorectification produces in urban scenes, which matters to us because our 18 acquisitions were flown as different frame layouts, so each year carries a DIFFERENT displacement field. That predicts APPARENT CANOPY CHANGE WHERE NONE OCCURRED, concentrated on tall crowns and near buildings, and it is a threat to the pipeline's central deliverable - the 2000-2024 change series - rather than to any single-year accuracy number. If confirmed it would mean some measured canopy loss is a photogrammetric artefact, which no amount of extra labelling would fix.",Phase 6: Search 57,https://doi.org/10.5194/isprsarchives-xl-3-67-2014,To Read,,,,,,pre-2026-09 tracking; no read evidence found 2026-09-12
201,"Mboga, N., et al.",2020,Fully convolutional networks for land cover classification from historical panchromatic aerial photographs,ISPRS Journal of Photogrammetry and Remote Sensing 167:385-395,"The direct precedent for the part of our archive we have never assessed: 1936_king_rgb.tif and 1998_king_rgb.tif sit on disk and in phase4/crops but appear in no catalog entry and no config year list. It works on 1940s-50s panchromatic frames with radiometric variation between dates and locations, which is our exact problem one generation earlier, and it establishes that FCNs can classify land cover with no spectral information at all - so a 1936 extension is not obviously infeasible. Critically it also means any NDVI-like or GRVI-like feature, and the leaf-off greenness diagnostic we built in an earlier iteration, is simply undefined for those years.",Phase 6: Search 58,https://doi.org/10.1016/j.isprsjprs.2020.07.005,To Read,,,,,,pre-2026-09 tracking; no read evidence found 2026-09-12
202,"Tian, Y., et al.",2025,Deep learning based individual tree crown delineation from panchromatic aerial imagery,ISPRS Annals X-G-2025:885-892,"States that NO existing tree delineation approach relies on panchromatic imagery alone because colour is considered essential, then bridges the domain gap with a deep-learning COLORIZATION step before delineation - a technique absent from all 200 papers in this tracker and a serious candidate for our pre-2000 years. It CONTRADICTS the framing behind our cross-sensor work, which has treated the historical problem as radiometric domain shift between comparable RGB sensors; for a single-band 1936 frame the gap is not a shift but a missing modality, and style-transfer methods such as FDA that assume matched channel counts cannot apply. It is also 2025, so it postdates every generalisation method currently in our plan.",Phase 6: Search 58,https://doi.org/10.5194/isprs-annals-x-g-2025-885-2025,To Read,,,,,,pre-2026-09 tracking; no read evidence found 2026-09-12
203,"Kostrzewa, J.",2025,Convolutional Neural Networks for Land Use and Land Cover Multi-class Maps from Historical Aerial Imagery,Photogrammetric Engineering & Remote Sensing,"A second and very recent treatment of CNN land-cover mapping from historical aerial frames, useful as an independent check on Mboga because the two were produced five years apart and any agreement on achievable accuracy would give us a defensible expectation for 1936 and 1998 before committing GPU time. It matters for scoping rather than method: our temporal series currently starts at 2000, and whether it can honestly be pushed back six decades is a question about what accuracy is attainable on single-band frames, which this quantifies. Retrieved via Crossref; abstract not yet read, so the relevance claim here is provisional.",Phase 6: Search 58,https://doi.org/10.14358/pers.25-00063r2,To Read,,,,,,pre-2026-09 tracking; no read evidence found 2026-09-12
204,"Canty, M.J. & Nielsen, A.A.",2008,Automatic radiometric normalization of multitemporal satellite imagery with the iteratively re-weighted MAD transformation,Remote Sensing of Environment 112(3):1025-1036,"IR-MAD automatically finds no-change pixels shared by two images and fits a per-band linear transform from them, and it is explicitly INVARIANT TO GAIN AND OFFSET DIFFERENCES IN THE MEASURING DEVICE - which is exactly the defect we just measured, where GRVI over identical ground reads 0.1146 in 2019 King County and 0.8919 in 2019 NAIP. It is the standard remedy for the problem and it requires no reference targets and no field data, only the image pairs we already hold. IMPORTANT LIMIT: it corrects AFFINE differences, so if our cast comes from gamma, JPEG compression or per-frame colour balancing it will only partly work - which makes testing it a diagnostic of what kind of distortion we have.",Phase 6: Search 59,https://doi.org/10.1016/j.rse.2007.07.013,To Read,,,,,,pre-2026-09 tracking; no read evidence found 2026-09-12
205,"Ryadi, G., et al.",2023,Relaxation-Based Radiometric Normalization for Multitemporal Cross-Sensor Satellite Images,Sensors 23(11):5150,"Targets the CROSS-SENSOR case specifically, which is ours rather than the easier same-sensor multitemporal case that most normalization work assumes, and our 17 acquisitions come from at least four distinct providers with EagleView and changing King County contractors behind them. It matters because the strict no-change assumption underlying IR-MAD is weakest exactly where our series is longest, over 24 years during which real canopy change is large. Gives a relaxed alternative to test against IR-MAD rather than a single method to adopt blind.",Phase 6: Search 59,https://doi.org/10.3390/s23115150,To Read,,,,,,pre-2026-09 tracking; no read evidence found 2026-09-12
206,"Chen, C., et al.",2023,Radiometric Normalization Using a Pseudo-Invariant Polygon Features-Based Algorithm with Contemporaneous Imagery,Applied Sciences 13(4):2525,"Uses pseudo-invariant POLYGONS rather than pixels, which suits us because we already hold building footprints and an impervious raster - roofs and pavement are the classic invariant targets and we can supply them directly instead of estimating them. It offers a route that does not assume the scene is mostly unchanged, and our scene demonstrably is not over 24 years. It also gives a cheap validity check on any normalization we apply: canopy over impervious is our worst-performing class, so a normalization fitted on impervious polygons must be shown NOT to have simply moved that error around.",Phase 6: Search 59,https://doi.org/10.3390/app13042525,To Read,,,,,,pre-2026-09 tracking; no read evidence found 2026-09-12
207,"Geirhos, R., Rubisch, P., Michaelis, C., Bethge, M., Wichmann, F.A. & Brendel, W.",2019,ImageNet-trained CNNs are biased towards texture; increasing shape bias improves accuracy and robustness,"ICLR 2019 (Oral), arXiv:1811.12231","Supplies a single hypothesis that unifies both of this project's robustness results, which nothing in the previous 206 rows does: if the U-Net is texture-biased, it should transfer well across sensors whose COLOUR differs wildly but whose texture does not, and it should degrade when RESOLUTION destroys texture. That is exactly the measured pattern - recall within 0.020 across 2005-2021 spanning three providers, but ~6 points worse at 2000/2002 where true GSD is 40 cm against 10 cm. It also predicts why brightness out-performs greenness as a single-pixel cue, and it makes a falsifiable claim we can test by channel ablation rather than by argument.",Phase 6: Search 60,https://arxiv.org/abs/1811.12231,To Read,,,,,,pre-2026-09 tracking; no read evidence found 2026-09-12
208,"Burgert, T., Stoll, O., Rota, P. & Demir, B.",2025,ImageNet-trained CNNs are not biased towards texture: Revisiting feature reliance through controlled suppression,arXiv:2509.20234,"DIRECTLY CONTRADICTS Geirhos 2019 and therefore contradicts the unifying hypothesis this loop just adopted, which is why it is worth more than a confirming citation. It argues the texture-bias conclusion is an artefact of how the cue-conflict stimuli suppress information, and that controlled suppression gives a different answer. If it is right, our resolution-versus-sensor asymmetry needs a different explanation and a channel-ablation test would be interpreted differently. It should be read BEFORE any design decision is justified by texture bias, not after.",Phase 6: Search 60,https://arxiv.org/abs/2509.20234,To Read,,,,,,pre-2026-09 tracking; no read evidence found 2026-09-12
209,"Ranabhat, R.N., Wang, L., Patel, A.K. & Santosh, K.C.",2025,Promoting Shape Bias in CNNs: Frequency-Based and Contrastive Regularization for Corruption Robustness,arXiv:2509.11355,"If the texture-bias reading survives, this is the actionable follow-on: frequency-based regularization to push a CNN toward shape, with corruption robustness as the stated target. Our cross-sensor problem is a corruption-robustness problem in all but name - the same ground rendered by different optics, compression and colour pipelines - and unlike Stylized-ImageNet it does not require restyling a training set we do not have. Relevant only conditionally, which is the honest framing given the contradiction above.",Phase 6: Search 60,https://arxiv.org/abs/2509.11355,To Read,,,,,,pre-2026-09 tracking; no read evidence found 2026-09-12
210,"Bogaert, P., Lamarche, C. & Defourny, P.",2022,Hidden Markov Models for Annual Land Cover Mapping — Increasing Temporal Consistency and Completeness,IEEE Transactions on Geoscience and Remote Sensing,"Bogaert et al. 2022 (ABSTRACT) estimates *both* transition and emission parameters from real classified series and explicitly handles missing dates. *Inference:* the missing-data handling transfers directly to the project's irregular calendar; the estimation itself would be circular here, because eleven of the project's twelve years are 2020 projections (§2.3) — an EM fit would learn and reinforce the labeling error.",Phase 7: STC acquisition,https://doi.org/10.1109/tgrs.2021.3123738,To Read,ABSTRACT,framework §2.3,Bogaert_2022_hidden-markov-models-annual-land,2,,bib read_status: obtained-unread
211,"Gong, W., Fang, S., Yang, G. & Ge, M.",2017,Using a Hidden Markov Model for Improving the Spatial-Temporal Consistency of Time Series Land Cover Classification,ISPRS International Journal of Geo-Information,"Gong et al. 2017 (PRIMARY, full text read, then independently re-verified verbatim) is the most on-point paper in the review. It runs per-year SVM → HMM Viterbi with a single hand-set transition matrix across nine epochs, and reports the unchanged-label share rising 18.91% → 73%, illogical transitions falling 29.44% → ~2.6%, and pixels flipping more than five times falling 23.36% → ~0.03% (all four figures confirmed against the paper's own text).",Phase 7: STC round 1,https://doi.org/10.3390/ijgi6100292,Read,PRIMARY,framework §2.2,,4,,
212,"Miller, D.A.W. et al.",2013,Determining Occurrence Dynamics when False Positives Occur: Estimating the Range Dynamics of Wolves from Public Survey Data,PLOS ONE,"Miller et al. 2013 supplies the closest published analogue to the framework's persistence prior (framework §2.3): a multi-season occupancy model whose latent binary state carries both a non-detection rate and a false-positive rate in its emission, and estimates colonization/extinction transitions while correcting for both error rates.",Phase 7: STC round 1,https://doi.org/10.1371/journal.pone.0065808,Read,PRIMARY,framework §2.3,,5,,
213,"Perantoni, G., Weikmann, G. & Bruzzone, L.",2025,Bayesian Modelling of Multi-Year Crop Type Classification Using Deep Neural Networks and Hidden Markov Models,arXiv preprint,"Perantoni et al. 2025 (PRIMARY, arXiv HTML) reports F1 70.88 → 73.59 from adding an HMM layer, and states that evaluating on parcels that actually changed is future work.",Phase 7: STC round 1,https://arxiv.org/abs/2510.07008,Read,PRIMARY,,,6,,
214,"Sulla-Menashe, D., Gray, J.M., Abercrombie, S.P. & Friedl, M.A.",2019,Hierarchical mapping of annual global land cover 2001 to present: MODIS Collection 6,Remote Sensing of Environment,"Sulla-Menashe et al. 2019 (ABSTRACT, ⚠ NUMBERS on the transition figure; PRIMARY on the caution — split grade, verified 2026-09-11) documents the same algorithm operating globally as MODIS Collection 6. The published abstract states spurious land cover change fell ""1.6% in C6 and 11.4% in C5"" — abstract-verbatim, one level up from the earlier ""search snippet,"" but the article body stays paywalled (Unpaywall and OpenAlex both report no OA or repository copy), so the metric's denominator is still unverified; ⚠ stays.",Phase 7: STC round 1,https://doi.org/10.1016/j.rse.2018.12.013,Read,PRIMARY,,,7,2026-09-11,
215,"Wehmann, A. & Liu, D.",2015,A spatial–temporal contextual Markovian kernel method for multi-temporal land cover mapping,ISPRS Journal of Photogrammetry and Remote Sensing,"Sought in round 1 for framework §2.3's persistence-prior literature on how transition probabilities are set in multi-temporal land-cover mapping; filed at METADATA grade with the contextual Markovian-kernel method named in its title, not yet read beyond the header.",Phase 7: STC round 1,https://doi.org/10.1016/j.isprsjprs.2015.04.009,Not Obtained,METADATA,framework §2.3,,8,,
216,"Yang, G., Fang, S., Gong, W., Zhao, Y. & Ge, M.",2020,Evaluating the reliability of time series land cover maps by exploiting the hidden Markov model,Stochastic Environmental Research and Risk Assessment,"Yang et al. 2020 grades each pixel by the joint probability of its observed sequence under the HMM as a reliability score, rather than only emitting the Viterbi label — the cheapest companion instrument the review found for framework §2.3, obtainable from the forward-backward pass already computed.",Phase 7: STC acquisition,https://doi.org/10.1007/s00477-020-01915-9,To Read,ABSTRACT,framework §2.3,Yang_2020_evaluating-reliability-time-series-land,9,,bib read_status: obtained-unread
217,"Yuan, Y. et al.",2015,Continuous Change Detection and Classification Using Hidden Markov Model: Beijing,Remote Sensing,"Sought in round 1 for framework §2.3's transition-estimation thread (continuous change detection and classification by HMM, applied to Beijing); filed, not yet read.",Phase 7: STC acquisition,https://doi.org/10.3390/rs71115318,To Read,METADATA,framework §2.3,Yuan_2015_continuous-change-detection,10,,bib read_status: obtained-unread
218,"Benedek, C. & Sziranyi, T.",2009,Change Detection in Optical Aerial Images by a Multilayer Conditional Mixed Markov Model,IEEE Transactions on Geoscience and Remote Sensing,Benedek & Sziranyi 2009 folds a spatial layer and a change layer into one joint mixed-Markov energy for bitemporal aerial imagery across large seasonal and sensor gaps — closer in spirit to this project's cross-flight problem than most Landsat-cadence work (framework §4.1).,Phase 7: STC acquisition,https://doi.org/10.1109/tgrs.2009.2022633,To Read,METADATA,framework §4.1,Benedek_2009_change-detection-optical-aerial-images,11,,bib read_status: obtained-unread
219,"Benedek, C., Shadaydeh, M., Kato, Z., Sziranyi, T. & Zerubia, J.",2015,Multilayer Markov Random Field models for change detection in optical remote sensing images,ISPRS Journal of Photogrammetry and Remote Sensing,"Companion multilayer Markov random field paper to Benedek & Sziranyi 2009 [ID 218, Benedek & Sziranyi 2009], extending the joint spatial/change energy to a multilayer MRF for optical remote-sensing change detection (framework §4.1); filed, not yet read.",Phase 7: STC acquisition,https://doi.org/10.1016/j.isprsjprs.2015.02.006,To Read,METADATA,framework §4.1,Benedek_2015_multilayer-markov-random-field-models,12,,bib read_status: obtained-unread
220,"Hoberg, T., Rottensteiner, F., Feitosa, R.Q. & Heipke, C.",2015,Conditional Random Fields for Multitemporal and Multiscale Classification of Optical Satellite Imagery,IEEE Transactions on Geoscience and Remote Sensing,"Hoberg et al. 2015 is a pairwise CRF spanning multiple epochs and resolutions in one energy — structurally the closest architecture to what framework §4.1 wants; the 2015 IEEE TGRS journal version stays unreadable (no OA or repository copy found), so it is graded from its abstract and the read 2012 precursor [ID 221, Hoberg et al. 2012].",Phase 7: STC round 1,https://doi.org/10.1109/tgrs.2014.2326886,Not Obtained,METADATA,framework §4.1,,13,,bib read_status: obtained-unread
221,"Hoberg, T., Rottensteiner, F. & Heipke, C.",2012,Context Models for CRF-Based Classification of Multitemporal Remote Sensing Data,"ISPRS Annals of the Photogrammetry, Remote Sensing and Spatial Information Sciences","Hoberg, Rottensteiner & Heipke 2012 is the read precursor to Hoberg et al. 2015 [ID 220, Hoberg et al. 2015]: its pairwise CRF sets the spatial and temporal interaction weights beta and gamma 'empirically' with no value printed, confirming framework §4.1's 'no measured local/global weight' finding, and its transition table assigns 1.0 to class-preserving entries — a fourth documented instance of the laundering prior.",Phase 7: STC round 1,https://doi.org/10.5194/isprsannals-i-7-129-2012,Read,PRIMARY,framework §4.1,,14,,
222,"Liu, C., Song, W., Lu, C. & Xia, J.",2021,Spatial-Temporal Hidden Markov Model for Land Cover Classification,IEEE Access,"Liu, Song, Lu & Xia 2021 stages spatial smoothing first, then an EM-trained HMM — negative evidence on ordering for framework §4.1: smoothing spatially before the temporal stage bakes spatial-consensus error into the sequence before the temporal chain ever sees a raw per-cell observation.",Phase 7: STC acquisition,https://doi.org/10.1109/access.2021.3080926,To Read,ABSTRACT,framework §4.1,Liu_2021_spatial-temporal-hidden-markov-model,15,,bib read_status: obtained-unread
223,"Martinis, S. & Twele, A.",2010,A Hierarchical Spatio-Temporal Markov Model for Improved Flood Mapping Using Multi-Temporal X-Band SAR Data,Remote Sensing,"Martinis & Twele 2010 gates which units enter a spatio-temporal contextual update at all by an entropy-based confidence measure, admitting only nodes whose marginal-posterior entropy exceeds the scene's own mean — the nearest published mechanism to framework §4.1's graded local/global weight, though its own spatial and temporal weights are hand-fixed at 1 and never swept.",Phase 7: STC round 1,https://doi.org/10.3390/rs2092240,Read,PRIMARY,framework §4.1,,16,,
224,"Cohen, W.B., Yang, Z., Healey, S.P., Kennedy, R.E. & Gorelick, N.",2018,A LandTrendr multispectral ensemble for forest disturbance detection,Remote Sensing of Environment,"Sought in round 1 for framework §6.1's trajectory-segmentation family (a LandTrendr multispectral ensemble for forest disturbance detection); filed at METADATA grade, not obtained.",Phase 7: STC round 1,https://doi.org/10.1016/j.rse.2017.11.015,Not Obtained,,framework §6.1,,18,,
225,"Murakami, T. & Tsutsumida, N.",2025,"Comparative Global Assessment and Optimization of LandTrendr, CCDC, and BFAST for Urban Land Cover Change Detection",Remote Sensing,All three top out below 80% F1 (CCDC 78.14%) once the domain is urban rather than forest. *Inference:* the accuracy ceiling drops in exactly the direction this project is moving.,Phase 7: STC acquisition,https://doi.org/10.3390/rs17142402,To Read,METADATA,,Murakami_2025_comparative-global-assessment,20,,"bib read_status: obtained-unread; lead restatement moved from Relevance: ""Murakami & Tsutsumida 2025 (METADATA)"""
226,"Pasquarella, V.J. et al.",2022,Demystifying LandTrendr and CCDC temporal segmentation,International Journal of Applied Earth Observation and Geoinformation,"Pasquarella et al. 2022 confirms from primary text that both canonical trajectory segmenters — LandTrendr's regression vertices, CCDC's harmonic coefficients — replace every observation inside a stable segment with a fitted model value, placing trajectory segmentation at framework §6.1's 'apply the consensus shape' end of the spectrum rather than the conservative fill-or-veto end. (Status corrected to To Read: no PDF on disk and review §8 states no read route beyond PRIMARY.)",Phase 7: STC round 1,https://doi.org/10.1016/j.jag.2022.102806,To Read,PRIMARY,review §8; framework §6.1,,21,,
227,"Polunchenko, A.S. & Tartakovsky, A.G.",2012,State-of-the-Art in Sequential Change-Point Detection,Methodology and Computing in Applied Probability,"Polunchenko & Tartakovsky 2012 surveys sequential change-point detection for Bernoulli sequences with known pre- and post-change parameters — CUSUM, Shiryaev-Roberts, GLR — which is literally the arithmetic framework §2.3 needs; no remote-sensing paper applying this to a binary land-cover mask with pre-measured per-epoch recall and false-positive rates was found. (Status corrected to To Read: no PDF on disk and review §8 states no read route beyond PRIMARY.)",Phase 7: STC round 1,https://doi.org/10.1007/s11009-011-9256-5,To Read,PRIMARY,review §8; framework §2.3,,22,,
228,"Reiche, J., de Bruin, S., Hoekman, D., Verbesselt, J. & Herold, M.",2015,A Bayesian Approach to Combine Landsat and ALOS PALSAR Time Series for Near Real-Time Deforestation Detection,Remote Sensing,"Reiche, de Bruin, Hoekman, Verbesselt & Herold 2015 holds a provisional change call pending and either confirms or drops it as later Landsat/ALOS PALSAR observations arrive — the closest published analog to framework §6.1's 'fill or veto single cells, never redraw' design.",Phase 7: STC acquisition,https://doi.org/10.3390/rs70504973,To Read,ABSTRACT,framework §6.1,Reiche_2015_bayesian-approach-combine-landsat-alos,23,,bib read_status: obtained-unread
229,"Reiche, J. et al.",2021,Forest disturbance alerts for the Congo Basin using Sentinel-1,Environmental Research Letters,"Reiche et al. 2021 describes the operational RADD alert system for the Congo Basin (Sentinel-1), which reports user's accuracy 97.6% and producer's accuracy 95.0% for confirmed alerts >=0.2 ha under the same confirm-or-reject dynamic as Reiche et al. 2015 [ID 228, Reiche et al.",Phase 7: STC acquisition,https://doi.org/10.1088/1748-9326/abd0a8,To Read,ABSTRACT,,Reiche_2021_forest-disturbance-alerts-congo-basin,24,,bib read_status: obtained-unread
230,"Rodman, K.C., Andrus, R.A., Veblen, T.T. & Hart, S.J.",2021,"Disturbance detection in Landsat time series is influenced by tree mortality agent and severity, not by prior disturbance",Remote Sensing of Environment,"Rodman et al. 2021 (PRIMARY — full published PDF read 2026-09-11) confirms with real numbers that detectability tracks disturbance severity and agent: LandTrendr caught 74.3% of fire disturbances within one year vs. 26.5% of spruce-beetle mortality, and even restricted to confident-onset-year beetle events, detection was still 61.8% — 12.5 points below fire.",Phase 7: STC round 1,https://doi.org/10.1016/j.rse.2020.112244,Read,PRIMARY,,,25,2026-09-11,
231,"Verbesselt, J., Hyndman, R., Newnham, G. & Culvenor, D.",2010,Detecting trend and seasonal changes in satellite image time series,Remote Sensing of Environment,Detects steps larger than 0.1 NDVI under stated noise but needs roughly 23 observations per year to identify a seasonal term; framework §6.1 notes this does not transfer to an archive with under one observation per year and no continuous index. (Status corrected to To Read: no PDF on disk and review §8 states no read route beyond PRIMARY.),Phase 7: STC round 1,https://doi.org/10.1016/j.rse.2009.08.014,To Read,PRIMARY,review §8; framework §6.1,,26,,"lead restatement moved from Relevance: ""Verbesselt, Hyndman, Newnham & Culvenor 2010 (BFAST)"""
232,"Wendelberger, L.J., Reich, B.J., Wilson, A.G. & Gray, J.M.",2026,Detecting Deforestation Using Robust Online Bayesian Monitoring,Data Science in Science,"Sought in round 1 for framework §6.1's trajectory-segmentation family (robust online Bayesian deforestation monitoring); filed at METADATA grade, not obtained.",Phase 7: STC round 1,https://doi.org/10.1080/26941899.2026.2687150,Not Obtained,METADATA,framework §6.1,,27,,
233,"Zhu, Z. & Woodcock, C.E.",2014,Continuous change detection and classification of land cover using all available Landsat data,Remote Sensing of Environment,Requires three consecutive threshold-exceeding observations before flagging a break — a duration test rather than a prior-versus-evidence odds ratio — and reports producer's accuracy 98% / user's accuracy 86% for change; framework §2.3 shows this duration rule does not port to this project's measured miss rate. (Status corrected to To Read: no PDF on disk and review §8 states no read route beyond PRIMARY.),Phase 7: STC round 1,https://doi.org/10.1016/j.rse.2014.01.011,To Read,PRIMARY,review §8; framework §2.3,,28,,"lead restatement moved from Relevance: ""Zhu & Woodcock 2014 (CCDC)"""
234,"Cardille, J.A. & Fortin, J.A.",2016,Bayesian updating of land-cover estimates in a data-rich environment,Remote Sensing of Environment,"Sought in round 1 for framework §4.2's ancillary and cadastral priors (Bayesian updating of land-cover estimates in a data-rich environment); filed at METADATA grade, not obtained.",Phase 7: STC round 1,https://doi.org/10.1016/j.rse.2016.08.021,Not Obtained,,framework §4.2,,29,,
235,City of Seattle OSE / University of Vermont SAL,2023,City of Seattle Tree Canopy Assessment: Final Report (2016–2021),N/A — agency report,"City of Seattle 2023 (PRIMARY, 32-page PDF read incl. appendix tables) is the cleanest instance and the most locally relevant source in the review: redevelopment parcels are 1.0% of city land but account for 13.7% of citywide net loss, and 2.9% of Multifamily land carries 78% of that zone's net loss. Inference, and it is load-bearing: those are net-over-net ratios, and calibrating q_loss needs gross flip rates, which the report does not break out (gross upper bound ~4.9% citywide). Do not carry the 13.7–78% figures into a prior without that correction. (Status corrected to To Read: no PDF on disk and review §8 lists it only as an agency report, no read route.)",Phase 7: STC round 1,N/A — agency report,To Read,PRIMARY,review §8,,30,,
236,"Ossola, A. & Hopton, M.E.",2017,Measuring urban tree loss dynamics across residential landscapes,Science of the Total Environment,"Tracked 28,427 lost stems at 92–97% detection accuracy and found loss associated with neighbourhoods developed before the 1970s — standing stock and neighbourhood age, not new construction.",Phase 7: STC round 1,https://doi.org/10.1016/j.scitotenv.2017.08.103,Read,PRIMARY,,,34,,"lead restatement moved from Relevance: ""Ossola & Hopton 2017 (PRIMARY, PMC full text)"""
237,"Pedley, D. & Morgenroth, J.",2025,"Green vs growth: The effect of residential intensification on urban tree canopy loss in Christchurch, New Zealand",Sustainable Cities and Society,"Is one of four Christchurch-group papers on redevelopment-driven canopy loss (alongside Ossola & Hopton 2017 [ID 236, Ossola & Hopton 2017], Guo et al. 2018/2019 [ID 354-355], and Morgenroth et al. 2017 [ID 358, Morgenroth et al.",Phase 7: STC round 1,https://doi.org/10.1016/j.scs.2025.106678,Read,PRIMARY,,,35,2026-09-11,"lead restatement moved from Relevance: ""Pedley & Morgenroth 2025 (Sustainable Cities and Society, PRIMARY — full publisher-paginated PDF via the UC repository, hdl 10092/108884, read 2026-09-11)"""
238,"Rosa, I.M.D., Purves, D., Souza, C. Jr. & Ewers, R.M.",2013,Predictive Modelling of Contagious Deforestation in the Brazilian Amazon,PLOS ONE,"Is the sharpest warning in framework §4.2: an ancillary-layer-modulated deforestation prior reached AUC 0.92 and put roughly 80% of cumulative deforestation within 10 km of its predicted high-probability areas, while matching the predicted location and year exactly only about 2% of the time. This is a where-versus-when failure any development-prior validation must score by year, not only place.",Phase 7: STC round 1,https://doi.org/10.1371/journal.pone.0077231,Read,PRIMARY,framework §4.2,,36,,"lead restatement moved from Relevance: ""Rosa, Purves, Souza & Ewers 2013 (PRIMARY, full text via PLOS ONE's open-access article page)"""
239,"Capliez, E. et al.",2023,Multisensor Temporal Unsupervised Domain Adaptation for Land Cover Mapping,IEEE Transactions on Geoscience and Remote Sensing,"Sought under framework §4.3 for cross-sensor domain-adaptation methods bearing on lidar-as-teacher transfer (multisensor temporal unsupervised domain adaptation for land cover mapping); full text obtained via HAL, not discussed further in the review's findings section.",Phase 7: STC round 1,https://doi.org/10.1109/tgrs.2023.3297077,Read,PRIMARY,framework §4.3,,38,,
240,"Islam, M.D. et al.",2026,High-resolution multi-temporal forest canopy height mapping in California using GEDI LiDAR and multi-sensor remote sensing,Science of Remote Sensing,"Sought under framework §4.3 for lidar-as-teacher canopy-height mapping precedent (high-resolution multi-temporal forest canopy height mapping in California using GEDI lidar and multi-sensor remote sensing); filed at METADATA grade, not obtained.",Phase 7: STC round 1,https://doi.org/10.1016/j.srs.2026.100488,Not Obtained,METADATA,framework §4.3,,39,,
241,"Kalinicheva, E., Helen, F., Mermoz, S., Mouret, F. & Planells, M.",2025,Super-Resolved Canopy Height Mapping from Sentinel-2 Time Series Using Airborne LiDAR HD,arXiv preprint,"Sought under framework §4.3 for the lidar-as-teacher contract (super-resolved canopy-height mapping from Sentinel-2 time series using airborne lidar HD as the training target); an arXiv preprint, not yet read.",Phase 7: STC acquisition,https://arxiv.org/abs/2512.11524,To Read,ABSTRACT,framework §4.3,Kalinicheva_2025_super-resolved-canopy-height,40,,bib read_status: obtained-unread
242,"Lai, Y. et al.",2026,Forest canopy height estimation from satellite RGB imagery using large-scale airborne LiDAR-derived training data,arXiv preprint,"Lai et al. 2026 estimates forest canopy height from satellite RGB imagery using large-scale airborne-lidar-derived training data — the same train-on-lidar, deploy-lidar-free contract framework §4.3 requires; an arXiv preprint, not yet read.",Phase 7: STC round 1,https://arxiv.org/abs/2602.06503,To Read,,framework §4.3,,41,,
243,"Lang, N., Jetz, W., Schindler, K. & Wegner, J.D.",2023,A high-resolution canopy height model of the Earth,Nature Ecology & Evolution,"Lang et al. 2023 (PRIMARY, PMC mirror, numbers confirmed) — the honest exam design worth copying: validation on geographically held-out tiles, plus a check against fully independent airborne lidar never used in training (RMSE 7.9 m, bias 1.7 m). That degradation is the price of losing the privileged signal.",Phase 7: STC round 1,https://doi.org/10.1038/s41559-023-02206-6,Read,PRIMARY,,,42,,
244,"Lopez-Paz, D., Bottou, L., Schölkopf, B. & Vapnik, V.",2016,Unifying distillation and privileged information,International Conference on Learning Representations 2016,"Lopez-Paz, Bottou, Schoelkopf & Vapnik 2016 defines privileged information as present at training and structurally absent at inference, with generalized distillation as the teacher/student form — the contract framework §4.3's lidar-as-teacher design must satisfy.",Phase 7: STC acquisition,https://arxiv.org/abs/1511.03643,To Read,ABSTRACT,framework §4.3,LopezPaz_2016_unifying-distillation-privileged,43,,bib read_status: obtained-unread
245,"Pauls, J. et al.",2025,Capturing Temporal Dynamics in Large-Scale Canopy Tree Height Estimation,arXiv preprint,"Pauls et al. 2025 addresses temporal dynamics in large-scale canopy tree-height estimation under the same lidar-as-teacher framing as framework §4.3; an arXiv preprint, not yet read.",Phase 7: STC acquisition,https://arxiv.org/abs/2501.19328,To Read,ABSTRACT,framework §4.3,Pauls_2025_capturing-temporal-dynamics-large-scale,44,,bib read_status: obtained-unread
246,"Song, J., Chen, H. & Yokoya, N.",2026,Enhancing monocular height estimation via sparse LiDAR-guided correction,ISPRS Journal of Photogrammetry and Remote Sensing,"Song et al. 2026 (ABSTRACT) is a one-directional, lidar-anchored correction — architecturally close to add-only — but it trains and evaluates only on lidar-intersected pixels. It never leaves lidar coverage, so it cannot be cited as evidence such corrections generalize.",Phase 7: STC round 1,https://doi.org/10.1016/j.isprsjprs.2025.12.004,To Read,ABSTRACT,,,46,,
247,"Tolan, J. et al.",2024,Very high resolution canopy height maps from RGB imagery using self-supervised vision transformer and convolutional decoder trained on aerial lidar,Remote Sensing of Environment,"Tolan et al. 2024 (PRIMARY — upgraded 2026-09-11 by reading the open-access preprint, arXiv:2304.07213; the Elsevier version stays paywalled) is a second honest exam worth copying, and the numbers now attribute properly. It is evaluated not only on held-out aerial lidar but against reference data from outside any aerial-lidar coverage: ~2×10⁴ GEDI spaceborne samples drawn globally, the Brazilian National Forest Inventory (1,450 10×10 m subplots across 87 plots), and 8,903 human-annotated tree/no-tree thumbnails.",Phase 7: STC round 1,https://doi.org/10.1016/j.rse.2023.113888,Read,PRIMARY,,,47,2026-09-11,
248,"Vapnik, V. & Vashist, A.",2009,A new learning paradigm: Learning using privileged information,Neural Networks,"Vapnik & Vashist 2009 is the origin statement that privileged information is present at training and structurally absent at inference — the definition Lopez-Paz et al. 2016 [ID 244, Lopez-Paz et al. 2016] formalises as generalized distillation for framework §4.3.",Phase 7: STC acquisition,https://doi.org/10.1016/j.neunet.2009.06.042,To Read,METADATA,framework §4.3,Vapnik_2009_new-learning-paradigm-learning,48,,bib read_status: obtained-unread
249,"Zhou, Q., Tollerud, H., Barber, C., Smith, K. & Zelenak, D.",2020,Training Data Selection for Annual Land Cover Classification for LCMAP,Remote Sensing,"Sought under framework §4.3 for training-data selection practice in an operational annual land-cover product (LCMAP); filed, not obtained.",Phase 7: STC acquisition,https://doi.org/10.3390/rs12040699,To Read,ABSTRACT,framework §4.3,Zhou_2020_training-data-selection-annual-land,49,,bib read_status: obtained-unread
250,"Brown, J. et al.",2022,Automated aerial animal detection when spatial resolution conditions are varied,Computers and Electronics in Agriculture,"Brown et al. 2022 held ground sample distance fixed at 0.5 m/px and varied only the optical point-spread function, moving detector mAP by more than 50% from aperture type alone — outside confirmation, in animal detection rather than canopy mapping, that season and sensor can dominate over nominal resolution (framework §4.4).",Phase 7: STC round 1,https://doi.org/10.1016/j.compag.2022.106689,To Read,ABSTRACT,framework §4.4,,50,,
251,"Chen, H., Yang, W., Liu, L. & Xia, G.S.",2024,Coarse-to-fine semantic segmentation of satellite images,ISPRS Journal of Photogrammetry and Remote Sensing,"Sought under framework §4.4 for a label-taxonomy curriculum precedent (coarse-to-fine semantic segmentation of satellite images); filed at METADATA grade, not obtained.",Phase 7: STC round 1,https://doi.org/10.1016/j.isprsjprs.2024.07.028,Not Obtained,METADATA,framework §4.4,,51,,
252,"Chen, K. et al.",2018,Semantic Segmentation of Aerial Imagery via Multi-Scale Shuffling CNNs with Deep Supervision,"ISPRS Annals of the Photogrammetry, Remote Sensing and Spatial Information Sciences","Sought under framework §4.4 for deep-supervision architectures on aerial imagery (multi-scale shuffling CNNs with deep supervision, ISPRS Annals); filed in the acquisition pass, not yet read.",Phase 7: STC acquisition,https://doi.org/10.5194/isprs-annals-iv-1-29-2018,To Read,ABSTRACT,framework §4.4,Chen_2018_semantic-segmentation-aerial-imagery,52,,bib read_status: obtained-unread
253,"Lee, C.Y., Xie, S., Gallagher, P., Zhang, Z. & Tu, Z.",2015,Deeply-Supervised Nets,International Conference on Artificial Intelligence and Statistics 2015,"Is the origin of the deep-supervision mechanism framework §4.4a evaluates, ahead of PSPNet's [ID 257, Zhao et al. 2017] production-scale auxiliary-weight ablation.",Phase 7: STC acquisition,https://arxiv.org/abs/1409.5185,To Read,ABSTRACT,framework §4.4,Lee_2015_deeply-supervised-nets,53,,"bib read_status: obtained-unread; lead restatement moved from Relevance: ""Lee, Xie, Gallagher, Zhang & Tu 2015 (Deeply-Supervised Nets)"""
254,"Ma, S., Tang, J. & Guo, F.",2021,Multi-Task Deep Supervision on Attention R2U-Net for Brain Tumor Segmentation,Frontiers in Oncology,"Is the load-bearing caution for framework §4.4a: a naively-specified auxiliary deep-supervision target scored worse than no deep supervision at all (DSC 88.74 vs 88.95; sensitivity 87.95 vs 89.56), and only helped once the auxiliary targets were made task-appropriate (89.18). This is direct support for an IGNORE-aware loss requirement: a downsampled auxiliary label that folds 255 into background is exactly the naively-specified case the paper shows makes things worse, not merely neutral. No published ablation anywhere uses a three-state 0/1/255 convention.",Phase 7: STC round 1,https://doi.org/10.3389/fonc.2021.704850,Read,PRIMARY,framework §4.4,,54,,"lead restatement moved from Relevance: ""Ma, Tang & Guo 2021 (PRIMARY, PMC full text with ablation tables)"""
255,"Mobsite, S., Hostache, R., Berti-Équille, L., Roux, E., Catry, T. & Guérin, J.",2026,Enhancing land cover semantic segmentation with convolutional block attention modules and deep supervision,Artificial Intelligence in Geosciences,"Mobsite et al. 2026 is the source of the auxiliary deep-supervision weight of 0.1 the brief originally proposed for framework §4.4a; Kam read the paper and confirmed the record exists (the ablation table itself sits behind a 403 this review could not re-fetch), and its number disagrees with PSPNet's (Zhao et al. 2017) [ID 257] 0.4 — the disagreement itself is the finding: the right weight is architecture- and head-count-dependent.",Phase 7: STC round 1,https://doi.org/10.1016/j.aiig.2026.100222,Not Obtained,METADATA,framework §4.4,,55,,
256,"Touvron, H., Vedaldi, A., Douze, M. & Jégou, H.",2019,Fixing the Train-Test Resolution Discrepancy,Conference on Neural Information Processing Systems 2019,"Is a methodological caution for framework §4.4b: part of any coarse-then-fine gain in a resolution curriculum can be a train/test scale-calibration artifact — batch-norm statistics and apparent object size — recoverable by cheap recalibration alone, with no curriculum learning at all.",Phase 7: STC acquisition,https://arxiv.org/abs/1906.06423,To Read,ABSTRACT,framework §4.4,Touvron_2019_fixing-train-test-resolution,56,,"bib read_status: obtained-unread; lead restatement moved from Relevance: ""Touvron, Vedaldi, Douze & Jegou 2019 (FixRes)"""
257,"Zhao, H., Shi, J., Qi, X., Wang, X. & Jia, J.",2017,Pyramid Scene Parsing Network,IEEE/CVF Conference on Computer Vision and Pattern Recognition 2017,"Is the production precedent for deep supervision, with an auxiliary weight of 0.4 found best in its own ablation — the number framework §4.4a weighs against Mobsite et al. 2026's [ID 255, Mobsite et al. 2026] 0.1.",Phase 7: STC acquisition,https://doi.org/10.1109/cvpr.2017.660,To Read,ABSTRACT,framework §4.4,Zhao_2017_pyramid-scene-parsing-network,57,,"bib read_status: obtained-unread; lead restatement moved from Relevance: ""Zhao, Shi, Qi, Wang & Jia 2017 (PSPNet)"""
258,"Stehman, S.V. & Czaplewski, R.L.",1998,Design and Analysis for Thematic Map Accuracy Assessment,Remote Sensing of Environment,"Sought under framework §2.4 for design-based rare-change accuracy assessment (design and analysis for thematic map accuracy assessment); filed in the acquisition pass, header-verified, not yet read.",Phase 7: STC acquisition,https://doi.org/10.1016/s0034-4257(98)00010-8,To Read,METADATA,framework §2.4,Stehman_1998_design-analysis-thematic-map-accuracy,63,,bib read_status: obtained-unread
259,"Blackman, R. & Yuan, F.",2020,Detecting Long-Term Urban Forest Cover Change and Impacts of Natural Disasters,Remote Sensing,Works an 81-year heterogeneous aerial archive and reports the same asymmetry this project shows: an abrupt disturbance (tornado) stayed detectable while diffuse decline (disease) did not.,Phase 7: STC acquisition,https://doi.org/10.3390/rs12111820,To Read,ABSTRACT,,Blackman_2020_detecting-long-term-urban-forest,66,,"bib read_status: obtained-unread; lead restatement moved from Relevance: ""Blackman & Yuan 2020 (ABSTRACT)"""
260,"Coupland, K., Hamilton, D. & Griess, V.C.",2022,Combining aerial photos and LiDAR data to detect canopy cover change in urban forests,PLOS ONE,"Coupland et al. 2022 (PRIMARY, full text) is the methodological standout: before trusting a 1949→2015 difference, they ran both 2015 sensors through the same pipeline on the same date and established statistical equivalence (TOST, ±5.38% TCC) first. They also concede plainly that resampling ""cannot correct for differences in shadows and color."" *Inference:* the same-date equivalence test is the right instrument and this project cannot run it — no epoch in the archive has two sensors on one date.",Phase 7: STC round 1,https://doi.org/10.1371/journal.pone.0273487,Read,PRIMARY,,,67,,
261,"MacFaden, S.W., O'Neil-Dunne, J.P.M., Royar, A.R., Lu, J.W.T. & Rundle, A.G.",2012,High-resolution tree canopy mapping for New York City using LIDAR and object-based image analysis,Journal of Applied Remote Sensing,"MacFaden, O'Neil-Dunne, Royar, Lu & Rundle 2012 solves rooftop/shadow confusion in New York City tree-canopy mapping by co-acquiring lidar at every epoch — the resource this project lacks and, per framework §2.2, cannot safely substitute; it is also the map product King & Locke 2013 [ID 273, King & Locke 2013] examines for the canopy-over-building convention (framework §6.2).",Phase 7: STC acquisition,https://doi.org/10.1117/1.jrs.6.063567,To Read,ABSTRACT,framework §2.2; framework §6.2,MacFaden_2012_high-resolution-tree-canopy-mapping,68,,bib read_status: obtained-unread
262,"Nowak, D.J. & Greenfield, E.J.",2012,Tree and impervious cover change in U.S. cities,Urban Forestry & Urban Greening,"Nowak & Greenfield 2012 is one of the reference protocols framework §2.4 checked for a 'canopy asserted where none exists' false-positive class (point sampling of tree and impervious cover change); none of the checked protocols, this one included, carries such a class.",Phase 7: STC acquisition,https://doi.org/10.1016/j.ufug.2011.11.005,To Read,ABSTRACT,framework §2.4,Nowak_2012_tree-impervious-cover-change-u,69,,bib read_status: obtained-unread
263,"O'Neil-Dunne, J.P.M., MacFaden, S.W. & Royar, A.R.",2014,"A Versatile, Production-Oriented Approach to High-Resolution Tree-Canopy Mapping",Remote Sensing,"O'Neil-Dunne, MacFaden & Royar 2014 is the production-methodology companion to MacFaden et al. 2012 [ID 261, MacFaden et al. 2012], describing the versatile, production-oriented high-resolution tree-canopy mapping process the NYC product King & Locke 2013 [ID 273] relies on.",Phase 7: STC acquisition,https://doi.org/10.3390/rs61212837,To Read,ABSTRACT,,ONeilDunne_2014_versatile-production-oriented,70,,bib read_status: obtained-unread
264,"Pedley, D. & Morgenroth, J.",2025,Detecting and measuring fine-scale urban tree canopy loss with deep learning and remote sensing,ISPRS Open J. Photogramm. Remote Sens.,"Duplicate — see [ID 13, Coupland 2025]",Phase 7: STC round 1,https://doi.org/10.1016/j.ophoto.2025.100082,Duplicate of [ID 13],PRIMARY,framework §4.8,,71,2026-09-11,"lead restatement moved from Relevance: ""Pedley & Morgenroth 2025 (ISPRS Open J. Photogramm. Remote Sens. 15:100082, PRIMARY, CC BY, full text read 2026-09-11)"""
265,"Walton, J.T.",2008,"Difficulties with estimating city-wide urban forest cover change from national, remotely-sensed tree canopy maps",Urban Ecosystems,"Is the mirror image of this study's failure mode, worth holding next to it: comparing two heterogeneously-produced canopy products manufactured apparent *change* where photo-interpreted truth showed little. Uncorrected survey heterogeneity launders in both directions — no-change into false change, and, in this study's case, real change into agreement — the same root cause.",Phase 7: STC acquisition,https://doi.org/10.1007/s11252-007-0040-9,To Read,ABSTRACT,,Walton_2008_difficulties-estimating-city-wide-urban,72,,"bib read_status: obtained-unread; lead restatement moved from Relevance: ""Walton 2008 (ABSTRACT)"""
266,"Câmara, G. et al.",2024,Bayesian Inference for Post-Processing of Remote-Sensing Image Classification,Remote Sensing,"Câmara et al. 2024 (ABSTRACT) are explicit stay-in-probability-space architectures; Câmara's is a current, shipped implementation (the R `sits` package) with a non-isotropic neighbourhood prior designed *not* to blur across real class borders.",Phase 7: STC acquisition,https://doi.org/10.3390/rs16234572,To Read,ABSTRACT,,Camara_2024_bayesian-inference-post-processing,73,,bib read_status: obtained-unread
267,"Cheng, X. & Liu, H.",2020,A Novel Post-Processing Method Based on a Weighted Composite Filter for Enhancing Semantic Segmentation Results,Sensors,"Defers argmax to the end of a two-stage soft filter chain: mIoU rises across all four backbones tested — FCN 0.5245→0.5349, FastFCN 0.6286→0.6432, DeepLab 0.6294→0.6431, PSPNet 0.7940→0.8024 (+0.8 to +1.5 points), with pixel accuracy +0.38 to +0.62 points.",Phase 7: STC round 2,https://doi.org/10.3390/s20195500,Read,PRIMARY,,,74,,"lead restatement moved from Relevance: ""Cheng & Liu 2020 (PRIMARY, full text with tables)"""
268,"Li, N., Liu, C. & Pfeifer, N.",2019,Improving LiDAR classification accuracy by contextual label smoothing in post-processing,ISPRS Journal of Photogrammetry and Remote Sensing,"Smooths *label probabilities* by probabilistic relaxation instead of post-hoc on hardened labels: +7.01% overall accuracy (Vienna) and +6.88% (Vaihingen), and the authors note small/fragmented features survive better this way.",Phase 7: STC round 2,https://doi.org/10.1016/j.isprsjprs.2018.11.022,To Read,ABSTRACT,,,75,,"lead restatement moved from Relevance: ""Li, Liu & Pfeifer 2019 (ABSTRACT, numbers from fetched abstract)"""
269,"Papadopoulos, S., Koukiou, G. & Anastassopoulos, V.",2024,Decision Fusion at Pixel Level of Multi-Band Data for Land Cover Classification — A Review,Journal of Imaging,"Sought under framework §4.5 for decision-fusion architectures at pixel level (a review of multi-band land-cover classification fusion); filed, not obtained.",Phase 7: STC acquisition,https://doi.org/10.3390/jimaging10010015,To Read,ABSTRACT,framework §4.5,Papadopoulos_2024_decision-fusion-pixel-level-multi,76,,bib read_status: obtained-unread
270,"Wu, C., Du, B., Cui, X. & Zhang, L.",2017,A post-classification change detection method based on iterative slow feature analysis and Bayesian soft fusion,Remote Sensing of Environment,"Wu, Du, Cui & Zhang 2017 is an explicit stay-in-probability-space architecture — post-classification change detection by iterative slow feature analysis and Bayesian soft fusion — supporting framework §4.5's instinct to defer hard decisions until evidence is combined.",Phase 7: STC round 2,https://doi.org/10.1016/j.rse.2017.07.009,To Read,ABSTRACT,framework §4.5,,77,,
271,"Abellera, L.V. & Stenstrom, M.K.",2005,Impervious Surface Detection from Satellite Imagery with Knowledge-Based Systems and GIS,Computing in Civil Engineering 2005,"Sought under framework §6.2/§6.3 for knowledge-based impervious-surface detection as ancillary-layer precedent; filed at METADATA grade, not obtained.",Phase 7: STC round 2,https://doi.org/10.1061/40794(179)45,Not Obtained,,framework §6.2; framework §6.3,,78,,
272,"Hecht, R., Meinel, G. & Buchroithner, M.",2015,Automatic identification of building types based on topographic databases — a comparison of different data sources,International Journal of Cartography,"Sought under framework §6.2/§6.3 for building-type identification from topographic databases, as a comparator for cadastral-layer completeness; filed at METADATA grade, not obtained.",Phase 7: STC round 2,https://doi.org/10.1080/23729333.2015.1055644,Not Obtained,,framework §6.2; framework §6.3,,79,,
273,"King, K. & Locke, D.",2013,A Comparison of Three Methods for Measuring Local Urban Tree Canopy Cover,Arboriculture & Urban Forestry,"Is the paper that squarely addresses canopy over buildings, and its framing needed correcting once read in full: a high-resolution NYC seven-class land-cover product, in its mutually-exclusive GIS classification, assigns canopy overhanging a building to the tree class rather than the building class — ""Each class is mutually exclusive and tree canopy that hangs over buildings are assigned to the tree class"" (p.64). The companion i-Tree field protocol counts both independently rather than choosing (p.63).",Phase 7: STC round 2,https://doi.org/10.48044/jauf.2013.009,Read,PRIMARY,,,80,2026-09-11,"lead restatement moved from Relevance: ""King & Locke 2013 (PRIMARY — full text via USDA Forest Service Treesearch, read 2026-09-11)"""
274,"Li, Q., Taubenböck, H., Shi, Y., Auer, S., Roschlaub, R., Glock, C., Kruspe, A. & Zhu, X.X.",2022,Identification of undocumented buildings in cadastral data using remote sensing,International Journal of Applied Earth Observation and Geoinformation,"Li et al. 2022 (PRIMARY, full text via DLR mirror) trains a purpose-built CNN to flag cadastral gaps — buildings present in imagery but undocumented in the cadastre — scoring F1 85.14% and 82.27% precision against manually ground-truthed data (framework §6.3). *Verdict:* a dedicated buildings model trades one error profile for another rather than eliminating it, so the count from framework §4.2 should be run first before adopting it as ancillary context.",Phase 7: STC round 2,https://doi.org/10.1016/j.jag.2022.102909,Read,PRIMARY,framework §6.3; framework §4.2,,81,,
275,"Sun, Y., Hua, Y., Mou, L. & Zhu, X.X.",2022,CG-Net: Conditional GIS-Aware Network for Individual Building Segmentation in VHR SAR Images,IEEE Transactions on Geoscience and Remote Sensing,"The soft alternative has a concrete precedent. Sun et al. 2022 (CG-Net, ABSTRACT) conditions a segmentation network on GIS footprints by feature normalisation rather than pixel-wise masking, and is explicitly engineered to tolerate positional error in the GIS layer instead of assuming the footprint is exact.",Phase 7: STC acquisition,https://doi.org/10.1109/tgrs.2020.3043089,To Read,ABSTRACT,,Sun_2022_cg-net-conditional-gis-aware,82,,bib read_status: obtained-unread
276,"Yi, S., Li, X., Liu, Y., Dong, X. & Tu, W.",2025,A sub-meter resolution urban surface albedo dataset for 34 U.S. cities based on deep learning,Scientific Data,"Yi, Li, Liu, Dong & Tu 2025 compiles a sub-meter urban surface albedo dataset across 34 U.S. cities; sought under framework §6.2/§6.3 as a candidate ancillary hard-negative layer whose veto cost at building-footprint edges the review found unmeasured in the literature (framework §4.10). (Status corrected to To Read: no PDF on disk and review §8 states no read route beyond PRIMARY.)",Phase 7: STC round 2,https://doi.org/10.1038/s41597-025-05109-2,To Read,PRIMARY,review §8; framework §6.2; framework §6.3; framework §4.10,,83,,
277,"Li, Z., Zhang, X., Liu, W., Zhao, T., Ai, W., Wang, J. & Liu, L.",2025,Post-Processing Optimization of the Global 30 m Land Cover Dynamic Monitoring Product,Remote Sensing,"Li, Zhang, Liu, Zhao, Ai, Wang & Liu 2025 supplies framework §4.11's change-stratified reporting template for a global 30 m land-cover product and is the source of the correction recorded in review §5.",Phase 7: STC round 2,https://doi.org/10.3390/rs17091558,Read,PRIMARY,review §5; framework §4.11,,84,,
278,"Reis, M.S., Dutra, L.V., Escada, M.I.S. & Sant'Anna, S.J.S.",2020,Avoiding Invalid Transitions in Land Cover Trajectory Classification With a Compound Maximum a Posteriori Approach,IEEE Access,"Sought under 'Operational products and their consistency claims' for a compound maximum-a-posteriori approach avoiding invalid land-cover trajectory transitions; filed, not obtained.",Phase 7: STC acquisition,https://doi.org/10.1109/access.2020.2997019,To Read,ABSTRACT,,Reis_2020_avoiding-invalid-transitions-land-cover,85,,bib read_status: obtained-unread
279,"Yang, J. & Huang, X.",2021,The 30 m Annual Land Cover Dataset and Its Dynamics in China from 1990 to 2019 (CLCD),Earth System Science Data,"Sought under 'Operational products and their consistency claims' for the 30 m annual China land-cover dataset (CLCD, 1990-2019) as an operational-consistency comparator; filed at METADATA grade, not obtained.",Phase 7: STC round 2,https://doi.org/10.5194/essd-13-3907-2021,Not Obtained,,,,86,,
280,Strong & Chan,2003,Edge-preserving and scale-dependent properties of total variation regularization,Inverse Problems,"Gives the erasure threshold in closed form — for one operator, total-variation regularisation. §3.1 is titled verbatim ""Change in image intensity δ = α/scale,"" with ""scale = |Ω|/|∂Ω|"" (area over boundary length; r/2 for a disk): contrast loss is ""inversely proportional to scale and directly proportional to α,"" so ""TV regularization causes smaller-scaled features (such as noise) to be partially or entirely removed while larger-scaled image features are relatively unaffected."" Checked on a discrete image, not only in the continuum:.",Phase 7: STC round 3,https://doi.org/10.1088/0266-5611/19/6/059,Read,PRIMARY,framework §3.1,,87,,"lead restatement moved from Relevance: ""Strong & Chan 2003 (PRIMARY, UCLA CAM mirror, 23 pp)"""
281,"Gräler, Pebesma & Heuvelink",2016,Spatio-Temporal Interpolation using gstat,The R Journal,"Shows the space↔time exchange rate fitted rather than set: one anisotropy scalar κ ""given as spatial unit per temporal unit,"" with ""All temporal distances… internally re-scaled to an equivalent spatial distance,"" ""numerically optimised using… fit.StVariogram and the L-BFGS-B routine of optim"" — 189 km/day (metric), 185 km/day (sum-metric), and ""The spatio-temporal anisotropy is estimated beforehand and fixed at 118 km/day."" Table 2 sweeps five covariance families. The decision-grade result is negative. (Status corrected to To Read: no PDF on disk and review §8 states no read route beyond PRIMARY.)",Phase 7: STC round 3,https://doi.org/10.32614/rj-2016-014,To Read,PRIMARY,review §8,,88,,"lead restatement moved from Relevance: ""Gräler, Pebesma & Heuvelink 2016 (PRIMARY, R Journal)"""
282,Krähenbühl & Koltun,2011,Efficient Inference in Fully Connected CRFs with Gaussian Edge Potentials,Conference on Neural Information Processing Systems 2011,"Is structurally the project's unary-plus-pairwise field and is the scaling evidence gap 4 lacked: mean-field inference over ""billions of edges even on low-resolution images"" in 0.2 s against 36 h for MCMC.",Phase 7: STC round 3,https://arxiv.org/abs/1210.5644,Read,PRIMARY,,,89,,"lead restatement moved from Relevance: ""Krähenbühl & Koltun 2011 (PRIMARY, arXiv:1210.5644)"""
283,"Ross, Tasoulis & Adams",2012,Sequential monitoring of a Bernoulli sequence when the pre-change parameter is unknown,Computational Statistics,"Addresses the Bernoulli CUSUM when the pre-change parameter is unknown, its title's actual contribution; its §5.1, quoted here, first states the known-parameter baseline case as background: `C0 = 0; Ct = max(0, C_{t-1} + x_t - k)`, `k = r1/r2`, with `r1` and `r2` log-likelihood-ratio constants, and 'a change is flagged when Ct > h(theta0, theta1)'. This review's substitution for that known-rate baseline: for a gain, theta0 = f_t and theta1 = r_t (r = recall); for a loss, relabel x -> 1 - x and swap r <-> 1 - f, f <-> 1 - r.",Phase 7: STC round 3,https://doi.org/10.1007/s00180-012-0311-7,Read,PRIMARY,framework §5.1,,90,,"lead restatement moved from Relevance: ""Ross, Tasoulis & Adams 2012 (PRIMARY)"""
284,Chen & Yang,2022,A New p-Control Chart with Measurement Error Correction,arXiv preprint,"Supplies the misclassification correction in closed form, with π_kl = P(X* = k | X = l): eq. (2) `p*₀ = π₁₁p₀ + π₁₀q₀`; eq. (7) `p₀ = (p*₀ − π₁₀)/(1 − π₁₀ − π₀₁)`. This review's mapping: π₁₀ = f (false positive), π₀₁ = 1 − r (miss), so the denominator is r − f, and the factor 1/(r − f)² is the noise-floor statement framework §3.5 asks for — at the brief's rates r = 0.61, f = 0.05 it is ≈ 3.2, with the emission gate f < r keeping it finite. Not a change-point rule (an EWMA over n subjects per epoch); code at github.com/lchen723/SPC-ME-R-code.",Phase 7: STC round 3,https://arxiv.org/abs/2203.03384,Read,PRIMARY,framework §3.5,,91,,"lead restatement moved from Relevance: ""Chen & Yang 2022 (PRIMARY, arXiv:2203.03384)"""
285,"Itkin, I.",2026,Quickest Detection of Hallucination Onset,arXiv preprint,"Has the same structure — a latent two-state chain seen through a noisy classifier — in a different domain, and gives the general form that admits per-year rates: eq. (2) `St = max(0, S_{t−1} + log p1(Xt)/p0(Xt))`, `τ = min{t : St ≥ h}`; Proposition 1: ""let ω > 0 solve E0[e^{ωY}] = 1… ARL0 = e^{ωh}(1+o(1)) and EDD = h/E1[Y](1+o(1))""; Corollary 1(ii): the cross-entropy minimiser *is* the log-likelihood-ratio increment. *This review's instantiation:* increments log(r_t/f_t) on an observed 1 and log((1−r_t)/(1−f_t)) on an observed 0 (r = recall); for binary Y the equation in ω is scalar in (r, f). No (r, f) symbols appear in the paper.",Phase 7: STC round 3,https://doi.org/10.48550/arxiv.2606.12476,Read,PRIMARY,,,92,,"lead restatement moved from Relevance: ""Itkin 2026 (PRIMARY, arXiv:2606.12476)"""
286,Sandia National Laboratories,2016,An Introduction to the Bernoulli CUSUM,"N/A — SAND tech report, OSTI 1374023","Sandia National Laboratories' 2016 technical report (PRIMARY, full text via the public OSTI repository, OSTI 1374023) gives the introductory derivation of the Bernoulli CUSUM chart, filed as corroboration alongside Ross, Tasoulis & Adams 2012 [ID 283, Ross et al. 2012] and Reynolds & Stoumbos 1999 [ID 397, Reynolds & Stoumbos 1999] for framework §17's change-point arithmetic.",Phase 7: STC round 3,"N/A — SAND tech report, OSTI 1374023",Read,PRIMARY,framework §17,,93,,
287,"Mishra, U. & Singh, J.R.",2022,Effect of Inspection Error on CUSUM Chart for Truncated Negative Binomial Distribution,Asian Journal of Probability and Statistics,"Mishra & Singh 2022 extends CUSUM inspection-error correction to the truncated negative-binomial distribution — adjacent-field corroboration for framework §17's measurement-error correction, alongside Chen & Yang 2022 [ID 284, Chen & Yang 2022] and Chakraborty & Khurshid 2017 [ID 288, Chakraborty & Khurshid 2017]; the journal (AJPAS) returned 403, unread beyond the header.",Phase 7: STC round 3,https://doi.org/10.9734/ajpas/2022/v17i430430,To Read,ABSTRACT,framework §17,,95,,
288,Chakraborty & Khurshid,2017,The Effect of Misclassification Due to Measurement Error on CUSUM Control Charts for Intervened Poisson Distribution,Cadernos do IME — Série Estatística,"Chakraborty & Khurshid 2017 extends CUSUM misclassification-correction theory to the intervened Poisson distribution — adjacent-field corroboration for framework §17's measurement-error correction, alongside Chen & Yang 2022 [ID 284, Chen & Yang 2022] and Mishra & Singh 2022 [ID 287, Mishra & Singh 2022]; only the abstract could be served, unread beyond that.",Phase 7: STC round 3,https://doi.org/10.12957/cadest.2017.25564,To Read,ABSTRACT,framework §17,Chakraborty_2017_effect-misclassification-due,96,,bib read_status: obtained-unread
289,"Ramani, S., Blu, T. & Unser, M.",2008,Monte-Carlo SURE: A Black-Box Optimization of Regularization Parameters for General Denoising Algorithms,IEEE Transactions on Image Processing,"Estimates a denoiser's true mean-squared error from the noisy input alone. Definition 1, eq. (6): `η = (1/N)‖y − f_λ(y)‖² − σ² + (2σ²/N)·div_y{f_λ(y)}`; Theorem 1 makes η unbiased for MSE; Theorem 2, eq. (14) estimates the divergence by perturbation — `div = lim_{ε→0} E_b′{b′ᵀ((f_λ(y+εb′) − f_λ(y))/ε)}` — so that ""f_λ is treated as a black box, meaning that we only need access to the output of the operator."" *This review's reading, and the sign matters:* the divergence enters *positively* and is Efron's degrees of freedom. (Status corrected to To Read: no PDF on disk and review §8 states no read route beyond PRIMARY.)",Phase 7: STC round 3,https://doi.org/10.1109/tip.2008.2001404,To Read,PRIMARY,review §8,,97,,"lead restatement moved from Relevance: ""Ramani, Blu & Unser 2008 (PRIMARY, Monte-Carlo SURE)"""
290,Chernozhukov et al.,2018,Double/Debiased Machine Learning for Treatment and Structural Parameters,The Econometrics Journal,"Chernozhukov et al. 2018 (ABSTRACT, Econometrics Journal): ""To avoid overfitting, our construction also makes use of the K-fold sample splitting, which we call cross-fitting."" *Verdict:* procedural. The check it imposes: were q_loss, q_gain, the transition table or β/γ fit on cells that overlap the 42 gold losses or the §2.2 GAIN/FLAT populations?",Phase 7: STC round 3,https://doi.org/10.1111/ectj.12097,To Read,ABSTRACT,framework §2.2,Chernozhukov_2018_double-debiased-machine-learning,100,,bib read_status: obtained-unread
291,"Kumar, Liang & Ma",2019,Verified Uncertainty Calibration,Conference on Neural Information Processing Systems 2019,"Platt and temperature scaling are ""(i) less calibrated than reported, and (ii) current techniques cannot estimate how miscalibrated they are""; a continuous corrector's ""true calibration error is unmeasurable with a finite number of bins."" *Verdict:* the documented precedent for gap 7 outside remote sensing, plus a design rule — make the correction measurable by construction (a binned corrector is; a continuous one is not).",Phase 7: STC round 3,https://arxiv.org/abs/1909.10155,Read,PRIMARY,,,101,,"lead restatement moved from Relevance: ""Kumar, Liang & Ma 2019 (PRIMARY, NeurIPS)"""
292,"Liu, Reda, Shih, Wang, Tao & Catanzaro",2018,Image Inpainting for Irregular Holes Using Partial Convolutions,European Conference on Computer Vision 2018,"Liu et al. 2018 (PRIMARY, partial convolutions, arXiv:1804.07723) gives the renormalisation for probability-domain smoothing. Eq. (1): `x' = Wᵀ(X ⊙ M)·sum(1)/sum(M) + b if sum(M) > 0; 0 otherwise`; eq. (2): `m' = 1 if sum(M) > 0; 0 otherwise`; and, in their words, ""With sufficient successive applications of the partial convolution layer, any mask will eventually be all ones."" *Verdict:* eq. (1) is adoptable; eq. (2) is *optimistic* — one valid neighbour dissolves IGNORE — the opposite of conservative, because it was built to fill holes, not keep them.",Phase 7: STC round 3,https://doi.org/10.1007/978-3-030-01252-6_6,Read,PRIMARY,,,103,,
293,Appel,2022,Efficient Data-Driven Gap Filling of Satellite Image Time Series Using Deep Neural Networks with Partial Convolutions,Artificial Intelligence for the Earth Systems,"Restates Liu et al.'s [ID 292, Liu et al. 2018] partial-convolution mask equations for three-dimensional satellite raster stacks and is the Earth-observation bridge framework §4.9 said was absent, but carries the same optimistic mask rule: one valid neighbour dissolves IGNORE rather than requiring a full valid neighbourhood.",Phase 7: STC round 3,https://doi.org/10.1175/aies-d-22-0055.1,Read,PRIMARY,framework §4.9,,104,,"lead restatement moved from Relevance: ""Appel 2022 (PRIMARY, full text via arXiv:2208.08781; also *Artif. Intell. Earth Syst.*)"""
294,"Sinopoli, Schenato, Franceschetti, Poolla, Jordan & Sastry",2004,Kalman Filtering With Intermittent Observations,IEEE Transactions on Automatic Control,"Sinopoli et al. 2004 (PRIMARY, IEEE TAC; text quoted from the Berkeley preprint, self-labelled DRAFT) is the exact rule for an unobserved epoch in a sequential estimator. ""In reality the absence of observation corresponds to the limiting case of σ → ∞""; taking that limit, (14) `x̂_{t+1|t+1} = x̂_{t+1|t} + γ_{t+1}P C'(CPC'+R)⁻¹(y − Cx̂)` and (15) `P_{t+1|t+1} = P_{t+1|t} − γ_{t+1}P C'(CPC'+R)⁻¹CP`, with γ = 0 on a missing epoch: ""performing this limit corresponds exactly to propagating the previous state when there is no observation update available at time t."" The gain zeroes, the state carries forward, the covariance does *not* shrink.",Phase 7: STC round 3,https://doi.org/10.1109/tac.2004.834121,Read,PRIMARY,,,105,,
295,"Przewiezlikowski, M., Smieja, M., Struski, L. & Tabor, J.",2022,MisConv: Convolutional Neural Networks for Missing Data,IEEE/CVF Winter Conference on Applications of Computer Vision 2022,"Przewiezlikowski et al. 2022 (PRIMARY, MisConv, WACV) computes the expected convolution over a fitted density of the missing values. *Verdict:* no — it marginalises, i.e. imputes; that turns IGNORE into a class, which §3.6 of CLAUDE.md forbids.",Phase 7: STC round 3,https://arxiv.org/abs/2110.14010,Read,PRIMARY,framework §3.6,,106,,
296,Bloch,2012,Mathematical morphology on bipolar fuzzy sets: General algebraic framework,International Journal of Approximate Reasoning,"Sought under adjacent-field theory for morphological operator families bearing on framework §16's erasure-radius question (mathematical morphology on bipolar fuzzy sets); filed, not obtained.",Phase 7: STC round 3,https://doi.org/10.1016/j.ijar.2012.05.003,To Read,METADATA,framework §16,Bloch_2012_mathematical-morphology-bipolar-fuzzy,107,,bib read_status: obtained-unread
297,Eldar,2009,Generalized SURE for Exponential Families: Applications to Regularization,IEEE Transactions on Signal Processing,"Gives Theorem 1 (eq. 16), an unbiased estimate of `E{hᵀ(u)θ}` for any exponential family with sufficient statistic `u`, and the introduction explicitly places the linear-Gaussian model with general noise covariance `C ⪰ 0` inside it. But the theorem requires `h(u)` weakly differentiable in u and is proved by integration by parts — a continuous result; the introduction is candid that prior extensions are confined to the independent case, with the discrete exponential case discussed elsewhere (Hwang 1982 [ID 300, Hwang 1982]).",Phase 7: STC round 4,https://arxiv.org/abs/0804.3010,Read,PRIMARY,,Eldar_2009_generalized-sure-exponential-families,108,,"bib read_status: reviewer-read; lead restatement moved from Relevance: ""Eldar 2009 (PRIMARY, arXiv 0804.3010, read in full)"""
298,"Chaux, Duval, Benazza-Benyahia & Pesquet",2008,A Nonlinear Stein-Based Estimator for Multichannel Image Denoising,IEEE Transactions on Signal Processing,"Proposition 1 (eq. 24) is the correlated-Gaussian Stein identity with the covariance explicit: `E[f(r)s] = E[f(r)r] − E[∂f/∂r]ᵀ·Γ` — the `tr(Σ·∇f)` penalty. The correlation they model is across channels at one pixel, not across pixels; the algebra is indifferent to which, which is the useful part.",Phase 7: STC round 4,https://arxiv.org/abs/0712.2317,Read,PRIMARY,,Chaux_2008_nonlinear-stein-based-estimator,109,,"bib read_status: reviewer-read; lead restatement moved from Relevance: ""Chaux, Duval, Benazza-Benyahia & Pesquet 2008 (PRIMARY, arXiv 0712.2317)"""
299,Hudson,1978,A Natural Identity for Exponential Families with Applications in Multiparameter Estimation,Annals of Statistics,"Gives identity (2.3) for a continuous exponential family and (2.10), the finite-difference Stein identity, for the discrete one on `{0, 1, …}`. His multiparameter application (§3) begins ""Let X₁, …, X_p be independent"" and proceeds ""by conditioning on {X_j : j ≠ i}"". Independence is load-bearing at the source.",Phase 7: STC round 4,https://doi.org/10.1214/aos/1176344194,Read,PRIMARY,framework §3,Hudson_1978_natural-identity-exponential-families,110,,"bib read_status: reviewer-read; lead restatement moved from Relevance: ""Hudson 1978 (PRIMARY, Ann. Statist. 6(3); JSTOR scan, pp. 474–476)"""
300,Hwang,1982,Improving Upon Standard Estimators in Discrete Exponential Families with Applications to Poisson and Negative Binomial Cases,Annals of Statistics,"States the difference identity (2.1) for ""p independent random variables having density f_i(x_i | θ_i)"". Same conclusion as Hudson 1978 [ID 299, Hudson 1978]: independence is load-bearing at the source.",Phase 7: STC round 4,https://doi.org/10.1214/aos/1176345876,Read,PRIMARY,,Hwang_1982_improving-upon-standard-estimators,111,,"bib read_status: reviewer-read; lead restatement moved from Relevance: ""Hwang 1982 (PRIMARY, Ann. Statist. 10(3); JSTOR scan, pp. 858–859)"""
301,Efron,2021,Resampling Plans and the Estimation of Prediction Error,Stats,"Efron 2021 is the author's own restatement of the 2004 Optimism Theorem (Efron 2004 [ID 348, Efron 2004]) and its assumptions, read at §4 (eqs. 64-77 and 90) for framework §14's covariance-penalty derivation.",Phase 7: STC round 4,https://doi.org/10.3390/stats4040063,Read,PRIMARY,framework §4; framework §14,Efron_2021_resampling-plans-estimation-prediction,112,,bib read_status: reviewer-read
302,Batson & Royer,2019,Noise2Self: Blind Denoising by Self-Supervision,arXiv preprint,"Gives the architectural form. Proposition 1: for a J-invariant f, `E‖f(x)−x‖² = E‖f(x)−y‖² + E‖x−y‖²`; for the non-invariant median, the self-supervised loss ""tells us nothing about the ground truth loss"" — laundering in miniature. *Verdict:* the best architectural fit (make the healer J-invariant in *time*: the output at epoch t may not read epoch t's mask), but both clauses of Proposition 1 currently fail for this project's stack, in the dangerous direction — the HMM's whole point is that epoch t's observation is the unary evidence at t.",Phase 7: STC round 4,https://arxiv.org/abs/1901.11365,Read,PRIMARY,,,99,,"lead restatement moved from Relevance: ""Batson & Royer 2019 (PRIMARY, Noise2Self)"""
303,"Valavi, Elith, Lahoz-Monfort & Guillera-Arroita",2018,blockCV: an R package for generating spatially or environmentally separated folds for k-fold cross-validation of species distribution models,bioRxiv,"Duplicate — see [ID 60, Valavi 2019]",Phase 7: STC round 4,https://doi.org/10.1101/357798,Duplicate of [ID 60],PRIMARY,framework §12.2,Valavi_2018_blockcv-r-package-generating-spatially,114,,"bib read_status: reviewer-read; lead restatement moved from Relevance: ""Valavi, Elith, Lahoz-Monfort & Guillera-Arroita 2018 (PRIMARY, bioRxiv 357798; blockCV)"""
304,Chan & Esedoglu,2005,Aspects of Total Variation Regularized L¹ Function Approximation,SIAM Journal on Applied Mathematics,"Solves the TV-L1 model exactly for a disc of radius r in their §3: the minimiser is 0 for λ < 2/r, the disc itself for λ > 2/r, and any c·1_B at λ = 2/r. Their own reading: the solution is unique for all except one special value of the parameter related to the disk's radius, and the scale space only makes a sudden transition at that special value. A disc is removed whole or kept whole — no partial shrinkage, unlike ROF (Strong & Chan, framework §4.12.1).",Phase 7: STC round 4,https://doi.org/10.1137/040604297,Read,PRIMARY,framework §3; framework §4.12.1,Chan_2005_aspects-total-variation-regularized-l,118,,"bib read_status: reviewer-read; lead restatement moved from Relevance: ""Chan & Esedoglu 2005 (PRIMARY, UCLA CAM 04-07 mirror of SIAM J. Appl. Math. 65(5))"""
305,"Duval, Aujol & Gousseau",2009,The TVL1 Model: A Geometric Point of View,Multiscale Modeling & Simulation,"§5.1 restates the disc result — the model ""preserves characteristic functions of discs with radius R if λ > 2/R; below this value, the solution is the null function"" — and generalises it: in the convex case exact TV-L1 solutions ""are given by an opening followed by a simple test over the ratio perimeter/area"" (abstract); Theorem 3.6 identifies the Cheeger set of a convex body with an *opening* of a specific radius. Every calibrable set ""suddenly vanishes"" under TV-L1. This is the bridge from a variational smoother to morphology: TV-L1 *is* an opening plus a perimeter/area test, so its erasure behaviour is that of an area/opening operator, closed-form.",Phase 7: STC round 4,https://doi.org/10.1137/090757083,Read,PRIMARY,framework §5.1,Duval_2009_tvl1-model-geometric-point-view,119,,"bib read_status: reviewer-read; lead restatement moved from Relevance: ""Duval, Aujol & Gousseau 2009 (PRIMARY, HAL hal-00380195)"""
306,Vixie,2007,Some properties of minimizers for the Chan-Esedoglu L1TV functional,arXiv preprint,"States the n-dimensional result: if Ω fits in a ball of radius n/λ minus ε, the unique TV-L1 solution is the empty set, following monotonicity results of Yin et al. and of Allard. In n = 2 this reduces to Chan–Esedoglu's [ID 304, Chan & Esedoglu 2005] 2/λ. Allard's own paper (SIAM J.",Phase 7: STC round 4,https://arxiv.org/abs/0710.3980,Read,PRIMARY,,Vixie_2007_some-properties-minimizers-chan-esedoglu,120,,"bib read_status: reviewer-read; lead restatement moved from Relevance: ""Vixie 2007 (PRIMARY, arXiv 0710.3980)"""
307,Allard,2007,Total variation regularization for image denoising; I,SIAM Journal on Mathematical Analysis,"Allard 2007 is the SIAM J. Math. Anal. companion to Vixie 2007's [ID 306, Vixie 2007] TV-L1 erasure-radius result, reached only through Vixie's reference list; not located open access and unread beyond its citation there.",Phase 7: STC round 4,https://doi.org/10.1137/060662617,To Read,METADATA,,Allard_2007_total-variation-regularization-image,121,,bib read_status: obtained-unread
308,Kolmogorov & Boykov,2005,"What Metrics Can Be Approximated by Geo-Cuts, or Global Optimization of Length/Area and Flux",IEEE International Conference on Computer Vision 2005,"Treats the graph-cut ""shrinking problem"" qualitatively and proposes flux terms as the remedy; no closed-form flip threshold for an isolated region appears in it. The one-line Potts comparison — an isolated disc of unary margin `m` flips when `β·perimeter > m·area`, i.e. below radius `2β/m` — is an energy comparison attributed to nobody, and is the framework's [D].",Phase 7: STC round 4,https://doi.org/10.1109/iccv.2005.252,Read,PRIMARY,,Kolmogorov_2005_what-metrics-can-be-approximated,123,,"bib read_status: searcher-read; lead restatement moved from Relevance: ""Kolmogorov & Boykov 2005 (PRIMARY on the searcher's full-text read; not re-read here; ICCV; author page)"""
309,Vincent,1993,"Grayscale area openings and closings, their efficient implementation and applications",Proc. Mathematical Morphology and its Applications to Signal Processing,"Vincent 1993 gives the efficient implementation of grayscale area openings and closings — the morphological operator family framework §16's erasure-radius discussion (Chan & Esedoglu 2005 [ID 304, Chan & Esedoglu 2005]; Duval, Aujol & Gousseau 2009 [ID 305, Duval et al. 2009]) treats as the discrete analogue of TV-L1; filed, not yet read.",Phase 7: STC round 4,"N/A — conference proceedings, no DOI captured",To Read,METADATA,framework §16,Vincent_1993_grayscale-area-openings-closings,125,,bib read_status: obtained-unread
310,Gallagher & Wise,1981,A theoretical analysis of the properties of median filters,"IEEE Trans. Acoustics, Speech, and Signal Processing","Gives Theorem I: for a 2N+1 window, the necessary and sufficient condition for a signal to be invariant under median filtering is that it consist only of constant neighbourhoods (at least N+1 identically-valued points) and impulses of at least one but no more than N points between them. So the 1-D median's erasure length is exact: runs of ≤N samples are erased, runs of ≥N+1 survive. The 2-D extension is not in this paper.",Phase 7: STC round 4,https://doi.org/10.1109/tassp.1981.1163708,Read,PRIMARY,,Gallagher_1981_theoretical-analysis-properties,126,,"bib read_status: reviewer-read; lead restatement moved from Relevance: ""Gallagher & Wise 1981 (PRIMARY, IEEE Trans. ASSP 29(6), read in full text)"""
311,Maragos,1989,Pattern Spectrum and Multiscale Shape Representation,IEEE Transactions on Pattern Analysis and Machine Intelligence,METADATA: no OA copy located and not in the Sci-Hub archive; the results are textbook but not verified here at quote level.,Phase 7: STC round 4,https://doi.org/10.1109/34.192465,To Read,METADATA,,Maragos_1989_pattern-spectrum-multiscale-shape,127,,"bib read_status: obtained-unread; lead restatement moved from Relevance: ""Maragos 1989 (pattern spectrum)"""
312,Baddeley & Turner,2005,spatstat: An R Package for Analyzing Spatial Point Patterns,Journal of Statistical Software,"States that models ""are currently fitted by the method of maximum pseudolikelihood, using a computational device developed by Berman and Turner (1992)"". The distinction that settles framework gap rows 9-10: `ppm` estimates only the 'canonical' parameters where the loglikelihood is linear in them, while 'irregular' parameters (such as the interaction radius r of the Strauss process) require profile pseudolikelihood instead. In the development prior `q_loss·exp(A·K_R(d)·D_k(t − t_permit))`, `A` multiplies the covariate and is canonical (a GLM coefficient); `R` and `k` sit inside it and are irregular.",Phase 7: STC round 4,https://doi.org/10.18637/jss.v012.i06,Read,PRIMARY,gap row 9; gap row 10,Baddeley_2005_spatstat-r-package-analyzing-spatial,128,,"bib read_status: reviewer-read; lead restatement moved from Relevance: ""Baddeley & Turner 2005 (PRIMARY, J. Stat. Software 12(6))"""
313,"Hauer, Miller & Ouimet",1994,Street Tree Decline and Construction Damage,Journal of Arboriculture,"Empirical association of street-tree decline with construction damage by exposure category; no fitted hazard, no time decay. Evidence that `A > 0`, not a form for it.",Phase 7: STC round 4,"N/A — J. Arboriculture 20(2), no DOI",Read,PRIMARY,,Hauer_1994_street-tree-decline-construction-damage,130,,"bib read_status: searcher-read; lead restatement moved from Relevance: ""Hauer, Miller & Ouimet 1994 (PRIMARY on the searcher's read; not re-read here; Arboriculture & Urban Forestry 20(2))"""
314,"Hughes, Guttorp & Charles",1999,A Non-Homogeneous Hidden Markov Model for Precipitation Occurrence,Journal of the Royal Statistical Society: Series C (Applied Statistics),"Parameterises the transition as a base-line transition matrix times a multiplicative function of the covariates, with an exponential term quantifying the covariate effect, fitted by EM. This is the published form of the brief's development prior — `q_loss · exp(·)` — inside an HMM, with its own estimator. The framework's own contribution is only the covariate (distance to a dated footprint times time since); the multiplicative non-homogeneous structure itself is not novel and should be cited as theirs.",Phase 7: STC round 4,https://doi.org/10.1111/1467-9876.00136,Read,PRIMARY,,Hughes_1999_non-homogeneous-hidden-markov-model,131,,"bib read_status: reviewer-read; lead restatement moved from Relevance: ""Hughes, Guttorp & Charles 1999 (PRIMARY, J. R. Stat. Soc. C 48(1), read in full text)"""
315,"Verburg, de Nijs, Ritsema van Eck, Visser & de Jong",2004,A method to analyse neighbourhood characteristics of land use patterns,"Computers, Environment and Urban Systems","Verburg, de Nijs, Ritsema van Eck, Visser & de Jong 2004 (PRIMARY, Comput. Environ. Urban Syst.",Phase 7: STC round 4,https://doi.org/10.1016/j.compenvurbsys.2003.07.001,Read,PRIMARY,,Verburg_2004_method-analyse-neighbourhood,133,,bib read_status: reviewer-read
316,Bell & Hinojosa,1977,Markov analysis of land use change: Continuous time and stationary processes,Socio-Economic Planning Sciences,"A two-state (developed / undeveloped) Markov analysis of land use on San Juan Island, Washington, 1949–65 and 1965–71. Two things the framework needs are in it.",Phase 7: STC round 5,https://doi.org/10.1016/0038-0121(77,Read,PRIMARY,,Bell_1977_markov-analysis-land-use-change,137,,"bib read_status: reviewer-read; lead restatement moved from Relevance: ""Bell & Hinojosa 1977 (PRIMARY, Socio-Economic Planning Sciences 11(1); read in full text)"""
317,Anderson & Goodman,1957,Statistical Inference about Markov Chains,Annals of Mathematical Statistics,"Is the canonical source for maximum-likelihood estimates of transition probabilities and likelihood-ratio/chi-squared tests of the hypothesis that a first-order chain's transition probabilities are constant. Cite this for the test; cite Bell & Hinojosa [ID 316, Bell & Hinojosa 1977] for the land-use application and the power adjustment.",Phase 7: STC round 5,https://doi.org/10.1214/aoms/1177707039,Read,PRIMARY,,Anderson_1957_statistical-inference-about-markov,138,,"bib read_status: reviewer-read; lead restatement moved from Relevance: ""Anderson & Goodman 1957 (PRIMARY, Ann. Math. Statist. 28(1), JSTOR scan pp. 89–91)"""
318,Hasegawa & Takada,2019,Probability of Deriving a Yearly Transition Probability Matrix for Land-Use Dynamics,Sustainability,"ABSTRACT: existence of a real positive yearly root is ""relatively large for matrices with large diagonal elements, exceeding 90 %""; MDPI 403, Hokkaido mirror unreachable. For the framework's 2×2 case the root exists whenever `λ = 1 − Q_g − Q_l > 0` (framework §12.2), which is Bell & Hinojosa's eigenvalue remark.",Phase 7: STC round 5,https://doi.org/10.3390/su11226355,To Read,ABSTRACT,framework §12.2,Hasegawa_2019_probability-deriving-yearly,140,,"bib read_status: obtained-unread; lead restatement moved from Relevance: ""Hasegawa & Takada 2019 (Sustainability 11(22):6355)"""
319,"Burnicki, Brown & Goovaerts",2007,Simulating error propagation in land-cover change analysis: the implications of temporal dependence,"Computers, Environment and Urban Systems",Simulates error fields at two dates with controlled temporal dependence. Their first conclusion is the mechanism this review has been circling: correlation between error patterns in two land-cover maps improved overall change-map accuracy but did not necessarily improve the user's accuracy in predicting the occurrence of a transition. Correlated error cancels in the difference and looks like consistency — the reason self-agreement is not evidence.,Phase 7: STC round 5,https://doi.org/10.1016/j.compenvurbsys.2006.07.005,Read,PRIMARY,,Burnicki_2007_simulating-error-propagation-land,141,,"bib read_status: reviewer-read; lead restatement moved from Relevance: ""Burnicki, Brown & Goovaerts 2007 (PRIMARY, Comput. Environ. Urban Syst. 31(3):282–302, read in full text)"""
320,Burnicki,2011,Spatio-temporal errors in land-cover change analysis: implications for accuracy assessment,International Journal of Remote Sensing,Extends the same to accuracy assessment.,Phase 7: STC round 5,https://doi.org/10.1080/01431161.2010.524674,To Read,,,Burnicki_2011_spatio-temporal-errors-land-cover,142,,"bib grade not yet resolved (filed-unread); bib read_status: obtained-unread; lead restatement moved from Relevance: ""Burnicki 2011 (PRIMARY on fetch, IJRS 32(22); filed, not yet read beyond identity)"""
321,Geyer & Thompson,1992,Constrained Monte Carlo Maximum Likelihood for Dependent Data,Journal of the Royal Statistical Society: Series B (Statistical Methodology),"Shows that maximum likelihood estimates in autologistic and other exponential-family models for dependent data can be calculated via Markov chain Monte Carlo, using importance-sampling estimation of the normalising constant from samples at one reference parameter, with MLEs compared against maximum pseudolikelihood estimates. This is the estimator Hughes–Guttorp [ID 314, Hughes et al. 1999] use (framework §4.13.1).",Phase 7: STC round 5,https://doi.org/10.1111/j.2517-6161.1992.tb01443.x,Read,PRIMARY,framework §4.13.1; framework §13.1,Geyer_1992_constrained-monte-carlo-maximum,144,,"bib read_status: reviewer-read; lead restatement moved from Relevance: ""Geyer & Thompson 1992 (PRIMARY, J. R. Stat. Soc. B 54(3):657–699, read at the cited passages)"""
322,Wolters & Dean,2017,Classification of Large-Scale Remote Sensing Images for Automatic Identification of Health Hazards,Statistics in Biosciences,"Wolters & Dean 2017 applies autologistic spatial regression to classify health-hazard signatures in large-scale remote-sensing imagery — an applied instance of the autologistic family framework §13.1's correlated bootstrap draws on; searcher-read, not independently re-verified.",Phase 7: STC round 5,https://doi.org/10.1007/s12561-016-9185-5,Read,PRIMARY,framework §13.1,Wolters_2017a_classification-large-scale-remote,146,,bib read_status: searcher-read
323,Wolters,2017,Better Autologistic Regression,Frontiers in Applied Mathematics and Statistics,"Is the methodological companion to Wolters & Dean 2017 [ID 322, Wolters & Dean 2017], proposing an improved autologistic-regression estimator that framework §13.1's fitting protocol can draw on; searcher-read, not independently re-verified.",Phase 7: STC round 5,https://doi.org/10.3389/fams.2017.00024,Read,PRIMARY,framework §13.1,Wolters_2017b_better-autologistic-regression,147,,"bib read_status: searcher-read; lead restatement moved from Relevance: ""Wolters 2017 (Frontiers Appl. Math. Stat.)"""
324,"Conway, Khatib, Tetreult & Almas",2022,"A Private Tree By-Law's Contribution to Maintaining a Diverse Urban Forest: Exploring Homeowners' Replanting Compliance and the Role of Construction Activities in Toronto, Canada",Arboriculture & Urban Forestry,"The recovery side of `τ`: 70 % of surveyed permit holders ""planted the required replacement trees two to three years after receiving the permit"", but ""only 54% of homeowners whose permit was associated with construction planted"" against 76 % of non-construction permit holders. Also cites a Falls Church, VA ordinance ""requiring 20% property-level canopy cover 10 years after redevelopment"" — a policy-side statement of the recovery horizon.",Phase 7: STC round 5,https://doi.org/10.48044/jauf.2022.002,Read,PRIMARY,,Conway_2022_private-tree-law-s-contribution,154,,"bib read_status: reviewer-read; lead restatement moved from Relevance: ""Conway, Khatib, Tetreult & Almas 2022 (PRIMARY, Arboriculture & Urban Forestry 48(2); University of Toronto repository; read in full text)"""
325,"Roman, Fristensky, Lundgren, Cerwinka & Lubar",2022,Construction and Proactive Management Led to Tree Removals on an Urban College Campus,Forests,"Roman, Fristensky, Lundgren, Cerwinka & Lubar 2022 documents construction- and management-driven tree removal on an urban college campus — adjacent evidence for framework §4.2's development-as-prior construct alongside the Christchurch group [ID 236-237, Ossola & Hopton 2017; Pedley & Morgenroth 2025]; MDPI access returned 403, not read beyond the header.",Phase 7: STC round 5,https://doi.org/10.3390/f13060871,To Read,ABSTRACT,framework §4.2,Roman_2022_construction-proactive-management-led,135,,bib read_status: obtained-unread
326,"Ock, Shandas, Ribeiro & Young",2024,"Drivers of Tree Canopy Loss in a Mid-Sized Growing City: Case Study in Portland, OR (USA)",Sustainability,"Ock et al. 2024 (Sustainability 16(5):1803, ABSTRACT) studies Portland's urban-tree-canopy loss 2014–2020, naming building footprint and multifamily units as drivers. Closed and absent from the archive: Steenberg, Robinson & Duinker 2018 [ID 360, Steenberg et al.",Phase 7: STC round 5,https://doi.org/10.3390/su16051803,To Read,ABSTRACT,,Ock_2024_drivers-tree-canopy-loss-mid,156,,bib read_status: obtained-unread
327,"Girard, Charpiat & Tarabalka",2019a,Noisy Supervision for Correcting Misaligned Cadaster Maps Without Perfect Ground Truth Data,IEEE International Geoscience and Remote Sensing Symposium 2019,"Training data are augmented ""by adding random deformations in the form of 2D Gaussian random fields for each coordinate with a maximum absolute displacement of 32 px"", the polygons ""inversely displaced by the generated displacements""; a further experiment adds ""random zero-mean displacements up to 16 px"". The amplitude is hand-set from the observed worst case, not fitted — but the *form* is the one this project's measured registration error can parameterise: a per-coordinate Gaussian random field whose amplitude is the p95 and whose correlation length is the coregistration field's.",Phase 7: STC round 5,https://doi.org/10.1109/igarss.2019.8898071,Read,PRIMARY,,Girard_2019b_noisy-supervision-correcting,159,,"bib read_status: reviewer-read; lead restatement moved from Relevance: ""Girard, Charpiat & Tarabalka 2019a (PRIMARY, IGARSS 2019; arXiv 1903.06529; read at the model paragraph)"""
328,"Vargas-Muñoz, Chiang, Tuia et al.",2019,Correcting rural building annotations in OpenStreetMap using convolutional neural networks,ISPRS Journal of Photogrammetry and Remote Sensing,"Vargas-Muñoz, Chiang, Tuia et al. 2019 (PRIMARY, ISPRS J. Photogramm.",Phase 7: STC round 5,https://doi.org/10.1016/j.isprsjprs.2018.11.010,Read,PRIMARY,gap row 14,VargasMunoz_2019_correcting-rural-building,160,,bib read_status: reviewer-read
329,"Girard, Charpiat & Tarabalka",2019b,"Aligning and Updating Cadaster Maps with Aerial Images by Multi-Task, Multi-Resolution Deep Learning",Asian Conference on Computer Vision 2018,"Girard, Charpiat & Tarabalka 2019b is the ACCV workshop companion to their IGARSS 2019a paper [ID 327, Girard et al. 2019a], extending the noisy-cadaster displacement-field model to a multi-task, multi-resolution deep-learning alignment; searcher-read.",Phase 7: STC round 5,https://doi.org/10.1007/978-3-030-20873-8_43,Read,PRIMARY,,Girard_2019a_aligning-updating-cadaster-maps-aerial,161,,bib read_status: searcher-read
330,"Zampieri, Charpiat, Girard & Tarabalka",2018,Multimodal Image Alignment Through a Multiscale Chain of Neural Networks with Application to Remote Sensing,European Conference on Computer Vision 2018,Zampieri et al. 2018 (PRIMARY on the searcher's read; ECCV; HAL hal-01849389): learn a dense displacement field and *correct* the footprint instead of blurring it — the alternative design.,Phase 7: STC round 5,https://doi.org/10.1007/978-3-030-01270-0_40,Read,PRIMARY,,Zampieri_2018_multimodal-image-alignment-through,162,,bib read_status: searcher-read
331,"Kaiser, Wegner, Lucchi, Jaggi, Hofmann & Schindler",2017,Learning Aerial Image Segmentation From Online Maps,IEEE Transactions on Geoscience and Remote Sensing,Kaiser et al. 2017 (PRIMARY on the searcher's read; IEEE TGRS; arXiv 1707.06879): OSM masks used as noisy labels with no spatial tolerance mechanism at all — robustness from data volume.,Phase 7: STC round 5,https://doi.org/10.1109/tgrs.2017.2719738,Read,PRIMARY,,Kaiser_2017_learning-aerial-image-segmentation,163,,bib read_status: searcher-read
332,"Le Folgoc, Delingette, Criminisi & Ayache",2017,Quantifying Registration Uncertainty With Sparse Bayesian Modelling,IEEE Transactions on Medical Imaging,"Le Folgoc, Delingette, Criminisi & Ayache 2017 quantifies registration uncertainty with sparse Bayesian modelling in medical imaging — adjacent-field precedent for framework §14's registration-error propagation, distinct from Parisot et al. 2013's [ID 333, Parisot et al. 2013] graphical-model propagation; searcher-read.",Phase 7: STC round 5,https://doi.org/10.1109/tmi.2016.2623608,Read,PRIMARY,framework §14,LeFolgoc_2017_quantifying-registration-uncertainty,164,,bib read_status: searcher-read
333,"Parisot, Wells, Chemouny, Duffau & Paragios",2013,Uncertainty-Driven Efficiently-Sampled Sparse Graphical Models for Concurrent Tumor Segmentation and Atlas Registration,IEEE International Conference on Computer Vision 2013,"Parisot et al. 2013 (PRIMARY on the searcher's read; ICCV; HAL hal-00858696) propagates registration uncertainty into segmentation potentials on a graphical model — the propagation step, without a closed form for a radius.",Phase 7: STC round 5,https://doi.org/10.1109/iccv.2013.85,Read,PRIMARY,,Parisot_2013_uncertainty-driven-efficiently-sampled,165,,bib read_status: searcher-read
334,Risholm et al.,2011,Probabilistic Non-Rigid Registration of Prostate Images: Modeling and Quantifying Uncertainty,IEEE International Symposium on Biomedical Imaging 2011,"Risholm et al. 2011 models and quantifies uncertainty in probabilistic non-rigid registration of prostate images — the medical-imaging precedent for propagating registration uncertainty into segmentation, alongside Parisot et al. 2013 [ID 333, Parisot et al.",Phase 7: STC round 5,https://doi.org/10.1109/isbi.2011.5872467,To Read,METADATA,,Risholm_2011_probabilistic-non-rigid-registration,167,,bib read_status: obtained-unread
335,"Hood, Varner, van Mantgem & Cansler",2018,Fire and tree death: understanding and improving modeling of fire-induced tree mortality,Environmental Research Letters,"Hood, Varner, van Mantgem & Cansler 2018 (PRIMARY, Environ. Res. Lett.",Phase 7: STC round 6,https://doi.org/10.1088/1748-9326/aae934,Read,PRIMARY,,Hood_2018_fire-tree-death-understanding-improving,168,,bib read_status: reviewer-read
336,"Reilly, Zuspan & Yang",2023,Characterizing postfire delayed tree mortality with remote sensing: sizing up the elephant in the room,Fire Ecology,"Delayed mortality is mapped as NBR decline ""between the first post-fire measurement and the minimum NBR value up to 5 years"" — a windowed minimum, three epochs at most, no fitted `h(τ)`.",Phase 7: STC round 6,https://doi.org/10.1186/s42408-023-00223-1,Read,PRIMARY,,Reilly_2023_characterizing-postfire-delayed-tree,169,,"bib read_status: reviewer-read; lead restatement moved from Relevance: ""Reilly, Zuspan & Yang 2023 (PRIMARY, Fire Ecology 19:64; SpringerOpen; read at the definitions)"""
337,"Barker, Gray & Fried",2022,The Effects of Crown Scorch on Post-fire Delayed Mortality Are Modified by Drought Exposure in California (USA),Fire,"Delayed mortality defined as death 4–9 years post-fire. Both give a *window*, consistent with urban forestry's 4–8 years.",Phase 7: STC round 6,https://doi.org/10.3390/fire5010021,To Read,ABSTRACT,,Barker_2022_effects-crown-scorch-post-fire,170,,"bib read_status: obtained-unread; lead restatement moved from Relevance: ""Barker, Gray & Fried 2022 (Fire 5(1):21; ABSTRACT, MDPI 403)"""
338,"Laurance, Camargo, Luizão et al.",2011,The fate of Amazonian forest fragments: A 32-year investigation,Biological Conservation,"Laurance et al. 2011 (PRIMARY, Biol. Conserv.",Phase 7: STC round 6,https://doi.org/10.1016/j.biocon.2010.09.021,Read,PRIMARY,,Laurance_2011_fate-amazonian-forest-fragments-32,171,,bib read_status: reviewer-read
339,"D'Angelo, Andrade, Laurance, Fearnside & Laurance",2004,Inferred causes of tree mortality in fragmented and intact Amazonian forests,Journal of Tropical Ecology,"D'Angelo, Andrade, Laurance, Fearnside & Laurance 2004 catalogues inferred causes of tree mortality in fragmented versus intact Amazonian forest — adjacent evidence for framework §17's edge-related mortality hazard alongside Laurance et al. 2011 [ID 338, Laurance et al. 2011] and Mesquita et al.",Phase 7: STC round 6,https://doi.org/10.1017/s0266467403001032,Read,PRIMARY,framework §17,DAngelo_2004_inferred-causes-tree-mortality,172,,bib read_status: reviewer-read
340,"Mesquita, Delamônica & Laurance",1999,Effect of surrounding vegetation on edge-related tree mortality in Amazonian forest fragments,Biological Conservation,"The *distance* half — regressions of annualised mortality on edge distance in the first 5–6 years after isolation, differences ""greatest within 0–20 m of fragment edges"", penetration ""further into pasture-bordered edges (ca. 60–100 m)"" than regrowth-bordered ones (ca. 40–60 m).",Phase 7: STC round 6,https://doi.org/10.1016/s0006-3207(99,Read,PRIMARY,,Mesquita_1999_effect-surrounding-vegetation-edge,173,,"bib read_status: reviewer-read; lead restatement moved from Relevance: ""Mesquita, Delamônica & Laurance 1999 (PRIMARY, Biol. Conserv. 91; read)"""
341,"Laurance, W.F., Ferreira, L.V., Rankin-de Merona, J.M. & Laurance, S.G.",1998,Rain forest fragmentation and the dynamics of Amazonian tree communities,Ecology,"Laurance, Ferreira, Rankin-de Merona & Laurance 1998 (Ecology) documents rain-forest fragmentation dynamics in Amazonian tree communities — filed alongside the edge-mortality cluster [ID 338-340] for framework §17's hazard shape, but round 7 found nothing in the framework that cites it; filed, unread.",Phase 7: STC round 6,https://doi.org/10.1890/0012-9658(1998,To Read,,framework §17,Laurance_1998_rain-forest-fragmentation-dynamics,174,,bib grade not yet resolved (filed-unread); bib read_status: obtained-unread
342,Leung & Yan,1997,Point-in-Polygon Analysis Under Certainty and Uncertainty,GeoInformatica,"Models a point's locational error as circular normal (eq. 16), so the probability it lies within radius r of its nominal position is `1 − exp(−r²/2σ²)` (eq. 17), with the same Rayleigh law for a polygon boundary (eq.",Phase 7: STC round 6,https://doi.org/10.1023/a:1009764319102,Read,PRIMARY,framework §2.2,Leung_1997_point-polygon-analysis-certainty,175,,"bib read_status: reviewer-read; lead restatement moved from Relevance: ""Leung & Yan 1997 (PRIMARY, GeoInformatica 1(1), read at §2.2 and Case 3)"""
343,Goodchild & Hunter,1997,A simple positional accuracy measure for linear features,International Journal of Geographical Information Science,The buffer-proportion measure `p(x)` for lines — the 1-D analogue of a blurred indicator.,Phase 7: STC round 6,https://doi.org/10.1080/136588197242419,Read,PRIMARY,,Goodchild_1997_simple-positional-accuracy-measure,177,,"bib read_status: searcher-read; lead restatement moved from Relevance: ""Goodchild & Hunter 1997 (IJGIS 11(3); PRIMARY on the searcher's visual read of a scan with no text layer)"""
344,"Townshend, Justice, Gurney & McManus",1992,The impact of misregistration on change detection,IEEE Transactions on Geoscience and Remote Sensing,"The founding misregistration simulation: for four of seven areas ""registration accuracies of 0.2 pixels or less are required"" for 10 % error, while in semi-arid areas ""0.5 and 1.0 pixel were sufficient to achieve an error of 10% or less"" — the sensitivity depends on spatial structure, as Dai & Khorram later formalised via the ACF.",Phase 7: STC round 6,https://doi.org/10.1109/36.175340,Read,PRIMARY,,Townshend_1992_impact-misregistration-change,178,,"bib read_status: reviewer-read; lead restatement moved from Relevance: ""Townshend, Justice, Gurney & McManus 1992 (PRIMARY, IEEE TGRS 30(5); read at abstract and method)"""
345,Verbyla & Boles,2000,Bias in land cover change estimates due to misregistration,International Journal of Remote Sensing,"Random positional error applied to identical classified images then differenced — ""False land cover change ranged from less than 5% for a 5-class AVHRR classification, to more than 33% for a 20-class Landsat TM classification"", and ""the potential for false change was higher with more classes""; a bootstrap estimator of the false change, ""unbiased"" but low-precision.",Phase 7: STC round 6,https://doi.org/10.1080/014311600750037570,Read,PRIMARY,,Verbyla_2000_bias-land-cover-change-estimates,179,,"bib read_status: reviewer-read; lead restatement moved from Relevance: ""Verbyla & Boles 2000 (PRIMARY, IJRS 21(18); read at abstract)"""
346,"Salas, Boles, Frolking, Xiao & Li",2003,The perimeter/area ratio as an index of misregistration bias in land cover change estimates,International Journal of Remote Sensing,"Salas, Boles, Frolking, Xiao & Li 2003 derives the perimeter/area ratio as an index of misregistration bias in land-cover change estimates — the framework §14 companion to Townshend et al. 1992 [ID 344, Townshend et al. 1992] and Verbyla & Boles 2000 [ID 345, Verbyla & Boles 2000]; reviewer-read in full from an archive copy Kam located.",Phase 7: STC round 6,https://doi.org/10.1080/0143116021000044841,Read,PRIMARY,framework §14,Salas_2003_perimeter-area-ratio-as-index,180,,bib read_status: reviewer-read
347,"Goodchild, M.F.",2004,A general framework for error analysis in measurement-based GIS [editorial introduction to the series],Journal of Geographical Systems,"Goodchild 2004, the two-page editorial introduction to the Leung–Ma–Goodchild series (J. Geogr. Syst.",Phase 7: STC round 6,https://doi.org/10.1007/s10109-004-0140-5,Read,PRIMARY,,Goodchild_2004_general-framework-error-analysis,181,,bib read_status: reviewer-read
348,Efron,2004,The Estimation of Prediction Error: Covariance Penalties and Cross-Validation,Journal of the American Statistical Association,"Is what makes the idea legal on a binary mask at an asymmetric cut: Optimism Theorem 1 gives `E{Err_i} = E{err_i + Ω_i}`, `Ω_i = 2cov(λ̂_i, y_i)`, generalizing Stein's result to the q class of error measures and explicitly covering Bernoulli y ~ Be(μ). Remark F gives an asymmetric counting error at a boundary π₁ ≠ ½, to compensate for unequal prior sampling probabilities — the project's 49:1 — and §4 shows cross-validation is a randomised version of the covariance penalty. Verdict: highest transfer in the thread, and Ω_i is per cell.",Phase 7: STC round 7,https://doi.org/10.1198/016214504000000692,Read,PRIMARY,framework §4,Efron_2004_estimation-prediction-error-covariance,98,,"lead restatement moved from Relevance: ""Efron 2004 (PRIMARY, JASA)"""
349,Besag,1974,Spatial Interaction and the Statistical Analysis of Lattice Systems,Journal of the Royal Statistical Society: Series B (Statistical Methodology),"Besag 1974 gives the autologistic conditional probability at the source (his eq. 4.8, a logistic function of a single-site plus pairwise-clique term) and its coding-method estimator — the local conditional Efron 2004's [ID 348, Efron 2004] Steinian correction needs, with Geyer & Thompson's MCML [ID 321, Geyer & Thompson 1992] as the published alternative estimator.",Phase 7: STC round 7,https://doi.org/10.1111/j.2517-6161.1974.tb00999.x,Read,PRIMARY,,Besag_1974_spatial-interaction-statistical-analysis,145,,
350,"Takada, Miyamoto & Hasegawa",2010,Derivation of a yearly transition probability matrix for land-use dynamics and its applications,Landscape Ecology,"METADATA: the yearly-root method for an `m`-year matrix and its existence condition; closed, not in the archive.",Phase 7: STC round 7,https://doi.org/10.1007/s10980-009-9433-x,Read,PRIMARY,,Takada_2010_derivation-yearly-transition,139,,"lead restatement moved from Relevance: ""Takada, Miyamoto & Hasegawa 2010 (Landscape Ecology 25(4), doi:10.1007/s10980-009-9433-x)"""
351,"Leung, Ma & Goodchild",2004,A general framework for error analysis in measurement-based GIS Part 2: The algebra-based probability model for point-in-polygon analysis,Journal of Geographical Systems,"Leung, Ma & Goodchild 2004 Part 2 confirms the point-in-polygon gap directly: no theoretical treatment exists when both point and polygon carry random error, and their confidence-region algebra gives bounds under independent-normal vertex error rather than the blurred indicator framework §14.7 still needs as [D].",Phase 7: STC round 7,https://doi.org/10.1007/s10109-004-0142-3,Read,PRIMARY,framework §14.7,Leung_2004a_general-framework-error-analysis,186,,bib read_status: reviewer-read
352,"Leung, Ma & Goodchild",2004,… Part 4: Error analysis in length and area measurements,Journal of Geographical Systems,"Leung, Ma & Goodchild 2004 Part 4 extends the same error-propagation framework to length and area measurement, relevant to the sliver-area variance of framework §14.5; read at the abstract only, and nothing in the framework cites it further.",Phase 7: STC round 7,https://doi.org/10.1007/s10109-004-0144-1,To Read,ABSTRACT,framework §14.5,Leung_2004b_part-4-error-analysis-length,187,,bib read_status: reviewer-read
353,Shi,1998,A generic statistical approach for modelling error of geometric features in GIS,International Journal of Geographical Information Science,"The G-band is a confidence region at a prescribed level `c` derived from the point error model — ""The shape of the confidence region is different from that of the epsilon band and closer to reality""; the epsilon band ""does not define the relationship of the band width with confidence level."" That is the exact reason a fixed erosion radius is the wrong object and `σ` with a stated quantile is the right one (framework §14.7).",Phase 7: STC round 7,https://doi.org/10.1080/136588198241923,Read,PRIMARY,framework §1; framework §14.7,Shi_1998_generic-statistical-approach-modelling,182,,"lead restatement moved from Relevance: ""Shi 1998 (PRIMARY, IJGIS 12(2):131–143; read at §§1–3)"""
354,"Steenberg, Robinson & Millward",2017,The influence of building renovation and rental housing on urban trees,Journal of Environmental Planning and Management,"ABSTRACT: tree inventories joined to building-permit open data; ""presence and number of building permits significantly predicted mortality at both parcel and street-section scale."" This is the paper Hilbert et al. cite; closed, not in the archive.",Phase 7: STC round 7,https://doi.org/10.1080/09640568.2017.1326883,Read,PRIMARY,,Steenberg_2017_influence-building-renovation-rental,149,,"lead restatement moved from Relevance: ""Steenberg, Robinson & Millward 2017 (J. Environ. Planning & Management 61(3); doi:10.1080/09640568.2017.1326883)"""
355,"Guo, Morgenroth & Conway",2018,Redeveloping the urban forest: The effect of redevelopment and property-scale variables on tree removal and retention,Urban Forestry & Urban Greening,"ABSTRACT: 6,966 trees on 450 Christchurch properties, 2011→2015/16; 44 % removed on redeveloped properties against 13.5 % on non-redeveloped; the best classification-tree split puts trees within 1.4 m of a redeveloped building at highest removal risk.",Phase 7: STC round 7,https://doi.org/10.1016/j.ufug.2018.08.012,Read,PRIMARY,,Guo_2018_redeveloping-urban-forest-effect,31,,"lead restatement moved from Relevance: ""Guo, Morgenroth & Conway 2018 (Urban Forestry & Urban Greening; doi:10.1016/j.ufug.2018.08.012)"""
356,"Broaddus, Krull, Weigert, Schmidt & Myers",2020,Removing Structured Noise with Self-Supervised Blind-Spot Networks,IEEE International Symposium on Biomedical Imaging 2020,"Broaddus, Krull, Weigert, Schmidt & Myers 2020 supplies the 'extended blind mask' leave-out rule framework §13.1 item 2 needed: because correlated noise lets a network predict an active pixel's value from correlated neighbours, their construction additionally hides every neighbouring pixel informative about a held-out pixel's noise before scoring it.",Phase 7: STC round 8,https://doi.org/10.1109/isbi45749.2020.9098336,Read,PRIMARY,framework §13.1,Broaddus_2020_removing-structured-noise-self,191,,bib read_status: reviewer-read
357,"Bellettini, Caselles & Novaga",2002,The Total Variation Flow in R^N,Journal of Differential Equations,PDF filed from the author's page but the text layer is UNREADABLE (broken font encoding under both `pdftotext` and `pypdf`); the TV-flow shrinkage rate is *not* restated here.,Phase 7: STC round 8,https://doi.org/10.1006/jdeq.2001.4150,Read,PRIMARY,,Bellettini_2002_total-variation-flow,193,,"bib read_status: reviewer-read; lead restatement moved from Relevance: ""Bellettini, Caselles & Novaga 2002 (J. Differential Equations 184)"""
358,"Morgenroth, O'Neil-Dunne & Apiolaza",2017,Redevelopment and the urban forest: A study of tree removal and retention during demolition activities,Applied Geography,"Morgenroth, O'Neil-Dunne & Apiolaza 2017 found 21.6% of all trees removed as a consequence of building demolition, with removal most frequent for small crowns (under 7.9 sq m) especially within 0.7 m of the demolished building, and classification-tree accuracy 80.4% — the 0.7 m / 20 m radii carried in framework §14.6, now quoted rather than abstract-sourced.",Phase 7: STC round 8,https://doi.org/10.1016/j.apgeog.2017.02.011,Read,PRIMARY,framework §14.6,Morgenroth_2017_redevelopment-urban-forest-study,33,,bib read_status: obtained-unread
359,"Guo, Morgenroth, Conway & Xu",2019,"City-wide canopy cover decline due to residential property redevelopment in Christchurch, New Zealand",Science of the Total Environment,"Guo et al. 2019 (Sci. Total Environ.; doi:10.1016/j.scitotenv.2019.05.122) — ABSTRACT: city-wide canopy 10.84 % → 10.28 % over 2011–2015, loss higher where redevelopment occurred and insensitive to its density.",Phase 7: STC round 8,https://doi.org/10.1016/j.scitotenv.2019.05.122,Read,PRIMARY,,Guo_2019_city-wide-canopy-cover-decline,32,,
360,"Steenberg, Robinson & Duinker",2018,"A spatio-temporal analysis of the relationship between housing renovation, socioeconomic status, and urban forest ecosystems",Environment and Planning B: Urban Analytics and City Science,"Is a census-tract regression of canopy cover on building permits using 2003 and 2014 imagery; it carries neither the n=806 nor the 6-7 year figure — those belong to Steenberg, Robinson & Millward 2017 [ID 354, Steenberg et al. 2017], the JEPM paper this entry is easily confused with.",Phase 7: STC round 8,https://doi.org/10.1177/2399808317752927,Read,PRIMARY,,Steenberg_2018_spatio-temporal-analysis,150,,"lead restatement moved from Relevance: ""Steenberg, Robinson & Duinker 2018 (Environ. Plann. B)"""
361,"Warfield, Zou & Wells",2004,Simultaneous Truth and Performance Level Estimation (STAPLE): An Algorithm for the Validation of Image Segmentation,IEEE Transactions on Medical Imaging,"Rater-reliability estimation, not a spatial blur; the nearest analogue for framework gap row 10 and not the thing itself.",Phase 7: STC round 8,https://doi.org/10.1109/tmi.2004.828354,Read,PRIMARY,gap row 10,Warfield_2004_simultaneous-truth-performance-level,197,,"bib read_status: reviewer-read; lead restatement moved from Relevance: ""Warfield, Zou & Wells 2004 (STAPLE; ABSTRACT — PMC copy behind a proof-of-work challenge)"""
362,Efron,1986,How Biased is the Apparent Error Rate of a Prediction Rule? *JASA,Journal of the American Statistical Association,"Efron 1986 states the independence assumption behind the Optimism Theorem in its original form ('the y_i independently equal 1 or 0') — the two-line lineage behind framework row 6, ahead of Efron 2004's [ID 348, Efron 2004] fuller restatement.",Phase 7: STC round 8,https://doi.org/10.1080/01621459.1986.10478291,Read,PRIMARY,,Efron_1986_how-biased-apparent-error-rate,198,,bib read_status: reviewer-read
363,Leung & Yan,1998,A locational error model for spatial features,International Journal of Geographical Information Science,"Leung & Yan 1998 models point positional error as a circular normal distribution whose radial distance follows the Rayleigh distribution — a second published source for the r-band law behind framework §14.7, alongside Leung & Yan 1997 [ID 342, Leung & Yan 1997].",Phase 7: STC round 8,https://doi.org/10.1080/136588198241699,Read,PRIMARY,framework §14.7,Shi_1998_generic-statistical-approach-modelling,182,,
364,Stow,1999,Reducing the effects of misregistration on pixel-level change detection,International Journal of Remote Sensing,"Stow 1999 combines sparse estimates of misregistration across a scene with brightness-gradient calculations to adjust the magnitude of multi-temporal image differences — a mitigation, a third framework row-14 tool beside the a-priori rate (§14.5) and the post-hoc screen (§14.9).",Phase 7: STC round 8,https://doi.org/10.1080/014311699212137,Read,PRIMARY,framework §14.5; framework §14.9,Shi_1998_generic-statistical-approach-modelling,182,,
365,"Burnicki, Brown & Goovaerts",2010,Propagating error in land-cover-change analyses: impact of temporal dependence under increased thematic complexity,International Journal of Geographical Information Science,"Burnicki, Brown & Goovaerts 2010 found that increasing temporal dependence between classification errors did not improve the accuracy of change maps once the categorical scale of the land-cover classification increased — the 2007 mechanism [ID 319, Burnicki, Brown & Goovaerts 2007] weakens with more classes, but stands for a binary mask.",Phase 7: STC round 8,https://doi.org/10.1080/13658810903279008,To Read,ABSTRACT,,Burnicki_2010_propagating-error-land-cover-change,143,,
366,"Galerne, B.",2011,Computation of the perimeter of measurable sets via their covariogram,Image Analysis & Stereology,"Galerne 2011 proves the edge-band rate framework §14.5 needed as a theorem: for a measurable set's covariogram, the directional derivative at the origin gives the symmetric-difference rate under a shift as (2/pi) times perimeter times the shift's magnitude in the isotropic average, and the directional form applies to `coregistration.csv`'s per-axis offsets.",Phase 7: STC round 9,https://doi.org/10.5566/ias.v30.p39-51,Read,PRIMARY,framework §14.5,Galerne_2011_computation-perimeter-measurable-sets,203,,bib read_status: reviewer-read
367,"Averkov, G. & Bianchi, G.",2009,Confirmation of Matheron's conjecture on the covariogram of a planar convex body,Journal of the European Mathematical Society,"Averkov & Bianchi 2009 proves Matheron's covariogram conjecture for planar convex bodies — filed alongside Galerne 2011 [ID 366, Galerne 2011] as theoretical background for the covariogram identity, though the proof itself is not needed for framework §14.5's rate; header-verified, unread.",Phase 7: STC round 9,https://doi.org/10.4171/jems/183,To Read,,framework §14.5,Averkov_2009_confirmation-matheron-s-conjecture,204,,bib grade not yet resolved (filed-unread); bib read_status: obtained-unread
368,"Schneider, R. & Weil, W.",2008,Stochastic and Integral Geometry,Probability and Its Applications,"Schneider & Weil's Stochastic and Integral Geometry is the standard reference text behind the covariogram/perimeter identity Galerne 2011 [ID 366, Galerne 2011] states for framework §14.5's edge-band rate; held from a course-site mirror, unread.",Phase 7: STC round 9,https://doi.org/10.1007/978-3-540-78859-1,To Read,,framework §14.5,Schneider_2008_stochastic-integral-geometry,205,,bib grade not yet resolved (filed-unread); bib read_status: obtained-unread
369,"Matheron, G.",1986,Le covariogramme géométrique des compacts convexes de R²,N/A — internal tech report (Centre de Géostatistique),"Matheron 1986 is the original French-language technical report proving the covariogram result Galerne 2011 [ID 366, Galerne 2011] cites for framework §14.5's edge-band rate; obtained only as an image-only scan, unread.",Phase 7: STC round 9,N/A — internal tech report (Centre de Géostatistique),To Read,,framework §14.5,,206,,bib filed_stem 'Matheron_1986_covariogramme_geometrique_compacts_convexes' not used: txt_on_disk=no; bib grade not yet resolved (filed-unread); bib read_status: obtained-unread
370,"Chrisman, N.R.",1982,A theory of cartographic error and its measurement in digital databases,AutoCarto 5,"The epsilon band is deterministic (all points within ε), with the rule that independent error sources combine by variance addition — the origin, not the probabilistic form.",Phase 7: STC round 9,N/A — AutoCarto 5 proceedings,Read,PRIMARY,,Chrisman_1982_theory-cartographic-error-measurement,207,,"bib read_status: reviewer-read; lead restatement moved from Relevance: ""Chrisman 1982 (PRIMARY on the searcher's read; Auto-Carto 5, no DOI; filed)"""
371,"Kats, E., Goldberger, J. & Greenspan, H.",2019,Soft labeling by distilling anatomical knowledge for improved MS lesion segmentation,IEEE International Symposium on Biomedical Imaging 2019,"Kats, Goldberger & Greenspan 2019 builds soft segmentation labels by fixed-radius morphological dilation with a constant value — a negative precedent for framework §14.7's Phi(d/sigma) blur kernel, which the review found nowhere published as a graded convolution of a displaced polygon.",Phase 7: STC round 9,https://doi.org/10.1109/isbi.2019.8759518,Read,PRIMARY,framework §14.7,Kats_2019a_soft-labeling-distilling-anatomical,208,,bib read_status: reviewer-read
372,"Gros, C., Lemay, A. & Cohen-Adad, J.",2021,SoftSeg: Advantages of soft versus binary training for image segmentation,arXiv preprint,"Discusses partial-volume label softening in general terms rather than a graded positional-error kernel, read at the abstract only; framework §14.7's Phi(d/sigma) remains unpublished.",Phase 7: STC round 9,https://arxiv.org/abs/2011.09041,To Read,ABSTRACT,framework §14.7,Gros_2021_softseg-advantages-soft-versus-binary,209,,"bib read_status: reviewer-read; lead restatement moved from Relevance: ""Gros, Lemay & Cohen-Adad 2021 (SoftSeg)"""
373,"Zhu, J., Huang, H.-C. & Wu, J.",2005,Modeling spatial-temporal binary data using Markov random fields,"Journal of Agricultural, Biological and Environmental Statistics","Zhu, Huang & Wu 2005 gives the spatio-temporal autologistic model's full conditional (their eqs. 2.1-2.3) as a logistic regression on covariates plus a spatial and a temporal autoregression term — the published form of framework §14's (beta, gamma) structure, valid for equally spaced epochs.",Phase 7: STC round 9,https://doi.org/10.1198/108571105x46543,Read,PRIMARY,framework §14,Zhu_2005_modeling-spatial-temporal-binary-data,210,,bib read_status: reviewer-read
374,"Hughes, J., Haran, M. & Caragea, P.C.",2011,Autologistic models for binary data on a lattice,Environmetrics,"Hughes, Haran & Caragea 2011 compares Besag's [ID 349, Besag 1974] and Caragea-Kaiser's centered autologistic parameterisations under pseudo-likelihood, maximum-likelihood and Bayesian fitting, recommending the centered model fit by pseudo-likelihood — the estimator framework §14.3 adopts.",Phase 7: STC round 9,https://doi.org/10.1002/env.1102,Read,PRIMARY,framework §14.3,Hughes_2011_autologistic-models-binary-data-lattice,211,,bib read_status: reviewer-read
375,"Hughes, J.",2014,ngspatial: A package for fitting the centered autologistic and sparse spatial generalized linear mixed models for areal data,The R Journal,"Hughes 2014 is the `ngspatial` R software implementing the centered autologistic and sparse spatial GLMM fitting Hughes, Haran & Caragea 2011 [ID 374, Hughes et al. 2011] recommend, for areal rather than raster-cell data.",Phase 7: STC round 9,https://doi.org/10.32614/rj-2014-026,Read,PRIMARY,,Hughes_2014_ngspatial-package-fitting-centered,212,,bib read_status: reviewer-read
376,"Ogata, Y.",1988,Statistical models for earthquake occurrences and residual analysis for point processes,Journal of the American Statistical Association,Ogata 1988 states the unified epidemic-type (ETAS) conditional intensity — a background rate plus a sum of triggering kernels over past events — the self-exciting point-process form framework §17.4's excess-loss-hazard kernel would take if adapted from earthquakes to dated development events.,Phase 7: STC round 9,https://doi.org/10.1080/01621459.1988.10478560,Read,PRIMARY,framework §17.4,Ogata_1988_statistical-models-earthquake,213,,bib read_status: reviewer-read
377,"Zhuang, J., Ogata, Y. & Vere-Jones, D.",2002,Stochastic declustering of space-time earthquake occurrences,Journal of the American Statistical Association,"Zhuang, Ogata & Vere-Jones 2002 gives stochastic declustering under a fitted ETAS kernel — background- and offspring-probability ratios computed from Ogata's [ID 376, Ogata 1988] intensity — the estimation-side companion the model in framework §17.4 would need.",Phase 7: STC round 9,https://doi.org/10.1198/016214502760046925,Read,PRIMARY,framework §17.4,Zhuang_2002_stochastic-declustering-space-time,214,,bib read_status: reviewer-read
378,"Reinhart, A.",2018,A review of self-exciting spatio-temporal point processes and their applications,Statistical Science,"Reinhart 2018 surveys self-exciting point-process estimators including Marsan & Lengline's [ID 399, Marsan & Lengline 2008] model-independent, histogram-kernel EM — the nonparametric route to framework §17.4's D_k(tau)*R(d) kernel with no assumed shape.",Phase 7: STC round 9,https://doi.org/10.1214/17-sts629,Read,PRIMARY,framework §17.4,Reinhart_2018_review-self-exciting-spatio-temporal,215,,bib read_status: reviewer-read
379,"Bacry, E., Mastromatteo, I. & Muzy, J.-F.",2015,Hawkes processes in finance,arXiv preprint,"Bacry, Mastromatteo & Muzy 2015 gives the Wiener-Hopf nonparametric alternative to EM kernel estimation for Hawkes processes, noting EM's convergence degrades for slowly-decaying kernels and cannot return negative kernel values — a caveat for framework §17.4's estimator choice.",Phase 7: STC round 9,https://arxiv.org/abs/1502.04592,Read,PRIMARY,framework §17.4,Bacry_2015_hawkes-processes-finance,216,,bib read_status: reviewer-read
380,"Hawkes, A.G.",1971,Spectra of some self-exciting and mutually exciting point processes,Biometrika,"Hawkes 1971 is the origin paper for the self-exciting point-process family Ogata [ID 376, Ogata 1988] and Bacry et al. [ID 379, Bacry et al. 2015] build on; read at the summary only, full PDF held.",Phase 7: STC round 9,https://doi.org/10.1093/biomet/58.1.83,To Read,ABSTRACT,,Hawkes_1971_spectra-some-self-exciting-mutually,217,,bib read_status: reviewer-read
381,"Ogata, Y.",1998,Space-time point-process models for earthquake occurrences,Annals of the Institute of Statistical Mathematics,"Ogata 1998 extends the ETAS conditional-intensity model to explicit space-time point processes, the later companion to Ogata 1988 [ID 376, Ogata 1988]; obtained only as an image-only scan, unread.",Phase 7: STC round 9,https://doi.org/10.1023/a:1003403601725,To Read,,,Ogata_1998_space-time-point-process-models,218,,bib grade not yet resolved (filed-unread); bib read_status: obtained-unread
382,"Kingman, J.F.C.",1962,The imbedding problem for finite Markov chains,Zeitschrift fur Wahrscheinlichkeitstheorie und Verwandte Gebiete,"Kingman 1962 proves that a 2x2 stochastic matrix has a valid continuous-time generator if and only if its trace exceeds 1 — for a two-state chain this is exactly 0 < lambda < 1, giving framework §15.2's existence guard its theorem and source.",Phase 7: STC round 9,https://doi.org/10.1007/bf00531768,Read,PRIMARY,framework §15.2,Kingman_1962_imbedding-problem-finite-markov-chains,219,,bib read_status: reviewer-read
383,"Israel, R.B., Rosenthal, J.S. & Wei, J.Z.",2001,"Finding generators for Markov chains via empirical transition matrices, with applications to credit ratings",Mathematical Finance,"Israel, Rosenthal & Wei 2001 gives the generator-finding series Q = (P-I) - (P-I)^2/2 + ..., a convergence guarantee when every diagonal entry exceeds 0.5, and a fix (zero and redistribute small negative off-diagonals) when the series generator is invalid — the practical companion to Kingman's [ID 382, Kingman 1962] existence theorem.",Phase 7: STC round 9,https://doi.org/10.1111/1467-9965.00114,Read,PRIMARY,,Israel_2001_finding-generators-markov-chains,220,,bib read_status: reviewer-read
384,"Higham, N.J. & Lin, L.",2011,On pth roots of stochastic matrices,Linear Algebra and its Applications,"Higham & Lin 2011 states the two requirements (nonnegative entries, unit row sums) for a stochastic matrix's p-th root to itself be stochastic — the algebraic condition behind Takada et al.'s [ID 350, Takada et al. 2010] yearly-root existence result.",Phase 7: STC round 9,https://doi.org/10.1016/j.laa.2010.09.001,Read,PRIMARY,,Higham_2011_pth-roots-stochastic-matrices,221,,bib read_status: reviewer-read
385,"Charitos, T., de Waal, P.R. & van der Gaag, L.C.",2008,Computing short-interval transition matrices of a discrete-time Markov chain from partially observed data,Statistics in Medicine,"Charitos, de Waal & van der Gaag 2008 solves the same short-interval transition-matrix problem as Kingman [ID 382, Kingman 1962] and Israel et al. [ID 383, Israel et al. 2001] by regularisation, replacing invalid rows using a distance criterion rather than an algebraic fix.",Phase 7: STC round 9,https://doi.org/10.1002/sim.2970,Read,PRIMARY,,Charitos_2008_computing-short-interval-transition,222,,bib read_status: reviewer-read
386,"Singer, B. & Spilerman, S.",1976,The representation of social processes by Markov models,American Journal of Sociology,"Singer & Spilerman 1976 surveys Markov-model representations of social processes, filed alongside the embedding-problem cluster [ID 382-385] as an applied precedent for discrete-time-interval Markov fitting; header-verified via a Columbia Academic Commons copy, unread.",Phase 7: STC round 9,https://doi.org/10.1086/226269,To Read,,,Singer_1976_representation-social-processes-markov,223,,bib grade not yet resolved (filed-unread); bib read_status: obtained-unread
387,"Reynolds, M.R. Jr. & Stoumbos, Z.G.",2000,A general approach to modeling CUSUM charts for a proportion,IIE Transactions,"Reynolds & Stoumbos 2000 develops an exact Markov-chain expression for the Bernoulli CUSUM chart's average run length (their Appendix C), turning framework row 2's Monte Carlo threshold into a check on an exact computation rather than the computation itself.",Phase 7: STC round 9,https://doi.org/10.1080/07408170008963928,Read,PRIMARY,,Reynolds_2000_general-approach-modeling-cusum,224,,bib read_status: reviewer-read
388,"Lucas, J.M. & Crosier, R.B.",1982,Fast initial response for CUSUM quality-control schemes: Give your CUSUM a head start,Technometrics,"Lucas & Crosier 1982 gives the fast-initial-response head start and Markov-chain average-run-length tables for the CUSUM chart, the companion tool to Reynolds & Stoumbos's [ID 387, Reynolds & Stoumbos 2000] exact ANOS expression for framework §17.7.",Phase 7: STC round 9,https://doi.org/10.1080/00401706.1982.10487759,Read,PRIMARY,framework §17.7,Lucas_1982_fast-initial-response-cusum-quality,225,,bib read_status: reviewer-read
389,"Kaiser, M.S., Lahiri, S.N. & Nordman, D.J.",2012,Goodness of fit tests for a class of Markov random field models,Annals of Statistics,"Kaiser, Lahiri & Nordman 2012 gives a goodness-of-fit test for exactly the autologistic model framework §15.1 fits, via generalized spatial residuals partitioned into concliques of mutually non-neighbouring sites (their Theorem 2.1) — a published diagnostic, not merely a fitting method.",Phase 7: STC round 9,https://doi.org/10.1214/11-aos948,Read,PRIMARY,framework §15.1,Kaiser_2012_goodness-fit-tests-class-markov,227,,bib read_status: reviewer-read
390,"Nordman, D.J. & Lahiri, S.N.",2004,On optimal spatial subsample size for variance estimation,Annals of Statistics,"Nordman & Lahiri 2004 shows a subsample size proportional to n^(1/3) minimises the mean-squared error of a spatial variance estimate — a rule distinct from, and answering a different question than, Valavi et al.'s [ID 303, Valavi et al. 2018] block-size leakage rule for cross-validation.",Phase 7: STC round 9,https://doi.org/10.1214/009053604000000779,Read,PRIMARY,,Nordman_2004_optimal-spatial-subsample-size,228,,bib read_status: reviewer-read
391,"Lahiri, S.N. & Zhu, J.",2006,Resampling methods for spatial regression models under a class of stochastic designs,Annals of Statistics,"Lahiri & Zhu 2006 extends spatial resampling to irregular sampling designs, read at the abstract only, filed alongside Nordman & Lahiri's [ID 390, Nordman & Lahiri 2004] subsample-size rule for framework §13's variance-estimation cluster.",Phase 7: STC round 9,https://doi.org/10.1214/009053606000000551,To Read,ABSTRACT,framework §13,Lahiri_2006_resampling-methods-spatial-regression,229,,bib read_status: reviewer-read
392,"Kelejian, H.H. & Prucha, I.R.",2007,HAC estimation in a spatial framework,Journal of Econometrics,"Kelejian & Prucha 2007 gives HAC standard-error estimation under spatial dependence — a correction for confidence intervals on a fitted score rather than an estimator for the score itself, read at the abstract only.",Phase 7: STC round 9,https://doi.org/10.1016/j.jeconom.2006.09.005,To Read,ABSTRACT,,Kelejian_2007_hac-estimation-spatial-framework,230,,bib read_status: reviewer-read
393,"Conley, T.G. & Molinari, F.",2007,Spatial correlation robust inference with errors in location or distance,Journal of Econometrics,"Conley & Molinari 2007 extends spatial-HAC standard errors to the case where location or distance itself carries measurement error — filed alongside Kelejian & Prucha 2007 [ID 392, Kelejian & Prucha 2007] for the same inference-correction role; a cemmap working paper, unread.",Phase 7: STC round 9,https://doi.org/10.1016/j.jeconom.2006.09.003,To Read,,,Conley_2007_spatial-correlation-robust-inference,231,,bib grade not yet resolved (filed-unread); bib read_status: obtained-unread
394,"Politis, D.N. & Romano, J.P.",1994,Large sample confidence regions based on subsamples under minimal assumptions,Annals of Statistics,"Politis & Romano 1994 gives large-sample confidence regions from subsamples under minimal assumptions — the general subsampling theory behind Nordman & Lahiri's [ID 390, Nordman & Lahiri 2004] block-size rule; obtained only as an image-only scan, unread.",Phase 7: STC round 9,https://doi.org/10.1214/aos/1176325770,To Read,,,Politis_1994_large-sample-confidence-regions-based,232,,bib grade not yet resolved (filed-unread); bib read_status: obtained-unread
395,"Liu, D., Song, K., Townshend, J.R.G. & Gong, P.",2008,Using local transition probability models in Markov random fields for forest change detection,Remote Sensing of Environment,"Liu, Song, Townshend & Gong 2008 multiplies a pixel-wise local probability of change by a global transition model in a space-time MRF for forest change detection — the multiplicative transition form (Hughes, Guttorp & Charles 1999 [ID 314, Hughes et al. 1999]) already applied in remote sensing; read at the abstract only.",Phase 7: STC round 9,https://doi.org/10.1016/j.rse.2007.10.002,To Read,ABSTRACT,,Liu_2008_local-transition-probability-models-markov,233,,bib read_status: reviewer-read
396,"Solberg, A.H.S., Taxt, T. & Jain, A.K.",1996,A Markov random field model for classification of multisource satellite imagery,IEEE Transactions on Geoscience and Remote Sensing,"Solberg, Taxt & Jain 1996 is an early Markov random field classifier for multisource satellite imagery, filed alongside the applied space-time MRF cluster [ID 395, 404, 405] for framework §14.9's multiplicative transition precedent; header-verified, unread.",Phase 7: STC round 9,https://doi.org/10.1109/36.481897,To Read,,framework §14.9,Solberg_1996_markov-random-field-model,234,,bib grade not yet resolved (filed-unread); bib read_status: obtained-unread
397,"Reynolds, M.R. Jr. & Stoumbos, Z.G.",1999,A CUSUM chart for monitoring a proportion when inspecting continuously,Journal of Quality Technology,"States that Bernoulli CUSUM chart properties ""are evaluated using exact Markov chain methods"". The construction: with r₁ and r₂ as log-likelihood-ratio constants (their Eq. 3), choose p₁ so r₂/r₁ = m is an integer; the chart statistic then lives on multiples of 1/m across t = m·h_B transient states, moving down one state or up m−1 states per observation.",Phase 7: STC round 9,https://doi.org/10.1080/00224065.1999.11979900,Read,PRIMARY,framework §2,Reynolds_1999_cusum-chart-monitoring-proportion,235,,"bib read_status: reviewer-read; lead restatement moved from Relevance: ""Reynolds & Stoumbos 1999 (J. Quality Technology, PRIMARY, §§2–3, Appendix A)"""
398,"Zhu, J., Zheng, Y., Carroll, A.L. & Aukema, B.H.",2008,Autologistic regression analysis of spatial-temporal binary data via Monte Carlo maximum likelihood,"Journal of Agricultural, Biological and Environmental Statistics","The paper that turns the 2005 model into the one framework §2/§3 uses: ""we will modify the STARM so that the conditional distributions depend only on the past"" — their Eq. 2.1, ""the conditional distribution of Y t given the past depends on the most recent S time points"" — a forward Markov chain in time with a Markov random field in space, i.e. framework §2 plus §3 exactly. On estimation: pseudo-likelihood.",Phase 7: STC round 9,https://doi.org/10.1198/108571108x273566,Read,PRIMARY,framework §1; framework §2; framework §3,Zhu_2008_autologistic-regression-analysis-spatial,236,,"bib read_status: reviewer-read; lead restatement moved from Relevance: ""Zhu, Zheng, Carroll & Aukema 2008 (*JABES*, PRIMARY, §§1–3)"""
399,"Marsan, D. & Lengliné, O.",2008,Extending earthquakes' reach through cascading,Science,"The model-independent estimator at its source: ""The algorithm works as follows: 1. Knowing an a priori bare kernel"" and a background rate, compute for every pair the triggering weight and the background weight, normalised to sum to one per event; ""2. The updated bare rates are then computed as"" the weighted counts per `(distance, lag, magnitude)` bin; ""these two steps are iterated until"" … ""convergence is reached"".",Phase 7: STC round 9,https://doi.org/10.1126/science.1148783,Read,PRIMARY,framework §4.18.4,Marsan_2008_extending-earthquakes-reach-through,237,,"bib read_status: reviewer-read; lead restatement moved from Relevance: ""Marsan & Lengliné 2008 (*Science*, PRIMARY, the algorithm paragraph)"""
400,"Zheng, Y. & Zhu, J.",2008,Markov chain Monte Carlo for a spatial-temporal autologistic regression model,Journal of Computational and Graphical Statistics,"Zheng & Zhu 2008 is the companion to Zhu, Zheng, Carroll & Aukema 2008 (Zhu et al. 2008) [ID 398]: it proposes fitting the same spatial-temporal autologistic model by Markov chain Monte Carlo rather than the pseudo-likelihood estimator used there, an alternative estimation route for framework §2/§3's chain-plus-field structure. ABSTRACT grade — the reviewer has read the abstract only; the full PDF is held but not yet reviewed.",Phase 7: STC round 9,https://doi.org/10.1198/106186008x289641,To Read,ABSTRACT,framework §2; framework §3,Zheng_2008_markov-chain-monte-carlo-spatial,238,,bib read_status: reviewer-read
401,"Caragea, P.C. & Kaiser, M.S.",2009,Autologistic models with interpretable parameters,"Journal of Agricultural, Biological and Environmental Statistics","The centered parameterisation, proposed because the usual one ""presents difficulties in interpreting model parameters across varying levels of statistical dependence"".",Phase 7: STC round 9,https://doi.org/10.1198/jabes.2009.07032,To Read,ABSTRACT,,Caragea_2009_autologistic-models-interpretable,239,,"bib read_status: reviewer-read; lead restatement moved from Relevance: ""Caragea & Kaiser 2009 (*JABES*, ABSTRACT)"""
402,"Brook, D. & Evans, D.A.",1972,An approach to the probability distribution of cusum run length,Biometrika,"The origin of the method — ""The transition probability matrix for this chain is obtained and then the properties of this matrix used to determine not only the average run lengths for the scheme, but also moments and percentage points of the run-length distribution and exact probabilities of run length. The method may be used with any discrete distribution"".",Phase 7: STC round 9,https://doi.org/10.1093/biomet/59.3.539,To Read,ABSTRACT,,Brook_1972_approach-probability-distribution-cusum,240,,"bib read_status: reviewer-read; lead restatement moved from Relevance: ""Brook & Evans 1972 (*Biometrika*, ABSTRACT, summary read)"""
403,"Cabo, A.J. & Baddeley, A.J.",1995,"Line transects, covariance functions and set convergence",Advances in Applied Probability,The set covariance function and chord-length distribution recovered from one-dimensional transects — the directional covariogram of §4.18.1 seen along a line.,Phase 7: STC round 9,https://doi.org/10.1017/s0001867800027063,To Read,ABSTRACT,framework §4.18.1,Cabo_1995_line-transects-covariance-functions-set,241,,"bib read_status: reviewer-read; lead restatement moved from Relevance: ""Cabo & Baddeley 1995 (*Adv. Appl. Prob.*, ABSTRACT)"""
404,"Liu, D. & Cai, S.",2012,A spatial-temporal modeling approach to reconstructing land-cover change trajectories from multi-temporal satellite imagery,Annals of the American Association of Geographers,"Liu & Cai 2012 reconstructs land-cover change trajectories from multi-temporal imagery by MRF trajectory modelling — an applied precedent for framework §14.9 alongside Cai et al. 2014 [ID 405, Cai et al. 2014] and Melgani & Serpico 2003 [ID 406, Melgani & Serpico 2003]; read at the abstract only.",Phase 7: STC round 9,https://doi.org/10.1080/00045608.2011.596357,To Read,ABSTRACT,framework §14.9,Liu_2012_spatial-temporal-modeling-approach,242,,bib read_status: reviewer-read
405,"Cai, S., Liu, D., Sulla-Menashe, D. & Friedl, M.A.",2014,Enhancing MODIS land cover product with a spatial–temporal modeling algorithm,Remote Sensing of Environment,"Cai, Liu, Sulla-Menashe & Friedl 2014 repairs illogical transitions in the MODIS land-cover product by a spatial-temporal modelling algorithm — the operational MRF-repair precedent alongside Liu & Cai 2012 [ID 404, Liu & Cai 2012]; read at the abstract only.",Phase 7: STC round 9,https://doi.org/10.1016/j.rse.2014.03.012,To Read,ABSTRACT,,Cai_2014_enhancing-modis-land-cover-product,3,,
406,"Melgani, F. & Serpico, S.B.",2003,A Markov random field approach to spatio-temporal contextual image classification,IEEE Transactions on Geoscience and Remote Sensing,"Markov-random-field trajectory reconstruction, the ""illogical transition"" repair of the MODIS product, and the ""mutual"" (both-directions) versus ""cascade"" (forward) MRF for image sequences — applied precedents, no new estimator.",Phase 7: STC round 9,https://doi.org/10.1109/tgrs.2003.817269,To Read,ABSTRACT,,Melgani_2003_markov-random-field-approach-spatio,17,,"lead restatement moved from Relevance: ""Melgani & Serpico 2003 (*IEEE TGRS*, ABSTRACT)"""
407,"Kalbfleisch, J.D. & Lawless, J.F.",1985,The analysis of panel data under a Markov assumption,Journal of the American Statistical Association,"The continuous-time Markov model for panel data: states observed ""at a sequence of discrete time points"" with ""no information … about the timing of events between observation times""; earlier methods suffered ""inability to handle observation times that are not equally spaced"" and could not give standard errors — they supply maximum-likelihood algorithms for the transition intensity matrix `Q`, with `P(t) = exp(Qt)` for time-homogeneous chains, and standard errors from the information. Irregular spacing is the founding motivation of the field.",Phase 7: STC round 10,https://doi.org/10.1080/01621459.1985.10478195,Read,PRIMARY,framework §1,Kalbfleisch_1985_analysis-panel-data-markov,247,,"bib read_status: reviewer-read; lead restatement moved from Relevance: ""Kalbfleisch & Lawless 1985 (*JASA*, PRIMARY, §§1–2)"""
408,"Jackson, C.H.",2011,Multi-state models for panel data: the msm package for R,Journal of Statistical Software,"Gives the likelihood as the product over units and observation pairs of transition-matrix entries, each the P(t) entry at the row for the starting state and column for the ending state, evaluated at the interval between observations. The hidden-Markov extension adds a misclassification matrix where each entry is the probability of observing one state conditional on occupying another, with misclassification probabilities that may also depend on covariates — exactly a band- and epoch-indexed emission. Fitted by `optim` on `log q_rs` with standard errors from the Hessian; software `msm`.",Phase 7: STC round 10,https://doi.org/10.18637/jss.v038.i08,Read,PRIMARY,framework §1.4,Jackson_2011_multi-state-models-panel-data,248,,"bib read_status: reviewer-read; lead restatement moved from Relevance: ""Jackson 2011 (J. Statistical Software, CC BY, PRIMARY, §§1.4, 2)"""
409,"Jackson, C.H. & Sharples, L.D.",2002,Hidden Markov models for the onset and progression of bronchiolitis obliterans syndrome in lung transplant recipients,Statistics in Medicine,The same machinery on a staged process at irregular measurement times.,Phase 7: STC round 10,https://doi.org/10.1002/sim.886,Read,PRIMARY,,Jackson_2002_hidden-markov-models-onset-progression,249,,"bib read_status: reviewer-read; lead restatement moved from Relevance: ""Jackson & Sharples 2002 (*Statist. Med.*, PRIMARY, summary)"""
410,"Bureau, A., Shiboski, S. & Hughes, J.P.",2003,Applications of continuous time hidden Markov models to the study of misclassified disease outcomes,Statistics in Medicine,"Continuous-time hidden Markov models ""to longitudinal measurements of a binary disease outcome"" — the two-state, misclassified, irregularly observed case, ours exactly.",Phase 7: STC round 10,https://doi.org/10.1002/sim.1270,Read,PRIMARY,framework §1,Bureau_2003_applications-continuous-time-hidden,250,,"bib read_status: reviewer-read; lead restatement moved from Relevance: ""Bureau, Shiboski & Hughes 2003 (*Statist. Med.*, PRIMARY, abstract and §1)"""
411,"Rosychuk, R.J. & Thompson, M.E.",2003,Bias correction of two-state latent Markov process parameter estimates under misclassification,Statistics in Medicine,"For a two-state latent process observed with misclassification, the maximum-likelihood transition estimates are biased — ""the naive estimators on average overestimate"" the transition probabilities (persistence is under-estimated), the direction framework §18.2 asserted — and two bias-adjusted estimators are given (asymptotic and finite-sample).",Phase 7: STC round 10,https://doi.org/10.1002/sim.1473,Read,PRIMARY,framework §18.2,Rosychuk_2003_bias-correction-two-state-latent,251,,"bib read_status: reviewer-read; lead restatement moved from Relevance: ""Rosychuk & Thompson 2003 (*Statist. Med.*, PRIMARY, summary and results)"""
412,"Satten, G.A. & Longini, I.M.",1996,Markov chains with measurement error: estimating the 'true' course of a marker of the progression of HIV disease,Applied Statistics,"Satten & Longini 1996 model a Markov chain observed through measurement error to estimate the true course of an HIV marker; it is the earliest of the misclassified-state chain papers behind framework gap row 18 (transition rates attenuated by misclassification), alongside Rosychuk & Thompson 2003 [ID 411, Rosychuk & Thompson 2003]. Not yet read.",Phase 7: STC round 10,https://doi.org/10.2307/2986089,To Read,,gap row 18,Satten_1996_markov-chains-measurement-error,252,,bib grade not yet resolved (filed-unread); bib read_status: obtained-unread
413,"Gasparrini, A., Armstrong, B. & Kenward, M.G.",2010,Distributed lag non-linear models,Statistics in Medicine,"Treats the lag dimension as a vector of lagged exposures: a basis matrix C over lags turns it into v transformed covariates `W = Q·C` (their Eqs. 4–5), with implied lag effects `b̂ = Cĝ` and covariance `C V(ĝ) Cᵀ` (Eq. The choice of basis is itself a constraint on the shape of the distributed lag curve — a step-function basis is the histogram kernel of framework §4.18.4, a spline basis is a smooth one.",Phase 7: STC round 10,https://doi.org/10.1002/sim.3940,Read,PRIMARY,framework §3; framework §4.18.4,Gasparrini_2010_distributed-lag-non-linear-models,253,,"bib read_status: reviewer-read; lead restatement moved from Relevance: ""Gasparrini, Armstrong & Kenward 2010 (Statist. Med., author copy, PRIMARY, §3)"""
414,"Gasparrini, A.",2011,Distributed lag linear and non-linear models in R: the package dlnm,Journal of Statistical Software,"Is the R package implementing the distributed-lag non-linear model's lag-basis construction (Gasparrini, Armstrong & Kenward 2010 [ID 413, Gasparrini et al. 2010]) -- framework §19.2's lag-basis implementation; read at the abstract only.",Phase 7: STC round 10,https://doi.org/10.18637/jss.v043.i08,To Read,ABSTRACT,framework §19.2,Gasparrini_2011_distributed-lag-linear-non-linear,254,,"bib read_status: reviewer-read; lead restatement moved from Relevance: ""Gasparrini 2011 (`dlnm`)"""
415,"Gasparrini, A.",2014,Modeling exposure–lag–response associations with distributed lag non-linear models,Statistics in Medicine,"Gasparrini 2014 extends the distributed-lag non-linear model to exposure-lag-response associations, generalising the lag-basis construction Gasparrini, Armstrong & Kenward 2010 [ID 413, Gasparrini et al. 2010] and the `dlnm` package [ID 414, Gasparrini 2011] implement (framework §19.2); read at the abstract only.",Phase 7: STC round 10,https://doi.org/10.1002/sim.5963,To Read,ABSTRACT,framework §19.2,Gasparrini_2014_modeling-exposure-lag-response,255,,bib read_status: reviewer-read
416,"Gasparrini, A., Scheipl, F., Armstrong, B. & Kenward, M.G.",2017,A penalized framework for distributed lag non-linear models,Biometrics,"Gasparrini, Scheipl, Armstrong & Kenward 2017 fits the distributed-lag non-linear model with penalised splines inside a GAM, adding built-in model selection to the lag-basis construction of Gasparrini et al. 2010 [ID 413, Gasparrini et al. 2010]; read at the abstract only.",Phase 7: STC round 10,https://doi.org/10.1111/biom.12645,To Read,ABSTRACT,,Gasparrini_2017_penalized-framework-distributed-lag,256,,bib read_status: reviewer-read
417,"Almon, S.",1965,The distributed lag between capital appropriations and expenditures,Econometrica,"Almon 1965 is the origin of the distributed lag model (a polynomial lag basis in a regression), the lineage that Gasparrini, Armstrong & Kenward 2010 [ID 413, Gasparrini et al. 2010] extend to the cross-basis used for framework gap row 19. Not yet read.",Phase 7: STC round 10,https://doi.org/10.2307/1911894,To Read,,gap row 19,Almon_1965_distributed-lag-between-capital,257,,bib grade not yet resolved (filed-unread); bib read_status: obtained-unread
418,"Truccolo, W., Eden, U.T., Fellows, M.R., Donoghue, J.P. & Brown, E.N.",2005,"A point process framework for relating neural spiking activity to spiking history, neural ensemble, and extrinsic covariate effects",Journal of Neurophysiology,"The discrete-time point-process likelihood with history covariates ""is equivalent to the likelihood of a GLM under a Poisson distribution and log link function""; and ""if the point process is represented as a conditionally independent Bernoulli process and the probability of the events is modeled by a logistic function, then the likelihood function is equivalent to the likelihood of a GLM under a Bernoulli distribution and a logistic link function"". That is the statement framework §18.3 needed: a self-exciting kernel on a binary outcome is a GLM with lagged-event covariates.",Phase 7: STC round 10,https://doi.org/10.1152/jn.00697.2004,Read,PRIMARY,framework §18.3,Truccolo_2005_point-process-framework-relating,258,,"bib read_status: reviewer-read; lead restatement moved from Relevance: ""Truccolo, Eden, Fellows, Donoghue & Brown 2005 (*J. Neurophysiol.*, PRIMARY, abstract)"""
419,"Pillow, J.W. et al.",2008,Spatio-temporal correlations and visual signalling in a complete neuronal population,Nature,"Pillow et al. 2008 fits stimulus, post-spike and coupling filters as exponentiated linear terms in a point-process GLM — an applied instance of the self-exciting-kernel-as-regression form Truccolo et al. 2005] states in general, for framework §19.2's kernel; read at the opening only.",Phase 7: STC round 10,https://doi.org/10.1038/nature07140,To Read,ABSTRACT,framework §19.2,Pillow_2008_spatio-temporal-correlations-visual,259,,bib read_status: reviewer-read
420,"Browning, R., Sulem, D., Mengersen, K., Rivoirard, V. & Rousseau, J.",2021,Simple discrete-time self-exciting models can describe complex dynamic processes: A case study of COVID-19,PLOS ONE,"Browning et al. 2021 (*PLOS ONE*, ABSTRACT: a discrete-time Hawkes variant) are the applied forms. Schwartz 2000 (*Epidemiology*) not obtained on the first index.",Phase 7: STC round 10,https://doi.org/10.1371/journal.pone.0250015,To Read,ABSTRACT,,Browning_2021_simple-discrete-time-self-exciting,260,,bib read_status: reviewer-read
421,"Lu, C.-W. & Reynolds, M.R. Jr.",2001,CUSUM charts for monitoring an autocorrelated process,Journal of Quality Technology,"For an AR(1) plus noise process, ""CUSUM charts based on the original observations perform as well as CUSUM charts of residuals, except in the case in which the level of autocorrelation is high and the shift in the process mean is large"", and a design method for the observations chart under autocorrelation is given. So the residual chart is not automatically the answer; the correlogram measurement decides which regime applies.",Phase 7: STC round 10,https://doi.org/10.1080/00224065.2001.11980082,Read,PRIMARY,,Lu_2001_cusum-charts-monitoring-autocorrelated,261,,"bib read_status: reviewer-read; lead restatement moved from Relevance: ""Lu & Reynolds 2001 (*J. Quality Technology*, PRIMARY, abstract)"""
422,"Psarakis, S. & Papaleonida, G.E.A.",2007,SPC procedures for monitoring autocorrelated processes,Quality Technology & Quantitative Management,"The residual-chart rationale — ""assuming that the correct time series model is fitted to the data, the residuals will be independently and identically distributed"" — and its caveat that residual charts ""do not have the same properties as the traditional charts"".",Phase 7: STC round 10,https://doi.org/10.1080/16843703.2007.11673168,Read,PRIMARY,framework §2,Psarakis_2007_spc-procedures-monitoring,262,,"bib read_status: reviewer-read; lead restatement moved from Relevance: ""Psarakis & Papaleonida 2007 (*QTQM*, PRIMARY, §2 review)"""
423,"Mei, Y.",2010,Efficient scalable schemes for monitoring a large number of data streams,Biometrika,"Monitoring `K` streams with an unknown affected subset by ""the sum of the local CUSUM statistics from each data stream"", shown ""asymptotically optimal in a suitable sense"" under a *global* false-alarm constraint — the online analogue of multiple testing.",Phase 7: STC round 10,https://doi.org/10.1093/biomet/asq010,Read,PRIMARY,framework §1,Mei_2010_efficient-scalable-schemes-monitoring,263,,"bib read_status: reviewer-read; lead restatement moved from Relevance: ""Mei 2010 (*Biometrika*, author copy, PRIMARY, §1)"""
424,"Xie, Y. & Siegmund, D.",2013,Sequential multi-sensor change-point detection,Annals of Statistics,"A mixture procedure with an assumed fraction `p₀` of affected streams; ""we derive analytic approximations for its ARL and EDD"".",Phase 7: STC round 10,https://doi.org/10.1214/13-aos1094,Read,PRIMARY,framework §1,Xie_2013_sequential-multi-sensor-change-point,264,,"bib read_status: reviewer-read; lead restatement moved from Relevance: ""Xie & Siegmund 2013 (*Ann. Statist.*, arXiv copy, PRIMARY, §1)"""
425,"Tartakovsky, A.G. & Veeravalli, V.V.",2008,Asymptotically optimal quickest change detection in distributed sensor systems,Sequential Analysis,,Phase 7: STC round 10,https://doi.org/10.1080/07474940802446236,To Read,ABSTRACT,,Tartakovsky_2008_asymptotically-optimal-quickest,265,,"bib read_status: reviewer-read; lead restatement moved from Relevance: ""Tartakovsky & Veeravalli 2008 (ABSTRACT, decentralised optimality)"""
426,"Benjamini, Y. & Hochberg, Y.",1995,Controlling the false discovery rate: a practical and powerful approach to multiple testing,Journal of the Royal Statistical Society: Series B (Statistical Methodology),"Benjamini & Hochberg 1995 obtained as an image-only JSTOR scan (filed, unread).",Phase 7: STC round 10,https://doi.org/10.1111/j.2517-6161.1995.tb02031.x,To Read,,,Benjamini_1995_controlling-false-discovery-rate,266,,bib grade not yet resolved (filed-unread); bib read_status: obtained-unread
427,"Steiner, S.H., Cook, R.J., Farewell, V.T. & Treasure, T.",2000,Monitoring surgical performance using risk-adjusted cumulative sum charts,Biostatistics,"The risk-adjusted CUSUM — ""The risk adjustment is made though a likelihood score"" per subject, i.e. per-unit increments from each unit's own pre-change probability. That is the framework's band- and epoch-indexed increment `ℓ_{t,b}` under its published name.",Phase 7: STC round 10,https://doi.org/10.1093/biostatistics/1.4.441,Read,PRIMARY,framework §2,Steiner_2000_monitoring-surgical-performance-risk,245,,"lead restatement moved from Relevance: ""Steiner, Cook, Farewell & Treasure 2000 (*Biostatistics*, PRIMARY, §2; browser fetch)"""
428,"Conley, T.G.",1999,GMM estimation with cross sectional dependence,Journal of Econometrics,Both METADATA.,Phase 7: STC round 10,https://doi.org/10.1016/s0304-4076(98,To Read,ABSTRACT,,,202,,"lead restatement moved from Relevance: ""Conley 1999 (J. Econometrics; spatial HAC — a standard-error correction, useful for intervals on the score, not for the score itself)"""
429,"Platanios, E.A., Blum, A. & Mitchell, T.",2014,Estimating accuracy from unlabeled data,Conference on Uncertainty in Artificial Intelligence 2014,"""accuracy can be estimated exactly from unlabeled data in the case that at least three different approximations to the same function are available, so long as these functions make independent errors and have better than chance accuracy"" — three arms with conditionally independent errors identify each arm's accuracy from agreement rates alone.",Phase 7: STC round 10,N/A — UAI 2014 proceedings,Read,PRIMARY,,Platanios_2014_estimating-accuracy-unlabeled-data,269,,"bib read_status: reviewer-read; lead restatement moved from Relevance: ""Platanios, Blum & Mitchell 2014 (UAI, PRIMARY, abstract)"""
430,"Platanios, E.A., Dubey, A. & Mitchell, T.",2016,Estimating accuracy from unlabeled data: a Bayesian approach,International Conference on Machine Learning 2016,Two further leads were sent to the browser agent: Hui & Walter 1980 (two-population identifiability) and Foody 2010 (reference-data error in change accuracy).,Phase 7: STC round 10,N/A — ICML 2016 / PMLR 48,To Read,,,Platanios_2016_estimating-accuracy-unlabeled-data,270,,"bib grade not yet resolved (filed-unread); bib read_status: obtained-unread; lead restatement moved from Relevance: ""Platanios, Dubey & Mitchell 2016 (filed, unread)"""
431,"Jaffe, A., Nadler, B. & Kluger, Y.",2015,Estimating the accuracies of multiple classifiers without labeled data,International Conference on Artificial Intelligence and Statistics 2015,,Phase 7: STC round 10,https://arxiv.org/abs/1407.7644,To Read,ABSTRACT,,Jaffe_2015_estimating-accuracies-multiple,271,,"bib read_status: reviewer-read; lead restatement moved from Relevance: ""Jaffe, Nadler & Kluger 2015 (AISTATS, ABSTRACT: the spectral extension to sensitivity and specificity)"""
432,"Parisi, F., Strino, F., Nadler, B. & Kluger, Y.",2014,Ranking and combining multiple predictors without labeled data,PNAS,"Under independent errors ""the off-diagonal entries of their covariance matrix correspond to a rank-one matrix"" whose leading eigenvector is ""proportional to their balanced accuracies"".",Phase 7: STC round 10,https://doi.org/10.1073/pnas.1219097111,Read,PRIMARY,framework §1,Parisi_2014_ranking-combining-multiple-predictors,272,,"bib read_status: reviewer-read; lead restatement moved from Relevance: ""Parisi, Strino, Nadler & Kluger 2014 (*PNAS*, arXiv copy, PRIMARY, §1)"""
433,"Raykar, V.C. et al.",2010,Learning from crowds,JMLR,"Raykar et al. 2010 estimates each labeller's error rates jointly with the latent true label by EM in a crowd-labelling setting — the multi-annotator route to framework §19.4's row-16 emission-identifiability problem, alongside Dawid & Skene's [ID 435, Dawid & Skene 1979] earlier EM origin; read at the abstract only.",Phase 7: STC round 10,"N/A — JMLR 11 (2010), pre-DOI",To Read,ABSTRACT,framework §19.4,Raykar_2010_learning-crowds,273,,bib read_status: reviewer-read
434,"Ratner, A. et al.",2017,Snorkel: rapid training data creation with weak supervision,International Conference on Very Large Data Bases 2017,"Ratner et al. 2017 (Snorkel) combines multiple noisy labelling functions by a generative model that estimates each function's accuracy without ground truth — the weak-supervision route to framework §19.4's emission-identifiability problem, alongside Platanios et al.'s [ID 429, Platanios et al. 2014] three-classifier route; read at the abstract only.",Phase 7: STC round 10,https://doi.org/10.14778/3157794.3157797,To Read,ABSTRACT,framework §19.4,Ratner_2017_snorkel-rapid-training-data-creation,274,,bib read_status: reviewer-read
435,"Dawid, A.P. & Skene, A.M.",1979,Maximum likelihood estimation of observer error-rates using the EM algorithm,Applied Statistics,,Phase 7: STC round 10,https://doi.org/10.2307/2346806,To Read,ABSTRACT,,Dawid_1979_maximum-likelihood-estimation-observer,275,,"bib read_status: reviewer-read; lead restatement moved from Relevance: ""Dawid & Skene 1979 (*Applied Statistics*, ABSTRACT — the EM origin, first index)"""
436,"Begg, C.B. & Greenes, R.A.",1983,Assessment of diagnostic tests when disease verification is subject to selection bias,Biometrics,,Phase 7: STC round 10,https://doi.org/10.2307/2530820,To Read,ABSTRACT,,Begg_1983_assessment-diagnostic-tests-when-disease,276,,"bib read_status: reviewer-read; lead restatement moved from Relevance: ""Begg & Greenes 1983 (*Biometrics*, ABSTRACT — verification bias when the gold subset is selected on the test result, first index)"""
437,"Mousavi, S. & Reynolds, M.R. Jr.",2009,A CUSUM chart for monitoring a proportion with autocorrelated binary observations,Journal of Quality Technology,"Is the exact case: a proportion monitored from binary observations following a two-state Markov chain with first-order dependence. Their finding overturns framework §4.19.3's compromise — the Shewhart p-chart and Bernoulli CUSUM ""are not robust to autocorrelation"", so they construct a Markov binary CUSUM (MBCUSUM) chart on a log-likelihood-ratio statistic whose properties are again exact by Markov chain. That increment is the chain's own evidence increment under the dependent model — framework row 20's dependence half is answered by a published chart, not by residuals or an adjusted limit.",Phase 7: STC round 10,https://doi.org/10.1080/00224065.2009.11917794,Read,PRIMARY,framework §1; framework §4.19.3,Mousavi_2009_cusum-chart-monitoring-proportion,277,,"bib read_status: reviewer-read; lead restatement moved from Relevance: ""Mousavi & Reynolds 2009 (J. Quality Technology, PRIMARY, abstract and §1)"""
438,"Hui, S.L. & Walter, S.D.",1980,Estimating the error rates of diagnostic tests,Biometrics,"Two tests with unknown error rates applied to two populations with different prevalences, under conditional independence of the tests' errors, identify both tests' error rates and both prevalences — the two-population route to framework gap row 16's identifiability, complementary to Platanios's three-classifier route. For the framework: two strata with different canopy prevalence (e.g. two distance bands) and two arms.",Phase 7: STC round 10,https://doi.org/10.2307/2530508,Read,PRIMARY,gap row 16,Hui_1980_estimating-error-rates-diagnostic-tests,278,,"bib read_status: reviewer-read; lead restatement moved from Relevance: ""Hui & Walter 1980 (*Biometrics*, PRIMARY, summary)"""
439,"Alwan, L.C. & Roberts, H.V.",1988,Time-series modeling for statistical process control,Journal of Business & Economic Statistics,"The origin of ""the application of standard control-chart procedures to the residuals from these fits"" (ARIMA fits).",Phase 7: STC round 10,https://doi.org/10.1080/07350015.1988.10509640,To Read,ABSTRACT,,Alwan_1988_time-series-modeling-statistical-process,280,,"bib read_status: reviewer-read; lead restatement moved from Relevance: ""Alwan & Roberts 1988 (*JBES*, ABSTRACT)"""
440,"Montgomery, D.C. & Mastrangelo, C.M.",1991,Some statistical process control methods for autocorrelated data,Journal of Quality Technology,"Montgomery & Mastrangelo 1991 surveys control-chart methods for autocorrelated data, part of the row-20 autocorrelated-CUSUM literature Lu & Reynolds 2001 [ID 421, Lu & Reynolds 2001] and Mousavi & Reynolds 2009 [ID 437, Mousavi & Reynolds 2009] build on; read at the title/abstract only via browser fetch.",Phase 7: STC round 10,https://doi.org/10.1080/00224065.1991.11979321,To Read,ABSTRACT,,Montgomery_1991_some-statistical-process-control,281,,bib read_status: reviewer-read
441,"Lu, C.-W. & Reynolds, M.R. Jr.",1999,Control charts for monitoring the mean and variance of autocorrelated processes,Journal of Quality Technology,The autocorrelated-process chart literature Lu & Reynolds 2001 builds on.,Phase 7: STC round 10,https://doi.org/10.1080/00224065.1999.11979925,To Read,ABSTRACT,,Lu_1999_control-charts-monitoring-mean-variance,282,,"bib read_status: reviewer-read; lead restatement moved from Relevance: ""Lu & Reynolds 1999 (*JQT*, ABSTRACT)"""
442,"Schwartz, J.",2000,The Distributed Lag between Air Pollution and Daily Deaths,Epidemiology,Schwartz 2000 not obtained: absent from both Sci-Hub indexes; the agent stopped at two failed routes as instructed. Not load-bearing (Almon 1965 is the origin on file).,Phase 7: STC round 10,https://doi.org/10.1097/00001648-200005000-00016,Not Obtained,METADATA,,,283,,
443,van den Hout,2017,Multi-State Survival Models for Interval-Censored Data,CRC,"van den Hout's 2017 text extends multi-state survival modelling to interval-censored data, the book-length treatment of the irregular-interval panel-data problem Kalbfleisch & Lawless 1985 [ID 407, Kalbfleisch & Lawless 1985] and Jackson 2011 [ID 408, Jackson 2011] address in article form (framework §19.1); not obtained.",Phase 7: STC round 10,https://doi.org/10.1201/9781315374321,Not Obtained,METADATA,framework §19.1,,284,,
444,"Li, B., Liu, X., Zhuang, H., Shi, Q., Zeng, L., Cai, Y., Zhang, H., Cai, Y., Wu, C. & Xu, X.",2026,ALCC: Temporally Consistent Annual Land Cover Maps over China from 1985 to 2022 Based on an Ensemble Change Detection Method,Journal of Remote Sensing,"Li et al. 2026 (ALCC) produces temporally consistent annual land-cover maps over China 1985-2022 by an ensemble change-detection method — an operational-products precedent for framework §5's change-stratified reporting template (§4.11), read directly from a local PDF with its OA figures independently re-verified in round 2.",Phase 7: STC local library,https://doi.org/10.34133/remotesensing.1029,Read,PRIMARY,framework §5; framework §4.11,,286,,
445,"Artikanur, S.D. et al.",2026,Evaluating Accuracy and Temporal Consistency of Machine Learning Models for LULC Mapping in the Cimanuk Watershed,J. Nat. Resour. Environ. Manag.,Artikanur et al. 2026 evaluates the accuracy and temporal consistency of several machine-learning LULC models in the Cimanuk watershed — a direct comparator for reporting per-year accuracy and temporal consistency together (framework §5); read directly from a local PDF.,Phase 7: STC local library,https://doi.org/10.29244/jpsl.16.3.284,Read,PRIMARY,framework §5,,288,,
446,"Van den Broeck, W.A.J., Goedemé, T. & Loopmans, M.",2022,Multiclass Land Cover Mapping from Historical Orthophotos Using Domain Adaptation and Spatio-Temporal Transfer Learning,Remote Sensing,"Van den Broeck, Goedeme & Loopmans 2022 maps multiclass land cover from historical orthophotos using domain adaptation and spatio-temporal transfer learning — already cited by `DEGRADED_IMAGERY_RESEARCH_2026-08-27.md` for the cross-era imagery problem this project shares; read directly from a local PDF.",Phase 7: STC local library,https://doi.org/10.3390/rs14235911,Read,PRIMARY,,,289,,
447,"Maclaurin, G.J. & Leyk, S.",2016,Temporal replication of the national land cover database using active machine learning,GIScience & Remote Sensing,"Maclaurin & Leyk 2016 replicates the National Land Cover Database's classification temporally using active machine learning — a precedent for propagating one year's labels forward with model-in-the-loop correction, the same shape as this project's 2020-to-other-years projection; read directly from a local PDF.",Phase 7: STC local library,https://doi.org/10.1080/15481603.2016.1235009,Read,PRIMARY,,,290,,
448,"Torres, D.L. et al.",2021,Deforestation Detection with Fully Convolutional Networks in the Amazon Forest from Landsat-8 and Sentinel-2 Images,Remote Sensing,Torres et al. 2021 detects deforestation with fully convolutional networks fused across Landsat-8 and Sentinel-2 in the Amazon — a multi-sensor change-detection precedent distinct from the single-sensor LandTrendr/CCDC family (framework §6.1); read directly from a local PDF.,Phase 7: STC local library,https://doi.org/10.3390/rs13245084,Read,PRIMARY,framework §6.1,,291,,
449,"Pearse, G.D., Watt, M.S., Soewarto, J. & Tan, A.Y.S.",2021,Deep Learning and Phenology Enhance Large-Scale Tree Species Classification in Aerial Imagery during a Biosecurity Response,Remote Sensing,"Pearse, Watt, Soewarto & Tan 2021 combines deep learning with phenological timing to classify tree species in aerial imagery during a biosecurity response — evidence that species-level phenology, not only sensor and season, drives per-epoch label disagreement (framework §1); read directly from a local PDF.",Phase 7: STC local library,https://doi.org/10.3390/rs13091789,Read,PRIMARY,framework §1,,292,,
450,Boykov & Kolmogorov,2003,Computing Geodesics and Minimal Surfaces via Graph Cuts,IEEE International Conference on Computer Vision 2003,"Boykov & Kolmogorov 2003 formulates geodesics and minimal surfaces as graph cuts — filed unread among the round-9 graph-cut/max-flow search for a closed-form flip-threshold precedent behind the framework's [D] shrinking-bias claim (none found; Kolmogorov & Boykov 2005 [ID 308, Kolmogorov & Boykov 2005] states the verdict).",Phase 7: STC round 9,https://doi.org/10.1109/iccv.2003.1238310,To Read,,,,226,,bib grade not yet resolved (filed-unread); bib read_status: obtained-unread
451,"Vicente, Kolmogorov & Rother",2008,Graph cut based image segmentation with connectivity priors,IEEE/CVF Conference on Computer Vision and Pattern Recognition 2008,"Vicente, Kolmogorov & Rother 2008 adds connectivity priors to graph-cut segmentation and names the 'shrinking bias' explicitly in its abstract — filed unread among the same round-9 search for a closed-form flip threshold (none found beyond Kolmogorov & Boykov 2005's [ID 308, Kolmogorov & Boykov 2005] verdict).",Phase 7: STC round 9,https://doi.org/10.1109/cvpr.2008.4587440,To Read,,,,226,,bib grade not yet resolved (filed-unread); bib read_status: obtained-unread
452,Boykov & Jolly,2001,Interactive Graph Cuts for Optimal Boundary & Region Segmentation of Objects in N-D Images,IEEE International Conference on Computer Vision 2001,"Boykov & Jolly 2001 is the interactive graph-cut segmentation paper the later shrinking-bias literature builds on — filed unread among the round-9 search for a closed-form flip threshold (none found beyond Kolmogorov & Boykov 2005's [ID 308, Kolmogorov & Boykov 2005] verdict).",Phase 7: STC round 9,https://doi.org/10.1109/iccv.2001.937505,To Read,,,,226,,bib grade not yet resolved (filed-unread); bib read_status: obtained-unread
453,Kolmogorov & Zabih,2004,What Energy Functions Can Be Minimized via Graph Cuts?,IEEE Transactions on Pattern Analysis and Machine Intelligence,"Kolmogorov & Zabih 2004 characterises which energy functions graph cuts can minimise exactly — filed unread among the round-9 search for a closed-form flip threshold behind the framework's [D] shrinking-bias claim (none found beyond Kolmogorov & Boykov 2005's [ID 308, Kolmogorov & Boykov 2005] verdict).",Phase 7: STC round 9,https://doi.org/10.1109/tpami.2004.1262177,To Read,,,,226,,bib grade not yet resolved (filed-unread); bib read_status: obtained-unread
454,Sinop & Grady,2007,A Seeded Image Segmentation Framework Unifying Graph Cuts And Random Walker Which Yields A New Algorithm,IEEE International Conference on Computer Vision 2007,"Sinop & Grady 2007 unifies graph cuts and the random-walker algorithm under one seeded-segmentation framework — filed unread among the round-9 search for a closed-form flip threshold (none found beyond Kolmogorov & Boykov 2005's [ID 308, Kolmogorov & Boykov 2005] verdict).",Phase 7: STC round 9,https://doi.org/10.1109/iccv.2007.4408927,To Read,,,,226,,bib grade not yet resolved (filed-unread); bib read_status: obtained-unread
455,"Couprie, Grady, Najman & Talbot",2011,Power Watershed: A Unifying Graph-Based Optimization Framework,IEEE Transactions on Pattern Analysis and Machine Intelligence,"Unifies several graph-based segmentation optimisation frameworks including graph cuts — filed unread among the round-9 search for a closed-form flip threshold (none found beyond Kolmogorov & Boykov 2005's [ID 308, Kolmogorov & Boykov 2005] verdict).",Phase 7: STC round 9,https://doi.org/10.1109/tpami.2010.200,To Read,,,,226,,"bib grade not yet resolved (filed-unread); bib read_status: obtained-unread; lead restatement moved from Relevance: ""Couprie, Grady, Najman & Talbot 2011 (Power Watershed)"""
456,Blakemore,1984,Generalisation and Error in Spatial Databases,Cartographica,"Blakemore 1984 addresses generalisation and error in spatial databases — sought in round 9 for the geometric-covariogram/erasure-radius literature behind framework §4.18; obtained in the acquisition pass, header-verified, unread.",Phase 7: STC round 9,https://doi.org/10.3138/1005-13mg-2627-2552,To Read,METADATA,framework §4.18,Blakemore_1984_generalisation-error-spatial,246,,bib read_status: obtained-unread
457,Hall,1985,Resampling a Coverage Pattern,Stochastic Processes and their Applications,"Hall 1985 treats resampling of a coverage pattern in stochastic-process terms — sought in round 9 alongside Blakemore 1984 [ID 456, Blakemore 1984] for the same covariogram/erasure-radius literature (framework §4.18); obtained in the acquisition pass, header-verified, unread.",Phase 7: STC round 9,https://doi.org/10.1016/0304-4149(85)90212-1,To Read,METADATA,framework §4.18,Blakemore_1984_generalisation-error-spatial,246,,bib read_status: obtained-unread
458,"Page, E.S.",1954,Continuous Inspection Schemes,Biometrika,Page 1954 is named in framework §4.18.6 as the origin of the CUSUM run-length problem that Reynolds & Stoumbos 1999 (Reynolds & Stoumbos 1999) [ID 397] and Lucas & Crosier 1982 (Lucas & Crosier 1982) [ID 388] build on. Still not obtained; not on the first Sci-Hub index checked.,Phase 7: STC round 9,https://doi.org/10.1093/biomet/41.1-2.100,Not Obtained,METADATA,framework §4.18.6,Blakemore_1984_generalisation-error-spatial,246,,bib read_status: obtained-unread
459,"Lahiri, S.N.",2003,Resampling Methods for Spatial Data,Resampling Methods for Dependent Data (ch. 12),"Lahiri 2003 is named in framework §4.18.8 (resampling for dependent data) as an unobtained companion to the block-size rule in Nordman & Lahiri 2004 (Nordman & Lahiri 2004) [ID 390]; the chapter's landing page carried no file. Still not obtained, alongside Hall 1985 (Hall 1985) [ID 457].",Phase 7: STC round 9,https://doi.org/10.1007/978-1-4757-3803-2_12,Not Obtained,METADATA,framework §4.18.8,Blakemore_1984_generalisation-error-spatial,246,,bib read_status: obtained-unread
460,"Locke, D.H., Ossola, A., Schmit, J.P. & Grove, J.M.",2025,"Sub-parcel scale analysis is needed to capture socially-driven canopy cover change in Baltimore, MD",Landscape and Urban Planning,"Locke, Ossola, Schmit & Grove 2025 is cited alongside Ock et al. 2024 [ID 326, Ock et al. 2018] in framework §4.2 development-as-prior cluster: a sub-parcel-scale analysis is needed to capture socially-driven canopy cover change in Baltimore, arguing for finer spatial resolution than parcel-level redevelopment records provide.",Phase 7: STC acquisition,https://doi.org/10.1016/j.landurbplan.2024.105187,To Read,PRIMARY,framework §4.2,Locke_2025_sub-parcel-scale-analysis-needed,157,,bib read_status: obtained-unread
