ref_id,resolver_state,resolver_doi,resolver_reason,splink_top_candidate,splink_top_doi,splink_match_weight,splink_match_probability,agrees_with_resolver
Benedek_2015_multilayer-markov-random-field-models::b0,resolved,10.3390/rs1030122,via=crossref; ratio=1.00; year=2009,cr::10.3390/rs1030122,10.3390/rs1030122,26.45099277950844,0.9999999890992155,True
Benedek_2015_multilayer-markov-random-field-models::b1,resolved,10.1109/lgrs.2013.2284297,via=crossref; ratio=1.00; year=2014,cr::10.1109/lgrs.2013.2284297,10.1109/lgrs.2013.2284297,24.35441251663491,0.9999999533779587,True
Benedek_2015_multilayer-markov-random-field-models::b2,resolved,10.1109/tgrs.2004.842441,via=crossref; ratio=1.00; year=2005,cr::10.1109/tgrs.2004.842441,10.1109/tgrs.2004.842441,24.161767438692515,0.9999999467176673,True
Benedek_2015_multilayer-markov-random-field-models::b3,resolved,10.1109/tgrs.2004.842441,via=crossref; ratio=1.00; year=2005,cr::10.1109/tgrs.2004.842441,10.1109/tgrs.2004.842441,24.161767438692515,0.9999999467176673,True
Benedek_2015_multilayer-markov-random-field-models::b4,unresolved,,best=crossref:0.50:10.5194/egusphere-egu23-13357,cr::10.1109/icip.2007.4379541,10.1109/icip.2007.4379541,-1.9881664842572337,0.20131560884807226,False
Benedek_2015_multilayer-markov-random-field-models::b5,resolved,10.1109/tgrs.2009.2022633,via=crossref; ratio=1.00; year=2009,cr::10.1109/tgrs.2009.2022633,10.1109/tgrs.2009.2022633,23.46132772055142,0.9999999134162123,True
Benedek_2015_multilayer-markov-random-field-models::b6,resolved,10.1109/tip.2009.2025808,via=crossref; ratio=0.99; year=2009,cr::10.1109/tip.2009.2025808,10.1109/tip.2009.2025808,22.705688137984747,0.9999998538136796,True
Benedek_2015_multilayer-markov-random-field-models::b7,resolved,10.1109/tpami.2011.94,via=crossref; ratio=1.00; year=2012,cr::10.1109/tpami.2011.94,10.1109/tpami.2011.94,22.46132772055142,0.9999998268324397,True
Benedek_2015_multilayer-markov-random-field-models::b8,resolved,10.1111/j.2517-6161.1986.tb01412.x,via=crossref; ratio=0.91; year=1986,cr::10.1111/j.2517-6161.1986.tb01412.x,10.1111/j.2517-6161.1986.tb01412.x,18.249087488538414,0.9999967902154783,True
Benedek_2015_multilayer-markov-random-field-models::b9,resolved,10.1109/tgrs.2008.916643,via=crossref; ratio=1.00; year=2008,cr::10.1109/tgrs.2008.916643,10.1109/tgrs.2008.916643,24.313770532137564,0.9999999520459003,True
Benedek_2015_multilayer-markov-random-field-models::b10,unresolved,,best=crossref:0.38:10.1109/robio.2018.8665321,cr::10.32614/r.manuals,10.32614/r.manuals,-9.052264642117017,0.0018800938600636121,False
Benedek_2015_multilayer-markov-random-field-models::b11,resolved,10.1109/36.843009,via=crossref; ratio=1.00; year=2000,cr::10.1109/36.843009,10.1109/36.843009,23.854338913500264,0.9999999340631142,True
Benedek_2015_multilayer-markov-random-field-models::b12,resolved,10.1109/tip.2002.999678,via=crossref; ratio=0.99; year=2002,cr::10.1109/tip.2002.999678,10.1109/tip.2002.999678,21.393766250604287,0.9999996370602959,True
Benedek_2015_multilayer-markov-random-field-models::b13,resolved,10.1109/tgrs.2005.861007,via=crossref; ratio=1.00; year=2006,cr::10.1109/tgrs.2005.861007,10.1109/tgrs.2005.861007,25.313770532137564,0.9999999760229497,True
Benedek_2015_multilayer-markov-random-field-models::b14,resolved,10.1016/j.patrec.2006.08.010,via=crossref; ratio=1.00; year=2007,cr::10.1016/j.patrec.2006.08.010,10.1016/j.patrec.2006.08.010,25.313770532137564,0.9999999760229497,True
Benedek_2015_multilayer-markov-random-field-models::b15,resolved,10.1109/tip.2008.916047,via=crossref; ratio=1.00; year=2008,cr::10.1109/tip.2008.916047,10.1109/tip.2008.916047,24.576804937971357,0.99999996003825,True
Benedek_2015_multilayer-markov-random-field-models::b16,resolved,10.1016/j.sigpro.2012.07.013,via=crossref; ratio=1.00; year=2013,cr::10.1016/j.sigpro.2012.07.013,10.1016/j.sigpro.2012.07.013,24.619592383484182,0.9999999612060327,True
Benedek_2015_multilayer-markov-random-field-models::b17,unresolved,,best=crossref:0.70:10.31274/rtd-180813-10987; skipped=semanticscholar (rate-limited),cr::10.5962/bhl.title.122814,10.5962/bhl.title.122814,-9.052264642117017,0.0018800938600636121,False
Benedek_2015_multilayer-markov-random-field-models::b18,resolved,10.1109/tip.2005.849319,via=crossref; ratio=1.00; year=2005,cr::10.1109/tip.2005.849319,10.1109/tip.2005.849319,25.23576802013629,0.9999999746908913,True
Benedek_2015_multilayer-markov-random-field-models::b19,unresolved,,best=crossref:1.00:10.1109/icnc.2013.6818189; skipped=semanticscholar (rate-limited),cr::10.1109/cvpr.2005.177,10.1109/cvpr.2005.177,14.740440724067417,0.999963468346734,False
Benedek_2015_multilayer-markov-random-field-models::b20,resolved,10.1109/tgrs.2011.2154336,via=crossref; ratio=1.00; year=2011,cr::10.1109/tgrs.2011.2154336,10.1109/tgrs.2011.2154336,25.313770532137564,0.9999999760229497,True
Benedek_2015_multilayer-markov-random-field-models::b21,unresolved,,best=crossref:0.48:10.1111/j.1751-5823.2011.00160.x; skipped=semanticscholar (rate-limited),cr::10.1007/b97277,10.1007/b97277,-9.052264642117017,0.0018800938600636121,False
Benedek_2015_multilayer-markov-random-field-models::b22,unresolved,,best=crossref:0.48:10.1021/acs.estlett.4c00777.s001; skipped=semanticscholar (rate-limited),cr::10.2172/108147,10.2172/108147,-9.052264642117017,0.0018800938600636121,False
Benedek_2015_multilayer-markov-random-field-models::b23,resolved,10.1109/tgrs.2006.879498,via=crossref; ratio=1.00; year=2006,cr::10.1109/tgrs.2006.879498,10.1109/tgrs.2006.879498,25.89873303285872,0.9999999840152997,True
Benedek_2015_multilayer-markov-random-field-models::b24,unresolved,,best=crossref:1.00:10.1016/b978-0-08-051581-6.50057-x; skipped=semanticscholar (rate-limited),cr::10.1109/tpami.1984.4767596,10.1109/tpami.1984.4767596,14.673545491606108,0.9999617346186773,False
Benedek_2015_multilayer-markov-random-field-models::b25,resolved,10.1109/tgrs.2006.888861,via=crossref; ratio=1.00; year=2007,cr::10.1109/tgrs.2006.888861,10.1109/tgrs.2006.888861,23.313770532137564,0.9999999040918053,True
Benedek_2015_multilayer-markov-random-field-models::b26,resolved,10.1109/tip.2013.2259833,via=crossref; ratio=1.00; year=2013,cr::10.1109/tip.2013.2259833,10.1109/tip.2013.2259833,22.576804937971357,0.9999998401530191,True
Benedek_2015_multilayer-markov-random-field-models::b27,resolved,10.5194/isprsannals-i-7-129-2012,via=crossref; ratio=1.00; year=2012,work::Hoberg_2012_context-models-crf-based,10.5194/isprsannals-i-7-129-2012,11.460262010284346,0.9996452166183399,True
Benedek_2015_multilayer-markov-random-field-models::b28,resolved,10.1109/tgrs.2014.2326886,via=crossref; ratio=1.00; year=2015,cr::10.1109/tgrs.2014.2326886,10.1109/tgrs.2014.2326886,24.50641561007996,0.9999999580401626,True
Benedek_2015_multilayer-markov-random-field-models::b29,resolved,10.1023/b:aire.0000045502.10941.a9,via=crossref; ratio=1.00; year=2004,cr::10.1023/b:aire.0000045502.10941.a9,10.1023/b:aire.0000045502.10941.a9,24.576804937971357,0.99999996003825,True
Benedek_2015_multilayer-markov-random-field-models::b30,resolved,10.1109/tgrs.2004.835294,via=crossref; ratio=1.00; year=2004,cr::10.1109/tgrs.2004.835294,10.1109/tgrs.2004.835294,24.483695533579876,0.9999999573741334,True
Benedek_2015_multilayer-markov-random-field-models::b31,resolved,10.1109/tip.2007.903841,via=crossref; ratio=1.00; year=2007,cr::10.1109/tip.2007.903841,10.1109/tip.2007.903841,25.23576802013629,0.9999999746908913,True
Benedek_2015_multilayer-markov-random-field-models::b32,resolved,10.1109/tgrs.1986.289628,via=crossref; ratio=1.00; year=1986,cr::10.1109/tgrs.1986.289628,10.1109/tgrs.1986.289628,15.673545491606108,0.9999808669432718,True
Benedek_2015_multilayer-markov-random-field-models::b33,resolved,10.1016/j.imavis.2006.03.005,via=crossref; ratio=1.00; year=2006,cr::10.1016/j.imavis.2006.03.005,10.1016/j.imavis.2006.03.005,23.89873303285872,0.9999999360612015,True
Benedek_2015_multilayer-markov-random-field-models::b34,resolved,10.1561/9781601985897,via=crossref; ratio=1.00; year=2011,cr::10.1561/9781601985897,10.1561/9781601985897,7.233815706472672,0.9934002308350699,True
Benedek_2015_multilayer-markov-random-field-models::b35,unresolved,,best=crossref:0.93:10.1109/icpr.2002.1044836; skipped=semanticscholar (rate-limited),cr::10.1109/icpr.2002.1044836,10.1109/icpr.2002.1044836,6.7757975879442585,0.9909565055870254,False
Benedek_2015_multilayer-markov-random-field-models::b36,unresolved,,"best=crossref:0.80:10.1007/978-1-4613-8190-7_2; skipped=semanticscholar,arxiv (rate-limited)",cr::10.1007/3-540-47977-5_21,10.1007/3-540-47977-5_21,12.682654431620794,0.9998479191474262,False
Benedek_2015_multilayer-markov-random-field-models::b37,resolved,10.1109/tpami.2004.1262177,via=crossref; ratio=1.00; year=2004,cr::10.1109/tpami.2004.1262177,10.1109/tpami.2004.1262177,24.46132772055142,0.9999999567081043,True
Benedek_2015_multilayer-markov-random-field-models::b38,resolved,10.1109/lgrs.2004.828917,via=crossref; ratio=1.00; year=2004,cr::10.1109/lgrs.2004.828917,10.1109/lgrs.2004.828917,25.396232692329537,0.9999999773550079,True
Benedek_2015_multilayer-markov-random-field-models::b39,resolved,10.1109/icrcc.2012.6450547,via=crossref; ratio=1.00; year=2012,cr::10.1109/icrcc.2012.6450547,10.1109/icrcc.2012.6450547,12.26761693234195,0.9997972358087519,True
Benedek_2015_multilayer-markov-random-field-models::b40,resolved,10.1007/11612032_84,via=crossref; ratio=1.00; year=2006,cr::10.1007/11612032_84,10.1007/11612032_84,9.744054976284936,0.9988352277273359,True
Benedek_2015_multilayer-markov-random-field-models::b41,resolved,10.1016/j.rse.2007.10.002,via=crossref; ratio=1.00; year=2008,cr::10.1016/j.rse.2007.10.002,10.1016/j.rse.2007.10.002,23.15277865546526,0.9999998927693113,True
Benedek_2015_multilayer-markov-random-field-models::b42,resolved,10.1023/a:1008129103384,via=crossref; ratio=1.00; year=2000,cr::10.1023/a:1008129103384,10.1023/a:1008129103384,20.487267730097944,0.9999993196731856,True
Benedek_2015_multilayer-markov-random-field-models::b43,resolved,10.1109/tgrs.2010.2052816,via=crossref; ratio=1.00; year=2011,cr::10.1109/tgrs.2010.2052816,10.1109/tgrs.2010.2052816,24.89873303285872,0.9999999680305998,True
Benedek_2015_multilayer-markov-random-field-models::b44,resolved,10.1109/lgrs.2006.875773,via=crossref; ratio=1.00; year=2006,cr::10.1109/lgrs.2006.875773,10.1109/lgrs.2006.875773,23.50641561007996,0.9999999160803287,True
Benedek_2015_multilayer-markov-random-field-models::b45,resolved,10.1109/tgrs.2003.817269,via=crossref; ratio=1.00; year=2003,cr::10.1109/tgrs.2003.817269,10.1109/tgrs.2003.817269,23.576804937971357,0.9999999200765032,True
Benedek_2015_multilayer-markov-random-field-models::b46,resolved,10.1109/lgrs.2010.2102333,via=crossref; ratio=1.00; year=2011,cr::10.1109/lgrs.2010.2102333,10.1109/lgrs.2010.2102333,24.02426391494258,0.9999999413894344,True
Benedek_2015_multilayer-markov-random-field-models::b47,ambiguous,,2 distinct works accepted at crossref,cr::10.1109/iccta.2007.128,10.1109/iccta.2007.128,12.18143978422747,0.9997847576396186,False
Benedek_2015_multilayer-markov-random-field-models::b48,unresolved,,"best=crossref:0.58:10.58837/chula.the.2010.1140; skipped=semanticscholar,arxiv (rate-limited)",cr::10.1017/s0305004100027419,10.1017/s0305004100027419,26.949703995603254,0.9999999922850925,False
Benedek_2015_multilayer-markov-random-field-models::b49,resolved,10.1109/icemi.2007.4350825,via=crossref; ratio=1.00; year=2007,cr::10.1109/icemi.2007.4350825,10.1109/icemi.2007.4350825,13.26761693234195,0.9998986076250045,True
Benedek_2015_multilayer-markov-random-field-models::b50,resolved,10.1109/tip.2006.873448,via=crossref; ratio=1.00; year=2006,cr::10.1109/tip.2006.873448,10.1109/tip.2006.873448,24.040752037731146,0.9999999420554635,True
Benedek_2015_multilayer-markov-random-field-models::b51,resolved,10.1109/tgrs.2006.881118,via=crossref; ratio=0.99; year=2006,cr::10.1109/tgrs.2006.881118,10.1109/tgrs.2006.881118,25.89873303285872,0.9999999840152997,True
Benedek_2015_multilayer-markov-random-field-models::b52,resolved,10.1109/icares.2014.7024381,via=crossref; ratio=1.00; year=2014,cr::10.1109/icares.2014.7024381,10.1109/icares.2014.7024381,13.26761693234195,0.9998986076250045,True
Benedek_2015_multilayer-markov-random-field-models::b53,unresolved,,"best=crossref:1.00:10.1109/joe.2012.2206677; skipped=semanticscholar,arxiv (rate-limited)",cr::10.1109/joe.2012.2206677,10.1109/joe.2012.2206677,15.858722321468527,0.9999831716483023,False
Benedek_2015_multilayer-markov-random-field-models::b54,resolved,10.1109/icpr.2014.169,via=crossref; ratio=1.00; year=2014,cr::10.1109/icpr.2014.169,10.1109/icpr.2014.169,11.945688837454586,0.9997465576082003,True
Benedek_2015_multilayer-markov-random-field-models::b55,resolved,10.1109/36.481897,via=crossref; ratio=1.00; year=1996,cr::10.1109/36.481897,10.1109/36.481897,24.161767438692515,0.9999999467176673,True
Benedek_2015_multilayer-markov-random-field-models::b56,resolved,10.1016/j.optlastec.2013.10.003,via=crossref; ratio=1.00; year=2014,cr::10.1016/j.optlastec.2013.10.003,10.1016/j.optlastec.2013.10.003,19.371790512678007,0.9999985259597388,True
Benedek_2015_multilayer-markov-random-field-models::b57,unresolved,,"best=crossref:0.88:10.7551/mitpress/8579.003.0013; skipped=semanticscholar,arxiv (rate-limited)",cr::10.1007/11744047_2,10.1007/11744047_2,12.26761693234195,0.9997972358087519,False
Benedek_2015_multilayer-markov-random-field-models::b58,resolved,10.1109/lgrs.2014.2300873,via=crossref; ratio=1.00; year=2014,cr::10.1109/lgrs.2014.2300873,10.1109/lgrs.2014.2300873,19.72586710800549,0.9999988467543924,True
Benedek_2015_multilayer-markov-random-field-models::b59,resolved,10.1109/lgrs.2012.2219494,via=crossref; ratio=1.00; year=2013,cr::10.1109/lgrs.2012.2219494,10.1109/lgrs.2012.2219494,21.216908992884974,0.9999995897261851,True
Benedek_2015_multilayer-markov-random-field-models::b60,resolved,10.1007/3-540-63460-6_126,via=crossref; ratio=1.00; year=1997,cr::10.1007/3-540-63460-6_126,10.1007/3-540-63460-6_126,13.26761693234195,0.9998986076250045,True
Benedek_2015_multilayer-markov-random-field-models::b61,unresolved,,"best=crossref:0.87:10.1201/9781315373515-10; skipped=semanticscholar,arxiv (rate-limited)",cr::10.1109/tnn.2005.845141,10.1109/tnn.2005.845141,23.650805519415133,0.9999999240726777,False
Benedek_2015_multilayer-markov-random-field-models::b62,resolved,10.1109/agro-geoinformatics.2012.6311725,via=crossref; ratio=1.00; year=2012,cr::10.1109/agro-geoinformatics.2012.6311725,10.1109/agro-geoinformatics.2012.6311725,11.682654431620794,0.99969588454499,True
Benedek_2015_multilayer-markov-random-field-models::b63,resolved,10.1109/tgrs.2007.907109,via=crossref; ratio=1.00; year=2007,cr::10.1109/tgrs.2007.907109,10.1109/tgrs.2007.907109,25.313770532137564,0.9999999760229497,True
Alwan_1988_time-series-modeling-statistical-process::b0,unresolved,,"best=crossref:0.42:10.1111/j.1467-9892.1990.tb00038.x; skipped=semanticscholar,arxiv (rate-limited)",cr::10.5962/bhl.title.134785,10.5962/bhl.title.134785,-9.052264642117017,0.0018800938600636121,False
Alwan_1988_time-series-modeling-statistical-process::b1,resolved,10.1080/00224065.1978.11980842,via=crossref; ratio=1.00; year=1978,cr::10.1080/00224065.1978.11980842,10.1080/00224065.1978.11980842,24.02426391494258,0.9999999413894344,True
Alwan_1988_time-series-modeling-statistical-process::b2,unresolved,,"best=crossref:1.00:10.1111/j.1467-9892.2009.00643.x; skipped=semanticscholar,arxiv (rate-limited)",cr::10.1111/j.1467-9892.2009.00643.x,10.1111/j.1467-9892.2009.00643.x,-4.642019505313508,0.038508647964824665,False
Alwan_1988_time-series-modeling-statistical-process::b3,unresolved,,"best=crossref:0.92:10.5040/9781666990355.ch-7; skipped=semanticscholar,arxiv (rate-limited)",cr::10.2307/2346997,10.2307/2346997,21.939854671633643,0.9999997514318183,False
Alwan_1988_time-series-modeling-statistical-process::b4,unresolved,,"best=crossref:0.55:10.14706/icesos177; skipped=semanticscholar,arxiv (rate-limited)",cr::10.1137/1.9781611970319.ch10,10.1137/1.9781611970319.ch10,-7.633160391912068,0.005011960281328341,False
Alwan_1988_time-series-modeling-statistical-process::b5,resolved,10.6028/jres.067c.015,via=crossref; ratio=1.00; year=1963,cr::10.6028/jres.067c.015,10.6028/jres.067c.015,15.673545491606108,0.9999808669432718,True
Alwan_1988_time-series-modeling-statistical-process::b6,unresolved,,"best=crossref:0.28:10.3403/30136801; skipped=semanticscholar,arxiv (rate-limited)",cr::10.1002/j.1538-7305.1981.tb00239.x,10.1002/j.1538-7305.1981.tb00239.x,29.3541063385773,0.9999999985427519,False
Alwan_1988_time-series-modeling-statistical-process::b7,unresolved,,"best=crossref:0.21:10.7717/peerj.10467/supp-2; skipped=semanticscholar,arxiv (rate-limited)",cr::10.1080/00224065.1986.11979014,10.1080/00224065.1986.11979014,15.683685239630847,0.9999810009428531,False
Alwan_1988_time-series-modeling-statistical-process::b8,unresolved,,"best=crossref:0.77:10.1007/978-981-13-1736-1_10; skipped=semanticscholar,arxiv (rate-limited)",cr::10.2307/1940529,10.2307/1940529,-10.981176683640463,0.0004944491571191531,False
Alwan_1988_time-series-modeling-statistical-process::b9,ambiguous,,2 distinct works accepted at crossref,cr::10.1093/biomet/41.1-2.100,10.1093/biomet/41.1-2.100,18.094119734381568,0.9999964262377029,False
Alwan_1988_time-series-modeling-statistical-process::b10,unresolved,,"best=crossref:0.43:10.1111/j.1467-9892.1987.tb00427.x; skipped=semanticscholar,arxiv (rate-limited)",cr::10.1016/s0079-8169(08)61525-1,10.1016/s0079-8169(08)61525-1,-9.052264642117017,0.0018800938600636121,False
Alwan_1988_time-series-modeling-statistical-process::b11,unresolved,,"best=crossref:1.00:10.1002/j.1538-7305.1930.tb00373.x; skipped=semanticscholar,arxiv (rate-limited)",cr::10.1002/j.1538-7305.1930.tb00373.x,10.1002/j.1538-7305.1930.tb00373.x,4.434672783169484,0.9558024096401309,False
Alwan_1988_time-series-modeling-statistical-process::b12,resolved,10.2307/2684609,via=crossref; ratio=1.00; year=1986,cr::10.2307/2684609,10.2307/2684609,27.63156502515026,0.9999999951908304,True
Alwan_1988_time-series-modeling-statistical-process::b13,unresolved,,"best=crossref:1.00:10.1080/00401706.1987.10488248; skipped=semanticscholar,arxiv (rate-limited)",cr::10.1002/qre.4680020420,10.1002/qre.4680020420,-2.2249759084855603,0.17621049350089055,False
Bellettini_2002_total-variation-flow::b0,resolved,10.1007/pl00011302,via=crossref; ratio=1.00; year=2001,cr::10.1007/pl00011302,10.1007/pl00011302,17.67991280804034,0.9999952377317386,True
Bellettini_2002_total-variation-flow::b1,unresolved,,"best=crossref:0.66:10.1093/oso/9780198502456.003.0003; skipped=semanticscholar,arxiv (rate-limited)",cr::10.1093/oso/9780198502456.003.0003,10.1093/oso/9780198502456.003.0003,7.883511508317604,0.9957831192027754,False
Bellettini_2002_total-variation-flow::b2,unresolved,,"best=crossref:0.45:10.17559/tv-20130704132725; skipped=semanticscholar,arxiv (rate-limited)",cr::10.1006/jfan.2000.3698,10.1006/jfan.2000.3698,-4.5156559309492055,0.041886038111795414,False
Bellettini_2002_total-variation-flow::b3,unresolved,,"best=crossref:0.98:10.1007/978-3-0348-7928-6_5; skipped=semanticscholar,arxiv (rate-limited)",cr::10.1006/jfan.2000.3698,10.1006/jfan.2000.3698,20.77227013202862,0.9999994416283373,False
Bellettini_2002_total-variation-flow::b4,unresolved,,"best=crossref:0.92:10.1080/00036811.2022.2153677; skipped=semanticscholar,arxiv (rate-limited)",cr::10.1006/jfan.2001.3829,10.1006/jfan.2001.3829,-4.082613598250623,0.055732180558028276,False
Bellettini_2002_total-variation-flow::b5,resolved,10.1007/s002080100270,via=crossref; ratio=0.99; year=2002,cr::10.1007/s002080100270,10.1007/s002080100270,26.98248088618655,0.9999999924583931,True
Bellettini_2002_total-variation-flow::b6,resolved,10.1090/s0002-9947-99-01981-9,via=crossref; ratio=0.99; year=1999,cr::10.1090/s0002-9947-99-01981-9,10.1090/s0002-9947-99-01981-9,7.962120090054851,0.9960058450322746,True
Bellettini_2002_total-variation-flow::b7,resolved,10.1007/bf01781073,via=crossref; ratio=1.00; year=1983,cr::10.1007/bf01781073,10.1007/bf01781073,13.26761693234195,0.9998986076250045,True
Bellettini_2002_total-variation-flow::b8,resolved,10.1007/s002050010127,via=crossref; ratio=0.98; year=2001,cr::10.1007/s002050010127,10.1007/s002050010127,18.87918533594513,0.9999979260512535,True
Bellettini_2002_total-variation-flow::b9,resolved,10.1007/s002050100126,via=crossref; ratio=0.99; year=2001,cr::10.1007/s002050100126,10.1007/s002050100126,18.45553836600584,0.9999972181855573,True
Bellettini_2002_total-variation-flow::b10,resolved,10.4171/ifb/47,via=crossref; ratio=1.00; year=2001,cr::10.4171/ifb/47,10.4171/ifb/47,16.564435590620405,0.9999896818094279,True
Bellettini_2002_total-variation-flow::b11,resolved,10.14492/hokmj/1351516749,via=crossref; ratio=1.00; year=1996,cr::10.14492/hokmj/1351516749,10.14492/hokmj/1351516749,22.13939962566406,0.999999783540559,True
Bellettini_2002_total-variation-flow::b12,unresolved,,"best=crossref:0.79:10.22541/au.170670957.79092658/v1; skipped=semanticscholar,arxiv (rate-limited)",cr::10.2172/251320,10.2172/251320,-9.052264642117017,0.0018800938600636121,False
Bellettini_2002_total-variation-flow::b13,unresolved,,"best=crossref:0.65:10.21236/ada086561; skipped=semanticscholar,arxiv (rate-limited)",cr::10.5962/bhl.title.134807,10.5962/bhl.title.134807,-9.052264642117017,0.0018800938600636121,False
Bellettini_2002_total-variation-flow::b14,unresolved,,"best=crossref:0.57:10.1201/9781003419914-4; skipped=semanticscholar,arxiv (rate-limited)",cr::10.21236/ada240453,10.21236/ada240453,-10.981176683640463,0.0004944491571191531,False
Bellettini_2002_total-variation-flow::b15,unresolved,,no_title_or_author (nothing to search on),cr::10.7287/peerj.preprints.2269v2/supp-7,10.7287/peerj.preprints.2269v2/supp-7,-1.3262101098814258,0.28510894328342257,False
Bellettini_2002_total-variation-flow::b16,resolved,10.1016/0362-546x(94)90084-1,via=crossref; ratio=0.86; year=1994,cr::10.1016/0362-546x(94)90084-1,10.1016/0362-546x(94)90084-1,16.370263462833496,0.9999881953114309,True
Bellettini_2002_total-variation-flow::b17,resolved,10.1007/s002110050258,via=crossref; ratio=1.00; year=1997,cr::10.1007/s002110050258,10.1007/s002110050258,28.483695533579876,0.9999999973358832,True
Bellettini_2002_total-variation-flow::b18,unresolved,,no_title_or_author (nothing to search on),cr::10.55776/j2178,10.55776/j2178,-0.9035571039407503,0.3483504148306963,False
Bellettini_2002_total-variation-flow::b19,unresolved,,"best=crossref:0.54:10.1353/ajm.1999.0016; skipped=semanticscholar,arxiv (rate-limited)",cr::10.1353/ajm.1999.0016,10.1353/ajm.1999.0016,18.69219155772086,0.9999976390399898,False
Bellettini_2002_total-variation-flow::b20,unresolved,,"best=crossref:0.82:10.1016/b978-0-12-775850-3.50010-8; skipped=semanticscholar,arxiv (rate-limited)",cr::10.1016/b978-0-12-775850-3.50010-8,10.1016/b978-0-12-775850-3.50010-8,-0.6096548610035041,0.39589941285771535,False
Bellettini_2002_total-variation-flow::b21,unresolved,,"best=crossref:0.60:10.3390/app10062191; skipped=semanticscholar,arxiv (rate-limited)",cr::10.1006/acha.1995.1008,10.1006/acha.1995.1008,-4.030229103778964,0.05767415658814685,False
Bellettini_2002_total-variation-flow::b22,resolved,10.1006/acha.1995.1008,via=crossref; ratio=0.99; year=1995,cr::10.1006/acha.1995.1008,10.1006/acha.1995.1008,17.69140844687817,0.9999952755273399,True
Bellettini_2002_total-variation-flow::b23,resolved,10.1111/j.2517-6161.1995.tb02032.x,via=crossref; ratio=1.00; year=1995,cr::10.1111/j.2517-6161.1995.tb02032.x,10.1111/j.2517-6161.1995.tb02032.x,18.634824918511804,0.9999975432686455,True
Bellettini_2002_total-variation-flow::b24,resolved,10.1051/cocv:2000117,via=crossref; ratio=0.99; year=2000,cr::10.1051/cocv:2000117,10.1051/cocv:2000117,18.45553836600584,0.9999972181855573,True
Bellettini_2002_total-variation-flow::b25,unresolved,,"best=crossref:1.00:10.1201/b18333-4; skipped=semanticscholar,arxiv (rate-limited)",cr::10.1201/9781003583004,10.1201/9781003583004,6.051430412210813,0.985146164833457,False
Bellettini_2002_total-variation-flow::b26,resolved,10.1007/bf01393250,via=crossref; ratio=1.00; year=1978,cr::10.1007/bf01393250,10.1007/bf01393250,25.89873303285872,0.9999999840152997,True
Bellettini_2002_total-variation-flow::b27,unresolved,,"best=crossref:0.40:10.1007/978-0-8176-4585-4_7; skipped=semanticscholar,arxiv (rate-limited)",cr::10.1515/9780691218632-054,10.1515/9780691218632-054,-9.052264642117017,0.0018800938600636121,False
Bellettini_2002_total-variation-flow::b28,unresolved,,"best=crossref:1.00:10.1070/sm1970v010n02abeh002156; skipped=semanticscholar,arxiv (rate-limited)",cr::10.1070/sm1970v010n02abeh002156,10.1070/sm1970v010n02abeh002156,13.569215704273542,0.9999177334421858,False
Bellettini_2002_total-variation-flow::b29,resolved,10.1090/ulect/022,via=crossref; ratio=0.95; year=2001,cr::10.1090/ulect/022,10.1090/ulect/022,12.863578440266211,0.9998658413221417,True
Bellettini_2002_total-variation-flow::b30,resolved,10.1137/s0036139997327794,via=crossref; ratio=1.00; year=2000,cr::10.1137/s0036139997327794,10.1137/s0036139997327794,20.84983780948265,0.9999994708568422,True
Bellettini_2002_total-variation-flow::b31,unresolved,,"best=crossref:0.33:10.3726/978-3-0352-0326-4/16; skipped=semanticscholar,arxiv (rate-limited)",cr::10.1080/00401706.1998.10485510,10.1080/00401706.1998.10485510,-7.633160391912068,0.005011960281328341,False
Bellettini_2002_total-variation-flow::b32,resolved,10.1016/0167-2789(92)90242-f,via=crossref; ratio=1.00; year=1992,cr::10.1016/0167-2789(92)90242-f,10.1016/0167-2789(92)90242-f,26.67634061152227,0.9999999906755914,True
Bellettini_2002_total-variation-flow::b33,unresolved,,"best=crossref:0.69:10.1088/1361-6420/ad75b1; skipped=semanticscholar,arxiv (rate-limited)",cr::10.1007/b102248,10.1007/b102248,-9.052264642117017,0.0018800938600636121,False
Bellettini_2002_total-variation-flow::b34,unresolved,,"best=crossref:1.00:10.1137/s1064827596299767; skipped=semanticscholar,arxiv (rate-limited)",cr::10.1137/s1064827596299767,10.1137/s1064827596299767,7.793817812573623,0.9955138441024713,False
Bellettini_2002_total-variation-flow::b35,unresolved,,"best=crossref:0.81:10.1109/83.679423; skipped=semanticscholar,arxiv (rate-limited)",cr::10.1115/detc1995-0672,10.1115/detc1995-0672,12.18143978422747,0.9997847576396186,False
Bellettini_2002_total-variation-flow::b36,unresolved,,"best=crossref:1.00:10.1109/milcom.1992.244110; skipped=semanticscholar,arxiv (rate-limited)",cr::10.1109/milcom.1992.244110,10.1109/milcom.1992.244110,8.438327766119448,0.9971255149219789,False
Bellettini_2002_total-variation-flow::b37,unresolved,,"best=crossref:0.70:10.1016/s0304-0208(08)71448-8; skipped=semanticscholar,arxiv (rate-limited)",cr::10.1201/b12612-12,10.1201/b12612-12,-9.052264642117017,0.0018800938600636121,False
Abercrombie_2016_improving-consistency::b0,resolved,10.1126/science.1155121,via=crossref; ratio=1.00; year=2008,cr::10.1126/science.1155121,10.1126/science.1155121,26.566603596117442,0.9999999899386691,True
Abercrombie_2016_improving-consistency::b1,unresolved,,"best=crossref:0.64:10.1016/0264-8377(88)90030-0; skipped=semanticscholar,arxiv (rate-limited)",cr::10.1126/science.1111772,10.1126/science.1111772,31.23902893808894,0.999999999605438,False
Abercrombie_2016_improving-consistency::b2,resolved,10.1175/1520-0442(2002)015<3123:tlscot>2.0.co;2,via=crossref; ratio=1.00; year=2002,cr::10.1175/1520-0442(2002)015<3123:tlscot>2.0.co;2,10.1175/1520-0442(2002)015<3123:tlscot>2.0.co;2,15.711748895162344,0.9999813669389929,True
Abercrombie_2016_improving-consistency::b3,resolved,10.1029/2002jd003296,via=crossref; ratio=1.00; year=2003,cr::10.1029/2002jd003296,10.1029/2002jd003296,18.750302135931737,0.999997732247552,True
Abercrombie_2016_improving-consistency::b4,resolved,10.1029/2007gb002959,via=crossref; ratio=1.00; year=2008,cr::10.1029/2007gb002959,10.1029/2007gb002959,25.0466025244291,0.9999999711449827,True
Abercrombie_2016_improving-consistency::b5,resolved,10.1016/j.rse.2009.08.016,via=crossref; ratio=1.00; year=2010,cr::10.1016/j.rse.2009.08.016,10.1016/j.rse.2009.08.016,24.024263914942576,0.9999999413894344,True
Abercrombie_2016_improving-consistency::b6,resolved,10.1080/014311600210209,via=crossref; ratio=1.00; year=2000,cr::10.1080/014311600210209,10.1080/014311600210209,15.243564802516083,0.999974223819813,True
Abercrombie_2016_improving-consistency::b7,unresolved,,"best=crossref:0.58:10.2307/jj.30297358.32; skipped=semanticscholar,arxiv (rate-limited)",cr::10.1007/978-0-387-75959-3_14,10.1007/978-0-387-75959-3_14,-9.052264642117017,0.0018800938600636121,False
Abercrombie_2016_improving-consistency::b8,resolved,10.3390/rs6053965,via=crossref; ratio=1.00; year=2014,cr::10.3390/rs6053965,10.3390/rs6053965,24.63156502515026,0.999999961526644,True
Abercrombie_2016_improving-consistency::b9,resolved,10.1016/j.isprsjprs.2014.09.002,via=crossref; ratio=1.00; year=2015,cr::10.1016/j.isprsjprs.2014.09.002,10.1016/j.isprsjprs.2014.09.002,22.854338913500264,0.9999998681262371,True
Abercrombie_2016_improving-consistency::b10,resolved,10.1080/014311600210218,via=crossref; ratio=1.00; year=2000,cr::10.1080/014311600210218,10.1080/014311600210218,15.243564802516083,0.999974223819813,True
Abercrombie_2016_improving-consistency::b11,resolved,10.1016/j.rse.2004.09.005,via=crossref; ratio=1.00; year=2005,cr::10.1016/j.rse.2004.09.005,10.1016/j.rse.2004.09.005,25.091378110801116,0.9999999720267746,True
Abercrombie_2016_improving-consistency::b12,resolved,10.1016/j.jag.2005.12.002,via=crossref; ratio=1.00; year=2006,cr::10.1016/j.jag.2005.12.002,10.1016/j.jag.2005.12.002,19.19776111290296,0.9999983369805324,True
Abercrombie_2016_improving-consistency::b13,resolved,10.1016/j.rse.2007.11.013,via=crossref; ratio=1.00; year=2008,cr::10.1016/j.rse.2007.11.013,10.1016/j.rse.2007.11.013,25.35441251663491,0.9999999766889788,True
Abercrombie_2016_improving-consistency::b14,resolved,10.1080/0143116031000101675,via=crossref; ratio=0.90; year=2004,cr::10.1142/9789812777249_0001,10.1142/9789812777249_0001,7.774803623945645,0.9954545974057949,False
Abercrombie_2016_improving-consistency::b15,unresolved,,"best=crossref:0.56:10.33915/etd.10458; skipped=semanticscholar,arxiv (rate-limited)",cr::10.1080/0143116031000139863,10.1080/0143116031000139863,16.31289682362444,0.9999877164639369,False
Abercrombie_2016_improving-consistency::b16,unresolved,,"best=crossref:1.00:10.1109/tsmc.1978.4309889; skipped=semanticscholar,arxiv (rate-limited)",cr::10.1109/tsmc.1978.4309889,10.1109/tsmc.1978.4309889,15.259726038941704,0.9999745109489702,False
Abercrombie_2016_improving-consistency::b17,resolved,10.1080/01431168908903939,via=crossref; ratio=1.00; year=1989,cr::10.1080/01431168908903939,10.1080/01431168908903939,16.875833018015598,0.9999916849579742,True
Abercrombie_2016_improving-consistency::b18,resolved,10.1016/j.patrec.2010.02.008,via=crossref; ratio=1.00; year=2011,cr::10.1016/j.patrec.2010.02.008,10.1016/j.patrec.2010.02.008,27.838015902617684,0.999999995832053,True
Abercrombie_2016_improving-consistency::b19,resolved,10.1109/igarss.2011.6049674,via=crossref; ratio=1.00; year=2011,cr::10.1109/igarss.2011.6049674,10.1109/igarss.2011.6049674,12.682654431620794,0.9998479191474262,True
Abercrombie_2016_improving-consistency::b20,resolved,10.1109/36.158859,via=crossref; ratio=1.00; year=1992,cr::10.1109/36.158859,10.1109/36.158859,24.960133577522864,0.999999969362658,True
Abercrombie_2016_improving-consistency::b21,resolved,10.1109/36.481897,via=crossref; ratio=1.00; year=1996,cr::10.1109/36.481897,10.1109/36.481897,24.161767438692515,0.9999999467176673,True
Abercrombie_2016_improving-consistency::b22,resolved,10.1109/36.843009,via=crossref; ratio=1.00; year=2000,cr::10.1109/36.843009,10.1109/36.843009,23.854338913500264,0.9999999340631142,True
Abercrombie_2016_improving-consistency::b23,resolved,10.1109/tgrs.2003.817269,via=crossref; ratio=0.99; year=2003,cr::10.1109/tgrs.2003.817269,10.1109/tgrs.2003.817269,23.075590290578035,0.9999998868759081,True
Abercrombie_2016_improving-consistency::b24,resolved,10.1016/j.rse.2014.03.012,via=crossref; ratio=0.99; year=2014,cr::10.1016/j.rse.2014.03.012,10.1016/j.rse.2014.03.012,27.406127856125842,0.9999999943774485,True
Abercrombie_2016_improving-consistency::b25,resolved,10.1016/s0034-4257(02)00078-0,via=crossref; ratio=1.00; year=2002,cr::10.1016/s0034-4257(02)00078-0,10.1016/s0034-4257(02)00078-0,23.439301414221422,0.9999999120841542,True
Abercrombie_2016_improving-consistency::b26,unresolved,,"best=crossref:0.68:10.1016/j.rse.2015.12.033; skipped=semanticscholar,arxiv (rate-limited)",cr::10.1016/s0034-4257(02)00091-3,10.1016/s0034-4257(02)00091-3,25.313770532137564,0.9999999760229497,False
Abercrombie_2016_improving-consistency::b27,unresolved,,"best=crossref:0.47:10.1023/a:1010924021315; skipped=semanticscholar,arxiv (rate-limited)",cr::10.1126/science.261.5125.1104.b,10.1126/science.261.5125.1104.b,-9.052264642117017,0.0018800938600636121,False
Abercrombie_2016_improving-consistency::b28,ambiguous,,2 distinct works accepted at crossref,cr::10.1109/5.18626,10.1109/5.18626,21.487267730097944,0.9999996598364771,False
Abercrombie_2016_improving-consistency::b29,unresolved,,no_title_or_author (nothing to search on),cr::10.1090/s0002-9939-05-07808-1,10.1090/s0002-9939-05-07808-1,-9.052264642117017,0.0018800938600636121,False
Abercrombie_2016_improving-consistency::b30,unresolved,,"best=crossref:0.52:10.18174/649013; skipped=semanticscholar,arxiv (rate-limited)",cr::10.1017/cbo9780511793349.014,10.1017/cbo9780511793349.014,-9.052264642117017,0.0018800938600636121,False
Abercrombie_2016_improving-consistency::b31,unresolved,,"best=none:0.00:-; skipped=semanticscholar,arxiv (rate-limited)",cr::10.1017/cbo9780511610806.009,10.1017/cbo9780511610806.009,-9.052264642117017,0.0018800938600636121,False
Abercrombie_2016_improving-consistency::b32,unresolved,,"best=crossref:0.57:10.1007/s00267-010-9536-9; skipped=semanticscholar,arxiv (rate-limited)",cr::10.1017/cbo9780511793349.014,10.1017/cbo9780511793349.014,-9.052264642117017,0.0018800938600636121,False
Abercrombie_2016_improving-consistency::b33,unresolved,,"best=crossref:0.35:10.1080/014311697217099; skipped=semanticscholar,arxiv (rate-limited)",cr::10.1007/978-3-0348-8681-9_2,10.1007/978-3-0348-8681-9_2,-10.981176683640463,0.0004944491571191531,False
Abercrombie_2016_improving-consistency::b34,unresolved,,no_title_or_author (nothing to search on),cr::10.3410/f.716397954.791803007,10.3410/f.716397954.791803007,-9.052264642117017,0.0018800938600636121,False
Abercrombie_2016_improving-consistency::b35,resolved,10.1016/j.rse.2013.01.012,via=crossref; ratio=1.00; year=2013,cr::10.1016/j.rse.2013.01.012,10.1016/j.rse.2013.01.012,28.483695533579876,0.9999999973358832,True
Abercrombie_2016_improving-consistency::b36,resolved,10.1016/j.rse.2013.07.042,via=crossref; ratio=1.00; year=2014,cr::10.1016/j.rse.2013.07.042,10.1016/j.rse.2013.07.042,27.89873303285872,0.9999999960038248,True
Abercrombie_2016_improving-consistency::b37,resolved,10.1016/j.jag.2014.01.004,via=crossref; ratio=1.00; year=2014,cr::10.1016/j.jag.2014.01.004,10.1016/j.jag.2014.01.004,18.264875308761496,0.9999968251494525,True
Abercrombie_2016_improving-consistency::b38,unresolved,,"best=crossref:0.56:10.31979/etd.8sxr-8wj6; skipped=semanticscholar,arxiv (rate-limited)",cr::10.1080/00401706.1998.10485510,10.1080/00401706.1998.10485510,-9.052264642117017,0.0018800938600636121,False
Abercrombie_2016_improving-consistency::b39,resolved,10.1016/j.rse.2014.06.012,via=crossref; ratio=1.00; year=2014,cr::10.1016/j.rse.2014.06.012,10.1016/j.rse.2014.06.012,26.024263914942576,0.999999985347358,True
Efron_2004_estimation-prediction-error-covariance::b0,unresolved,,"best=crossref:1.00:10.1007/978-1-4612-0919-5_38; skipped=semanticscholar,arxiv (rate-limited)",cr::10.1007/978-1-4612-0919-5_38,10.1007/978-1-4612-0919-5_38,6.466467911489657,0.9888181001006041,False
Efron_2004_estimation-prediction-error-covariance::b1,resolved,10.1080/01621459.1992.10475276,via=crossref; ratio=1.00; year=1992,cr::10.1080/01621459.1992.10475276,10.1080/01621459.1992.10475276,30.65406643736778,0.999999999408157,True
Efron_2004_estimation-prediction-error-covariance::b2,resolved,10.1214/aos/1176343282,via=crossref; ratio=1.00; year=1975,cr::10.1214/aos/1176343282,10.1214/aos/1176343282,24.676786513867864,0.9999999627138926,True
Efron_2004_estimation-prediction-error-covariance::b3,ambiguous,,2 distinct works accepted at crossref,cr::10.2307/2965703,10.2307/2965703,26.48414143592547,0.9999999893468262,False
Efron_2004_estimation-prediction-error-covariance::b4,unresolved,,no_title_or_author (nothing to search on),cr::10.7287/peerj.preprints.2269v2/supp-7,10.7287/peerj.preprints.2269v2/supp-7,-1.3262101098814258,0.28510894328342257,False
Efron_2004_estimation-prediction-error-covariance::b5,unresolved,,no_title_or_author (nothing to search on),cr::10.7287/peerj.preprints.2269v2/supp-7,10.7287/peerj.preprints.2269v2/supp-7,-1.3262101098814258,0.28510894328342257,False
Efron_2004_estimation-prediction-error-covariance::b6,unresolved,,"best=crossref:1.00:10.1214/aos/1176350486; skipped=semanticscholar,arxiv (rate-limited)",cr::10.1214/aos/1176350486,10.1214/aos/1176350486,11.115352140224827,0.9995494428615709,False
Efron_2004_estimation-prediction-error-covariance::b7,unresolved,,"best=crossref:0.79:10.5194/os-2017-16-rc1; skipped=semanticscholar,arxiv (rate-limited)",cr::10.5194/os-2017-16-rc1,10.5194/os-2017-16-rc1,-3.214322111183385,0.09726425569202217,False
Efron_2004_estimation-prediction-error-covariance::b8,unresolved,,"best=crossref:0.55:10.1142/9789812777096_0002; skipped=semanticscholar,arxiv (rate-limited)",cr::10.1515/9781400873173-010,10.1515/9781400873173-010,-9.052264642117017,0.0018800938600636121,False
Efron_2004_estimation-prediction-error-covariance::b9,resolved,10.1198/004017004000000338,via=crossref; ratio=0.90; year=2004,cr::10.1198/004017004000000338,10.1198/004017004000000338,12.863578440266211,0.9998658413221417,True
Efron_2004_estimation-prediction-error-covariance::b10,unresolved,,"best=crossref:0.62:10.3724/sp.j.1001.2008.01212; skipped=semanticscholar,arxiv (rate-limited)",cr::10.1198/016214502753479356,10.1198/016214502753479356,29.33213834248042,0.9999999985203926,False
Efron_2004_estimation-prediction-error-covariance::b11,resolved,10.1214/aos/1176345632,via=crossref; ratio=1.00; year=1981,cr::10.1214/aos/1176345632,10.1214/aos/1176345632,26.566603596117442,0.9999999899386691,True
Efron_2004_estimation-prediction-error-covariance::b12,resolved,10.1111/1467-9868.00191,via=crossref; ratio=1.00; year=1999,cr::10.1111/1467-9868.00191,10.1111/1467-9868.00191,26.67634061152227,0.9999999906755914,True
Efron_2004_estimation-prediction-error-covariance::b13,resolved,10.1080/01621459.1998.10474094,via=crossref; ratio=1.00; year=1998,cr::10.1080/01621459.1998.10474094,10.1080/01621459.1998.10474094,28.77959731945164,0.999999997829909,True
Conley_1999_gmm-estimation-cross-sectional::b0,unresolved,,"best=crossref:0.47:10.1137/1.9780898718980.ch1; skipped=semanticscholar,arxiv (rate-limited)",cr::10.5962/bhl.title.134807,10.5962/bhl.title.134807,-9.052264642117017,0.0018800938600636121,False
Conley_1999_gmm-estimation-cross-sectional::b1,unresolved,,"best=crossref:0.74:10.1093/0198774478.001.0001.002.002; skipped=semanticscholar,arxiv (rate-limited)",cr::10.1016/c2009-0-21869-1,10.1016/c2009-0-21869-1,-9.052264642117017,0.0018800938600636121,False
Conley_1999_gmm-estimation-cross-sectional::b2,resolved,10.2307/2938229,via=crossref; ratio=1.00; year=1991,cr::10.2307/2938229,10.2307/2938229,28.758752403718425,0.9999999977983266,True
Conley_1999_gmm-estimation-cross-sectional::b3,resolved,10.1111/j.1435-5597.1988.tb01155.x,via=crossref; ratio=0.95; year=1988,cr::10.1111/j.1435-5597.1988.tb01155.x,10.1111/j.1435-5597.1988.tb01155.x,25.350201258370987,0.999999976620834,True
Conley_1999_gmm-estimation-cross-sectional::b4,unresolved,,"best=crossref:1.00:10.3386/w3120; skipped=semanticscholar,arxiv (rate-limited)",cr::10.3386/w3120,10.3386/w3120,8.860980772060124,0.9978539197183288,False
Conley_1999_gmm-estimation-cross-sectional::b5,resolved,10.1214/aop/1176993726,via=crossref; ratio=0.94; year=1982,cr::10.1214/aop/1176993726,10.1214/aop/1176993726,18.120193435448925,0.9999964902456221,True
Conley_1999_gmm-estimation-cross-sectional::b6,resolved,10.2307/2938168,via=crossref; ratio=1.00; year=1991,cr::10.2307/2938168,10.2307/2938168,29.34371490443958,0.9999999985322178,True
Conley_1999_gmm-estimation-cross-sectional::b7,resolved,10.2307/1913889,via=crossref; ratio=0.99; year=1973,cr::10.2307/1913889,10.2307/1913889,25.298179740822448,0.9999999757624314,True
Conley_1999_gmm-estimation-cross-sectional::b8,unresolved,,"best=crossref:0.66:10.4337/9781782543190.00009; skipped=semanticscholar,arxiv (rate-limited)",cr::10.1023/a:1015676113101,10.1023/a:1015676113101,3.086429238391416,0.8946693467795521,False
Conley_1999_gmm-estimation-cross-sectional::b9,unresolved,,"best=crossref:0.57:10.37473/dac/10.1038/s41467-021-22086-3; skipped=semanticscholar,arxiv (rate-limited)",cr::10.1515/9780691218632-054,10.1515/9780691218632-054,-7.633160391912068,0.005011960281328341,False
Conley_1999_gmm-estimation-cross-sectional::b10,unresolved,,"best=crossref:1.00:10.1002/9781119115151.ch1; skipped=semanticscholar,arxiv (rate-limited)",cr::10.1002/9781119115151.ch1,10.1002/9781119115151.ch1,-0.9035571039407503,0.3483504148306963,False
Conley_1999_gmm-estimation-cross-sectional::b11,unresolved,,"best=crossref:0.89:10.1007/0-387-21564-6_5; skipped=semanticscholar,arxiv (rate-limited)",cr::10.1007/978-1-4757-2001-3_7,10.1007/978-1-4757-2001-3_7,0.32258951579234085,0.5556687531729968,False
Conley_1999_gmm-estimation-cross-sectional::b12,unresolved,,"best=crossref:1.00:10.1596/1813-9450-1553; skipped=semanticscholar,arxiv (rate-limited)",cr::10.1596/1813-9450-1553,10.1596/1813-9450-1553,-3.22291525510856,0.09674252110788735,False
Conley_1999_gmm-estimation-cross-sectional::b13,unresolved,,"best=crossref:0.65:10.1111/j.1753-0237.2010.00177.x; skipped=semanticscholar,arxiv (rate-limited)",cr::10.1126/science.261.5125.1104.b,10.1126/science.261.5125.1104.b,-7.633160391912068,0.005011960281328341,False
Conley_1999_gmm-estimation-cross-sectional::b14,resolved,10.1525/9780520313880-010,via=crossref; ratio=1.00; year=1956,cr::10.1525/9780520313880-010,10.1525/9780520313880-010,8.818778207193828,0.9977903548463898,True
Conley_1999_gmm-estimation-cross-sectional::b15,unresolved,,"best=crossref:0.51:10.70675/85015a76zbfacz48bez8ba4z4c04b6a77553; skipped=semanticscholar,arxiv (rate-limited)",cr::10.2307/1940529,10.2307/1940529,-10.981176683640463,0.0004944491571191531,False
Conley_1999_gmm-estimation-cross-sectional::b16,unresolved,,"best=crossref:1.00:10.1214/aos/1176325774; skipped=semanticscholar,arxiv (rate-limited)",cr::10.1214/aos/1176325774,10.1214/aos/1176325774,8.695122521543915,0.9975930851014102,False
Conley_1999_gmm-estimation-cross-sectional::b17,resolved,10.1007/bf01199899,via=crossref; ratio=0.95; year=1994,cr::10.1007/bf01199899,10.1007/bf01199899,18.260664050497574,0.9999968158684851,True
Conley_1999_gmm-estimation-cross-sectional::b18,resolved,10.2307/1912775,via=crossref; ratio=1.00; year=1982,cr::10.2307/1912775,10.2307/1912775,25.884283285802283,0.9999999838543956,True
Conley_1999_gmm-estimation-cross-sectional::b19,unresolved,,"best=crossref:0.69:10.1007/978-1-4612-2660-4_4; skipped=semanticscholar,arxiv (rate-limited)",cr::10.21236/ada240453,10.21236/ada240453,-9.562072433435516,0.001321159418621157,False
Conley_1999_gmm-estimation-cross-sectional::b20,unresolved,,"best=crossref:1.00:10.2139/ssrn.5360147; skipped=semanticscholar,arxiv (rate-limited)",cr::10.3386/t0145,10.3386/t0145,5.401549153422827,0.9768890954667213,False
Conley_1999_gmm-estimation-cross-sectional::b21,unresolved,,"best=crossref:1.00:10.2139/ssrn.331100; skipped=semanticscholar,arxiv (rate-limited)",cr::10.1112/blms/5.3.364,10.1112/blms/5.3.364,-2.8324691454641964,0.12310841201195939,False
Conley_1999_gmm-estimation-cross-sectional::b22,unresolved,,"best=crossref:0.55:10.24124/2005/bpgub314; skipped=semanticscholar,arxiv (rate-limited)",cr::10.2172/251320,10.2172/251320,-7.633160391912068,0.005011960281328341,False
Conley_1999_gmm-estimation-cross-sectional::b23,unresolved,,"best=crossref:1.00:10.1111/1468-2354.00027; skipped=semanticscholar,arxiv (rate-limited)",cr::10.1111/1468-2354.00027,10.1111/1468-2354.00027,7.885572161694604,0.995789112681694,False
Conley_1999_gmm-estimation-cross-sectional::b24,unresolved,,no_title_or_author (nothing to search on),cr::10.7287/peerj.preprints.2269v2/supp-7,10.7287/peerj.preprints.2269v2/supp-7,-1.3262101098814258,0.28510894328342257,False
Conley_1999_gmm-estimation-cross-sectional::b25,resolved,10.2307/2109724,via=crossref; ratio=0.98; year=1990,cr::10.2307/2109724,10.2307/2109724,28.10553466288005,0.9999999965374902,True
Conley_1999_gmm-estimation-cross-sectional::b26,unresolved,,"best=crossref:0.72:10.1016/s1573-4412(05)80005-4; skipped=semanticscholar,arxiv (rate-limited)",cr::10.1016/s1573-4412(05)80005-4,10.1016/s1573-4412(05)80005-4,-0.6096548610035041,0.39589941285771535,False
Conley_1999_gmm-estimation-cross-sectional::b27,ambiguous,,2 distinct works accepted at crossref,cr::10.2307/1913610,10.2307/1913610,27.944219132098183,0.9999999961278531,False
Conley_1999_gmm-estimation-cross-sectional::b28,unresolved,,"best=crossref:0.53:10.2307/j.ctv14jx6sm.9; skipped=semanticscholar,arxiv (rate-limited)",cr::10.2307/j.ctv14jx6sm.9,10.2307/j.ctv14jx6sm.9,-6.512250387093251,0.010836409701876206,False
Conley_1999_gmm-estimation-cross-sectional::b29,unresolved,,"best=crossref:0.60:10.21642/gtap.wp34; skipped=semanticscholar,arxiv (rate-limited)",cr::10.21034/dp.75,10.21034/dp.75,-0.28772676611614145,0.4503053592397221,False
Conley_1999_gmm-estimation-cross-sectional::b30,resolved,10.1016/0165-1765(90)90158-w,via=crossref; ratio=0.99; year=1990,cr::10.1016/0165-1765(90)90158-w,10.1016/0165-1765(90)90158-w,28.266147226985545,0.9999999969022824,True
Conley_1999_gmm-estimation-cross-sectional::b31,unresolved,,"best=crossref:0.83:10.2139/ssrn.6463241; skipped=semanticscholar,arxiv (rate-limited)",cr::10.1086/261120,10.1086/261120,29.851109727706703,0.9999999989674274,False
Conley_1999_gmm-estimation-cross-sectional::b32,resolved,10.2307/2951659,via=crossref; ratio=1.00; year=1994,cr::10.2307/2951659,10.2307/2951659,29.34371490443958,0.9999999985322178,True
Conley_1999_gmm-estimation-cross-sectional::b33,resolved,10.2307/1911465,via=crossref; ratio=1.00; year=1984,cr::10.2307/1911465,10.2307/1911465,26.758752403718425,0.9999999911933066,True
Conley_1999_gmm-estimation-cross-sectional::b34,unresolved,,"best=crossref:1.00:10.1016/c2009-0-21869-1; skipped=semanticscholar,arxiv (rate-limited)",cr::10.1016/c2009-0-21869-1,10.1016/c2009-0-21869-1,3.5030790563410745,0.9189488012555083,False
Conley_1999_gmm-estimation-cross-sectional::b35,resolved,10.2307/1912934,via=crossref; ratio=1.00; year=1980,cr::10.2307/1912934,10.2307/1912934,26.34371490443958,0.9999999882577422,True
Conley_1999_gmm-estimation-cross-sectional::b36,resolved,10.1007/978-1-4612-4620-6,via=crossref; ratio=0.88; year=1987,cr::10.1007/978-1-4612-4620-6,10.1007/978-1-4612-4620-6,14.29497681107838,0.9999502536080396,True
Guo_2018_redeveloping-urban-forest-effect::b0,resolved,10.1111/j.1365-2664.2006.01214.x,via=doi; registry=crossref; ratio=1.00,cr::10.1111/j.1365-2664.2006.01214.x,10.1111/j.1365-2664.2006.01214.x,16.223650925677255,0.9999869326128848,True
Guo_2018_redeveloping-urban-forest-effect::b1,unresolved,,"doi_title_contained (ratio 0.78 < 0.85; registry title 'Urban Morphology Drives the Homogenization of Tree Cover in Baltimore,'; contained 8 words, 0.64 of the longer)",cr::10.1007/s10021-013-9718-4,10.1007/s10021-013-9718-4,22.96704747066013,0.9999998780365371,False
Guo_2018_redeveloping-urban-forest-effect::b2,unresolved,,no_title_or_author (nothing to search on),cr::10.3410/f.716397954.791803007,10.3410/f.716397954.791803007,-9.052264642117017,0.0018800938600636121,False
Guo_2018_redeveloping-urban-forest-effect::b3,resolved,10.1080/02697459.2012.733525,via=doi; registry=crossref; ratio=0.99,cr::10.1080/02697459.2012.733525,10.1080/02697459.2012.733525,26.26174901458902,0.9999999875712973,True
Guo_2018_redeveloping-urban-forest-effect::b4,resolved,10.1016/j.ufug.2017.03.030,via=doi; registry=crossref; ratio=0.98,cr::10.1016/j.ufug.2017.03.030,10.1016/j.ufug.2017.03.030,13.365633971746794,0.9999052668192451,True
Guo_2018_redeveloping-urban-forest-effect::b5,unresolved,,"doi_title_contained (ratio 0.82 < 0.85; registry title 'Tending their urban forest: Residents’ motivations for tree planting a'; contained 11 words, 0.70 of the longer)",cr::10.1016/j.ufug.2016.03.008,10.1016/j.ufug.2016.03.008,16.729592283407506,0.9999907979007934,False
Guo_2018_redeveloping-urban-forest-effect::b6,resolved,10.1016/j.ufug.2007.07.003,via=doi; registry=crossref; ratio=0.95,cr::10.1016/j.ufug.2007.07.003,10.1016/j.ufug.2007.07.003,15.14917250242069,0.9999724809957203,True
Guo_2018_redeveloping-urban-forest-effect::b7,resolved,10.1016/j.landurbplan.2016.04.016,via=doi; registry=crossref; ratio=0.99,cr::10.1016/j.landurbplan.2016.04.016,10.1016/j.landurbplan.2016.04.016,25.715466982031923,0.9999999818501484,True
Guo_2018_redeveloping-urban-forest-effect::b8,resolved,10.48044/jauf.1996.041,via=crossref; ratio=1.00; year=1996,cr::10.48044/jauf.1996.041,10.48044/jauf.1996.041,17.428374041044375,0.9999943306381648,True
Guo_2018_redeveloping-urban-forest-effect::b9,unresolved,,"best=crossref:0.50:10.1093/oseo/instance.00297332; skipped=semanticscholar,arxiv (rate-limited)",cr::10.4135/9781452218564.n635,10.4135/9781452218564.n635,-9.052264642117017,0.0018800938600636121,False
Guo_2018_redeveloping-urban-forest-effect::b10,resolved,10.1890/07-0539.1,via=doi; registry=crossref; ratio=1.00,cr::10.1890/07-0539.1,10.1890/07-0539.1,19.947013964800238,0.9999990106498066,True
Guo_2018_redeveloping-urban-forest-effect::b11,resolved,10.2307/177409,via=doi; registry=crossref; ratio=1.00,cr::10.1890/0012-9658(2000)081[3178:cartap]2.0.co;2,10.1890/0012-9658(2000)081[3178:cartap]2.0.co;2,32.579360536211915,0.9999999998441756,False
Guo_2018_redeveloping-urban-forest-effect::b12,resolved,10.48044/jauf.2003.031,via=crossref; ratio=1.00; year=2003,cr::10.48044/jauf.2003.031,10.48044/jauf.2003.031,19.84983780948265,0.9999989417142443,True
Guo_2018_redeveloping-urban-forest-effect::b13,unresolved,,"best=crossref:0.65:10.46927/pasisiguri; skipped=semanticscholar,arxiv (rate-limited)",cr::10.1201/b21179-15,10.1201/b21179-15,-7.633160391912068,0.005011960281328341,False
Guo_2018_redeveloping-urban-forest-effect::b14,unresolved,,"best=crossref:0.45:10.7717/peerj.7093/fig-1; skipped=semanticscholar,arxiv (rate-limited)",cr::10.21275/v5i1.nov152729,10.21275/v5i1.nov152729,-3.2257618400773973,0.09657024183816122,False
Guo_2018_redeveloping-urban-forest-effect::b15,resolved,10.1007/s00267-014-0310-2,via=doi; registry=crossref; ratio=1.00,cr::10.1007/s00267-014-0310-2,10.1007/s00267-014-0310-2,25.06410325558826,0.9999999714928964,True
Guo_2018_redeveloping-urban-forest-effect::b16,resolved,10.1007/s10021-006-0116-z,via=doi; registry=crossref; ratio=1.00,cr::10.1007/s10021-006-0116-z,10.1007/s10021-006-0116-z,24.06410325558826,0.9999999429857945,True
Guo_2018_redeveloping-urban-forest-effect::b17,resolved,10.1007/s10342-017-1042-7,via=doi; registry=crossref; ratio=1.00,cr::10.1007/s10342-017-1042-7,10.1007/s10342-017-1042-7,27.109745921143972,0.9999999930951651,True
Guo_2018_redeveloping-urban-forest-effect::b18,resolved,10.1016/j.ufug.2013.06.002,via=doi; registry=crossref; ratio=0.99,cr::10.1016/j.ufug.2013.06.002,10.1016/j.ufug.2013.06.002,25.680474625631206,0.9999999814045443,True
Guo_2018_redeveloping-urban-forest-effect::b19,resolved,10.1016/j.ufug.2005.11.002,via=doi; registry=crossref; ratio=1.00,cr::10.1016/j.ufug.2005.11.002,10.1016/j.ufug.2005.11.002,24.091378110801116,0.9999999440535509,True
Guo_2018_redeveloping-urban-forest-effect::b20,resolved,10.1080/2150704x.2013.852704,via=doi; registry=crossref; ratio=0.98,cr::10.1080/2150704x.2013.852704,10.1080/2150704x.2013.852704,19.187307631307462,0.9999983248868828,True
Guo_2018_redeveloping-urban-forest-effect::b21,unresolved,,"best=crossref:0.64:10.1016/b978-0-12-802121-7.00012-1; skipped=semanticscholar,arxiv (rate-limited)",cr::10.1007/978-1-4614-7138-7,10.1007/978-1-4614-7138-7,19.094119734381568,0.9999982131156585,False
Guo_2018_redeveloping-urban-forest-effect::b22,resolved,10.1017/s0376892998000198,via=doi; registry=crossref; ratio=1.00,cr::10.1017/s0376892998000198,10.1017/s0376892998000198,27.595172748314212,0.9999999950679751,True
Guo_2018_redeveloping-urban-forest-effect::b23,unresolved,,"doi_title_contained (ratio 0.84 < 0.85; registry title 'Drivers of diversity and tree cover in gardens, parks and streetscapes'; contained 15 words, 0.73 of the longer)",cr::10.1016/j.ufug.2012.03.005,10.1016/j.ufug.2012.03.005,19.445799317406916,0.9999985996696305,False
Guo_2018_redeveloping-urban-forest-effect::b24,resolved,10.1016/j.landurbplan.2012.05.015,via=doi; registry=crossref; ratio=1.00,cr::10.1016/j.landurbplan.2012.05.015,10.1016/j.landurbplan.2012.05.015,28.595172748314212,0.9999999975339875,True
Guo_2018_redeveloping-urban-forest-effect::b25,resolved,10.1016/j.geoforum.2013.04.018,via=doi; registry=crossref; ratio=1.00,cr::10.1016/j.geoforum.2013.04.018,10.1016/j.geoforum.2013.04.018,27.33213834248042,0.99999999408157,True
Guo_2018_redeveloping-urban-forest-effect::b26,unresolved,,"doi_title_contained (ratio 0.80 < 0.85; registry title 'Factors influencing long-term street tree survival in Milwaukee, WI, U'; contained 11 words, 0.67 of the longer)",cr::10.1016/j.ufug.2013.05.006,10.1016/j.ufug.2013.05.006,19.132138838503153,0.9999982595899897,False
Guo_2018_redeveloping-urban-forest-effect::b27,unresolved,,"doi_title_contained (ratio 0.82 < 0.85; registry title 'Spatiotemporal patterns of tree canopy cover and socioeconomics in Mel'; contained 10 words, 0.69 of the longer)",cr::10.1016/j.ufug.2015.10.011,10.1016/j.ufug.2015.10.011,19.717101339224307,0.9999988397259867,False
Guo_2018_redeveloping-urban-forest-effect::b28,unresolved,,"doi_title_contained (ratio 0.84 < 0.85; registry title 'Spatial and Temporal Patterns Associated with Permitted Tree Removal i'; contained 9 words, 0.72 of the longer)",cr::10.1080/00330124.2016.1266953,10.1080/00330124.2016.1266953,21.821188052423388,0.9999997301218416,False
Guo_2018_redeveloping-urban-forest-effect::b29,resolved,10.1890/15-1176,via=doi; registry=crossref; ratio=1.00,cr::10.1890/15-1176,10.1890/15-1176,28.538589219947845,0.9999999974353471,True
Guo_2018_redeveloping-urban-forest-effect::b30,resolved,10.1007/s11252-011-0185-4,via=doi; registry=crossref; ratio=1.00,cr::10.1007/s11252-011-0185-4,10.1007/s11252-011-0185-4,22.932209217813245,0.9999998750555112,True
Guo_2018_redeveloping-urban-forest-effect::b31,resolved,10.1046/j.1365-2664.2001.00647.x,via=doi; registry=crossref; ratio=0.99,cr::10.1046/j.1365-2664.2001.00647.x,10.1046/j.1365-2664.2001.00647.x,29.069103936646627,0.999999998224471,True
Guo_2018_redeveloping-urban-forest-effect::b32,resolved,10.1139/er-6-3-4-151,via=doi; registry=crossref; ratio=1.00,cr::10.1139/er-6-3-4-151,10.1139/er-6-3-4-151,27.33213834248042,0.99999999408157,True
Guo_2018_redeveloping-urban-forest-effect::b33,unresolved,,"doi_title_contained (ratio 0.81 < 0.85; registry title 'Million trees Los Angeles canopy cover and benefit assessment'; contained 9 words, 0.68 of the longer)",cr::10.1016/j.landurbplan.2010.08.011,10.1016/j.landurbplan.2010.08.011,20.253154239464518,0.9999991998107371,False
Guo_2018_redeveloping-urban-forest-effect::b34,unresolved,,"best=crossref:0.86:10.32614/cran.package.rpart.plot; skipped=semanticscholar,arxiv (rate-limited)",cr::10.1201/b21179-15,10.1201/b21179-15,-9.052264642117017,0.0018800938600636121,False
Guo_2018_redeveloping-urban-forest-effect::b35,resolved,10.1016/j.ufug.2012.06.003,via=doi; registry=crossref; ratio=1.00,cr::10.1016/j.ufug.2012.06.003,10.1016/j.ufug.2012.06.003,23.032484421747547,0.9999998834449048,True
Guo_2018_redeveloping-urban-forest-effect::b36,resolved,10.1016/j.apgeog.2017.02.011,via=doi; registry=crossref; ratio=1.00,cr::10.1016/j.apgeog.2017.02.011,10.1016/j.apgeog.2017.02.011,28.917100843201574,0.99999999802719,True
Guo_2018_redeveloping-urban-forest-effect::b37,unresolved,,no_title_or_author (nothing to search on),cr::10.1002/9781119951827.ch2,10.1002/9781119951827.ch2,-2.6821857005999834,0.13480222057154628,False
Guo_2018_redeveloping-urban-forest-effect::b38,resolved,10.48044/jauf.2008.048,via=crossref; ratio=0.99; year=2008,cr::10.48044/jauf.2008.048,10.48044/jauf.2008.048,23.467385365034506,0.9999999137790015,True
Guo_2018_redeveloping-urban-forest-effect::b39,unresolved,,doi_title_mismatch (ratio 0.73 < 0.85; registry title 'Tree and impervious cover change in U.S. cities'),cr::10.1016/j.ufug.2011.11.005,10.1016/j.ufug.2011.11.005,12.899943528053463,0.9998691802732442,False
Guo_2018_redeveloping-urban-forest-effect::b40,resolved,10.1016/j.ufug.2018.03.006,via=doi; registry=crossref; ratio=1.00,cr::10.1016/j.ufug.2018.03.006,10.1016/j.ufug.2018.03.006,22.535328301995197,0.9999998354908163,True
Guo_2018_redeveloping-urban-forest-effect::b41,resolved,10.1093/jof/103.8.383,via=crossref; ratio=0.99; year=2005,cr::10.1093/jof/103.8.383,10.1093/jof/103.8.383,25.82117642320304,0.9999999831324748,True
Guo_2018_redeveloping-urban-forest-effect::b42,resolved,10.1016/j.scitotenv.2017.08.103,via=doi; registry=crossref; ratio=1.00,cr::10.1016/j.scitotenv.2017.08.103,10.1016/j.scitotenv.2017.08.103,30.65406643736778,0.999999999408157,True
Guo_2018_redeveloping-urban-forest-effect::b43,resolved,10.1016/j.landurbplan.2004.03.009,via=doi; registry=crossref; ratio=0.86,cr::10.1016/s0169-2046(04)00083-0,10.1016/s0169-2046(04)00083-0,22.253154239464518,0.9999997999525643,False
Guo_2018_redeveloping-urban-forest-effect::b44,resolved,10.1016/j.cities.2004.04.002,via=doi; registry=crossref; ratio=1.00,cr::10.1016/j.cities.2004.04.002,10.1016/j.cities.2004.04.002,27.284832627702063,0.9999999938842891,True
Guo_2018_redeveloping-urban-forest-effect::b45,resolved,10.1016/j.ufug.2012.09.002,via=doi; registry=crossref; ratio=0.96,cr::10.1016/j.ufug.2012.09.002,10.1016/j.ufug.2012.09.002,17.72164405895865,0.9999953735107594,True
Guo_2018_redeveloping-urban-forest-effect::b46,resolved,10.1016/j.tecto.2016.01.044,via=crossref; ratio=0.99; year=2016,cr::10.1016/j.tecto.2016.01.044,10.1016/j.tecto.2016.01.044,11.266146939771437,0.9995941406669806,True
Guo_2018_redeveloping-urban-forest-effect::b47,unresolved,,"best=crossref:1.00:10.32614/r.manuals; skipped=semanticscholar,arxiv (rate-limited)",cr::10.32614/r.manuals,10.32614/r.manuals,5.86872874275862,0.9831745289837553,False
Guo_2018_redeveloping-urban-forest-effect::b48,resolved,10.1016/j.ufug.2012.06.006,via=doi; registry=crossref; ratio=1.00,cr::10.1016/j.ufug.2012.06.006,10.1016/j.ufug.2012.06.006,24.35441251663491,0.9999999533779587,True
Guo_2018_redeveloping-urban-forest-effect::b49,resolved,10.1016/j.ufug.2013.11.004,via=doi; registry=crossref; ratio=1.00,cr::10.1016/j.ufug.2013.11.004,10.1016/j.ufug.2013.11.004,24.254876843083995,0.999999950047813,True
Guo_2018_redeveloping-urban-forest-effect::b50,resolved,10.1016/j.jenvman.2015.08.008,via=doi; registry=crossref; ratio=1.00,cr::10.1016/j.jenvman.2015.08.008,10.1016/j.jenvman.2015.08.008,12.329392500433482,0.9998057331707481,True
Guo_2018_redeveloping-urban-forest-effect::b51,resolved,10.1177/2399808317752927,via=crossref; ratio=1.00; year=2018,work::Steenberg_2018_spatio-temporal-analysis-relationship,10.1177/2399808317752927,19.390021520253335,0.9999985444696227,True
Guo_2018_redeveloping-urban-forest-effect::b52,unresolved,,"doi_title_contained (ratio 0.83 < 0.85; registry title 'The re-emergence of indigenous forest in an urban environment, Christc'; contained 10 words, 0.71 of the longer)",cr::10.1078/1618-8667-00031,10.1078/1618-8667-00031,24.338624696411827,0.9999999528649586,False
Guo_2018_redeveloping-urban-forest-effect::b53,resolved,10.48044/jauf.1998.012,via=crossref; ratio=0.94; year=1998,cr::10.48044/jauf.1998.012,10.48044/jauf.1998.012,19.579625054086222,0.9999987237228303,True
Guo_2018_redeveloping-urban-forest-effect::b54,unresolved,,"best=crossref:0.84:10.32614/cran.package.rpart; skipped=semanticscholar,arxiv (rate-limited)",cr::10.32614/cran.package.rpart,10.32614/cran.package.rpart,7.969320015022437,0.9960256496114688,False
Guo_2018_redeveloping-urban-forest-effect::b55,resolved,10.1016/j.landurbplan.2011.02.034,via=doi; registry=crossref; ratio=0.95,cr::10.1016/j.landurbplan.2011.02.034,10.1016/j.landurbplan.2011.02.034,19.187307631307462,0.9999983248868828,True
Guo_2018_redeveloping-urban-forest-effect::b56,resolved,10.1093/forestry/cpq027,via=doi; registry=crossref; ratio=1.00,cr::10.1093/forestry/cpq027,10.1093/forestry/cpq027,28.65406643736778,0.999999997632628,True
Chrisman_1982_theory-cartographic-error-measurement::b0,resolved,10.3133/pp964,via=crossref; ratio=0.87; year=1976,cr::10.3133/pp964,10.3133/pp964,12.18143978422747,0.9997847576396186,True
Chrisman_1982_theory-cartographic-error-measurement::b1,unresolved,,"best=crossref:0.36:10.3998/mpub.14477325.cmp.118; skipped=semanticscholar,arxiv (rate-limited)",cr::10.1002/9780470316481.fmatter,10.1002/9780470316481.fmatter,-9.052264642117017,0.0018800938600636121,False
Chrisman_1982_theory-cartographic-error-measurement::b2,unresolved,,no_title_or_author (nothing to search on),cr::10.7287/peerj.preprints.2269v2/supp-7,10.7287/peerj.preprints.2269v2/supp-7,-1.3262101098814258,0.28510894328342257,False
Chrisman_1982_theory-cartographic-error-measurement::b3,unresolved,,"best=crossref:0.59:10.1201/b12612-12; skipped=semanticscholar,arxiv (rate-limited)",cr::10.1137/1.9781611970319.ch10,10.1137/1.9781611970319.ch10,-7.633160391912068,0.005011960281328341,False
Chrisman_1982_theory-cartographic-error-measurement::b4,unresolved,,"best=crossref:0.28:10.1559/152304005775194809; skipped=semanticscholar,arxiv (rate-limited)",cr::10.1016/s0079-8169(08)61525-1,10.1016/s0079-8169(08)61525-1,-7.633160391912068,0.005011960281328341,False
Chrisman_1982_theory-cartographic-error-measurement::b5,resolved,10.3138/fm57-6770-u75u-7727,via=crossref; ratio=1.00; year=1973,cr::10.3138/fm57-6770-u75u-7727,10.3138/fm57-6770-u75u-7727,17.612798612181802,0.9999950109581909,True
Chrisman_1982_theory-cartographic-error-measurement::b6,unresolved,,"best=crossref:1.00:10.1002/9781118445112.stat03896; skipped=semanticscholar,arxiv (rate-limited)",cr::10.2307/2529186,10.2307/2529186,1.5741670148176283,0.7485943406049587,False
Chrisman_1982_theory-cartographic-error-measurement::b7,unresolved,,"best=crossref:0.75:10.2307/1796510; skipped=semanticscholar,arxiv (rate-limited)",cr::10.2307/1796510,10.2307/1796510,-0.8058716582806128,0.3638743090653483,False
Chrisman_1982_theory-cartographic-error-measurement::b8,unresolved,,"best=crossref:0.84:10.3133/ofr77555; skipped=semanticscholar,arxiv (rate-limited)",cr::10.3133/ofr77555,10.3133/ofr77555,-5.143234152706832,0.02751781209753802,False
Chrisman_1982_theory-cartographic-error-measurement::b9,unresolved,,"best=crossref:0.83:10.3133/pp1059; skipped=semanticscholar,arxiv (rate-limited)",cr::10.3133/pp1059,10.3133/pp1059,12.766402284948626,0.9998564947969462,False
Chrisman_1982_theory-cartographic-error-measurement::b10,unresolved,,"best=crossref:0.34:10.1021/acs.nanolett.8b04182.s001; skipped=semanticscholar,arxiv (rate-limited)",cr::10.1525/9780520313880-010,10.1525/9780520313880-010,-10.981176683640463,0.0004944491571191531,False
Chrisman_1982_theory-cartographic-error-measurement::b11,unresolved,,"best=crossref:0.47:10.21034/dp.75; skipped=semanticscholar,arxiv (rate-limited)",cr::10.1093/oxfordjournals.aob.a084076,10.1093/oxfordjournals.aob.a084076,-9.562072433435516,0.001321159418621157,False
Chrisman_1982_theory-cartographic-error-measurement::b12,unresolved,,"best=crossref:0.64:10.31979/etd.vpw4-acfs; skipped=semanticscholar,arxiv (rate-limited)",cr::10.5962/bhl.title.134785,10.5962/bhl.title.134785,-9.052264642117017,0.0018800938600636121,False
Chrisman_1982_theory-cartographic-error-measurement::b13,unresolved,,"best=crossref:0.63:10.4135/9781412953962.n141; skipped=semanticscholar,arxiv (rate-limited)",cr::10.3138/9781487599973-002,10.3138/9781487599973-002,-7.633160391912068,0.005011960281328341,False
Chrisman_1982_theory-cartographic-error-measurement::b14,unresolved,,no_title_or_author (nothing to search on),cr::10.7287/peerj.preprints.2269v2/supp-7,10.7287/peerj.preprints.2269v2/supp-7,0.09289414032352168,0.5160917685642633,False
Foody_2010_assessing-accuracy-land-cover-change::b0,resolved,10.1126/science.1070656,via=crossref; ratio=1.00; year=2002,cr::10.1126/science.1070656,10.1126/science.1070656,31.23902893808894,0.999999999605438,True
Foody_2010_assessing-accuracy-land-cover-change::b1,resolved,10.1111/j.0006-341x.2004.00187.x,via=crossref; ratio=1.00; year=2004,cr::10.1111/j.0006-341x.2004.00187.x,10.1111/j.0006-341x.2004.00187.x,28.109745921143972,0.9999999965475825,True
Foody_2010_assessing-accuracy-land-cover-change::b2,resolved,10.1111/j.0006-341x.2001.00610.x,via=crossref; ratio=1.00; year=2001,cr::10.1111/j.0006-341x.2001.00610.x,10.1111/j.0006-341x.2001.00610.x,27.216661125060483,0.9999999935883676,True
Foody_2010_assessing-accuracy-land-cover-change::b3,resolved,10.1002/sim.1058,via=crossref; ratio=1.00; year=2002,cr::10.1002/sim.1058,10.1002/sim.1058,27.284832627702063,0.9999999938842891,True
Foody_2010_assessing-accuracy-land-cover-change::b4,resolved,10.1109/tgrs.2004.843074,via=crossref; ratio=1.00; year=2005,cr::10.1109/tgrs.2004.843074,10.1109/tgrs.2004.843074,27.917100843201574,0.9999999960543801,True
Foody_2010_assessing-accuracy-land-cover-change::b5,resolved,10.1111/0081-1750.00050,via=crossref; ratio=0.98; year=1998,cr::10.1111/0081-1750.00050,10.1111/0081-1750.00050,14.191832143301172,0.9999465669917823,True
Foody_2010_assessing-accuracy-land-cover-change::b6,resolved,10.1080/01431160802562263,via=crossref; ratio=0.99; year=2009,cr::10.1080/01431160802562263,10.1080/01431160802562263,27.13050448131077,0.9999999931938056,True
Foody_2010_assessing-accuracy-land-cover-change::b7,resolved,10.1080/10106040701596767,via=crossref; ratio=1.00; year=2008,cr::10.1080/10106040701596767,10.1080/10106040701596767,26.846711515310176,0.9999999917141981,True
Foody_2010_assessing-accuracy-land-cover-change::b8,resolved,10.1016/j.landusepol.2007.11.008,via=crossref; ratio=0.99; year=2008,cr::10.1016/j.landusepol.2007.11.008,10.1016/j.landusepol.2007.11.008,26.595172748314212,0.9999999901359501,True
Foody_2010_assessing-accuracy-land-cover-change::b9,resolved,10.1016/j.prevetmed.2004.12.005,via=crossref; ratio=1.00; year=2005,cr::10.1016/j.prevetmed.2004.12.005,10.1016/j.prevetmed.2004.12.005,29.65406643736778,0.999999998816314,True
Foody_2010_assessing-accuracy-land-cover-change::b10,resolved,10.1016/j.rse.2009.07.011,via=crossref; ratio=0.98; year=2009,cr::10.1016/j.rse.2009.07.011,10.1016/j.rse.2009.07.011,28.46102154249381,0.9999999972936822,True
Foody_2010_assessing-accuracy-land-cover-change::b11,resolved,10.1016/j.patrec.2004.06.002,via=crossref; ratio=1.00; year=2004,cr::10.1016/j.patrec.2004.06.002,10.1016/j.patrec.2004.06.002,25.135741129676916,0.9999999728738633,True
Foody_2010_assessing-accuracy-land-cover-change::b12,resolved,10.1109/tgrs.2008.2007741,via=crossref; ratio=1.00; year=2009,cr::10.1109/tgrs.2008.2007741,10.1109/tgrs.2008.2007741,26.457669224564277,0.9999999891495451,True
Foody_2010_assessing-accuracy-land-cover-change::b13,resolved,10.1109/tgrs.2008.2011983,via=crossref; ratio=1.00; year=2009,cr::10.1109/tgrs.2008.2011983,10.1109/tgrs.2008.2011983,26.457669224564277,0.9999999891495451,True
Foody_2010_assessing-accuracy-land-cover-change::b14,unresolved,,"best=crossref:0.72:10.1093/oxfordjournals.aje.a120609; skipped=semanticscholar,arxiv (rate-limited)",cr::10.1093/oxfordjournals.aje.a120609,10.1093/oxfordjournals.aje.a120609,24.854923514064595,0.9999999670449126,False
Foody_2010_assessing-accuracy-land-cover-change::b15,resolved,10.1080/01431160802672864,via=crossref; ratio=1.00; year=2009,cr::10.1080/01431160802672864,10.1080/01431160802672864,27.715466982031923,0.999999995462537,True
Foody_2010_assessing-accuracy-land-cover-change::b16,resolved,10.14358/pers.69.4.369,via=crossref; ratio=1.00; year=2003,cr::10.14358/pers.69.4.369,10.14358/pers.69.4.369,24.378584283980388,0.9999999541525845,True
Foody_2010_assessing-accuracy-land-cover-change::b17,ambiguous,,2 distinct works accepted at crossref,cr::10.1080/014311600210092,10.1080/014311600210092,26.69987012698091,0.9999999908264336,False
Foody_2010_assessing-accuracy-land-cover-change::b18,unresolved,,"best=crossref:0.57:10.1068/b31135; skipped=semanticscholar,arxiv (rate-limited)",cr::10.1068/b31135,10.1068/b31135,17.576714340300924,0.9999948846007348,False
Foody_2010_assessing-accuracy-land-cover-change::b19,unresolved,,"best=crossref:0.64:10.1201/b19355-47; skipped=semanticscholar,arxiv (rate-limited)",cr::10.2172/108147,10.2172/108147,-9.052264642117017,0.0018800938600636121,False
Foody_2010_assessing-accuracy-land-cover-change::b20,resolved,10.1016/0034-4257(91)90048-b,via=crossref; ratio=1.00; year=1991,cr::10.1016/0034-4257(91)90048-b,10.1016/0034-4257(91)90048-b,26.609672318009327,0.9999999902345906,True
Foody_2010_assessing-accuracy-land-cover-change::b21,unresolved,,"best=crossref:0.38:10.1201/9781420055139-12; skipped=semanticscholar,arxiv (rate-limited)",cr::10.1201/9781420048568,10.1201/9781420048568,4.591998793573516,0.9601868643619115,False
Foody_2010_assessing-accuracy-land-cover-change::b22,resolved,10.1890/1051-0761(1997)007[0753:trbluc]2.0.co;2,via=crossref; ratio=1.00; year=1997,cr::10.1890/1051-0761(1997)007[0753:trbluc]2.0.co;2,10.1890/1051-0761(1997)007[0753:trbluc]2.0.co;2,27.381047942961366,0.9999999942788511,True
Foody_2010_assessing-accuracy-land-cover-change::b23,unresolved,,"best=crossref:0.97:10.1073/pnas.182560099; skipped=semanticscholar,arxiv (rate-limited)",cr::10.1073/pnas.182560099,10.1073/pnas.182560099,15.197580283438878,0.9999733890170925,False
Foody_2010_assessing-accuracy-land-cover-change::b24,resolved,10.1177/0309133307079054,via=crossref; ratio=1.00; year=2007,cr::10.1177/0309133307079054,10.1177/0309133307079054,25.89873303285872,0.9999999840152997,True
Foody_2010_assessing-accuracy-land-cover-change::b25,ambiguous,,2 distinct works accepted at crossref,cr::10.1002/1097-0215(20001215)88:6<1003::aid-ijc26>3.0.co;2-9,10.1002/1097-0215(20001215)88:6<1003::aid-ijc26>3.0.co;2-9,28.33213834248042,0.999999997040785,False
Foody_2010_assessing-accuracy-land-cover-change::b26,resolved,10.1016/s0167-5877(01)00226-4,via=crossref; ratio=1.00; year=2001,cr::10.1016/s0167-5877(01)00226-4,10.1016/s0167-5877(01)00226-4,27.737814290695614,0.9999999955322807,True
Foody_2010_assessing-accuracy-land-cover-change::b27,resolved,10.1016/s0167-5877(00)00117-3,via=crossref; ratio=1.00; year=2000,cr::10.1016/s0167-5877(00)00117-3,10.1016/s0167-5877(00)00117-3,27.069103936646627,0.9999999928978841,True
Foody_2010_assessing-accuracy-land-cover-change::b28,resolved,10.1029/153gm03,via=crossref; ratio=1.00; year=2004,cr::10.1029/153gm03,10.1029/153gm03,21.84945313889063,0.9999997353577981,True
Foody_2010_assessing-accuracy-land-cover-change::b29,resolved,10.2307/2531499,via=crossref; ratio=1.00; year=1989,cr::10.2307/2531499,10.2307/2531499,28.069103936646627,0.999999996448942,True
Foody_2010_assessing-accuracy-land-cover-change::b30,resolved,10.1017/s0376892997000088,via=crossref; ratio=1.00; year=1997,cr::10.1017/s0376892997000088,10.1017/s0376892997000088,28.23902893808894,0.999999996843504,True
Foody_2010_assessing-accuracy-land-cover-change::b31,unresolved,,"best=crossref:0.79:10.1016/s0034-4257(01)00295-4; skipped=semanticscholar,arxiv (rate-limited)",cr::10.1016/s0034-4257(01)00295-4,10.1016/s0034-4257(01)00295-4,19.445799317406916,0.9999985996696305,False
Foody_2010_assessing-accuracy-land-cover-change::b32,resolved,10.1080/01431160701442120,via=crossref; ratio=1.00; year=2008,cr::10.1080/01431160701442120,10.1080/01431160701442120,25.624319093973728,0.9999999806664625,True
Foody_2010_assessing-accuracy-land-cover-change::b33,resolved,10.1080/01431160902755346,via=crossref; ratio=1.00; year=2009,cr::10.1080/01431160902755346,10.1080/01431160902755346,24.90811205997432,0.9999999682377602,True
Foody_2010_assessing-accuracy-land-cover-change::b34,resolved,10.1177/0309133306071143,via=crossref; ratio=1.00; year=2006,cr::10.1177/0309133306071143,10.1177/0309133306071143,24.960133577522864,0.999999969362658,True
Foody_2010_assessing-accuracy-land-cover-change::b35,resolved,10.1080/01431160310001619607,via=crossref; ratio=1.00; year=2004,cr::10.1080/01431160310001619607,10.1080/01431160310001619607,27.595172748314212,0.9999999950679751,True
Foody_2010_assessing-accuracy-land-cover-change::b36,resolved,10.1016/s0167-5877(00)00119-7,via=crossref; ratio=1.00; year=2000,cr::10.1016/s0167-5877(00)00119-7,10.1016/s0167-5877(00)00119-7,28.069103936646627,0.999999996448942,True
Foody_2010_assessing-accuracy-land-cover-change::b37,resolved,10.1111/j.0006-341x.2000.01055.x,via=crossref; ratio=1.00; year=2000,cr::10.1111/j.0006-341x.2000.01055.x,10.1111/j.0006-341x.2000.01055.x,29.431674016031334,0.999999998619033,True
Foody_2010_assessing-accuracy-land-cover-change::b38,unresolved,,"best=crossref:0.70:10.1093/oxfordjournals.aje.a120609; skipped=semanticscholar,arxiv (rate-limited)",cr::10.1093/oxfordjournals.aje.a120610,10.1093/oxfordjournals.aje.a120610,24.854923514064595,0.9999999670449126,False
Foody_2010_assessing-accuracy-land-cover-change::b39,resolved,10.1111/1467-9876.00389,via=crossref; ratio=1.00; year=2003,cr::10.1111/1467-9876.00389,10.1111/1467-9876.00389,20.487267730097944,0.9999993196731856,True
Foody_2010_assessing-accuracy-land-cover-change::b40,resolved,10.1177/0309133308093606,via=crossref; ratio=1.00; year=2008,cr::10.1177/0309133308093606,10.1177/0309133308093606,25.783255815438782,0.9999999826832413,True
Foody_2010_assessing-accuracy-land-cover-change::b41,ambiguous,,2 distinct works accepted at crossref,cr::10.1191/096228000701555127,10.1191/096228000701555127,26.489035918663408,0.9999999893829069,False
Foody_2010_assessing-accuracy-land-cover-change::b42,resolved,10.1080/13658810210157822,via=crossref; ratio=1.00; year=2003,cr::10.1080/13658810210157822,10.1080/13658810210157822,27.917100843201574,0.9999999960543801,True
Foody_2010_assessing-accuracy-land-cover-change::b43,unresolved,,"best=crossref:1.00:10.1002/sim.819.abs; skipped=semanticscholar,arxiv (rate-limited)",cr::10.1002/sim.819.abs,10.1002/sim.819.abs,21.267954915794334,0.9999996039888154,False
Foody_2010_assessing-accuracy-land-cover-change::b44,resolved,10.1016/j.rse.2007.11.013,via=crossref; ratio=0.88; year=2008,cr::10.1016/j.rse.2007.11.013,10.1016/j.rse.2007.11.013,20.445799317406912,0.999999299834325,True
Foody_2010_assessing-accuracy-land-cover-change::b45,resolved,10.1109/tgrs.2006.871219,via=crossref; ratio=0.88; year=2006,cr::10.1109/tgrs.2006.871219,10.1109/tgrs.2006.871219,26.830923695087098,0.9999999916230263,True
Foody_2010_assessing-accuracy-land-cover-change::b46,ambiguous,,2 distinct works accepted at crossref,cr::10.1191/096228098671192352,10.1191/096228098671192352,26.79608544224021,0.9999999914182767,False
Foody_2010_assessing-accuracy-land-cover-change::b47,resolved,10.1111/j.1475-4959.2005.00153.x,via=crossref; ratio=0.99; year=2005,cr::10.1111/j.1475-4959.2005.00153.x,10.1111/j.1475-4959.2005.00153.x,31.23902893808894,0.999999999605438,True
Foody_2010_assessing-accuracy-land-cover-change::b48,resolved,10.1080/00049158.2008.10675038,via=crossref; ratio=1.00; year=2008,cr::10.1080/00049158.2008.10675038,10.1080/00049158.2008.10675038,29.33213834248042,0.9999999985203926,True
Foody_2010_assessing-accuracy-land-cover-change::b49,resolved,10.1016/j.rse.2008.08.018,via=crossref; ratio=1.00; year=2009,cr::10.1016/j.rse.2008.08.018,10.1016/j.rse.2008.08.018,27.95362671922669,0.9999999961530205,True
Foody_2010_assessing-accuracy-land-cover-change::b50,resolved,10.1080/014311600750020000,via=crossref; ratio=1.00; year=2000,cr::10.1080/014311600750020000,10.1080/014311600750020000,27.284832627702063,0.9999999938842891,True
Foody_2010_assessing-accuracy-land-cover-change::b51,resolved,10.1016/j.rse.2008.07.018,via=crossref; ratio=1.00; year=2009,cr::10.1016/j.rse.2008.07.018,10.1016/j.rse.2008.07.018,27.95362671922669,0.9999999961530205,True
Foody_2010_assessing-accuracy-land-cover-change::b52,unresolved,,no_title_or_author (nothing to search on),cr::10.1090/s0002-9947-99-01981-9,10.1090/s0002-9947-99-01981-9,-9.052264642117017,0.0018800938600636121,False
Foody_2010_assessing-accuracy-land-cover-change::b53,resolved,10.1126/science.316.5824.536,via=crossref; ratio=1.00; year=2007,cr::10.1126/science.316.5824.536,10.1126/science.316.5824.536,31.23902893808894,0.999999999605438,True
Foody_2010_assessing-accuracy-land-cover-change::b54,unresolved,,"best=crossref:0.57:10.7287/peerj.9246v0.2/reviews/1; skipped=semanticscholar,arxiv (rate-limited)",work::Liu_2009_effects-different-classification-models,10.1080/01431160903131018,-2.8112887221731544,0.12470207173878399,False
Foody_2010_assessing-accuracy-land-cover-change::b55,resolved,10.1080/0143116031000150004,via=crossref; ratio=1.00; year=2004,cr::10.1080/0143116031000150004,10.1080/0143116031000150004,24.0716107922572,0.999999943281716,True
Foody_2010_assessing-accuracy-land-cover-change::b56,resolved,10.14358/pers.74.3.311,via=crossref; ratio=1.00; year=2008,cr::10.14358/pers.74.3.311,10.14358/pers.74.3.311,26.838015902617684,0.9999999916641059,True
Foody_2010_assessing-accuracy-land-cover-change::b57,resolved,10.1016/j.rse.2006.06.018,via=crossref; ratio=0.99; year=2006,cr::10.1016/j.rse.2006.06.018,10.1016/j.rse.2006.06.018,25.43988601478575,0.9999999780299414,True
Foody_2010_assessing-accuracy-land-cover-change::b58,unresolved,,"best=crossref:1.00:10.1007/978-1-4757-5644-9_9; skipped=semanticscholar,arxiv (rate-limited)",cr::10.4135/9781412984720.n2,10.4135/9781412984720.n2,-2.7131074637900614,0.1323219475278147,False
Foody_2010_assessing-accuracy-land-cover-change::b59,resolved,10.1080/01431160600784291,via=crossref; ratio=1.00; year=2006,cr::10.1080/01431160600784291,10.1080/01431160600784291,28.23902893808894,0.999999996843504,True
Foody_2010_assessing-accuracy-land-cover-change::b60,resolved,10.1080/01431160500106975,via=crossref; ratio=1.00; year=2006,cr::10.1080/01431160500106975,10.1080/01431160500106975,28.23902893808894,0.999999996843504,True
Foody_2010_assessing-accuracy-land-cover-change::b61,resolved,10.1111/j.1365-2486.2009.01939.x,via=crossref; ratio=1.00; year=2009,cr::10.1111/j.1365-2486.2009.01939.x,10.1111/j.1365-2486.2009.01939.x,27.381047942961366,0.9999999942788511,True
Foody_2010_assessing-accuracy-land-cover-change::b62,resolved,10.1017/s1466252307001314,via=crossref; ratio=1.00; year=2008,cr::10.1017/s1466252307001314,10.1017/s1466252307001314,15.458116179314278,0.9999777856451028,True
Foody_2010_assessing-accuracy-land-cover-change::b63,resolved,10.1086/514996,via=crossref; ratio=0.89; year=1998,cr::10.1086/514996,10.1086/514996,15.098722738909691,0.9999715016850003,True
Foody_2010_assessing-accuracy-land-cover-change::b64,resolved,10.1080/01431160500117865,via=crossref; ratio=1.00; year=2005,cr::10.1080/01431160500117865,10.1080/01431160500117865,28.538589219947845,0.9999999974353471,True
Foody_2010_assessing-accuracy-land-cover-change::b65,resolved,10.1023/a:1025163108959,via=crossref; ratio=1.00; year=2003,cr::10.1023/a:1025163108959,10.1023/a:1025163108959,26.194634818730485,0.9999999869794542,True
Foody_2010_assessing-accuracy-land-cover-change::b66,resolved,10.1093/biostatistics/kxl038,via=crossref; ratio=1.00; year=2006,cr::10.1093/biostatistics/kxl038,10.1093/biostatistics/kxl038,23.33075859430352,0.9999999052145229,True
Foody_2010_assessing-accuracy-land-cover-change::b67,resolved,10.1080/17474230903222473,via=crossref; ratio=1.00; year=2010,cr::10.1080/17474230903222473,10.1080/17474230903222473,25.368664218505533,0.9999999769181236,True
Foody_2010_assessing-accuracy-land-cover-change::b68,resolved,10.1559/152304006777681706,via=crossref; ratio=1.00; year=2006,cr::10.1559/152304006777681706,10.1559/152304006777681706,27.48414143592547,0.999999994673413,True
Foody_2010_assessing-accuracy-land-cover-change::b69,resolved,10.1016/j.envsoft.2009.09.005,via=crossref; ratio=1.00; year=2010,cr::10.1016/j.envsoft.2009.09.005,10.1016/j.envsoft.2009.09.005,24.72467442954174,0.9999999639312287,True
Foody_2010_assessing-accuracy-land-cover-change::b70,resolved,10.1080/01431160903121134,via=crossref; ratio=1.00; year=2009,cr::10.1080/01431160903121134,10.1080/01431160903121134,27.715466982031923,0.999999995462537,True
Foody_2010_assessing-accuracy-land-cover-change::b71,resolved,10.1016/j.rse.2003.12.007,via=crossref; ratio=1.00; year=2004,cr::10.1016/j.rse.2003.12.007,10.1016/j.rse.2003.12.007,29.23902893808894,0.999999998421752,True
Foody_2010_assessing-accuracy-land-cover-change::b72,ambiguous,,2 distinct works accepted at crossref,cr::10.2307/2669830,10.2307/2669830,27.457669224564277,0.9999999945747725,False
Foody_2010_assessing-accuracy-land-cover-change::b73,resolved,10.2307/2533043,via=crossref; ratio=1.00; year=1996,cr::10.2307/2533043,10.2307/2533043,27.74717584175926,0.9999999955611776,True
Foody_2010_assessing-accuracy-land-cover-change::b74,resolved,10.1111/1467-9884.00120,via=crossref; ratio=1.00; year=1998,cr::10.1111/1467-9884.00120,10.1111/1467-9884.00120,20.335264636652894,0.9999992440813745,True
Foody_2010_assessing-accuracy-land-cover-change::b75,resolved,10.1073/pnas.0401545101,via=crossref; ratio=1.00; year=2004,cr::10.1073/pnas.0401545101,10.1073/pnas.0401545101,26.091378110801116,0.9999999860133871,True
Foody_2010_assessing-accuracy-land-cover-change::b76,unresolved,,"best=crossref:1.00:10.1142/9789814329804_0014; skipped=semanticscholar,arxiv (rate-limited)",cr::10.1142/9789814329804_0014,10.1142/9789814329804_0014,6.051430412210813,0.985146164833457,False
Foody_2010_assessing-accuracy-land-cover-change::b77,resolved,10.1002/sim.4780050105,via=crossref; ratio=1.00; year=1986,cr::10.1002/sim.4780050105,10.1002/sim.4780050105,26.538589219947845,0.9999999897413882,True
Foody_2010_assessing-accuracy-land-cover-change::b78,resolved,10.1093/oxfordjournals.aje.a112510,via=crossref; ratio=1.00; year=1978,cr::10.1093/oxfordjournals.aje.a112510,10.1093/oxfordjournals.aje.a112510,28.917100843201574,0.99999999802719,True
Foody_2010_assessing-accuracy-land-cover-change::b79,resolved,10.14358/pers.69.7.793,via=crossref; ratio=1.00; year=2003,cr::10.14358/pers.69.7.793,10.14358/pers.69.7.793,26.838015902617684,0.9999999916641059,True
Foody_2010_assessing-accuracy-land-cover-change::b80,resolved,10.1109/tgrs.2006.874750,via=crossref; ratio=1.00; year=2006,cr::10.1109/tgrs.2006.874750,10.1109/tgrs.2006.874750,28.65406643736778,0.999999997632628,True
Foody_2010_assessing-accuracy-land-cover-change::b81,resolved,10.1007/s10980-008-9215-x,via=crossref; ratio=1.00; year=2008,cr::10.1007/s10980-008-9215-x,10.1007/s10980-008-9215-x,26.846711515310176,0.9999999917141981,True
Foody_2010_assessing-accuracy-land-cover-change::b82,unresolved,,"best=crossref:1.00:10.53347/rid-94132; skipped=semanticscholar,arxiv (rate-limited)",cr::10.3109/9780203502778-24,10.3109/9780203502778-24,-2.7131074637900614,0.1323219475278147,False
Foody_2010_assessing-accuracy-land-cover-change::b83,resolved,10.1126/science.260.5116.1905,via=crossref; ratio=1.00; year=1993,cr::10.1126/science.260.5116.1905,10.1126/science.260.5116.1905,31.23902893808894,0.999999999605438,True
Foody_2010_assessing-accuracy-land-cover-change::b84,resolved,10.1016/0021-9681(81)90059-x,via=crossref; ratio=1.00; year=1981,cr::10.1016/0021-9681(81)90059-x,10.1016/0021-9681(81)90059-x,27.917100843201574,0.9999999960543801,True
Foody_2010_assessing-accuracy-land-cover-change::b85,resolved,10.1016/j.rse.2005.04.002,via=crossref; ratio=1.00; year=2005,cr::10.1016/j.rse.2005.04.002,10.1016/j.rse.2005.04.002,28.23902893808894,0.999999996843504,True
Foody_2010_assessing-accuracy-land-cover-change::b86,resolved,10.1080/01431160903131000,via=crossref; ratio=1.00; year=2009,cr::10.1080/01431160903131000,10.1080/01431160903131000,24.715466982031923,0.9999999637002975,True
Foody_2010_assessing-accuracy-land-cover-change::b87,unresolved,,"best=crossref:0.51:10.4095/220024; skipped=semanticscholar,arxiv (rate-limited)",cr::10.1007/978-0-387-45528-0_3,10.1007/978-0-387-45528-0_3,-7.633160391912068,0.005011960281328341,False
Foody_2010_assessing-accuracy-land-cover-change::b88,resolved,10.1016/j.foreco.2007.06.033,via=crossref; ratio=1.00; year=2007,cr::10.1016/j.foreco.2007.06.033,10.1016/j.foreco.2007.06.033,29.65406643736778,0.999999998816314,True
Foody_2010_assessing-accuracy-land-cover-change::b89,resolved,10.1002/(sici)1097-0258(19971015)16:19<2157::aid-sim653>3.0.co;2-x,via=crossref; ratio=1.00; year=1997,cr::10.1002/(sici)1097-0258(19971015)16:19<2157::aid-sim653>3.0.co;2-x,10.1002/(sici)1097-0258(19971015)16:19<2157::aid-sim653>3.0.co;2-x,27.991101424645354,0.999999996251661,True
Foody_2010_assessing-accuracy-land-cover-change::b90,unresolved,,"best=crossref:0.43:10.1787/888933484623; skipped=semanticscholar,arxiv (rate-limited)",work::Townshend_1992_impact-misregistration-change-detection,10.1109/36.175340,0.7122732338838585,0.6209800665368579,False
Foody_2010_assessing-accuracy-land-cover-change::b91,unresolved,,"best=crossref:0.42:10.1201/b19322-36; skipped=semanticscholar,arxiv (rate-limited)",cr::10.1016/s0305-9006(03)00064-3,10.1016/s0305-9006(03)00064-3,29.431674016031334,0.999999998619033,False
Foody_2010_assessing-accuracy-land-cover-change::b92,resolved,10.1126/science.227.4685.369,via=crossref; ratio=1.00; year=1985,cr::10.1126/science.227.4685.369,10.1126/science.227.4685.369,31.23902893808894,0.999999999605438,True
Foody_2010_assessing-accuracy-land-cover-change::b93,resolved,10.1073/pnas.0704119104,via=crossref; ratio=1.00; year=2007,cr::10.1073/pnas.0704119104,10.1073/pnas.0704119104,22.076296981745205,0.9999997738626404,True
Foody_2010_assessing-accuracy-land-cover-change::b94,resolved,10.1002/sim.4780090509,via=crossref; ratio=1.00; year=1990,cr::10.1002/sim.4780090509,10.1002/sim.4780090509,27.1515660968386,0.999999993292446,True
Foody_2010_assessing-accuracy-land-cover-change::b95,resolved,10.2307/2530967,via=crossref; ratio=1.00; year=1985,cr::10.2307/2530967,10.2307/2530967,27.917100843201574,0.9999999960543801,True
Foody_2010_assessing-accuracy-land-cover-change::b96,resolved,10.1093/ajcp/93.2.252,via=crossref; ratio=1.00; year=1990,cr::10.1093/ajcp/93.2.252,10.1093/ajcp/93.2.252,28.77959731945164,0.999999997829909,True
Foody_2010_assessing-accuracy-land-cover-change::b97,resolved,10.1080/01431160500057848,via=crossref; ratio=1.00; year=2005,cr::10.1080/01431160500057848,10.1080/01431160500057848,26.95362671922669,0.9999999923060411,True
Foody_2010_assessing-accuracy-land-cover-change::b98,resolved,10.1016/j.rse.2006.10.012,via=crossref; ratio=1.00; year=2007,cr::10.1016/j.rse.2006.10.012,10.1016/j.rse.2006.10.012,27.33213834248042,0.99999999408157,True
Foody_2010_assessing-accuracy-land-cover-change::b99,resolved,10.1080/014311600750037570,via=crossref; ratio=0.99; year=2000,cr::10.1080/014311600750037570,10.1080/014311600750037570,26.622302449526874,0.9999999903197092,True
Foody_2010_assessing-accuracy-land-cover-change::b100,unresolved,,"best=crossref:1.00:10.1080/00401706.1998.10485510; skipped=semanticscholar,arxiv (rate-limited)",cr::10.1080/00401706.1998.10485510,10.1080/00401706.1998.10485510,-0.9457596688070463,0.3417398038665256,False
Foody_2010_assessing-accuracy-land-cover-change::b101,resolved,10.2307/1941591,via=crossref; ratio=1.00; year=1994,cr::10.2307/1941591,10.2307/1941591,29.069103936646627,0.999999998224471,True
Foody_2010_assessing-accuracy-land-cover-change::b102,resolved,10.1006/jema.2001.0509,via=crossref; ratio=1.00; year=2002,cr::10.1006/jema.2001.0509,10.1006/jema.2001.0509,29.65406643736778,0.999999998816314,True
Foody_2010_assessing-accuracy-land-cover-change::b103,unresolved,,"best=crossref:0.49:10.1017/cbo9780511574931.024; skipped=semanticscholar,arxiv (rate-limited)",cr::10.1007/b102248,10.1007/b102248,-9.052264642117017,0.0018800938600636121,False
Foody_2010_assessing-accuracy-land-cover-change::b104,resolved,10.1109/tgrs.2004.837325,via=crossref; ratio=1.00; year=2005,cr::10.1109/tgrs.2004.837325,10.1109/tgrs.2004.837325,26.33213834248042,0.9999999881631402,True
Foody_2010_assessing-accuracy-land-cover-change::b105,resolved,10.1016/s0034-4257(01)00259-0,via=crossref; ratio=0.99; year=2001,cr::10.1016/s0034-4257(01)00259-0,10.1016/s0034-4257(01)00259-0,28.5678892892533,0.9999999974869078,True
Foody_2010_assessing-accuracy-land-cover-change::b106,resolved,10.14358/pers.75.3.313,via=crossref; ratio=1.00; year=2009,cr::10.14358/pers.75.3.313,10.14358/pers.75.3.313,26.78356811859531,0.9999999913434946,True
Foody_2010_assessing-accuracy-land-cover-change::b107,resolved,10.2307/2533555,via=crossref; ratio=0.99; year=1997,cr::10.2307/2533555,10.2307/2533555,26.184181337134987,0.9999999868847673,True
Foody_2010_assessing-accuracy-land-cover-change::b108,resolved,10.1080/01431160500219224,via=crossref; ratio=0.98; year=2005,cr::10.1080/01431160500219224,10.1080/01431160500219224,25.731234297890243,0.9999999820474295,True
Foody_2010_assessing-accuracy-land-cover-change::b109,resolved,10.1080/01431160110075802,via=crossref; ratio=1.00; year=2002,cr::10.1080/01431160110075802,10.1080/01431160110075802,25.039356593252574,0.999999970999694,True
Besag_1974_spatial-interaction-statistical-analysis::b0,unresolved,,"best=crossref:0.55:10.1061/41064(358)268; skipped=semanticscholar,arxiv (rate-limited)",cr::10.1515/9781400873173-010,10.1515/9781400873173-010,-9.052264642117017,0.0018800938600636121,False
Besag_1974_spatial-interaction-statistical-analysis::b1,unresolved,,"best=crossref:0.96:10.1142/9789819833788_0001; skipped=semanticscholar,arxiv (rate-limited)",cr::10.1142/9789819833788_0001,10.1142/9789819833788_0001,-6.512250387093251,0.010836409701876206,False
Besag_1974_spatial-interaction-statistical-analysis::b2,unresolved,,no_title_or_author (nothing to search on),work::Frayer_1967_area-change-estimates-sampling,10.1093/forestscience/13.1.72,-9.052264642117017,0.0018800938600636121,False
Besag_1974_spatial-interaction-statistical-analysis::b3,unresolved,,no_title_or_author (nothing to search on),cr::10.2307/2985674,10.2307/2985674,-12.472838884892477,0.0001758834487050286,False
Besag_1974_spatial-interaction-statistical-analysis::b4,unresolved,,no_title_or_author (nothing to search on),cr::10.1016/b978-0-12-775850-3.50010-8,10.1016/b978-0-12-775850-3.50010-8,-9.052264642117017,0.0018800938600636121,False
Besag_1974_spatial-interaction-statistical-analysis::b5,unresolved,,"best=crossref:0.62:10.1007/978-3-642-79917-4_9; skipped=semanticscholar,arxiv (rate-limited)",cr::10.3133/gp822,10.3133/gp822,-9.052264642117017,0.0018800938600636121,False
Besag_1974_spatial-interaction-statistical-analysis::b6,unresolved,,no_title_or_author (nothing to search on),cr::10.2307/2983677,10.2307/2983677,-6.512250387093251,0.010836409701876206,False
Besag_1974_spatial-interaction-statistical-analysis::b7,unresolved,,"best=crossref:0.57:10.2139/ssrn.7276484; skipped=semanticscholar,arxiv (rate-limited)",cr::10.1179/003962669791975894,10.1179/003962669791975894,-12.472838884892477,0.0001758834487050286,False
Besag_1974_spatial-interaction-statistical-analysis::b8,unresolved,,"best=crossref:0.60:10.3733/hilg.v07n02p081; skipped=semanticscholar,arxiv (rate-limited)",,,,,False
Besag_1974_spatial-interaction-statistical-analysis::b9,resolved,10.1111/j.2517-6161.1972.tb00889.x,via=crossref; ratio=1.00; year=1972,cr::10.1111/j.2517-6161.1972.tb00889.x,10.1111/j.2517-6161.1972.tb00889.x,18.013336541765533,0.9999962204183006,True
Besag_1974_spatial-interaction-statistical-analysis::b10,unresolved,,no_title_or_author (nothing to search on),cr::10.5962/bhl.title.53137,10.5962/bhl.title.53137,-9.052264642117017,0.0018800938600636121,False
Besag_1974_spatial-interaction-statistical-analysis::b11,unresolved,,no_title_or_author (nothing to search on),cr::10.5962/bhl.title.53137,10.5962/bhl.title.53137,-9.052264642117017,0.0018800938600636121,False
Besag_1974_spatial-interaction-statistical-analysis::b12,ambiguous,,2 distinct works accepted at crossref,cr::10.2307/2334154,10.2307/2334154,28.65406643736778,0.999999997632628,False
Besag_1974_spatial-interaction-statistical-analysis::b13,unresolved,,"best=crossref:0.63:10.4324/9780080575469-10; skipped=semanticscholar,arxiv (rate-limited)",,,,,False
Besag_1974_spatial-interaction-statistical-analysis::b14,unresolved,,"best=crossref:0.91:10.1007/springerreference_205530; skipped=semanticscholar,arxiv (rate-limited)",cr::10.1017/s0020268100035435,10.1017/s0020268100035435,26.29030607889108,0.9999999878148952,False
Besag_1974_spatial-interaction-statistical-analysis::b15,resolved,10.2307/2983677,via=crossref; ratio=0.86; year=1936,cr::10.2307/2983677,10.2307/2983677,14.88076988473715,0.999966854275912,True
Besag_1974_spatial-interaction-statistical-analysis::b16,unresolved,,"best=crossref:1.00:10.1007/springerreference_60769; skipped=semanticscholar,arxiv (rate-limited)",cr::10.1007/springerreference_60769,10.1007/springerreference_60769,-1.3262101098814258,0.28510894328342257,False
Besag_1974_spatial-interaction-statistical-analysis::b17,unresolved,,no_title_or_author (nothing to search on),cr::10.5962/bhl.title.53137,10.5962/bhl.title.53137,-9.052264642117017,0.0018800938600636121,False
Besag_1974_spatial-interaction-statistical-analysis::b18,unresolved,,"best=crossref:0.65:10.1007/0-8176-4463-6_1; skipped=semanticscholar,arxiv (rate-limited)",,,,,False
Besag_1974_spatial-interaction-statistical-analysis::b19,ambiguous,,2 distinct works accepted at crossref,cr::10.2307/2333347,10.2307/2333347,27.66960816430523,0.9999999953159883,False
Besag_1974_spatial-interaction-statistical-analysis::b20,unresolved,,no_title_or_author (nothing to search on),cr::10.7287/peerj.preprints.2269v2/supp-7,10.7287/peerj.preprints.2269v2/supp-7,0.09289414032352168,0.5160917685642633,False
Besag_1974_spatial-interaction-statistical-analysis::b21,unresolved,,"best=crossref:0.88:10.1093/forestscience/4.2.127; skipped=semanticscholar,arxiv (rate-limited)",cr::10.1093/forestscience/4.2.127,10.1093/forestscience/4.2.127,-5.143234152706832,0.02751781209753802,False
Besag_1974_spatial-interaction-statistical-analysis::b22,resolved,10.1112/blms/5.1.81,via=crossref; ratio=1.00; year=1973,cr::10.1112/blms/5.1.81,10.1112/blms/5.1.81,20.37585726360411,0.9999992650539551,True
Besag_1974_spatial-interaction-statistical-analysis::b23,unresolved,,"best=crossref:0.55:10.1090/conm/001/03; skipped=semanticscholar,arxiv (rate-limited)",cr::10.3133/gp822,10.3133/gp822,-7.633160391912068,0.005011960281328341,False
Besag_1974_spatial-interaction-statistical-analysis::b24,ambiguous,,2 distinct works accepted at crossref,cr::10.2307/2333430,10.2307/2333430,27.65406643736778,0.9999999952652561,False
Besag_1974_spatial-interaction-statistical-analysis::b25,unresolved,,no_title_or_author (nothing to search on),cr::10.2307/2333459,10.2307/2333459,5.919147363629973,0.9837429873272712,False
Besag_1974_spatial-interaction-statistical-analysis::b26,unresolved,,"best=crossref:0.69:10.1214/aoms/1177730504; skipped=semanticscholar,arxiv (rate-limited)",cr::10.1214/aoms/1177730504,10.1214/aoms/1177730504,-20.61793744654706,6.214155404987901e-07,False
Besag_1974_spatial-interaction-statistical-analysis::b27,unresolved,,"best=crossref:0.53:10.1515/dema-1978-0421; skipped=semanticscholar,arxiv (rate-limited)",,,,,False
Besag_1974_spatial-interaction-statistical-analysis::b28,unresolved,,"best=crossref:0.65:10.4157/grj.7.459; skipped=semanticscholar,arxiv (rate-limited)",cr::10.2307/2985674,10.2307/2985674,-10.981176683640463,0.0004944491571191531,False
Besag_1974_spatial-interaction-statistical-analysis::b29,resolved,10.1093/oxfordjournals.aob.a084076,via=crossref; ratio=1.00; year=1966,cr::10.1093/oxfordjournals.aob.a084076,10.1093/oxfordjournals.aob.a084076,19.133630775483244,0.9999982613888698,True
Besag_1974_spatial-interaction-statistical-analysis::b30,unresolved,,no_title_or_author (nothing to search on),work::Frayer_1967_area-change-estimates-sampling,10.1093/forestscience/13.1.72,-9.052264642117017,0.0018800938600636121,False
Besag_1974_spatial-interaction-statistical-analysis::b31,unresolved,,no_title_or_author (nothing to search on),cr::10.2307/2985674,10.2307/2985674,-12.472838884892477,0.0001758834487050286,False
Besag_1974_spatial-interaction-statistical-analysis::b32,unresolved,,no_title_or_author (nothing to search on),cr::10.1016/b978-0-12-775850-3.50010-8,10.1016/b978-0-12-775850-3.50010-8,-9.052264642117017,0.0018800938600636121,False
Besag_1974_spatial-interaction-statistical-analysis::b33,unresolved,,"best=crossref:0.92:10.33915/agnic.189; skipped=semanticscholar,arxiv (rate-limited)",cr::10.1017/s002185960000160x,10.1017/s002185960000160x,19.264875308761496,0.9999984125722063,False
Besag_1974_spatial-interaction-statistical-analysis::b34,ambiguous,,2 distinct works accepted at crossref,cr::10.1017/s002190020004208x,10.1017/s002190020004208x,16.19776111290296,0.9999866959991327,False
Besag_1974_spatial-interaction-statistical-analysis::b35,unresolved,,no_title_or_author (nothing to search on),cr::10.3138/fm57-6770-u75u-7727,10.3138/fm57-6770-u75u-7727,-4.1221204615560065,0.05430847317163873,False
Besag_1974_spatial-interaction-statistical-analysis::b36,resolved,10.1214/aoms/1177729700,via=crossref; ratio=1.00; year=1951,cr::10.1214/aoms/1177729700,10.1214/aoms/1177729700,18.750302135931737,0.999997732247552,True
Besag_1974_spatial-interaction-statistical-analysis::b37,unresolved,,"best=crossref:0.68:10.1007/s43071-021-00016-1; skipped=semanticscholar,arxiv (rate-limited)",cr::10.1017/cbo9780511897122.002,10.1017/cbo9780511897122.002,-9.052264642117017,0.0018800938600636121,False
Besag_1974_spatial-interaction-statistical-analysis::b38,unresolved,,"best=crossref:0.41:10.1002/9781394188789.ch8; skipped=semanticscholar,arxiv (rate-limited)",cr::10.1179/003962669791975894,10.1179/003962669791975894,-9.052264642117017,0.0018800938600636121,False
Besag_1974_spatial-interaction-statistical-analysis::b39,ambiguous,,2 distinct works accepted at crossref,cr::10.2307/2332725,10.2307/2332725,27.33213834248042,0.99999999408157,False
Besag_1974_spatial-interaction-statistical-analysis::b40,unresolved,,"best=crossref:0.73:10.1017/9781108779197.026; skipped=semanticscholar,arxiv (rate-limited)",cr::10.3138/9781487599973-002,10.3138/9781487599973-002,-9.052264642117017,0.0018800938600636121,False
Besag_1974_spatial-interaction-statistical-analysis::b41,unresolved,,"best=crossref:0.86:10.1017/cbo9780511897122.002; skipped=semanticscholar,arxiv (rate-limited)",cr::10.1112/blms/5.1.81,10.1112/blms/5.1.81,-5.292040602583247,0.02488808623883302,False
Besag_1974_spatial-interaction-statistical-analysis::b42,resolved,10.1137/1112050,via=crossref; ratio=0.87; year=1967,cr::10.1137/1112050,10.1137/1112050,12.070370839994212,0.9997675361913764,True
Besag_1974_spatial-interaction-statistical-analysis::b43,unresolved,,"best=crossref:0.61:10.1006/jcta.2000.3110; skipped=semanticscholar,arxiv (rate-limited)",cr::10.2307/2334154,10.2307/2334154,-14.401750926415923,4.6197759875344225e-05,False
Besag_1974_spatial-interaction-statistical-analysis::b44,resolved,10.1007/bf02761538,via=crossref; ratio=1.00; year=1973,cr::10.1007/bf02761538,10.1007/bf02761538,25.23576802013629,0.9999999746908913,True
Besag_1974_spatial-interaction-statistical-analysis::b45,resolved,10.1080/00029890.1971.11992710,via=crossref; ratio=1.00; year=1971,cr::10.1080/00029890.1971.11992710,10.1080/00029890.1971.11992710,21.072230230819102,0.9999995464486875,True
Besag_1974_spatial-interaction-statistical-analysis::b46,unresolved,,"best=crossref:1.00:10.2307/2333459; skipped=semanticscholar,arxiv (rate-limited)",cr::10.2307/2332724,10.2307/2332724,23.28855543457216,0.9999999024008094,False
Besag_1974_spatial-interaction-statistical-analysis::b47,unresolved,,no_title_or_author (nothing to search on),cr::10.2307/894882,10.2307/894882,-12.472838884892477,0.0001758834487050286,False
Besag_1974_spatial-interaction-statistical-analysis::b48,ambiguous,,2 distinct works accepted at crossref,cr::10.2307/2332474,10.2307/2332474,27.538589219947845,0.999999994870694,False
Walton_2008_difficulties-estimating-city-wide-urban::b0,resolved,10.2737/pnw-gtr-490,via=crossref; ratio=1.00; year=2000,cr::10.2737/pnw-gtr-490,10.2737/pnw-gtr-490,14.686721182546897,0.999962082480532,True
Walton_2008_difficulties-estimating-city-wide-urban::b1,unresolved,,"best=crossref:0.58:10.3133/70046118; skipped=semanticscholar,arxiv (rate-limited)",cr::10.14358/pers.70.7.829,10.14358/pers.70.7.829,26.091378110801116,0.9999999860133871,False
Walton_2008_difficulties-estimating-city-wide-urban::b2,unresolved,,"best=crossref:0.57:10.3133/70046118; skipped=semanticscholar,arxiv (rate-limited)",cr::10.5962/bhl.title.122814,10.5962/bhl.title.122814,-9.052264642117017,0.0018800938600636121,False
Walton_2008_difficulties-estimating-city-wide-urban::b3,unresolved,,"best=crossref:0.48:10.4095/220054; skipped=semanticscholar,arxiv (rate-limited)",cr::10.1061/9780784404645.ch09,10.1061/9780784404645.ch09,-9.052264642117017,0.0018800938600636121,False
Walton_2008_difficulties-estimating-city-wide-urban::b4,resolved,10.14358/pers.72.7.823,via=crossref; ratio=1.00; year=2006,cr::10.14358/pers.72.7.823,10.14358/pers.72.7.823,25.576804937971357,0.9999999800191246,True
Walton_2008_difficulties-estimating-city-wide-urban::b5,unresolved,,"best=crossref:1.00:10.1201/b21179-11; skipped=semanticscholar,arxiv (rate-limited)",cr::10.1093/jof/92.10.42,10.1093/jof/92.10.42,3.1625937931636434,0.8995417249053456,False
Walton_2008_difficulties-estimating-city-wide-urban::b6,resolved,10.2737/nrs-rb-7,via=crossref; ratio=0.99; year=2007,cr::10.2737/nrs-rb-7,10.2737/nrs-rb-7,9.94212174144433,0.998984495427669,True
Walton_2008_difficulties-estimating-city-wide-urban::b7,unresolved,,"best=crossref:1.00:10.32614/r.manuals; skipped=semanticscholar,arxiv (rate-limited)",cr::10.32614/r.manuals,10.32614/r.manuals,5.86872874275862,0.9831745289837553,False
Walton_2008_difficulties-estimating-city-wide-urban::b8,unresolved,,"best=crossref:0.43:10.1016/j.ufug.2024.128331; skipped=semanticscholar,arxiv (rate-limited)",cr::10.21236/ada154110,10.21236/ada154110,-9.562072433435516,0.001321159418621157,False
Walton_2008_difficulties-estimating-city-wide-urban::b9,resolved,10.1007/978-94-017-3048-8_23,via=crossref; ratio=1.00; year=1984,cr::10.1007/978-94-017-3048-8_23,10.1007/978-94-017-3048-8_23,21.84945313889063,0.9999997353577981,True
Walton_2008_difficulties-estimating-city-wide-urban::b10,resolved,10.5589/m02-098,via=crossref; ratio=1.00; year=2003,cr::10.5589/m02-098,10.5589/m02-098,17.04248288742505,0.9999925920467482,True
Walton_2008_difficulties-estimating-city-wide-urban::b11,resolved,10.2737/so-rp-280,via=crossref; ratio=1.00; year=1994,cr::10.2737/so-rp-280,10.2737/so-rp-280,12.227289563909599,0.9997914892208779,True
Page_1954_continuous-inspection-schemes::b0,unresolved,,no_title_or_author (nothing to search on),cr::10.7287/peerj.preprints.2269v2/supp-7,10.7287/peerj.preprints.2269v2/supp-7,-1.3262101098814258,0.28510894328342257,False
Page_1954_continuous-inspection-schemes::b1,unresolved,,no_title_or_author (nothing to search on),cr::10.7287/peerj.preprints.2269v2/supp-7,10.7287/peerj.preprints.2269v2/supp-7,-1.3262101098814258,0.28510894328342257,False
Page_1954_continuous-inspection-schemes::b2,unresolved,,no_title_or_author (nothing to search on),cr::10.7287/peerj.preprints.2269v2/supp-7,10.7287/peerj.preprints.2269v2/supp-7,-1.3262101098814258,0.28510894328342257,False
Page_1954_continuous-inspection-schemes::b3,unresolved,,no_title_or_author (nothing to search on),cr::10.7287/peerj.preprints.2269v2/supp-7,10.7287/peerj.preprints.2269v2/supp-7,-1.3262101098814258,0.28510894328342257,False
Page_1954_continuous-inspection-schemes::b4,unresolved,,no_title_or_author (nothing to search on),cr::10.7287/peerj.preprints.2269v2/supp-7,10.7287/peerj.preprints.2269v2/supp-7,-1.3262101098814258,0.28510894328342257,False
Page_1954_continuous-inspection-schemes::b5,unresolved,,no_title_or_author (nothing to search on),cr::10.7287/peerj.preprints.2269v2/supp-7,10.7287/peerj.preprints.2269v2/supp-7,-1.3262101098814258,0.28510894328342257,False
Page_1954_continuous-inspection-schemes::b6,unresolved,,"best=crossref:0.20:10.1017/s0305004116000220; skipped=semanticscholar,arxiv (rate-limited)",cr::10.2307/2333347,10.2307/2333347,-13.292998209139176,9.962435858436032e-05,False
Page_1954_continuous-inspection-schemes::b7,unresolved,,no_title_or_author (nothing to search on),cr::10.7287/peerj.preprints.2269v2/supp-7,10.7287/peerj.preprints.2269v2/supp-7,-1.3262101098814258,0.28510894328342257,False
Page_1954_continuous-inspection-schemes::b8,unresolved,,no_title_or_author (nothing to search on),cr::10.7287/peerj.preprints.2269v2/supp-7,10.7287/peerj.preprints.2269v2/supp-7,-1.3262101098814258,0.28510894328342257,False
Page_1954_continuous-inspection-schemes::b9,unresolved,,no_title_or_author (nothing to search on),cr::10.7287/peerj.preprints.2269v2/supp-7,10.7287/peerj.preprints.2269v2/supp-7,0.09289414032352168,0.5160917685642633,False
Page_1954_continuous-inspection-schemes::b10,unresolved,,no_title_or_author (nothing to search on),cr::10.7287/peerj.preprints.2269v2/supp-7,10.7287/peerj.preprints.2269v2/supp-7,0.09289414032352168,0.5160917685642633,False
Page_1954_continuous-inspection-schemes::b11,unresolved,,"best=crossref:1.00:10.2307/2347108; skipped=semanticscholar,arxiv (rate-limited)",cr::10.2307/2347108,10.2307/2347108,-4.642019505313508,0.038508647964824665,False
Page_1954_continuous-inspection-schemes::b12,unresolved,,no_title_or_author (nothing to search on),cr::10.7287/peerj.preprints.2269v2/supp-7,10.7287/peerj.preprints.2269v2/supp-7,-1.3262101098814258,0.28510894328342257,False
Page_1954_continuous-inspection-schemes::b13,unresolved,,no_title_or_author (nothing to search on),cr::10.7287/peerj.preprints.2269v2/supp-7,10.7287/peerj.preprints.2269v2/supp-7,0.09289414032352168,0.5160917685642633,False
Page_1954_continuous-inspection-schemes::b14,unresolved,,no_title_or_author (nothing to search on),cr::10.7287/peerj.preprints.2269v2/supp-7,10.7287/peerj.preprints.2269v2/supp-7,-1.3262101098814258,0.28510894328342257,False
Page_1954_continuous-inspection-schemes::b15,unresolved,,no_title_or_author (nothing to search on),cr::10.7287/peerj.preprints.2269v2/supp-7,10.7287/peerj.preprints.2269v2/supp-7,-1.3262101098814258,0.28510894328342257,False
Page_1954_continuous-inspection-schemes::b16,unresolved,,"best=crossref:0.20:10.1017/s0305004116000220; skipped=semanticscholar,arxiv (rate-limited)",cr::10.1017/s0305004100027419,10.1017/s0305004100027419,-3.0678106678865653,0.10655301777065916,False
Page_1954_continuous-inspection-schemes::b17,unresolved,,no_title_or_author (nothing to search on),cr::10.7287/peerj.preprints.2269v2/supp-7,10.7287/peerj.preprints.2269v2/supp-7,-1.3262101098814258,0.28510894328342257,False
Page_1954_continuous-inspection-schemes::b18,unresolved,,"best=crossref:0.88:10.31219/osf.io/qe8x2_v3; skipped=semanticscholar,arxiv (rate-limited)",cr::10.2307/2983677,10.2307/2983677,-14.712102459344123,3.725629639092771e-05,False
Page_1954_continuous-inspection-schemes::b19,unresolved,,no_title_or_author (nothing to search on),cr::10.7287/peerj.preprints.2269v2/supp-7,10.7287/peerj.preprints.2269v2/supp-7,-1.3262101098814258,0.28510894328342257,False
Page_1954_continuous-inspection-schemes::b20,unresolved,,"best=crossref:1.00:10.1002/j.1538-7305.1930.tb00373.x; skipped=semanticscholar,arxiv (rate-limited)",cr::10.1002/j.1538-7305.1930.tb00373.x,10.1002/j.1538-7305.1930.tb00373.x,0.7037470074658222,0.6195880916740749,False
Page_1954_continuous-inspection-schemes::b21,unresolved,,no_title_or_author (nothing to search on),cr::10.7287/peerj.preprints.2269v2/supp-7,10.7287/peerj.preprints.2269v2/supp-7,-1.3262101098814258,0.28510894328342257,False
Page_1954_continuous-inspection-schemes::b22,unresolved,,"best=crossref:0.60:10.1080/07474949408836290; skipped=semanticscholar,arxiv (rate-limited)",cr::10.1037/11295-002,10.1037/11295-002,-10.981176683640463,0.0004944491571191531,False
Page_1954_continuous-inspection-schemes::b23,unresolved,,no_title_or_author (nothing to search on),cr::10.7287/peerj.preprints.2269v2/supp-7,10.7287/peerj.preprints.2269v2/supp-7,-1.3262101098814258,0.28510894328342257,False
Page_1954_continuous-inspection-schemes::b24,unresolved,,no_title_or_author (nothing to search on),cr::10.7287/peerj.preprints.2269v2/supp-7,10.7287/peerj.preprints.2269v2/supp-7,-1.3262101098814258,0.28510894328342257,False
Laurance_1998_rain-forest-fragmentation-dynamics::b0,resolved,10.2307/1941941,via=crossref; ratio=0.92; year=1994,cr::10.2307/1941941,10.2307/1941941,19.187307631307462,0.9999983248868828,True
Laurance_1998_rain-forest-fragmentation-dynamics::b1,unresolved,,"best=crossref:0.61:10.1007/978-3-540-71793-5_5; skipped=semanticscholar,arxiv (rate-limited)",cr::10.21236/ada240453,10.21236/ada240453,-10.981176683640463,0.0004944491571191531,False
Laurance_1998_rain-forest-fragmentation-dynamics::b2,resolved,10.2307/1312085,via=crossref; ratio=1.00; year=1992,cr::10.2307/1312085,10.2307/1312085,20.491334481024047,0.9999993215882279,True
Laurance_1998_rain-forest-fragmentation-dynamics::b3,resolved,10.2307/2937142,via=crossref; ratio=1.00; year=1994,cr::10.2307/2937142,10.2307/2937142,29.65406643736778,0.999999998816314,True
Laurance_1998_rain-forest-fragmentation-dynamics::b4,resolved,10.2307/1940529,via=crossref; ratio=0.98; year=1985,cr::10.2307/1940529,10.2307/1940529,29.65406643736778,0.999999998816314,True
Laurance_1998_rain-forest-fragmentation-dynamics::b5,unresolved,,"best=crossref:0.49:10.1002/essoar.10509189.1; skipped=semanticscholar,arxiv (rate-limited)",cr::10.2307/2985674,10.2307/2985674,-14.401750926415923,4.6197759875344225e-05,False
Laurance_1998_rain-forest-fragmentation-dynamics::b6,resolved,10.2307/2845404,via=crossref; ratio=1.00; year=1991,cr::10.2307/2845404,10.2307/2845404,28.23902893808894,0.999999996843504,True
Laurance_1998_rain-forest-fragmentation-dynamics::b7,resolved,10.2307/1941873,via=crossref; ratio=0.97; year=1992,cr::10.2307/1941873,10.2307/1941873,24.135741129676916,0.9999999457477282,True
Laurance_1998_rain-forest-fragmentation-dynamics::b8,unresolved,,"best=crossref:0.39:10.1201/b16536-6; skipped=semanticscholar,arxiv (rate-limited)",cr::10.1017/cbo9780511623356.007,10.1017/cbo9780511623356.007,-9.052264642117017,0.0018800938600636121,False
Laurance_1998_rain-forest-fragmentation-dynamics::b9,resolved,10.2307/1941173,via=crossref; ratio=1.00; year=1988,cr::10.2307/1941173,10.2307/1941173,21.37585726360411,0.9999996325268425,True
Laurance_1998_rain-forest-fragmentation-dynamics::b10,resolved,10.2307/2269347,via=crossref; ratio=1.00; year=1995,cr::10.2307/2269347,10.2307/2269347,27.538589219947845,0.999999994870694,True
Laurance_1998_rain-forest-fragmentation-dynamics::b11,unresolved,,"best=crossref:0.56:10.1016/s0006-3207(99)00079-8; skipped=semanticscholar,arxiv (rate-limited)",cr::10.1017/cbo9780511574931.024,10.1017/cbo9780511574931.024,-9.052264642117017,0.0018800938600636121,False
Laurance_1998_rain-forest-fragmentation-dynamics::b12,resolved,10.1016/0169-5347(96)20047-3,via=crossref; ratio=1.00; year=1996,cr::10.1016/0169-5347(96)20047-3,10.1016/0169-5347(96)20047-3,23.35441251663491,0.9999999067559215,True
Laurance_1998_rain-forest-fragmentation-dynamics::b13,resolved,10.1111/j.1442-9993.1994.tb00493.x,via=crossref; ratio=1.00; year=1994,cr::10.1111/j.1442-9993.1994.tb00493.x,10.1111/j.1442-9993.1994.tb00493.x,28.23902893808894,0.999999996843504,True
Laurance_1998_rain-forest-fragmentation-dynamics::b14,resolved,10.1046/j.1523-1739.1997.96167.x,via=crossref; ratio=1.00; year=1997,cr::10.1046/j.1523-1739.1997.96167.x,10.1046/j.1523-1739.1997.96167.x,26.524783420422814,0.9999999896427476,True
Laurance_1998_rain-forest-fragmentation-dynamics::b15,resolved,10.1017/s0266467400003448,via=crossref; ratio=1.00; year=1989,cr::10.1017/s0266467400003448,10.1017/s0266467400003448,26.95362671922669,0.9999999923060411,True
Laurance_1998_rain-forest-fragmentation-dynamics::b16,unresolved,,"best=crossref:0.49:10.1016/j.foreco.2016.08.002; skipped=semanticscholar,arxiv (rate-limited)",cr::10.1017/cbo9780511574931.024,10.1017/cbo9780511574931.024,-9.052264642117017,0.0018800938600636121,False
Laurance_1998_rain-forest-fragmentation-dynamics::b17,resolved,10.2307/1938106,via=crossref; ratio=1.00; year=1989,cr::10.2307/1938106,10.2307/1938106,28.846711515310176,0.9999999979285495,True
Laurance_1998_rain-forest-fragmentation-dynamics::b18,resolved,10.1016/0006-3207(91)90139-z,via=crossref; ratio=1.00; year=1991,cr::10.1016/0006-3207(91)90139-z,10.1016/0006-3207(91)90139-z,17.049862417790646,0.9999926298421494,True
Laurance_1998_rain-forest-fragmentation-dynamics::b19,resolved,10.1017/s0376892900038315,via=crossref; ratio=1.00; year=1996,cr::10.1017/s0376892900038315,10.1017/s0376892900038315,5.91188761158531,0.9836623145169905,True
Laurance_1998_rain-forest-fragmentation-dynamics::b20,resolved,10.1016/s0378-1127(98)00291-6,via=crossref; ratio=1.00; year=1998,cr::10.1016/s0378-1127(98)00291-6,10.1016/s0378-1127(98)00291-6,6.940152093957971,0.991922374175134,True
Laurance_1998_rain-forest-fragmentation-dynamics::b21,resolved,10.1126/science.278.5340.1117,via=crossref; ratio=1.00; year=1997,cr::10.1126/science.278.5340.1117,10.1126/science.278.5340.1117,28.33213834248042,0.999999997040785,True
Laurance_1998_rain-forest-fragmentation-dynamics::b22,resolved,10.1016/0006-3207(91)90006-u,via=crossref; ratio=1.00; year=1991,cr::10.1016/0006-3207(91)90006-u,10.1016/0006-3207(91)90006-u,26.74717584175926,0.9999999911223552,True
Laurance_1998_rain-forest-fragmentation-dynamics::b23,resolved,10.2307/1941263,via=crossref; ratio=1.00; year=1988,cr::10.2307/1941263,10.2307/1941263,28.538589219947845,0.9999999974353471,True
Laurance_1998_rain-forest-fragmentation-dynamics::b24,unresolved,,"best=crossref:0.66:10.1016/j.foreco.2016.08.002; skipped=semanticscholar,arxiv (rate-limited)",cr::10.5962/bhl.title.70788,10.5962/bhl.title.70788,-9.052264642117017,0.0018800938600636121,False
Laurance_1998_rain-forest-fragmentation-dynamics::b25,unresolved,,"best=crossref:0.78:10.1515/9781400831920.264; skipped=semanticscholar,arxiv (rate-limited)",cr::10.1137/1112050,10.1137/1112050,-10.981176683640463,0.0004944491571191531,False
Laurance_1998_rain-forest-fragmentation-dynamics::b26,resolved,10.2307/1940897,via=crossref; ratio=1.00; year=1994,cr::10.2307/1940897,10.2307/1940897,29.069103936646627,0.999999998224471,True
Laurance_1998_rain-forest-fragmentation-dynamics::b27,resolved,10.2307/2261391,via=crossref; ratio=1.00; year=1994,cr::10.2307/2261391,10.2307/2261391,21.657192731540256,0.9999996976324127,True
Laurance_1998_rain-forest-fragmentation-dynamics::b28,resolved,10.2307/1941742,via=crossref; ratio=1.00; year=1994,cr::10.2307/1941742,10.2307/1941742,21.321409479581735,0.9999996183932649,True
Laurance_1998_rain-forest-fragmentation-dynamics::b29,unresolved,,"best=crossref:1.00:10.1126/science.263.5149.954; skipped=semanticscholar,arxiv (rate-limited)",cr::10.1126/science.263.5149.954,10.1126/science.263.5149.954,13.800333487485753,0.9999299101340475,False
Laurance_1998_rain-forest-fragmentation-dynamics::b30,resolved,10.2307/2388742,via=crossref; ratio=1.00; year=1987,cr::10.2307/2388742,10.2307/2388742,27.23902893808894,0.9999999936870081,True
Laurance_1998_rain-forest-fragmentation-dynamics::b31,unresolved,,"best=crossref:0.97:10.1590/1809-43921992224534; skipped=semanticscholar,arxiv (rate-limited)",cr::10.1590/1809-43921992224534,10.1590/1809-43921992224534,22.20237828645768,0.9999997927864884,False
Laurance_1998_rain-forest-fragmentation-dynamics::b32,unresolved,,"best=crossref:0.47:10.1080/03009480510010000; skipped=semanticscholar,arxiv (rate-limited)",cr::10.3133/ofr83116,10.3133/ofr83116,-10.981176683640463,0.0004944491571191531,False
Laurance_1998_rain-forest-fragmentation-dynamics::b33,unresolved,,"best=crossref:0.62:10.2307/jj.41003468.10; skipped=semanticscholar,arxiv (rate-limited)",cr::10.5962/bhl.title.134807,10.5962/bhl.title.134807,-9.052264642117017,0.0018800938600636121,False
Laurance_1998_rain-forest-fragmentation-dynamics::b34,unresolved,,"best=crossref:1.00:10.2307/1308256; skipped=semanticscholar,arxiv (rate-limited)",cr::10.2307/1308256,10.2307/1308256,24.025521028738364,0.9999999414404833,False
Laurance_1998_rain-forest-fragmentation-dynamics::b35,resolved,10.2307/2261571,via=crossref; ratio=1.00; year=1995,cr::10.2307/2261571,10.2307/2261571,19.072230230819102,0.9999981857972187,True
Laurance_1998_rain-forest-fragmentation-dynamics::b36,resolved,10.2307/2261703,via=crossref; ratio=1.00; year=1996,cr::10.2307/2261703,10.2307/2261703,20.335264636652894,0.9999992440813745,True
Laurance_1998_rain-forest-fragmentation-dynamics::b37,unresolved,,"best=crossref:0.60:10.1007/978-94-017-2730-3_13; skipped=semanticscholar,arxiv (rate-limited)",cr::10.2172/10185908,10.2172/10185908,-7.633160391912068,0.005011960281328341,False
Laurance_1998_rain-forest-fragmentation-dynamics::b38,unresolved,,"best=crossref:0.63:10.3138/9781487599973-002; skipped=semanticscholar,arxiv (rate-limited)",cr::10.2172/251320,10.2172/251320,-9.052264642117017,0.0018800938600636121,False
Laurance_1998_rain-forest-fragmentation-dynamics::b39,unresolved,,"best=crossref:0.59:10.1007/bf00324229; skipped=semanticscholar,arxiv (rate-limited)",cr::10.5962/bhl.title.70788,10.5962/bhl.title.70788,-9.052264642117017,0.0018800938600636121,False
Laurance_1998_rain-forest-fragmentation-dynamics::b40,resolved,10.1046/j.1523-1739.1996.10041229.x,via=crossref; ratio=1.00; year=1996,cr::10.1046/j.1523-1739.1996.10041229.x,10.1046/j.1523-1739.1996.10041229.x,24.77959731945164,0.9999999652785454,True
Laurance_1998_rain-forest-fragmentation-dynamics::b41,resolved,10.1016/0169-5347(96)10046-x,via=crossref; ratio=1.00; year=1996,cr::10.1016/0169-5347(96)10046-x,10.1016/0169-5347(96)10046-x,22.35441251663491,0.9999998135118606,True
Laurance_1998_rain-forest-fragmentation-dynamics::b42,unresolved,,"best=crossref:0.54:10.1016/j.ecolind.2019.106020; skipped=semanticscholar,arxiv (rate-limited)",cr::10.2172/10185908,10.2172/10185908,-9.052264642117017,0.0018800938600636121,False
Laurance_1998_rain-forest-fragmentation-dynamics::b43,unresolved,,"best=crossref:0.86:10.2307/jj.41003468.13; skipped=semanticscholar,arxiv (rate-limited)",cr::10.1017/cbo9780511574931.024,10.1017/cbo9780511574931.024,-9.052264642117017,0.0018800938600636121,False
Laurance_1998_rain-forest-fragmentation-dynamics::b44,unresolved,,"best=crossref:0.34:10.7287/peerj.13270v0.2/reviews/1; skipped=semanticscholar,arxiv (rate-limited)",cr::10.1017/cbo9780511574931.024,10.1017/cbo9780511574931.024,-9.052264642117017,0.0018800938600636121,False
Laurance_1998_rain-forest-fragmentation-dynamics::b45,unresolved,,"best=crossref:0.39:10.2307/2986279; skipped=semanticscholar,arxiv (rate-limited)",cr::10.5962/bhl.title.70788,10.5962/bhl.title.70788,-9.052264642117017,0.0018800938600636121,False
Laurance_1998_rain-forest-fragmentation-dynamics::b46,resolved,10.2307/2261117,via=crossref; ratio=1.00; year=1990,cr::10.2307/2261117,10.2307/2261117,21.072230230819102,0.9999995464486875,True
Burnicki_2011_spatio-temporal-errors-land-cover::b0,resolved,10.1007/978-3-662-03499-6_3,via=crossref; ratio=1.00; year=1997,cr::10.1007/978-3-662-03499-6_3,10.1007/978-3-662-03499-6_3,12.26761693234195,0.9997972358087519,True
Burnicki_2011_spatio-temporal-errors-land-cover::b1,unresolved,,"best=crossref:0.99:10.1201/9781003572800-13; skipped=semanticscholar,arxiv (rate-limited)",cr::10.1201/9781003572800-13,10.1201/9781003572800-13,6.973862734756779,0.9921074590111779,False
Burnicki_2011_spatio-temporal-errors-land-cover::b2,unresolved,,"best=crossref:0.70:10.6019/tol.st-data-visualisation-w.2026.00001.1; skipped=semanticscholar,arxiv (rate-limited)",cr::10.1007/978-3-642-57991-2_17,10.1007/978-3-642-57991-2_17,-3.375886357723816,0.08786502797384102,False
Burnicki_2011_spatio-temporal-errors-land-cover::b3,unresolved,,"best=crossref:0.54:10.1201/9780203497586.ch2; skipped=semanticscholar,arxiv (rate-limited)",cr::10.1080/00401706.1998.10485510,10.1080/00401706.1998.10485510,-9.052264642117017,0.0018800938600636121,False
Burnicki_2011_spatio-temporal-errors-land-cover::b4,ambiguous,,2 distinct works accepted at crossref,cr::10.2307/2641398,10.2307/2641398,24.06410325558826,0.9999999429857945,False
Burnicki_2011_spatio-temporal-errors-land-cover::b5,unresolved,,"best=crossref:1.00:10.1201/b16195-5; skipped=semanticscholar,arxiv (rate-limited)",cr::10.4135/9781849209755.n6,10.4135/9781849209755.n6,-2.7131074637900614,0.1323219475278147,False
Burnicki_2011_spatio-temporal-errors-land-cover::b6,resolved,10.1016/j.compenvurbsys.2006.07.005,via=crossref; ratio=1.00; year=2007,cr::10.1016/j.compenvurbsys.2006.07.005,10.1016/j.compenvurbsys.2006.07.005,27.069103936646627,0.9999999928978841,True
Burnicki_2011_spatio-temporal-errors-land-cover::b7,unresolved,,"best=crossref:0.67:10.7717/peerj.6617/table-2; skipped=semanticscholar,arxiv (rate-limited)",cr::10.5962/bhl.title.134807,10.5962/bhl.title.134807,-9.052264642117017,0.0018800938600636121,False
Burnicki_2011_spatio-temporal-errors-land-cover::b8,unresolved,,"best=crossref:0.53:10.1201/9781420038101-7; skipped=semanticscholar,arxiv (rate-limited)",cr::10.1017/cbo9780511574931.024,10.1017/cbo9780511574931.024,-9.052264642117017,0.0018800938600636121,False
Burnicki_2011_spatio-temporal-errors-land-cover::b9,resolved,10.1109/lgrs.2003.821696,via=crossref; ratio=0.99; year=2004,cr::10.1109/lgrs.2003.821696,10.1109/lgrs.2003.821696,25.318665014875503,0.9999999761041563,True
Burnicki_2011_spatio-temporal-errors-land-cover::b10,unresolved,,no_title_or_author (nothing to search on),cr::10.1080/0143116031000150004,10.1080/0143116031000150004,5.275291173855248,0.9748285993249786,False
Burnicki_2011_spatio-temporal-errors-land-cover::b11,resolved,10.2307/2533962,via=crossref; ratio=0.98; year=1997,cr::10.2307/2533962,10.2307/2533962,28.5678892892533,0.9999999974869078,True
Burnicki_2011_spatio-temporal-errors-land-cover::b12,unresolved,,"best=crossref:0.99:10.1201/b12612-12; skipped=semanticscholar,arxiv (rate-limited)",cr::10.1201/b12612-12,10.1201/b12612-12,3.001864408947751,0.8890164602945707,False
Burnicki_2011_spatio-temporal-errors-land-cover::b13,resolved,10.2307/2532039,via=crossref; ratio=1.00; year=1989,cr::10.2307/2532039,10.2307/2532039,28.069103936646627,0.999999996448942,True
Burnicki_2011_spatio-temporal-errors-land-cover::b14,unresolved,,"best=crossref:0.52:10.3403/00108535; skipped=semanticscholar,arxiv (rate-limited)",cr::10.1016/s0049-237x(08)x7033-8,10.1016/s0049-237x(08)x7033-8,-9.052264642117017,0.0018800938600636121,False
Burnicki_2011_spatio-temporal-errors-land-cover::b15,unresolved,,"best=crossref:0.67:10.1201/b19355-47; skipped=semanticscholar,arxiv (rate-limited)",cr::10.2172/108147,10.2172/108147,-9.052264642117017,0.0018800938600636121,False
Burnicki_2011_spatio-temporal-errors-land-cover::b16,resolved,10.1201/9780203497586.ch1,via=crossref; ratio=1.00; year=2004,cr::10.1201/9780203497586.ch1,10.1201/9780203497586.ch1,19.390021520253335,0.9999985444696227,True
Burnicki_2011_spatio-temporal-errors-land-cover::b17,unresolved,,"best=crossref:0.38:10.1201/9781420055139-12; skipped=semanticscholar,arxiv (rate-limited)",cr::10.1201/9781420048568,10.1201/9781420048568,6.359346588556531,0.9879666045577856,False
Burnicki_2011_spatio-temporal-errors-land-cover::b18,unresolved,,"best=crossref:0.62:10.5962/bhl.title.122814; skipped=semanticscholar,arxiv (rate-limited)",cr::10.1515/9780691218632-054,10.1515/9780691218632-054,-9.052264642117017,0.0018800938600636121,False
Burnicki_2011_spatio-temporal-errors-land-cover::b19,unresolved,,"best=crossref:0.97:10.1073/pnas.182560099; skipped=semanticscholar,arxiv (rate-limited)",cr::10.1073/pnas.182560099,10.1073/pnas.182560099,15.197580283438878,0.9999733890170925,False
Burnicki_2011_spatio-temporal-errors-land-cover::b20,resolved,10.1007/s10980-006-9056-4,via=crossref; ratio=1.00; year=2006,cr::10.1007/s10980-006-9056-4,10.1007/s10980-006-9056-4,22.8832996173323,0.9999998707470812,True
Burnicki_2011_spatio-temporal-errors-land-cover::b21,resolved,10.1126/science.1118160,via=crossref; ratio=1.00; year=2005,cr::10.1126/science.1118160,10.1126/science.1118160,31.23902893808894,0.999999999605438,True
Burnicki_2011_spatio-temporal-errors-land-cover::b22,unresolved,,"best=crossref:0.79:10.1016/s0034-4257(01)00295-4; skipped=semanticscholar,arxiv (rate-limited)",cr::10.1016/s0034-4257(01)00295-4,10.1016/s0034-4257(01)00295-4,19.445799317406916,0.9999985996696305,False
Burnicki_2011_spatio-temporal-errors-land-cover::b23,unresolved,,"best=crossref:1.00:10.2307/214811; skipped=semanticscholar,arxiv (rate-limited)",cr::10.2307/214811,10.2307/214811,-2.8746717103304924,0.11998517176758718,False
Burnicki_2011_spatio-temporal-errors-land-cover::b24,resolved,10.1016/b978-0-08-042432-3.50011-2,via=crossref; ratio=1.00; year=1995,cr::10.1016/b978-0-08-042432-3.50011-2,10.1016/b978-0-08-042432-3.50011-2,19.84945313889063,0.9999989414320327,True
Burnicki_2011_spatio-temporal-errors-land-cover::b25,resolved,10.1093/oso/9780195115383.001.0001,via=crossref; ratio=1.00; year=1997,cr::10.1093/oso/9780195115383.001.0001,10.1093/oso/9780195115383.001.0001,18.094119734381568,0.9999964262377029,True
Burnicki_2011_spatio-temporal-errors-land-cover::b26,resolved,10.1111/j.1467-8306.2005.00484.x,via=crossref; ratio=1.00; year=2005,cr::10.1111/j.1467-8306.2005.00484.x,10.1111/j.1467-8306.2005.00484.x,29.069103936646627,0.999999998224471,True
Burnicki_2011_spatio-temporal-errors-land-cover::b27,unresolved,,"best=crossref:0.31:10.1007/978-1-4020-2562-4_26; skipped=semanticscholar,arxiv (rate-limited)",cr::10.4135/9780857020123.n581,10.4135/9780857020123.n581,-9.052264642117017,0.0018800938600636121,False
Burnicki_2011_spatio-temporal-errors-land-cover::b28,unresolved,,"best=crossref:0.26:10.1017/cbo9780511623356.007; skipped=semanticscholar,arxiv (rate-limited)",cr::10.1017/cbo9780511623356.007,10.1017/cbo9780511623356.007,-9.052264642117017,0.0018800938600636121,False
Burnicki_2011_spatio-temporal-errors-land-cover::b29,unresolved,,"best=crossref:0.57:10.1017/cbo9780511754944.006; skipped=semanticscholar,arxiv (rate-limited)",cr::10.1007/b97277,10.1007/b97277,-9.052264642117017,0.0018800938600636121,False
Burnicki_2011_spatio-temporal-errors-land-cover::b30,resolved,10.1080/00401706.1993.10485325,via=crossref; ratio=1.00; year=1993,cr::10.1080/00401706.1993.10485325,10.1080/00401706.1993.10485325,28.109745921143972,0.9999999965475825,True
Burnicki_2011_spatio-temporal-errors-land-cover::b31,resolved,10.1080/01431169608949085,via=crossref; ratio=1.00; year=1996,cr::10.1080/01431169608949085,10.1080/01431169608949085,27.33213834248042,0.99999999408157,True
Burnicki_2011_spatio-temporal-errors-land-cover::b32,resolved,10.1890/05-5221,via=crossref; ratio=1.00; year=2005,cr::10.1890/05-5221,10.1890/05-5221,16.758884367980333,0.9999909828520545,True
Burnicki_2011_spatio-temporal-errors-land-cover::b33,resolved,10.1080/02693799308901954,via=crossref; ratio=1.00; year=1993,cr::10.1080/02693799308901954,10.1080/02693799308901954,27.381047942961366,0.9999999942788511,True
Burnicki_2011_spatio-temporal-errors-land-cover::b34,resolved,10.1046/j.1365-2699.2000.00166.x,via=crossref; ratio=0.98; year=2000,cr::10.1046/j.1365-2699.2000.00166.x,10.1046/j.1365-2699.2000.00166.x,26.650351449445274,0.9999999905060964,True
Burnicki_2011_spatio-temporal-errors-land-cover::b35,unresolved,,"best=crossref:1.00:10.1016/0262-8856(86)90052-1; skipped=semanticscholar,arxiv (rate-limited)",cr::10.1080/10106048709354084,10.1080/10106048709354084,7.051430412210813,0.992517510584522,False
Burnicki_2011_spatio-temporal-errors-land-cover::b36,unresolved,,"best=crossref:0.59:10.1016/0034-4257(89)90047-3; skipped=semanticscholar,arxiv (rate-limited)",cr::10.2307/2670214,10.2307/2670214,-9.052264642117017,0.0018800938600636121,False
Burnicki_2011_spatio-temporal-errors-land-cover::b37,unresolved,,"best=crossref:0.42:10.1201/9781482268263-15; skipped=semanticscholar,arxiv (rate-limited)",cr::10.2172/10185908,10.2172/10185908,-9.052264642117017,0.0018800938600636121,False
Burnicki_2011_spatio-temporal-errors-land-cover::b38,resolved,10.1080/0143116031000150004,via=crossref; ratio=1.00; year=2004,cr::10.1080/0143116031000150004,10.1080/0143116031000150004,23.570396144863878,0.9999999197206744,True
Burnicki_2011_spatio-temporal-errors-land-cover::b39,unresolved,,"best=crossref:0.38:10.1201/b10850-11; skipped=semanticscholar,arxiv (rate-limited)",cr::10.1007/b102248,10.1007/b102248,-9.052264642117017,0.0018800938600636121,False
Burnicki_2011_spatio-temporal-errors-land-cover::b40,unresolved,,"best=crossref:0.51:10.1061/9780784486986.041; skipped=semanticscholar,arxiv (rate-limited)",cr::10.32614/r.manuals,10.32614/r.manuals,-9.052264642117017,0.0018800938600636121,False
Burnicki_2011_spatio-temporal-errors-land-cover::b41,resolved,10.1023/a:1025107023980,via=crossref; ratio=1.00; year=2003,cr::10.1023/a:1025107023980,10.1023/a:1025107023980,19.616865363107905,0.9999987562457876,True
Burnicki_2011_spatio-temporal-errors-land-cover::b42,unresolved,,"best=crossref:0.48:10.2471/b09072; skipped=semanticscholar,arxiv (rate-limited)",cr::10.1201/9781482294477-7,10.1201/9781482294477-7,-9.052264642117017,0.0018800938600636121,False
Burnicki_2011_spatio-temporal-errors-land-cover::b43,unresolved,,"best=crossref:0.53:10.1201/9781420055139-5; skipped=semanticscholar,arxiv (rate-limited)",cr::10.14358/pers.69.3.289,10.14358/pers.69.3.289,24.038872979314498,0.9999999419799437,False
Burnicki_2011_spatio-temporal-errors-land-cover::b44,resolved,10.1559/152304006777681706,via=crossref; ratio=1.00; year=2006,cr::10.1559/152304006777681706,10.1559/152304006777681706,27.48414143592547,0.999999994673413,True
Burnicki_2011_spatio-temporal-errors-land-cover::b45,unresolved,,"best=crossref:0.51:10.2737/so-gtr-99; skipped=semanticscholar,arxiv (rate-limited)",cr::10.1061/9780784404645.ch09,10.1061/9780784404645.ch09,-9.052264642117017,0.0018800938600636121,False
Burnicki_2011_spatio-temporal-errors-land-cover::b46,resolved,10.1073/pnas.0401545101,via=crossref; ratio=1.00; year=2004,cr::10.1073/pnas.0401545101,10.1073/pnas.0401545101,25.781026577872915,0.999999982656463,True
Burnicki_2011_spatio-temporal-errors-land-cover::b47,unresolved,,"best=crossref:0.60:10.1016/j.spasta.2022.100641; skipped=semanticscholar,arxiv (rate-limited)",cr::10.5962/bhl.title.134807,10.5962/bhl.title.134807,-9.052264642117017,0.0018800938600636121,False
Burnicki_2011_spatio-temporal-errors-land-cover::b48,resolved,10.1016/s0034-4257(02)00126-8,via=crossref; ratio=1.00; year=2003,cr::10.1016/s0034-4257(02)00126-8,10.1016/s0034-4257(02)00126-8,28.917100843201574,0.99999999802719,True
Burnicki_2011_spatio-temporal-errors-land-cover::b49,resolved,10.14358/pers.70.4.439,via=crossref; ratio=1.00; year=2004,cr::10.14358/pers.70.4.439,10.14358/pers.70.4.439,28.731100698701173,0.9999999977557208,True
Burnicki_2011_spatio-temporal-errors-land-cover::b50,resolved,10.1016/s0034-4257(98)00061-3,via=crossref; ratio=1.00; year=1998,cr::10.1016/s0034-4257(98)00061-3,10.1016/s0034-4257(98)00061-3,29.65406643736778,0.999999998816314,True
Burnicki_2011_spatio-temporal-errors-land-cover::b51,unresolved,,"best=crossref:0.81:10.1016/s0034-4257(03)00129-9; skipped=semanticscholar,arxiv (rate-limited)",,,,,False
Burnicki_2011_spatio-temporal-errors-land-cover::b52,resolved,10.14358/pers.72.2.175,via=crossref; ratio=1.00; year=2006,cr::10.14358/pers.72.2.175,10.14358/pers.72.2.175,25.216527525871417,0.9999999743510957,True
Burnicki_2011_spatio-temporal-errors-land-cover::b53,resolved,10.1016/s0034-4257(03)00128-7,via=crossref; ratio=1.00; year=2003,cr::10.1016/s0034-4257(03)00128-7,10.1016/s0034-4257(03)00128-7,26.917100843201574,0.9999999921087601,True
Burnicki_2011_spatio-temporal-errors-land-cover::b54,unresolved,,"best=crossref:0.22:10.4135/9781452272047.n3; skipped=semanticscholar,arxiv (rate-limited)",cr::10.1201/b12657-9,10.1201/b12657-9,-9.052264642117017,0.0018800938600636121,False
Burnicki_2011_spatio-temporal-errors-land-cover::b55,unresolved,,"best=crossref:0.55:10.21275/v4i11.nov151136; skipped=semanticscholar,arxiv (rate-limited)",cr::10.2172/251320,10.2172/251320,-7.633160391912068,0.005011960281328341,False
Burnicki_2011_spatio-temporal-errors-land-cover::b56,unresolved,,no_title_or_author (nothing to search on),cr::10.1017/cbo9780511600425.019,10.1017/cbo9780511600425.019,-9.052264642117017,0.0018800938600636121,False
Burnicki_2011_spatio-temporal-errors-land-cover::b57,resolved,10.1080/01431160500057848,via=crossref; ratio=1.00; year=2005,cr::10.1080/01431160500057848,10.1080/01431160500057848,26.95362671922669,0.9999999923060411,True
Burnicki_2011_spatio-temporal-errors-land-cover::b58,resolved,10.1016/j.rse.2006.10.012,via=crossref; ratio=1.00; year=2007,cr::10.1016/j.rse.2006.10.012,10.1016/j.rse.2006.10.012,27.33213834248042,0.99999999408157,True
Burnicki_2011_spatio-temporal-errors-land-cover::b59,resolved,10.1080/02693799508902059,via=crossref; ratio=1.00; year=1995,cr::10.1080/02693799508902059,10.1080/02693799508902059,27.1515660968386,0.999999993292446,True
Burnicki_2011_spatio-temporal-errors-land-cover::b60,resolved,10.1080/014311698214983,via=crossref; ratio=1.00; year=1998,cr::10.1080/014311698214983,10.1080/014311698214983,28.23902893808894,0.999999996843504,True
Burnicki_2011_spatio-temporal-errors-land-cover::b61,resolved,10.1080/01431160110104728,via=crossref; ratio=1.00; year=2002,cr::10.1080/01431160110104728,10.1080/01431160110104728,25.38727989667288,0.9999999772140451,True
Goodchild_2004_general-framework-error-analysis::b0,unresolved,,"best=crossref:1.00:10.1201/b12657-9; skipped=semanticscholar,arxiv (rate-limited)",cr::10.4324/9780203303245_chapter_one,10.4324/9780203303245_chapter_one,6.438327766119449,0.9886003639391706,False
Goodchild_2004_general-framework-error-analysis::b1,unresolved,,"best=crossref:1.00:10.1201/b12657-9; skipped=semanticscholar,arxiv (rate-limited)",cr::10.4324/9780203303245_chapter_one,10.4324/9780203303245_chapter_one,15.020163972668131,0.999969906892609,False
Goodchild_2004_general-framework-error-analysis::b2,unresolved,,"best=crossref:0.93:10.1007/s10109-004-0140-5; skipped=semanticscholar,arxiv (rate-limited)",cr::10.1007/s10109-004-0141-4,10.1007/s10109-004-0141-4,3.212280361833036,0.9026114104744088,False
Goodchild_2004_general-framework-error-analysis::b3,unresolved,,"best=crossref:1.00:10.1088/0957-0233/9/6/022; skipped=semanticscholar,arxiv (rate-limited)",cr::10.1063/1.882103,10.1063/1.882103,6.466467911489657,0.9888181001006041,False
Shi_1998_generic-statistical-approach-modelling::b0,unresolved,,"best=crossref:0.39:10.1016/0921-8890(91)90023-e; skipped=semanticscholar,arxiv (rate-limited)",cr::10.2172/10185908,10.2172/10185908,-9.052264642117017,0.0018800938600636121,False
Shi_1998_generic-statistical-approach-modelling::b1,unresolved,,"best=crossref:0.42:10.1179/caj.1976.13.1.22; skipped=semanticscholar,arxiv (rate-limited)",cr::10.1137/1.9781611970319.ch10,10.1137/1.9781611970319.ch10,-9.052264642117017,0.0018800938600636121,False
Shi_1998_generic-statistical-approach-modelling::b2,unresolved,,"best=crossref:0.89:10.1201/9781420059281.sec2; skipped=semanticscholar,arxiv (rate-limited)",cr::10.2172/10185908,10.2172/10185908,-9.052264642117017,0.0018800938600636121,False
Shi_1998_generic-statistical-approach-modelling::b3,unresolved,,"best=crossref:0.98:10.17077/etd.8tj1kn7f; skipped=semanticscholar,arxiv (rate-limited)",cr::10.1016/0031-8663(78)90007-8,10.1016/0031-8663(78)90007-8,-2.9100368229182303,0.11742086704336203,False
Shi_1998_generic-statistical-approach-modelling::b4,unresolved,,"best=crossref:0.43:10.7717/peerj.14746/fig-6; skipped=semanticscholar,arxiv (rate-limited)",cr::10.1093/oxfordjournals.aob.a084076,10.1093/oxfordjournals.aob.a084076,-14.401750926415923,4.6197759875344225e-05,False
Shi_1998_generic-statistical-approach-modelling::b5,unresolved,,"best=crossref:0.49:10.1002/9780470316481.fmatter; skipped=semanticscholar,arxiv (rate-limited)",cr::10.1002/9780470316481.fmatter,10.1002/9780470316481.fmatter,-9.052264642117017,0.0018800938600636121,False
Shi_1998_generic-statistical-approach-modelling::b6,unresolved,,"best=crossref:0.69:10.1111/1467-9671.00011; skipped=semanticscholar,arxiv (rate-limited)",cr::10.1214/aos/1176325774,10.1214/aos/1176325774,-5.498491480050674,0.021641490109947713,False
Shi_1998_generic-statistical-approach-modelling::b7,unresolved,,"best=crossref:0.56:10.1007/springerreference_61738; skipped=semanticscholar,arxiv (rate-limited)",work::Shi_1998_generic-statistical-approach-modelling,10.1080/136588198241923,-0.872689266837298,0.35322297191278423,False
Steenberg_2017_influence-building-renovation-rental::b0,resolved,10.1080/0964056032000096901,via=doi; registry=crossref; ratio=1.00,cr::10.1080/0964056032000096901,10.1080/0964056032000096901,28.65406643736778,0.999999997632628,True
Steenberg_2017_influence-building-renovation-rental::b1,resolved,10.1016/j.apgeog.2013.09.012,via=doi; registry=crossref; ratio=1.00,cr::10.1016/j.apgeog.2013.09.012,10.1016/j.apgeog.2013.09.012,28.65406643736778,0.999999997632628,True
Steenberg_2017_influence-building-renovation-rental::b2,resolved,10.1080/09640568.2010.530513,via=doi; registry=crossref; ratio=0.98,cr::10.1080/09640568.2010.530513,10.1080/09640568.2010.530513,27.650351449445274,0.9999999952530482,True
Steenberg_2017_influence-building-renovation-rental::b3,resolved,10.1080/0042098975925,via=crossref; ratio=1.00; year=1997,cr::10.1080/0042098975925,10.1080/0042098975925,27.33213834248042,0.99999999408157,True
Steenberg_2017_influence-building-renovation-rental::b4,resolved,10.29379/jedem.v6i1.329,via=crossref; ratio=1.00; year=2014,cr::10.29379/jedem.v6i1.329,10.29379/jedem.v6i1.329,18.750302135931737,0.999997732247552,True
Steenberg_2017_influence-building-renovation-rental::b5,unresolved,,"doi_title_mismatch (ratio 0.25 < 0.85; registry title 'Environmental justice, sustainability and vulnerability')",cr::10.1061/41148(389)89,10.1061/41148(389)89,-2.2249759084855603,0.17621049350089055,False
Steenberg_2017_influence-building-renovation-rental::b6,resolved,10.48044/jauf.1997.003,via=crossref; ratio=1.00; year=1997,cr::10.48044/jauf.1997.003,10.48044/jauf.1997.003,17.45752038670389,0.9999944440247716,True
Steenberg_2017_influence-building-renovation-rental::b7,resolved,10.1016/j.ufug.2016.03.008,via=doi; registry=crossref; ratio=0.99,cr::10.1016/j.ufug.2016.03.008,10.1016/j.ufug.2016.03.008,21.6382054826355,0.9999996936266649,True
Steenberg_2017_influence-building-renovation-rental::b8,resolved,10.1016/j.landurbplan.2013.01.005,via=doi; registry=crossref; ratio=1.00,cr::10.1016/j.landurbplan.2013.01.005,10.1016/j.landurbplan.2013.01.005,25.015027263890833,0.9999999705064915,True
Steenberg_2017_influence-building-renovation-rental::b9,unresolved,,"doi_title_contained (ratio 0.84 < 0.85; registry title 'Community groups and urban forestry activity: Drivers of uneven canopy'; contained 11 words, 0.72 of the longer)",cr::10.1016/j.landurbplan.2011.02.037,10.1016/j.landurbplan.2011.02.037,18.244165456237262,0.9999967792460132,False
Steenberg_2017_influence-building-renovation-rental::b10,resolved,10.5751/es-02197-120211,via=crossref; ratio=1.00; year=2007,cr::10.5751/es-02197-120211,10.5751/es-02197-120211,26.059119848074005,0.9999999856971278,True
Steenberg_2017_influence-building-renovation-rental::b11,resolved,10.3390/su7067379,via=doi; registry=crossref; ratio=0.98,cr::10.3390/su7067379,10.3390/su7067379,26.87983329556804,0.9999999919022587,True
Steenberg_2017_influence-building-renovation-rental::b12,unresolved,,"best=crossref:0.65:10.1080/00431672.2011.618800; skipped=semanticscholar,arxiv (rate-limited)",cr::10.21275/v4i11.nov151136,10.21275/v4i11.nov151136,-7.633160391912068,0.005011960281328341,False
Steenberg_2017_influence-building-renovation-rental::b13,resolved,10.1016/j.compenvurbsys.2014.08.001,via=doi; registry=crossref; ratio=0.97,cr::10.1016/j.compenvurbsys.2014.08.001,10.1016/j.compenvurbsys.2014.08.001,27.991536259192593,0.9999999962527907,True
Steenberg_2017_influence-building-renovation-rental::b14,resolved,10.1016/j.ufug.2015.06.003,via=doi; registry=crossref; ratio=1.00,cr::10.1016/j.ufug.2015.06.003,10.1016/j.ufug.2015.06.003,25.23576802013629,0.9999999746908913,True
Steenberg_2017_influence-building-renovation-rental::b15,resolved,10.1016/j.ufug.2010.11.004,via=doi; registry=crossref; ratio=1.00,cr::10.1016/j.ufug.2010.11.004,10.1016/j.ufug.2010.11.004,24.02426391494258,0.9999999413894344,True
Steenberg_2017_influence-building-renovation-rental::b16,resolved,10.1007/s00267-014-0310-2,via=doi; registry=crossref; ratio=1.00,cr::10.1007/s00267-014-0310-2,10.1007/s00267-014-0310-2,25.06410325558826,0.9999999714928964,True
Steenberg_2017_influence-building-renovation-rental::b17,resolved,10.1007/s10021-006-0116-z,via=doi; registry=crossref; ratio=1.00,cr::10.1007/s10021-006-0116-z,10.1007/s10021-006-0116-z,24.06410325558826,0.9999999429857945,True
Steenberg_2017_influence-building-renovation-rental::b18,resolved,10.1016/j.jue.2003.09.004,via=doi; registry=crossref; ratio=1.00,cr::10.1016/j.jue.2003.09.004,10.1016/j.jue.2003.09.004,29.65406643736778,0.999999998816314,True
Steenberg_2017_influence-building-renovation-rental::b19,resolved,10.48044/jauf.1994.017,via=crossref; ratio=1.00; year=1994,cr::10.48044/jauf.1994.017,10.48044/jauf.1994.017,18.165339635210582,0.9999965983751848,True
Steenberg_2017_influence-building-renovation-rental::b20,resolved,10.1016/s0094-1190(03)00081-0,via=doi; registry=crossref; ratio=1.00,cr::10.1016/s0094-1190(03)00081-0,10.1016/s0094-1190(03)00081-0,27.1515660968386,0.999999993292446,True
Steenberg_2017_influence-building-renovation-rental::b21,resolved,10.1016/j.regsciurbeco.2011.07.005,via=doi; registry=crossref; ratio=1.00,cr::10.1016/j.regsciurbeco.2011.07.005,10.1016/j.regsciurbeco.2011.07.005,27.23902893808894,0.9999999936870081,True
Steenberg_2017_influence-building-renovation-rental::b22,unresolved,,doi_title_mismatch (ratio 0.32 < 0.85; registry title 'The Political Ecology of Uneven Urban Green Space'),cr::10.1007/b97277,10.1007/b97277,-9.052264642117017,0.0018800938600636121,False
Steenberg_2017_influence-building-renovation-rental::b23,resolved,10.1080/10580530.2012.716740,via=doi; registry=crossref; ratio=1.00,cr::10.1080/10580530.2012.716740,10.1080/10580530.2012.716740,16.73822409850701,0.9999908527931604,True
Steenberg_2017_influence-building-renovation-rental::b24,unresolved,,"doi_not_registered (10.1080/15230406.2016.11765; crossref:404, datacite:404)",cr::10.1201/b21179-15,10.1201/b21179-15,-9.052264642117017,0.0018800938600636121,False
Steenberg_2017_influence-building-renovation-rental::b25,resolved,10.48044/jauf.2010.001,via=crossref; ratio=0.99; year=2010,cr::10.48044/jauf.2010.001,10.48044/jauf.2010.001,19.986053082704622,0.99999903706248,True
Steenberg_2017_influence-building-renovation-rental::b26,resolved,10.1016/j.ufug.2015.05.002,via=doi; registry=crossref; ratio=1.00,cr::10.1016/j.ufug.2015.05.002,10.1016/j.ufug.2015.05.002,24.650805519415133,0.9999999620363375,True
Steenberg_2017_influence-building-renovation-rental::b27,resolved,10.1016/j.ufug.2013.05.006,via=doi; registry=crossref; ratio=1.00,cr::10.1016/j.ufug.2013.05.006,10.1016/j.ufug.2013.05.006,24.040752037731146,0.9999999420554635,True
Steenberg_2017_influence-building-renovation-rental::b28,unresolved,,no_title_or_author (nothing to search on),cr::10.1007/978-0-387-45528-0_3,10.1007/978-0-387-45528-0_3,-0.9035571039407503,0.3483504148306963,False
Steenberg_2017_influence-building-renovation-rental::b29,resolved,10.1177/0885412205286160,via=doi; registry=crossref; ratio=1.00,cr::10.1177/0885412205286160,10.1177/0885412205286160,28.069103936646627,0.999999996448942,True
Steenberg_2017_influence-building-renovation-rental::b30,resolved,10.48044/jauf.2005.039,via=crossref; ratio=1.00; year=2005,cr::10.48044/jauf.2005.039,10.48044/jauf.2005.039,18.750302135931737,0.999997732247552,True
Steenberg_2017_influence-building-renovation-rental::b31,resolved,10.1080/00420980500185462,via=doi; registry=crossref; ratio=1.00,cr::10.1080/00420980500185462,10.1080/00420980500185462,28.23902893808894,0.999999996843504,True
Steenberg_2017_influence-building-renovation-rental::b32,resolved,10.48044/jauf.2008.048,via=crossref; ratio=1.00; year=2008,cr::10.48044/jauf.2008.048,10.48044/jauf.2008.048,23.968600012427828,0.9999999390838544,True
Steenberg_2017_influence-building-renovation-rental::b33,resolved,10.1007/978-1-4020-4289-8_2,via=crossref; ratio=1.00; year=2007,cr::10.1007/978-1-4020-4289-8_2,10.1007/978-1-4020-4289-8_2,18.601525625447046,0.9999974859047369,True
Steenberg_2017_influence-building-renovation-rental::b34,resolved,10.1016/j.landurbplan.2013.04.007,via=doi; registry=crossref; ratio=1.00,cr::10.1016/j.landurbplan.2013.04.007,10.1016/j.landurbplan.2013.04.007,26.610483529459522,0.9999999902400801,True
Steenberg_2017_influence-building-renovation-rental::b35,resolved,10.1016/j.ufug.2012.09.002,via=doi; registry=crossref; ratio=1.00,cr::10.1016/j.ufug.2012.09.002,10.1016/j.ufug.2012.09.002,23.625714538452304,0.9999999227406196,True
Steenberg_2017_influence-building-renovation-rental::b36,resolved,10.1080/09640568.2012.724666,via=doi; registry=crossref; ratio=1.00,cr::10.1080/09640568.2012.724666,10.1080/09640568.2012.724666,29.431674016031334,0.999999998619033,True
Steenberg_2017_influence-building-renovation-rental::b37,resolved,10.48044/jauf.2013.038,via=crossref; ratio=1.00; year=2013,cr::10.48044/jauf.2013.038,10.48044/jauf.2013.038,26.838015902617684,0.9999999916641059,True
Steenberg_2017_influence-building-renovation-rental::b38,resolved,10.1016/j.landurbplan.2013.01.006,via=doi; registry=crossref; ratio=1.00,cr::10.1016/j.landurbplan.2013.01.006,10.1016/j.landurbplan.2013.01.006,27.538589219947845,0.999999994870694,True
Steenberg_2017_influence-building-renovation-rental::b39,resolved,10.1371/journal.pone.0122051,via=doi; registry=crossref; ratio=1.00,cr::10.1371/journal.pone.0122051,10.1371/journal.pone.0122051,26.77959731945164,0.9999999913196361,True
Steenberg_2017_influence-building-renovation-rental::b40,resolved,10.1016/j.ufug.2013.11.004,via=doi; registry=crossref; ratio=1.00,cr::10.1016/j.ufug.2013.11.004,10.1016/j.ufug.2013.11.004,24.254876843083995,0.999999950047813,True
Steenberg_2017_influence-building-renovation-rental::b41,unresolved,,no_title_or_author (nothing to search on),cr::10.3410/f.716397954.791803007,10.3410/f.716397954.791803007,-9.052264642117017,0.0018800938600636121,False
Steenberg_2017_influence-building-renovation-rental::b42,resolved,10.1016/j.landurbplan.2013.04.003,via=doi; registry=crossref; ratio=1.00,cr::10.1016/j.landurbplan.2013.04.003,10.1016/j.landurbplan.2013.04.003,28.77959731945164,0.999999997829909,True
Steenberg_2017_influence-building-renovation-rental::b43,resolved,10.1016/j.jenvman.2015.08.008,via=doi; registry=crossref; ratio=1.00,cr::10.1016/j.jenvman.2015.08.008,10.1016/j.jenvman.2015.08.008,27.77959731945164,0.999999995659818,True
Steenberg_2017_influence-building-renovation-rental::b44,resolved,10.1139/er-2016-0022,via=doi; registry=crossref; ratio=1.00,cr::10.1139/er-2016-0022,10.1139/er-2016-0022,25.135741129676916,0.9999999728738633,True
Steenberg_2017_influence-building-renovation-rental::b45,unresolved,,"best=crossref:0.65:10.1016/j.landurbplan.2013.07.009; skipped=semanticscholar,arxiv (rate-limited)",cr::10.1111/j.1523-1739.2004.l02_1.x,10.1111/j.1523-1739.2004.l02_1.x,-9.052264642117017,0.0018800938600636121,False
Steenberg_2017_influence-building-renovation-rental::b46,resolved,10.1016/j.landurbplan.2012.03.010,via=doi; registry=crossref; ratio=0.99,cr::10.1016/j.landurbplan.2012.03.010,10.1016/j.landurbplan.2012.03.010,29.65406643736778,0.999999998816314,True
Steenberg_2017_influence-building-renovation-rental::b47,resolved,10.1007/s00267-006-0112-2,via=doi; registry=crossref; ratio=1.00,cr::10.1007/s00267-006-0112-2,10.1007/s00267-006-0112-2,27.33213834248042,0.99999999408157,True
Steenberg_2017_influence-building-renovation-rental::b48,resolved,10.1016/s0272-4944(05)80184-7,via=doi; registry=crossref; ratio=1.00,cr::10.1016/s0272-4944(05)80184-7,10.1016/s0272-4944(05)80184-7,27.109745921143972,0.9999999930951651,True
Steenberg_2017_influence-building-renovation-rental::b49,resolved,10.1016/j.landurbplan.2014.11.021,via=doi; registry=crossref; ratio=0.99,cr::10.1016/j.landurbplan.2014.11.021,10.1016/j.landurbplan.2014.11.021,28.917100843201574,0.99999999802719,True
Hall_1985_resampling-coverage-pattern::b0,unresolved,,no_title_or_author (nothing to search on),cr::10.1007/978-1-4615-9925-8_1,10.1007/978-1-4615-9925-8_1,-9.052264642117017,0.0018800938600636121,False
Hall_1985_resampling-coverage-pattern::b1,resolved,10.2307/2530566,via=crossref; ratio=1.00; year=1981,cr::10.2307/2530566,10.2307/2530566,28.48414143592547,0.9999999973367065,True
Hall_1985_resampling-coverage-pattern::b2,resolved,10.1214/aos/1176344552,via=crossref; ratio=1.00; year=1979,cr::10.1214/aos/1176344552,10.1214/aos/1176344552,15.629286734970371,0.9999802708982051,True
Hall_1985_resampling-coverage-pattern::b3,resolved,10.1137/1021092,via=crossref; ratio=0.88; year=1979,cr::10.1137/1021092,10.1137/1021092,8.804230523292595,0.9977680107439599,True
Hall_1985_resampling-coverage-pattern::b4,resolved,10.1093/biomet/68.3.589,via=crossref; ratio=1.00; year=1981,cr::10.1093/biomet/68.3.589,10.1093/biomet/68.3.589,26.48414143592547,0.9999999893468262,True
Hall_1985_resampling-coverage-pattern::b5,resolved,10.1080/00031305.1983.10483087,via=crossref; ratio=0.88; year=1983,cr::10.1080/00031305.1983.10483087,10.1080/00031305.1983.10483087,0.31316030504942005,0.5540544684709169,True
Hall_1985_resampling-coverage-pattern::b6,unresolved,,"best=crossref:0.59:10.33899/iqjoss.2010.30478; skipped=semanticscholar,arxiv (rate-limited)",cr::10.5962/bhl.title.134785,10.5962/bhl.title.134785,-9.052264642117017,0.0018800938600636121,False
Hall_1985_resampling-coverage-pattern::b7,resolved,10.1017/s0305004100029704,via=crossref; ratio=1.00; year=1954,cr::10.1017/s0305004100029704,10.1017/s0305004100029704,20.487267730097944,0.9999993196731856,True
Hall_1985_resampling-coverage-pattern::b8,ambiguous,,2 distinct works accepted at crossref,cr::10.1017/s0021900200028333,10.1017/s0021900200028333,19.0722302308191,0.9999981857972187,False
Hall_1985_resampling-coverage-pattern::b9,ambiguous,,2 distinct works accepted at crossref,cr::10.1017/s002190020009553x,10.1017/s002190020009553x,16.19776111290296,0.9999866959991327,False
Hall_1985_resampling-coverage-pattern::b10,unresolved,,"best=crossref:0.83:10.1201/9781482277234-6; skipped=semanticscholar,arxiv (rate-limited)",cr::10.2307/2531038,10.2307/2531038,-2.8746717103304924,0.11998517176758718,False
Hall_1985_resampling-coverage-pattern::b11,resolved,10.1111/j.2517-6161.1983.tb01240.x,via=crossref; ratio=1.00; year=1983,cr::10.1111/j.2517-6161.1983.tb01240.x,10.1111/j.2517-6161.1983.tb01240.x,17.902305229376786,0.9999959180529989,True
