row_kind,key,work_id,file_id,rel_path,pages,image_pages,class,reason,evidence,quarantine_ids,current_run_id,blocks,text_chars,scope
file,Abdulkader_2020_cnn-fpga-implementation-hardware,01a0ad55-eb8d-7037-b37c-5a431107074a,01a0ad55-ebb2-7cf4-8b7d-7f4122466864,_litkb_staging/filed/Abdulkader_2020_cnn-fpga-implementation-hardware.pdf,62,0,extracted,full,"docling_regions 19435, grobid_regions 220",,01a0ad5b-16aa-7864-aba6-35cdb04e05a1,18005,3338971,main
file,Abercrombie_2016_improving-consistency-multitemporal-land,01a0a4b3-4c8d-75dd-b4b3-55f9ba685787,01a0a4b3-4c9b-7f53-9a03-4c5b186dd4a8,Validation/Abercrombie_2016_improving-consistency.pdf,11,0,extracted,full,"docling_regions 179, grobid_regions 73",,01a0abc6-8aa0-7bac-8850-e5d4facde95b,189,68395,main
file,Ahishali_2025_ada-net-attention-guided,01a0a86a-6ff1-7b0b-984b-e15b9c7cc8eb,01a0a86a-7002-7595-9e48-2edbadf52e4d,_litkb_staging/incoming/t31_Ahishali_2025_ada-net.download,14,0,extracted,full,"docling_regions 208, grobid_regions 166",,01a0abcf-419e-7116-ba37-fa59993ab1cc,230,76730,main
file,Allard_2007_total-variation-regularization-image,01a0a4c5-5508-7dad-a665-e14eb3e7bf6f,01a0a4c5-550c-74ad-8db9-26fc74fddd46,Validation/Allard_2007_total-variation-regularization-image.pdf,41,0,extracted,full,"docling_regions 1073, grobid_regions 751",,01a0abc6-9a02-772f-84ce-5454b9d75328,1133,106858,main
file,Almon_1965_distributed-lag-capital-appropriations,01a0a151-b17f-7728-8903-a3399118b2a9,01a0a151-c813-7f42-ac65-6d6cc072d8a2,Validation/Almon_1965_distributed-lag-between-capital.pdf,20,0,extracted,full,"docling_regions 398, grobid_regions 50",,01a0abc6-a226-7c5f-afc4-4be428694174,389,54103,main
file,Alwan_1988_time-series-modeling-statistical,01a0a151-9a9a-7915-b9e0-9ccedf78fa14,01a0a151-9a9c-75d0-ad52-6b6c5ddbf734,Validation/Alwan_1988_time-series-modeling-statistical-process.pdf,10,0,extracted,full,"docling_regions 185, grobid_regions 109",,01a0abc6-a7ab-7f69-a3d4-b893c4ca9d0e,191,47769,main
file,Anderson_1957_statistical-inference-about-markov,01a0a151-6350-7617-9839-6477db821f3a,01a0abe0-de10-7813-b751-d0e524f166e3,Validation/Anderson_1957_statistical-inference-about-markov.pdf,22,21,scan-needs-ocr,,"no current run; image pages 2,3,4,5,6,7,8,9,10,11,12,13,…(+9)",,,,,main
file,Angelopoulos_2022_conformal-risk-control,01a0a86e-8137-74d3-a40d-8d79169bb2a5,01a0a86e-8149-7609-91c5-506f00b117df,_litkb_staging/incoming/t120_Angelopoulos_2022_conformal-risk-control.download,19,0,extracted,full,"docling_regions 582, grobid_regions 323",,01a0abcf-2697-7460-bbeb-480e00bbd119,533,56113,main
file,Averkov_2009_confirmation-matheron-s-conjecture,01a0a4d2-2577-7a57-8166-f6f5614c2876,01a0a4d2-257b-7065-9d90-553f73a77b14,Validation/Averkov_2009_confirmation-matheron-s-conjecture.pdf,16,0,extracted,full,"docling_regions 442, grobid_regions 148",,01a0abc6-adcb-7f98-a286-80f8da20015f,352,40527,main
file,Bacry_2015_hawkes-processes-finance,01a0a861-2656-79bb-8caa-2b92d131bcf5,01a0a861-7de7-70a1-8737-86b428e3c4cf,_litkb_staging/filed/Bacry_2015_hawkes-processes-finance.pdf,59,0,extracted,full,"docling_regions 1206, grobid_regions 505",,01a0abcc-0dc1-734e-960b-aa76db7c3b20,879,150482,main
file,Baddeley_2005_spatstat-r-package-analyzing,01a0a4c6-6535-7066-b4bb-6324c89976a7,01a0a4c6-6538-7abc-87ee-e8e30944b29f,Validation/Baddeley_2005_spatstat-r-package-analyzing-spatial.pdf,42,0,extracted,full,"docling_regions 809, grobid_regions 319",,01a0abc6-bb49-77e5-be7c-ab8f73a65458,841,97435,main
file,Barker_2022_effects-crown-scorch-post,01a0a4d1-0aa5-7927-a4e3-af2658601a96,01a0a4d1-0aa9-7139-bcce-bfbc70393a98,Validation/Barker_2022_effects-crown-scorch-post-fire.pdf,17,0,extracted,full,"docling_regions 224, grobid_regions 71",,01a0abc6-c382-7cf8-8450-c59de63b10a6,237,95826,main
file,Batson_2019_noise2self-blind-denoising-self,01a0a4c5-0e57-798d-8ade-b04808b2fa27,01a0a4c5-0e5a-7280-ba88-66d6e7dca378,Validation/Batson_2019_noise2self-blind-denoising-self.pdf,16,0,,,no rule matched (waiting for extraction),,,,,main
file,Begg_1983_assessment-diagnostic-tests-when,01a0a151-928f-7a33-a468-67ccdf3df2a3,01a0a151-9291-7651-b036-f47e7dcf9e75,Validation/Begg_1983_assessment-diagnostic-tests-when-disease.pdf,10,0,extracted,full,"docling_regions 165, grobid_regions 68",,01a0abc6-c720-7430-8853-9aaf7ed44001,170,29715,main
file,Bell_1977_markov-analysis-land-use,01a0a151-d113-7045-a0f1-b05d80fbd9fe,01a0a157-57c5-7a0e-8d49-88390d00de8f,Validation/Bell_1977_markov-analysis-land-use-change.pdf,5,0,extracted,full,"docling_regions 145, grobid_regions 45",,01a0abc6-ca50-726e-b3b7-034312f41f19,149,31828,main
file,Bellettini_2002_total-variation-flow-rn,01a0a4d1-d714-775f-971a-3be9a6d1f945,01a0a4d1-d717-7c62-a5cd-0148da298f94,Validation/Bellettini_2002_total-variation-flow.pdf,51,0,extracted,full,"docling_regions 1141, grobid_regions 710",,01a0abc6-d6ca-7df6-8c1a-d61ab967f83d,1137,98924,main
file,Benedek_2009_change-detection-optical-aerial,01a0a4b7-aab5-7f39-965f-679ba79c5e6c,01a0a4b7-aaba-779c-a08d-f020c87d5dd7,Validation/Benedek_2009_change-detection-optical-aerial-images.pdf,15,0,extracted,full,"docling_regions 290, grobid_regions 182",,01a0abc6-e1a1-7d7a-bf28-adc511f9a049,299,73600,main
file,Benedek_2015_multilayer-markov-random-field,01a0a4b7-b327-7f03-bb4d-e502b0712358,01a0a4b7-b32d-719c-8dc9-03996295d2e8,Validation/Benedek_2015_multilayer-markov-random-field-models.pdf,16,0,extracted,full,"docling_regions 433, grobid_regions 255",,01a0abc6-ebe8-7b30-a996-7c04de50589a,425,107257,main
file,Benjamini_1995_controlling-false-discovery-rate,01a0a4d6-ea96-7605-b8c4-90a46df7cfac,01a0a4d6-ea99-7e59-9bea-f38401c988e7,Validation/Benjamini_1995_controlling-false-discovery-rate.pdf,12,0,extracted,full,"docling_regions 242, grobid_regions 76",,01a0abc6-f13b-7e81-b611-ac7c228561cf,243,34427,main
file,Besag_1974_spatial-interaction-statistical-analysis,01a0a151-6800-7d3b-905b-692474b4e1b3,01a0a151-6802-7d6c-8d79-bccb2210d4e7,Validation/Besag_1974_spatial-interaction-statistical-analysis.pdf,34,0,extracted,full,"docling_regions 547, grobid_regions 247",,01a0abc6-fd77-7781-9c19-b9a89929a0ba,563,113147,main
file,Blackman_2020_detecting-long-term-urban,01a0a4be-5642-7d09-9b64-a2d23f9c9e82,01a0a4be-5646-7d1f-a4ca-13ca5f973c60,Validation/Blackman_2020_detecting-long-term-urban-forest.pdf,20,0,extracted,full,"docling_regions 216, grobid_regions 83",,01a0abc7-056e-700f-a32a-89a875b8ea01,235,108758,main
file,Blakemore_1984_part-4-mathematical-algorithmic,01a0a151-a278-7e62-a1e9-61b9105b7e45,01a0a151-a27a-7b01-9583-cc5300a1e9c1,Validation/Blakemore_1984_generalisation-error-spatial.pdf,9,0,extracted,full,"docling_regions 78, grobid_regions 32",,01a0abc7-091f-7a0e-a700-b5d87137cd0a,84,27714,main
file,Bloch_2012_mathematical-morphology-bipolar-fuzzy,01a0a4c2-faaf-788f-8744-4f290b219402,01a0a4c2-fab3-7725-a6b4-241d87a42995,Validation/Bloch_2012_mathematical-morphology-bipolar-fuzzy.pdf,30,0,extracted,full,"docling_regions 746, grobid_regions 483",,01a0abc7-1688-7409-a5bb-cfebebf652bd,781,146012,main
file,Bloch_2023_preprintresolver-improving-citation-quality,01a0a7c1-9bdd-7572-8726-b62a846d816a,01a0a839-6873-7718-8ea7-840f64da2bf6,_litkb_staging/filed/Bloch_2023_preprintresolver-improving-citation-quality.pdf,15,0,extracted,full,"docling_regions 254, grobid_regions 88",,01a0abcc-1667-743c-bc6a-e965507349c5,259,39971,main
file,Bogaert_2022_hidden-markov-models-annual,01a0a4b7-618c-7323-8655-a9967557dc4a,01a0a4b7-6190-7c99-b423-5e77d48deb90,Validation/Bogaert_2022_hidden-markov-models-annual-land.pdf,14,0,extracted,full,"docling_regions 221, grobid_regions 112",,01a0abc7-206f-7044-994e-9ff0ff88f11d,231,81035,main
file,Boykov_2002_interactive-graph-cuts-optimal,01a0a4db-4d80-702e-830d-3d0f7fed58ec,01a0a4db-4d83-7d62-bb12-278c671fa53c,Validation/Boykov_2001_interactive-graph-cuts-optimal-boundary.pdf,8,0,extracted,full,"docling_regions 173, grobid_regions 90",,01a0abc7-246f-7fe9-9b08-a2545721f19c,177,39989,main
file,Boykov_2003_computing-geodesics-minimal-surfaces,01a0a4db-3dc3-765b-aece-1bb805267e5e,01a0a4db-3dc7-7626-aeac-1d9aa31059f3,Validation/Boykov_2003_computing-geodesics-minimal-surfaces.pdf,8,0,extracted,full,"docling_regions 253, grobid_regions 94",,01a0abc7-28a3-723a-94fd-db5b8807b3d3,259,46517,main
file,Broaddus_2020_removing-structured-noise-self,01a0a4d1-cf95-713a-b815-697e425508b3,01a0a4d1-cf98-74f7-9be5-1fd10fa9d7dd,Validation/Broaddus_2020_removing-structured-noise-self.pdf,5,0,extracted,full,"docling_regions 143, grobid_regions 38",,01a0abc7-2bea-7699-95fc-31f20095bc51,126,26267,main
file,Brook_1972_approach-probability-distribution-cusum,01a0a151-8737-7ada-900a-f55b731f52d0,01a0a151-8739-77bb-8a88-029df72c4c80,Validation/Brook_1972_approach-probability-distribution-cusum.pdf,11,0,extracted,full,"docling_regions 209, grobid_regions 87",,01a0abc7-2ecd-7e7a-9e6e-6c3c33428f27,208,31232,main
file,Brown_2022_automated-aerial-animal-detection,01a0a4bd-060f-7147-a2c4-7344c829abe5,01a0a4bd-0612-7dc4-8eef-09fd9e30d329,Validation/Brown_2022_aerial-animal-detection-spatial-resolution.pdf,20,0,extracted,full,"docling_regions 158, grobid_regions 82",,01a0abc7-3285-7fdd-a6c6-6e440bff31ae,159,33198,main
file,Browning_2021_simple-discrete-time-self,01a0a4d6-bc09-760c-b773-a07ba335c0a4,01a0a4d6-bc0c-7b65-b8ac-10da9a2c927b,Validation/Browning_2021_simple-discrete-time-self-exciting.pdf,28,0,extracted,full,"docling_regions 371, grobid_regions 125",,01a0abc7-3c41-7a83-be9a-fecac5ea16bc,379,91418,main
file,Bureau_2003_applications-continuous-time-hidden,01a0a4d6-6db0-7e25-921c-ddc508b09695,01a0a4d6-6db4-7343-965a-aca7b3c090d4,Validation/Bureau_2003_applications-continuous-time-hidden.pdf,22,0,extracted,full,"docling_regions 325, grobid_regions 118",,01a0abc7-4269-7d4d-a8f9-cf6b5d42c699,329,64069,main
file,Burnicki_2007_simulating-error-propagation-land,01a0a4c6-c2e5-737b-a561-85437140e433,01a0a4c6-c2e8-7eac-b053-ccf8ffe556ae,Validation/Burnicki_2007_simulating-error-propagation-land.pdf,21,0,extracted,full,"docling_regions 237, grobid_regions 84",,01a0abc7-47dc-786b-a440-676466d3d290,228,60702,main
file,Burnicki_2010_propagating-error-land-cover,01a0a4d2-161b-7346-a572-7e81d182998e,01a0a4d2-161e-7cd2-9b8c-19fd20670347,Validation/Burnicki_2010_propagating-error-land-cover-change.pdf,20,0,extracted,full,"docling_regions 251, grobid_regions 64",,01a0abc7-4d0e-707c-ba46-f0e232e5e483,251,59980,main
file,Burnicki_2011_spatio-temporal-errors-land,01a0a4c6-caf5-7764-ab3c-93d361a23adf,01a0a4c6-caf9-703a-b95e-dd990c31a6d1,Validation/Burnicki_2011_spatio-temporal-errors-land-cover.pdf,27,0,extracted,full,"docling_regions 807, grobid_regions 141",,01a0abc7-54e7-7b15-b3b1-d6d9dfde7f3a,735,76342,main
file,Burnicki_2012_impact-error-landscape-pattern,01a0c719-b5c0-7121-80c9-df92d4daf529,01a0c71a-003f-7680-a620-7ca8e31af49d,_litkb_staging/filed/Burnicki_2012_impact-error-landscape-pattern.pdf,17,0,,,no rule matched (waiting for extraction),,,,,main
file,Cabo_1995_line-transects-covariance-functions,01a0a4d6-37a9-7c41-ba19-c87be1406452,01a0a4d6-37ad-7130-9fc4-4fb853e63b9e,Validation/Cabo_1995_line-transects-covariance-functions-set.pdf,22,0,extracted,full,"docling_regions 463, grobid_regions 17",,01a0abc7-5b7d-76ba-a136-1b9c3d2c0e94,472,45156,main
file,Cai_2014_enhancing-modis-land-cover,01a0a4d6-46c7-759c-9863-693195c5f9d4,01a0a4d6-46cb-78a1-a264-78ebe48f3125,Validation/Cai_2014_enhancing-modis-land-cover-product.pdf,13,0,extracted,full,"docling_regions 247, grobid_regions 92",,01a0abc7-627f-715b-bba5-a57a8b979698,240,60976,main
file,Camara_2024_bayesian-inference-post-processing,01a0a4be-8903-781d-88fa-7aaadc0b3243,01a0a4be-8906-7f92-b7b5-0d3f6ba4affd,Validation/Camara_2024_bayesian-inference-post-processing.pdf,15,0,extracted,full,"docling_regions 180, grobid_regions 98",,01a0abc7-67f6-76dc-b068-e728c2447e59,190,51372,main
file,Capliez_2023_multisensor-temporal-unsupervised-domain,01a0c71a-09d5-7d8c-9068-920686efbc78,01a0c71a-547f-71ba-8a5d-358881cc38bc,_litkb_staging/filed/Capliez_2023_multisensor-temporal-unsupervised-domain.pdf,16,0,,,no rule matched (waiting for extraction),,,,,main
file,Caragea_2009_autologistic-models-interpretable-parameters,01a0a4d6-273d-77e6-997b-36d6bc5f29c2,01a0a4d6-2740-7cb9-9e33-3ac5208b0ad8,Validation/Caragea_2009_autologistic-models-interpretable.pdf,20,0,extracted,full,"docling_regions 208, grobid_regions 108",,01a0abc7-6d00-74bd-a81c-30a2075cf0a1,207,52265,main
file,Cardille_2016_bayesian-updating-land-cover,01a0a4b8-2803-7507-a594-6425b322c1d6,01a0a4b8-2807-743c-bf9d-0cefc8076451,Validation/Cardille_2016_bayesian-updating-land-cover.pdf,16,0,extracted,full,"docling_regions 681, grobid_regions 100",,01a0abc7-7572-7c06-a09c-dd4108c27058,438,79561,main
file,Chakraborty_2017_effect-misclassification-due-measurement,01a0a4c1-8f51-7a66-a670-6520e1ec3a73,01a0a4c1-8f55-7912-b82e-a63277dfd55e,Validation/Chakraborty_2017_effect-misclassification-due.pdf,16,0,extracted,full,"docling_regions 176, grobid_regions 199",,01a0abc7-7bfc-7fb5-868d-7bd40264cd82,193,31751,main
file,Chan_2005_aspects-total-variation-regularized,01a0a4c5-1bb4-7e24-8bec-0dab79b34097,01a0a4c5-1bb8-7698-ad8d-2d839ec0f4f7,Validation/Chan_2005_aspects-total-variation-regularized-l.pdf,21,0,extracted,full,"docling_regions 491, grobid_regions 274",,01a0abc7-8518-7a67-a273-4b56017bab04,463,65043,main
file,Charitos_2007_computing-short-interval-transition,01a0a4d5-a9ff-78e9-9901-dbad4504ae21,01a0a4d5-aa03-7349-a8dd-012a63d75886,Validation/Charitos_2008_computing-short-interval-transition.pdf,17,0,extracted,full,"docling_regions 277, grobid_regions 142",,01a0abc7-8b39-7415-bf83-85b0e7abda1c,291,52816,main
file,Chaux_2008_nonlinear-stein-based-estimator,01a0a4c3-1d71-7945-a814-321c87de80fa,01a0a4c3-1d76-701c-a3c5-d2181fc23f52,Validation/Chaux_2008_nonlinear-stein-based-estimator.pdf,30,0,extracted,full,"docling_regions 728, grobid_regions 402",,01a0abc7-950e-7508-9c99-81b41000eed5,635,81453,main
file,Chen_2014_assessment-image-misregistration-effects,01a0a857-299e-743e-938b-da4898341326,01a0a857-9528-713f-9ee2-b3b37a398e83,_litkb_staging/filed/Chen_2014_assessment-image-misregistration-effects.pdf,9,0,extracted,full,"docling_regions 128, grobid_regions 57",,01a0abcc-1afc-7091-8ab3-f8b239b1e6f2,136,46942,main
file,Chen_2018_semantic-segmentation-aerial-imagery,01a0a4bd-15b2-75b8-b0d5-7c4704bb2e5b,01a0a4bd-15b6-7778-9007-19bdffa02a60,Validation/Chen_2018_semantic-segmentation-aerial-imagery.pdf,8,0,extracted,full,"docling_regions 224, grobid_regions 69",,01a0abc7-9edd-7c69-ae75-a61b37567881,229,55729,main
file,Chen_2022_new-p-control-chart,01a0a872-cd6f-7562-b076-2aea54db2554,01a0a872-ddd9-7b2c-ab94-0553e20aeadf,_litkb_staging/filed/Chen_2022_new-p-control-chart.pdf,31,0,extracted,full,"docling_regions 286, grobid_regions 194",,01a0abcc-1fbb-7a72-b0bc-aa8df5ba2d31,286,40808,main
file,Chernozhukov_2018_double-debiased-machine-learning,01a0a85d-b64c-76b5-ad5b-325d2881c7d2,01a0a85e-1027-7a7c-bc3d-1cffdc681a97,_litkb_staging/filed/Chernozhukov_2018_double-debiased-machine-learning.pdf,72,0,extracted,full,"docling_regions 1235, grobid_regions 835",,01a0abcc-365b-7520-b957-95adab30733b,1283,201815,main
file,Chrisman_1982_theory-cartographic-error-measurement,01a0a151-aae7-7760-8dd5-102e6ed454b8,01a0a151-aae9-7a7a-8b5d-b764a3a80723,Validation/Chrisman_1982_theory-cartographic-error-measurement.pdf,10,0,,,no rule matched (waiting for extraction),,,,,main
file,Cioffi_2022_structured-references-pdf-articles,01a0a7c1-7c3f-7064-93d2-20074d80e080,01a0a7c5-782e-77c1-b4f4-3341b5e06839,_litkb_staging/filed/Cioffi_2022_structured-references-pdf-articles.pdf,9,0,extracted,full,"docling_regions 89, grobid_regions 37",,01a0abcc-3d4c-7a00-b831-bfc97400df6c,90,24741,main
file,Cohen_2010_detecting-trends-forest-disturbance,01a0c721-f994-73bd-bd47-944ed91bd2c3,01a0c722-4e3c-750c-a175-70831fd3d58b,_litkb_staging/filed/Cohen_2010_detecting-trends-forest-disturbance.pdf,14,0,,,no rule matched (waiting for extraction),,,,,main
file,Conley_1999_gmm-estimation-cross-sectional,01a0a4d7-125f-7c97-a5a2-30c645d1e22a,01a0a4d7-1263-76b2-9087-ac85c2134708,Validation/Conley_1999_gmm-estimation-cross-sectional.pdf,45,0,extracted,full,"docling_regions 847, grobid_regions 397",,01a0abc7-aa2d-71f5-9b80-2b66cf12bf42,868,95779,main
file,Conley_2007_spatial-correlation-robust-inference,01a0a4d5-e881-75ee-b6a9-fdb7664ca11d,01a0a4d5-e884-7bcc-bf91-5da8fc2f6f7e,Validation/Conley_2007_spatial-correlation-robust-inference.pdf,21,0,extracted,full,"docling_regions 270, grobid_regions 129",,01a0abc7-b2b6-7a2f-b35d-d1686ea5edeb,279,74189,main
file,Conway_2022_private-tree-law-s,01a0a4c6-ea44-7c20-87c7-4ae617a0c32b,01a0a4c6-ea48-76f2-a789-a915eca07778,Validation/Conway_2022_private-tree-law-s-contribution.pdf,18,0,extracted,full,"docling_regions 386, grobid_regions 96",,01a0abc7-ba9e-7922-969c-7f9822f22280,385,77303,main
file,Coulter_2008_assessment-spatial-co-registration,01a0c722-b25d-75aa-a158-80ec90f89e69,01a0c723-2689-75f6-8dc9-431296fabe3d,_litkb_staging/filed/Coulter_2008_assessment-spatial-co-registration.pdf,13,0,,,no rule matched (waiting for extraction),,,,,main
file,Couprie_2011_power-watershed-unifying-graph,01a0a4db-64de-768b-9c5e-1ba8eb82a5f3,01a0a4db-64e2-74c9-9d2a-06cac91f1c88,Validation/Couprie_2011_power-watershed-unifying-graph-based.pdf,16,0,extracted,full,"docling_regions 438, grobid_regions 221",,01a0abc7-c3d3-71b2-8557-281cf67006a0,449,89830,main
file,Crowder_2017_introduction-bernoulli-cusum,01a0a873-5206-7ec7-a555-fbb340ad6053,01a0a873-5217-7139-adc2-1cc9c7b72a80,_litkb_staging/incoming/t286_Crowder_2017_bernoulli-cusum.download,46,0,extracted,full,"docling_regions 332, grobid_regions 83",,01a0abcf-3297-718d-ae53-caf7e238a211,357,15406,main
file,Culbert_2025_reference-coverage-analysis-openalex,01a0a7c1-bcd6-7edb-aaa6-3d1dec5a1a6a,01a0a83b-a37a-7f0f-aa77-483942f10c62,_litkb_staging/filed/Culbert_2025_reference-coverage-analysis-openalex.pdf,18,0,extracted,full,"docling_regions 381, grobid_regions 95",,01a0abcc-4246-78b2-b153-1129ce5a5744,362,53998,main
file,Dai_1998_hierarchical-methodology-framework-multisource,01a0a4df-055d-7562-aad9-44143b33e930,01a0a4df-0566-72ff-ba57-6f6b02a6a007,Validation/Dai_1998b_hierarchical-fusion-letter.pdf,7,0,extracted,full,"docling_regions 80, grobid_regions 33",,01a0abc7-cd04-7225-912a-b5b5edf7bf61,85,15643,main
file,DAngelo_2004_inferred-causes-tree-mortality,01a0a4d1-19d2-7a7f-98bd-0f6fb41918af,01a0a4d1-19d6-751e-bf06-b26fab35ebe4,Validation/DAngelo_2004_inferred-causes-tree-mortality.pdf,5,0,extracted,full,"docling_regions 88, grobid_regions 19",,01a0abc7-c71a-7e60-9076-da63243a98d7,89,18795,main
file,Dawid_1979_maximum-likelihood-estimation-observer,01a0a151-8ed6-7599-94b4-bbf427071e9e,01a0a151-8ed8-7417-a967-b18e0aa67be1,Validation/Dawid_1979_maximum-likelihood-estimation-observer.pdf,10,0,extracted,full,"docling_regions 136, grobid_regions 72",,01a0abc7-cfae-75fa-951c-2801184bec31,142,25092,main
file,Dionelis_2024_learning-unlabelled-data-transformers,01a0a86a-d7ff-75e1-9fc0-57ed42560efe,01a0a86a-d811-770c-a525-c93d7ba5e888,_litkb_staging/incoming/t35_Dionelis_2024_unlabelled-transformers.download,6,0,extracted,full,"docling_regions 185, grobid_regions 52",,01a0abcf-4541-7be8-8530-48b8ed4ed597,187,24993,main
file,Duval_2009_tvl1-model-geometric-point,01a0a4c5-2363-7cbe-a940-aef962c4440e,01a0a4c5-2367-73e7-ac11-cc29947e8440,Validation/Duval_2009_tvl1-model-geometric-point-view.pdf,36,0,extracted,full,"docling_regions 731, grobid_regions 525",,01a0abc7-ddcd-7217-a60b-2c012caa5705,772,115410,main
file,Efron_1986_how-biased-apparent-error,01a0a151-6b70-774d-8eae-d2ca6b2dca5b,01a0a151-6b72-78f1-ac3b-6a6079f031df,Validation/Efron_1986_how-biased-apparent-error-rate.pdf,11,0,extracted,full,"docling_regions 365, grobid_regions 149",,01a0abc7-e677-7304-a282-b30d23f92577,384,79195,main
file,Efron_2004_estimation-prediction-error,01a0a4d1-9095-7b1c-8bf9-881f9f3fc699,01a0a4d1-9099-7103-91a5-7d2018584741,Validation/Efron_2004_estimation-prediction-error-covariance.pdf,15,0,extracted,full,"docling_regions 447, grobid_regions 307",,01a0abc7-f004-7bed-8c72-f58bc5827a67,482,78761,main
file,Efron_2021_resampling-plans-estimation-prediction,01a0a4c3-3513-792b-850f-bb12daf7f914,01a0a4c3-3517-7a2d-923f-ee1166236886,Validation/Efron_2021_resampling-plans-estimation-prediction.pdf,25,0,extracted,full,"docling_regions 716, grobid_regions 479",,01a0abc7-fa26-7a1a-92bb-8d2696dcc91b,709,67260,main
file,Eldar_2009_generalized-sure-exponential-families,01a0a4c3-0a25-703d-8598-ca90496643cd,01a0a4c3-0a2a-78d3-87c4-533f45f98505,Validation/Eldar_2009_generalized-sure-exponential-families.pdf,31,0,extracted,full,"docling_regions 374, grobid_regions 345",,01a0abc8-024f-7b83-8ad7-7539a10d201d,386,55781,main
file,Fang_2020_rethinking-importance-weighting-deep,01a0a858-7825-771c-adc6-0fa84e137d0d,01a0a858-8f77-722c-ac54-8c199da33778,_litkb_staging/filed/Fang_2020_rethinking-importance-weighting-deep.pdf,18,0,extracted,full,"docling_regions 913, grobid_regions 119",,01a0abcc-4b78-7596-800d-75230b1b84a4,809,54635,main
file,Fellegi_1969_theory-record-linkage,01a0a7c2-4579-7dd5-8b70-09fb52fc3e03,01a0a856-376d-7165-948a-3a51ab676585,_litkb_staging/filed/Fellegi_1969_theory-record-linkage.pdf,29,0,extracted,full,"docling_regions 598, grobid_regions 266",,01a0abcc-5722-73cc-8433-93ee42ad911a,641,82074,main
file,Ferreira_2025_data-augmentation-resolution-enhancement,01a0a86b-583f-77ad-bff3-50e6fa2017cb,01a0a86b-584e-7cc4-8cd0-26bc72097158,_litkb_staging/incoming/t37_Ferreira_2025_gans-diffusion-tree-seg.download,18,0,extracted,full,"docling_regions 243, grobid_regions 82",,01a0abcf-4d2c-770f-b63d-74b15c82ca32,257,42851,main
file,Fleming_2025_aerial-imagery-tool-monitoring,01a0a86e-03a3-7a09-935c-7c47c6260ab7,01a0a86e-03b5-7aee-bc18-a184161223e2,_litkb_staging/incoming/t65_Fleming_2025_aerial-imagery-urban-tree-retention.download,15,0,extracted,full,"docling_regions 239, grobid_regions 131",,01a0abcf-6a02-7b59-893e-20480fcb2a96,283,69188,main
file,Foody_2010_assessing-accuracy-land-cover,01a0a49f-4b4e-72b8-969b-b0a990826ce0,01a0a49f-4b54-7118-be77-92db5d484f3d,Validation/Foody_2010_assessing-accuracy-land-cover-change.pdf,15,0,extracted,full,"docling_regions 339, grobid_regions 172",,01a0abc8-0d31-7a8b-a1b1-ad2f6dae4aff,348,109010,main
file,Galerne_2011_computation-perimeter-measurable-sets,01a0a4d2-1dbc-79a5-817e-69138f6d9081,01a0a4d2-1dc0-735e-b2d9-ce8c948cd59c,Validation/Galerne_2011_computation-perimeter-measurable-sets.pdf,13,0,extracted,full,"docling_regions 343, grobid_regions 307",,01a0abc8-154c-711b-bb95-98e20bf46118,356,53708,main
file,Gallagher_1981_theoretical-analysis-properties-median,01a0a151-5c07-7d29-aed7-10e23529735a,01a0a151-5c0a-799b-975a-48e7dcd0219b,Validation/Gallagher_1981_theoretical-analysis-properties.pdf,6,0,extracted,full,"docling_regions 216, grobid_regions 47",,01a0abc8-19c4-7c23-9205-bbbe1dae063e,145,36178,main
file,Gasparrini_2010_distributed-lag-non-linear,01a0a4d6-8512-7807-ac6d-80727a2992fb,01a0a4d6-8515-7d04-a6f6-f773acf39deb,Validation/Gasparrini_2010_distributed-lag-non-linear-models.pdf,11,0,extracted,full,"docling_regions 274, grobid_regions 93",,01a0abc8-1e4a-7c61-8e27-1f609249382b,258,42843,main
file,Gasparrini_2011_distributed-lag-linear-non,01a0a4d6-8ca0-718a-a6e4-ce2002fd3d5d,01a0a4d6-8ca3-782a-9a63-51fc20058400,Validation/Gasparrini_2011_distributed-lag-linear-non-linear.pdf,20,0,extracted,full,"docling_regions 466, grobid_regions 115",,01a0abc8-246f-7f2d-8a14-75bf628c92c9,409,54505,main
file,Gasparrini_2013_modeling-exposure-lag-response,01a0a4d6-9489-7d37-ac0c-786bd4260d5c,01a0a4d6-948d-72b9-84c5-260bc07cf314,Validation/Gasparrini_2014_modeling-exposure-lag-response.pdf,19,0,extracted,full,"docling_regions 604, grobid_regions 126",,01a0abc8-2e38-7c86-b1dd-cebb35ef6000,516,81296,main
file,Gasparrini_2017_penalized-framework-distributed-lag,01a0a4d6-9d02-7810-b922-3deefc6adf59,01a0a4d6-9d05-7def-928e-40e86550085e,Validation/Gasparrini_2017_penalized-framework-distributed-lag.pdf,11,0,extracted,full,"docling_regions 818, grobid_regions 103",,01a0abc8-37f3-7b00-bcc2-be04a78a313e,693,52962,main
file,Geirhos_2018_imagenet-trained-cnns-biased,01a0a85b-7edd-7a06-bfb3-56ebaa44a2ec,01a0a85b-9376-7fa7-bbb8-feec1d3169db,_litkb_staging/filed/Geirhos_2018_imagenet-trained-cnns-biased.pdf,22,0,extracted,full,"docling_regions 962, grobid_regions 96",,01a0abcc-611f-7b88-8b27-4f583d791473,916,76757,main
file,Geyer_1992_constrained-monte-carlo-maximum,01a0a4c6-d2a4-7488-a798-cd7f0c92ebb2,01a0a4c6-d2a7-7efe-9a3e-a79ccde02e2c,Validation/Geyer_1992_constrained-monte-carlo-maximum.pdf,27,0,extracted,full,"docling_regions 546, grobid_regions 186",,01a0abc8-4289-7c4e-bec3-c2a98717f852,530,86222,main
file,Girard_2019_aligning-updating-cadaster-maps,01a0a4d0-cbd4-761f-9112-c1bf82bbf5e8,01a0a4d0-cbde-7738-a21e-6ba42c4a9824,Validation/Girard_2019a_aligning-updating-cadaster-maps-aerial.pdf,16,0,extracted,full,"docling_regions 156, grobid_regions 93",,01a0abc8-4788-7993-97ff-fd4aeb8e778f,156,37173,main
file,Girard_2019_noisy-supervision-correcting-misaligned,01a0a85f-f9ee-7ff9-ac39-bffecdc108ef,01a0a860-4ff3-7775-a5b7-f325f73412f6,_litkb_staging/filed/Girard_2019_noisy-supervision-correcting-misaligned.pdf,4,0,extracted,full,"docling_regions 91, grobid_regions 33",,01a0abcc-65cf-7667-bd40-24df3a858a9b,95,17069,main
file,Goodchild_1997_simple-positional-accuracy-measure,01a0a4d1-69ad-717a-9956-56401cc9422e,01a0a4d1-69b0-7521-b86b-7f30f3c53f57,Validation/Goodchild_1997_simple-positional-accuracy-measure.pdf,10,0,extracted,full,"docling_regions 108, grobid_regions 38",,01a0abc8-4a05-7843-963f-951c1387553b,113,23942,main
file,Goodchild_2004_general-framework-error-analysis,01a0a4d1-88ea-765b-b767-3bec05bf18ca,01a0a4d1-88ed-7f3e-8282-24d70a6bbd4f,Validation/Goodchild_2004_general-framework-error-analysis.pdf,2,0,extracted,full,"docling_regions 18, grobid_regions 6",,01a0abc8-4acf-723f-b555-62801390e4a7,19,4772,main
file,Gros_2021_softseg-advantages-soft-versus,01a0a4d4-5bdd-753a-bc63-42fd0ed904fc,01a0a4d4-5be1-7052-957c-d5ea6a3afb84,Validation/Gros_2021_softseg-advantages-soft-versus-binary.pdf,33,0,extracted,full,"docling_regions 626, grobid_regions 126",,01a0abc8-510e-7ab0-9a82-f39268503347,582,75319,main
file,Guenci_2025_pipeline-matching-bibliographic-references,01a0a7c1-841a-76d3-acc6-f8400313afe4,01a0a7c5-be63-7f12-a467-98e900994bdb,_litkb_staging/filed/Guenci_2025_pipeline-matching-bibliographic-references.pdf,25,0,extracted,full,"docling_regions 186, grobid_regions 127",,01a0abcc-6a1e-7b4a-8f7b-08bb4d85f314,199,65392,main
file,Gulrajani_2020_search-lost-domain-generalization,01a0a858-e92f-761e-889d-8de7ee4b604c,01a0c6be-9932-718f-9592-8830c0aa3767,_litkb_staging/filed/Gulrajani_2020_search-lost-domain-generalization.pdf,27,0,,,no rule matched (waiting for extraction),,,,,main
file,Guo_2018_redeveloping-urban-forest-effect,01a0a4d1-c85f-7c50-9823-d39e9f46d5c9,01a0a4d1-c863-7cc2-af1c-0388b4905f55,Validation/Guo_2018_redeveloping-urban-forest-effect.pdf,26,0,extracted,full,"docling_regions 109, grobid_regions 125",,01a0abc8-5a65-797c-b22f-35de750a48b4,191,104367,main
file,Guo_2019_city-wide-canopy-cover,01a0a4d1-e7be-7972-988f-6d056469e4c2,01a0a4d1-e7c2-7065-b3ee-bc677879059c,Validation/Guo_2019_city-wide-canopy-cover-decline.pdf,9,0,extracted,full,"docling_regions 253, grobid_regions 61",,01a0abc8-6175-7c87-b2dd-7bdc9a5a669e,252,51518,main
file,Hall_1985_resampling-coverage-pattern,01a0a4db-73fb-78cd-a0fc-905c8c1e284e,01a0a4db-73fe-7ec5-ab55-692769f4c5df,Validation/Hall_1985_resampling-coverage-pattern.pdf,16,0,extracted,full,"docling_regions 249, grobid_regions 88",,01a0abc8-661a-709a-80f8-6a56c4840d63,254,33911,main
file,Hasegawa_2019_probability-deriving-yearly-transition,01a0a4c6-bb60-7b1e-824b-762a8f1c9dfa,01a0a4c6-bb64-7560-bb4b-135c9fde5788,Validation/Hasegawa_2019_probability-deriving-yearly.pdf,11,0,extracted,full,"docling_regions 168, grobid_regions 69",,01a0abc8-6a50-71aa-a8c7-c9c3c1383f2c,178,40735,main
file,Hauer_1994_street-tree-decline-construction,01a0a4c6-790a-753b-ad8a-0da3e6a986d6,01a0a4c6-790d-7e22-b938-48ffdcd3eff2,Validation/Hauer_1994_street-tree-decline-construction-damage.pdf,4,0,extracted,full,"docling_regions 65, grobid_regions 33",,01a0abc8-6d05-7668-ba4b-89a507e77a09,69,17609,main
file,Hawkes_1971_spectra-some-self-exciting,01a0a151-739f-7a1c-8a70-009952f9a837,01a0a151-73a2-71eb-859d-9c9d7ec14270,Validation/Hawkes_1971_spectra-some-self-exciting-mutually.pdf,8,0,extracted,full,"docling_regions 188, grobid_regions 127",,01a0abc8-6f53-7719-8692-e178d1c7289e,185,16183,main
file,Hecht_2015_automatic-identification-building-types,01a0a4be-b749-78ea-9888-ce7cd7ee9c83,01a0a4be-b74d-767b-9d79-4e14f2890809,Validation/Hecht_2015_automatic-identification-building-types.pdf,15,0,extracted,full,"docling_regions 184, grobid_regions 51",,01a0abc8-73af-7e8b-84a1-a2a510b2ea6f,186,43378,main
file,Henrich_2024_general-deep-learning-based,01a0a869-ecf7-724e-802b-8f70e9341c37,01a0a869-ed07-7c33-8af3-98236ec0fcdd,_litkb_staging/incoming/t29_Henrich_2024_tree-instance-seg.download,6,0,extracted,full,"docling_regions 68, grobid_regions 29",,01a0abcf-374a-7c76-ba03-9403a85ec85e,70,21742,main
file,Higham_2011_pth-roots-stochastic-matrices,01a0a4d5-a21c-735a-b7c4-f175a735eb5e,01a0a4d5-a21f-7e5c-9235-ff0835e9b277,Validation/Higham_2011_pth-roots-stochastic-matrices.pdf,16,0,extracted,full,"docling_regions 287, grobid_regions 200",,01a0abc8-7a16-798f-84ff-ca407d94b19c,308,54418,main
file,Hilbert_2019_urban-tree-mortality-literature,01a0a4b3-828f-7ca3-8dd5-a20372eb032a,01a0a4b3-8295-7a07-b569-d4f62fd273b6,Validation/Hilbert_2019_urban-tree-mortality-literature-review.pdf,34,0,extracted,full,"docling_regions 393, grobid_regions 116",,01a0abc8-86e3-7c63-918c-0e52d007f373,404,127876,main
file,Hoberg_2015_conditional-random-fields-multitemporal,01a0a4b7-ba4f-7d98-b8b3-50b31521e8b5,01a0a4b7-ba55-71bc-8366-ac4c2a167267,Validation/Hoberg_2015_conditional-random-fields-multitemporal-multiscale.pdf,15,0,extracted,full,"docling_regions 227, grobid_regions 118",,01a0abc8-904c-782f-8dd6-4efa7d843289,243,89021,main
file,Hood_2018_fire-tree-death-understanding,01a0a4d0-fafa-7d73-891d-81f6ce06403f,01a0a4d0-fafe-77c1-84cb-6dc692dfc43a,Validation/Hood_2018_fire-tree-death-understanding-improving.pdf,18,0,extracted,full,"docling_regions 341, grobid_regions 71",,01a0abc8-9951-74c1-8cc5-70da2b1d5599,355,97082,main
file,Hudson_1978_natural-identity-exponential-families,01a0a151-4e86-74dc-82eb-f8d23de1cc48,01a0abe1-746b-7aee-ba91-6f94ebbd0bc5,Validation/Hudson_1978_natural-identity-exponential-families.pdf,12,11,scan-needs-ocr,,"no current run; image pages 2,3,4,5,6,7,8,9,10,11,12",,,,,main
file,Hughes_1999_non-homogeneous-hidden-markov,01a0a4c6-80f8-702b-a9fd-1ecd19d5bfc5,01a0a4c6-80fb-79f5-b396-d78f848e924f,Validation/Hughes_1999_non-homogeneous-hidden-markov-model.pdf,16,0,extracted,full,"docling_regions 177, grobid_regions 104",,01a0abc8-9eca-7794-91d6-6e09052bcf0e,180,50765,main
file,Hughes_2011_autologistic-models-binary-data,01a0a4d4-6b99-73dd-bc9e-bebf4e25efe8,01a0a4d4-6b9c-7fc7-90b9-eb076b2b1a63,Validation/Hughes_2011_autologistic-models-binary-data-lattice.pdf,15,0,extracted,full,"docling_regions 336, grobid_regions 155",,01a0abc8-a3e3-72e3-83c0-01230d60d8f7,364,51691,main
file,Hughes_2014_ngspatial-package-fitting-centered,01a0a4d4-738d-7031-826f-569aed320522,01a0a4d4-7390-7d07-add3-47e8bdec73d4,Validation/Hughes_2014_ngspatial-package-fitting-centered.pdf,15,0,extracted,full,"docling_regions 249, grobid_regions 138",,01a0abc8-a9ac-783f-8829-7f15d420ab53,256,48338,main
file,Hui_1980_estimating-error-rates-diagnostic,01a0a151-9669-75ae-a458-388e44541fb2,01a0a151-966b-71b4-8ae0-50db475a067e,Validation/Hui_1980_estimating-error-rates-diagnostic-tests.pdf,6,0,extracted,full,"docling_regions 96, grobid_regions 22",,01a0abc8-abd7-7f4f-95b6-48ab214a2a7b,100,19130,main
file,Hwang_1982_improving-upon-standard-estimators,01a0a151-57a9-748f-b8a3-5a72c0588ff9,01a0abe2-0e65-7028-8568-88126eeb769a,Validation/Hwang_1982_improving-upon-standard-estimators.pdf,11,10,scan-needs-ocr,,"no current run; image pages 2,3,4,5,6,7,8,9,10,11",,,,,main
file,Israel_2001_finding-generators-markov-chains,01a0a4d5-9aa1-758b-932a-c961ac960e82,01a0a4d5-9aa4-7fc6-930c-b2d2420d37ec,Validation/Israel_2001_finding-generators-markov-chains.pdf,21,0,extracted,full,"docling_regions 331, grobid_regions 243",,01a0abc8-b1a2-7c8d-98bc-0e709b462eb5,351,63044,main
file,Itkin_2026_quickest-detection-hallucination-onset,01a0a873-1c5d-74cf-8908-f7f3665d3806,01a0a873-1c6d-79be-a930-1951b9305e04,_litkb_staging/incoming/t285_Itkin_2026_hallucination-onset.download,18,0,extracted,full,"docling_regions 236, grobid_regions 138",,01a0abcf-2e8e-7641-948e-138e71602262,235,57933,main
file,Jackson_2001_hidden-markov-models-onset,01a0a4d6-65c0-7d81-9500-b540d0b8fdd1,01a0a4d6-65c4-73ee-978f-d69be9d804e5,Validation/Jackson_2002_hidden-markov-models-onset-progression.pdf,16,0,extracted,full,"docling_regions 225, grobid_regions 119",,01a0abc8-b6f7-7936-b871-92911f3ffd24,238,45916,main
file,Jackson_2011_multi-state-models-panel,01a0a4d6-5dd5-7e2b-8f94-32ccd1e8a7ce,01a0a4d6-5dd9-71d7-986c-beb246ca91c7,Validation/Jackson_2011_multi-state-models-panel-data.pdf,28,0,extracted,full,"docling_regions 661, grobid_regions 173",,01a0abc8-bee3-7d31-991c-57204df82722,622,70480,main
file,Jaffe_2014_estimating-accuracies-multiple-classifiers,01a0a862-3fae-7012-8cc2-ef2795d6e559,01a0aac9-aab9-748b-b6b8-99279c6cf345,Validation/Jaffe_2015_estimating-accuracies-multiple.pdf,27,0,extracted,full,"docling_regions 493, grobid_regions 266",,01a0abc8-c74c-7643-a23e-894a7809cd12,478,58440,main
file,Kaiser_2012_goodness-fit-tests-class,01a0a4d5-c97a-7e71-b3e5-322862be7ef5,01a0a4d5-c97e-7b2d-9c15-72a52ecf0c14,Validation/Kaiser_2012_goodness-fit-tests-class-markov.pdf,29,0,extracted,full,"docling_regions 320, grobid_regions 209",,01a0abc8-d052-7d76-8976-aa3d461c33b5,353,76667,main
file,Kaiser_2017_learning-aerial-image-segmentation,01a0a4d0-db73-72ce-b246-2e548fa4de6b,01a0a4d0-db76-7f71-bbe3-2a26f70b8835,Validation/Kaiser_2017_learning-aerial-image-segmentation.pdf,15,0,extracted,full,"docling_regions 247, grobid_regions 96",,01a0abc8-d737-70bc-a21d-570eb43ecfe5,246,65683,main
file,Kalbfleisch_1985_analysis-panel-data-markov,01a0a151-8aca-7d4a-a9c8-9bf3f77631c1,01a0a151-8acc-7b13-ac0d-04974a27fbb9,Validation/Kalbfleisch_1985_analysis-panel-data-markov.pdf,10,0,extracted,full,"docling_regions 394, grobid_regions 113",,01a0abc8-de21-7a77-bd5d-cf7552d0c09d,370,63657,main
file,Kalinicheva_2025_super-resolved-canopy-height,01a0a4ba-08c4-7ab4-8005-552d91bc133c,01a0a4ba-08c8-71ec-94ce-aba80b3bd017,Validation/Kalinicheva_2025_super-resolved-canopy-height.pdf,24,0,,,no rule matched (waiting for extraction),,,,,main
file,Kats_2019_soft-labeling-distilling-anatomical,01a0a4d4-4b0a-7b2f-a5b2-73cfa2fe2558,01a0a4d4-4b0e-7bfb-a92e-83019c8d8207,Validation/Kats_2019a_soft-labeling-distilling-anatomical.pdf,4,0,extracted,full,"docling_regions 65, grobid_regions 41",,01a0abc8-e182-7b9f-947a-07c535be03ae,71,16488,main
file,Kelejian_2007_hac-estimation-spatial-framework,01a0a4d5-e115-734a-b78f-8c94f0a3acb2,01a0a4d5-e11b-7d4d-aa05-88ac0ab5ee73,Validation/Kelejian_2007_hac-estimation-spatial-framework.pdf,24,0,extracted,full,"docling_regions 479, grobid_regions 258",,01a0abc8-e8eb-7fdc-9c35-7bb83ecbe6cf,493,77829,main
file,Kennedy_2010_detecting-trends-forest-disturbance,01a0c721-6c44-76d4-a754-15d818351805,01a0c721-ef82-78d3-a3da-821d0bdb554f,_litkb_staging/filed/Kennedy_2010_detecting-trends-forest-disturbance.pdf,14,0,,,no rule matched (waiting for extraction),,,,,main
file,Khan_2025_deeptrees-tree-crown-segmentation,01a0a868-62ba-75a2-9896-32b31d6d7cea,01a0a868-62cd-769b-856a-bef572387caa,_litkb_staging/incoming/t19_Khan_2025_deeptrees.download,5,0,extracted,full,"docling_regions 82, grobid_regions 31",,01a0abcf-29c9-7066-8928-5e17b5339de5,84,13766,main
file,Kolmogorov_2004_what-energy-functions-can,01a0a4db-5529-735a-8ff8-9709daa3d106,01a0a4db-552c-7b87-8aa8-8e74ccfd1186,Validation/Kolmogorov_2004_what-energy-functions-can-be.pdf,13,0,extracted,full,"docling_regions 429, grobid_regions 296",,01a0abc8-f210-7680-93a5-a7fce279eb4d,442,81354,main
file,Kolmogorov_2005_what-metrics-can-approximated,01a0a4c5-5cea-7b7d-9484-8e98ed90e30e,01a0a4c5-5cee-74e0-a75e-eb423cc8c74b,Validation/Kolmogorov_2005_what-metrics-can-be-approximated.pdf,8,0,extracted,full,"docling_regions 201, grobid_regions 157",,01a0abc8-f779-7b16-ba2e-12a4b4964cf6,207,37940,main
file,Krahenbuhl_2011_efficient-inference-fully-connected,01a0a4bf-f179-70a5-8fe1-d592e215fd37,01a0a4bf-f17b-7997-ad6f-810a60122f67,Validation/Krahenbuhl_2011_efficient-inference-fully-connected.pdf,9,0,,,no rule matched (waiting for extraction),,,,,main
file,Krahenbuhl_2013_parameter-learning-convergent-inference,01a0a4e2-23c6-79d6-a492-b224a71230f0,01a0a4e2-23cd-7210-9c24-60a397612cf6,Validation/Krahenbuhl_2013_parameter-learning-convergent.pdf,9,0,,,no rule matched (waiting for extraction),,,,,main
file,Kumar_2019_verified-uncertainty-calibration,01a0a85b-b499-7622-aad3-61c97a21695c,01a0c6be-b21c-7e9e-83d3-2aafaf0ed233,_litkb_staging/filed/Kumar_2019_verified-uncertainty-calibration.pdf,38,0,,,no rule matched (waiting for extraction),,,,,main
file,Lahiri_2006_resampling-methods-spatial-regression,01a0a4d5-d908-7093-b05b-c51a75e207b2,01a0a4d5-d90b-77e2-beb2-4f9da18f5401,Validation/Lahiri_2006_resampling-methods-spatial-regression.pdf,41,0,extracted,full,"docling_regions 1120, grobid_regions 339",,01a0abc9-03c5-7471-bc26-a686aedc58a9,1015,92320,main
file,Laurance_1998_rain-forest-fragmentation-dynamics,01a0a4d1-59f9-75e2-bfe3-798cebd870e6,01a0a4d1-59fc-7f4f-bc36-e1ee69f06fde,Validation/Laurance_1998_rain-forest-fragmentation-dynamics.pdf,9,0,extracted,full,"docling_regions 169, grobid_regions 71",,01a0abc9-0bd4-7107-85ab-7a86ee5d7acd,179,43087,main
file,Laurance_2011_fate-amazonian-forest-fragments,01a0a4d1-1319-74dc-97c5-1b27b5e21fe5,01a0a4d1-131c-7e06-8641-8a21e6773536,Validation/Laurance_2011_fate-amazonian-forest-fragments-32.pdf,12,0,extracted,full,"docling_regions 447, grobid_regions 110",,01a0abc9-1455-78b6-8f29-1331ec67746c,391,84716,main
file,Lee_2014_deeply-supervised-nets,01a0a4bd-3edb-7492-b011-c22df45735ec,01a0a4bd-3edf-75d1-a247-8656d95648b2,Validation/Lee_2015_deeply-supervised-nets.pdf,9,0,extracted,full,"docling_regions 320, grobid_regions 122",,01a0abc9-21d6-7245-b876-3ae2d838b36b,320,44487,main
file,LeFolgoc_2017_quantifying-registration-uncertainty-sparse,01a0a4d0-e377-7150-b1e9-1439af23dbbe,01a0a4d0-e37a-7992-8eaa-a379a89ff972,Validation/LeFolgoc_2017_quantifying-registration-uncertainty.pdf,11,0,extracted,full,"docling_regions 209, grobid_regions 143",,01a0abc9-1c0e-7989-81f6-cb251165b405,228,68429,main
file,Leung_1997_point-polygon-analysis-certainty,01a0a4d1-6208-7994-91e2-af4a46020eb5,01a0a4d1-620d-702a-afc7-f6801b52ff0d,Validation/Leung_1997_point-polygon-analysis-certainty.pdf,22,0,extracted,full,"docling_regions 327, grobid_regions 84",,01a0abc9-26eb-7bab-8fa2-ea23259cbbfb,341,47259,main
file,Leung_1998_locational-error-model-spatial,01a0a4d2-0612-70ae-a230-5dd6ff056274,01a0a4d2-0615-781f-a18c-e6c1571379bd,Validation/Leung_1998_locational-error-model-spatial-features.pdf,16,0,extracted,full,"docling_regions 374, grobid_regions 145",,01a0abc9-2c74-78d0-8844-3c9898fc4570,397,37699,main
file,Leung_2004_general-framework-error-analysis,01a0a4d1-a86a-7099-82fe-2861c19ef7bb,01a0a4d1-a86d-76af-befb-ee08bfe0b43b,Validation/Leung_2004a_general-framework-error-analysis.pdf,25,0,extracted,full,"docling_regions 335, grobid_regions 196",,01a0abc9-33bd-7461-ae55-d3eb9e8501e1,362,67733,main
file,Leung_2004a_general-framework-error-analysis,01a0a4d1-b069-7b7b-b68a-782d3c09b5d0,01a0a4d1-b06e-7a22-925b-c6258e24afd9,Validation/Leung_2004b_part-4-error-analysis-length.pdf,26,0,extracted,full,"docling_regions 728, grobid_regions 329",,01a0abc9-3d56-760d-bbe7-826f7b0cfa9b,515,64510,main
file,Linacre_2022_splink-free-software-probabilistic,01a0a7c2-5947-71dc-a8d6-714a2216fb4e,01a0a7c5-9d42-7680-84dc-7c56c88adabb,_litkb_staging/filed/Linacre_2022_splink-free-software-probabilistic.pdf,1,0,extracted,full,"docling_regions 18, grobid_regions 5",,01a0abcc-6b3d-7aca-b8d7-521894ad9644,18,2755,main
file,Liu_2008_local-transition-probability-models,01a0a4d5-f871-77e3-9372-fe9f527bb291,01a0a4d5-f874-7b93-9890-35174d25a28b,Validation/Liu_2008_local-transition-probability-models-markov.pdf,10,0,extracted,full,"docling_regions 175, grobid_regions 82",,01a0abc9-43db-7125-9236-c1500debedb1,181,49151,main
file,Liu_2012_spatial-temporal-modeling-approach,01a0a4d6-3ebf-7afd-862a-87e20373d874,01a0a4d6-3ec3-7a34-937f-3c4356012b0b,Validation/Liu_2012_spatial-temporal-modeling-approach.pdf,20,0,extracted,full,"docling_regions 270, grobid_regions 125",,01a0abc9-4b8f-744d-a9e0-df4c20d35751,280,80373,main
file,Liu_2019_misregistration-tolerant-change-detection,01a0c71c-a172-7005-89c4-a25aae67b3a0,01a0c71d-0fbc-74a2-966e-0e31dfd7675c,_litkb_staging/filed/Liu_2019_misregistration-tolerant-change-detection.pdf,4,0,,,no rule matched (waiting for extraction),,,,,main
file,Liu_2021_change-detection-deep-learning,01a0c71d-1a30-764e-8139-7aa08c696f78,01a0c71d-7baf-7a67-98d7-34b57bd2a2c3,_litkb_staging/filed/Liu_2021_change-detection-deep-learning.pdf,16,0,,,no rule matched (waiting for extraction),,,,,main
file,Liu_2021_spatial-temporal-hidden-markov,01a0a4b7-ca0c-74fe-b52e-0cea984ffb66,01a0a4b7-ca10-7948-a677-e6c883dfac1b,Validation/Liu_2021_spatial-temporal-hidden-markov-model.pdf,10,0,extracted,full,"docling_regions 179, grobid_regions 92",,01a0abc9-5155-7f6a-8004-5e0614d21d30,181,42666,main
file,Liu_2024_task-specific-pretraining-noisy,01a0a86c-bb2d-77a1-af58-9206340b10ff,01a0a86c-bb3e-77b5-9c86-d5835f2b0fb5,_litkb_staging/incoming/t44_Liu_2024_task-specific-pretraining.download,6,0,extracted,full,"docling_regions 90, grobid_regions 39",,01a0abcf-5817-7326-b2f1-b8bec0ea6512,93,21666,main
file,Locke_2025_sub-parcel-scale-analysis,01a0a4db-8cb8-7cc6-95d1-4a5317fe14ab,01a0a4db-8cbe-70cb-9bd9-3b040cd5c374,Validation/Locke_2025_sub-parcel-scale-analysis-needed.pdf,11,0,extracted,full,"docling_regions 251, grobid_regions 77",,01a0abc9-593e-7a54-b657-8e27a235fd91,261,83431,main
file,LopezPaz_2016_unifying-distillation-privileged-information,01a0a4bb-f27e-7150-bb77-dd95385d6900,01a0a4bb-f281-79f2-b7b5-60372959019e,Validation/LopezPaz_2016_unifying-distillation-privileged.pdf,10,0,,,no rule matched (waiting for extraction),,,,,main
file,Lu_1999_control-charts-monitoring-mean,01a0a4da-f6f2-7fb2-8d4d-5537663fd515,01a0a4da-f6f6-7ce7-a7ef-aa5de721ae19,Validation/Lu_1999_control-charts-monitoring-mean-variance.pdf,17,0,extracted,full,"docling_regions 425, grobid_regions 112",,01a0abc9-6322-70bc-b7d8-98f2c0ff3a5c,402,70677,main
file,Lu_2001_cusum-charts-monitoring-autocorrelated,01a0a4d6-c32a-761c-a031-32913284c9f6,01a0a4d6-c32d-7bca-a713-b0555260a023,Validation/Lu_2001_cusum-charts-monitoring-autocorrelated.pdf,20,0,extracted,full,"docling_regions 588, grobid_regions 177",,01a0abc9-6ed8-7c4f-b5fb-e34291f3a460,538,73836,main
file,Lucas_1982_fast-initial-response-cusum,01a0a151-8300-7466-ba37-a45c18b17862,01a0a151-8302-72db-a92d-63d84d473c31,Validation/Lucas_1982_fast-initial-response-cusum-quality.pdf,8,0,extracted,full,"docling_regions 153, grobid_regions 30",,01a0abc9-7541-79ad-a459-cfa7a2c06000,160,24312,main
file,MacFaden_2012_high-resolution-tree-canopy,01a0a4be-658e-71ef-85a5-85b3d1311264,01a0a4be-6594-76b9-ab1b-d10a045f2988,Validation/MacFaden_2012_high-resolution-tree-canopy-mapping.pdf,24,0,extracted,full,"docling_regions 371, grobid_regions 81",,01a0abc9-7f9b-7afa-98dc-ab7cde67b5a0,372,83581,main
file,Madani_2026_morphing-through-time-diffusion,01a0a86b-0f85-7e57-8cd0-534eb8777f94,01a0a86b-0f9b-7129-8596-4d6955315852,_litkb_staging/incoming/t36_Madani_2026_morphing-through-time.download,9,0,extracted,full,"docling_regions 197, grobid_regions 122",,01a0abcf-492e-7a4d-9333-5ec437a3632d,195,36762,main
file,Mahoney_2023_assessing-performance-spatial-cross,01a0a078-c9f6-70bc-9116-f57f70ffd61d,01a0a078-d2de-798c-a8c3-8203639f7c2d,_litkb_staging/filed/Mahoney_2023_assessing-performance-spatial-cross.pdf,18,0,extracted,full,"docling_regions 540, grobid_regions 95",,01a0abcb-e1f7-7a93-ab5a-b96316cb5043,502,64434,main
file,Maiti_2022_effect-label-noise-semantic,01a0c261-a50b-7541-aec3-4f8a09da2724,01a0c261-df48-777c-8ff9-f2012c0edddd,_litkb_staging/filed/Maiti_2022_effect-label-noise-semantic.pdf,8,0,extracted,grobid-only,"docling_regions 0, grobid_regions 69",,01a0c263-3977-7483-bdb9-f483890782be,113,40182,main
file,Mandilaras_2021_reproducible-experiments-three-dimensional,01a0a7c2-89ab-7904-ab62-48bfb9d895bb,01a0a7c6-a7f2-7dad-b132-58d834c8bccd,_litkb_staging/filed/Mandilaras_2021_reproducible-experiments-three-dimensional.pdf,15,0,extracted,full,"docling_regions 856, grobid_regions 128",,01a0abcc-74f3-7683-ba57-5fffc64e48b4,872,195982,main
file,Marsan_2008_extending-earthquakes-reach-through,01a0a863-261f-7a26-b4cd-7fd322bee98b,01a0aac9-ada9-7948-8c55-4fc4f6888825,Validation/Marsan_2008_extending-earthquakes-reach-through.pdf,5,0,extracted,full,"docling_regions 430, grobid_regions 39",,01a0abc9-85ad-7019-ac80-24af1bfc4313,421,35804,main
file,Massari_2023_opencitations-meta,01a0a7c1-93dd-730e-b2c1-c116f7d4122b,01a0a7c5-8e58-7567-aa3a-8343bbc7b1a7,_litkb_staging/filed/Massari_2023_opencitations-meta.pdf,31,0,extracted,full,"docling_regions 586, grobid_regions 150",,01a0abcc-8061-7e96-a94a-90d6d1b3ba9a,543,86178,main
file,McRoberts_2018_effects-imperfect-reference-data,01a0a06e-a563-7f01-9b92-8c522b92743b,01a0a06f-c434-7af9-991c-4c8eef209e5c,_litkb_staging/filed/McRoberts_2018_effects-imperfect-reference-data.pdf,9,0,extracted,full,"docling_regions 190, grobid_regions 135",,01a0abcb-e8ef-7492-94bd-3aff9d2f8cf0,217,71371,main
file,Mei_2010_efficient-scalable-schemes-monitoring,01a0a863-7178-7ec0-8851-1953e2afe838,01a0aac9-aed6-7e20-b183-1238d6a1f948,Validation/Mei_2010_efficient-scalable-schemes-monitoring.pdf,15,0,extracted,full,"docling_regions 277, grobid_regions 168",,01a0abc9-8bf2-75a8-ae95-cca42c24eec5,291,54395,main
file,Melgani_2003_markov-random-field-approach,01a0a4d6-4e92-7929-a498-37bdffb62453,01a0a4d6-4e96-78ea-aaa2-48d3f7b1b98e,Validation/Melgani_2003_markov-random-field-approach-spatio.pdf,10,0,extracted,full,"docling_regions 186, grobid_regions 86",,01a0abc9-910f-7e1e-b6a3-b63446990a9c,192,54027,main
file,Mesquita_1999_effect-surrounding-vegetation-edge,01a0a4d1-3a1f-7b0e-8631-e897b4326554,01a0a4d1-3a23-7267-bcd3-5eeb49de22e2,Validation/Mesquita_1999_effect-surrounding-vegetation-edge.pdf,6,0,extracted,full,"docling_regions 102, grobid_regions 33",,01a0abc9-93d8-792b-a5cb-9e1b21eb6fe9,107,26555,main
file,Meuschke_2023_benchmark-pdf-information-extraction,01a0add7-1688-78e4-8d6b-dbb115312eb4,01a0ade3-33ba-7ba4-bb5d-f3cdee6f8335,_litkb_staging/filed/Meuschke_2023_benchmark-pdf-information-extraction.pdf,23,0,extracted,full,"docling_regions 516, grobid_regions 115",,01a0ade5-0443-7970-a72d-b0c53155cf50,540,57437,main
file,Montgomery_1991_some-statistical-process-control,01a0a4da-ef60-72fb-ab68-09b4defc70d4,01a0a4da-ef63-7a4d-8b4e-2180ad605cb1,Validation/Montgomery_1991_some-statistical-process-control.pdf,16,0,extracted,full,"docling_regions 788, grobid_regions 140",,01a0abc9-9b7e-7e26-9e9c-d230ed26ce97,783,86344,main
file,Morgenroth_2017_redevelopment-urban-forest-study,01a0a4d1-dff5-79a3-8461-da3201a2d44a,01a0a4d1-dff9-70c8-9a44-1728c20e9ef8,Validation/Morgenroth_2017_redevelopment-urban-forest-study.pdf,10,0,extracted,full,"docling_regions 192, grobid_regions 92",,01a0abc9-a29e-7435-af87-02698356b78d,201,59051,main
file,Mousavi_2009_cusum-chart-monitoring-proportion,01a0a4da-d817-77af-87f8-47ec36eccfb8,01a0a4da-d81b-76ca-af05-07fc023306b9,Validation/Mousavi_2009_cusum-chart-monitoring-proportion.pdf,15,0,extracted,full,"docling_regions 243, grobid_regions 154",,01a0abc9-ab2d-7d4e-88b7-9bdd7f42f2ea,266,74656,main
file,Murakami_2025_comparative-global-assessment-optimization,01a0a4b7-e252-7863-ad86-e79a6c48c6b5,01a0a4b7-e258-732a-bafb-20c98a32c43e,Validation/Murakami_2025_comparative-global-assessment.pdf,24,0,extracted,full,"docling_regions 286, grobid_regions 114",,01a0abc9-b298-7a09-8915-13eadfde4d1a,319,70893,main
file,Niu_2023_stable-test-time-adaptation,01a0a858-0718-7051-9da5-b9cfeafd2aa0,01a0a858-1de0-7de0-ac71-b23e5ef5eeac,_litkb_staging/filed/Niu_2023_stable-test-time-adaptation.pdf,27,0,extracted,full,"docling_regions 739, grobid_regions 143",,01a0abcc-8d07-7e70-bb47-d756126366e0,725,105758,main
file,Nordman_2004_optimal-spatial-subsample-size,01a0a4d5-d104-76f6-8642-5f3a5e97bc9f,01a0a4d5-d107-7f66-bc70-bf245420cb8f,Validation/Nordman_2004_optimal-spatial-subsample-size.pdf,49,0,extracted,full,"docling_regions 659, grobid_regions 532",,01a0abc9-c22c-7d6c-afa8-d017459f9d9c,702,112192,main
file,Nowak_2012_tree-impervious-cover-change,01a0a4be-6cf4-7adf-8a54-61a8579995a7,01a0a4be-6cf8-70d5-8c63-6d5bfa1719d1,Validation/Nowak_2012_tree-impervious-cover-change-u.pdf,10,0,extracted,full,"docling_regions 152, grobid_regions 67",,01a0abc9-cb14-70ce-bdb4-28d5302661ea,168,55084,main
file,Nowak_2018_declining-urban-community-tree,01a0a855-dd9a-77b0-92b8-6dbec9c4bb4a,01a0a856-34ae-735d-be53-d02803b09a13,_litkb_staging/filed/Nowak_2018_declining-urban-community-tree.pdf,24,0,extracted,full,"docling_regions 241, grobid_regions 88",,01a0abcc-a585-7d18-9bc0-9a026d619995,265,48819,main
file,Ock_2024_drivers-tree-canopy-loss,01a0a4c6-fab1-775d-88af-47a2800571d8,01a0a4c6-fab5-7bb3-80de-691ddef5ae34,Validation/Ock_2024_drivers-tree-canopy-loss-mid.pdf,20,0,extracted,full,"docling_regions 287, grobid_regions 100",,01a0abc9-dae1-7316-9147-ac37adcd90f2,285,102880,main
file,Ogata_1988_statistical-models-earthquake-occurrences,01a0a151-6f72-79af-8490-be4a9f9bebcb,01a0a151-6f74-7697-b071-e90b81426b0c,Validation/Ogata_1988_statistical-models-earthquake.pdf,20,0,extracted,full,"docling_regions 763, grobid_regions 162",,01a0abc9-e604-7efb-ab49-75748e799192,740,111244,main
file,Ogata_1998_space-time-point-process,01a0a861-9980-7834-a9d8-d77e1d60a2f1,01a0abe2-ecca-7601-a033-02e7d7790bb1,Validation/Ogata_1998_space-time-point-process-models.pdf,24,24,scan-needs-ocr,,"no current run; image pages 1,2,3,4,5,6,7,8,9,10,11,12,…(+12)",,,,,main
file,Olofsson_2013_making-better-use-accuracy,01a0a49f-04b1-7a2f-b9f3-c762f9a61145,01a0a49f-04b8-7649-a40e-01d63307d3e8,Validation/Olofsson_2013_making-better-use-accuracy-data.pdf,10,0,extracted,full,"docling_regions 304, grobid_regions 115",,01a0abc9-f169-7315-bed6-dc5346f4d6fb,262,76615,main
file,Olofsson_2020_mitigating-effects-omission-errors,01a0a070-31dc-7002-8355-75cc6a959892,01a0a071-eeda-70cb-aafc-5fabba07b8b4,_litkb_staging/filed/Olofsson_2020_mitigating-effects-omission-errors.pdf,9,0,extracted,full,"docling_regions 164, grobid_regions 78",,01a0abcb-f003-7833-a02b-ba0b0081bad1,172,60095,main
file,ONeilDunne_2014_versatile-production-oriented-approach,01a0a4be-7577-7d6f-a3ef-bd39ca3fb69b,01a0a4be-757d-7361-beab-41e1c9a7b9fe,Validation/ONeilDunne_2014_versatile-production-oriented.pdf,29,0,extracted,full,"docling_regions 232, grobid_regions 100",,01a0abc9-d367-763f-afd6-69369ff18c70,239,83319,main
file,Ortega_2024_indexation-retracted-literature-seven,01a0a7c1-cbcc-78cf-8e0e-d373d8a6bad7,01a0a83a-7b74-71cc-b3d5-b575fbc25194,_litkb_staging/filed/Ortega_2024_indexation-retracted-literature-seven.pdf,17,0,extracted,full,"docling_regions 188, grobid_regions 76",,01a0abcc-ae94-705c-af4d-18ca44b2a36e,178,48673,main
file,Ouyang_2024_omnidocbench-benchmarking-diverse-pdf,01a0add7-9bce-7b02-ab5a-90df5e0a2194,01a0add9-0a1e-7784-8657-5a171b46b239,_litkb_staging/filed/Ouyang_2024_omnidocbench-benchmarking-diverse-pdf.pdf,32,0,extracted,full,"docling_regions 3932, grobid_regions 213",,01a0ade0-50b3-72e6-bde3-418cfbcae840,3829,183460,main
file,Page_1954_continuous-inspection-schemes,01a0a151-f270-71e6-93fc-7cb94809847d,01a0a154-30a7-79d9-b3d6-84d26b494111,Validation/Page_1954_continuous-inspection-schemes.pdf,17,0,extracted,full,"docling_regions 320, grobid_regions 109",,01a0abc9-f6e1-78b6-8eb3-05259680db33,328,50118,main
file,Papadakis_2020_domain-structure-agnostic-end,01a0a7c2-389e-7014-a606-0519dc9328e7,01a0a7c6-9049-7240-b842-89db70718314,_litkb_staging/filed/Papadakis_2020_domain-structure-agnostic-end.pdf,7,0,extracted,full,"docling_regions 247, grobid_regions 76",,01a0abcc-b3e8-718b-b9ad-64f6cc9fc49e,252,36811,main
file,Papadopoulos_2024_decision-fusion-pixel-level,01a0a4be-a0de-7877-b2fa-29967266842c,01a0a4be-a0e1-7f84-967f-3728b62e44bb,Validation/Papadopoulos_2024_decision-fusion-pixel-level-multi.pdf,31,0,extracted,full,"docling_regions 479, grobid_regions 326",,01a0abca-0803-7be2-b15b-7d1b53872352,524,226745,main
file,Parisi_2014_ranking-combining-multiple-predictors,01a0a863-bade-7e91-8d81-0d490f1433c3,01a0a864-317c-797e-83ca-bb87784cb887,_litkb_staging/filed/Parisi_2014_ranking-combining-multiple-predictors.pdf,6,0,extracted,full,"docling_regions 248, grobid_regions 121",,01a0abcc-b9be-7018-bc1e-00911ebc4dd6,246,65678,main
file,Parisot_2013_uncertainty-driven-efficiently-sampled,01a0a4d0-eb5e-756d-be3a-6d56e3d5c8ab,01a0a4d0-eb62-700f-8a40-3708aec1ecdf,Validation/Parisot_2013_uncertainty-driven-efficiently-sampled.pdf,8,0,extracted,full,"docling_regions 281, grobid_regions 91",,01a0abca-0e18-7647-b7c1-dc401626c5ff,254,30759,main
file,Pauls_2025_capturing-temporal-dynamics-large,01a0a4bc-e0a9-7bf3-b7f7-a6f4b5202399,01a0a4bc-e0ac-725f-b5a5-7281f2719edd,Validation/Pauls_2025_capturing-temporal-dynamics-large-scale.pdf,17,0,,,no rule matched (waiting for extraction),,,,,main
file,Pengra_2020_quality-control-assessment-interpreter,01a0a06e-a098-77ed-94ab-8a4e51bf8667,01a0a06f-812f-78c1-b772-607fd301c154,_litkb_staging/filed/Pengra_2020_quality-control-assessment-interpreter.pdf,10,0,extracted,full,"docling_regions 169, grobid_regions 72",,01a0abcb-f583-733b-a3c2-a1426eec38c5,188,63578,main
file,Pesonen_2026_learning-image-based-tree,01a0a4b1-e03c-7b8c-a45e-e25e3270fc4d,01a0a4b1-e041-7b3c-91fc-2be491fc3484,Validation/Pesonen_2026_learning-image-based-tree-crown.pdf,21,0,,,no rule matched (waiting for extraction),,,,,main
file,Pillow_2008_spatio-temporal-correlations-visual,01a0a4d6-b45d-7e86-8e01-12f1b5854c4c,01a0a4d6-b461-73cd-bea2-c276e2391d60,Validation/Pillow_2008_spatio-temporal-correlations-visual.pdf,7,0,extracted,full,"docling_regions 382, grobid_regions 63",,01a0abca-1458-70ca-a86f-91999982f4f0,278,54832,main
file,Platanios_2014_estimating-accuracy-unlabeled-data,01a0a4d7-e8c6-7515-b61b-a64edfa4796f,01a0a4d7-e8c8-7892-8f8b-30cb2dc03ed7,Validation/Platanios_2014_estimating-accuracy-unlabeled-data.pdf,10,0,,,no rule matched (waiting for extraction),,,,,main
file,Platanios_2016_estimating-accuracy-unlabeled-data,01a0a4d8-d630-7fc3-ae55-03ec5e3b4cdd,01a0a4d8-d633-71ae-92dc-fd5524c5280b,Validation/Platanios_2016_estimating-accuracy-unlabeled-data.pdf,10,0,,,no rule matched (waiting for extraction),,,,,main
file,Ploton_2020_spatial-validation-reveals-poor,01a0a070-2df8-7721-88bc-d210455652f1,01a0a071-54bc-7a1f-b524-1bbf1e4abf2d,_litkb_staging/filed/Ploton_2020_spatial-validation-reveals-poor.pdf,11,0,extracted,full,"docling_regions 377, grobid_regions 52",,01a0abcb-fd19-70eb-ad10-1c033bf27628,342,70259,main
file,Priem_2022_openalex-fully-open-index,01a0a7c1-8b8a-756b-9166-3cf41e776f0e,01a0a7c5-802e-798d-b469-885cf1cd43ae,_litkb_staging/filed/Priem_2022_openalex-fully-open-index.pdf,5,0,extracted,full,"docling_regions 44, grobid_regions 20",,01a0abcc-bb80-7d44-9e61-d6dae0186136,44,10214,main
file,Psarakis_2007_spc-procedures-monitoring-autocorrelated,01a0a4d6-cb5e-7d75-9b49-4aa2984900fc,01a0a4d6-cb62-7f23-85cf-206ca4e3e93a,Validation/Psarakis_2007_spc-procedures-monitoring.pdf,41,0,extracted,full,"docling_regions 668, grobid_regions 469",,01a0abca-2137-7f09-ab47-b5e47b423e46,701,143530,main
file,Radoux_2020_about-pitfall-erroneous-validation,01a0a4af-c195-7be0-90f7-fcaa4ad06944,01a0a4af-c19b-7f5b-b7cf-f1ed44c059e2,Validation/Radoux_2020b_about-pitfall-erroneous-validation.pdf,23,0,extracted,full,"docling_regions 333, grobid_regions 187",,01a0abca-3261-7274-82fc-b8b869ac9d9a,339,74867,main
file,Radoux_2020_how-response-designs-class,01a0a49f-2bc3-78c7-9011-499305a261ae,01a0a49f-2bc9-74e2-a472-98b658b98e49,Validation/Radoux_2020a_how-response-designs-class-proportions.pdf,22,0,extracted,full,"docling_regions 350, grobid_regions 135",,01a0abca-2a44-799b-b39a-ed31ea11e11b,357,82434,main
file,Ratner_2017_snorkel-work,01a0a864-4ef8-78fe-950b-775981d910fd,01a0a864-e405-73e7-a415-bc983d84aecb,_litkb_staging/filed/Ratner_2017_snorkel-work.pdf,14,0,extracted,full,"docling_regions 357, grobid_regions 200",,01a0abcc-c36e-780b-aaca-5ffbd94137e6,365,90062,main
file,Raykar_2010_learning-crowds,01a0a4da-bb01-7b6c-a5a6-230f90ed3749,01a0a4da-bb04-72ed-9e50-a68156c6769f,Validation/Raykar_2010_learning-crowds.pdf,26,0,,,no rule matched (waiting for extraction),,,,,main
file,Reiche_2015_bayesian-approach-combine-landsat,01a0a4b7-f951-7143-9e01-41cb3a1594e4,01a0a4b7-f958-7582-ab2b-dbcd45fdf778,Validation/Reiche_2015_bayesian-approach-combine-landsat-alos.pdf,24,0,extracted,full,"docling_regions 252, grobid_regions 79",,01a0abca-3a09-7ee1-ac2b-04a98bf19433,258,69552,main
file,Reiche_2021_forest-disturbance-alerts-congo,01a0a4b8-000b-7d4e-98cd-d685d4323790,01a0a4b8-0010-7879-b40d-e10cb52a4737,Validation/Reiche_2021_forest-disturbance-alerts-congo-basin.pdf,13,0,extracted,full,"docling_regions 213, grobid_regions 75",,01a0abca-3f2a-70b9-98a0-342a975cec34,225,51823,main
file,Reilly_2023_characterizing-post-fire-delayed,01a0a4d1-030e-733f-b955-dbff0cb00f0f,01a0a4d1-0312-7086-9b78-f80aee63085d,Validation/Reilly_2023_characterizing-postfire-delayed-tree.pdf,12,0,extracted,full,"docling_regions 174, grobid_regions 67",,01a0abca-45c4-7861-816b-d6c8b023f414,187,52409,main
file,Reinhart_2018_review-self-exciting-spatio,01a0a4d4-8b00-7819-8586-dc3a3ae72ca2,01a0a4d4-8b03-7e87-b68f-9f5ca9095897,Validation/Reinhart_2018_review-self-exciting-spatio-temporal.pdf,30,0,extracted,full,"docling_regions 471, grobid_regions 214",,01a0abca-4ef0-748e-80c3-8c2cf782a21f,471,92867,main
file,Reis_2020_avoiding-invalid-transitions-land,01a0a4be-e69a-74f5-aa21-d51ef879bf2b,01a0a4be-e69d-7f78-ae30-511a99db5474,Validation/Reis_2020_avoiding-invalid-transitions-land-cover.pdf,13,0,extracted,full,"docling_regions 205, grobid_regions 106",,01a0abca-56c8-78e7-83e4-9a6589e95645,209,47874,main
file,Reynolds_1999_cusum-chart-monitoring-proportion,01a0a4d6-079f-72c8-932b-a4e0d0602266,01a0a4d6-07a2-780c-8943-9ab03f78383e,Validation/Reynolds_1999_cusum-chart-monitoring-proportion.pdf,23,0,extracted,full,"docling_regions 363, grobid_regions 153",,01a0abca-601a-763d-8516-7544a3a29491,372,97045,main
file,Reynolds_2000_general-approach-modeling-cusum,01a0a4d5-b9b9-7a3a-883d-46a8038b45ba,01a0a4d5-b9bd-746d-be42-d038531da146,Validation/Reynolds_2000_general-approach-modeling-cusum.pdf,21,0,extracted,full,"docling_regions 329, grobid_regions 170",,01a0abca-6ab3-7941-bd08-90bb33c1950a,304,189162,main
file,Risholm_2011_probabilistic-non-rigid-registration,01a0a4d0-f2e6-72f1-b2fd-056d98a5bf95,01a0a4d0-f2e9-7b79-b331-e33ad054e4b7,Validation/Risholm_2011_probabilistic-non-rigid-registration.pdf,4,0,extracted,full,"docling_regions 74, grobid_regions 36",,01a0abca-6dfe-7b15-8a23-e13ac5916978,77,19021,main
file,Riva_2017_ifla-library-reference-model,01a0a7c4-9f1b-7834-acf5-3e6cac1f390a,01a0a7c4-9f2f-7f7f-ad81-7255d86e709f,_litkb_staging/incoming/IFLA_2017_library-reference-model.pdf,101,0,,,no rule matched (waiting for extraction),,,,,main
file,Roberts_2017_cross-validation-strategies-data,01a0a49e-9eb4-7aff-89eb-312dc1c672d0,01a0a49e-9ebc-74f5-acd8-a939d2f03cb9,Validation/Roberts_2017_cross-validation-strategies-data.pdf,56,0,extracted,full,"docling_regions 372, grobid_regions 134",,01a0abca-7570-7bec-8698-f3443f8a2ece,379,95804,main
file,Roman_2022_construction-proactive-management-led,01a0a4c6-f294-73bf-84a5-d7bb5a65b3a9,01a0a4c6-f297-7f66-8c06-490d27b5f4c5,Validation/Roman_2022_construction-proactive-management-led.pdf,21,0,extracted,full,"docling_regions 267, grobid_regions 84",,01a0abca-7dd9-79f8-9318-dfbf7cdec7fe,275,91091,main
file,Rosychuk_2003_bias-correction-two-state,01a0a4d6-7526-7489-8367-f7dd42473d0b,01a0a4d6-7529-7b68-a6c6-d43c66726ddb,Validation/Rosychuk_2003_bias-correction-two-state-latent.pdf,21,0,extracted,full,"docling_regions 274, grobid_regions 154",,01a0abca-8392-7983-a617-1bf05b8d4011,284,47433,main
file,Salas_2003_perimeter-area-ratio-index,01a0a4d1-8147-71f6-a305-3483d82febd0,01a0a4d1-814a-7a94-8b2d-f665a700e37b,Validation/Salas_2003_perimeter-area-ratio-as-index.pdf,7,0,extracted,full,"docling_regions 78, grobid_regions 18",,01a0abca-8623-7ed2-a5e7-a90a1114b153,81,16678,main
file,Satten_1996_markov-chains-measurement-error,01a0a4d6-7d26-710c-b2a1-7bf5c141552c,01a0a4d6-7d29-7887-9400-f6bbabdc5401,Validation/Satten_1996_markov-chains-measurement-error.pdf,36,0,extracted,full,"docling_regions 552, grobid_regions 229",,01a0abca-9154-784b-8395-4b9044dea443,552,142728,main
file,Shi_1998_generic-statistical-approach-modelling,01a0a4d1-b7d2-728a-9997-e70b930f23e5,01a0a4d1-b7d5-7880-811d-874b90df80aa,Validation/Shi_1998_generic-statistical-approach-modelling.pdf,15,0,extracted,full,"docling_regions 392, grobid_regions 161",,01a0abca-97b9-7fca-8e22-15ccec719ffb,420,36646,main
file,Singer_1976_representation-social-processes-markov,01a0a151-7f6f-7b87-903d-63db772c9cac,01a0a151-7f71-7b0e-8644-c68abad9c795,Validation/Singer_1976_representation-social-processes-markov.pdf,54,0,extracted,full,"docling_regions 758, grobid_regions 296",,01a0abca-a2bf-70ce-8989-005a6c9db84f,776,131679,main
file,Sinop_2007_seeded-image-segmentation-framework,01a0a4db-5cdc-7047-91ee-bb094d4e2961,01a0a4db-5ce0-7098-b391-43781f6f199d,Validation/Sinop_2007_seeded-image-segmentation-framework.pdf,8,0,extracted,full,"docling_regions 191, grobid_regions 144",,01a0abca-a97c-7f16-80ab-f248ac86c7e3,203,36832,main
file,Solberg_1996_markov-random-field-model,01a0a4d6-003a-7ad6-abee-3caaab34f318,01a0a4d6-003e-75a3-a6ce-e5c6b447dd67,Validation/Solberg_1996_markov-random-field-model.pdf,14,0,extracted,full,"docling_regions 359, grobid_regions 158",,01a0abca-b0cd-7f7c-93d6-5150159085fe,370,89692,main
file,Song_2026_enhancing-monocular-height-estimation,01a0a4bc-e7b2-7e2d-9d52-5ec4153a3885,01a0a4bc-e7b7-7552-80b9-ef6f33ff9fa4,Validation/Song_2026_monocular-height-sparse-lidar-correction.pdf,20,0,extracted,full,"docling_regions 1551, grobid_regions 240",,01a0abca-e715-7b9c-8aeb-23be630cc1f2,1427,123420,main
file,Steenberg_2017_influence-building-renovation-rental,01a0a4d1-bf87-728f-aa84-fed075cb13d0,01a0a4d1-bf8a-7b22-8a8f-158ed6d6219c,Validation/Steenberg_2017_influence-building-renovation-rental.pdf,16,0,extracted,full,"docling_regions 163, grobid_regions 45",,01a0abca-f02b-71bf-901a-4be0ddd0f5d8,169,47528,main
file,Steenberg_2018_spatio-temporal-analysis-relationship,01a0a4d1-eeb9-784c-a2be-0ae58bf1a9c0,01a0a4d1-eebc-7c82-8732-0c2f120e2427,Validation/Steenberg_2018_spatio-temporal-analysis.pdf,17,0,extracted,full,"docling_regions 178, grobid_regions 55",,01a0abca-f556-7458-97c3-5b7026245247,185,53105,main
file,Stehman_2019_key-issues-rigorous-accuracy,01a0a49f-0d21-7e4f-89c8-425a599c9c33,01a0a49f-0d27-7dc7-a627-06577c945bfa,Validation/Stehman_2019_key-issues-rigorous-accuracy.pdf,23,0,extracted,full,"docling_regions 540, grobid_regions 252",,01a0abcb-0693-7f61-a7d1-6497858b4ad0,561,197983,main
file,Steiner_2000_monitoring-surgical-performance-risk,01a0a4d6-f227-79ae-a597-f7110bb17a98,01a0a4d6-f22b-74b0-b4e6-52070a2ec351,Validation/Steiner_2000_monitoring-surgical-performance-risk.pdf,12,0,extracted,full,"docling_regions 345, grobid_regions 60",,01a0abcb-0e26-7e53-bdf6-131da19362ce,308,42759,main
file,Storey_2018_normalizing-shadows-multi-temporal,01a0c718-8eb0-7b9a-9883-7852e6e8465d,01a0c718-e1d8-7368-a5dd-b9433cfcd5c0,_litkb_staging/filed/Storey_2018_normalizing-shadows-multi-temporal.pdf,22,0,,,no rule matched (waiting for extraction),,,,,main
file,Stow_1999_reducing-effects-misregistration-pixel,01a0a4d2-0e0a-7bda-bc90-1dc0e78be335,01a0a4d2-0e0e-772a-893e-ec6207635737,Validation/Stow_1999_reducing-effects-misregistration-pixel.pdf,8,0,extracted,full,"docling_regions 107, grobid_regions 43",,01a0abcb-118b-7ad7-9e38-4d211ba4168c,109,20425,main
file,Straka_2025_satdino-deep-dive-self,01a0a858-b3b2-7e4c-9291-966e5a7699aa,01a0a858-c807-7fed-840d-759eeaf3364b,_litkb_staging/filed/Straka_2025_satdino-deep-dive-self.pdf,10,0,extracted,full,"docling_regions 347, grobid_regions 103",,01a0abcc-c97a-71c6-ba70-29403d3a8af4,345,48490,main
file,Subramanian_2021_s2and-benchmark-evaluation-system,01a0a7c1-b31c-7a82-b5ff-b03ac788dd1d,01a0a838-bb3e-7fa4-8732-0cc00e0ca767,_litkb_staging/filed/Subramanian_2021_s2and-benchmark-evaluation-system.pdf,10,0,extracted,full,"docling_regions 153, grobid_regions 73",,01a0abcc-cf77-7f70-b412-b627bba03b1c,160,60516,main
file,Sun_2022_cg-net-conditional-gis,01a0a4be-cf7b-7b10-a848-5b7f53883124,01a0a4be-cf7f-7324-a2ba-aaf5349315e1,Validation/Sun_2022_cg-net-conditional-gis-aware.pdf,15,0,extracted,full,"docling_regions 478, grobid_regions 124",,01a0abcb-1b04-74db-a5c1-72ab38b273f3,428,71574,main
file,Szczecina_2026_sparse-data-tree-canopy,01a0a86b-c547-7998-bb7a-1c4f15209022,01a0a86b-c559-7010-a243-0e9e538c7e30,_litkb_staging/incoming/t38b_Szczecina_2026_sparse-data-tree-canopy.download,5,0,extracted,full,"docling_regions 69, grobid_regions 38",,01a0abcf-502f-77ba-80c1-63c6d5763f7f,73,21759,main
file,Takada_2009_derivation-yearly-transition-probability,01a0a4d1-a0c7-7b6a-920b-ab0daf0f6894,01a0a4d1-a0cb-754c-b0a3-df45d07b2f81,Validation/Takada_2010_derivation-yearly-transition.pdf,12,0,extracted,full,"docling_regions 230, grobid_regions 82",,01a0abcb-20bf-72dd-bd59-2306ec6553a9,228,43846,main
file,Tartakovsky_2008_asymptotically-optimal-quickest-change,01a0a4d6-e2f3-7b2b-89bd-118e9875f10d,01a0a4d6-e2f7-7233-82ef-066ae05529e9,Validation/Tartakovsky_2008_asymptotically-optimal-quickest.pdf,36,0,extracted,full,"docling_regions 587, grobid_regions 450",,01a0abcb-2bdd-7a4b-b605-2abe95946cb0,626,108303,main
file,Tasar_2020_standardgan-multi-source-domain,01a0a86a-24e8-790a-814c-8251a2806191,01a0a86a-24fc-708c-827d-ac1b1a913313,_litkb_staging/incoming/t30_Tasar_2020_standardgan.download,10,0,extracted,full,"docling_regions 190, grobid_regions 78",,01a0abcf-3acc-7ee7-98eb-2e00dc9abea9,188,38392,main
file,Tibshirani_2019_conformal-prediction-covariate-shift,01a0a858-42b2-793f-9161-22da06b62d57,01a0a858-538b-7a3a-a76b-6562024892f1,_litkb_staging/filed/Tibshirani_2019_conformal-prediction-covariate-shift.pdf,17,0,extracted,full,"docling_regions 1890, grobid_regions 213",,01a0abce-b99a-7358-8d2e-72650f673328,1462,742264,main
file,Tkaczyk_2018_machine-learning-vs-rules,01a0a7c1-7499-7236-8321-ea4881fc7bb7,01a0a7c5-6f9f-733f-9381-de3d90b860a0,_litkb_staging/filed/Tkaczyk_2018_machine-learning-vs-rules.pdf,10,0,extracted,full,"docling_regions 239, grobid_regions 112",,01a0abce-c5f4-731b-88d3-5261a72054b3,246,47405,main
file,Touvron_2019_fixing-train-test-resolution,01a0a4be-4051-72bd-93e1-c3eb5a07fc52,01a0a4be-4055-7926-b6e3-f494545a949c,Validation/Touvron_2019_fixing-train-test-resolution.pdf,14,0,,,no rule matched (waiting for extraction),,,,,main
file,Townshend_1992_impact-misregistration-change-detection,01a0a4d1-7170-7120-b19e-d4ee5672b2a6,01a0a4d1-7173-76f8-9129-a7668ab0dfe5,Validation/Townshend_1992_impact-misregistration-change.pdf,7,0,extracted,full,"docling_regions 258, grobid_regions 60",,01a0abcb-325f-76ca-89c1-6dfc481a1d11,244,44035,main
file,Truccolo_2005_point-process-framework-relating,01a0a4d6-ac1b-7561-8316-f5bed9258506,01a0a4d6-ac1e-7db0-9d91-53dc48be1bdd,Validation/Truccolo_2005_point-process-framework-relating.pdf,17,0,extracted,full,"docling_regions 363, grobid_regions 214",,01a0abcb-3bfc-7959-a644-1d57bedca554,382,113870,main
file,Tuia_2011_active-learning-adapt-remote,01a0a856-b6ad-79e7-8e02-8bc4f044a4ae,01a0a857-0c99-7a79-855a-95e29f700638,_litkb_staging/filed/Tuia_2011_active-learning-adapt-remote.pdf,11,0,extracted,full,"docling_regions 191, grobid_regions 70",,01a0abce-ccb5-7433-b54c-4e7c4be58714,206,54231,main
file,Valavi_2018_block-cv-r-package,01a0a49e-ae07-72b6-bad1-5e77b838ca59,01a0a49e-ae0e-7063-90c0-6c2f63866198,Validation/Valavi_2018_blockcv-r-package-generating-spatially.pdf,21,0,extracted,full,"docling_regions 153, grobid_regions 77",,01a0abcb-3ffb-7df4-a389-6c53170cfc80,165,37803,main
file,Valavi_2018_blockcv-r-package-generating,01a0a4c5-1378-7d19-9320-cb8bdc1e0eac,01a0c6c1-59c0-710f-975e-3c1533d0ed19,_litkb_staging/filed/Valavi_2018_blockcv-r-package-generating.pdf,19,0,,,no rule matched (waiting for extraction),,,,,main
file,Vapnik_2009_new-learning-paradigm-learning,01a0a4bc-f626-7451-a431-77847caf5ef5,01a0a4bc-f629-7e2a-96e6-724d350a3a6a,Validation/Vapnik_2009_new-learning-paradigm-learning.pdf,14,0,extracted,full,"docling_regions 586, grobid_regions 356",,01a0abcb-4975-7329-8dcd-87724e6edbe1,583,74555,main
file,VargasMunoz_2019_correcting-rural-building-annotations,01a0a860-70aa-755d-b734-d0a00891a969,01a0a861-0389-7eda-87c4-a5b41a0e6183,_litkb_staging/filed/VargasMunoz_2019_correcting-rural-building-annotations.pdf,11,0,extracted,full,"docling_regions 198, grobid_regions 97",,01a0abce-d300-7444-94f3-3d1dbd627420,214,57857,main
file,Verburg_2004_method-analyse-neighbourhood-characteristics,01a0a4c6-88ff-777e-b9df-b2485c395f6e,01a0a4c6-8903-7ae5-b23d-c03e2260e126,Validation/Verburg_2004_method-analyse-neighbourhood.pdf,24,0,extracted,full,"docling_regions 504, grobid_regions 86",,01a0abcb-5248-7e7d-991e-ae5cdf516ee3,441,70567,main
file,Verbyla_2000_bias-land-cover-change,01a0a4d1-792b-7dc7-a3b4-556a98aa2ca2,01a0a4d1-792f-7a2c-a861-62b5e5e0de5e,Validation/Verbyla_2000_bias-land-cover-change-estimates.pdf,10,0,extracted,full,"docling_regions 159, grobid_regions 36",,01a0abcb-5632-780d-8522-6328f3791f91,154,19647,main
file,Vicente_2008_graph-cut-based-image,01a0a4db-456e-7f67-9cc8-41ecabb8f5db,01a0a4db-4572-79f9-a7d1-5a0c28b71b24,Validation/Vicente_2008_graph-cut-based-image-segmentation.pdf,8,0,extracted,full,"docling_regions 269, grobid_regions 118",,01a0abcb-5af4-723c-a6ec-847447ae9823,232,45553,main
file,Vincent_1993_grayscale-area-openings-closings,01a0a4c6-5037-719b-adad-c5f05604b32d,01a0a4c6-503b-7434-801b-bb9d375b5dc7,Validation/Vincent_1993_grayscale-area-openings-closings.pdf,6,0,,,no rule matched (waiting for extraction),,,,,main
file,Vixie_2007_some-properties-minimizers-chan,01a0a85e-35de-7cc1-9aea-ad295e673c18,01a0aac9-b201-7426-86ac-d9d776281358,Validation/Vixie_2007_some-properties-minimizers-chan-esedoglu.pdf,14,0,extracted,full,"docling_regions 374, grobid_regions 208",,01a0abcb-5f73-7c8a-9cb8-5ee643689b27,356,27274,main
file,Walton_2008_difficulties-estimating-city-wide,01a0a4be-807a-73b4-b42d-d5c232f0fafc,01a0a4be-807e-7074-9098-48082e1ac049,Validation/Walton_2008_difficulties-estimating-city-wide-urban.pdf,10,0,extracted,full,"docling_regions 301, grobid_regions 72",,01a0abcb-6373-7dd6-98ae-2cb89642662d,311,29855,main
file,Wang_2020_tent-fully-test-time,01a0a857-b253-7b1e-acc0-a279b4bf78a8,01a0a857-e41a-7493-b30e-96c3a3c02579,_litkb_staging/filed/Wang_2020_tent-fully-test-time.pdf,15,0,extracted,full,"docling_regions 1349, grobid_regions 104",,01a0abcf-1433-78dd-a2f6-8e6622378c2f,706,85412,main
file,Warfield_2004_simultaneous-truth-performance-level,01a0a4d1-f701-7399-bd30-02bb4b6331f1,01a0a4d1-f704-78c4-bf7d-d252571349c3,Validation/Warfield_2004_simultaneous-truth-performance-level.pdf,19,0,extracted,full,"docling_regions 336, grobid_regions 131",,01a0abcb-6b8c-7d0c-ba05-3c5df615c7fb,339,106872,main
file,Wehmann_2015_spatial-temporal-contextual-markovian,01a0a4b7-936f-7038-ae13-89a39f925c24,01a0a4b7-937c-76ae-aa2e-d4f599970a3e,Validation/Wehmann_2015_spatial-temporal-contextual-markovian-kernel.pdf,13,0,extracted,full,"docling_regions 422, grobid_regions 140",,01a0abcb-7433-7b32-99c0-07383c7d2190,433,80311,main
file,Weinstein_2021_benchmark-dataset-canopy-crown,01a0a86c-7f99-7405-b038-f8596762c67a,01a0a86c-7fb4-7dfa-905f-a0bf272f5ab8,_litkb_staging/incoming/t40_Weinstein_2021_benchmark-crown-detection.download,18,0,extracted,full,"docling_regions 235, grobid_regions 63",,01a0abcf-54fc-72d7-88c1-4eaf0ac379ef,248,62195,main
file,Winkler_2014_matching-record-linkage,01a0a7c2-4c82-7796-abb7-c5580d8d5952,01a0a855-c738-7a86-8ce2-5f5f8ba136ae,_litkb_staging/filed/Winkler_2014_matching-record-linkage.pdf,13,0,extracted,full,"docling_regions 425, grobid_regions 154",,01a0abcf-1f1a-764e-9813-c7c20764055f,405,61436,main
file,Wolters_2016_classification-large-scale-remote,01a0a4c6-da77-7e4c-acfa-bc47f8c464cd,01a0a4c6-da7b-7607-b428-d77b2b5da7a7,Validation/Wolters_2017a_classification-large-scale-remote.pdf,24,0,extracted,full,"docling_regions 302, grobid_regions 150",,01a0abcb-7bdf-7891-b19d-1a16fa9eae40,294,66995,main
file,Wolters_2017_better-autologistic-regression,01a0a4c6-e246-73f0-ae35-3d1a7bda54e2,01a0a4c6-e24a-71b5-8cf4-1f000bbe5e17,Validation/Wolters_2017b_better-autologistic-regression.pdf,20,0,extracted,full,"docling_regions 480, grobid_regions 286",,01a0abcb-86f3-758c-9c04-cc02213c7299,499,97945,main
file,Wu_2017_post-classification-change-detection,01a0a4be-a840-7f84-9982-3e3d64157d04,01a0a4be-a845-7d34-b0c9-17c6d7671fc0,Validation/Wu_2017_iterative-slow-feature-change-detection.pdf,15,0,extracted,full,"docling_regions 608, grobid_regions 128",,01a0abcb-8f37-7cea-ae0a-a342aac57fb3,576,73648,main
file,XiaolongDai_1998_effects-image-misregistration-accuracy,01a0a496-53d1-78d3-8130-9fc296a22cb3,01a0a496-53d9-78ff-8ee8-ffdb9ee705ff,Validation/Dai_1998a_effects-image-misregistration-accuracy.pdf,12,0,extracted,full,"docling_regions 206, grobid_regions 96",,01a0abc7-cadb-7743-b2bc-839adf83196d,192,52290,main
file,Xie_2013_sequential-multi-sensor-change,01a0a4d6-dae1-7c9f-98ca-f7fe7352cc19,01a0a4d6-dae5-79e2-b560-73bff2bbd17e,Validation/Xie_2013_sequential-multi-sensor-change-point.pdf,24,0,extracted,full,"docling_regions 258, grobid_regions 191",,01a0abcb-9729-7ed2-ace1-4bdf22e0897f,268,52176,main
file,Yang_2020_evaluating-reliability-time-series,01a0a4b7-9b70-7620-a477-dabf6c732107,01a0a4b7-9b76-77cf-a061-92091b9990f6,Validation/Yang_2020_evaluating-reliability-time-series-land.pdf,12,0,extracted,full,"docling_regions 508, grobid_regions 108",,01a0abcb-9d5f-70a6-8cdb-6ddf4e5098b7,489,49580,main
file,Yang_2021_30-m-annual-land,01a0a4be-ef4d-74bd-a55a-dd0cb0004b01,01a0a4be-ef51-778f-ba87-c2f88233d8fe,Validation/Yang_2021_30m-annual-land-cover-china.pdf,19,0,extracted,full,"docling_regions 280, grobid_regions 96",,01a0abcb-a5f0-7f98-b761-28514c4e2640,300,77087,main
file,Yang_2025_sam2-elnet-label-enhancement,01a0a86c-fa12-70c7-adb2-2a9100c605a5,01a0a86c-fa26-7a6e-9d60-82a4ee4d9934,_litkb_staging/incoming/t45_Yang_2025_sam2-elnet.download,14,0,extracted,full,"docling_regions 296, grobid_regions 161",,01a0abcf-5e31-7b7c-a5b2-24002754ee11,308,73711,main
file,Yin_2022_broadband-green-red-vegetation,01a0c71f-d9b4-719c-9b33-a3740d9b256c,01a0c71f-f2ce-79cc-8eaf-3593cad3f56d,_litkb_staging/filed/Yin_2022_broadband-green-red-vegetation.pdf,10,0,,,no rule matched (waiting for extraction),,,,,main
file,Yuan_2015_continuous-change-detection-classification,01a0a4b7-a30c-726e-9fcc-904d3d738f14,01a0a4b7-a313-7302-868d-39b63484bff4,Validation/Yuan_2015_continuous-change-detection.pdf,22,0,extracted,full,"docling_regions 233, grobid_regions 128",,01a0abcb-ab14-7619-8c38-6352dabacc16,251,56676,main
file,Zampieri_2018_multimodal-image-alignment-through,01a0a4d0-d425-750f-9c75-e82f919cf047,01a0a4d0-d429-7dc5-8ea6-0e9a45dbc0a6,Validation/Zampieri_2018_multimodal-image-alignment-through.pdf,17,0,extracted,full,"docling_regions 238, grobid_regions 92",,01a0abcb-afd0-7c17-b6c6-554a32dff73a,240,46477,main
file,Zhang_2024_knowledge-transfer-domain-adaptation,01a0a86d-5c75-7463-a398-11a98240970a,01a0a86d-5c8b-7032-b217-d97fae88c915,_litkb_staging/incoming/t47_Zhang_2024_knowledge-transfer-fine-grained.download,6,0,extracted,full,"docling_regions 191, grobid_regions 97",,01a0abcf-62cc-7b43-ac96-de0a59607fb5,205,33743,main
file,Zhao_2017_pyramid-scene-parsing-network,01a0a4be-461d-7cd8-90d5-9a7cec6f307f,01a0a4be-4622-7660-b8bd-2808544913ee,Validation/Zhao_2017_pyramid-scene-parsing-network.pdf,10,0,extracted,full,"docling_regions 152, grobid_regions 86",,01a0abcb-b411-7215-a0bb-6ffa1e5d3b4a,170,40201,main
file,Zheng_2008_markov-chain-monte-carlo,01a0a4d6-1f4f-755a-9558-0d8fe85bc810,01a0a4d6-1f52-7983-bd30-04756ee8c25a,Validation/Zheng_2008_markov-chain-monte-carlo-spatial.pdf,16,0,extracted,full,"docling_regions 144, grobid_regions 98",,01a0abcb-b8f6-7e09-a798-a43e2a3ada54,154,40555,main
file,Zhou_2020_training-data-selection-annual,01a0a4bc-fe5b-755d-9059-68a2ac6ec42e,01a0a4bc-fe5e-7eaf-8e96-f0d426daae16,Validation/Zhou_2020_training-data-selection-annual-land.pdf,16,0,extracted,full,"docling_regions 152, grobid_regions 54",,01a0abcb-bd7b-7805-beb9-2c0f8a3f5bda,157,48059,main
file,Zhu_2005_modeling-spatial-temporal-binary,01a0a4d4-63e7-74b6-a764-50e2f334d727,01a0a4d4-63ec-702a-a159-5565b632fc0b,Validation/Zhu_2005_modeling-spatial-temporal-binary-data.pdf,14,0,extracted,full,"docling_regions 128, grobid_regions 69",,01a0abcb-c1d1-7400-8851-9d8f3213be28,138,35746,main
file,Zhu_2008_autologistic-regression-analysis-spatial,01a0a4d6-0fce-7115-aff1-a3688f54cad0,01a0a4d6-0fd1-7517-8d52-51e44488a78b,Validation/Zhu_2008_autologistic-regression-analysis-spatial.pdf,15,0,extracted,full,"docling_regions 161, grobid_regions 91",,01a0abcb-c6b1-7dd5-b4da-42b2862473ad,160,39109,main
file,Zhuang_2002_stochastic-declustering-space-time,01a0a4d4-82e6-7e94-bd76-dfb844b31f80,01a0a4d4-82eb-7946-b5cd-e42118f801b6,Validation/Zhuang_2002_stochastic-declustering-space-time.pdf,13,0,extracted,full,"docling_regions 803, grobid_regions 165",,01a0abcb-d730-71a6-af13-46bb64cdd557,675,58298,main
staging,hunt-20260921T101016,,,_litkb_staging/web/hunt-20260921T101016.txt,,,refused-registry,,refused admission 01a0c371-e7b6-7da2-8aeb-56952e599fc8 (claimed title: -); sha256 63010cd56415; 13638 bytes,,,,,main
staging,hunt-20260921T102312,,,_litkb_staging/web/hunt-20260921T102312.txt,,,refused-registry,,refused admission 01a0c37d-bd8d-70be-a8df-df48a70c4bd3 (claimed title: -); sha256 63010cd56415; 13638 bytes,,,,,main
staging,Tyukavina_2025_land-cover-change-map,,,_litkb_staging/filed/Tyukavina_2025_land-cover-change-map.pdf,,,refused-registry,,refused admission 01a0c72d-f064-731a-8494-cf4060bef12d (claimed title: -); sha256 94d8fbed9c8e; 7623037 bytes,,,,,main
staging,Sustainability_2023_city-seattle-tree-canopy,,,_litkb_staging/filed/Sustainability_2023_city-seattle-tree-canopy.pdf,,,refused-registry,,refused admission 01a0c72e-dae5-748f-bb14-9817eb90752e (claimed title: -); sha256 1e31150a6ca6; 9769141 bytes,,,,,main
staging,Sustainability_2023_2021-city-seattle-tree,,,_litkb_staging/filed/Sustainability_2023_2021-city-seattle-tree.pdf,,,refused-registry,,refused admission 01a0c730-2e90-745d-bad0-a54ef1c3c195 (claimed title: -); sha256 1e31150a6ca6; 9769141 bytes,,,,,main
work,Abdulkader_2020_cnn-fpga-implementation-hardware,01a0ad55-eb8d-7037-b37c-5a431107074a,,,,,extracted,full,"1 file(s), all extracted",,,,,main
work,Abellera_2005_impervious-surface-detection-satellite,01a0a4be-aef9-7385-960d-04f3aca445a1,,,,,not-attempted,,"never ran: open_access, annas, scihub",,,,,main
work,Abercrombie_2016_improving-consistency-multitemporal-land,01a0a4b3-4c8d-75dd-b4b3-55f9ba685787,,,,,extracted,full,"1 file(s), all extracted",,,,,main
work,Ahishali_2025_ada-net-attention-guided,01a0a86a-6ff1-7b0b-984b-e15b9c7cc8eb,,,,,extracted,full,"1 file(s), all extracted",,,,,main
work,Allard_2007_total-variation-regularization-image,01a0a4c5-5508-7dad-a665-e14eb3e7bf6f,,,,,extracted,full,"1 file(s), all extracted",,,,,main
work,AllenMatthew_2026_manual-labelling-artificially-inflates,01a0a85a-18f5-7ea2-9961-e86409875ef4,,,,,no-file-any-route,,"attempts: annas:not-in-archive, browser:manual-step, open_access:no-oa-copy, scihub:blocked, scihub:blocked",,,,,main
work,Allred_2025_canopy-height-model-naip,01a0a49f-c706-7c61-90d4-7d92c98fb3f1,,,,,not-attempted,,"never ran: open_access, annas, scihub",,,,,main
work,Almon_1965_distributed-lag-capital-appropriations,01a0a151-b17f-7728-8903-a3399118b2a9,,,,,extracted,full,"1 file(s), all extracted",,,,,main
work,Alwan_1988_time-series-modeling-statistical,01a0a151-9a9a-7915-b9e0-9ccedf78fa14,,,,,extracted,full,"1 file(s), all extracted",,,,,main
work,Anderson_1957_statistical-inference-about-markov,01a0a151-6350-7617-9839-6477db821f3a,,,,,scan-needs-ocr,,"1 file(s), all scan-needs-ocr",,,,,main
work,Angelopoulos_2022_conformal-risk-control,01a0a86e-8137-74d3-a40d-8d79169bb2a5,,,,,extracted,full,"1 file(s), all extracted",,,,,main
work,Angelopoulos_2023_conformal-prediction-gentle-introduction,01a0a4aa-2768-7fb7-a385-4b553df4f0f3,,,,,not-attempted,,"never ran: open_access, annas, scihub",,,,,main
work,Appel_2024_efficient-data-driven-gap,01a0c717-c5be-7edb-b67f-675422b98244,,,,,no-file-any-route,,"attempts: annas:not-in-archive, browser:manual-step, open_access:bad-file, scihub:blocked",,,,,main
work,Arazo_2020_pseudo-labeling-confirmation-bias,01a0a49f-9813-76ba-a19e-07de8f4d6ffa,,,,,not-attempted,,"never ran: open_access, annas, scihub",,,,,main
work,Averkov_2009_confirmation-matheron-s-conjecture,01a0a4d2-2577-7a57-8166-f6f5614c2876,,,,,extracted,full,"1 file(s), all extracted",,,,,main
work,Bacry_2015_hawkes-processes-finance,01a0a861-2656-79bb-8caa-2b92d131bcf5,,,,,extracted,full,"1 file(s), all extracted",,,,,main
work,Baddeley_2005_spatstat-r-package-analyzing,01a0a4c6-6535-7066-b4bb-6324c89976a7,,,,,extracted,full,"1 file(s), all extracted",,,,,main
work,Baek_2022_agreement-line-predicting-performance,01a0a4af-4764-778b-a442-f6c5f9ecb96e,,,,,not-attempted,,"never ran: open_access, annas, scihub",,,,,main
work,Ball_2023_accurate-delineation-individual-tree,01a0a495-d478-7c3f-b18f-da3005c042c6,,,,,not-attempted,,"never ran: open_access, annas, scihub",,,,,main
work,Barber_2023_conformal-prediction-beyond-exchangeability,01a0a4a8-2cdd-7774-9834-4d8f38602cde,,,,,not-attempted,,"never ran: open_access, annas, scihub",,,,,main
work,Barker_2022_effects-crown-scorch-post,01a0a4d1-0aa5-7927-a4e3-af2658601a96,,,,,extracted,full,"1 file(s), all extracted",,,,,main
work,Bast_2017_benchmark-evaluation-text-extraction,01a0add7-3581-7e12-afc7-ba1273ea1257,,,,,not-attempted,,"never ran: open_access, annas, scihub",,,,,main
work,Batson_2019_noise2self-blind-denoising-self,01a0a4c5-0e57-798d-8ade-b04808b2fa27,,,,,,,1 files; one or more unclassified,,,,,main
work,Begg_1983_assessment-diagnostic-tests-when,01a0a151-928f-7a33-a468-67ccdf3df2a3,,,,,extracted,full,"1 file(s), all extracted",,,,,main
work,Bell_1977_markov-analysis-land-use,01a0a151-d113-7045-a0f1-b05d80fbd9fe,,,,,extracted,full,"1 file(s), all extracted",,,,,main
work,Bellettini_2002_total-variation-flow-rn,01a0a4d1-d714-775f-971a-3be9a6d1f945,,,,,extracted,full,"1 file(s), all extracted",,,,,main
work,Benedek_2009_change-detection-optical-aerial,01a0a4b7-aab5-7f39-965f-679ba79c5e6c,,,,,extracted,full,"1 file(s), all extracted",,,,,main
work,Benedek_2015_multilayer-markov-random-field,01a0a4b7-b327-7f03-bb4d-e502b0712358,,,,,extracted,full,"1 file(s), all extracted",,,,,main
work,Benjamini_1995_controlling-false-discovery-rate,01a0a4d6-ea96-7605-b8c4-90a46df7cfac,,,,,extracted,full,"1 file(s), all extracted",,,,,main
work,Berra_2020_individual-tree-crown-detection,01a0c101-a6f7-75a7-a282-3b01b2b025bc,,,,,not-attempted,,"never ran: open_access, annas, scihub",,,,,main
work,Besag_1974_spatial-interaction-statistical-analysis,01a0a151-6800-7d3b-905b-692474b4e1b3,,,,,extracted,full,"1 file(s), all extracted",,,,,main
work,Blackman_2020_detecting-long-term-urban,01a0a4be-5642-7d09-9b64-a2d23f9c9e82,,,,,extracted,full,"1 file(s), all extracted",,,,,main
work,Blakemore_1984_part-4-mathematical-algorithmic,01a0a151-a278-7e62-a1e9-61b9105b7e45,,,,,extracted,full,"1 file(s), all extracted",,,,,main
work,Bloch_2012_mathematical-morphology-bipolar-fuzzy,01a0a4c2-faaf-788f-8744-4f290b219402,,,,,extracted,full,"1 file(s), all extracted",,,,,main
work,Bloch_2023_preprintresolver-improving-citation-quality,01a0a7c1-9bdd-7572-8726-b62a846d816a,,,,,extracted,full,"1 file(s), all extracted",,,,,main
work,Bo_2026_saru-shadow-aware-removal,01a0a4ae-3abb-74d0-9037-d9d12a4b7528,,,,,not-attempted,,"never ran: open_access, annas, scihub",,,,,main
work,Bogaert_2022_hidden-markov-models-annual,01a0a4b7-618c-7323-8655-a9967557dc4a,,,,,extracted,full,"1 file(s), all extracted",,,,,main
work,Boykov_2002_interactive-graph-cuts-optimal,01a0a4db-4d80-702e-830d-3d0f7fed58ec,,,,,extracted,full,"1 file(s), all extracted",,,,,main
work,Boykov_2003_computing-geodesics-minimal-surfaces,01a0a4db-3dc3-765b-aece-1bb805267e5e,,,,,extracted,full,"1 file(s), all extracted",,,,,main
work,Branch_2022_biasing-influence-mental-shortcuts,01a0a4b0-e5bf-752b-a2ee-a4c3d5fa2043,,,,,not-attempted,,"never ran: open_access, annas, scihub",,,,,main
work,Brandt_2020_unexpectedly-large-count-trees,01a0a495-dc8d-7519-b6b7-6713f6ca34b4,,,,,not-attempted,,"never ran: open_access, annas, scihub",,,,,main
work,Brigato_2021_tune-it-don-t,01a0a4ad-d416-7293-aeb6-6164ef0d0fa2,,,,,not-attempted,,"never ran: open_access, annas, scihub",,,,,main
work,Broaddus_2020_removing-structured-noise-self,01a0a4d1-cf95-713a-b815-697e425508b3,,,,,extracted,full,"1 file(s), all extracted",,,,,main
work,Brook_1972_approach-probability-distribution-cusum,01a0a151-8737-7ada-900a-f55b731f52d0,,,,,extracted,full,"1 file(s), all extracted",,,,,main
work,Brown_2022_automated-aerial-animal-detection,01a0a4bd-060f-7147-a2c4-7344c829abe5,,,,,extracted,full,"1 file(s), all extracted",,,,,main
work,Browning_2021_simple-discrete-time-self,01a0a4d6-bc09-760c-b773-a07ba335c0a4,,,,,extracted,full,"1 file(s), all extracted",,,,,main
work,Bureau_2003_applications-continuous-time-hidden,01a0a4d6-6db0-7e25-921c-ddc508b09695,,,,,extracted,full,"1 file(s), all extracted",,,,,main
work,Burgert_2025_imagenet-trained-cnns-not,01a0a4b7-4731-7d8b-b912-850c74367a6c,,,,,not-attempted,,"never ran: open_access, annas, scihub",,,,,main
work,Burmeister_2025_fine-tuning-deepforest-forest,01a0a49b-e15b-79f5-b014-e2bd19b79600,,,,,not-attempted,,"never ran: open_access, annas, scihub",,,,,main
work,Burnicki_2007_simulating-error-propagation-land,01a0a4c6-c2e5-737b-a561-85437140e433,,,,,extracted,full,"1 file(s), all extracted",,,,,main
work,Burnicki_2010_propagating-error-land-cover,01a0a4d2-161b-7346-a572-7e81d182998e,,,,,extracted,full,"1 file(s), all extracted",,,,,main
work,Burnicki_2011_spatio-temporal-errors-land,01a0a4c6-caf5-7764-ab3c-93d361a23adf,,,,,extracted,full,"1 file(s), all extracted",,,,,main
work,Burnicki_2012_impact-error-landscape-pattern,01a0c719-b5c0-7121-80c9-df92d4daf529,,,,,,,1 files; one or more unclassified,,,,,main
work,Cabo_1995_line-transects-covariance-functions,01a0a4d6-37a9-7c41-ba19-c87be1406452,,,,,extracted,full,"1 file(s), all extracted",,,,,main
work,Cai_2014_enhancing-modis-land-cover,01a0a4d6-46c7-759c-9863-693195c5f9d4,,,,,extracted,full,"1 file(s), all extracted",,,,,main
work,Camara_2024_bayesian-inference-post-processing,01a0a4be-8903-781d-88fa-7aaadc0b3243,,,,,extracted,full,"1 file(s), all extracted",,,,,main
work,Canty_2008_automatic-radiometric-normalization,01a0a4b6-3911-799c-ba92-c03f494d6be5,,,,,not-attempted,,"never ran: open_access, annas, scihub",,,,,main
work,Capliez_2023_multisensor-temporal-unsupervised-domain,01a0c71a-09d5-7d8c-9068-920686efbc78,,,,,,,1 files; one or more unclassified,,,,,main
work,Capliez_2023_temporal-domain-adaptation-satellite,01a0a4ad-b345-7988-8ab6-470e76ded04b,,,,,not-attempted,,"never ran: open_access, annas, scihub",,,,,main
work,Caragea_2009_autologistic-models-interpretable-parameters,01a0a4d6-273d-77e6-997b-36d6bc5f29c2,,,,,extracted,full,"1 file(s), all extracted",,,,,main
work,Cardille_2016_bayesian-updating-land-cover,01a0a4b8-2803-7507-a594-6425b322c1d6,,,,,extracted,full,"1 file(s), all extracted",,,,,main
work,Chakraborty_2017_effect-misclassification-due-measurement,01a0a4c1-8f51-7a66-a670-6520e1ec3a73,,,,,extracted,full,"1 file(s), all extracted",,,,,main
work,Chan_2005_aspects-total-variation-regularized,01a0a4c5-1bb4-7e24-8bec-0dab79b34097,,,,,extracted,full,"1 file(s), all extracted",,,,,main
work,Chang_2019_domain-specific-batch-normalization,01a0a4ad-f58a-7950-ac04-9f5cec2ef0c9,,,,,not-attempted,,"never ran: open_access, annas, scihub",,,,,main
work,Charitos_2007_computing-short-interval-transition,01a0a4d5-a9ff-78e9-9901-dbad4504ae21,,,,,extracted,full,"1 file(s), all extracted",,,,,main
work,Chaux_2008_nonlinear-stein-based-estimator,01a0a4c3-1d71-7945-a814-321c87de80fa,,,,,extracted,full,"1 file(s), all extracted",,,,,main
work,Chen_2014_assessment-image-misregistration-effects,01a0a857-299e-743e-938b-da4898341326,,,,,extracted,full,"1 file(s), all extracted",,,,,main
work,Chen_2014_true-orthophoto-generation-multi,01a0a4b6-199f-7a64-8b49-4f7355a8bced,,,,,not-attempted,,"never ran: open_access, annas, scihub",,,,,main
work,Chen_2018_semantic-segmentation-aerial-imagery,01a0a4bd-15b2-75b8-b0d5-7c4704bb2e5b,,,,,extracted,full,"1 file(s), all extracted",,,,,main
work,Chen_2020_deep-siamese-domain-adaptation,01a0a49b-82bb-78cc-b487-5313a31ec37d,,,,,not-attempted,,"never ran: open_access, annas, scihub",,,,,main
work,Chen_2022_new-p-control-chart,01a0a872-cd6f-7562-b076-2aea54db2554,,,,,extracted,full,"1 file(s), all extracted",,,,,main
work,Chen_2023_radiometric-normalization-pseudo-invariant,01a0a4b6-48c9-7b4a-a241-03664eef92e2,,,,,not-attempted,,"never ran: open_access, annas, scihub",,,,,main
work,Chen_2023_urban-tree-canopy-mapping,01a0c101-b227-7417-a60d-d932fb1b118d,,,,,no-file-any-route,,"attempts: annas:not-in-archive, browser:manual-step, open_access:blocked, scihub:blocked",,,,,main
work,Chen_2024_coarse-fine-semantic-segmentation,01a0a4bd-0d03-7343-9031-38e18a999283,,,,,not-attempted,,"never ran: open_access, annas, scihub",,,,,main
work,Cheng_2020_novel-post-processing-method,01a0a4be-8fe4-7c1e-a170-4d4849c2113e,,,,,not-attempted,,"never ran: open_access, annas, scihub",,,,,main
work,Chernozhukov_2018_double-debiased-machine-learning,01a0a85d-b64c-76b5-ad5b-325d2881c7d2,,,,,extracted,full,"1 file(s), all extracted",,,,,main
work,Chrisman_1982_theory-cartographic-error-measurement,01a0a151-aae7-7760-8dd5-102e6ed454b8,,,,,,,1 files; one or more unclassified,,,,,main
work,Cioffi_2022_structured-references-pdf-articles,01a0a7c1-7c3f-7064-93d2-20074d80e080,,,,,extracted,full,"1 file(s), all extracted",,,,,main
work,Clark_2023_pre-processing-training-data,01a0a49f-887a-7adb-a116-0f15cf25146a,,,,,not-attempted,,"never ran: open_access, annas, scihub",,,,,main
work,Cohen_2010_detecting-trends-forest-disturbance,01a0c721-f994-73bd-bd47-944ed91bd2c3,,,,,,,1 files; one or more unclassified,,,,,main
work,Cohen_2018_landtrendr-multispectral-ensemble-forest,01a0a4b7-d882-7de4-af6e-dbff63621f62,,,,,not-attempted,,"never ran: open_access, annas, scihub",,,,,main
work,Conley_1999_gmm-estimation-cross-sectional,01a0a4d7-125f-7c97-a5a2-30c645d1e22a,,,,,extracted,full,"1 file(s), all extracted",,,,,main
work,Conley_2007_spatial-correlation-robust-inference,01a0a4d5-e881-75ee-b6a9-fdb7664ca11d,,,,,extracted,full,"1 file(s), all extracted",,,,,main
work,Conway_2022_private-tree-law-s,01a0a4c6-ea44-7c20-87c7-4ae617a0c32b,,,,,extracted,full,"1 file(s), all extracted",,,,,main
work,Cosarinsky_2026_confic-rca-statistically-grounded,01a0a4af-996a-77ce-9fbf-0622c2f840ce,,,,,not-attempted,,"never ran: open_access, annas, scihub",,,,,main
work,Costa_2018_supervised-methods-image-segmentation,01a0a4af-aa4b-7c3c-bef5-5fa056bdd781,,,,,not-attempted,,"never ran: open_access, annas, scihub",,,,,main
work,Coulter_2008_assessment-spatial-co-registration,01a0c722-b25d-75aa-a158-80ec90f89e69,,,,,,,1 files; one or more unclassified,,,,,main
work,Coupland_2022_combining-aerial-photos-lidar,01a0a4be-5d46-7228-9ec5-67d165c389eb,,,,,not-attempted,,"never ran: open_access, annas, scihub",,,,,main
work,Couprie_2011_power-watershed-unifying-graph,01a0a4db-64de-768b-9c5e-1ba8eb82a5f3,,,,,extracted,full,"1 file(s), all extracted",,,,,main
work,Crowder_2017_introduction-bernoulli-cusum,01a0a873-5206-7ec7-a555-fbb340ad6053,,,,,extracted,full,"1 file(s), all extracted",,,,,main
work,Culbert_2025_reference-coverage-analysis-openalex,01a0a7c1-bcd6-7edb-aaa6-3d1dec5a1a6a,,,,,extracted,full,"1 file(s), all extracted",,,,,main
work,Dai_1998_hierarchical-methodology-framework-multisource,01a0a4df-055d-7562-aad9-44143b33e930,,,,,extracted,full,"1 file(s), all extracted",,,,,main
work,DAngelo_2004_inferred-causes-tree-mortality,01a0a4d1-19d2-7a7f-98bd-0f6fb41918af,,,,,extracted,full,"1 file(s), all extracted",,,,,main
work,Dawid_1979_maximum-likelihood-estimation-observer,01a0a151-8ed6-7599-94b4-bbf427071e9e,,,,,extracted,full,"1 file(s), all extracted",,,,,main
work,DelgadoQuiros_2025_research-entity-information-coverage,01a0a7c1-c3c0-7307-82ba-6abd5baf03ac,,,,,not-attempted,,never ran: scihub,,,,,main
work,Deng_2026_semiparametric-analysis-interval-censored,01a0a4b3-91c5-7be1-ac5a-79dfcd861ef3,,,,,not-attempted,,"never ran: open_access, annas, scihub",,,,,main
work,Dietenberger_2023_tree-stem-detection-crown,01a0c101-a99f-7146-8a56-9f9c627418a4,,,,,not-attempted,,"never ran: open_access, annas, scihub",,,,,main
work,Dihkan_2026_investigating-class-granularity-historical,01a0a4a0-2c4b-7a52-ad9e-00b95e5fb511,,,,,not-attempted,,"never ran: open_access, annas, scihub",,,,,main
work,Ding_2021_local-temperature-scaling-probability,01a0a4a3-c14e-78d8-8f99-a02eef15d1d1,,,,,not-attempted,,"never ran: open_access, annas, scihub",,,,,main
work,Dionelis_2024_learning-unlabelled-data-transformers,01a0a86a-d7ff-75e1-9fc0-57ed42560efe,,,,,extracted,full,"1 file(s), all extracted",,,,,main
work,Duval_2009_tvl1-model-geometric-point,01a0a4c5-2363-7cbe-a940-aef962c4440e,,,,,extracted,full,"1 file(s), all extracted",,,,,main
work,Efron_1986_how-biased-apparent-error,01a0a151-6b70-774d-8eae-d2ca6b2dca5b,,,,,extracted,full,"1 file(s), all extracted",,,,,main
work,Efron_2004_estimation-prediction-error,01a0a4d1-9095-7b1c-8bf9-881f9f3fc699,,,,,extracted,full,"1 file(s), all extracted",,,,,main
work,Efron_2021_resampling-plans-estimation-prediction,01a0a4c3-3513-792b-850f-bb12daf7f914,,,,,extracted,full,"1 file(s), all extracted",,,,,main
work,Eldar_2009_generalized-sure-exponential-families,01a0a4c3-0a25-703d-8598-ca90496643cd,,,,,extracted,full,"1 file(s), all extracted",,,,,main
work,Enamorado_2019_probabilistic-model-assist-merging,01a0a7c2-6018-722d-880b-ac3dc7e63132,,,,,not-attempted,,never ran: scihub,,,,,main
work,Fang_2020_rethinking-importance-weighting-deep,01a0a858-7825-771c-adc6-0fa84e137d0d,,,,,extracted,full,"1 file(s), all extracted",,,,,main
work,Fellegi_1969_theory-record-linkage,01a0a7c2-4579-7dd5-8b70-09fb52fc3e03,,,,,extracted,full,"1 file(s), all extracted",,,,,main
work,Ferraz_2016_lidar-detection-individual-tree,01a0a49f-7a59-7b36-9385-0e48cc56c932,,,,,not-attempted,,"never ran: open_access, annas, scihub",,,,,main
work,Ferreira_2025_data-augmentation-resolution-enhancement,01a0a86b-583f-77ad-bff3-50e6fa2017cb,,,,,extracted,full,"1 file(s), all extracted",,,,,main
work,Fleming_2025_aerial-imagery-tool-monitoring,01a0a86e-03a3-7a09-935c-7c47c6260ab7,,,,,extracted,full,"1 file(s), all extracted",,,,,main
work,Foody_2010_assessing-accuracy-land-cover,01a0a49f-4b4e-72b8-969b-b0a990826ce0,,,,,extracted,full,"1 file(s), all extracted",,,,,main
work,Foody_2013_ground-reference-data-error,01a0a4b3-9939-7a56-8f4a-1da78b3d3020,,,,,not-attempted,,"never ran: open_access, annas, scihub",,,,,main
work,Foody_2022_global-local-assessment-image,01a0a49f-522b-74ff-af41-aa9d300cc139,,,,,not-attempted,,"never ran: open_access, annas, scihub",,,,,main
work,Frayer_1967_area-change-estimates-sampling,01a0a4b0-ddf6-70d2-92cb-423863b1f3a7,,,,,not-attempted,,"never ran: open_access, annas, scihub",,,,,main
work,Freudenberg_2022_individual-tree-crown-delineation,01a0a494-c178-7d04-921d-b1193027f352,,,,,not-attempted,,"never ran: open_access, annas, scihub",,,,,main
work,Galerne_2011_computation-perimeter-measurable-sets,01a0a4d2-1dbc-79a5-817e-69138f6d9081,,,,,extracted,full,"1 file(s), all extracted",,,,,main
work,Gallagher_1981_theoretical-analysis-properties-median,01a0a151-5c07-7d29-aed7-10e23529735a,,,,,extracted,full,"1 file(s), all extracted",,,,,main
work,Gan_2023_tree-crown-detection-delineation,01a0a495-ebf4-728a-ae9a-b58a116b3fdf,,,,,not-attempted,,"never ran: open_access, annas, scihub",,,,,main
work,Gao_2017_novel-unsupervised-segmentation-quality,01a0a4af-a158-7e39-9276-4986a0dae340,,,,,not-attempted,,"never ran: open_access, annas, scihub",,,,,main
work,Gasparrini_2010_distributed-lag-non-linear,01a0a4d6-8512-7807-ac6d-80727a2992fb,,,,,extracted,full,"1 file(s), all extracted",,,,,main
work,Gasparrini_2011_distributed-lag-linear-non,01a0a4d6-8ca0-718a-a6e4-ce2002fd3d5d,,,,,extracted,full,"1 file(s), all extracted",,,,,main
work,Gasparrini_2013_modeling-exposure-lag-response,01a0a4d6-9489-7d37-ac0c-786bd4260d5c,,,,,extracted,full,"1 file(s), all extracted",,,,,main
work,Gasparrini_2017_penalized-framework-distributed-lag,01a0a4d6-9d02-7810-b922-3deefc6adf59,,,,,extracted,full,"1 file(s), all extracted",,,,,main
work,Geirhos_2018_imagenet-trained-cnns-biased,01a0a85b-7edd-7a06-bfb3-56ebaa44a2ec,,,,,extracted,full,"1 file(s), all extracted",,,,,main
work,Geyer_1992_constrained-monte-carlo-maximum,01a0a4c6-d2a4-7488-a798-cd7f0c92ebb2,,,,,extracted,full,"1 file(s), all extracted",,,,,main
work,Gharibi_2018_true-orthophoto-generation-aerial,01a0a4b6-0e5f-700a-9cb4-88ccff7aac23,,,,,not-attempted,,"never ran: open_access, annas, scihub",,,,,main
work,Girard_2019_aligning-updating-cadaster-maps,01a0a4d0-cbd4-761f-9112-c1bf82bbf5e8,,,,,extracted,full,"1 file(s), all extracted",,,,,main
work,Girard_2019_noisy-supervision-correcting-misaligned,01a0a85f-f9ee-7ff9-ac39-bffecdc108ef,,,,,extracted,full,"1 file(s), all extracted",,,,,main
work,Gong_2017_hidden-markov-model-improving,01a0a4b7-684a-72f7-a835-f577cf51ba2b,,,,,not-attempted,,"never ran: open_access, annas, scihub",,,,,main
work,Gong_2026_crossearth-geospatial-vision-foundation,01a0a4a0-5165-79f5-9615-edd5aae10a8f,,,,,not-attempted,,"never ran: open_access, annas, scihub",,,,,main
work,Goodchild_1997_simple-positional-accuracy-measure,01a0a4d1-69ad-717a-9956-56401cc9422e,,,,,extracted,full,"1 file(s), all extracted",,,,,main
work,Goodchild_2004_general-framework-error-analysis,01a0a4d1-88ea-765b-b767-3bec05bf18ca,,,,,extracted,full,"1 file(s), all extracted",,,,,main
work,Graler_2016_spatio-temporal-interpolation-gstat,01a0a4be-fd38-72b2-956f-c5c2dc3f8e40,,,,,not-attempted,,"never ran: open_access, annas, scihub",,,,,main
work,Gros_2021_softseg-advantages-soft-versus,01a0a4d4-5bdd-753a-bc63-42fd0ed904fc,,,,,extracted,full,"1 file(s), all extracted",,,,,main
work,Guenci_2025_pipeline-matching-bibliographic-references,01a0a7c1-841a-76d3-acc6-f8400313afe4,,,,,extracted,full,"1 file(s), all extracted",,,,,main
work,Gulrajani_2020_search-lost-domain-generalization,01a0a858-e92f-761e-889d-8de7ee4b604c,,,,,,,1 files; one or more unclassified,,,,,main
work,Guo_2018_redeveloping-urban-forest-effect,01a0a4d1-c85f-7c50-9823-d39e9f46d5c9,,,,,extracted,full,"1 file(s), all extracted",,,,,main
work,Guo_2019_city-wide-canopy-cover,01a0a4d1-e7be-7972-988f-6d056469e4c2,,,,,extracted,full,"1 file(s), all extracted",,,,,main
work,Guo_2023_nationwide-urban-tree-canopy,01a0a49f-905a-7db5-8c05-b8217a9171d3,,,,,not-attempted,,"never ran: open_access, annas, scihub",,,,,main
work,Guo_2024_monitoring-tree-canopy-dynamics,01a0a49e-f45a-7a08-833e-49fb5dea7a95,,,,,not-attempted,,"never ran: open_access, annas, scihub",,,,,main
work,Guo_2024_tracking-photosynthetic-phenology-spectral,01a0c723-2fca-7082-aa10-ad10e4488f6b,,,,,no-file-any-route,,"attempts: annas:not-in-archive, browser:manual-step, open_access:no-oa-copy, scihub:blocked",,,,,main
work,GutierrezVelez_2024_mapping-forest-cover-change,01a0a49f-597d-7f1d-8676-c09c6b85f79d,,,,,not-attempted,,"never ran: open_access, annas, scihub",,,,,main
work,Hall_1985_resampling-coverage-pattern,01a0a4db-73fb-78cd-a0fc-905c8c1e284e,,,,,extracted,full,"1 file(s), all extracted",,,,,main
work,Hamraz_2017_forest-understory-trees-can,01a0a49f-80ff-7e5c-a1a2-fa6cf829e386,,,,,not-attempted,,"never ran: open_access, annas, scihub",,,,,main
work,Hao_2023_co-effect-image-resolution,01a0c71b-bdcf-787f-ace6-46c6f7a2c46e,,,,,no-file-any-route,,"attempts: annas:not-in-archive, browser:manual-step, open_access:blocked, scihub:blocked",,,,,main
work,Hasegawa_2019_probability-deriving-yearly-transition,01a0a4c6-bb60-7b1e-824b-762a8f1c9dfa,,,,,extracted,full,"1 file(s), all extracted",,,,,main
work,Hauer_1994_street-tree-decline-construction,01a0a4c6-790a-753b-ad8a-0da3e6a986d6,,,,,extracted,full,"1 file(s), all extracted",,,,,main
work,Hawkes_1971_spectra-some-self-exciting,01a0a151-739f-7a1c-8a70-009952f9a837,,,,,extracted,full,"1 file(s), all extracted",,,,,main
work,He_2024_time-series-land-cover,01a0a4b3-5333-713f-bc2b-0416a3446ee6,,,,,not-attempted,,"never ran: open_access, annas, scihub",,,,,main
work,He_2025_samois-efficient-fine-tuned,01a0c71e-e089-7ed6-b55f-399c6da02e31,,,,,no-file-any-route,,"attempts: annas:not-in-archive, browser:manual-step, open_access:blocked, scihub:blocked",,,,,main
work,Healy_2022_historical-urban-tree-canopy,01a0a49e-c573-719b-ae3b-21e0149e42ff,,,,,not-attempted,,"never ran: open_access, annas, scihub",,,,,main
work,Hecht_2015_automatic-identification-building-types,01a0a4be-b749-78ea-9888-ce7cd7ee9c83,,,,,extracted,full,"1 file(s), all extracted",,,,,main
work,Henrich_2024_general-deep-learning-based,01a0a869-ecf7-724e-802b-8f70e9341c37,,,,,extracted,full,"1 file(s), all extracted",,,,,main
work,Herzog_2007_string-comparator-metrics-typographical,01a0a7c2-5331-7790-ad51-89395303f7fe,,,,,not-attempted,,never ran: scihub,,,,,main
work,Hessel_2020_relative-radiometric-normalization-several,01a0a496-1aee-7035-be81-cce0cc58fade,,,,,not-attempted,,"never ran: open_access, annas, scihub",,,,,main
work,Hickey_2002_experiments-ifla-functional-requirements,01a0a7c1-a2c7-74eb-a30c-a4af7b29791d,,,,,not-attempted,,never ran: scihub,,,,,main
work,Hickey_2014_managing-ambiguity-viaf,01a0a7c1-a920-7806-b2a6-a693ee7f8157,,,,,not-attempted,,never ran: scihub,,,,,main
work,Higham_2011_pth-roots-stochastic-matrices,01a0a4d5-a21c-735a-b7c4-f175a735eb5e,,,,,extracted,full,"1 file(s), all extracted",,,,,main
work,Hilbert_2019_urban-tree-mortality-literature,01a0a4b3-828f-7ca3-8dd5-a20372eb032a,,,,,extracted,full,"1 file(s), all extracted",,,,,main
work,Hoberg_2012_context-models-crf-based,01a0a4b7-c0dd-709d-94ab-407b84ab4682,,,,,not-attempted,,"never ran: open_access, annas, scihub",,,,,main
work,Hoberg_2015_conditional-random-fields-multitemporal,01a0a4b7-ba4f-7d98-b8b3-50b31521e8b5,,,,,extracted,full,"1 file(s), all extracted",,,,,main
work,Hood_2018_fire-tree-death-understanding,01a0a4d0-fafa-7d73-891d-81f6ce06403f,,,,,extracted,full,"1 file(s), all extracted",,,,,main
work,Howard_2018_universal-language-model-fine,01a0a49b-d998-76d2-93a8-0b32f78c33ee,,,,,not-attempted,,"never ran: open_access, annas, scihub",,,,,main
work,Huang_2026_ladder-side-tuning-visual,01a0a4b0-bf5b-74c1-be07-f4b7f4d348f5,,,,,not-attempted,,"never ran: open_access, annas, scihub",,,,,main
work,Hudson_1978_natural-identity-exponential-families,01a0a151-4e86-74dc-82eb-f8d23de1cc48,,,,,scan-needs-ocr,,"1 file(s), all scan-needs-ocr",,,,,main
work,Hughes_1999_non-homogeneous-hidden-markov,01a0a4c6-80f8-702b-a9fd-1ecd19d5bfc5,,,,,extracted,full,"1 file(s), all extracted",,,,,main
work,Hughes_2011_autologistic-models-binary-data,01a0a4d4-6b99-73dd-bc9e-bebf4e25efe8,,,,,extracted,full,"1 file(s), all extracted",,,,,main
work,Hughes_2014_ngspatial-package-fitting-centered,01a0a4d4-738d-7031-826f-569aed320522,,,,,extracted,full,"1 file(s), all extracted",,,,,main
work,Hui_1980_estimating-error-rates-diagnostic,01a0a151-9669-75ae-a458-388e44541fb2,,,,,extracted,full,"1 file(s), all extracted",,,,,main
work,Hwang_1982_improving-upon-standard-estimators,01a0a151-57a9-748f-b8a3-5a72c0588ff9,,,,,scan-needs-ocr,,"1 file(s), all scan-needs-ocr",,,,,main
work,Hwang_2020_geospatial-methods-tree-canopy,01a0a4a0-14de-7a1b-bddc-3bc9a16c9c2d,,,,,not-attempted,,"never ran: open_access, annas, scihub",,,,,main
work,Iizuka_2024_frequency-based-optimal-style,01a0a4ae-1361-78a7-839a-4050b24eb876,,,,,not-attempted,,"never ran: open_access, annas, scihub",,,,,main
work,Islam_2026_high-resolution-multi-temporal,01a0a4b9-3a26-7fb8-aeae-8dde1519d463,,,,,not-attempted,,"never ran: open_access, annas, scihub",,,,,main
work,Israel_2001_finding-generators-markov-chains,01a0a4d5-9aa1-758b-932a-c961ac960e82,,,,,extracted,full,"1 file(s), all extracted",,,,,main
work,Itkin_2026_quickest-detection-hallucination-onset,01a0a873-1c5d-74cf-8908-f7f3665d3806,,,,,extracted,full,"1 file(s), all extracted",,,,,main
work,Jackson_2001_hidden-markov-models-onset,01a0a4d6-65c0-7d81-9500-b540d0b8fdd1,,,,,extracted,full,"1 file(s), all extracted",,,,,main
work,Jackson_2011_multi-state-models-panel,01a0a4d6-5dd5-7e2b-8f94-32ccd1e8a7ce,,,,,extracted,full,"1 file(s), all extracted",,,,,main
work,Jaffe_2014_estimating-accuracies-multiple-classifiers,01a0a862-3fae-7012-8cc2-ef2795d6e559,,,,,extracted,full,"1 file(s), all extracted",,,,,main
work,Ji_2025_reliable-land-cover-mapping,01a0a4a2-c8ec-75d4-98ba-2df683e24cf4,,,,,not-attempted,,"never ran: open_access, annas, scihub",,,,,main
work,Kaiser_2012_goodness-fit-tests-class,01a0a4d5-c97a-7e71-b3e5-322862be7ef5,,,,,extracted,full,"1 file(s), all extracted",,,,,main
work,Kaiser_2017_learning-aerial-image-segmentation,01a0a4d0-db73-72ce-b246-2e548fa4de6b,,,,,extracted,full,"1 file(s), all extracted",,,,,main
work,Kalbfleisch_1985_analysis-panel-data-markov,01a0a151-8aca-7d4a-a9c8-9bf3f77631c1,,,,,extracted,full,"1 file(s), all extracted",,,,,main
work,Kalinicheva_2025_super-resolved-canopy-height,01a0a4ba-08c4-7ab4-8005-552d91bc133c,,,,,,,1 files; one or more unclassified,,,,,main
work,Kats_2019_soft-labeling-distilling-anatomical,01a0a4d4-4b0a-7b2f-a5b2-73cfa2fe2558,,,,,extracted,full,"1 file(s), all extracted",,,,,main
work,Kats_2019_soft-staple-algorithm-combined,01a0a865-18e9-7b8a-9e9d-949739a51508,,,,,no-file-any-route,,"attempts: annas:not-in-archive, browser:manual-step, open_access:no-oa-copy, scihub:blocked, scihub:blocked",,,,,main
work,Ke_2011_review-methods-automatic-individual,01a0a496-3ac8-7d7b-b0f8-654fef195d1b,,,,,not-attempted,,"never ran: open_access, annas, scihub",,,,,main
work,Keddie_2023_estimating-sensitivity-specificity-diagnostic,01a0a4af-b36c-78d0-b89d-a712deaf943c,,,,,not-attempted,,"never ran: open_access, annas, scihub",,,,,main
work,Kelejian_2007_hac-estimation-spatial-framework,01a0a4d5-e115-734a-b78f-8c94f0a3acb2,,,,,extracted,full,"1 file(s), all extracted",,,,,main
work,Kennedy_2010_detecting-trends-forest-disturbance,01a0c721-6c44-76d4-a754-15d818351805,,,,,,,1 files; one or more unclassified,,,,,main
work,Khan_2025_deeptrees-tree-crown-segmentation,01a0a868-62ba-75a2-9896-32b31d6d7cea,,,,,extracted,full,"1 file(s), all extracted",,,,,main
work,Khoee_2024_domain-generalization-through-meta,01a0a4af-3805-7f81-a714-e3012190e3a1,,,,,not-attempted,,"never ran: open_access, annas, scihub",,,,,main
work,King_2013_comparison-three-methods-measuring,01a0a4be-be7f-791c-b1fe-314cc841807b,,,,,not-attempted,,"never ran: open_access, annas, scihub",,,,,main
work,Kingman_1962_imbedding-problem-finite-markov,01a0a151-7ada-7ff3-8276-bb8afac645e9,,,,,not-attempted,,never ran: scihub,,,,,main
work,Kokubu_2020_mapping-seasonal-tree-canopy,01a0a4ae-2286-75c4-a9f2-b914b909b9c9,,,,,not-attempted,,"never ran: open_access, annas, scihub",,,,,main
work,Kolmogorov_2004_what-energy-functions-can,01a0a4db-5529-735a-8ff8-9709daa3d106,,,,,extracted,full,"1 file(s), all extracted",,,,,main
work,Kolmogorov_2005_what-metrics-can-approximated,01a0a4c5-5cea-7b7d-9484-8e98ed90e30e,,,,,extracted,full,"1 file(s), all extracted",,,,,main
work,Konda_2016_magellan-work,01a0a7c2-30cc-7607-a722-c1045b4ce23b,,,,,not-attempted,,never ran: scihub,,,,,main
work,Kopcke_2010_evaluation-entity-resolution-approaches,01a0a7c2-2a79-72d6-a3e5-270da26aec7f,,,,,not-attempted,,never ran: scihub,,,,,main
work,Kostrzewa_2025_convolutional-neural-networks-land,01a0a4b6-310d-7048-ac6f-bbdfe353384e,,,,,not-attempted,,"never ran: open_access, annas, scihub",,,,,main
work,Kou_2020_progressive-domain-adaptation-change,01a0a4ae-2ac7-7a31-97ca-b8f27f9532f4,,,,,not-attempted,,"never ran: open_access, annas, scihub",,,,,main
work,Krahenbuhl_2011_efficient-inference-fully-connected,01a0a4bf-f179-70a5-8fe1-d592e215fd37,,,,,,,1 files; one or more unclassified,,,,,main
work,Krahenbuhl_2013_parameter-learning-convergent-inference,01a0a4e2-23c6-79d6-a492-b224a71230f0,,,,,,,1 files; one or more unclassified,,,,,main
work,Kropp_2024_historical-changes-tree-impervious,01a0c720-878a-75d7-b346-2766504c81e9,,,,,no-file-any-route,,"attempts: annas:not-in-archive, browser:manual-step, open_access:no-oa-copy, scihub:blocked",,,,,main
work,Kumar_2019_verified-uncertainty-calibration,01a0a85b-b499-7622-aad3-61c97a21695c,,,,,,,1 files; one or more unclassified,,,,,main
work,Kwong_2020_tree-height-mapping-crown,01a0a49f-cf55-7f66-9b96-6518630e5e15,,,,,not-attempted,,"never ran: open_access, annas, scihub",,,,,main
work,Lahiri_2003_resampling-methods-spatial-data,01a0a4db-8364-71a6-89dd-42112b8d713b,,,,,not-attempted,,"never ran: open_access, annas, scihub",,,,,main
work,Lahiri_2006_resampling-methods-spatial-regression,01a0a4d5-d908-7093-b05b-c51a75e207b2,,,,,extracted,full,"1 file(s), all extracted",,,,,main
work,Lala_2023_paperqa-retrieval-augmented-generative,01a0adcc-83e4-7a1c-933b-0698acd6d0a1,,,,,not-attempted,,"never ran: open_access, annas, scihub",,,,,main
work,Lang_2023_high-resolution-canopy-height,01a0a4ba-fd08-7fce-be7b-8895e60f7cc2,,,,,not-attempted,,"never ran: open_access, annas, scihub",,,,,main
work,Lasko_2026_winter-tree-terrain-shadow,01a0a4ae-328f-7067-870b-615130ecfa0b,,,,,not-attempted,,"never ran: open_access, annas, scihub",,,,,main
work,Laurance_1998_rain-forest-fragmentation-dynamics,01a0a4d1-59f9-75e2-bfe3-798cebd870e6,,,,,extracted,full,"1 file(s), all extracted",,,,,main
work,Laurance_2011_fate-amazonian-forest-fragments,01a0a4d1-1319-74dc-97c5-1b27b5e21fe5,,,,,extracted,full,"1 file(s), all extracted",,,,,main
work,Lee_2014_deeply-supervised-nets,01a0a4bd-3edb-7492-b011-c22df45735ec,,,,,extracted,full,"1 file(s), all extracted",,,,,main
work,LeFolgoc_2017_quantifying-registration-uncertainty-sparse,01a0a4d0-e377-7150-b1e9-1439af23dbbe,,,,,extracted,full,"1 file(s), all extracted",,,,,main
work,Leung_1997_point-polygon-analysis-certainty,01a0a4d1-6208-7994-91e2-af4a46020eb5,,,,,extracted,full,"1 file(s), all extracted",,,,,main
work,Leung_1998_locational-error-model-spatial,01a0a4d2-0612-70ae-a230-5dd6ff056274,,,,,extracted,full,"1 file(s), all extracted",,,,,main
work,Leung_2004_general-framework-error-analysis,01a0a4d1-a86a-7099-82fe-2861c19ef7bb,,,,,extracted,full,"1 file(s), all extracted",,,,,main
work,Leung_2004a_general-framework-error-analysis,01a0a4d1-b069-7b7b-b68a-782d3c09b5d0,,,,,extracted,full,"1 file(s), all extracted",,,,,main
work,Li_2018_adaptive-batch-normalization-practical,01a0a4ad-ebe8-7be3-928f-da9b3b78c731,,,,,not-attempted,,"never ran: open_access, annas, scihub",,,,,main
work,Li_2019_improving-lidar-classification-accuracy,01a0a4be-97a4-74b2-bbd3-b01fd2e05347,,,,,not-attempted,,"never ran: open_access, annas, scihub",,,,,main
work,Li_2022_identification-undocumented-buildings-cadastral,01a0c71a-5e16-7b79-90b7-aa3eb519bbb1,,,,,no-file-any-route,,"attempts: annas:not-in-archive, browser:manual-step, open_access:blocked, scihub:blocked",,,,,main
work,Li_2025_adapting-cross-sensor-high,01a0a4ad-e4b7-76ee-b385-b9525f5f1335,,,,,not-attempted,,"never ran: open_access, annas, scihub",,,,,main
work,Li_2025_post-processing-optimization-global,01a0a4be-ddfd-77e3-9522-70e02845069d,,,,,not-attempted,,"never ran: open_access, annas, scihub",,,,,main
work,Li_2026_alcc-temporally-consistent-annual,01a0a4db-0ebc-7c8f-b10e-a77ee2d02535,,,,,not-attempted,,"never ran: open_access, annas, scihub",,,,,main
work,Liang_2024_single-domain-generalization-method,01a0a4ad-fc80-7a9b-8d1f-df6a5a670b2f,,,,,not-attempted,,"never ran: open_access, annas, scihub",,,,,main
work,Likowski_2022_misconv-convolutional-neural-networks,01a0a4c2-f143-7115-bdbe-6e2835809143,,,,,not-attempted,,"never ran: open_access, annas, scihub",,,,,main
work,Linacre_2022_splink-free-software-probabilistic,01a0a7c2-5947-71dc-a8d6-714a2216fb4e,,,,,extracted,full,"1 file(s), all extracted",,,,,main
work,Liu_2008_local-transition-probability-models,01a0a4d5-f871-77e3-9372-fe9f527bb291,,,,,extracted,full,"1 file(s), all extracted",,,,,main
work,Liu_2009_effects-different-classification-models,01a0a49f-9fda-7061-b788-5138f3562136,,,,,not-attempted,,"never ran: open_access, annas, scihub",,,,,main
work,Liu_2012_spatial-temporal-modeling-approach,01a0a4d6-3ebf-7afd-862a-87e20373d874,,,,,extracted,full,"1 file(s), all extracted",,,,,main
work,Liu_2018_image-inpainting-irregular-holes,01a0a4c2-cfbb-7f81-951e-cff7d85ad23d,,,,,not-attempted,,"never ran: open_access, annas, scihub",,,,,main
work,Liu_2019_misregistration-tolerant-change-detection,01a0c71c-a172-7005-89c4-a25aae67b3a0,,,,,,,1 files; one or more unclassified,,,,,main
work,Liu_2021_change-detection-deep-learning,01a0c71d-1a30-764e-8139-7aa08c696f78,,,,,,,1 files; one or more unclassified,,,,,main
work,Liu_2021_spatial-temporal-hidden-markov,01a0a4b7-ca0c-74fe-b52e-0cea984ffb66,,,,,extracted,full,"1 file(s), all extracted",,,,,main
work,Liu_2023_very-high-resolution-images,01a0a4b5-fe6a-7186-b224-33049f0fd1a1,,,,,not-attempted,,"never ran: open_access, annas, scihub",,,,,main
work,Liu_2024_task-specific-pretraining-noisy,01a0a86c-bb2d-77a1-af58-9206340b10ff,,,,,extracted,full,"1 file(s), all extracted",,,,,main
work,Liu_2026_geoai-machine-learning-tools,01a0a4a0-1d1c-772d-a70e-fad2bb554300,,,,,not-attempted,,"never ran: open_access, annas, scihub",,,,,main
work,Locke_2025_sub-parcel-scale-analysis,01a0a4db-8cb8-7cc6-95d1-4a5317fe14ab,,,,,extracted,full,"1 file(s), all extracted",,,,,main
work,LopezPaz_2016_unifying-distillation-privileged-information,01a0a4bb-f27e-7150-bb77-dd95385d6900,,,,,,,1 files; one or more unclassified,,,,,main
work,LPVSubgroup_2025_land-cover-change-accuracy-protocol,01a0c72c-42bd-7c3d-b93e-7c6ace8ff514,,,,,no-file-any-route,,"attempts: annas:not-in-archive, browser:duplicate-held, browser:manual-step, open_access:no-oa-copy, scihub:blocked",,,,,main
work,Lu_1999_control-charts-monitoring-mean,01a0a4da-f6f2-7fb2-8d4d-5537663fd515,,,,,extracted,full,"1 file(s), all extracted",,,,,main
work,Lu_2001_cusum-charts-monitoring-autocorrelated,01a0a4d6-c32a-761c-a031-32913284c9f6,,,,,extracted,full,"1 file(s), all extracted",,,,,main
work,Lu_2024_optimization-model-selection-domain,01a0c717-6674-732a-8066-1424b54bed25,,,,,no-file-any-route,,"attempts: annas:not-in-archive, browser:manual-step, open_access:no-oa-copy, scihub:blocked",,,,,main
work,Lu_2026_conformal-prediction-sets-instance,01a0a4a6-bfa7-7f68-9b22-73b74f3e8131,,,,,not-attempted,,"never ran: open_access, annas, scihub",,,,,main
work,Lucas_1982_fast-initial-response-cusum,01a0a151-8300-7466-ba37-a45c18b17862,,,,,extracted,full,"1 file(s), all extracted",,,,,main
work,Luo_2025_domain-generalization-semantic-segmentation,01a0a4a0-2514-7e83-a594-a834eaaa87fc,,,,,not-attempted,,"never ran: open_access, annas, scihub",,,,,main
work,Ma_2021_multi-task-deep-supervision,01a0a4bd-44c6-7016-8635-c68ce16c6a5b,,,,,not-attempted,,"never ran: open_access, annas, scihub",,,,,main
work,MacFaden_2012_high-resolution-tree-canopy,01a0a4be-658e-71ef-85a5-85b3d1311264,,,,,extracted,full,"1 file(s), all extracted",,,,,main
work,Maclaurin_2016_temporal-replication-national-land,01a0a4db-25a9-74e0-ac4b-9d9d50073909,,,,,not-attempted,,"never ran: open_access, annas, scihub",,,,,main
work,Madani_2026_morphing-through-time-diffusion,01a0a86b-0f85-7e57-8cd0-534eb8777f94,,,,,extracted,full,"1 file(s), all extracted",,,,,main
work,Mahoney_2023_assessing-performance-spatial-cross,01a0a078-c9f6-70bc-9116-f57f70ffd61d,,,,,extracted,full,"1 file(s), all extracted",,,,,main
work,MaiaPolo_2022_effective-sample-size-dimensionality,01a0a4a8-347f-7d77-92e2-01946f7b5e1c,,,,,not-attempted,,"never ran: open_access, annas, scihub",,,,,main
work,Maiti_2022_effect-label-noise-semantic,01a0c261-a50b-7541-aec3-4f8a09da2724,,,,,extracted,grobid-only,"1 file(s), all extracted",,,,,main
work,Majasalmi_2021_representation-tree-cover-global,01a0a49f-6184-79ac-a368-4fb0b394090d,,,,,not-attempted,,"never ran: open_access, annas, scihub",,,,,main
work,Mandilaras_2021_reproducible-experiments-three-dimensional,01a0a7c2-89ab-7904-ab62-48bfb9d895bb,,,,,extracted,full,"1 file(s), all extracted",,,,,main
work,Maragos_1989_pattern-spectrum-multiscale-shape,01a0a151-a9ba-7580-b64f-abbac7c11662,,,,,not-attempted,,never ran: scihub,,,,,main
work,Marsan_2008_extending-earthquakes-reach-through,01a0a863-261f-7a26-b4cd-7fd322bee98b,,,,,extracted,full,"1 file(s), all extracted",,,,,main
work,Martinis_2010_hierarchical-spatio-temporal-markov,01a0a4b7-d0bb-7989-b91b-a2fe5f8c878f,,,,,not-attempted,,"never ran: open_access, annas, scihub",,,,,main
work,Mas_2017_land-use-land-cover,01a0a4b0-ee13-79e2-bf0c-9626827e8cd1,,,,,not-attempted,,"never ran: open_access, annas, scihub",,,,,main
work,Massari_2023_opencitations-meta,01a0a7c1-93dd-730e-b2c1-c116f7d4122b,,,,,extracted,full,"1 file(s), all extracted",,,,,main
work,Mboga_2020_fully-convolutional-networks-land,01a0a4b6-2211-795c-9d41-ce70dbe76aab,,,,,not-attempted,,"never ran: open_access, annas, scihub",,,,,main
work,McCombs_2016_accuracy-assessment-noaa-coastal,01a0a49f-3a64-7936-bec0-96c8c9bd4f9b,,,,,not-attempted,,"never ran: open_access, annas, scihub",,,,,main
work,McRoberts_2018_effects-imperfect-reference-data,01a0a06e-a563-7f01-9b92-8c522b92743b,,,,,extracted,full,"1 file(s), all extracted",,,,,main
work,Mei_2010_efficient-scalable-schemes-monitoring,01a0a863-7178-7ec0-8851-1953e2afe838,,,,,extracted,full,"1 file(s), all extracted",,,,,main
work,Melgani_2003_markov-random-field-approach,01a0a4d6-4e92-7929-a498-37bdffb62453,,,,,extracted,full,"1 file(s), all extracted",,,,,main
work,Merry_2014_urban-tree-cover-change,01a0a49e-ccf3-7787-b55b-cc808503d0cd,,,,,not-attempted,,"never ran: open_access, annas, scihub",,,,,main
work,Mesquita_1999_effect-surrounding-vegetation-edge,01a0a4d1-3a1f-7b0e-8631-e897b4326554,,,,,extracted,full,"1 file(s), all extracted",,,,,main
work,Meuschke_2023_benchmark-pdf-information-extraction,01a0add7-1688-78e4-8d6b-dbb115312eb4,,,,,extracted,full,"1 file(s), all extracted",,,,,main
work,Meyer_2008_verification-color-vegetation-indices,01a0a49d-8596-77fb-9d2a-1d920031e82a,,,,,not-attempted,,"never ran: open_access, annas, scihub",,,,,main
work,Miller_2013_determining-occurrence-dynamics-when,01a0a4b7-706a-78c2-8352-40d9b9a149df,,,,,not-attempted,,"never ran: open_access, annas, scihub",,,,,main
work,Mishra_2022_effect-inspection-error-cusum,01a0a4c1-8743-74fc-bf5a-68132e47a9e0,,,,,not-attempted,,"never ran: open_access, annas, scihub",,,,,main
work,Mobsite_2026_enhancing-land-cover-semantic,01a0a4bd-4c66-7df1-9f1d-394111690bd1,,,,,not-attempted,,"never ran: open_access, annas, scihub",,,,,main
work,Moghimi_2022_automatic-relative-radiometric-normalization,01a0a496-2338-7b02-825a-5e4caaf977b5,,,,,not-attempted,,"never ran: open_access, annas, scihub",,,,,main
work,Montgomery_1991_some-statistical-process-control,01a0a4da-ef60-72fb-ab68-09b4defc70d4,,,,,extracted,full,"1 file(s), all extracted",,,,,main
work,Moraes_2024_training-data-satellite-image,01a0a49f-a793-712c-ae56-571f406c032c,,,,,not-attempted,,"never ran: open_access, annas, scihub",,,,,main
work,Morgan_2024_deep-learning-urban-tree,01a0c716-f0db-78b6-9d71-3c1674d7ba3e,,,,,no-file-any-route,,"attempts: annas:not-in-archive, browser:manual-step, open_access:blocked, scihub:blocked",,,,,main
work,Morgenroth_2017_redevelopment-urban-forest-study,01a0a4d1-dff5-79a3-8461-da3201a2d44a,,,,,extracted,full,"1 file(s), all extracted",,,,,main
work,Mossina_2025_conformal-prediction-image-segmentation,01a0a4a5-a741-7d99-be9b-1cb38b109bc2,,,,,not-attempted,,"never ran: open_access, annas, scihub",,,,,main
work,Motohka_2010_applicability-green-red-vegetation,01a0a49c-4b41-7d9b-b379-a3908f926e40,,,,,not-attempted,,"never ran: open_access, annas, scihub",,,,,main
work,Moudry_2024_comparison-three-global-canopy,01a0a49f-711f-7340-8cb7-ec6b91723489,,,,,not-attempted,,"never ran: open_access, annas, scihub",,,,,main
work,Mousavi_2009_cusum-chart-monitoring-proportion,01a0a4da-d817-77af-87f8-47ec36eccfb8,,,,,extracted,full,"1 file(s), all extracted",,,,,main
work,Murakami_2025_comparative-global-assessment-optimization,01a0a4b7-e252-7863-ad86-e79a6c48c6b5,,,,,extracted,full,"1 file(s), all extracted",,,,,main
work,Niu_2023_stable-test-time-adaptation,01a0a858-0718-7051-9da5-b9cfeafd2aa0,,,,,extracted,full,"1 file(s), all extracted",,,,,main
work,Nordman_2004_optimal-spatial-subsample-size,01a0a4d5-d104-76f6-8642-5f3a5e97bc9f,,,,,extracted,full,"1 file(s), all extracted",,,,,main
work,Nowak_2012_tree-impervious-cover-change,01a0a4be-6cf4-7adf-8a54-61a8579995a7,,,,,extracted,full,"1 file(s), all extracted",,,,,main
work,Nowak_2018_declining-urban-community-tree,01a0a855-dd9a-77b0-92b8-6dbec9c4bb4a,,,,,extracted,full,"1 file(s), all extracted",,,,,main
work,Ock_2024_drivers-tree-canopy-loss,01a0a4c6-fab1-775d-88af-47a2800571d8,,,,,extracted,full,"1 file(s), all extracted",,,,,main
work,Ogata_1988_statistical-models-earthquake-occurrences,01a0a151-6f72-79af-8490-be4a9f9bebcb,,,,,extracted,full,"1 file(s), all extracted",,,,,main
work,Ogata_1998_space-time-point-process,01a0a861-9980-7834-a9d8-d77e1d60a2f1,,,,,scan-needs-ocr,,"1 file(s), all scan-needs-ocr",,,,,main
work,Okkaoglu_2024_detecting-departures-conditional-independence,01a0a4af-b988-7cc5-8fc2-6227aa30f8d1,,,,,not-attempted,,"never ran: open_access, annas, scihub",,,,,main
work,Olofsson_2013_making-better-use-accuracy,01a0a49f-04b1-7a2f-b9f3-c762f9a61145,,,,,extracted,full,"1 file(s), all extracted",,,,,main
work,Olofsson_2014_good-practices-estimating-area,01a0a49e-fbde-79ee-8d49-466983e616dc,,,,,not-attempted,,"never ran: open_access, annas, scihub",,,,,main
work,Olofsson_2020_mitigating-effects-omission-errors,01a0a070-31dc-7002-8355-75cc6a959892,,,,,extracted,full,"1 file(s), all extracted",,,,,main
work,ONeilDunne_2014_versatile-production-oriented-approach,01a0a4be-7577-7d6f-a3ef-bd39ca3fb69b,,,,,extracted,full,"1 file(s), all extracted",,,,,main
work,Ortega_2024_indexation-retracted-literature-seven,01a0a7c1-cbcc-78cf-8e0e-d373d8a6bad7,,,,,extracted,full,"1 file(s), all extracted",,,,,main
work,Ossola_2018_measuring-urban-tree-loss,01a0a4b9-1b0d-7420-8fc0-e33b468d4a8c,,,,,not-attempted,,"never ran: open_access, annas, scihub",,,,,main
work,Ouyang_2024_omnidocbench-benchmarking-diverse-pdf,01a0add7-9bce-7b02-ab5a-90df5e0a2194,,,,,extracted,full,"1 file(s), all extracted",,,,,main
work,Page_1954_continuous-inspection-schemes,01a0a151-f270-71e6-93fc-7cb94809847d,,,,,extracted,full,"1 file(s), all extracted",,,,,main
work,Papadakis_2020_domain-structure-agnostic-end,01a0a7c2-389e-7014-a606-0519dc9328e7,,,,,extracted,full,"1 file(s), all extracted",,,,,main
work,Papadopoulos_2024_decision-fusion-pixel-level,01a0a4be-a0de-7877-b2fa-29967266842c,,,,,extracted,full,"1 file(s), all extracted",,,,,main
work,Parisi_2014_ranking-combining-multiple-predictors,01a0a863-bade-7e91-8d81-0d490f1433c3,,,,,extracted,full,"1 file(s), all extracted",,,,,main
work,Parisot_2013_uncertainty-driven-efficiently-sampled,01a0a4d0-eb5e-756d-be3a-6d56e3d5c8ab,,,,,extracted,full,"1 file(s), all extracted",,,,,main
work,Parmehr_2016_estimation-urban-tree-canopy,01a0a4a0-0d93-7906-8821-63fb6961631d,,,,,not-attempted,,"never ran: open_access, annas, scihub",,,,,main
work,Pasquarella_2022_demystifying-landtrendr-ccdc-temporal,01a0a4b7-e8a3-79db-9125-9b45e6e3dfe3,,,,,not-attempted,,"never ran: open_access, annas, scihub",,,,,main
work,Pauls_2025_capturing-temporal-dynamics-large,01a0a4bc-e0a9-7bf3-b7f7-a6f4b5202399,,,,,,,1 files; one or more unclassified,,,,,main
work,Pearse_2021_deep-learning-phenology-enhance,01a0a4db-358c-76ed-8b9b-8c19dffb3cc2,,,,,not-attempted,,"never ran: open_access, annas, scihub",,,,,main
work,Pedley_2025_detecting-measuring-fine-scale,01a0a496-1382-7d07-9405-423dc8313325,,,,,not-attempted,,"never ran: open_access, annas, scihub",,,,,main
work,Pedley_2025_green-vs-growth-effect,01a0a4b9-2295-75c4-8853-47c914291d7a,,,,,not-attempted,,"never ran: open_access, annas, scihub",,,,,main
work,Peng_2025_human-annotated-label-noise,01a0a49f-afa4-76f7-b693-3c277a2afcf0,,,,,not-attempted,,"never ran: open_access, annas, scihub",,,,,main
work,Peng_2025_label-efficient-deep-learning,01a0a4b3-d8ec-70b4-99c7-4d9a7562a500,,,,,not-attempted,,"never ran: open_access, annas, scihub",,,,,main
work,Pengra_2020_quality-control-assessment-interpreter,01a0a06e-a098-77ed-94ab-8a4e51bf8667,,,,,extracted,full,"1 file(s), all extracted",,,,,main
work,Perantoni_2024_bayesian-modelling-multi-year,01a0a4b7-8291-7bb7-8668-a34879f706ac,,,,,not-attempted,,"never ran: open_access, annas, scihub",,,,,main
work,Persson_2022_quantify-account-field-reference,01a0a4af-c93b-7b04-a15e-476fdd8124d5,,,,,not-attempted,,"never ran: open_access, annas, scihub",,,,,main
work,Pesonen_2026_learning-image-based-tree,01a0a4b1-e03c-7b8c-a45e-e25e3270fc4d,,,,,,,1 files; one or more unclassified,,,,,main
work,Pfitzmann_2022_doclaynet-large-human-annotated,01a0adc7-eab1-75c0-ad81-ba8a9569a467,,,,,no-file-any-route,,"attempts: annas:bad-file, annas:bad-file, annas:bad-file, browser:manual-step, open_access:blocked, open_access:blocked, open_access:blocked, scihub:blocked, scihub:blocked, scihub:blocked",,,,,main
work,Pillow_2008_spatio-temporal-correlations-visual,01a0a4d6-b45d-7e86-8e01-12f1b5854c4c,,,,,extracted,full,"1 file(s), all extracted",,,,,main
work,Pires_2020_interval-censored-data-misclassification,01a0a4b3-8988-73a3-94d7-f5ce7e469480,,,,,not-attempted,,"never ran: open_access, annas, scihub",,,,,main
work,Platanios_2014_estimating-accuracy-unlabeled-data,01a0a4d7-e8c6-7515-b61b-a64edfa4796f,,,,,,,1 files; one or more unclassified,,,,,main
work,Platanios_2016_estimating-accuracy-unlabeled-data,01a0a4d8-d630-7fc3-ae55-03ec5e3b4cdd,,,,,,,1 files; one or more unclassified,,,,,main
work,Ploton_2020_spatial-validation-reveals-poor,01a0a070-2df8-7721-88bc-d210455652f1,,,,,extracted,full,"1 file(s), all extracted",,,,,main
work,Polunchenko_2011_state-art-sequential-change,01a0a4b7-f011-7149-a539-41a23f7c0505,,,,,not-attempted,,"never ran: open_access, annas, scihub",,,,,main
work,Pontius_2011_death-kappa-birth-quantity,01a0a49f-3241-72c6-b184-9186b43f7c4f,,,,,not-attempted,,"never ran: open_access, annas, scihub",,,,,main
work,Pontius_2017_methods-summarize-change-among,01a0a4b3-c823-76ee-b92d-77f935e0a7ef,,,,,not-attempted,,"never ran: open_access, annas, scihub",,,,,main
work,Priem_2022_openalex-fully-open-index,01a0a7c1-8b8a-756b-9166-3cf41e776f0e,,,,,extracted,full,"1 file(s), all extracted",,,,,main
work,Psarakis_2007_spc-procedures-monitoring-autocorrelated,01a0a4d6-cb5e-7d75-9b49-4aa2984900fc,,,,,extracted,full,"1 file(s), all extracted",,,,,main
work,Qin_2025_spatiotemporal-masked-pre-training,01a0a4ad-bb10-7b1f-b1d1-3fb095f8774e,,,,,not-attempted,,"never ran: open_access, annas, scihub",,,,,main
work,Radke_2003_demonstration-interval-censored-survival,01a0a4b3-7a31-74e7-b2ec-fa4220d4f89c,,,,,not-attempted,,"never ran: open_access, annas, scihub",,,,,main
work,Radoux_2020_about-pitfall-erroneous-validation,01a0a4af-c195-7be0-90f7-fcaa4ad06944,,,,,extracted,full,"1 file(s), all extracted",,,,,main
work,Radoux_2020_how-response-designs-class,01a0a49f-2bc3-78c7-9011-499305a261ae,,,,,extracted,full,"1 file(s), all extracted",,,,,main
work,Rafi_2024_domain-generalization-semantic-segmentation,01a0a4ae-1cbf-743d-91b2-0e023945665f,,,,,not-attempted,,"never ran: open_access, annas, scihub",,,,,main
work,Ramani_2008_monte-carlo-sure-black,01a0a4c1-9682-76a7-81a1-853258f02138,,,,,not-attempted,,"never ran: open_access, annas, scihub",,,,,main
work,Ranabhat_2026_promoting-shape-bias-cnns,01a0a4b7-58b5-7649-aff8-e41f3af3d669,,,,,not-attempted,,"never ran: open_access, annas, scihub",,,,,main
work,Ratner_2017_snorkel-work,01a0a864-4ef8-78fe-950b-775981d910fd,,,,,extracted,full,"1 file(s), all extracted",,,,,main
work,Raykar_2010_learning-crowds,01a0a4da-bb01-7b6c-a5a6-230f90ed3749,,,,,,,1 files; one or more unclassified,,,,,main
work,Reiche_2015_bayesian-approach-combine-landsat,01a0a4b7-f951-7143-9e01-41cb3a1594e4,,,,,extracted,full,"1 file(s), all extracted",,,,,main
work,Reiche_2021_forest-disturbance-alerts-congo,01a0a4b8-000b-7d4e-98cd-d685d4323790,,,,,extracted,full,"1 file(s), all extracted",,,,,main
work,Reilly_2023_characterizing-post-fire-delayed,01a0a4d1-030e-733f-b955-dbff0cb00f0f,,,,,extracted,full,"1 file(s), all extracted",,,,,main
work,Reinhart_2018_review-self-exciting-spatio,01a0a4d4-8b00-7819-8586-dc3a3ae72ca2,,,,,extracted,full,"1 file(s), all extracted",,,,,main
work,Reis_2020_avoiding-invalid-transitions-land,01a0a4be-e69a-74f5-aa21-d51ef879bf2b,,,,,extracted,full,"1 file(s), all extracted",,,,,main
work,Reis_2024_assessing-interpreter-s-disagreements,01a0a4a0-0587-7be5-bda3-a3c1e25b7620,,,,,not-attempted,,"never ran: open_access, annas, scihub",,,,,main
work,Reynolds_1999_cusum-chart-monitoring-proportion,01a0a4d6-079f-72c8-932b-a4e0d0602266,,,,,extracted,full,"1 file(s), all extracted",,,,,main
work,Reynolds_2000_general-approach-modeling-cusum,01a0a4d5-b9b9-7a3a-883d-46a8038b45ba,,,,,extracted,full,"1 file(s), all extracted",,,,,main
work,Richardson_2014_uncertainty-urban-forest-canopy,01a0a4b0-c66c-7c07-a8e9-5d837e5e82ca,,,,,not-attempted,,"never ran: open_access, annas, scihub",,,,,main
work,Risholm_2011_probabilistic-non-rigid-registration,01a0a4d0-f2e6-72f1-b2fd-056d98a5bf95,,,,,extracted,full,"1 file(s), all extracted",,,,,main
work,Riva_2017_ifla-library-reference-model,01a0a7c4-9f1b-7834-acf5-3e6cac1f390a,,,,,,,1 files; one or more unclassified,,,,,main
work,Ro_2020_autolr-layer-wise-pruning,01a0a49b-f346-7047-8188-53d1d0218d18,,,,,not-attempted,,"never ran: open_access, annas, scihub",,,,,main
work,Roberts_2017_cross-validation-strategies-data,01a0a49e-9eb4-7aff-89eb-312dc1c672d0,,,,,extracted,full,"1 file(s), all extracted",,,,,main
work,Rodman_2021_disturbance-detection-landsat-time,01a0a4b8-07ee-7b5c-aefa-6fcd9151c4c3,,,,,not-attempted,,"never ran: open_access, annas, scihub",,,,,main
work,Roman_2017_growing-canopy-college-campus,01a0a49e-d520-7550-9360-69eafea3ca61,,,,,not-attempted,,"never ran: open_access, annas, scihub",,,,,main
work,Roman_2022_construction-proactive-management-led,01a0a4c6-f294-73bf-84a5-d7bb5a65b3a9,,,,,extracted,full,"1 file(s), all extracted",,,,,main
work,Rosa_2013_predictive-modelling-contagious-deforestation,01a0a4b9-2a77-74c7-8376-a0b949192e91,,,,,not-attempted,,"never ran: open_access, annas, scihub",,,,,main
work,Ross_2012_sequential-monitoring-bernoulli-sequence,01a0a4bf-f6a8-7546-8777-0457e345fcee,,,,,not-attempted,,"never ran: open_access, annas, scihub",,,,,main
work,Rosychuk_2003_bias-correction-two-state,01a0a4d6-7526-7489-8367-f7dd42473d0b,,,,,extracted,full,"1 file(s), all extracted",,,,,main
work,Ryadi_2023_relaxation-based-radiometric-normalization,01a0a4b6-4104-7548-9fc9-b1ff30c702af,,,,,not-attempted,,"never ran: open_access, annas, scihub",,,,,main
work,Salas_2003_perimeter-area-ratio-index,01a0a4d1-8147-71f6-a305-3483d82febd0,,,,,extracted,full,"1 file(s), all extracted",,,,,main
work,SalisDerisArtikanur_2026_evaluating-accuracy-temporal,01a0a4db-1634-7191-86f9-ef801eec7e08,,,,,not-attempted,,"never ran: open_access, annas, scihub",,,,,main
work,Sapkota_2024_integrating-yolo11-convolution-block,01a0c105-9c5d-778d-863d-73d8211f7a1d,,,,,not-attempted,,never ran: open_access,,,,,main
work,Satten_1996_markov-chains-measurement-error,01a0a4d6-7d26-710c-b2a1-7bf5c141552c,,,,,extracted,full,"1 file(s), all extracted",,,,,main
work,Schelter_2018_automating-large-scale-data,01a0adcc-a11a-75c8-ba50-e763dc1b26f8,,,,,not-attempted,,"never ran: open_access, annas, scihub",,,,,main
work,Schindler_2024_efficient-tree-mapping-through,01a0c71b-52a4-787a-9c01-0c8eddb602d7,,,,,no-file-any-route,,"attempts: annas:not-in-archive, browser:manual-step, open_access:blocked, scihub:blocked",,,,,main
work,Schwartz_2000_distributed-lag-air-pollution,01a0a4da-fe86-74d3-939e-5e315e1179e5,,,,,not-attempted,,"never ran: open_access, annas, scihub",,,,,main
work,Serov_2026_kernel-mean-matching-enhances,01a0a4aa-1810-73ee-8775-ad29d75b11ae,,,,,not-attempted,,"never ran: open_access, annas, scihub",,,,,main
work,Shen_2026_d-2-ft-net,01a0a4a0-3c1c-79d1-9ff4-cb0a2b3dbc60,,,,,not-attempted,,"never ran: open_access, annas, scihub",,,,,main
work,Shi_1998_generic-statistical-approach-modelling,01a0a4d1-b7d2-728a-9997-e70b930f23e5,,,,,extracted,full,"1 file(s), all extracted",,,,,main
work,Sierra_2026_assessing-impact-lidar-density,01a0a49f-decb-74c2-a65c-16d006f50921,,,,,not-attempted,,"never ran: open_access, annas, scihub",,,,,main
work,Simou_2026_reconstructing-century-urban-growth,01a0a4a0-3471-7129-8d0e-be8e1ba4e82c,,,,,not-attempted,,"never ran: open_access, annas, scihub",,,,,main
work,Singer_1976_representation-social-processes-markov,01a0a151-7f6f-7b87-903d-63db772c9cac,,,,,extracted,full,"1 file(s), all extracted",,,,,main
work,Singh_2024_uncertainty-quantification-probabilistic-machine,01a0a4a3-c926-7847-8318-6f0e8aafbee7,,,,,not-attempted,,"never ran: open_access, annas, scihub",,,,,main
work,Sinop_2007_seeded-image-segmentation-framework,01a0a4db-5cdc-7047-91ee-bb094d4e2961,,,,,extracted,full,"1 file(s), all extracted",,,,,main
work,Sinopoli_2004_kalman-filtering-intermittent-observations,01a0a4c2-dede-73a8-ad95-ec2cd546b9e2,,,,,not-attempted,,"never ran: open_access, annas, scihub",,,,,main
work,Solberg_1996_markov-random-field-model,01a0a4d6-003a-7ad6-abee-3caaab34f318,,,,,extracted,full,"1 file(s), all extracted",,,,,main
work,Song_2026_enhancing-monocular-height-estimation,01a0a4bc-e7b2-7e2d-9d52-5ec4153a3885,,,,,extracted,full,"1 file(s), all extracted",,,,,main
work,Sonnentag_2012_digital-repeat-photography-phenological,01a0a49e-8ec5-7eff-b206-4e0347aa493f,,,,,not-attempted,,"never ran: open_access, annas, scihub",,,,,main
work,Sosa_2025_multimae-meets-earth-observation,01a0c718-ebe7-7f13-b982-064433182068,,,,,no-file-any-route,,"attempts: annas:not-in-archive, browser:manual-step, open_access:no-oa-copy, scihub:blocked",,,,,main
work,Steenberg_2017_influence-building-renovation-rental,01a0a4d1-bf87-728f-aa84-fed075cb13d0,,,,,extracted,full,"1 file(s), all extracted",,,,,main
work,Steenberg_2018_spatio-temporal-analysis-relationship,01a0a4d1-eeb9-784c-a2be-0ae58bf1a9c0,,,,,extracted,full,"1 file(s), all extracted",,,,,main
work,Stehman_1998_design-analysis-thematic-map,01a0a85c-ac3e-786b-b4fc-a9e49fb61a62,,,,,not-attempted,,never ran: scihub,,,,,main
work,Stehman_2012_impact-sample-size-allocation,01a0a4b3-b867-7b59-9e8c-f3eed03e9b3e,,,,,not-attempted,,"never ran: open_access, annas, scihub",,,,,main
work,Stehman_2014_estimating-area-map-accuracy,01a0a49f-12f1-7935-bc6b-f61ad856edaa,,,,,not-attempted,,"never ran: open_access, annas, scihub",,,,,main
work,Stehman_2019_key-issues-rigorous-accuracy,01a0a49f-0d21-7e4f-89c8-425a599c9c33,,,,,extracted,full,"1 file(s), all extracted",,,,,main
work,Stehman_2022_incorporating-interpreter-variability,01a0a079-56e9-7f24-b8ce-de9e4469b64d,,,,,no-file-any-route,,"attempts: annas:not-in-archive, browser:manual-step, open_access:no-oa-copy, scihub:blocked",,,,,main
work,Stehman_2024_choosing-sample-size-allocation,01a0a49f-22fd-775a-b98e-cda869afe144,,,,,not-attempted,,"never ran: open_access, annas, scihub",,,,,main
work,Steiner_2000_monitoring-surgical-performance-risk,01a0a4d6-f227-79ae-a597-f7110bb17a98,,,,,extracted,full,"1 file(s), all extracted",,,,,main
work,Storey_2018_normalizing-shadows-multi-temporal,01a0c718-8eb0-7b9a-9883-7852e6e8465d,,,,,,,1 files; one or more unclassified,,,,,main
work,Stow_1999_reducing-effects-misregistration-pixel,01a0a4d2-0e0a-7bda-bc90-1dc0e78be335,,,,,extracted,full,"1 file(s), all extracted",,,,,main
work,Straka_2025_satdino-deep-dive-self,01a0a858-b3b2-7e4c-9291-966e5a7699aa,,,,,extracted,full,"1 file(s), all extracted",,,,,main
work,Strong_2003_edge-preserving-scale-dependent,01a0a870-1b49-73a3-933c-01b356fbb1d5,,,,,not-attempted,,never ran: scihub,,,,,main
work,Subramanian_2021_s2and-benchmark-evaluation-system,01a0a7c1-b31c-7a82-b5ff-b03ac788dd1d,,,,,extracted,full,"1 file(s), all extracted",,,,,main
work,SullaMenashe_2019_hierarchical-mapping-annual-global,01a0a4b7-8ac8-7631-a3f3-66496b585750,,,,,not-attempted,,"never ran: open_access, annas, scihub",,,,,main
work,Sun_2022_cg-net-conditional-gis,01a0a4be-cf7b-7b10-a848-5b7f53883124,,,,,extracted,full,"1 file(s), all extracted",,,,,main
work,Szczecina_2026_sparse-data-tree-canopy,01a0a86b-c547-7998-bb7a-1c4f15209022,,,,,extracted,full,"1 file(s), all extracted",,,,,main
work,Takada_2009_derivation-yearly-transition-probability,01a0a4d1-a0c7-7b6a-920b-ab0daf0f6894,,,,,extracted,full,"1 file(s), all extracted",,,,,main
work,Tang_2025_weakly-supervised-land-cover,01a0a49f-b758-7cec-8bb2-241f36f3da41,,,,,not-attempted,,"never ran: open_access, annas, scihub",,,,,main
work,Tarko_2020_producing-consistent-visually-interpreted,01a0a49f-fe58-7d1d-b1b1-769e47682e6d,,,,,not-attempted,,"never ran: open_access, annas, scihub",,,,,main
work,Tartakovsky_2008_asymptotically-optimal-quickest-change,01a0a4d6-e2f3-7b2b-89bd-118e9875f10d,,,,,extracted,full,"1 file(s), all extracted",,,,,main
work,Tasar_2020_standardgan-multi-source-domain,01a0a86a-24e8-790a-814c-8251a2806191,,,,,extracted,full,"1 file(s), all extracted",,,,,main
work,Techapinyawat_2024_integrated-urban-land-cover,01a0a4b5-f70a-7cee-8fd2-b26e19713c8a,,,,,not-attempted,,"never ran: open_access, annas, scihub",,,,,main
work,Thakur_2021_beir-heterogenous-benchmark-zero,01a0add7-76b5-7a1d-8fdf-d45494c5fda4,,,,,no-file-any-route,,"attempts: annas:not-in-archive, browser:manual-step, open_access:binding-failed, scihub:blocked",,,,,main
work,Tian_2025_deep-learning-based-individual,01a0a4b6-2947-73eb-b542-8e54de966244,,,,,not-attempted,,"never ran: open_access, annas, scihub",,,,,main
work,Tibshirani_2019_conformal-prediction-covariate-shift,01a0a858-42b2-793f-9161-22da06b62d57,,,,,extracted,full,"1 file(s), all extracted",,,,,main
work,Tkaczyk_2018_machine-learning-vs-rules,01a0a7c1-7499-7236-8321-ea4881fc7bb7,,,,,extracted,full,"1 file(s), all extracted",,,,,main
work,Tkaczyk_2018_matchmaker-matchmaker-make-me,01a0adcc-0d37-7c47-8aee-98d8dd1b792b,,,,,not-attempted,,"never ran: open_access, annas, scihub",,,,,main
work,Tkaczyk_2018_reference-matching-real-this,01a0a7c1-5f45-7e28-af8b-8964f72907f6,,,,,not-attempted,,never ran: scihub,,,,,main
work,Tkaczyk_2024_how-good-your-matching,01a0a7c1-662e-7e5c-9b57-7d44c578c59f,,,,,not-attempted,,never ran: scihub,,,,,main
work,Tkaczyk_2025_metadata-matching-beyond-correctness,01a0a7c1-6d4d-707b-9dc6-9d1ebf2b6e43,,,,,not-attempted,,never ran: scihub,,,,,main
work,Tolan_2024_very-high-resolution-canopy,01a0a4bc-edc9-72ca-8098-d56d5da38259,,,,,not-attempted,,"never ran: open_access, annas, scihub",,,,,main
work,Torres_2021_deforestation-detection-fully-convolutional,01a0a4db-2da1-714e-90e2-2d51335beaa5,,,,,not-attempted,,"never ran: open_access, annas, scihub",,,,,main
work,Touvron_2019_fixing-train-test-resolution,01a0a4be-4051-72bd-93e1-c3eb5a07fc52,,,,,,,1 files; one or more unclassified,,,,,main
work,Townshend_1992_impact-misregistration-change-detection,01a0a4d1-7170-7120-b19e-d4ee5672b2a6,,,,,extracted,full,"1 file(s), all extracted",,,,,main
work,Truccolo_2005_point-process-framework-relating,01a0a4d6-ac1b-7561-8316-f5bed9258506,,,,,extracted,full,"1 file(s), all extracted",,,,,main
work,Tuia_2011_active-learning-adapt-remote,01a0a856-b6ad-79e7-8e02-8bc4f044a4ae,,,,,extracted,full,"1 file(s), all extracted",,,,,main
work,Tuia_2011_survey-active-learning-algorithms,01a0a496-2a85-79a3-be49-26f6e86c55ae,,,,,not-attempted,,"never ran: open_access, annas, scihub",,,,,main
work,Turubanova_2023_tree-canopy-extent-height,01a0a49f-697c-7100-8f2d-976db6336e07,,,,,not-attempted,,"never ran: open_access, annas, scihub",,,,,main
work,Ucar_2016_comparison-two-sampling-approaches,01a0a4b0-ce45-7a57-a504-0ed5a4f05dc6,,,,,not-attempted,,"never ran: open_access, annas, scihub",,,,,main
work,Umar_2026_uav-lidar-based-tree,01a0c101-ac2c-71f4-b5c8-224c7de732a2,,,,,not-attempted,,"never ran: open_access, annas, scihub",,,,,main
work,Valavi_2018_block-cv-r-package,01a0a49e-ae07-72b6-bad1-5e77b838ca59,,,,,extracted,full,"1 file(s), all extracted",,,,,main
work,Valavi_2018_blockcv-r-package-generating,01a0a4c5-1378-7d19-9320-cb8bdc1e0eac,,,,,,,1 files; one or more unclassified,,,,,main
work,Valindria_2017_reverse-classification-accuracy-predicting,01a0a4af-8a00-7e04-af50-62ee686b306e,,,,,not-attempted,,"never ran: open_access, annas, scihub",,,,,main
work,VanDenBroeck_2022_multiclass-land-cover-mapping,01a0a4db-1e91-780c-81b6-29a9b1e8366a,,,,,not-attempted,,"never ran: open_access, annas, scihub",,,,,main
work,VanDenHout_2016_multi-state-survival-models,01a0a4db-0697-7b50-b00f-e00ce008a385,,,,,no-file-any-route,,"attempts: annas:not-in-archive, browser:manual-step, open_access:no-oa-copy, scihub:blocked",,,,,main
work,Vapnik_2009_new-learning-paradigm-learning,01a0a4bc-f626-7451-a431-77847caf5ef5,,,,,extracted,full,"1 file(s), all extracted",,,,,main
work,VargasMunoz_2019_correcting-rural-building-annotations,01a0a860-70aa-755d-b734-d0a00891a969,,,,,extracted,full,"1 file(s), all extracted",,,,,main
work,VelasquezCamacho_2025_monitoring-temporal-changes-large,01a0a070-2a1b-70ba-9746-f75407d6d04c,,,,,no-file-any-route,,"attempts: annas:not-in-archive, browser:manual-step, open_access:blocked, scihub:bad-file",,,,,main
work,Ventura_2024_individual-tree-detection-large,01a0a854-3dea-717e-937d-ccf74385d288,,,,,not-attempted,,never ran: scihub,,,,,main
work,Verbesselt_2010_detecting-trend-seasonal-changes,01a0a4b8-0f9f-72b9-b425-9171a8fbea9f,,,,,not-attempted,,"never ran: open_access, annas, scihub",,,,,main
work,Verburg_2004_method-analyse-neighbourhood-characteristics,01a0a4c6-88ff-777e-b9df-b2485c395f6e,,,,,extracted,full,"1 file(s), all extracted",,,,,main
work,Verbyla_2000_bias-land-cover-change,01a0a4d1-792b-7dc7-a3b4-556a98aa2ca2,,,,,extracted,full,"1 file(s), all extracted",,,,,main
work,Vicente_2008_graph-cut-based-image,01a0a4db-456e-7f67-9cc8-41ecabb8f5db,,,,,extracted,full,"1 file(s), all extracted",,,,,main
work,Vincent_1993_grayscale-area-openings-closings,01a0a4c6-5037-719b-adad-c5f05604b32d,,,,,,,1 files; one or more unclassified,,,,,main
work,Vixie_2007_some-properties-minimizers-chan,01a0a85e-35de-7cc1-9aea-ad295e673c18,,,,,extracted,full,"1 file(s), all extracted",,,,,main
work,Vogeler_2018_extracting-full-value-landsat,01a0a4ad-dc48-7a8b-aca1-2481fe6f019b,,,,,not-attempted,,"never ran: open_access, annas, scihub",,,,,main
work,Vovk_2013_conditional-validity-inductive-conformal,01a0a4aa-1f7b-72cf-8251-7dfc885b34ad,,,,,not-attempted,,"never ran: open_access, annas, scihub",,,,,main
work,Wagner_2015_optimizing-sample-size-allocation,01a0a49f-1ae1-790d-9aad-4e6455fe8733,,,,,not-attempted,,"never ran: open_access, annas, scihub",,,,,main
work,Wagner_2024_sub-meter-tree-height,01a0a49f-bf6d-72a0-b42d-7aa008fb71ca,,,,,not-attempted,,"never ran: open_access, annas, scihub",,,,,main
work,Walton_2008_difficulties-estimating-city-wide,01a0a4be-807a-73b4-b42d-d5c232f0fafc,,,,,extracted,full,"1 file(s), all extracted",,,,,main
work,Wang_2005_image-misregistration-error-change,01a0a498-5abe-75c7-884a-e24233e3ca2a,,,,,not-attempted,,"never ran: open_access, annas, scihub",,,,,main
work,Wang_2020_tent-fully-test-time,01a0a857-b253-7b1e-acc0-a279b4bf78a8,,,,,extracted,full,"1 file(s), all extracted",,,,,main
work,Wang_2021_application-evaluation-deep-learning,01a0a499-89c5-780a-9e29-1cf47e685fcb,,,,,not-attempted,,"never ran: open_access, annas, scihub",,,,,main
work,Wang_2022_continual-test-time-domain,01a0a4a2-b91b-7d37-a887-34222488850c,,,,,not-attempted,,"never ran: open_access, annas, scihub",,,,,main
work,Wang_2025_boosting-domain-generalization-remote,01a0a4ae-0bb4-7e9e-83fc-f40a68f2ea7e,,,,,not-attempted,,"never ran: open_access, annas, scihub",,,,,main
work,Wang_2025_comprehensive-survey-forgetting-deep,01a0c714-db79-7a4f-b67f-78b0c00fe5cc,,,,,no-file-any-route,,"attempts: annas:not-in-archive, browser:manual-step, open_access:no-oa-copy, scihub:blocked",,,,,main
work,Wang_2025_test-time-adaptation-geospatial,01a0a4a2-c0d5-736b-9ec5-eff00e647c80,,,,,not-attempted,,"never ran: open_access, annas, scihub",,,,,main
work,Wang_2025_unmanned-aerial-vehicle-uav,01a0c71f-fc9c-7611-9549-131d1889de48,,,,,no-file-any-route,,"attempts: annas:not-in-archive, browser:manual-step, open_access:blocked, scihub:blocked",,,,,main
work,Warfield_2004_simultaneous-truth-performance-level,01a0a4d1-f701-7399-bd30-02bb4b6331f1,,,,,extracted,full,"1 file(s), all extracted",,,,,main
work,Wasser_2013_influence-vegetation-structure-lidar,01a0c101-b4ff-760c-b484-2abbc64e36ed,,,,,not-attempted,,"never ran: open_access, annas, scihub",,,,,main
work,Wehmann_2015_spatial-temporal-contextual-markovian,01a0a4b7-936f-7038-ae13-89a39f925c24,,,,,extracted,full,"1 file(s), all extracted",,,,,main
work,Weinstein_2019_individual-tree-crown-detection,01a0a495-cc8c-784a-82c8-24a99732b4b9,,,,,not-attempted,,"never ran: open_access, annas, scihub",,,,,main
work,Weinstein_2020_cross-site-learning-deep,01a0a498-622f-78cd-9fae-ed5a46f8f5fa,,,,,not-attempted,,"never ran: open_access, annas, scihub",,,,,main
work,Weinstein_2020_deepforest-python-package-rgb,01a0a495-c4d3-73b5-b170-27bd118372e7,,,,,not-attempted,,"never ran: open_access, annas, scihub",,,,,main
work,Weinstein_2021_benchmark-dataset-canopy-crown,01a0a86c-7f99-7405-b038-f8596762c67a,,,,,extracted,full,"1 file(s), all extracted",,,,,main
work,Wendelberger_2026_detecting-deforestation-robust-online,01a0a4b8-16e3-7273-bf30-72ab4e5013e0,,,,,not-attempted,,"never ran: open_access, annas, scihub",,,,,main
work,Wickham_2023_thematic-accuracy-assessment-nlcd,01a0a49f-422d-75e9-b59a-32084db770e7,,,,,not-attempted,,"never ran: open_access, annas, scihub",,,,,main
work,Winkler_2014_matching-record-linkage,01a0a7c2-4c82-7796-abb7-c5580d8d5952,,,,,extracted,full,"1 file(s), all extracted",,,,,main
work,Wolters_2016_classification-large-scale-remote,01a0a4c6-da77-7e4c-acfa-bc47f8c464cd,,,,,extracted,full,"1 file(s), all extracted",,,,,main
work,Wolters_2017_better-autologistic-regression,01a0a4c6-e246-73f0-ae35-3d1a7bda54e2,,,,,extracted,full,"1 file(s), all extracted",,,,,main
work,Wortsman_2022_model-soups-averaging-weights,01a0a4af-7ad5-7970-8ad1-94150a04a066,,,,,not-attempted,,"never ran: open_access, annas, scihub",,,,,main
work,Wortsman_2022_robust-fine-tuning-zero,01a0a4af-8171-7064-b834-1e3972b517d5,,,,,not-attempted,,"never ran: open_access, annas, scihub",,,,,main
work,Wu_2017_post-classification-change-detection,01a0a4be-a840-7f84-9982-3e3d64157d04,,,,,extracted,full,"1 file(s), all extracted",,,,,main
work,XiaolongDai_1998_effects-image-misregistration-accuracy,01a0a496-53d1-78d3-8130-9fc296a22cb3,,,,,extracted,full,"1 file(s), all extracted",,,,,main
work,Xie_2013_sequential-multi-sensor-change,01a0a4d6-dae1-7c9f-98ca-f7fe7352cc19,,,,,extracted,full,"1 file(s), all extracted",,,,,main
work,Xing_2024_interpenetrating-subsampling-incorporate,01a0a49f-f605-7814-be4c-b0b3e6a6e893,,,,,not-attempted,,"never ran: open_access, annas, scihub",,,,,main
work,Yang_2020_evaluating-reliability-time-series,01a0a4b7-9b70-7620-a477-dabf6c732107,,,,,extracted,full,"1 file(s), all extracted",,,,,main
work,Yang_2020_fda-fourier-domain-adaptation,01a0a4ad-c294-7e55-aef6-37a0b2c8dcb7,,,,,not-attempted,,"never ran: open_access, annas, scihub",,,,,main
work,Yang_2021_30-m-annual-land,01a0a4be-ef4d-74bd-a55a-dd0cb0004b01,,,,,extracted,full,"1 file(s), all extracted",,,,,main
work,Yang_2025_sam2-elnet-label-enhancement,01a0a86c-fa12-70c7-adb2-2a9100c605a5,,,,,extracted,full,"1 file(s), all extracted",,,,,main
work,Yaras_2024_randomized-histogram-matching-simple,01a0a4ae-0314-78d1-8348-6c23170eb755,,,,,not-attempted,,"never ran: open_access, annas, scihub",,,,,main
work,Yi_2025_sub-meter-resolution-urban,01a0a4be-d695-75b5-a617-107eb9a046ca,,,,,not-attempted,,"never ran: open_access, annas, scihub",,,,,main
work,Yin_2022_broadband-green-red-vegetation,01a0c71f-d9b4-719c-9b33-a3740d9b256c,,,,,,,1 files; one or more unclassified,,,,,main
work,Yoo_2026_open-transferable-deep-learning,01a0a4b6-064a-7cfd-8e04-b04c8ecd11c4,,,,,not-attempted,,"never ran: open_access, annas, scihub",,,,,main
work,Yuan_2015_continuous-change-detection-classification,01a0a4b7-a30c-726e-9fcc-904d3d738f14,,,,,extracted,full,"1 file(s), all extracted",,,,,main
work,Zampieri_2018_multimodal-image-alignment-through,01a0a4d0-d425-750f-9c75-e82f919cf047,,,,,extracted,full,"1 file(s), all extracted",,,,,main
work,Zhang_2021_feature-matching-multi-epoch,01a0a4b3-725f-78ea-9f3c-838730ed41de,,,,,not-attempted,,"never ran: open_access, annas, scihub",,,,,main
work,Zhang_2024_knowledge-transfer-domain-adaptation,01a0a86d-5c75-7463-a398-11a98240970a,,,,,extracted,full,"1 file(s), all extracted",,,,,main
work,Zhang_2025_mtcdnet-multimodal-feature-fusion,01a0a49f-d6d0-7e61-9292-3d662c194977,,,,,not-attempted,,"never ran: open_access, annas, scihub",,,,,main
work,Zhao_2017_pyramid-scene-parsing-network,01a0a4be-461d-7cd8-90d5-9a7cec6f307f,,,,,extracted,full,"1 file(s), all extracted",,,,,main
work,Zhao_2023_systematic-review-individual-tree,01a0a495-f47f-7f16-8dd8-ea41b3b5ad1c,,,,,not-attempted,,"never ran: open_access, annas, scihub",,,,,main
work,Zheng_2008_markov-chain-monte-carlo,01a0a4d6-1f4f-755a-9558-0d8fe85bc810,,,,,extracted,full,"1 file(s), all extracted",,,,,main
work,Zheng_2024_single-temporal-supervised-learning,01a0a4b3-d033-792c-86c3-148acb0d7a66,,,,,not-attempted,,"never ran: open_access, annas, scihub",,,,,main
work,Zhou_2020_training-data-selection-annual,01a0a4bc-fe5b-755d-9059-68a2ac6ec42e,,,,,extracted,full,"1 file(s), all extracted",,,,,main
work,Zhu_2005_modeling-spatial-temporal-binary,01a0a4d4-63e7-74b6-a764-50e2f334d727,,,,,extracted,full,"1 file(s), all extracted",,,,,main
work,Zhu_2008_autologistic-regression-analysis-spatial,01a0a4d6-0fce-7115-aff1-a3688f54cad0,,,,,extracted,full,"1 file(s), all extracted",,,,,main
work,Zhu_2014_continuous-change-detection-classification,01a0a4b8-1ef2-7fdb-9de9-86aa979f7310,,,,,not-attempted,,"never ran: open_access, annas, scihub",,,,,main
work,Zhu_2017_change-detection-landsat-time,01a0a4b3-6b48-7207-bc3d-5f5c64e5b097,,,,,not-attempted,,"never ran: open_access, annas, scihub",,,,,main
work,Zhu_2026_scalable-sub-meter-mapping,01a0c71d-873b-7b12-92d7-40fff9513442,,,,,no-file-any-route,,"attempts: annas:not-in-archive, browser:manual-step, open_access:bad-file, scihub:blocked",,,,,main
work,Zhuang_2002_stochastic-declustering-space-time,01a0a4d4-82e6-7e94-bd76-dfb844b31f80,,,,,extracted,full,"1 file(s), all extracted",,,,,main
