id_a,id_b,year_a,year_b,similarity,in_year_window,duplicate_of_pair,title_a,title_b
13,264,2025,2025,1.0000,1,1,Detecting and measuring fine-scale urban tree canopy loss with deep learning and remote sensing,Detecting and measuring fine-scale urban tree canopy loss with deep learning and remote sensing
60,303,2019,2018,1.0000,1,1,blockCV: An R package for generating spatially or environmentally separated folds for k-fold cross-validation of species distribution models,blockCV: an R package for generating spatially or environmentally separated folds for k-fold cross-validation of species distribution models
94,199,2024,2024,1.0000,1,1,Sub-meter tree height mapping of California using aerial images and LiDAR-informed U-Net model,Sub-meter tree height mapping of California using aerial images and LiDAR-informed U-Net model
318,350,2019,2010,0.7640,0,0,Probability of Deriving a Yearly Transition Probability Matrix for Land-Use Dynamics,Derivation of a yearly transition probability matrix for land-use dynamics and its applications
100,101,2022,2024,0.7458,0,0,Incorporating interpreter variability into estimation of the total variance of land cover area estimates under simple random sampling,Using interpenetrating subsampling to incorporate interpreter variability into estimation of the total variance of land cover area estimates
429,430,2014,2016,0.6897,0,0,Estimating accuracy from unlabeled data,Estimating accuracy from unlabeled data: a Bayesian approach
107,110,2025,2026,0.6833,1,0,Domain generalization for semantic segmentation of remote sensing images via vision foundation model fine-tuning,D2FT-Net: Frequency-spatial dual domain fine-tuning of vision foundation models for remote sensing domain generalization semantic segmentation
175,211,2016,2017,0.6140,1,0,Improving the consistency of multitemporal land cover maps using a hidden Markov model,Using a Hidden Markov Model for Improving the Spatial-Temporal Consistency of Time Series Land Cover Classification
107,111,2025,2025,0.6087,1,0,Domain generalization for semantic segmentation of remote sensing images via vision foundation model fine-tuning,CrossEarth: Geospatial vision foundation model for domain generalizable remote sensing semantic segmentation
211,222,2017,2021,0.6000,0,0,Using a Hidden Markov Model for Improving the Spatial-Temporal Consistency of Time Series Land Cover Classification,Spatial-Temporal Hidden Markov Model for Land Cover Classification
345,346,2000,2003,0.5909,0,0,Bias in land cover change estimates due to misregistration,The perimeter/area ratio as an index of misregistration bias in land cover change estimates
177,178,2010,2010,0.5887,1,0,Detecting trends in forest disturbance and recovery using yearly Landsat time series: 1. LandTrendr — Temporal segmentation algorithms,Detecting trends in forest disturbance and recovery using yearly Landsat time series: 2. TimeSync — Tools for calibration and validation
22,24,2019,2021,0.5872,0,0,Towards misregistration-tolerant change detection using deep learning techniques with object-based image analysis,Change detection using deep learning approach with object-based image analysis
319,365,2007,2010,0.5806,0,0,Simulating error propagation in land-cover change analysis: the implications of temporal dependence,Propagating error in land-cover-change analyses: impact of temporal dependence under increased thematic complexity
413,416,2010,2017,0.5789,0,0,Distributed lag non-linear models,A penalized framework for distributed lag non-linear models
421,422,2001,2007,0.5781,0,0,CUSUM charts for monitoring an autocorrelated process,SPC procedures for monitoring autocorrelated processes
110,111,2026,2025,0.5736,1,0,D2FT-Net: Frequency-spatial dual domain fine-tuning of vision foundation models for remote sensing domain generalization semantic segmentation,CrossEarth: Geospatial vision foundation model for domain generalizable remote sensing semantic segmentation
413,414,2010,2011,0.5690,1,0,Distributed lag non-linear models,Distributed lag linear and non-linear models in R: the package dlnm
21,23,1998,2014,0.5638,0,0,The effects of image misregistration on the accuracy of remotely sensed change detection,Assessment of the image misregistration effects on object-based change detection
191,193,2024,2026,0.5581,0,0,Single-temporal supervised learning for universal remote sensing change detection,Remote sensing change detection via weak temporal supervision
421,441,2001,1999,0.5542,0,0,CUSUM charts for monitoring an autocorrelated process,Control charts for monitoring the mean and variance of autocorrelated processes
69,187,2014,2025,0.5521,0,0,Good practices for estimating area and assessing accuracy of land change,"Land Cover and Change Map Accuracy Assessment and Area Estimation Good Practices Protocol, Version 1.1"
220,396,2015,1996,0.5472,0,0,Conditional Random Fields for Multitemporal and Multiscale Classification of Optical Satellite Imagery,A Markov random field model for classification of multisource satellite imagery
121,123,2025,2026,0.5429,1,0,Conformal prediction for image segmentation using morphological prediction sets,Conformal prediction sets for instance segmentation
107,145,2025,2024,0.5410,1,0,Domain generalization for semantic segmentation of remote sensing images via vision foundation model fine-tuning,Frequency-based optimal style mix for domain generalization in semantic segmentation of remote sensing images
23,344,2014,1992,0.5395,0,0,Assessment of the image misregistration effects on object-based change detection,The impact of misregistration on change detection
227,424,2012,2013,0.5312,1,0,State-of-the-Art in Sequential Change-Point Detection,Sequential multi-sensor change-point detection
344,364,1992,1999,0.5278,0,0,The impact of misregistration on change detection,Reducing the effects of misregistration on pixel-level change detection
376,381,1988,1998,0.5169,0,0,Statistical models for earthquake occurrences and residual analysis for point processes,Space-time point-process models for earthquake occurrences
140,141,2018,2019,0.5135,1,0,Adaptive batch normalization for practical domain adaptation,Domain-specific batch normalization for unsupervised domain adaptation
74,188,2024,2012,0.5069,0,0,Choosing a sample size allocation to strata based on trade-offs in precision when estimating accuracy and area of a rare class from a stratified sample,Impact of sample size allocation when using stratified random sampling to estimate accuracy and area of land-cover change
421,437,2001,2009,0.5059,0,0,CUSUM charts for monitoring an autocorrelated process,A CUSUM chart for monitoring a proportion with autocorrelated binary observations
21,364,1998,1999,0.5054,1,0,The effects of image misregistration on the accuracy of remotely sensed change detection,Reducing the effects of misregistration on pixel-level change detection
355,358,2018,2017,0.5043,1,0,Redeveloping the urban forest: The effect of redevelopment and property-scale variables on tree removal and retention,Redevelopment and the urban forest: A study of tree removal and retention during demolition activities
347,351,2004,2004,0.5039,1,0,A general framework for error analysis in measurement-based GIS [editorial introduction to the series],A general framework for error analysis in measurement-based GIS Part 2: The algebra-based probability model for point-in-polygon analysis
110,145,2026,2024,0.5036,0,0,D2FT-Net: Frequency-spatial dual domain fine-tuning of vision foundation models for remote sensing domain generalization semantic segmentation,Frequency-based optimal style mix for domain generalization in semantic segmentation of remote sensing images
1,19,2022,2025,0.5000,0,0,Individual tree crown delineation in high-resolution remote sensing images based on U-Net,DeepTrees: Tree Crown Segmentation and Analysis in High-Resolution Remote Sensing Images
21,344,1998,1992,0.5000,0,0,The effects of image misregistration on the accuracy of remotely sensed change detection,The impact of misregistration on change detection
91,249,2024,2020,0.5000,0,0,Training data in satellite image classification for land cover mapping: a review,Training Data Selection for Annual Land Cover Classification for LCMAP
136,146,2020,2024,0.5000,0,0,FDA: Fourier domain adaptation for semantic segmentation,Domain generalization for semantic segmentation: a survey
218,219,2009,2015,0.4955,0,0,Change Detection in Optical Aerial Images by a Multilayer Conditional Mixed Markov Model,Multilayer Markov Random Field models for change detection in optical remote sensing images
201,203,2020,2025,0.4918,0,0,Fully convolutional networks for land cover classification from historical panchromatic aerial photographs,Convolutional Neural Networks for Land Use and Land Cover Multi-class Maps from Historical Aerial Imagery
23,364,2014,1999,0.4891,0,0,Assessment of the image misregistration effects on object-based change detection,Reducing the effects of misregistration on pixel-level change detection
198,200,2018,2014,0.4828,0,0,True Orthophoto Generation from Aerial Frame Images and LiDAR Data: An Update,True orthophoto generation using multi-view aerial images
134,135,2023,2025,0.4795,0,0,Temporal-domain adaptation for satellite image time-series land-cover mapping with adversarial learning and spatially aware self-training,Spatiotemporal masked pre-training for advancing crop mapping on satellite image time series with limited labels
319,320,2007,2011,0.4790,0,0,Simulating error propagation in land-cover change analysis: the implications of temporal dependence,Spatio-temporal errors in land-cover change analysis: implications for accuracy assessment
175,210,2016,2022,0.4775,0,0,Improving the consistency of multitemporal land cover maps using a hidden Markov model,Hidden Markov Models for Annual Land Cover Mapping — Increasing Temporal Consistency and Completeness
217,233,2015,2014,0.4660,1,0,Continuous Change Detection and Classification Using Hidden Markov Model: Beijing,Continuous change detection and classification of land cover using all available Landsat data
422,441,2007,1999,0.4651,0,0,SPC procedures for monitoring autocorrelated processes,Control charts for monitoring the mean and variance of autocorrelated processes
413,415,2010,2014,0.4648,0,0,Distributed lag non-linear models,Modeling exposure–lag–response associations with distributed lag non-linear models
219,395,2015,2008,0.4576,0,0,Multilayer Markov Random Field models for change detection in optical remote sensing images,Using local transition probability models in Markov random fields for forest change detection
107,142,2025,2024,0.4574,1,0,Domain generalization for semantic segmentation of remote sensing images via vision foundation model fine-tuning,Single domain generalization method for remote sensing image segmentation via category consistency on domain randomization
398,400,2008,2008,0.4569,1,0,Autologistic regression analysis of spatial-temporal binary data via Monte Carlo maximum likelihood,Markov chain Monte Carlo for a spatial-temporal autologistic regression model
14,205,2020,2023,0.4538,0,0,"Relative radiometric normalization using several automatically chosen reference images for multi-sensor, multi-temporal series",Relaxation-Based Radiometric Normalization for Multitemporal Cross-Sensor Satellite Images
161,162,2023,2024,0.4534,1,0,Estimating sensitivity and specificity of diagnostic tests using latent class models that account for conditional dependence between tests: a simulation study,Detecting departures from the conditional independence assumption in diagnostic latent class models: a simulation study
73,188,2015,2012,0.4500,0,0,Optimizing sample size allocation to strata for estimating area and map accuracy,Impact of sample size allocation when using stratified random sampling to estimate accuracy and area of land-cover change
73,74,2015,2024,0.4496,0,0,Optimizing sample size allocation to strata for estimating area and map accuracy,Choosing a sample size allocation to strata based on trade-offs in precision when estimating accuracy and area of a rare class from a stratified sample
142,144,2024,2025,0.4444,1,0,Single domain generalization method for remote sensing image segmentation via category consistency on domain randomization,Boosting domain generalization in remote sensing image segmentation via style mapping and general prototypical contrast
142,145,2024,2024,0.4436,1,0,Single domain generalization method for remote sensing image segmentation via category consistency on domain randomization,Frequency-based optimal style mix for domain generalization in semantic segmentation of remote sensing images
62,66,2022,2024,0.4435,0,0,Historical urban tree canopy cover change in two post-industrial cities,Historical changes in tree and impervious surface cover following urban renewal in a small postindustrial city
16,17,2011,2011,0.4388,1,0,A survey of active learning algorithms for supervised remote sensing image classification,Using active learning to adapt remote sensing image classifiers
414,416,2011,2017,0.4375,0,0,Distributed lag linear and non-linear models in R: the package dlnm,A penalized framework for distributed lag non-linear models
72,74,2014,2024,0.4336,0,0,Estimating area and map accuracy for stratified random sampling when the strata are different from the map classes,Choosing a sample size allocation to strata based on trade-offs in precision when estimating accuracy and area of a rare class from a stratified sample
111,145,2025,2024,0.4318,1,0,CrossEarth: Geospatial vision foundation model for domain generalizable remote sensing semantic segmentation,Frequency-based optimal style mix for domain generalization in semantic segmentation of remote sensing images
204,205,2008,2023,0.4318,0,0,Automatic radiometric normalization of multitemporal satellite imagery with the iteratively re-weighted MAD transformation,Relaxation-Based Radiometric Normalization for Multitemporal Cross-Sensor Satellite Images
4,27,2019,2020,0.4316,1,0,Individual tree-crown detection in RGB imagery using semi-supervised deep learning neural networks,Cross-site learning in deep learning RGB tree crown detection
146,152,2024,2024,0.4306,1,0,Domain generalization for semantic segmentation: a survey,Domain generalization through meta-learning: a survey
10,202,2023,2025,0.4298,0,0,The co-effect of image resolution and crown size on deep learning for individual tree detection and delineation,Deep learning based individual tree crown delineation from panchromatic aerial imagery
210,211,2022,2017,0.4286,0,0,Hidden Markov Models for Annual Land Cover Mapping — Increasing Temporal Consistency and Completeness,Using a Hidden Markov Model for Improving the Spatial-Temporal Consistency of Time Series Land Cover Classification
339,340,2004,1999,0.4286,0,0,Inferred causes of tree mortality in fragmented and intact Amazonian forests,Effect of surrounding vegetation on edge-related tree mortality in Amazonian forest fragments
9,18,2023,2011,0.4265,0,0,A systematic review of individual tree crown detection and delineation with convolutional neural networks (CNN),A review of methods for automatic individual tree-crown detection and delineation from passive remote sensing
14,15,2020,2022,0.4241,0,0,"Relative radiometric normalization using several automatically chosen reference images for multi-sensor, multi-temporal series",Automatic relative radiometric normalization of bi-temporal satellite images using coarse-to-fine PIF selection and fuzzy integral fusion
5,202,2023,2025,0.4240,0,0,Accurate delineation of individual tree crowns in tropical forests from aerial RGB imagery using Mask R-CNN,Deep learning based individual tree crown delineation from panchromatic aerial imagery
144,145,2025,2024,0.4234,1,0,Boosting domain generalization in remote sensing image segmentation via style mapping and general prototypical contrast,Frequency-based optimal style mix for domain generalization in semantic segmentation of remote sensing images
1,166,2022,2026,0.4222,0,0,Individual tree crown delineation in high-resolution remote sensing images based on U-Net,Ladder-side-tuning of visual foundation model for city-scale individual tree detection from high-resolution remote sensing images
301,348,2021,2004,0.4217,0,0,Resampling Plans and the Estimation of Prediction Error,The Estimation of Prediction Error: Covariance Penalties and Cross-Validation
107,146,2025,2024,0.4200,1,0,Domain generalization for semantic segmentation of remote sensing images via vision foundation model fine-tuning,Domain generalization for semantic segmentation: a survey
1,10,2022,2023,0.4180,1,0,Individual tree crown delineation in high-resolution remote sensing images based on U-Net,The co-effect of image resolution and crown size on deep learning for individual tree detection and delineation
53,55,2015,2025,0.4179,0,0,Extraction of vegetation information from visible unmanned aerial vehicle images,Unmanned aerial vehicle imagery for plant communities: Optimizing visible light vegetation indices to extract multi-species coverage
30,136,2020,2020,0.4176,1,0,StandardGAN: Multi-source domain adaptation for semantic segmentation of VHR satellite images,FDA: Fourier domain adaptation for semantic segmentation
377,381,2002,1998,0.4146,0,0,Stochastic declustering of space-time earthquake occurrences,Space-time point-process models for earthquake occurrences
439,440,1988,1991,0.4146,0,0,Time-series modeling for statistical process control,Some statistical process control methods for autocorrelated data
14,20,2020,2019,0.4143,1,0,"Relative radiometric normalization using several automatically chosen reference images for multi-sensor, multi-temporal series",Normalizing shadows in multi-temporal aerial frame imagery using relative radiometric adjustments
239,446,2023,2022,0.4127,1,0,Multisensor Temporal Unsupervised Domain Adaptation for Land Cover Mapping,Multiclass Land Cover Mapping from Historical Orthophotos Using Domain Adaptation and Spatio-Temporal Transfer Learning
30,251,2020,2024,0.4124,0,0,StandardGAN: Multi-source domain adaptation for semantic segmentation of VHR satellite images,Coarse-to-fine semantic segmentation of satellite images
72,73,2014,2015,0.4087,1,0,Estimating area and map accuracy for stratified random sampling when the strata are different from the map classes,Optimizing sample size allocation to strata for estimating area and map accuracy
120,122,2025,2025,0.4082,1,0,Conformal risk control,Conformal object detection by sequential risk control
51,52,2010,2022,0.4074,0,0,Applicability of Green-Red Vegetation Index for remote sensing of vegetation phenology,A broadband Green-Red Vegetation Index for monitoring gross primary production phenology
91,269,2024,2024,0.4074,1,0,Training data in satellite image classification for land cover mapping: a review,Decision Fusion at Pixel Level of Multi-Band Data for Land Cover Classification — A Review
22,23,2019,2014,0.4065,0,0,Towards misregistration-tolerant change detection using deep learning techniques with object-based image analysis,Assessment of the image misregistration effects on object-based change detection
10,18,2023,2011,0.4044,0,0,The co-effect of image resolution and crown size on deep learning for individual tree detection and delineation,A review of methods for automatic individual tree-crown detection and delineation from passive remote sensing
145,146,2024,2024,0.4038,1,0,Frequency-based optimal style mix for domain generalization in semantic segmentation of remote sensing images,Domain generalization for semantic segmentation: a survey
111,146,2025,2024,0.4020,1,0,CrossEarth: Geospatial vision foundation model for domain generalizable remote sensing semantic segmentation,Domain generalization for semantic segmentation: a survey
72,188,2014,2012,0.4015,0,0,Estimating area and map accuracy for stratified random sampling when the strata are different from the map classes,Impact of sample size allocation when using stratified random sampling to estimate accuracy and area of land-cover change
3,27,2020,2020,0.4000,1,0,DeepForest: A Python package for RGB deep learning tree crown delineation,Cross-site learning in deep learning RGB tree crown detection
67,273,2024,2013,0.4000,0,0,Deep learning for urban tree canopy coverage analysis: A comparison and case study,A Comparison of Three Methods for Measuring Local Urban Tree Canopy Cover
79,185,2010,2013,0.4000,0,0,Assessing the accuracy of land cover change with imperfect ground reference data,Ground reference data error and the mis-estimation of the area of land cover change as a function of its abundance
397,437,1999,2009,0.4000,0,0,A CUSUM chart for monitoring a proportion when inspecting continuously,A CUSUM chart for monitoring a proportion with autocorrelated binary observations
19,88,2025,2023,0.3986,0,0,DeepTrees: Tree Crown Segmentation and Analysis in High-Resolution Remote Sensing Images,Nationwide urban tree canopy mapping and coverage assessment in Brazil from high-resolution remote sensing images using deep learning
332,334,2017,2011,0.3981,0,0,Quantifying Registration Uncertainty With Sparse Bayesian Modelling,Probabilistic Non-Rigid Registration of Prostate Images: Modeling and Quantifying Uncertainty
378,380,2018,1971,0.3978,0,0,A review of self-exciting spatio-temporal point processes and their applications,Spectra of some self-exciting and mutually exciting point processes
244,248,2016,2009,0.3971,0,0,Unifying distillation and privileged information,A new learning paradigm: Learning using privileged information
4,202,2019,2025,0.3967,0,0,Individual tree-crown detection in RGB imagery using semi-supervised deep learning neural networks,Deep learning based individual tree crown delineation from panchromatic aerial imagery
1,202,2022,2025,0.3966,0,0,Individual tree crown delineation in high-resolution remote sensing images based on U-Net,Deep learning based individual tree crown delineation from panchromatic aerial imagery
210,222,2022,2021,0.3962,1,0,Hidden Markov Models for Annual Land Cover Mapping — Increasing Temporal Consistency and Completeness,Spatial-Temporal Hidden Markov Model for Land Cover Classification
9,10,2023,2023,0.3955,1,0,A systematic review of individual tree crown detection and delineation with convolutional neural networks (CNN),The co-effect of image resolution and crown size on deep learning for individual tree detection and delineation
107,144,2025,2025,0.3942,1,0,Domain generalization for semantic segmentation of remote sensing images via vision foundation model fine-tuning,Boosting domain generalization in remote sensing image segmentation via style mapping and general prototypical contrast
79,189,2010,2018,0.3937,0,0,Assessing the accuracy of land cover change with imperfect ground reference data,The effects of imperfect reference data on remote sensing-assisted estimators of land cover class proportions
123,130,2026,2023,0.3934,0,0,Conformal prediction sets for instance segmentation,Conformal prediction: A gentle introduction
15,205,2022,2023,0.3931,1,0,Automatic relative radiometric normalization of bi-temporal satellite images using coarse-to-fine PIF selection and fuzzy integral fusion,Relaxation-Based Radiometric Normalization for Multitemporal Cross-Sensor Satellite Images
3,10,2020,2023,0.3929,0,0,DeepForest: A Python package for RGB deep learning tree crown delineation,The co-effect of image resolution and crown size on deep learning for individual tree detection and delineation
396,406,1996,2003,0.3909,0,0,A Markov random field model for classification of multisource satellite imagery,A Markov random field approach to spatio-temporal contextual image classification
8,10,2023,2023,0.3896,1,0,Tree crown detection and delineation in a temperate deciduous forest from UAV RGB imagery: Effects of spatial resolution and species characteristics,The co-effect of image resolution and crown size on deep learning for individual tree detection and delineation
70,188,2013,2012,0.3893,1,0,Making better use of accuracy data in land change studies: Estimating accuracy and area and quantifying uncertainty using stratified estimation,Impact of sample size allocation when using stratified random sampling to estimate accuracy and area of land-cover change
15,204,2022,2008,0.3889,0,0,Automatic relative radiometric normalization of bi-temporal satellite images using coarse-to-fine PIF selection and fuzzy integral fusion,Automatic radiometric normalization of multitemporal satellite imagery with the iteratively re-weighted MAD transformation
47,107,2024,2025,0.3871,1,0,Knowledge transfer and domain adaptation for fine-grained remote sensing image segmentation,Domain generalization for semantic segmentation of remote sensing images via vision foundation model fine-tuning
185,346,2013,2003,0.3871,0,0,Ground reference data error and the mis-estimation of the area of land cover change as a function of its abundance,The perimeter/area ratio as an index of misregistration bias in land cover change estimates
90,319,2009,2007,0.3858,0,0,The effects of different classification models on error propagation in land cover change detection,Simulating error propagation in land-cover change analysis: the implications of temporal dependence
14,204,2020,2008,0.3856,0,0,"Relative radiometric normalization using several automatically chosen reference images for multi-sensor, multi-temporal series",Automatic radiometric normalization of multitemporal satellite imagery with the iteratively re-weighted MAD transformation
115,136,2025,2020,0.3854,0,0,Test-time adaptation for geospatial point cloud semantic segmentation with distinct domain shifts,FDA: Fourier domain adaptation for semantic segmentation
389,396,2012,1996,0.3854,0,0,Goodness of fit tests for a class of Markov random field models,A Markov random field model for classification of multisource satellite imagery
1,18,2022,2011,0.3846,0,0,Individual tree crown delineation in high-resolution remote sensing images based on U-Net,A review of methods for automatic individual tree-crown detection and delineation from passive remote sensing
4,10,2019,2023,0.3846,0,0,Individual tree-crown detection in RGB imagery using semi-supervised deep learning neural networks,The co-effect of image resolution and crown size on deep learning for individual tree detection and delineation
91,134,2024,2023,0.3841,1,0,Training data in satellite image classification for land cover mapping: a review,Temporal-domain adaptation for satellite image time-series land-cover mapping with adversarial learning and spatially aware self-training
16,266,2011,2024,0.3839,0,0,A survey of active learning algorithms for supervised remote sensing image classification,Bayesian Inference for Post-Processing of Remote-Sensing Image Classification
417,442,1965,2000,0.3820,0,0,The distributed lag between capital appropriations and expenditures,The Distributed Lag between Air Pollution and Daily Deaths
77,320,2016,2011,0.3814,0,0,Accuracy assessment of NOAA Coastal Change Analysis Program 2006-2010 land cover and land cover change data,Spatio-temporal errors in land-cover change analysis: implications for accuracy assessment
3,202,2020,2025,0.3810,0,0,DeepForest: A Python package for RGB deep learning tree crown delineation,Deep learning based individual tree crown delineation from panchromatic aerial imagery
391,459,2006,2003,0.3810,0,0,Resampling methods for spatial regression models under a class of stochastic designs,Resampling Methods for Spatial Data
266,322,2024,2017,0.3805,0,0,Bayesian Inference for Post-Processing of Remote-Sensing Image Classification,Classification of Large-Scale Remote Sensing Images for Automatic Identification of Health Hazards
215,222,2015,2021,0.3800,0,0,A spatial–temporal contextual Markovian kernel method for multi-temporal land cover mapping,Spatial-Temporal Hidden Markov Model for Land Cover Classification
111,142,2025,2024,0.3796,1,0,CrossEarth: Geospatial vision foundation model for domain generalizable remote sensing semantic segmentation,Single domain generalization method for remote sensing image segmentation via category consistency on domain randomization
34,148,2020,2020,0.3772,1,0,Deep Siamese domain adaptation CNN for cross-domain change detection in multispectral images,Progressive domain adaptation for change detection using season-varying remote sensing images
90,186,2009,2012,0.3768,0,0,The effects of different classification models on error propagation in land cover change detection,Impact of error on landscape pattern analyses performed on land-cover change maps (misclassification error propagation in land cover change categorization)
222,406,2021,2003,0.3762,0,0,Spatial-Temporal Hidden Markov Model for Land Cover Classification,A Markov random field approach to spatio-temporal contextual image classification
91,149,2024,2026,0.3760,0,0,Training data in satellite image classification for land cover mapping: a review,Winter tree and terrain shadow correction reveals land cover mapping errors in Sentinel-2 satellite imagery
408,443,2011,2017,0.3750,0,0,Multi-state models for panel data: the msm package for R,Multi-State Survival Models for Interval-Censored Data
16,191,2011,2024,0.3739,0,0,A survey of active learning algorithms for supervised remote sensing image classification,Single-temporal supervised learning for universal remote sensing change detection
217,222,2015,2021,0.3737,0,0,Continuous Change Detection and Classification Using Hidden Markov Model: Beijing,Spatial-Temporal Hidden Markov Model for Land Cover Classification
100,188,2022,2012,0.3733,0,0,Incorporating interpreter variability into estimation of the total variance of land cover area estimates under simple random sampling,Impact of sample size allocation when using stratified random sampling to estimate accuracy and area of land-cover change
151,152,2021,2024,0.3731,0,0,In search of lost domain generalization,Domain generalization through meta-learning: a survey
19,139,2025,2025,0.3727,1,0,DeepTrees: Tree Crown Segmentation and Analysis in High-Resolution Remote Sensing Images,Adapting cross-sensor high-resolution remote sensing imagery for land use classification
134,446,2023,2022,0.3727,1,0,Temporal-domain adaptation for satellite image time-series land-cover mapping with adversarial learning and spatially aware self-training,Multiclass Land Cover Mapping from Historical Orthophotos Using Domain Adaptation and Spatio-Temporal Transfer Learning
10,27,2023,2020,0.3725,0,0,The co-effect of image resolution and crown size on deep learning for individual tree detection and delineation,Cross-site learning in deep learning RGB tree crown detection
339,341,2004,1998,0.3725,0,0,Inferred causes of tree mortality in fragmented and intact Amazonian forests,Rain forest fragmentation and the dynamics of Amazonian tree communities
338,341,2011,1998,0.3723,0,0,The fate of Amazonian forest fragments: A 32-year investigation,Rain forest fragmentation and the dynamics of Amazonian tree communities
414,415,2011,2014,0.3723,0,0,Distributed lag linear and non-linear models in R: the package dlnm,Modeling exposure–lag–response associations with distributed lag non-linear models
11,13,2025,2025,0.3697,1,0,Monitoring temporal changes in large urban street trees using remote sensing and deep learning,Detecting and measuring fine-scale urban tree canopy loss with deep learning and remote sensing
11,264,2025,2025,0.3697,1,0,Monitoring temporal changes in large urban street trees using remote sensing and deep learning,Detecting and measuring fine-scale urban tree canopy loss with deep learning and remote sensing
220,406,2015,2003,0.3697,0,0,Conditional Random Fields for Multitemporal and Multiscale Classification of Optical Satellite Imagery,A Markov random field approach to spatio-temporal contextual image classification
211,216,2017,2020,0.3696,0,0,Using a Hidden Markov Model for Improving the Spatial-Temporal Consistency of Time Series Land Cover Classification,Evaluating the reliability of time series land cover maps by exploiting the hidden Markov model
129,130,2013,2023,0.3692,0,0,Conditional validity of inductive conformal predictors,Conformal prediction: A gentle introduction
146,151,2024,2021,0.3692,0,0,Domain generalization for semantic segmentation: a survey,In search of lost domain generalization
16,322,2011,2017,0.3689,0,0,A survey of active learning algorithms for supervised remote sensing image classification,Classification of Large-Scale Remote Sensing Images for Automatic Identification of Health Hazards
5,8,2023,2023,0.3688,1,0,Accurate delineation of individual tree crowns in tropical forests from aerial RGB imagery using Mask R-CNN,Tree crown detection and delineation in a temperate deciduous forest from UAV RGB imagery: Effects of spatial resolution and species characteristics
176,177,2024,2010,0.3681,0,0,Time-series land cover change detection using deep learning-based temporal semantic segmentation,Detecting trends in forest disturbance and recovery using yearly Landsat time series: 1. LandTrendr — Temporal segmentation algorithms
213,217,2025,2015,0.3680,0,0,Bayesian Modelling of Multi-Year Crop Type Classification Using Deep Neural Networks and Hidden Markov Models,Continuous Change Detection and Classification Using Hidden Markov Model: Beijing
31,174,2025,2025,0.3679,1,0,ADA-Net: Attention-guided domain adaptation for standing dead tree segmentation using aerial imagery,Zero-shot tree detection and segmentation from aerial forest imagery
26,344,2005,1992,0.3676,0,0,Image misregistration error in change measurements,The impact of misregistration on change detection
139,322,2025,2017,0.3675,0,0,Adapting cross-sensor high-resolution remote sensing imagery for land use classification,Classification of Large-Scale Remote Sensing Images for Automatic Identification of Health Hazards
17,139,2011,2025,0.3673,0,0,Using active learning to adapt remote sensing image classifiers,Adapting cross-sensor high-resolution remote sensing imagery for land use classification
42,196,2025,2023,0.3667,0,0,Fine-tuning DeepForest for forest tree detection in high-resolution UAV imagery,Very High Resolution Images and Superpixel-Enhanced Deep Neural Forest Promote Urban Tree Canopy Detection
88,197,2023,2026,0.3667,0,0,Nationwide urban tree canopy mapping and coverage assessment in Brazil from high-resolution remote sensing images using deep learning,An Open and Transferable Deep Learning Framework for Mapping Urban Tree Canopy Using NAIP Imagery
219,396,2015,1996,0.3667,0,0,Multilayer Markov Random Field models for change detection in optical remote sensing images,A Markov random field model for classification of multisource satellite imagery
175,222,2016,2021,0.3654,0,0,Improving the consistency of multitemporal land cover maps using a hidden Markov model,Spatial-Temporal Hidden Markov Model for Land Cover Classification
173,202,2026,2025,0.3652,1,0,Learning image-based tree crown segmentation from enhanced lidar-based pseudo-labels,Deep learning based individual tree crown delineation from panchromatic aerial imagery
92,139,2025,2025,0.3651,1,0,Human-annotated label noise and their impact on ConvNets for remote sensing image scene classification,Adapting cross-sensor high-resolution remote sensing imagery for land use classification
134,239,2023,2023,0.3650,1,0,Temporal-domain adaptation for satellite image time-series land-cover mapping with adversarial learning and spatially aware self-training,Multisensor Temporal Unsupervised Domain Adaptation for Land Cover Mapping
7,166,2024,2026,0.3642,0,0,Individual tree detection in large-scale urban environments using high-resolution multispectral imagery,Ladder-side-tuning of visual foundation model for city-scale individual tree detection from high-resolution remote sensing images
110,142,2026,2024,0.3642,0,0,D2FT-Net: Frequency-spatial dual domain fine-tuning of vision foundation models for remote sensing domain generalization semantic segmentation,Single domain generalization method for remote sensing image segmentation via category consistency on domain randomization
18,166,2011,2026,0.3636,0,0,A review of methods for automatic individual tree-crown detection and delineation from passive remote sensing,Ladder-side-tuning of visual foundation model for city-scale individual tree detection from high-resolution remote sensing images
18,202,2011,2025,0.3636,0,0,A review of methods for automatic individual tree-crown detection and delineation from passive remote sensing,Deep learning based individual tree crown delineation from panchromatic aerial imagery
23,26,2014,2005,0.3636,0,0,Assessment of the image misregistration effects on object-based change detection,Image misregistration error in change measurements
31,35,2025,2024,0.3636,1,0,ADA-Net: Attention-guided domain adaptation for standing dead tree segmentation using aerial imagery,Learning from unlabelled data with transformers: Domain adaptation for semantic segmentation of aerial images
35,331,2024,2017,0.3636,0,0,Learning from unlabelled data with transformers: Domain adaptation for semantic segmentation of aerial images,Learning Aerial Image Segmentation From Online Maps
222,400,2021,2008,0.3636,0,0,Spatial-Temporal Hidden Markov Model for Land Cover Classification,Markov chain Monte Carlo for a spatial-temporal autologistic regression model
148,219,2020,2015,0.3629,0,0,Progressive domain adaptation for change detection using season-varying remote sensing images,Multilayer Markov Random Field models for change detection in optical remote sensing images
191,192,2024,2025,0.3629,1,0,Single-temporal supervised learning for universal remote sensing change detection,Toward label-efficient deep learning change detection for remote sensing imagery: a comprehensive review
10,166,2023,2026,0.3624,0,0,The co-effect of image resolution and crown size on deep learning for individual tree detection and delineation,Ladder-side-tuning of visual foundation model for city-scale individual tree detection from high-resolution remote sensing images
176,191,2024,2024,0.3621,1,0,Time-series land cover change detection using deep learning-based temporal semantic segmentation,Single-temporal supervised learning for universal remote sensing change detection
240,261,2026,2012,0.3617,0,0,High-resolution multi-temporal forest canopy height mapping in California using GEDI LiDAR and multi-sensor remote sensing,High-resolution tree canopy mapping for New York City using LIDAR and object-based image analysis
415,416,2014,2017,0.3617,0,0,Modeling exposure–lag–response associations with distributed lag non-linear models,A penalized framework for distributed lag non-linear models
31,47,2025,2024,0.3613,1,0,ADA-Net: Attention-guided domain adaptation for standing dead tree segmentation using aerial imagery,Knowledge transfer and domain adaptation for fine-grained remote sensing image segmentation
47,148,2024,2020,0.3613,0,0,Knowledge transfer and domain adaptation for fine-grained remote sensing image segmentation,Progressive domain adaptation for change detection using season-varying remote sensing images
10,85,2023,2016,0.3611,0,0,The co-effect of image resolution and crown size on deep learning for individual tree detection and delineation,Lidar detection of individual tree size in tropical forests
30,35,2020,2024,0.3609,0,0,StandardGAN: Multi-source domain adaptation for semantic segmentation of VHR satellite images,Learning from unlabelled data with transformers: Domain adaptation for semantic segmentation of aerial images
141,239,2019,2023,0.3608,0,0,Domain-specific batch normalization for unsupervised domain adaptation,Multisensor Temporal Unsupervised Domain Adaptation for Land Cover Mapping
431,432,2015,2014,0.3608,1,0,Estimating the accuracies of multiple classifiers without labeled data,Ranking and combining multiple predictors without labeled data
39,261,2023,2012,0.3605,0,0,Urban tree canopy mapping based on double-branch CNN and multi-temporal high spatial resolution satellite imagery,High-resolution tree canopy mapping for New York City using LIDAR and object-based image analysis
88,196,2023,2023,0.3602,1,0,Nationwide urban tree canopy mapping and coverage assessment in Brazil from high-resolution remote sensing images using deep learning,Very High Resolution Images and Superpixel-Enhanced Deep Neural Forest Promote Urban Tree Canopy Detection
259,260,2020,2022,0.3596,0,0,Detecting Long-Term Urban Forest Cover Change and Impacts of Natural Disasters,Combining aerial photos and LiDAR data to detect canopy cover change in urban forests
26,345,2005,2000,0.3590,0,0,Image misregistration error in change measurements,Bias in land cover change estimates due to misregistration
422,437,2007,2009,0.3587,0,0,SPC procedures for monitoring autocorrelated processes,A CUSUM chart for monitoring a proportion with autocorrelated binary observations
287,288,2022,2017,0.3582,0,0,Effect of Inspection Error on CUSUM Chart for Truncated Negative Binomial Distribution,The Effect of Misclassification Due to Measurement Error on CUSUM Control Charts for Intervened Poisson Distribution
139,266,2025,2024,0.3578,1,0,Adapting cross-sensor high-resolution remote sensing imagery for land use classification,Bayesian Inference for Post-Processing of Remote-Sensing Image Classification
88,106,2023,2026,0.3571,0,0,Nationwide urban tree canopy mapping and coverage assessment in Brazil from high-resolution remote sensing images using deep learning,Using GeoAI and machine learning tools for consistent high-resolution land cover mapping based on time-series NAIP imagery
11,191,2025,2024,0.3565,1,0,Monitoring temporal changes in large urban street trees using remote sensing and deep learning,Single-temporal supervised learning for universal remote sensing change detection
110,146,2026,2024,0.3559,0,0,D2FT-Net: Frequency-spatial dual domain fine-tuning of vision foundation models for remote sensing domain generalization semantic segmentation,Domain generalization for semantic segmentation: a survey
124,130,2019,2023,0.3559,0,0,Conformal prediction under covariate shift,Conformal prediction: A gentle introduction
32,197,2021,2026,0.3554,0,0,Application and evaluation of a deep learning architecture to urban tree canopy mapping,An Open and Transferable Deep Learning Framework for Mapping Urban Tree Canopy Using NAIP Imagery
45,46,2025,2025,0.3554,1,0,SAM2-ELNet: Label enhancement and automatic annotation for remote sensing segmentation,SAMOIS: Efficient fine-tuned SAM with multi-scale enhancement for optical remote sensing image segmentation
29,173,2024,2026,0.3551,0,0,Towards general deep-learning-based tree instance segmentation models,Learning image-based tree crown segmentation from enhanced lidar-based pseudo-labels
66,262,2024,2012,0.3551,0,0,Historical changes in tree and impervious surface cover following urban renewal in a small postindustrial city,Tree and impervious cover change in U.S. cities
207,208,2019,2025,0.3546,0,0,ImageNet-trained CNNs are biased towards texture; increasing shape bias improves accuracy and robustness,ImageNet-trained CNNs are not biased towards texture: Revisiting feature reliance through controlled suppression
211,223,2017,2010,0.3542,0,0,Using a Hidden Markov Model for Improving the Spatial-Temporal Consistency of Time Series Land Cover Classification,A Hierarchical Spatio-Temporal Markov Model for Improved Flood Mapping Using Multi-Temporal X-Band SAR Data
91,396,2024,1996,0.3540,0,0,Training data in satellite image classification for land cover mapping: a review,A Markov random field model for classification of multisource satellite imagery
47,142,2024,2024,0.3538,1,0,Knowledge transfer and domain adaptation for fine-grained remote sensing image segmentation,Single domain generalization method for remote sensing image segmentation via category consistency on domain randomization
429,431,2014,2015,0.3537,1,0,Estimating accuracy from unlabeled data,Estimating the accuracies of multiple classifiers without labeled data
106,261,2026,2012,0.3533,0,0,Using GeoAI and machine learning tools for consistent high-resolution land cover mapping based on time-series NAIP imagery,High-resolution tree canopy mapping for New York City using LIDAR and object-based image analysis
107,166,2025,2026,0.3533,1,0,Domain generalization for semantic segmentation of remote sensing images via vision foundation model fine-tuning,Ladder-side-tuning of visual foundation model for city-scale individual tree detection from high-resolution remote sensing images
67,197,2024,2026,0.3529,0,0,Deep learning for urban tree canopy coverage analysis: A comparison and case study,An Open and Transferable Deep Learning Framework for Mapping Urban Tree Canopy Using NAIP Imagery
174,331,2025,2017,0.3529,0,0,Zero-shot tree detection and segmentation from aerial forest imagery,Learning Aerial Image Segmentation From Online Maps
242,247,2026,2024,0.3529,0,0,Forest canopy height estimation from satellite RGB imagery using large-scale airborne LiDAR-derived training data,Very high resolution canopy height maps from RGB imagery using self-supervised vision transformer and convolutional decoder trained on aerial lidar
1,4,2022,2019,0.3520,0,0,Individual tree crown delineation in high-resolution remote sensing images based on U-Net,Individual tree-crown detection in RGB imagery using semi-supervised deep learning neural networks
175,223,2016,2010,0.3520,0,0,Improving the consistency of multitemporal land cover maps using a hidden Markov model,A Hierarchical Spatio-Temporal Markov Model for Improved Flood Mapping Using Multi-Temporal X-Band SAR Data
99,102,2020,2020,0.3517,1,0,Quality control and assessment of interpreter consistency of annual land cover reference data in an operational national monitoring program,Producing consistent visually interpreted land cover reference data: learning from feedback
299,300,1978,1982,0.3517,0,0,A Natural Identity for Exponential Families with Applications in Multiparameter Estimation,Improving Upon Standard Estimators in Discrete Exponential Families with Applications to Poisson and Negative Binomial Cases
221,266,2012,2024,0.3514,0,0,Context Models for CRF-Based Classification of Multitemporal Remote Sensing Data,Bayesian Inference for Post-Processing of Remote-Sensing Image Classification
297,299,2009,1978,0.3514,0,0,Generalized SURE for Exponential Families: Applications to Regularization,A Natural Identity for Exponential Families with Applications in Multiparameter Estimation
7,42,2024,2025,0.3504,1,0,Individual tree detection in large-scale urban environments using high-resolution multispectral imagery,Fine-tuning DeepForest for forest tree detection in high-resolution UAV imagery
44,46,2024,2025,0.3492,1,0,Task-specific pretraining with noisy labels for remote sensing image segmentation,SAMOIS: Efficient fine-tuned SAM with multi-scale enhancement for optical remote sensing image segmentation
169,346,2020,2003,0.3486,0,0,Mitigating the effects of omission errors on area and area change estimates,The perimeter/area ratio as an index of misregistration bias in land cover change estimates
215,239,2015,2023,0.3486,0,0,A spatial–temporal contextual Markovian kernel method for multi-temporal land cover mapping,Multisensor Temporal Unsupervised Domain Adaptation for Land Cover Mapping
1,5,2022,2023,0.3485,1,0,Individual tree crown delineation in high-resolution remote sensing images based on U-Net,Accurate delineation of individual tree crowns in tropical forests from aerial RGB imagery using Mask R-CNN
387,397,2000,1999,0.3483,1,0,A general approach to modeling CUSUM charts for a proportion,A CUSUM chart for monitoring a proportion when inspecting continuously
223,373,2010,2005,0.3482,0,0,A Hierarchical Spatio-Temporal Markov Model for Improved Flood Mapping Using Multi-Temporal X-Band SAR Data,Modeling spatial-temporal binary data using Markov random fields
88,240,2023,2026,0.3478,0,0,Nationwide urban tree canopy mapping and coverage assessment in Brazil from high-resolution remote sensing images using deep learning,High-resolution multi-temporal forest canopy height mapping in California using GEDI LiDAR and multi-sensor remote sensing
169,185,2020,2013,0.3478,0,0,Mitigating the effects of omission errors on area and area change estimates,Ground reference data error and the mis-estimation of the area of land cover change as a function of its abundance
16,139,2011,2025,0.3475,0,0,A survey of active learning algorithms for supervised remote sensing image classification,Adapting cross-sensor high-resolution remote sensing imagery for land use classification
173,331,2026,2017,0.3474,0,0,Learning image-based tree crown segmentation from enhanced lidar-based pseudo-labels,Learning Aerial Image Segmentation From Online Maps
39,88,2023,2023,0.3473,1,0,Urban tree canopy mapping based on double-branch CNN and multi-temporal high spatial resolution satellite imagery,Nationwide urban tree canopy mapping and coverage assessment in Brazil from high-resolution remote sensing images using deep learning
175,216,2016,2020,0.3471,0,0,Improving the consistency of multitemporal land cover maps using a hidden Markov model,Evaluating the reliability of time series land cover maps by exploiting the hidden Markov model
186,319,2012,2007,0.3469,0,0,Impact of error on landscape pattern analyses performed on land-cover change maps (misclassification error propagation in land cover change categorization),Simulating error propagation in land-cover change analysis: the implications of temporal dependence
39,240,2023,2026,0.3464,0,0,Urban tree canopy mapping based on double-branch CNN and multi-temporal high spatial resolution satellite imagery,High-resolution multi-temporal forest canopy height mapping in California using GEDI LiDAR and multi-sensor remote sensing
30,107,2020,2025,0.3462,0,0,StandardGAN: Multi-source domain adaptation for semantic segmentation of VHR satellite images,Domain generalization for semantic segmentation of remote sensing images via vision foundation model fine-tuning
186,365,2012,2010,0.3462,0,0,Impact of error on landscape pattern analyses performed on land-cover change maps (misclassification error propagation in land cover change categorization),Propagating error in land-cover-change analyses: impact of temporal dependence under increased thematic complexity
233,249,2014,2020,0.3462,0,0,Continuous change detection and classification of land cover using all available Landsat data,Training Data Selection for Annual Land Cover Classification for LCMAP
16,92,2011,2025,0.3459,0,0,A survey of active learning algorithms for supervised remote sensing image classification,Human-annotated label noise and their impact on ConvNets for remote sensing image scene classification
35,136,2024,2020,0.3458,0,0,Learning from unlabelled data with transformers: Domain adaptation for semantic segmentation of aerial images,FDA: Fourier domain adaptation for semantic segmentation
4,9,2019,2023,0.3456,0,0,Individual tree-crown detection in RGB imagery using semi-supervised deep learning neural networks,A systematic review of individual tree crown detection and delineation with convolutional neural networks (CNN)
5,85,2023,2016,0.3451,0,0,Accurate delineation of individual tree crowns in tropical forests from aerial RGB imagery using Mask R-CNN,Lidar detection of individual tree size in tropical forests
11,88,2025,2023,0.3446,0,0,Monitoring temporal changes in large urban street trees using remote sensing and deep learning,Nationwide urban tree canopy mapping and coverage assessment in Brazil from high-resolution remote sensing images using deep learning
178,230,2010,2021,0.3444,0,0,Detecting trends in forest disturbance and recovery using yearly Landsat time series: 2. TimeSync — Tools for calibration and validation,"Disturbance detection in Landsat time series is influenced by tree mortality agent and severity, not by prior disturbance"
222,249,2021,2020,0.3441,1,0,Spatial-Temporal Hidden Markov Model for Land Cover Classification,Training Data Selection for Annual Land Cover Classification for LCMAP
88,261,2023,2012,0.3439,0,0,Nationwide urban tree canopy mapping and coverage assessment in Brazil from high-resolution remote sensing images using deep learning,High-resolution tree canopy mapping for New York City using LIDAR and object-based image analysis
148,192,2020,2025,0.3435,0,0,Progressive domain adaptation for change detection using season-varying remote sensing images,Toward label-efficient deep learning change detection for remote sensing imagery: a comprehensive review
252,255,2018,2026,0.3435,0,0,Semantic Segmentation of Aerial Imagery via Multi-Scale Shuffling CNNs with Deep Supervision,Enhancing land cover semantic segmentation with convolutional block attention modules and deep supervision
92,322,2025,2017,0.3433,0,0,Human-annotated label noise and their impact on ConvNets for remote sensing image scene classification,Classification of Large-Scale Remote Sensing Images for Automatic Identification of Health Hazards
258,320,1998,2011,0.3431,0,0,Design and Analysis for Thematic Map Accuracy Assessment,Spatio-temporal errors in land-cover change analysis: implications for accuracy assessment
71,160,2019,2018,0.3429,1,0,Key issues in rigorous accuracy assessment of land cover products,Supervised methods of image segmentation accuracy assessment in land cover mapping
440,441,1991,1999,0.3429,0,0,Some statistical process control methods for autocorrelated data,Control charts for monitoring the mean and variance of autocorrelated processes
111,144,2025,2025,0.3427,1,0,CrossEarth: Geospatial vision foundation model for domain generalizable remote sensing semantic segmentation,Boosting domain generalization in remote sensing image segmentation via style mapping and general prototypical contrast
5,18,2023,2011,0.3425,0,0,Accurate delineation of individual tree crowns in tropical forests from aerial RGB imagery using Mask R-CNN,A review of methods for automatic individual tree-crown detection and delineation from passive remote sensing
227,344,2012,1992,0.3425,0,0,State-of-the-Art in Sequential Change-Point Detection,The impact of misregistration on change detection
104,273,2016,2013,0.3423,0,0,Estimation of urban tree canopy cover using random point sampling and remote sensing methods,A Comparison of Three Methods for Measuring Local Urban Tree Canopy Cover
13,88,2025,2023,0.3423,0,0,Detecting and measuring fine-scale urban tree canopy loss with deep learning and remote sensing,Nationwide urban tree canopy mapping and coverage assessment in Brazil from high-resolution remote sensing images using deep learning
88,264,2023,2025,0.3423,0,0,Nationwide urban tree canopy mapping and coverage assessment in Brazil from high-resolution remote sensing images using deep learning,Detecting and measuring fine-scale urban tree canopy loss with deep learning and remote sensing
437,441,2009,1999,0.3421,0,0,A CUSUM chart for monitoring a proportion with autocorrelated binary observations,Control charts for monitoring the mean and variance of autocorrelated processes
44,47,2024,2024,0.3419,1,0,Task-specific pretraining with noisy labels for remote sensing image segmentation,Knowledge transfer and domain adaptation for fine-grained remote sensing image segmentation
168,273,2016,2013,0.3417,0,0,A comparison of two sampling approaches for assessing the urban forest canopy cover from aerial photography,A Comparison of Three Methods for Measuring Local Urban Tree Canopy Cover
80,99,2022,2020,0.3416,0,0,Global and local assessment of image classification quality on an overall and per-class basis without ground reference data,Quality control and assessment of interpreter consistency of annual land cover reference data in an operational national monitoring program
215,223,2015,2010,0.3415,0,0,A spatial–temporal contextual Markovian kernel method for multi-temporal land cover mapping,A Hierarchical Spatio-Temporal Markov Model for Improved Flood Mapping Using Multi-Temporal X-Band SAR Data
217,410,2015,2003,0.3415,0,0,Continuous Change Detection and Classification Using Hidden Markov Model: Beijing,Applications of continuous time hidden Markov models to the study of misclassified disease outcomes
5,10,2023,2023,0.3404,1,0,Accurate delineation of individual tree crowns in tropical forests from aerial RGB imagery using Mask R-CNN,The co-effect of image resolution and crown size on deep learning for individual tree detection and delineation
28,42,2025,2025,0.3404,1,0,SelvaBox: A high-resolution dataset for tropical tree crown detection,Fine-tuning DeepForest for forest tree detection in high-resolution UAV imagery
241,242,2025,2026,0.3404,1,0,Super-Resolved Canopy Height Mapping from Sentinel-2 Time Series Using Airborne LiDAR HD,Forest canopy height estimation from satellite RGB imagery using large-scale airborne LiDAR-derived training data
88,104,2023,2016,0.3400,0,0,Nationwide urban tree canopy mapping and coverage assessment in Brazil from high-resolution remote sensing images using deep learning,Estimation of urban tree canopy cover using random point sampling and remote sensing methods
249,269,2020,2024,0.3398,0,0,Training Data Selection for Annual Land Cover Classification for LCMAP,Decision Fusion at Pixel Level of Multi-Band Data for Land Cover Classification — A Review
247,261,2024,2012,0.3395,0,0,Very high resolution canopy height maps from RGB imagery using self-supervised vision transformer and convolutional decoder trained on aerial lidar,High-resolution tree canopy mapping for New York City using LIDAR and object-based image analysis
107,251,2025,2024,0.3394,1,0,Domain generalization for semantic segmentation of remote sensing images via vision foundation model fine-tuning,Coarse-to-fine semantic segmentation of satellite images
90,233,2009,2014,0.3388,0,0,The effects of different classification models on error propagation in land cover change detection,Continuous change detection and classification of land cover using all available Landsat data
125,130,2023,2023,0.3387,1,0,Conformal prediction beyond exchangeability,Conformal prediction: A gentle introduction
42,166,2025,2026,0.3385,1,0,Fine-tuning DeepForest for forest tree detection in high-resolution UAV imagery,Ladder-side-tuning of visual foundation model for city-scale individual tree detection from high-resolution remote sensing images
123,124,2026,2019,0.3385,0,0,Conformal prediction sets for instance segmentation,Conformal prediction under covariate shift
35,47,2024,2024,0.3383,1,0,Learning from unlabelled data with transformers: Domain adaptation for semantic segmentation of aerial images,Knowledge transfer and domain adaptation for fine-grained remote sensing image segmentation
59,61,2020,2023,0.3383,0,0,Spatial validation reveals poor predictive performance of large-scale ecological mapping models,Assessing the performance of spatial cross-validation approaches for models of spatially structured data
211,217,2017,2015,0.3383,0,0,Using a Hidden Markov Model for Improving the Spatial-Temporal Consistency of Time Series Land Cover Classification,Continuous Change Detection and Classification Using Hidden Markov Model: Beijing
181,443,2003,2017,0.3377,0,0,A demonstration of interval-censored survival analysis,Multi-State Survival Models for Interval-Censored Data
344,345,1992,2000,0.3377,0,0,The impact of misregistration on change detection,Bias in land cover change estimates due to misregistration
88,265,2023,2008,0.3373,0,0,Nationwide urban tree canopy mapping and coverage assessment in Brazil from high-resolution remote sensing images using deep learning,"Difficulties with estimating city-wide urban forest cover change from national, remotely-sensed tree canopy maps"
21,26,1998,2005,0.3370,0,0,The effects of image misregistration on the accuracy of remotely sensed change detection,Image misregistration error in change measurements
41,222,2018,2021,0.3368,0,0,Universal Language Model Fine-tuning for Text Classification (ULMFiT),Spatial-Temporal Hidden Markov Model for Land Cover Classification
344,346,1992,2003,0.3368,0,0,The impact of misregistration on change detection,The perimeter/area ratio as an index of misregistration bias in land cover change estimates
78,258,2023,1998,0.3366,0,0,Thematic accuracy assessment of the NLCD 2019 land cover for the conterminous United States,Design and Analysis for Thematic Map Accuracy Assessment
71,77,2019,2016,0.3364,0,0,Key issues in rigorous accuracy assessment of land cover products,Accuracy assessment of NOAA Coastal Change Analysis Program 2006-2010 land cover and land cover change data
37,45,2025,2025,0.3364,1,0,Data augmentation and resolution enhancement using GANs and diffusion models for tree segmentation,SAM2-ELNet: Label enhancement and automatic annotation for remote sensing segmentation
32,67,2021,2024,0.3363,0,0,Application and evaluation of a deep learning architecture to urban tree canopy mapping,Deep learning for urban tree canopy coverage analysis: A comparison and case study
10,42,2023,2025,0.3362,0,0,The co-effect of image resolution and crown size on deep learning for individual tree detection and delineation,Fine-tuning DeepForest for forest tree detection in high-resolution UAV imagery
19,47,2025,2024,0.3362,1,0,DeepTrees: Tree Crown Segmentation and Analysis in High-Resolution Remote Sensing Images,Knowledge transfer and domain adaptation for fine-grained remote sensing image segmentation
24,176,2021,2024,0.3362,0,0,Change detection using deep learning approach with object-based image analysis,Time-series land cover change detection using deep learning-based temporal semantic segmentation
47,144,2024,2025,0.3358,1,0,Knowledge transfer and domain adaptation for fine-grained remote sensing image segmentation,Boosting domain generalization in remote sensing image segmentation via style mapping and general prototypical contrast
79,80,2010,2022,0.3358,0,0,Assessing the accuracy of land cover change with imperfect ground reference data,Global and local assessment of image classification quality on an overall and per-class basis without ground reference data
104,265,2016,2008,0.3357,0,0,Estimation of urban tree canopy cover using random point sampling and remote sensing methods,"Difficulties with estimating city-wide urban forest cover change from national, remotely-sensed tree canopy maps"
1,88,2022,2023,0.3356,1,0,Individual tree crown delineation in high-resolution remote sensing images based on U-Net,Nationwide urban tree canopy mapping and coverage assessment in Brazil from high-resolution remote sensing images using deep learning
177,230,2010,2021,0.3355,0,0,Detecting trends in forest disturbance and recovery using yearly Landsat time series: 1. LandTrendr — Temporal segmentation algorithms,"Disturbance detection in Landsat time series is influenced by tree mortality agent and severity, not by prior disturbance"
1,7,2022,2024,0.3333,0,0,Individual tree crown delineation in high-resolution remote sensing images based on U-Net,Individual tree detection in large-scale urban environments using high-resolution multispectral imagery
1,9,2022,2023,0.3333,1,0,Individual tree crown delineation in high-resolution remote sensing images based on U-Net,A systematic review of individual tree crown detection and delineation with convolutional neural networks (CNN)
31,136,2025,2020,0.3333,0,0,ADA-Net: Attention-guided domain adaptation for standing dead tree segmentation using aerial imagery,FDA: Fourier domain adaptation for semantic segmentation
39,196,2023,2023,0.3333,1,0,Urban tree canopy mapping based on double-branch CNN and multi-temporal high spatial resolution satellite imagery,Very High Resolution Images and Superpixel-Enhanced Deep Neural Forest Promote Urban Tree Canopy Detection
47,145,2024,2024,0.3333,1,0,Knowledge transfer and domain adaptation for fine-grained remote sensing image segmentation,Frequency-based optimal style mix for domain generalization in semantic segmentation of remote sensing images
92,266,2025,2024,0.3333,1,0,Human-annotated label noise and their impact on ConvNets for remote sensing image scene classification,Bayesian Inference for Post-Processing of Remote-Sensing Image Classification
114,115,2022,2025,0.3333,0,0,Continual test-time domain adaptation,Test-time adaptation for geospatial point cloud semantic segmentation with distinct domain shifts
143,239,2024,2023,0.3333,1,0,Randomized histogram matching: A simple augmentation for unsupervised domain adaptation in overhead imagery,Multisensor Temporal Unsupervised Domain Adaptation for Land Cover Mapping
177,179,2010,2017,0.3333,0,0,Detecting trends in forest disturbance and recovery using yearly Landsat time series: 1. LandTrendr — Temporal segmentation algorithms,"Change detection using Landsat time series: A review of frequencies, preprocessing, algorithms, and applications"
302,356,2019,2020,0.3333,1,0,Noise2Self: Blind Denoising by Self-Supervision,Removing Structured Noise with Self-Supervised Blind-Spot Networks
397,421,1999,2001,0.3333,0,0,A CUSUM chart for monitoring a proportion when inspecting continuously,CUSUM charts for monitoring an autocorrelated process
421,440,2001,1991,0.3333,0,0,CUSUM charts for monitoring an autocorrelated process,Some statistical process control methods for autocorrelated data
35,134,2024,2023,0.3312,1,0,Learning from unlabelled data with transformers: Domain adaptation for semantic segmentation of aerial images,Temporal-domain adaptation for satellite image time-series land-cover mapping with adversarial learning and spatially aware self-training
185,189,2013,2018,0.3310,0,0,Ground reference data error and the mis-estimation of the area of land cover change as a function of its abundance,The effects of imperfect reference data on remote sensing-assisted estimators of land cover class proportions
46,47,2025,2024,0.3308,1,0,SAMOIS: Efficient fine-tuned SAM with multi-scale enhancement for optical remote sensing image segmentation,Knowledge transfer and domain adaptation for fine-grained remote sensing image segmentation
220,221,2015,2012,0.3306,0,0,Conditional Random Fields for Multitemporal and Multiscale Classification of Optical Satellite Imagery,Context Models for CRF-Based Classification of Multitemporal Remote Sensing Data
1,139,2022,2025,0.3305,0,0,Individual tree crown delineation in high-resolution remote sensing images based on U-Net,Adapting cross-sensor high-resolution remote sensing imagery for land use classification
77,79,2016,2010,0.3305,0,0,Accuracy assessment of NOAA Coastal Change Analysis Program 2006-2010 land cover and land cover change data,Assessing the accuracy of land cover change with imperfect ground reference data
105,273,2020,2013,0.3304,0,0,Geospatial methods for tree canopy assessment: A case study of an urbanized college campus,A Comparison of Three Methods for Measuring Local Urban Tree Canopy Cover
338,340,2011,1999,0.3304,0,0,The fate of Amazonian forest fragments: A 32-year investigation,Effect of surrounding vegetation on edge-related tree mortality in Amazonian forest fragments
115,146,2025,2024,0.3301,1,0,Test-time adaptation for geospatial point cloud semantic segmentation with distinct domain shifts,Domain generalization for semantic segmentation: a survey
422,440,2007,1991,0.3294,0,0,SPC procedures for monitoring autocorrelated processes,Some statistical process control methods for autocorrelated data
62,262,2022,2012,0.3293,0,0,Historical urban tree canopy cover change in two post-industrial cities,Tree and impervious cover change in U.S. cities
19,166,2025,2026,0.3286,1,0,DeepTrees: Tree Crown Segmentation and Analysis in High-Resolution Remote Sensing Images,Ladder-side-tuning of visual foundation model for city-scale individual tree detection from high-resolution remote sensing images
301,438,2021,1980,0.3286,0,0,Resampling Plans and the Estimation of Prediction Error,Estimating the error rates of diagnostic tests
69,70,2014,2013,0.3281,1,0,Good practices for estimating area and assessing accuracy of land change,Making better use of accuracy data in land change studies: Estimating accuracy and area and quantifying uncertainty using stratified estimation
124,125,2019,2023,0.3281,0,0,Conformal prediction under covariate shift,Conformal prediction beyond exchangeability
176,447,2024,2016,0.3279,0,0,Time-series land cover change detection using deep learning-based temporal semantic segmentation,Temporal replication of the national land cover database using active machine learning
71,78,2019,2023,0.3273,0,0,Key issues in rigorous accuracy assessment of land cover products,Thematic accuracy assessment of the NLCD 2019 land cover for the conterminous United States
15,20,2022,2019,0.3270,0,0,Automatic relative radiometric normalization of bi-temporal satellite images using coarse-to-fine PIF selection and fuzzy integral fusion,Normalizing shadows in multi-temporal aerial frame imagery using relative radiometric adjustments
19,42,2025,2025,0.3269,1,0,DeepTrees: Tree Crown Segmentation and Analysis in High-Resolution Remote Sensing Images,Fine-tuning DeepForest for forest tree detection in high-resolution UAV imagery
241,247,2025,2024,0.3269,1,0,Super-Resolved Canopy Height Mapping from Sentinel-2 Time Series Using Airborne LiDAR HD,Very high resolution canopy height maps from RGB imagery using self-supervised vision transformer and convolutional decoder trained on aerial lidar
47,136,2024,2020,0.3263,0,0,Knowledge transfer and domain adaptation for fine-grained remote sensing image segmentation,FDA: Fourier domain adaptation for semantic segmentation
210,445,2022,2026,0.3262,0,0,Hidden Markov Models for Annual Land Cover Mapping — Increasing Temporal Consistency and Completeness,Evaluating Accuracy and Temporal Consistency of Machine Learning Models for LULC Mapping in the Cimanuk Watershed
30,145,2020,2024,0.3259,0,0,StandardGAN: Multi-source domain adaptation for semantic segmentation of VHR satellite images,Frequency-based optimal style mix for domain generalization in semantic segmentation of remote sensing images
58,61,2017,2023,0.3259,0,0,"Cross-validation strategies for data with temporal, spatial, hierarchical, or phylogenetic structure",Assessing the performance of spatial cross-validation approaches for models of spatially structured data
20,205,2019,2023,0.3258,0,0,Normalizing shadows in multi-temporal aerial frame imagery using relative radiometric adjustments,Relaxation-Based Radiometric Normalization for Multitemporal Cross-Sensor Satellite Images
139,240,2025,2026,0.3258,1,0,Adapting cross-sensor high-resolution remote sensing imagery for land use classification,High-resolution multi-temporal forest canopy height mapping in California using GEDI LiDAR and multi-sensor remote sensing
69,188,2014,2012,0.3254,0,0,Good practices for estimating area and assessing accuracy of land change,Impact of sample size allocation when using stratified random sampling to estimate accuracy and area of land-cover change
77,187,2016,2025,0.3252,0,0,Accuracy assessment of NOAA Coastal Change Analysis Program 2006-2010 land cover and land cover change data,"Land Cover and Change Map Accuracy Assessment and Area Estimation Good Practices Protocol, Version 1.1"
91,220,2024,2015,0.3252,0,0,Training data in satellite image classification for land cover mapping: a review,Conditional Random Fields for Multitemporal and Multiscale Classification of Optical Satellite Imagery
13,32,2025,2021,0.3250,0,0,Detecting and measuring fine-scale urban tree canopy loss with deep learning and remote sensing,Application and evaluation of a deep learning architecture to urban tree canopy mapping
32,264,2021,2025,0.3250,0,0,Application and evaluation of a deep learning architecture to urban tree canopy mapping,Detecting and measuring fine-scale urban tree canopy loss with deep learning and remote sensing
63,262,2014,2012,0.3247,0,0,"Urban tree cover change in Detroit and Atlanta, USA, 1951-2010",Tree and impervious cover change in U.S. cities
101,188,2024,2012,0.3247,0,0,Using interpenetrating subsampling to incorporate interpreter variability into estimation of the total variance of land cover area estimates,Impact of sample size allocation when using stratified random sampling to estimate accuracy and area of land-cover change
221,274,2012,2022,0.3246,0,0,Context Models for CRF-Based Classification of Multitemporal Remote Sensing Data,Identification of undocumented buildings in cadastral data using remote sensing
67,88,2024,2023,0.3241,1,0,Deep learning for urban tree canopy coverage analysis: A comparison and case study,Nationwide urban tree canopy mapping and coverage assessment in Brazil from high-resolution remote sensing images using deep learning
125,129,2023,2013,0.3239,0,0,Conformal prediction beyond exchangeability,Conditional validity of inductive conformal predictors
320,365,2011,2010,0.3239,1,0,Spatio-temporal errors in land-cover change analysis: implications for accuracy assessment,Propagating error in land-cover-change analyses: impact of temporal dependence under increased thematic complexity
188,346,2012,2003,0.3237,0,0,Impact of sample size allocation when using stratified random sampling to estimate accuracy and area of land-cover change,The perimeter/area ratio as an index of misregistration bias in land cover change estimates
88,166,2023,2026,0.3237,0,0,Nationwide urban tree canopy mapping and coverage assessment in Brazil from high-resolution remote sensing images using deep learning,Ladder-side-tuning of visual foundation model for city-scale individual tree detection from high-resolution remote sensing images
211,215,2017,2015,0.3235,0,0,Using a Hidden Markov Model for Improving the Spatial-Temporal Consistency of Time Series Land Cover Classification,A spatial–temporal contextual Markovian kernel method for multi-temporal land cover mapping
142,159,2024,2017,0.3233,0,0,Single domain generalization method for remote sensing image segmentation via category consistency on domain randomization,A novel unsupervised segmentation quality evaluation method for remote sensing images
242,245,2026,2025,0.3233,1,0,Forest canopy height estimation from satellite RGB imagery using large-scale airborne LiDAR-derived training data,Capturing Temporal Dynamics in Large-Scale Canopy Tree Height Estimation
19,261,2025,2012,0.3228,0,0,DeepTrees: Tree Crown Segmentation and Analysis in High-Resolution Remote Sensing Images,High-resolution tree canopy mapping for New York City using LIDAR and object-based image analysis
187,320,2025,2011,0.3228,0,0,"Land Cover and Change Map Accuracy Assessment and Area Estimation Good Practices Protocol, Version 1.1",Spatio-temporal errors in land-cover change analysis: implications for accuracy assessment
11,176,2025,2024,0.3226,1,0,Monitoring temporal changes in large urban street trees using remote sensing and deep learning,Time-series land cover change detection using deep learning-based temporal semantic segmentation
30,396,2020,1996,0.3223,0,0,StandardGAN: Multi-source domain adaptation for semantic segmentation of VHR satellite images,A Markov random field model for classification of multisource satellite imagery
210,215,2022,2015,0.3223,0,0,Hidden Markov Models for Annual Land Cover Mapping — Increasing Temporal Consistency and Completeness,A spatial–temporal contextual Markovian kernel method for multi-temporal land cover mapping
340,341,1999,1998,0.3223,1,0,Effect of surrounding vegetation on edge-related tree mortality in Amazonian forest fragments,Rain forest fragmentation and the dynamics of Amazonian tree communities
13,67,2025,2024,0.3220,1,0,Detecting and measuring fine-scale urban tree canopy loss with deep learning and remote sensing,Deep learning for urban tree canopy coverage analysis: A comparison and case study
23,90,2014,2009,0.3220,0,0,Assessment of the image misregistration effects on object-based change detection,The effects of different classification models on error propagation in land cover change detection
67,264,2024,2025,0.3220,1,0,Deep learning for urban tree canopy coverage analysis: A comparison and case study,Detecting and measuring fine-scale urban tree canopy loss with deep learning and remote sensing
141,143,2019,2024,0.3220,0,0,Domain-specific batch normalization for unsupervised domain adaptation,Randomized histogram matching: A simple augmentation for unsupervised domain adaptation in overhead imagery
67,195,2024,2024,0.3217,1,0,Deep learning for urban tree canopy coverage analysis: A comparison and case study,Integrated urban land cover analysis using deep learning and post-classification correction
4,5,2019,2023,0.3214,0,0,Individual tree-crown detection in RGB imagery using semi-supervised deep learning neural networks,Accurate delineation of individual tree crowns in tropical forests from aerial RGB imagery using Mask R-CNN
35,115,2024,2025,0.3214,1,0,Learning from unlabelled data with transformers: Domain adaptation for semantic segmentation of aerial images,Test-time adaptation for geospatial point cloud semantic segmentation with distinct domain shifts
44,45,2024,2025,0.3214,1,0,Task-specific pretraining with noisy labels for remote sensing image segmentation,SAM2-ELNet: Label enhancement and automatic annotation for remote sensing segmentation
46,107,2025,2025,0.3214,1,0,SAMOIS: Efficient fine-tuned SAM with multi-scale enhancement for optical remote sensing image segmentation,Domain generalization for semantic segmentation of remote sensing images via vision foundation model fine-tuning
104,188,2016,2012,0.3214,0,0,Estimation of urban tree canopy cover using random point sampling and remote sensing methods,Impact of sample size allocation when using stratified random sampling to estimate accuracy and area of land-cover change
99,103,2020,2024,0.3212,0,0,Quality control and assessment of interpreter consistency of annual land cover reference data in an operational national monitoring program,Assessing interpreter's disagreements in land cover reference data collection from historical Landsat time series in Amazon
211,406,2017,2003,0.3212,0,0,Using a Hidden Markov Model for Improving the Spatial-Temporal Consistency of Time Series Land Cover Classification,A Markov random field approach to spatio-temporal contextual image classification
23,24,2014,2021,0.3211,0,0,Assessment of the image misregistration effects on object-based change detection,Change detection using deep learning approach with object-based image analysis
169,438,2020,1980,0.3210,0,0,Mitigating the effects of omission errors on area and area change estimates,Estimating the error rates of diagnostic tests
17,148,2011,2020,0.3208,0,0,Using active learning to adapt remote sensing image classifiers,Progressive domain adaptation for change detection using season-varying remote sensing images
15,251,2022,2024,0.3206,0,0,Automatic relative radiometric normalization of bi-temporal satellite images using coarse-to-fine PIF selection and fuzzy integral fusion,Coarse-to-fine semantic segmentation of satellite images
44,92,2024,2025,0.3206,1,0,Task-specific pretraining with noisy labels for remote sensing image segmentation,Human-annotated label noise and their impact on ConvNets for remote sensing image scene classification
176,255,2024,2026,0.3206,0,0,Time-series land cover change detection using deep learning-based temporal semantic segmentation,Enhancing land cover semantic segmentation with convolutional block attention modules and deep supervision
24,261,2021,2012,0.3200,0,0,Change detection using deep learning approach with object-based image analysis,High-resolution tree canopy mapping for New York City using LIDAR and object-based image analysis
30,31,2020,2025,0.3200,0,0,StandardGAN: Multi-source domain adaptation for semantic segmentation of VHR satellite images,ADA-Net: Attention-guided domain adaptation for standing dead tree segmentation using aerial imagery
166,219,2026,2015,0.3200,0,0,Ladder-side-tuning of visual foundation model for city-scale individual tree detection from high-resolution remote sensing images,Multilayer Markov Random Field models for change detection in optical remote sensing images
16,221,2011,2012,0.3197,1,0,A survey of active learning algorithms for supervised remote sensing image classification,Context Models for CRF-Based Classification of Multitemporal Remote Sensing Data
160,187,2018,2025,0.3197,0,0,Supervised methods of image segmentation accuracy assessment in land cover mapping,"Land Cover and Change Map Accuracy Assessment and Area Estimation Good Practices Protocol, Version 1.1"
160,320,2018,2011,0.3197,0,0,Supervised methods of image segmentation accuracy assessment in land cover mapping,Spatio-temporal errors in land-cover change analysis: implications for accuracy assessment
240,247,2026,2024,0.3195,0,0,High-resolution multi-temporal forest canopy height mapping in California using GEDI LiDAR and multi-sensor remote sensing,Very high resolution canopy height maps from RGB imagery using self-supervised vision transformer and convolutional decoder trained on aerial lidar
35,107,2024,2025,0.3194,1,0,Learning from unlabelled data with transformers: Domain adaptation for semantic segmentation of aerial images,Domain generalization for semantic segmentation of remote sensing images via vision foundation model fine-tuning
46,330,2025,2018,0.3194,0,0,SAMOIS: Efficient fine-tuned SAM with multi-scale enhancement for optical remote sensing image segmentation,Multimodal Image Alignment Through a Multiscale Chain of Neural Networks with Application to Remote Sensing
148,191,2020,2024,0.3193,0,0,Progressive domain adaptation for change detection using season-varying remote sensing images,Single-temporal supervised learning for universal remote sensing change detection
94,240,2024,2026,0.3191,0,0,Sub-meter tree height mapping of California using aerial images and LiDAR-informed U-Net model,High-resolution multi-temporal forest canopy height mapping in California using GEDI LiDAR and multi-sensor remote sensing
100,346,2022,2003,0.3191,0,0,Incorporating interpreter variability into estimation of the total variance of land cover area estimates under simple random sampling,The perimeter/area ratio as an index of misregistration bias in land cover change estimates
199,240,2024,2026,0.3191,0,0,Sub-meter tree height mapping of California using aerial images and LiDAR-informed U-Net model,High-resolution multi-temporal forest canopy height mapping in California using GEDI LiDAR and multi-sensor remote sensing
295,328,2022,2019,0.3191,0,0,MisConv: Convolutional Neural Networks for Missing Data,Correcting rural building annotations in OpenStreetMap using convolutional neural networks
94,96,2024,2020,0.3190,0,0,Sub-meter tree height mapping of California using aerial images and LiDAR-informed U-Net model,"Tree height mapping and crown delineation using LiDAR, large format aerial photographs, and unmanned aerial vehicle photogrammetry in subtropical urban forest"
96,199,2020,2024,0.3190,0,0,"Tree height mapping and crown delineation using LiDAR, large format aerial photographs, and unmanned aerial vehicle photogrammetry in subtropical urban forest",Sub-meter tree height mapping of California using aerial images and LiDAR-informed U-Net model
222,223,2021,2010,0.3190,0,0,Spatial-Temporal Hidden Markov Model for Land Cover Classification,A Hierarchical Spatio-Temporal Markov Model for Improved Flood Mapping Using Multi-Temporal X-Band SAR Data
18,104,2011,2016,0.3188,0,0,A review of methods for automatic individual tree-crown detection and delineation from passive remote sensing,Estimation of urban tree canopy cover using random point sampling and remote sensing methods
113,114,2023,2022,0.3188,1,0,Towards stable test-time adaptation in dynamic wild world,Continual test-time domain adaptation
240,241,2026,2025,0.3188,1,0,High-resolution multi-temporal forest canopy height mapping in California using GEDI LiDAR and multi-sensor remote sensing,Super-Resolved Canopy Height Mapping from Sentinel-2 Time Series Using Airborne LiDAR HD
90,364,2009,1999,0.3186,0,0,The effects of different classification models on error propagation in land cover change detection,Reducing the effects of misregistration on pixel-level change detection
90,185,2009,2013,0.3182,0,0,The effects of different classification models on error propagation in land cover change detection,Ground reference data error and the mis-estimation of the area of land cover change as a function of its abundance
435,438,1979,1980,0.3182,1,0,Maximum likelihood estimation of observer error-rates using the EM algorithm,Estimating the error rates of diagnostic tests
64,168,2017,2016,0.3179,1,0,Growing canopy on a college campus: understanding urban forest change through archival records and aerial photography,A comparison of two sampling approaches for assessing the urban forest canopy cover from aerial photography
237,359,2025,2019,0.3176,0,0,"Green vs growth: The effect of residential intensification on urban tree canopy loss in Christchurch, New Zealand","City-wide canopy cover decline due to residential property redevelopment in Christchurch, New Zealand"
373,406,2005,2003,0.3173,0,0,Modeling spatial-temporal binary data using Markov random fields,A Markov random field approach to spatio-temporal contextual image classification
30,146,2020,2024,0.3168,0,0,StandardGAN: Multi-source domain adaptation for semantic segmentation of VHR satellite images,Domain generalization for semantic segmentation: a survey
202,331,2025,2017,0.3168,0,0,Deep learning based individual tree crown delineation from panchromatic aerial imagery,Learning Aerial Image Segmentation From Online Maps
222,405,2021,2014,0.3168,0,0,Spatial-Temporal Hidden Markov Model for Land Cover Classification,Enhancing MODIS land cover product with a spatial–temporal modeling algorithm
139,148,2025,2020,0.3167,0,0,Adapting cross-sensor high-resolution remote sensing imagery for land use classification,Progressive domain adaptation for change detection using season-varying remote sensing images
4,7,2019,2024,0.3165,0,0,Individual tree-crown detection in RGB imagery using semi-supervised deep learning neural networks,Individual tree detection in large-scale urban environments using high-resolution multispectral imagery
90,189,2009,2018,0.3165,0,0,The effects of different classification models on error propagation in land cover change detection,The effects of imperfect reference data on remote sensing-assisted estimators of land cover class proportions
23,346,2014,2003,0.3162,0,0,Assessment of the image misregistration effects on object-based change detection,The perimeter/area ratio as an index of misregistration bias in land cover change estimates
175,215,2016,2015,0.3162,1,0,Improving the consistency of multitemporal land cover maps using a hidden Markov model,A spatial–temporal contextual Markovian kernel method for multi-temporal land cover mapping
221,269,2012,2024,0.3162,0,0,Context Models for CRF-Based Classification of Multitemporal Remote Sensing Data,Decision Fusion at Pixel Level of Multi-Band Data for Land Cover Classification — A Review
233,269,2014,2024,0.3162,0,0,Continuous change detection and classification of land cover using all available Landsat data,Decision Fusion at Pixel Level of Multi-Band Data for Land Cover Classification — A Review
146,154,2024,2024,0.3158,1,0,Domain generalization for semantic segmentation: a survey,Towards optimization and model selection for domain generalization: A mixup-guided solution
134,404,2023,2012,0.3155,0,0,Temporal-domain adaptation for satellite image time-series land-cover mapping with adversarial learning and spatially aware self-training,A spatial-temporal modeling approach to reconstructing land-cover change trajectories from multi-temporal satellite imagery
22,344,2019,1992,0.3153,0,0,Towards misregistration-tolerant change detection using deep learning techniques with object-based image analysis,The impact of misregistration on change detection
142,146,2024,2024,0.3153,1,0,Single domain generalization method for remote sensing image segmentation via category consistency on domain randomization,Domain generalization for semantic segmentation: a survey
181,184,2003,2026,0.3153,0,0,A demonstration of interval-censored survival analysis,Semiparametric analysis of interval-censored data subject to inaccurate diagnoses with a terminal event
10,19,2023,2025,0.3150,0,0,The co-effect of image resolution and crown size on deep learning for individual tree detection and delineation,DeepTrees: Tree Crown Segmentation and Analysis in High-Resolution Remote Sensing Images
90,288,2009,2017,0.3147,0,0,The effects of different classification models on error propagation in land cover change detection,The Effect of Misclassification Due to Measurement Error on CUSUM Control Charts for Intervened Poisson Distribution
16,159,2011,2017,0.3145,0,0,A survey of active learning algorithms for supervised remote sensing image classification,A novel unsupervised segmentation quality evaluation method for remote sensing images
22,176,2019,2024,0.3143,0,0,Towards misregistration-tolerant change detection using deep learning techniques with object-based image analysis,Time-series land cover change detection using deep learning-based temporal semantic segmentation
64,260,2017,2022,0.3143,0,0,Growing canopy on a college campus: understanding urban forest change through archival records and aerial photography,Combining aerial photos and LiDAR data to detect canopy cover change in urban forests
163,348,2020,2004,0.3143,0,0,About the pitfall of erroneous validation data in the estimation of confusion matrices,The Estimation of Prediction Error: Covariance Penalties and Cross-Validation
39,263,2023,2014,0.3139,0,0,Urban tree canopy mapping based on double-branch CNN and multi-temporal high spatial resolution satellite imagery,"A Versatile, Production-Oriented Approach to High-Resolution Tree-Canopy Mapping"
46,219,2025,2015,0.3139,0,0,SAMOIS: Efficient fine-tuned SAM with multi-scale enhancement for optical remote sensing image segmentation,Multilayer Markov Random Field models for change detection in optical remote sensing images
111,115,2025,2025,0.3139,1,0,CrossEarth: Geospatial vision foundation model for domain generalizable remote sensing semantic segmentation,Test-time adaptation for geospatial point cloud semantic segmentation with distinct domain shifts
179,233,2017,2014,0.3134,0,0,"Change detection using Landsat time series: A review of frequencies, preprocessing, algorithms, and applications",Continuous change detection and classification of land cover using all available Landsat data
404,405,2012,2014,0.3134,0,0,A spatial-temporal modeling approach to reconstructing land-cover change trajectories from multi-temporal satellite imagery,Enhancing MODIS land cover product with a spatial–temporal modeling algorithm
211,410,2017,2003,0.3133,0,0,Using a Hidden Markov Model for Improving the Spatial-Temporal Consistency of Time Series Land Cover Classification,Applications of continuous time hidden Markov models to the study of misclassified disease outcomes
69,169,2014,2020,0.3131,0,0,Good practices for estimating area and assessing accuracy of land change,Mitigating the effects of omission errors on area and area change estimates
169,364,2020,1999,0.3131,0,0,Mitigating the effects of omission errors on area and area change estimates,Reducing the effects of misregistration on pixel-level change detection
107,159,2025,2017,0.3130,0,0,Domain generalization for semantic segmentation of remote sensing images via vision foundation model fine-tuning,A novel unsupervised segmentation quality evaluation method for remote sensing images
42,174,2025,2025,0.3125,1,0,Fine-tuning DeepForest for forest tree detection in high-resolution UAV imagery,Zero-shot tree detection and segmentation from aerial forest imagery
177,226,2010,2022,0.3125,0,0,Detecting trends in forest disturbance and recovery using yearly Landsat time series: 1. LandTrendr — Temporal segmentation algorithms,Demystifying LandTrendr and CCDC temporal segmentation
191,239,2024,2023,0.3125,1,0,Single-temporal supervised learning for universal remote sensing change detection,Multisensor Temporal Unsupervised Domain Adaptation for Land Cover Mapping
346,364,2003,1999,0.3125,0,0,The perimeter/area ratio as an index of misregistration bias in land cover change estimates,Reducing the effects of misregistration on pixel-level change detection
8,42,2023,2025,0.3121,0,0,Tree crown detection and delineation in a temperate deciduous forest from UAV RGB imagery: Effects of spatial resolution and species characteristics,Fine-tuning DeepForest for forest tree detection in high-resolution UAV imagery
69,79,2014,2010,0.3119,0,0,Good practices for estimating area and assessing accuracy of land change,Assessing the accuracy of land cover change with imperfect ground reference data
73,390,2015,2004,0.3118,0,0,Optimizing sample size allocation to strata for estimating area and map accuracy,On optimal spatial subsample size for variance estimation
172,176,2017,2024,0.3115,0,0,Land use/land cover change detection combining automatic processing and visual interpretation,Time-series land cover change detection using deep learning-based temporal semantic segmentation
91,222,2024,2021,0.3113,0,0,Training data in satellite image classification for land cover mapping: a review,Spatial-Temporal Hidden Markov Model for Land Cover Classification
20,204,2019,2008,0.3113,0,0,Normalizing shadows in multi-temporal aerial frame imagery using relative radiometric adjustments,Automatic radiometric normalization of multitemporal satellite imagery with the iteratively re-weighted MAD transformation
16,192,2011,2025,0.3111,0,0,A survey of active learning algorithms for supervised remote sensing image classification,Toward label-efficient deep learning change detection for remote sensing imagery: a comprehensive review
91,135,2024,2025,0.3111,1,0,Training data in satellite image classification for land cover mapping: a review,Spatiotemporal masked pre-training for advancing crop mapping on satellite image time series with limited labels
106,211,2026,2017,0.3110,0,0,Using GeoAI and machine learning tools for consistent high-resolution land cover mapping based on time-series NAIP imagery,Using a Hidden Markov Model for Improving the Spatial-Temporal Consistency of Time Series Land Cover Classification
195,233,2024,2014,0.3109,0,0,Integrated urban land cover analysis using deep learning and post-classification correction,Continuous change detection and classification of land cover using all available Landsat data
9,448,2023,2021,0.3108,0,0,A systematic review of individual tree crown detection and delineation with convolutional neural networks (CNN),Deforestation Detection with Fully Convolutional Networks in the Amazon Forest from Landsat-8 and Sentinel-2 Images
35,145,2024,2024,0.3108,1,0,Learning from unlabelled data with transformers: Domain adaptation for semantic segmentation of aerial images,Frequency-based optimal style mix for domain generalization in semantic segmentation of remote sensing images
203,295,2025,2022,0.3107,0,0,Convolutional Neural Networks for Land Use and Land Cover Multi-class Maps from Historical Aerial Imagery,MisConv: Convolutional Neural Networks for Missing Data
94,247,2024,2024,0.3106,1,0,Sub-meter tree height mapping of California using aerial images and LiDAR-informed U-Net model,Very high resolution canopy height maps from RGB imagery using self-supervised vision transformer and convolutional decoder trained on aerial lidar
199,247,2024,2024,0.3106,1,0,Sub-meter tree height mapping of California using aerial images and LiDAR-informed U-Net model,Very high resolution canopy height maps from RGB imagery using self-supervised vision transformer and convolutional decoder trained on aerial lidar
29,176,2024,2024,0.3103,1,0,Towards general deep-learning-based tree instance segmentation models,Time-series land cover change detection using deep learning-based temporal semantic segmentation
91,139,2024,2025,0.3103,1,0,Training data in satellite image classification for land cover mapping: a review,Adapting cross-sensor high-resolution remote sensing imagery for land use classification
353,363,1998,1998,0.3103,1,0,A generic statistical approach for modelling error of geometric features in GIS,A locational error model for spatial features
13,197,2025,2026,0.3101,1,0,Detecting and measuring fine-scale urban tree canopy loss with deep learning and remote sensing,An Open and Transferable Deep Learning Framework for Mapping Urban Tree Canopy Using NAIP Imagery
197,264,2026,2025,0.3101,1,0,An Open and Transferable Deep Learning Framework for Mapping Urban Tree Canopy Using NAIP Imagery,Detecting and measuring fine-scale urban tree canopy loss with deep learning and remote sensing
225,259,2025,2020,0.3101,0,0,"Comparative Global Assessment and Optimization of LandTrendr, CCDC, and BFAST for Urban Land Cover Change Detection",Detecting Long-Term Urban Forest Cover Change and Impacts of Natural Disasters
16,133,2011,2025,0.3097,0,0,A survey of active learning algorithms for supervised remote sensing image classification,SatDINO: A deep dive into self-supervised pretraining for remote sensing
185,345,2013,2000,0.3097,0,0,Ground reference data error and the mis-estimation of the area of land cover change as a function of its abundance,Bias in land cover change estimates due to misregistration
211,213,2017,2025,0.3097,0,0,Using a Hidden Markov Model for Improving the Spatial-Temporal Consistency of Time Series Land Cover Classification,Bayesian Modelling of Multi-Year Crop Type Classification Using Deep Neural Networks and Hidden Markov Models
13,104,2025,2016,0.3095,0,0,Detecting and measuring fine-scale urban tree canopy loss with deep learning and remote sensing,Estimation of urban tree canopy cover using random point sampling and remote sensing methods
70,74,2013,2024,0.3095,0,0,Making better use of accuracy data in land change studies: Estimating accuracy and area and quantifying uncertainty using stratified estimation,Choosing a sample size allocation to strata based on trade-offs in precision when estimating accuracy and area of a rare class from a stratified sample
104,264,2016,2025,0.3095,0,0,Estimation of urban tree canopy cover using random point sampling and remote sensing methods,Detecting and measuring fine-scale urban tree canopy loss with deep learning and remote sensing
1,28,2022,2025,0.3091,0,0,Individual tree crown delineation in high-resolution remote sensing images based on U-Net,SelvaBox: A high-resolution dataset for tropical tree crown detection
1,42,2022,2025,0.3091,0,0,Individual tree crown delineation in high-resolution remote sensing images based on U-Net,Fine-tuning DeepForest for forest tree detection in high-resolution UAV imagery
77,78,2016,2023,0.3089,0,0,Accuracy assessment of NOAA Coastal Change Analysis Program 2006-2010 land cover and land cover change data,Thematic accuracy assessment of the NLCD 2019 land cover for the conterminous United States
213,222,2025,2021,0.3089,0,0,Bayesian Modelling of Multi-Year Crop Type Classification Using Deep Neural Networks and Hidden Markov Models,Spatial-Temporal Hidden Markov Model for Land Cover Classification
31,143,2025,2024,0.3088,1,0,ADA-Net: Attention-guided domain adaptation for standing dead tree segmentation using aerial imagery,Randomized histogram matching: A simple augmentation for unsupervised domain adaptation in overhead imagery
44,135,2024,2025,0.3088,1,0,Task-specific pretraining with noisy labels for remote sensing image segmentation,Spatiotemporal masked pre-training for advancing crop mapping on satellite image time series with limited labels
177,224,2010,2018,0.3088,0,0,Detecting trends in forest disturbance and recovery using yearly Landsat time series: 1. LandTrendr — Temporal segmentation algorithms,A LandTrendr multispectral ensemble for forest disturbance detection
32,88,2021,2023,0.3087,0,0,Application and evaluation of a deep learning architecture to urban tree canopy mapping,Nationwide urban tree canopy mapping and coverage assessment in Brazil from high-resolution remote sensing images using deep learning
11,193,2025,2026,0.3084,1,0,Monitoring temporal changes in large urban street trees using remote sensing and deep learning,Remote sensing change detection via weak temporal supervision
133,191,2025,2024,0.3084,1,0,SatDINO: A deep dive into self-supervised pretraining for remote sensing,Single-temporal supervised learning for universal remote sensing change detection
195,249,2024,2020,0.3084,0,0,Integrated urban land cover analysis using deep learning and post-classification correction,Training Data Selection for Annual Land Cover Classification for LCMAP
222,396,2021,1996,0.3084,0,0,Spatial-Temporal Hidden Markov Model for Land Cover Classification,A Markov random field model for classification of multisource satellite imagery
44,159,2024,2017,0.3083,0,0,Task-specific pretraining with noisy labels for remote sensing image segmentation,A novel unsupervised segmentation quality evaluation method for remote sensing images
159,160,2017,2018,0.3083,1,0,A novel unsupervised segmentation quality evaluation method for remote sensing images,Supervised methods of image segmentation accuracy assessment in land cover mapping
318,395,2019,2008,0.3083,0,0,Probability of Deriving a Yearly Transition Probability Matrix for Land-Use Dynamics,Using local transition probability models in Markov random fields for forest change detection
205,206,2023,2023,0.3082,1,0,Relaxation-Based Radiometric Normalization for Multitemporal Cross-Sensor Satellite Images,Radiometric Normalization Using a Pseudo-Invariant Polygon Features-Based Algorithm with Contemporaneous Imagery
5,96,2023,2020,0.3081,0,0,Accurate delineation of individual tree crowns in tropical forests from aerial RGB imagery using Mask R-CNN,"Tree height mapping and crown delineation using LiDAR, large format aerial photographs, and unmanned aerial vehicle photogrammetry in subtropical urban forest"
7,10,2024,2023,0.3077,1,0,Individual tree detection in large-scale urban environments using high-resolution multispectral imagery,The co-effect of image resolution and crown size on deep learning for individual tree detection and delineation
8,18,2023,2011,0.3077,0,0,Tree crown detection and delineation in a temperate deciduous forest from UAV RGB imagery: Effects of spatial resolution and species characteristics,A review of methods for automatic individual tree-crown detection and delineation from passive remote sensing
112,114,2021,2022,0.3077,1,0,Tent: Fully test-time adaptation by entropy minimization,Continual test-time domain adaptation
261,263,2012,2014,0.3071,0,0,High-resolution tree canopy mapping for New York City using LIDAR and object-based image analysis,"A Versatile, Production-Oriented Approach to High-Resolution Tree-Canopy Mapping"
280,355,2003,2018,0.3071,0,0,Edge-preserving and scale-dependent properties of total variation regularization,Redeveloping the urban forest: The effect of redevelopment and property-scale variables on tree removal and retention
90,169,2009,2020,0.3070,0,0,The effects of different classification models on error propagation in land cover change detection,Mitigating the effects of omission errors on area and area change estimates
160,239,2018,2023,0.3070,0,0,Supervised methods of image segmentation accuracy assessment in land cover mapping,Multisensor Temporal Unsupervised Domain Adaptation for Land Cover Mapping
387,437,2000,2009,0.3069,0,0,A general approach to modeling CUSUM charts for a proportion,A CUSUM chart for monitoring a proportion with autocorrelated binary observations
39,404,2023,2012,0.3067,0,0,Urban tree canopy mapping based on double-branch CNN and multi-temporal high spatial resolution satellite imagery,A spatial-temporal modeling approach to reconstructing land-cover change trajectories from multi-temporal satellite imagery
4,97,2019,2025,0.3067,0,0,Individual tree-crown detection in RGB imagery using semi-supervised deep learning neural networks,MTCDNet: Multimodal feature fusion-based tree crown detection network using UAV-acquired optical imagery and LiDAR data
7,196,2024,2023,0.3067,1,0,Individual tree detection in large-scale urban environments using high-resolution multispectral imagery,Very High Resolution Images and Superpixel-Enhanced Deep Neural Forest Promote Urban Tree Canopy Detection
136,140,2020,2018,0.3067,0,0,FDA: Fourier domain adaptation for semantic segmentation,Adaptive batch normalization for practical domain adaptation
34,219,2020,2015,0.3065,0,0,Deep Siamese domain adaptation CNN for cross-domain change detection in multispectral images,Multilayer Markov Random Field models for change detection in optical remote sensing images
102,103,2020,2024,0.3061,0,0,Producing consistent visually interpreted land cover reference data: learning from feedback,Assessing interpreter's disagreements in land cover reference data collection from historical Landsat time series in Amazon
122,424,2025,2013,0.3056,0,0,Conformal object detection by sequential risk control,Sequential multi-sensor change-point detection
148,193,2020,2026,0.3056,0,0,Progressive domain adaptation for change detection using season-varying remote sensing images,Remote sensing change detection via weak temporal supervision
221,222,2012,2021,0.3056,0,0,Context Models for CRF-Based Classification of Multitemporal Remote Sensing Data,Spatial-Temporal Hidden Markov Model for Land Cover Classification
222,373,2021,2005,0.3053,0,0,Spatial-Temporal Hidden Markov Model for Land Cover Classification,Modeling spatial-temporal binary data using Markov random fields
252,254,2018,2021,0.3051,0,0,Semantic Segmentation of Aerial Imagery via Multi-Scale Shuffling CNNs with Deep Supervision,Multi-Task Deep Supervision on Attention R2U-Net for Brain Tumor Segmentation
35,252,2024,2018,0.3050,0,0,Learning from unlabelled data with transformers: Domain adaptation for semantic segmentation of aerial images,Semantic Segmentation of Aerial Imagery via Multi-Scale Shuffling CNNs with Deep Supervision
101,346,2024,2003,0.3050,0,0,Using interpenetrating subsampling to incorporate interpreter variability into estimation of the total variance of land cover area estimates,The perimeter/area ratio as an index of misregistration bias in land cover change estimates
51,54,2010,2008,0.3048,0,0,Applicability of Green-Red Vegetation Index for remote sensing of vegetation phenology,Verification of color vegetation indices for automated crop imaging applications
69,73,2014,2015,0.3048,1,0,Good practices for estimating area and assessing accuracy of land change,Optimizing sample size allocation to strata for estimating area and map accuracy
176,226,2024,2022,0.3048,0,0,Time-series land cover change detection using deep learning-based temporal semantic segmentation,Demystifying LandTrendr and CCDC temporal segmentation
280,307,2003,2007,0.3048,0,0,Edge-preserving and scale-dependent properties of total variation regularization,"Total variation regularization for image denoising, I: Geometric theory"
45,92,2025,2025,0.3047,1,0,SAM2-ELNet: Label enhancement and automatic annotation for remote sensing segmentation,Human-annotated label noise and their impact on ConvNets for remote sensing image scene classification
24,195,2021,2024,0.3043,0,0,Change detection using deep learning approach with object-based image analysis,Integrated urban land cover analysis using deep learning and post-classification correction
123,125,2026,2023,0.3043,0,0,Conformal prediction sets for instance segmentation,Conformal prediction beyond exchangeability
197,261,2026,2012,0.3043,0,0,An Open and Transferable Deep Learning Framework for Mapping Urban Tree Canopy Using NAIP Imagery,High-resolution tree canopy mapping for New York City using LIDAR and object-based image analysis
106,176,2026,2024,0.3041,0,0,Using GeoAI and machine learning tools for consistent high-resolution land cover mapping based on time-series NAIP imagery,Time-series land cover change detection using deep learning-based temporal semantic segmentation
4,191,2019,2024,0.3040,0,0,Individual tree-crown detection in RGB imagery using semi-supervised deep learning neural networks,Single-temporal supervised learning for universal remote sensing change detection
35,372,2024,2021,0.3040,0,0,Learning from unlabelled data with transformers: Domain adaptation for semantic segmentation of aerial images,SoftSeg: Advantages of soft versus binary training for image segmentation
60,61,2019,2023,0.3038,0,0,blockCV: An R package for generating spatially or environmentally separated folds for k-fold cross-validation of species distribution models,Assessing the performance of spatial cross-validation approaches for models of spatially structured data
61,303,2023,2018,0.3038,0,0,Assessing the performance of spatial cross-validation approaches for models of spatially structured data,blockCV: an R package for generating spatially or environmentally separated folds for k-fold cross-validation of species distribution models
323,400,2017,2008,0.3038,0,0,Better Autologistic Regression,Markov chain Monte Carlo for a spatial-temporal autologistic regression model
19,196,2025,2023,0.3037,0,0,DeepTrees: Tree Crown Segmentation and Analysis in High-Resolution Remote Sensing Images,Very High Resolution Images and Superpixel-Enhanced Deep Neural Forest Promote Urban Tree Canopy Detection
145,159,2024,2017,0.3037,0,0,Frequency-based optimal style mix for domain generalization in semantic segmentation of remote sensing images,A novel unsupervised segmentation quality evaluation method for remote sensing images
145,452,2024,2001,0.3037,0,0,Frequency-based optimal style mix for domain generalization in semantic segmentation of remote sensing images,Interactive Graph Cuts for Optimal Boundary & Region Segmentation of Objects in N-D Images
373,395,2005,2008,0.3036,0,0,Modeling spatial-temporal binary data using Markov random fields,Using local transition probability models in Markov random fields for forest change detection
46,145,2025,2024,0.3034,1,0,SAMOIS: Efficient fine-tuned SAM with multi-scale enhancement for optical remote sensing image segmentation,Frequency-based optimal style mix for domain generalization in semantic segmentation of remote sensing images
169,301,2020,2021,0.3034,1,0,Mitigating the effects of omission errors on area and area change estimates,Resampling Plans and the Estimation of Prediction Error
78,160,2023,2018,0.3033,0,0,Thematic accuracy assessment of the NLCD 2019 land cover for the conterminous United States,Supervised methods of image segmentation accuracy assessment in land cover mapping
7,39,2024,2023,0.3032,1,0,Individual tree detection in large-scale urban environments using high-resolution multispectral imagery,Urban tree canopy mapping based on double-branch CNN and multi-temporal high spatial resolution satellite imagery
27,202,2020,2025,0.3030,0,0,Cross-site learning in deep learning RGB tree crown detection,Deep learning based individual tree crown delineation from panchromatic aerial imagery
179,378,2017,2018,0.3030,1,0,"Change detection using Landsat time series: A review of frequencies, preprocessing, algorithms, and applications",A review of self-exciting spatio-temporal point processes and their applications
338,339,2011,2004,0.3030,0,0,The fate of Amazonian forest fragments: A 32-year investigation,Inferred causes of tree mortality in fragmented and intact Amazonian forests
8,174,2023,2025,0.3028,0,0,Tree crown detection and delineation in a temperate deciduous forest from UAV RGB imagery: Effects of spatial resolution and species characteristics,Zero-shot tree detection and segmentation from aerial forest imagery
134,176,2023,2024,0.3026,1,0,Temporal-domain adaptation for satellite image time-series land-cover mapping with adversarial learning and spatially aware self-training,Time-series land cover change detection using deep learning-based temporal semantic segmentation
4,89,2019,2020,0.3025,1,0,Individual tree-crown detection in RGB imagery using semi-supervised deep learning neural networks,Pseudo-labeling and confirmation bias in deep semi-supervised learning
10,28,2023,2025,0.3025,0,0,The co-effect of image resolution and crown size on deep learning for individual tree detection and delineation,SelvaBox: A high-resolution dataset for tropical tree crown detection
69,72,2014,2014,0.3025,1,0,Good practices for estimating area and assessing accuracy of land change,Estimating area and map accuracy for stratified random sampling when the strata are different from the map classes
172,233,2017,2014,0.3025,0,0,Land use/land cover change detection combining automatic processing and visual interpretation,Continuous change detection and classification of land cover using all available Landsat data
119,334,2024,2011,0.3022,0,0,Uncertainty quantification for probabilistic machine learning in earth observation using conformal prediction,Probabilistic Non-Rigid Registration of Prostate Images: Modeling and Quantifying Uncertainty
234,430,2016,2016,0.3021,1,0,Bayesian updating of land-cover estimates in a data-rich environment,Estimating accuracy from unlabeled data: a Bayesian approach
196,261,2023,2012,0.3020,0,0,Very High Resolution Images and Superpixel-Enhanced Deep Neural Forest Promote Urban Tree Canopy Detection,High-resolution tree canopy mapping for New York City using LIDAR and object-based image analysis
203,446,2025,2022,0.3020,0,0,Convolutional Neural Networks for Land Use and Land Cover Multi-class Maps from Historical Aerial Imagery,Multiclass Land Cover Mapping from Historical Orthophotos Using Domain Adaptation and Spatio-Temporal Transfer Learning
19,28,2025,2025,0.3019,1,0,DeepTrees: Tree Crown Segmentation and Analysis in High-Resolution Remote Sensing Images,SelvaBox: A high-resolution dataset for tropical tree crown detection
107,136,2025,2020,0.3019,0,0,Domain generalization for semantic segmentation of remote sensing images via vision foundation model fine-tuning,FDA: Fourier domain adaptation for semantic segmentation
134,211,2023,2017,0.3018,0,0,Temporal-domain adaptation for satellite image time-series land-cover mapping with adversarial learning and spatially aware self-training,Using a Hidden Markov Model for Improving the Spatial-Temporal Consistency of Time Series Land Cover Classification
45,47,2025,2024,0.3017,1,0,SAM2-ELNet: Label enhancement and automatic annotation for remote sensing segmentation,Knowledge transfer and domain adaptation for fine-grained remote sensing image segmentation
215,406,2015,2003,0.3017,0,0,A spatial–temporal contextual Markovian kernel method for multi-temporal land cover mapping,A Markov random field approach to spatio-temporal contextual image classification
33,94,2025,2024,0.3015,1,0,Scalable sub-meter mapping of woody vegetation and structures across California using deep learning,Sub-meter tree height mapping of California using aerial images and LiDAR-informed U-Net model
33,199,2025,2024,0.3015,1,0,Scalable sub-meter mapping of woody vegetation and structures across California using deep learning,Sub-meter tree height mapping of California using aerial images and LiDAR-informed U-Net model
67,147,2024,2020,0.3014,0,0,Deep learning for urban tree canopy coverage analysis: A comparison and case study,Mapping seasonal tree canopy cover and leaf area using Worldview-2/3 satellite imagery: A megacity-scale case study in Tokyo urban area
77,99,2016,2020,0.3014,0,0,Accuracy assessment of NOAA Coastal Change Analysis Program 2006-2010 land cover and land cover change data,Quality control and assessment of interpreter consistency of annual land cover reference data in an operational national monitoring program
42,50,2025,2020,0.3012,0,0,Fine-tuning DeepForest for forest tree detection in high-resolution UAV imagery,DeepForest: fine-tuning with ~1000 annotations
222,320,2021,2011,0.3009,0,0,Spatial-Temporal Hidden Markov Model for Land Cover Classification,Spatio-temporal errors in land-cover change analysis: implications for accuracy assessment
47,159,2024,2017,0.3008,0,0,Knowledge transfer and domain adaptation for fine-grained remote sensing image segmentation,A novel unsupervised segmentation quality evaluation method for remote sensing images
75,189,2020,2018,0.3008,0,0,How response designs and class proportions affect the accuracy of validation data,The effects of imperfect reference data on remote sensing-assisted estimators of land cover class proportions
106,139,2026,2025,0.3007,1,0,Using GeoAI and machine learning tools for consistent high-resolution land cover mapping based on time-series NAIP imagery,Adapting cross-sensor high-resolution remote sensing imagery for land use classification
187,188,2025,2012,0.3007,0,0,"Land Cover and Change Map Accuracy Assessment and Area Estimation Good Practices Protocol, Version 1.1",Impact of sample size allocation when using stratified random sampling to estimate accuracy and area of land-cover change
203,247,2025,2024,0.3006,1,0,Convolutional Neural Networks for Land Use and Land Cover Multi-class Maps from Historical Aerial Imagery,Very high resolution canopy height maps from RGB imagery using self-supervised vision transformer and convolutional decoder trained on aerial lidar
196,247,2023,2024,0.3006,1,0,Very High Resolution Images and Superpixel-Enhanced Deep Neural Forest Promote Urban Tree Canopy Detection,Very high resolution canopy height maps from RGB imagery using self-supervised vision transformer and convolutional decoder trained on aerial lidar
13,27,2025,2020,0.3000,0,0,Detecting and measuring fine-scale urban tree canopy loss with deep learning and remote sensing,Cross-site learning in deep learning RGB tree crown detection
27,264,2020,2025,0.3000,0,0,Cross-site learning in deep learning RGB tree crown detection,Detecting and measuring fine-scale urban tree canopy loss with deep learning and remote sensing
44,107,2024,2025,0.3000,1,0,Task-specific pretraining with noisy labels for remote sensing image segmentation,Domain generalization for semantic segmentation of remote sensing images via vision foundation model fine-tuning
76,258,2011,1998,0.3000,0,0,Death to Kappa: birth of quantity disagreement and allocation disagreement for accuracy assessment,Design and Analysis for Thematic Map Accuracy Assessment
91,242,2024,2026,0.3000,0,0,Training data in satellite image classification for land cover mapping: a review,Forest canopy height estimation from satellite RGB imagery using large-scale airborne LiDAR-derived training data
103,177,2024,2010,0.3000,0,0,Assessing interpreter's disagreements in land cover reference data collection from historical Landsat time series in Amazon,Detecting trends in forest disturbance and recovery using yearly Landsat time series: 1. LandTrendr — Temporal segmentation algorithms
106,247,2026,2024,0.3000,0,0,Using GeoAI and machine learning tools for consistent high-resolution land cover mapping based on time-series NAIP imagery,Very high resolution canopy height maps from RGB imagery using self-supervised vision transformer and convolutional decoder trained on aerial lidar
165,173,2025,2026,0.3000,1,0,Manual labelling artificially inflates deep learning-based segmentation performance on RGB images of closed canopy: validation using TLS,Learning image-based tree crown segmentation from enhanced lidar-based pseudo-labels
180,203,2021,2025,0.3000,0,0,Feature matching for multi-epoch historical aerial images,Convolutional Neural Networks for Land Use and Land Cover Multi-class Maps from Historical Aerial Imagery
185,319,2013,2007,0.3000,0,0,Ground reference data error and the mis-estimation of the area of land cover change as a function of its abundance,Simulating error propagation in land-cover change analysis: the implications of temporal dependence
3,50,2020,2020,0.2386,1,1,DeepForest: A Python package for RGB deep learning tree crown delineation,DeepForest: fine-tuning with ~1000 annotations
