subdir,file,page,pages_in_file,page_chars,density,status
ASPP,A deep learning framework for semantic segmentation of.pdf,1,21,4334,0.01315,ok
ASPP,A deep learning framework for semantic segmentation of.pdf,2,21,7209,0.00388,ok
ASPP,A deep learning framework for semantic segmentation of.pdf,3,21,6889,0.00624,ok
ASPP,A deep learning framework for semantic segmentation of.pdf,4,21,3100,0.01806,ok
ASPP,A deep learning framework for semantic segmentation of.pdf,5,21,4458,0.04262,ok
ASPP,A deep learning framework for semantic segmentation of.pdf,6,21,6823,0.02184,ok
ASPP,A deep learning framework for semantic segmentation of.pdf,7,21,4898,0.02082,ok
ASPP,A deep learning framework for semantic segmentation of.pdf,8,21,5083,0.03463,ok
ASPP,A deep learning framework for semantic segmentation of.pdf,9,21,4316,0.02827,ok
ASPP,A deep learning framework for semantic segmentation of.pdf,10,21,5489,0.01512,ok
ASPP,A deep learning framework for semantic segmentation of.pdf,11,21,4476,0.01072,ok
ASPP,A deep learning framework for semantic segmentation of.pdf,12,21,942,0.08917,ok
ASPP,A deep learning framework for semantic segmentation of.pdf,13,21,4186,0.01624,ok
ASPP,A deep learning framework for semantic segmentation of.pdf,14,21,4783,0.02258,ok
ASPP,A deep learning framework for semantic segmentation of.pdf,15,21,427,0.35597,ok
ASPP,A deep learning framework for semantic segmentation of.pdf,16,21,4428,0.0061,ok
ASPP,A deep learning framework for semantic segmentation of.pdf,17,21,910,0.00659,ok
ASPP,A deep learning framework for semantic segmentation of.pdf,18,21,427,0.35597,ok
ASPP,A deep learning framework for semantic segmentation of.pdf,19,21,279,0.54122,ok
ASPP,A deep learning framework for semantic segmentation of.pdf,20,21,4656,0.03007,ok
ASPP,A deep learning framework for semantic segmentation of.pdf,21,21,10342,0.01025,ok
ASPP,CNN and Transformer Fusion for Remote Sensing Image Semantic Segmentation.pdf,1,21,3643,0.01318,ok
ASPP,CNN and Transformer Fusion for Remote Sensing Image Semantic Segmentation.pdf,2,21,4053,0.00049,ok
ASPP,CNN and Transformer Fusion for Remote Sensing Image Semantic Segmentation.pdf,3,21,2532,0.00118,ok
ASPP,CNN and Transformer Fusion for Remote Sensing Image Semantic Segmentation.pdf,4,21,2509,0.00757,ok
ASPP,CNN and Transformer Fusion for Remote Sensing Image Semantic Segmentation.pdf,5,21,2877,0.00521,ok
ASPP,CNN and Transformer Fusion for Remote Sensing Image Semantic Segmentation.pdf,6,21,1812,0.02539,ok
ASPP,CNN and Transformer Fusion for Remote Sensing Image Semantic Segmentation.pdf,7,21,2564,0.07644,ok
ASPP,CNN and Transformer Fusion for Remote Sensing Image Semantic Segmentation.pdf,8,21,1512,0.0754,ok
ASPP,CNN and Transformer Fusion for Remote Sensing Image Semantic Segmentation.pdf,9,21,1585,0.25678,ok
ASPP,CNN and Transformer Fusion for Remote Sensing Image Semantic Segmentation.pdf,10,21,2223,0.08502,ok
ASPP,CNN and Transformer Fusion for Remote Sensing Image Semantic Segmentation.pdf,11,21,2122,0.04618,ok
ASPP,CNN and Transformer Fusion for Remote Sensing Image Semantic Segmentation.pdf,12,21,1181,0.02456,ok
ASPP,CNN and Transformer Fusion for Remote Sensing Image Semantic Segmentation.pdf,13,21,2471,0.01821,ok
ASPP,CNN and Transformer Fusion for Remote Sensing Image Semantic Segmentation.pdf,14,21,3619,0.01243,ok
ASPP,CNN and Transformer Fusion for Remote Sensing Image Semantic Segmentation.pdf,15,21,1470,0.02041,ok
ASPP,CNN and Transformer Fusion for Remote Sensing Image Semantic Segmentation.pdf,16,21,1618,0.0,ok
ASPP,CNN and Transformer Fusion for Remote Sensing Image Semantic Segmentation.pdf,17,21,1967,0.0666,ok
ASPP,CNN and Transformer Fusion for Remote Sensing Image Semantic Segmentation.pdf,18,21,1502,0.00799,ok
ASPP,CNN and Transformer Fusion for Remote Sensing Image Semantic Segmentation.pdf,19,21,4007,0.00374,ok
ASPP,CNN and Transformer Fusion for Remote Sensing Image Semantic Segmentation.pdf,20,21,5235,0.00229,ok
ASPP,CNN and Transformer Fusion for Remote Sensing Image Semantic Segmentation.pdf,21,21,4103,0.00731,ok
ASPP,RST-Net A Semantic Segmentation Network for Remote Sensing Images Based on a Dual-Branch Encoder Structure.pdf,1,20,3323,0.00903,ok
ASPP,RST-Net A Semantic Segmentation Network for Remote Sensing Images Based on a Dual-Branch Encoder Structure.pdf,2,20,3877,0.00103,ok
ASPP,RST-Net A Semantic Segmentation Network for Remote Sensing Images Based on a Dual-Branch Encoder Structure.pdf,3,20,3525,0.0,ok
ASPP,RST-Net A Semantic Segmentation Network for Remote Sensing Images Based on a Dual-Branch Encoder Structure.pdf,4,20,3564,0.00168,ok
ASPP,RST-Net A Semantic Segmentation Network for Remote Sensing Images Based on a Dual-Branch Encoder Structure.pdf,5,20,3595,0.0,ok
ASPP,RST-Net A Semantic Segmentation Network for Remote Sensing Images Based on a Dual-Branch Encoder Structure.pdf,6,20,2266,0.0,ok
ASPP,RST-Net A Semantic Segmentation Network for Remote Sensing Images Based on a Dual-Branch Encoder Structure.pdf,7,20,2476,0.03352,ok
ASPP,RST-Net A Semantic Segmentation Network for Remote Sensing Images Based on a Dual-Branch Encoder Structure.pdf,8,20,1840,0.08207,ok
ASPP,RST-Net A Semantic Segmentation Network for Remote Sensing Images Based on a Dual-Branch Encoder Structure.pdf,9,20,1707,0.04745,ok
ASPP,RST-Net A Semantic Segmentation Network for Remote Sensing Images Based on a Dual-Branch Encoder Structure.pdf,10,20,2488,0.07556,ok
ASPP,RST-Net A Semantic Segmentation Network for Remote Sensing Images Based on a Dual-Branch Encoder Structure.pdf,11,20,2183,0.06596,ok
ASPP,RST-Net A Semantic Segmentation Network for Remote Sensing Images Based on a Dual-Branch Encoder Structure.pdf,12,20,2118,0.01558,ok
ASPP,RST-Net A Semantic Segmentation Network for Remote Sensing Images Based on a Dual-Branch Encoder Structure.pdf,13,20,3147,0.00604,ok
ASPP,RST-Net A Semantic Segmentation Network for Remote Sensing Images Based on a Dual-Branch Encoder Structure.pdf,14,20,2729,0.01283,ok
ASPP,RST-Net A Semantic Segmentation Network for Remote Sensing Images Based on a Dual-Branch Encoder Structure.pdf,15,20,2060,0.01456,ok
ASPP,RST-Net A Semantic Segmentation Network for Remote Sensing Images Based on a Dual-Branch Encoder Structure.pdf,16,20,2342,0.0047,ok
ASPP,RST-Net A Semantic Segmentation Network for Remote Sensing Images Based on a Dual-Branch Encoder Structure.pdf,17,20,2816,0.00213,ok
ASPP,RST-Net A Semantic Segmentation Network for Remote Sensing Images Based on a Dual-Branch Encoder Structure.pdf,18,20,3902,0.00513,ok
ASPP,RST-Net A Semantic Segmentation Network for Remote Sensing Images Based on a Dual-Branch Encoder Structure.pdf,19,20,4790,0.00209,ok
ASPP,RST-Net A Semantic Segmentation Network for Remote Sensing Images Based on a Dual-Branch Encoder Structure.pdf,20,20,2662,0.00075,ok
ASPP,journal.pone.0343729.pdf,1,29,2989,0.01171,ok
ASPP,journal.pone.0343729.pdf,2,29,3413,0.00176,ok
ASPP,journal.pone.0343729.pdf,3,29,3764,0.00664,ok
ASPP,journal.pone.0343729.pdf,4,29,3992,0.00175,ok
ASPP,journal.pone.0343729.pdf,5,29,2115,0.0052,ok
ASPP,journal.pone.0343729.pdf,6,29,3822,0.04186,ok
ASPP,journal.pone.0343729.pdf,7,29,3140,0.06019,ok
ASPP,journal.pone.0343729.pdf,8,29,3243,0.02313,ok
ASPP,journal.pone.0343729.pdf,9,29,1401,0.00357,ok
ASPP,journal.pone.0343729.pdf,10,29,1658,0.02955,ok
ASPP,journal.pone.0343729.pdf,11,29,1561,0.02819,ok
ASPP,journal.pone.0343729.pdf,12,29,3240,0.00679,ok
ASPP,journal.pone.0343729.pdf,13,29,3042,0.0217,ok
ASPP,journal.pone.0343729.pdf,14,29,2360,0.05424,ok
ASPP,journal.pone.0343729.pdf,15,29,3320,0.00361,ok
ASPP,journal.pone.0343729.pdf,16,29,2004,0.00499,ok
ASPP,journal.pone.0343729.pdf,17,29,1943,0.00772,ok
ASPP,journal.pone.0343729.pdf,18,29,1846,0.03846,ok
ASPP,journal.pone.0343729.pdf,19,29,968,0.01033,ok
ASPP,journal.pone.0343729.pdf,20,29,1993,0.00151,ok
ASPP,journal.pone.0343729.pdf,21,29,3466,0.0075,ok
ASPP,journal.pone.0343729.pdf,22,29,1648,0.03398,ok
ASPP,journal.pone.0343729.pdf,23,29,1033,0.00968,ok
ASPP,journal.pone.0343729.pdf,24,29,1777,0.00281,ok
ASPP,journal.pone.0343729.pdf,25,29,3258,0.00952,ok
ASPP,journal.pone.0343729.pdf,26,29,3344,0.01196,ok
ASPP,journal.pone.0343729.pdf,27,29,3015,0.00763,ok
ASPP,journal.pone.0343729.pdf,28,29,4736,0.0095,ok
ASPP,journal.pone.0343729.pdf,29,29,1946,0.00565,ok
Labeling,Weakly_Supervised_Domain_Adversarial_Neural_Network_for_Deforestation_Detection_in_Tropical_Forests.pdf,1,15,5295,0.00415,ok
Labeling,Weakly_Supervised_Domain_Adversarial_Neural_Network_for_Deforestation_Detection_in_Tropical_Forests.pdf,2,15,5977,0.00067,ok
Labeling,Weakly_Supervised_Domain_Adversarial_Neural_Network_for_Deforestation_Detection_in_Tropical_Forests.pdf,3,15,5159,0.00194,ok
Labeling,Weakly_Supervised_Domain_Adversarial_Neural_Network_for_Deforestation_Detection_in_Tropical_Forests.pdf,4,15,5588,0.00877,ok
Labeling,Weakly_Supervised_Domain_Adversarial_Neural_Network_for_Deforestation_Detection_in_Tropical_Forests.pdf,5,15,4459,0.05136,ok
Labeling,Weakly_Supervised_Domain_Adversarial_Neural_Network_for_Deforestation_Detection_in_Tropical_Forests.pdf,6,15,3071,0.07294,ok
Labeling,Weakly_Supervised_Domain_Adversarial_Neural_Network_for_Deforestation_Detection_in_Tropical_Forests.pdf,7,15,4234,0.00496,ok
Labeling,Weakly_Supervised_Domain_Adversarial_Neural_Network_for_Deforestation_Detection_in_Tropical_Forests.pdf,8,15,1197,0.00752,ok
Labeling,Weakly_Supervised_Domain_Adversarial_Neural_Network_for_Deforestation_Detection_in_Tropical_Forests.pdf,9,15,3867,0.02198,ok
Labeling,Weakly_Supervised_Domain_Adversarial_Neural_Network_for_Deforestation_Detection_in_Tropical_Forests.pdf,10,15,4372,0.02653,ok
Labeling,Weakly_Supervised_Domain_Adversarial_Neural_Network_for_Deforestation_Detection_in_Tropical_Forests.pdf,11,15,3089,0.01781,ok
Labeling,Weakly_Supervised_Domain_Adversarial_Neural_Network_for_Deforestation_Detection_in_Tropical_Forests.pdf,12,15,639,0.00156,ok
Labeling,Weakly_Supervised_Domain_Adversarial_Neural_Network_for_Deforestation_Detection_in_Tropical_Forests.pdf,13,15,5513,0.00417,ok
Labeling,Weakly_Supervised_Domain_Adversarial_Neural_Network_for_Deforestation_Detection_in_Tropical_Forests.pdf,14,15,7209,0.00916,ok
Labeling,Weakly_Supervised_Domain_Adversarial_Neural_Network_for_Deforestation_Detection_in_Tropical_Forests.pdf,15,15,6870,0.00422,ok
Labeling,archival-aerial-photographs-of-africa-present-potential-and-imagining-a-machine-learning-future.pdf,1,34,2667,0.006,ok
Labeling,archival-aerial-photographs-of-africa-present-potential-and-imagining-a-machine-learning-future.pdf,2,34,1370,0.01898,ok
Labeling,archival-aerial-photographs-of-africa-present-potential-and-imagining-a-machine-learning-future.pdf,3,34,1995,0.00451,ok
Labeling,archival-aerial-photographs-of-africa-present-potential-and-imagining-a-machine-learning-future.pdf,4,34,3498,0.00314,ok
Labeling,archival-aerial-photographs-of-africa-present-potential-and-imagining-a-machine-learning-future.pdf,5,34,3223,0.00621,ok
Labeling,archival-aerial-photographs-of-africa-present-potential-and-imagining-a-machine-learning-future.pdf,6,34,3251,0.00185,ok
Labeling,archival-aerial-photographs-of-africa-present-potential-and-imagining-a-machine-learning-future.pdf,7,34,3023,0.00595,ok
Labeling,archival-aerial-photographs-of-africa-present-potential-and-imagining-a-machine-learning-future.pdf,8,34,2065,0.00484,ok
Labeling,archival-aerial-photographs-of-africa-present-potential-and-imagining-a-machine-learning-future.pdf,9,34,3323,0.00361,ok
Labeling,archival-aerial-photographs-of-africa-present-potential-and-imagining-a-machine-learning-future.pdf,10,34,3113,0.00064,ok
Labeling,archival-aerial-photographs-of-africa-present-potential-and-imagining-a-machine-learning-future.pdf,11,34,3625,0.00276,ok
Labeling,archival-aerial-photographs-of-africa-present-potential-and-imagining-a-machine-learning-future.pdf,12,34,3413,0.00176,ok
Labeling,archival-aerial-photographs-of-africa-present-potential-and-imagining-a-machine-learning-future.pdf,13,34,3655,0.00164,ok
Labeling,archival-aerial-photographs-of-africa-present-potential-and-imagining-a-machine-learning-future.pdf,14,34,3738,0.00428,ok
Labeling,archival-aerial-photographs-of-africa-present-potential-and-imagining-a-machine-learning-future.pdf,15,34,3376,0.00118,ok
Labeling,archival-aerial-photographs-of-africa-present-potential-and-imagining-a-machine-learning-future.pdf,16,34,1710,0.00702,ok
Labeling,archival-aerial-photographs-of-africa-present-potential-and-imagining-a-machine-learning-future.pdf,17,34,2113,0.00284,ok
Labeling,archival-aerial-photographs-of-africa-present-potential-and-imagining-a-machine-learning-future.pdf,18,34,1968,0.0122,ok
Labeling,archival-aerial-photographs-of-africa-present-potential-and-imagining-a-machine-learning-future.pdf,19,34,3073,0.00488,ok
Labeling,archival-aerial-photographs-of-africa-present-potential-and-imagining-a-machine-learning-future.pdf,20,34,1603,0.00749,ok
Labeling,archival-aerial-photographs-of-africa-present-potential-and-imagining-a-machine-learning-future.pdf,21,34,1991,0.0005,ok
Labeling,archival-aerial-photographs-of-africa-present-potential-and-imagining-a-machine-learning-future.pdf,22,34,2406,0.01579,ok
Labeling,archival-aerial-photographs-of-africa-present-potential-and-imagining-a-machine-learning-future.pdf,23,34,1490,0.00134,ok
Labeling,archival-aerial-photographs-of-africa-present-potential-and-imagining-a-machine-learning-future.pdf,24,34,2720,0.00184,ok
Labeling,archival-aerial-photographs-of-africa-present-potential-and-imagining-a-machine-learning-future.pdf,25,34,1786,0.01008,ok
Labeling,archival-aerial-photographs-of-africa-present-potential-and-imagining-a-machine-learning-future.pdf,26,34,1544,0.00259,ok
Labeling,archival-aerial-photographs-of-africa-present-potential-and-imagining-a-machine-learning-future.pdf,27,34,2962,0.00236,ok
Labeling,archival-aerial-photographs-of-africa-present-potential-and-imagining-a-machine-learning-future.pdf,28,34,1614,0.01115,ok
Labeling,archival-aerial-photographs-of-africa-present-potential-and-imagining-a-machine-learning-future.pdf,29,34,1946,0.00103,ok
Labeling,archival-aerial-photographs-of-africa-present-potential-and-imagining-a-machine-learning-future.pdf,30,34,3526,0.00482,ok
Labeling,archival-aerial-photographs-of-africa-present-potential-and-imagining-a-machine-learning-future.pdf,31,34,3744,0.00134,ok
Labeling,archival-aerial-photographs-of-africa-present-potential-and-imagining-a-machine-learning-future.pdf,32,34,3705,0.00567,ok
Labeling,archival-aerial-photographs-of-africa-present-potential-and-imagining-a-machine-learning-future.pdf,33,34,3668,0.00627,ok
Labeling,archival-aerial-photographs-of-africa-present-potential-and-imagining-a-machine-learning-future.pdf,34,34,2226,0.00629,ok
Labeling,maclaurin2016.pdf,1,20,748,0.00668,ok
Labeling,maclaurin2016.pdf,2,20,2737,0.0,ok
Labeling,maclaurin2016.pdf,3,20,3493,0.002,ok
Labeling,maclaurin2016.pdf,4,20,3172,0.00946,ok
Labeling,maclaurin2016.pdf,5,20,3425,0.00088,ok
Labeling,maclaurin2016.pdf,6,20,3286,0.00183,ok
Labeling,maclaurin2016.pdf,7,20,1888,0.00212,ok
Labeling,maclaurin2016.pdf,8,20,3298,0.00455,ok
Labeling,maclaurin2016.pdf,9,20,1855,0.00647,ok
Labeling,maclaurin2016.pdf,10,20,2664,0.02515,ok
Labeling,maclaurin2016.pdf,11,20,3002,0.01332,ok
Labeling,maclaurin2016.pdf,12,20,2640,0.04167,ok
Labeling,maclaurin2016.pdf,13,20,902,0.01552,ok
Labeling,maclaurin2016.pdf,14,20,2365,0.00677,ok
Labeling,maclaurin2016.pdf,15,20,1490,0.00268,ok
Labeling,maclaurin2016.pdf,16,20,3333,0.0018,ok
Labeling,maclaurin2016.pdf,17,20,2919,0.01302,ok
Labeling,maclaurin2016.pdf,18,20,3662,0.00819,ok
Labeling,maclaurin2016.pdf,19,20,3822,0.00235,ok
Labeling,maclaurin2016.pdf,20,20,2561,0.00742,ok
Labeling,remotesensing-13-01789-v2.pdf,1,16,3836,0.00782,ok
Labeling,remotesensing-13-01789-v2.pdf,2,16,4086,0.00024,ok
Labeling,remotesensing-13-01789-v2.pdf,3,16,3726,0.00027,ok
Labeling,remotesensing-13-01789-v2.pdf,4,16,1041,0.0,ok
Labeling,remotesensing-13-01789-v2.pdf,5,16,2111,0.0,ok
Labeling,remotesensing-13-01789-v2.pdf,6,16,1978,0.00506,ok
Labeling,remotesensing-13-01789-v2.pdf,7,16,2219,0.00721,ok
Labeling,remotesensing-13-01789-v2.pdf,8,16,3132,0.03544,ok
Labeling,remotesensing-13-01789-v2.pdf,9,16,2789,0.02976,ok
Labeling,remotesensing-13-01789-v2.pdf,10,16,697,0.0,ok
Labeling,remotesensing-13-01789-v2.pdf,11,16,1821,0.00769,ok
Labeling,remotesensing-13-01789-v2.pdf,12,16,3747,0.00053,ok
Labeling,remotesensing-13-01789-v2.pdf,13,16,3815,0.0,ok
Labeling,remotesensing-13-01789-v2.pdf,14,16,4309,0.00464,ok
Labeling,remotesensing-13-01789-v2.pdf,15,16,5142,0.00661,ok
Labeling,remotesensing-13-01789-v2.pdf,16,16,5225,0.00651,ok
Labeling,remotesensing-14-05911-v3.pdf,1,34,3852,0.01038,ok
Labeling,remotesensing-14-05911-v3.pdf,2,34,3956,0.00051,ok
Labeling,remotesensing-14-05911-v3.pdf,3,34,3754,0.00133,ok
Labeling,remotesensing-14-05911-v3.pdf,4,34,3427,0.00117,ok
Labeling,remotesensing-14-05911-v3.pdf,5,34,3235,0.04977,ok
Labeling,remotesensing-14-05911-v3.pdf,6,34,3163,0.03414,ok
Labeling,remotesensing-14-05911-v3.pdf,7,34,3750,0.0056,ok
Labeling,remotesensing-14-05911-v3.pdf,8,34,1189,0.00336,ok
Labeling,remotesensing-14-05911-v3.pdf,9,34,3292,0.00729,ok
Labeling,remotesensing-14-05911-v3.pdf,10,34,2298,0.00609,ok
Labeling,remotesensing-14-05911-v3.pdf,11,34,3675,0.00952,ok
Labeling,remotesensing-14-05911-v3.pdf,12,34,793,0.00504,ok
Labeling,remotesensing-14-05911-v3.pdf,13,34,3161,0.0484,ok
Labeling,remotesensing-14-05911-v3.pdf,14,34,3198,0.03096,ok
Labeling,remotesensing-14-05911-v3.pdf,15,34,1662,0.03129,ok
Labeling,remotesensing-14-05911-v3.pdf,16,34,3167,0.05021,ok
Labeling,remotesensing-14-05911-v3.pdf,17,34,1611,0.07325,ok
Labeling,remotesensing-14-05911-v3.pdf,18,34,2367,0.02197,ok
Labeling,remotesensing-14-05911-v3.pdf,19,34,3123,0.01089,ok
Labeling,remotesensing-14-05911-v3.pdf,20,34,1415,0.01625,ok
Labeling,remotesensing-14-05911-v3.pdf,21,34,2511,0.02668,ok
Labeling,remotesensing-14-05911-v3.pdf,22,34,1997,0.03055,ok
Labeling,remotesensing-14-05911-v3.pdf,23,34,1207,0.01906,ok
Labeling,remotesensing-14-05911-v3.pdf,24,34,2018,0.00149,ok
Labeling,remotesensing-14-05911-v3.pdf,25,34,160,0.0,ok
Labeling,remotesensing-14-05911-v3.pdf,26,34,129,0.0,ok
Labeling,remotesensing-14-05911-v3.pdf,27,34,3899,0.00231,ok
Labeling,remotesensing-14-05911-v3.pdf,28,34,3879,0.00387,ok
Labeling,remotesensing-14-05911-v3.pdf,29,34,2934,0.01329,ok
Labeling,remotesensing-14-05911-v3.pdf,30,34,3926,0.00917,ok
Labeling,remotesensing-14-05911-v3.pdf,31,34,4989,0.00802,ok
Labeling,remotesensing-14-05911-v3.pdf,32,34,5119,0.00547,ok
Labeling,remotesensing-14-05911-v3.pdf,33,34,4702,0.01021,ok
Labeling,remotesensing-14-05911-v3.pdf,34,34,312,0.0,ok
Validation,Abercrombie_2016_improving-consistency.pdf,1,11,5435,0.0035,ok
Validation,Abercrombie_2016_improving-consistency.pdf,2,11,5914,0.00304,ok
Validation,Abercrombie_2016_improving-consistency.pdf,3,11,5109,0.0184,ok
Validation,Abercrombie_2016_improving-consistency.pdf,4,11,3159,0.00886,ok
Validation,Abercrombie_2016_improving-consistency.pdf,5,11,5253,0.004,ok
Validation,Abercrombie_2016_improving-consistency.pdf,6,11,3031,0.00561,ok
Validation,Abercrombie_2016_improving-consistency.pdf,7,11,4279,0.00608,ok
Validation,Abercrombie_2016_improving-consistency.pdf,8,11,5121,0.00234,ok
Validation,Abercrombie_2016_improving-consistency.pdf,9,11,2445,0.00164,ok
Validation,Abercrombie_2016_improving-consistency.pdf,10,11,5813,0.00533,ok
Validation,Abercrombie_2016_improving-consistency.pdf,11,11,6968,0.00703,ok
Validation,Allard_2007_total-variation-regularization-image.pdf,1,41,3304,0.0336,ok
Validation,Allard_2007_total-variation-regularization-image.pdf,2,41,1243,0.1432,ok
Validation,Allard_2007_total-variation-regularization-image.pdf,3,41,1712,0.05607,ok
Validation,Allard_2007_total-variation-regularization-image.pdf,4,41,1667,0.09178,ok
Validation,Allard_2007_total-variation-regularization-image.pdf,5,41,1641,0.08531,ok
Validation,Allard_2007_total-variation-regularization-image.pdf,6,41,1720,0.08023,ok
Validation,Allard_2007_total-variation-regularization-image.pdf,7,41,1468,0.12466,ok
Validation,Allard_2007_total-variation-regularization-image.pdf,8,41,1507,0.08427,ok
Validation,Allard_2007_total-variation-regularization-image.pdf,9,41,2007,0.07872,ok
Validation,Allard_2007_total-variation-regularization-image.pdf,10,41,2286,0.06999,ok
Validation,Allard_2007_total-variation-regularization-image.pdf,11,41,2059,0.06945,ok
Validation,Allard_2007_total-variation-regularization-image.pdf,12,41,1852,0.06587,ok
Validation,Allard_2007_total-variation-regularization-image.pdf,13,41,1776,0.11543,ok
Validation,Allard_2007_total-variation-regularization-image.pdf,14,41,1491,0.12341,ok
Validation,Allard_2007_total-variation-regularization-image.pdf,15,41,1682,0.15398,ok
Validation,Allard_2007_total-variation-regularization-image.pdf,16,41,1741,0.08788,ok
Validation,Allard_2007_total-variation-regularization-image.pdf,17,41,1746,0.13173,ok
Validation,Allard_2007_total-variation-regularization-image.pdf,18,41,1497,0.13293,ok
Validation,Allard_2007_total-variation-regularization-image.pdf,19,41,1309,0.21467,ok
Validation,Allard_2007_total-variation-regularization-image.pdf,20,41,2423,0.06149,ok
Validation,Allard_2007_total-variation-regularization-image.pdf,21,41,1146,0.25218,ok
Validation,Allard_2007_total-variation-regularization-image.pdf,22,41,1485,0.24444,ok
Validation,Allard_2007_total-variation-regularization-image.pdf,23,41,1844,0.14913,ok
Validation,Allard_2007_total-variation-regularization-image.pdf,24,41,1667,0.16617,ok
Validation,Allard_2007_total-variation-regularization-image.pdf,25,41,1807,0.11621,ok
Validation,Allard_2007_total-variation-regularization-image.pdf,26,41,1872,0.14583,ok
Validation,Allard_2007_total-variation-regularization-image.pdf,27,41,1802,0.09933,ok
Validation,Allard_2007_total-variation-regularization-image.pdf,28,41,1078,0.20315,ok
Validation,Allard_2007_total-variation-regularization-image.pdf,29,41,1517,0.09229,ok
Validation,Allard_2007_total-variation-regularization-image.pdf,30,41,1403,0.13899,ok
Validation,Allard_2007_total-variation-regularization-image.pdf,31,41,1154,0.22097,ok
Validation,Allard_2007_total-variation-regularization-image.pdf,32,41,1265,0.15889,ok
Validation,Allard_2007_total-variation-regularization-image.pdf,33,41,1867,0.12748,ok
Validation,Allard_2007_total-variation-regularization-image.pdf,34,41,1313,0.24219,ok
Validation,Allard_2007_total-variation-regularization-image.pdf,35,41,1516,0.12863,ok
Validation,Allard_2007_total-variation-regularization-image.pdf,36,41,1418,0.15515,ok
Validation,Allard_2007_total-variation-regularization-image.pdf,37,41,1513,0.13483,ok
Validation,Allard_2007_total-variation-regularization-image.pdf,38,41,1480,0.12905,ok
Validation,Allard_2007_total-variation-regularization-image.pdf,39,41,818,0.23961,ok
Validation,Allard_2007_total-variation-regularization-image.pdf,40,41,1171,0.1392,ok
Validation,Allard_2007_total-variation-regularization-image.pdf,41,41,1940,0.01701,ok
Validation,Almon_1965_distributed-lag-between-capital.pdf,1,20,886,0.0,ok
Validation,Almon_1965_distributed-lag-between-capital.pdf,2,20,2702,0.00185,ok
Validation,Almon_1965_distributed-lag-between-capital.pdf,3,20,2219,0.01803,ok
Validation,Almon_1965_distributed-lag-between-capital.pdf,4,20,1006,0.14314,ok
Validation,Almon_1965_distributed-lag-between-capital.pdf,5,20,2351,0.01404,ok
Validation,Almon_1965_distributed-lag-between-capital.pdf,6,20,2169,0.01245,ok
Validation,Almon_1965_distributed-lag-between-capital.pdf,7,20,2696,0.01447,ok
Validation,Almon_1965_distributed-lag-between-capital.pdf,8,20,2741,0.0073,ok
Validation,Almon_1965_distributed-lag-between-capital.pdf,9,20,1858,0.01453,ok
Validation,Almon_1965_distributed-lag-between-capital.pdf,10,20,1360,0.01691,ok
Validation,Almon_1965_distributed-lag-between-capital.pdf,11,20,1225,0.0302,ok
Validation,Almon_1965_distributed-lag-between-capital.pdf,12,20,1886,0.0106,ok
Validation,Almon_1965_distributed-lag-between-capital.pdf,13,20,1824,0.00055,ok
Validation,Almon_1965_distributed-lag-between-capital.pdf,14,20,2689,0.01376,ok
Validation,Almon_1965_distributed-lag-between-capital.pdf,15,20,1170,0.07009,ok
Validation,Almon_1965_distributed-lag-between-capital.pdf,16,20,3139,0.00319,ok
Validation,Almon_1965_distributed-lag-between-capital.pdf,17,20,2772,0.00216,ok
Validation,Almon_1965_distributed-lag-between-capital.pdf,18,20,2127,0.0221,ok
Validation,Almon_1965_distributed-lag-between-capital.pdf,19,20,1897,0.00791,ok
Validation,Almon_1965_distributed-lag-between-capital.pdf,20,20,1176,0.0051,ok
Validation,Alwan_1988_time-series-modeling-statistical-process.pdf,1,10,1821,0.00988,ok
Validation,Alwan_1988_time-series-modeling-statistical-process.pdf,2,10,4136,0.00411,ok
Validation,Alwan_1988_time-series-modeling-statistical-process.pdf,3,10,5077,0.0,ok
Validation,Alwan_1988_time-series-modeling-statistical-process.pdf,4,10,5052,0.0,ok
Validation,Alwan_1988_time-series-modeling-statistical-process.pdf,5,10,5149,0.00252,ok
Validation,Alwan_1988_time-series-modeling-statistical-process.pdf,6,10,2435,0.00945,ok
Validation,Alwan_1988_time-series-modeling-statistical-process.pdf,7,10,3548,0.0062,ok
Validation,Alwan_1988_time-series-modeling-statistical-process.pdf,8,10,3716,0.0,ok
Validation,Alwan_1988_time-series-modeling-statistical-process.pdf,9,10,4864,0.00535,ok
Validation,Alwan_1988_time-series-modeling-statistical-process.pdf,10,10,1656,0.01087,ok
Validation,Anderson_1957_statistical-inference-about-markov.pdf,1,22,142,0.00704,ok
Validation,Anderson_1957_statistical-inference-about-markov.pdf,2,22,0,0.0,ok
Validation,Anderson_1957_statistical-inference-about-markov.pdf,3,22,0,0.0,ok
Validation,Anderson_1957_statistical-inference-about-markov.pdf,4,22,0,0.0,ok
Validation,Anderson_1957_statistical-inference-about-markov.pdf,5,22,0,0.0,ok
Validation,Anderson_1957_statistical-inference-about-markov.pdf,6,22,0,0.0,ok
Validation,Anderson_1957_statistical-inference-about-markov.pdf,7,22,0,0.0,ok
Validation,Anderson_1957_statistical-inference-about-markov.pdf,8,22,0,0.0,ok
Validation,Anderson_1957_statistical-inference-about-markov.pdf,9,22,0,0.0,ok
Validation,Anderson_1957_statistical-inference-about-markov.pdf,10,22,0,0.0,ok
Validation,Anderson_1957_statistical-inference-about-markov.pdf,11,22,0,0.0,ok
Validation,Anderson_1957_statistical-inference-about-markov.pdf,12,22,0,0.0,ok
Validation,Anderson_1957_statistical-inference-about-markov.pdf,13,22,0,0.0,ok
Validation,Anderson_1957_statistical-inference-about-markov.pdf,14,22,0,0.0,ok
Validation,Anderson_1957_statistical-inference-about-markov.pdf,15,22,0,0.0,ok
Validation,Anderson_1957_statistical-inference-about-markov.pdf,16,22,0,0.0,ok
Validation,Anderson_1957_statistical-inference-about-markov.pdf,17,22,0,0.0,ok
Validation,Anderson_1957_statistical-inference-about-markov.pdf,18,22,0,0.0,ok
Validation,Anderson_1957_statistical-inference-about-markov.pdf,19,22,0,0.0,ok
Validation,Anderson_1957_statistical-inference-about-markov.pdf,20,22,0,0.0,ok
Validation,Anderson_1957_statistical-inference-about-markov.pdf,21,22,0,0.0,ok
Validation,Anderson_1957_statistical-inference-about-markov.pdf,22,22,0,0.0,ok
Validation,Averkov_2009_confirmation-matheron-s-conjecture.pdf,1,16,1927,0.03062,ok
Validation,Averkov_2009_confirmation-matheron-s-conjecture.pdf,2,16,2619,0.0378,ok
Validation,Averkov_2009_confirmation-matheron-s-conjecture.pdf,3,16,2768,0.01698,ok
Validation,Averkov_2009_confirmation-matheron-s-conjecture.pdf,4,16,2384,0.05705,ok
Validation,Averkov_2009_confirmation-matheron-s-conjecture.pdf,5,16,1267,0.06156,ok
Validation,Averkov_2009_confirmation-matheron-s-conjecture.pdf,6,16,1711,0.11338,ok
Validation,Averkov_2009_confirmation-matheron-s-conjecture.pdf,7,16,1713,0.18155,ok
Validation,Averkov_2009_confirmation-matheron-s-conjecture.pdf,8,16,2535,0.06548,ok
Validation,Averkov_2009_confirmation-matheron-s-conjecture.pdf,9,16,1791,0.134,ok
Validation,Averkov_2009_confirmation-matheron-s-conjecture.pdf,10,16,2009,0.13041,ok
Validation,Averkov_2009_confirmation-matheron-s-conjecture.pdf,11,16,884,0.22285,ok
Validation,Averkov_2009_confirmation-matheron-s-conjecture.pdf,12,16,1630,0.14294,ok
Validation,Averkov_2009_confirmation-matheron-s-conjecture.pdf,13,16,1340,0.16119,ok
Validation,Averkov_2009_confirmation-matheron-s-conjecture.pdf,14,16,2542,0.10543,ok
Validation,Averkov_2009_confirmation-matheron-s-conjecture.pdf,15,16,2667,0.04012,ok
Validation,Averkov_2009_confirmation-matheron-s-conjecture.pdf,16,16,1184,0.04223,ok
Validation,Bacry_2015_hawkes-processes-finance.pdf,1,48,2352,0.01318,ok
Validation,Bacry_2015_hawkes-processes-finance.pdf,2,48,3054,0.00295,ok
Validation,Bacry_2015_hawkes-processes-finance.pdf,3,48,1958,0.09653,ok
Validation,Bacry_2015_hawkes-processes-finance.pdf,4,48,1247,0.07939,ok
Validation,Bacry_2015_hawkes-processes-finance.pdf,5,48,2148,0.12291,ok
Validation,Bacry_2015_hawkes-processes-finance.pdf,6,48,2146,0.03681,ok
Validation,Bacry_2015_hawkes-processes-finance.pdf,7,48,1907,0.08757,ok
Validation,Bacry_2015_hawkes-processes-finance.pdf,8,48,2128,0.07472,ok
Validation,Bacry_2015_hawkes-processes-finance.pdf,9,48,1756,0.22267,ok
Validation,Bacry_2015_hawkes-processes-finance.pdf,10,48,1443,0.18988,ok
Validation,Bacry_2015_hawkes-processes-finance.pdf,11,48,1715,0.11953,ok
Validation,Bacry_2015_hawkes-processes-finance.pdf,12,48,1141,0.21648,ok
Validation,Bacry_2015_hawkes-processes-finance.pdf,13,48,2146,0.06524,ok
Validation,Bacry_2015_hawkes-processes-finance.pdf,14,48,2141,0.09855,ok
Validation,Bacry_2015_hawkes-processes-finance.pdf,15,48,1693,0.20732,ok
Validation,Bacry_2015_hawkes-processes-finance.pdf,16,48,1024,0.12598,ok
Validation,Bacry_2015_hawkes-processes-finance.pdf,17,48,2394,0.07059,ok
Validation,Bacry_2015_hawkes-processes-finance.pdf,18,48,1182,0.10998,ok
Validation,Bacry_2015_hawkes-processes-finance.pdf,19,48,2007,0.15496,ok
Validation,Bacry_2015_hawkes-processes-finance.pdf,20,48,2980,0.02785,ok
Validation,Bacry_2015_hawkes-processes-finance.pdf,21,48,2001,0.04798,ok
Validation,Bacry_2015_hawkes-processes-finance.pdf,22,48,2968,0.01718,ok
Validation,Bacry_2015_hawkes-processes-finance.pdf,23,48,2922,0.02361,ok
Validation,Bacry_2015_hawkes-processes-finance.pdf,24,48,2987,0.0308,ok
Validation,Bacry_2015_hawkes-processes-finance.pdf,25,48,2192,0.02235,ok
Validation,Bacry_2015_hawkes-processes-finance.pdf,26,48,3001,0.004,ok
Validation,Bacry_2015_hawkes-processes-finance.pdf,27,48,2207,0.01586,ok
Validation,Bacry_2015_hawkes-processes-finance.pdf,28,48,3122,0.05381,ok
Validation,Bacry_2015_hawkes-processes-finance.pdf,29,48,2746,0.00073,ok
Validation,Bacry_2015_hawkes-processes-finance.pdf,30,48,3131,0.01597,ok
Validation,Bacry_2015_hawkes-processes-finance.pdf,31,48,1927,0.08978,ok
Validation,Bacry_2015_hawkes-processes-finance.pdf,32,48,2801,0.00536,ok
Validation,Bacry_2015_hawkes-processes-finance.pdf,33,48,1441,0.08466,ok
Validation,Bacry_2015_hawkes-processes-finance.pdf,34,48,2829,0.0106,ok
Validation,Bacry_2015_hawkes-processes-finance.pdf,35,48,2879,0.02744,ok
Validation,Bacry_2015_hawkes-processes-finance.pdf,36,48,2787,0.0244,ok
Validation,Bacry_2015_hawkes-processes-finance.pdf,37,48,3021,0.00166,ok
Validation,Bacry_2015_hawkes-processes-finance.pdf,38,48,1121,0.02052,ok
Validation,Bacry_2015_hawkes-processes-finance.pdf,39,48,1510,0.08675,ok
Validation,Bacry_2015_hawkes-processes-finance.pdf,40,48,2309,0.05154,ok
Validation,Bacry_2015_hawkes-processes-finance.pdf,41,48,2840,0.0419,ok
Validation,Bacry_2015_hawkes-processes-finance.pdf,42,48,1971,0.06646,ok
Validation,Bacry_2015_hawkes-processes-finance.pdf,43,48,2593,0.05631,ok
Validation,Bacry_2015_hawkes-processes-finance.pdf,44,48,2396,0.00835,ok
Validation,Bacry_2015_hawkes-processes-finance.pdf,45,48,2729,0.0077,ok
Validation,Bacry_2015_hawkes-processes-finance.pdf,46,48,2691,0.00223,ok
Validation,Bacry_2015_hawkes-processes-finance.pdf,47,48,2576,0.00738,ok
Validation,Bacry_2015_hawkes-processes-finance.pdf,48,48,183,0.02186,ok
Validation,Baddeley_2005_spatstat-r-package-analyzing-spatial.pdf,1,42,1832,0.01638,ok
Validation,Baddeley_2005_spatstat-r-package-analyzing-spatial.pdf,2,42,1362,0.01028,ok
Validation,Baddeley_2005_spatstat-r-package-analyzing-spatial.pdf,3,42,1827,0.01204,ok
Validation,Baddeley_2005_spatstat-r-package-analyzing-spatial.pdf,4,42,1358,0.01325,ok
Validation,Baddeley_2005_spatstat-r-package-analyzing-spatial.pdf,5,42,2071,0.00821,ok
Validation,Baddeley_2005_spatstat-r-package-analyzing-spatial.pdf,6,42,1665,0.03183,ok
Validation,Baddeley_2005_spatstat-r-package-analyzing-spatial.pdf,7,42,1616,0.01485,ok
Validation,Baddeley_2005_spatstat-r-package-analyzing-spatial.pdf,8,42,2565,0.00351,ok
Validation,Baddeley_2005_spatstat-r-package-analyzing-spatial.pdf,9,42,1173,0.01705,ok
Validation,Baddeley_2005_spatstat-r-package-analyzing-spatial.pdf,10,42,883,0.02265,ok
Validation,Baddeley_2005_spatstat-r-package-analyzing-spatial.pdf,11,42,1338,0.00224,ok
Validation,Baddeley_2005_spatstat-r-package-analyzing-spatial.pdf,12,42,1283,0.00935,ok
Validation,Baddeley_2005_spatstat-r-package-analyzing-spatial.pdf,13,42,2163,0.00509,ok
Validation,Baddeley_2005_spatstat-r-package-analyzing-spatial.pdf,14,42,1680,0.0006,ok
Validation,Baddeley_2005_spatstat-r-package-analyzing-spatial.pdf,15,42,2038,0.00393,ok
Validation,Baddeley_2005_spatstat-r-package-analyzing-spatial.pdf,16,42,1453,0.02202,ok
Validation,Baddeley_2005_spatstat-r-package-analyzing-spatial.pdf,17,42,2595,0.0104,ok
Validation,Baddeley_2005_spatstat-r-package-analyzing-spatial.pdf,18,42,1373,0.0488,ok
Validation,Baddeley_2005_spatstat-r-package-analyzing-spatial.pdf,19,42,1682,0.01011,ok
Validation,Baddeley_2005_spatstat-r-package-analyzing-spatial.pdf,20,42,2074,0.00868,ok
Validation,Baddeley_2005_spatstat-r-package-analyzing-spatial.pdf,21,42,1485,0.05522,ok
Validation,Baddeley_2005_spatstat-r-package-analyzing-spatial.pdf,22,42,2204,0.02995,ok
Validation,Baddeley_2005_spatstat-r-package-analyzing-spatial.pdf,23,42,1821,0.04009,ok
Validation,Baddeley_2005_spatstat-r-package-analyzing-spatial.pdf,24,42,2053,0.02484,ok
Validation,Baddeley_2005_spatstat-r-package-analyzing-spatial.pdf,25,42,1747,0.02748,ok
Validation,Baddeley_2005_spatstat-r-package-analyzing-spatial.pdf,26,42,1984,0.02268,ok
Validation,Baddeley_2005_spatstat-r-package-analyzing-spatial.pdf,27,42,1771,0.0175,ok
Validation,Baddeley_2005_spatstat-r-package-analyzing-spatial.pdf,28,42,1964,0.01935,ok
Validation,Baddeley_2005_spatstat-r-package-analyzing-spatial.pdf,29,42,1665,0.02462,ok
Validation,Baddeley_2005_spatstat-r-package-analyzing-spatial.pdf,30,42,1989,0.01357,ok
Validation,Baddeley_2005_spatstat-r-package-analyzing-spatial.pdf,31,42,2325,0.01032,ok
Validation,Baddeley_2005_spatstat-r-package-analyzing-spatial.pdf,32,42,1934,0.03206,ok
Validation,Baddeley_2005_spatstat-r-package-analyzing-spatial.pdf,33,42,1930,0.00829,ok
Validation,Baddeley_2005_spatstat-r-package-analyzing-spatial.pdf,34,42,1514,0.05945,ok
Validation,Baddeley_2005_spatstat-r-package-analyzing-spatial.pdf,35,42,2235,0.02953,ok
Validation,Baddeley_2005_spatstat-r-package-analyzing-spatial.pdf,36,42,2316,0.02202,ok
Validation,Baddeley_2005_spatstat-r-package-analyzing-spatial.pdf,37,42,2027,0.01924,ok
Validation,Baddeley_2005_spatstat-r-package-analyzing-spatial.pdf,38,42,2083,0.01968,ok
Validation,Baddeley_2005_spatstat-r-package-analyzing-spatial.pdf,39,42,2240,0.00848,ok
Validation,Baddeley_2005_spatstat-r-package-analyzing-spatial.pdf,40,42,2140,0.00234,ok
Validation,Baddeley_2005_spatstat-r-package-analyzing-spatial.pdf,41,42,1752,0.02397,ok
Validation,Baddeley_2005_spatstat-r-package-analyzing-spatial.pdf,42,42,337,0.04451,ok
Validation,Barker_2022_effects-crown-scorch-post-fire.pdf,1,17,3835,0.01199,ok
Validation,Barker_2022_effects-crown-scorch-post-fire.pdf,2,17,3911,0.00026,ok
Validation,Barker_2022_effects-crown-scorch-post-fire.pdf,3,17,3217,0.02642,ok
Validation,Barker_2022_effects-crown-scorch-post-fire.pdf,4,17,2933,0.01193,ok
Validation,Barker_2022_effects-crown-scorch-post-fire.pdf,5,17,2699,0.04224,ok
Validation,Barker_2022_effects-crown-scorch-post-fire.pdf,6,17,2460,0.01057,ok
Validation,Barker_2022_effects-crown-scorch-post-fire.pdf,7,17,1520,0.01184,ok
Validation,Barker_2022_effects-crown-scorch-post-fire.pdf,8,17,1697,0.0053,ok
Validation,Barker_2022_effects-crown-scorch-post-fire.pdf,9,17,2854,0.00491,ok
Validation,Barker_2022_effects-crown-scorch-post-fire.pdf,10,17,3763,0.00053,ok
Validation,Barker_2022_effects-crown-scorch-post-fire.pdf,11,17,4001,0.00125,ok
Validation,Barker_2022_effects-crown-scorch-post-fire.pdf,12,17,3878,0.0,ok
Validation,Barker_2022_effects-crown-scorch-post-fire.pdf,13,17,3673,0.0,ok
Validation,Barker_2022_effects-crown-scorch-post-fire.pdf,14,17,3373,0.01779,ok
Validation,Barker_2022_effects-crown-scorch-post-fire.pdf,15,17,5170,0.00135,ok
Validation,Barker_2022_effects-crown-scorch-post-fire.pdf,16,17,5108,0.00333,ok
Validation,Barker_2022_effects-crown-scorch-post-fire.pdf,17,17,2167,0.0,ok
Validation,Batson_2019_noise2self-blind-denoising-self.pdf,1,16,3897,0.00744,ok
Validation,Batson_2019_noise2self-blind-denoising-self.pdf,2,16,3589,0.08442,ok
Validation,Batson_2019_noise2self-blind-denoising-self.pdf,3,16,4675,0.0154,ok
Validation,Batson_2019_noise2self-blind-denoising-self.pdf,4,16,2468,0.04943,ok
Validation,Batson_2019_noise2self-blind-denoising-self.pdf,5,16,3485,0.04419,ok
Validation,Batson_2019_noise2self-blind-denoising-self.pdf,6,16,2737,0.08294,ok
Validation,Batson_2019_noise2self-blind-denoising-self.pdf,7,16,3373,0.03558,ok
Validation,Batson_2019_noise2self-blind-denoising-self.pdf,8,16,1633,0.03307,ok
Validation,Batson_2019_noise2self-blind-denoising-self.pdf,9,16,3964,0.01034,ok
Validation,Batson_2019_noise2self-blind-denoising-self.pdf,10,16,1594,0.00376,ok
Validation,Batson_2019_noise2self-blind-denoising-self.pdf,11,16,1840,0.15217,ok
Validation,Batson_2019_noise2self-blind-denoising-self.pdf,12,16,2464,0.10106,ok
Validation,Batson_2019_noise2self-blind-denoising-self.pdf,13,16,3531,0.02719,ok
Validation,Batson_2019_noise2self-blind-denoising-self.pdf,14,16,1107,0.07678,ok
Validation,Batson_2019_noise2self-blind-denoising-self.pdf,15,16,3666,0.03573,ok
Validation,Batson_2019_noise2self-blind-denoising-self.pdf,16,16,1513,0.02049,ok
Validation,Begg_1983_assessment-diagnostic-tests-when-disease.pdf,1,10,929,0.01399,ok
Validation,Begg_1983_assessment-diagnostic-tests-when-disease.pdf,2,10,2506,0.00878,ok
Validation,Begg_1983_assessment-diagnostic-tests-when-disease.pdf,3,10,3211,0.00343,ok
Validation,Begg_1983_assessment-diagnostic-tests-when-disease.pdf,4,10,2179,0.01927,ok
Validation,Begg_1983_assessment-diagnostic-tests-when-disease.pdf,5,10,2024,0.01828,ok
Validation,Begg_1983_assessment-diagnostic-tests-when-disease.pdf,6,10,2580,0.02597,ok
Validation,Begg_1983_assessment-diagnostic-tests-when-disease.pdf,7,10,2687,0.01489,ok
Validation,Begg_1983_assessment-diagnostic-tests-when-disease.pdf,8,10,1258,0.06439,ok
Validation,Begg_1983_assessment-diagnostic-tests-when-disease.pdf,9,10,2872,0.02472,ok
Validation,Begg_1983_assessment-diagnostic-tests-when-disease.pdf,10,10,2468,0.0081,ok
Validation,Bell_1977_markov-analysis-land-use-change.pdf,1,5,4398,0.00841,ok
Validation,Bell_1977_markov-analysis-land-use-change.pdf,2,5,4755,0.01893,ok
Validation,Bell_1977_markov-analysis-land-use-change.pdf,3,5,3387,0.04222,ok
Validation,Bell_1977_markov-analysis-land-use-change.pdf,4,5,4314,0.01901,ok
Validation,Bell_1977_markov-analysis-land-use-change.pdf,5,5,2347,0.05028,ok
Validation,Bellettini_2002_total-variation-flow.pdf,1,51,1357,0.05527,ok
Validation,Bellettini_2002_total-variation-flow.pdf,2,51,2148,0.05261,ok
Validation,Bellettini_2002_total-variation-flow.pdf,3,51,2255,0.05011,ok
Validation,Bellettini_2002_total-variation-flow.pdf,4,51,1635,0.08685,ok
Validation,Bellettini_2002_total-variation-flow.pdf,5,51,2196,0.04372,ok
Validation,Bellettini_2002_total-variation-flow.pdf,6,51,1115,0.27982,ok
Validation,Bellettini_2002_total-variation-flow.pdf,7,51,1190,0.11429,ok
Validation,Bellettini_2002_total-variation-flow.pdf,8,51,992,0.27823,ok
Validation,Bellettini_2002_total-variation-flow.pdf,9,51,1508,0.06432,ok
Validation,Bellettini_2002_total-variation-flow.pdf,10,51,1291,0.11851,ok
Validation,Bellettini_2002_total-variation-flow.pdf,11,51,1561,0.10634,ok
Validation,Bellettini_2002_total-variation-flow.pdf,12,51,1062,0.22411,ok
Validation,Bellettini_2002_total-variation-flow.pdf,13,51,770,0.23896,ok
Validation,Bellettini_2002_total-variation-flow.pdf,14,51,1709,0.09245,ok
Validation,Bellettini_2002_total-variation-flow.pdf,15,51,977,0.23337,ok
Validation,Bellettini_2002_total-variation-flow.pdf,16,51,888,0.27815,ok
Validation,Bellettini_2002_total-variation-flow.pdf,17,51,660,0.32121,ok
Validation,Bellettini_2002_total-variation-flow.pdf,18,51,649,0.36364,ok
Validation,Bellettini_2002_total-variation-flow.pdf,19,51,884,0.20588,ok
Validation,Bellettini_2002_total-variation-flow.pdf,20,51,920,0.20652,ok
Validation,Bellettini_2002_total-variation-flow.pdf,21,51,1041,0.26801,ok
Validation,Bellettini_2002_total-variation-flow.pdf,22,51,961,0.25494,ok
Validation,Bellettini_2002_total-variation-flow.pdf,23,51,997,0.19759,ok
Validation,Bellettini_2002_total-variation-flow.pdf,24,51,870,0.33103,ok
Validation,Bellettini_2002_total-variation-flow.pdf,25,51,940,0.4,ok
Validation,Bellettini_2002_total-variation-flow.pdf,26,51,1204,0.18189,ok
Validation,Bellettini_2002_total-variation-flow.pdf,27,51,1330,0.15188,ok
Validation,Bellettini_2002_total-variation-flow.pdf,28,51,918,0.33442,ok
Validation,Bellettini_2002_total-variation-flow.pdf,29,51,1220,0.22705,ok
Validation,Bellettini_2002_total-variation-flow.pdf,30,51,1384,0.06647,ok
Validation,Bellettini_2002_total-variation-flow.pdf,31,51,1917,0.08138,ok
Validation,Bellettini_2002_total-variation-flow.pdf,32,51,1142,0.20053,ok
Validation,Bellettini_2002_total-variation-flow.pdf,33,51,1396,0.05444,ok
Validation,Bellettini_2002_total-variation-flow.pdf,34,51,1467,0.16224,ok
Validation,Bellettini_2002_total-variation-flow.pdf,35,51,1220,0.16803,ok
Validation,Bellettini_2002_total-variation-flow.pdf,36,51,1179,0.21798,ok
Validation,Bellettini_2002_total-variation-flow.pdf,37,51,1522,0.09198,ok
Validation,Bellettini_2002_total-variation-flow.pdf,38,51,1301,0.11837,ok
Validation,Bellettini_2002_total-variation-flow.pdf,39,51,1135,0.16035,ok
Validation,Bellettini_2002_total-variation-flow.pdf,40,51,1260,0.15635,ok
Validation,Bellettini_2002_total-variation-flow.pdf,41,51,1081,0.22017,ok
Validation,Bellettini_2002_total-variation-flow.pdf,42,51,1067,0.18838,ok
Validation,Bellettini_2002_total-variation-flow.pdf,43,51,1479,0.1501,ok
Validation,Bellettini_2002_total-variation-flow.pdf,44,51,1230,0.27805,ok
Validation,Bellettini_2002_total-variation-flow.pdf,45,51,1405,0.11459,ok
Validation,Bellettini_2002_total-variation-flow.pdf,46,51,1533,0.12459,ok
Validation,Bellettini_2002_total-variation-flow.pdf,47,51,645,0.2093,ok
Validation,Bellettini_2002_total-variation-flow.pdf,48,51,727,0.1293,ok
Validation,Bellettini_2002_total-variation-flow.pdf,49,51,1015,0.19409,ok
Validation,Bellettini_2002_total-variation-flow.pdf,50,51,2675,0.01981,ok
Validation,Bellettini_2002_total-variation-flow.pdf,51,51,2453,0.00245,ok
Validation,Benedek_2009_change-detection-optical-aerial-images.pdf,1,15,5439,0.00129,ok
Validation,Benedek_2009_change-detection-optical-aerial-images.pdf,2,15,6018,0.00199,ok
Validation,Benedek_2009_change-detection-optical-aerial-images.pdf,3,15,3226,0.02635,ok
Validation,Benedek_2009_change-detection-optical-aerial-images.pdf,4,15,3289,0.08848,ok
Validation,Benedek_2009_change-detection-optical-aerial-images.pdf,5,15,3537,0.06701,ok
Validation,Benedek_2009_change-detection-optical-aerial-images.pdf,6,15,3894,0.01952,ok
Validation,Benedek_2009_change-detection-optical-aerial-images.pdf,7,15,2780,0.04604,ok
Validation,Benedek_2009_change-detection-optical-aerial-images.pdf,8,15,3519,0.12901,ok
Validation,Benedek_2009_change-detection-optical-aerial-images.pdf,9,15,1869,0.00749,ok
Validation,Benedek_2009_change-detection-optical-aerial-images.pdf,10,15,2646,0.02343,ok
Validation,Benedek_2009_change-detection-optical-aerial-images.pdf,11,15,1945,0.01285,ok
Validation,Benedek_2009_change-detection-optical-aerial-images.pdf,12,15,4225,0.00663,ok
Validation,Benedek_2009_change-detection-optical-aerial-images.pdf,13,15,4054,0.00567,ok
Validation,Benedek_2009_change-detection-optical-aerial-images.pdf,14,15,7536,0.01088,ok
Validation,Benedek_2009_change-detection-optical-aerial-images.pdf,15,15,3717,0.00861,ok
Validation,Benedek_2015_multilayer-markov-random-field-models.pdf,1,16,4504,0.00866,ok
Validation,Benedek_2015_multilayer-markov-random-field-models.pdf,2,16,6917,0.00058,ok
Validation,Benedek_2015_multilayer-markov-random-field-models.pdf,3,16,6929,0.00433,ok
Validation,Benedek_2015_multilayer-markov-random-field-models.pdf,4,16,916,0.01092,ok
Validation,Benedek_2015_multilayer-markov-random-field-models.pdf,5,16,3131,0.01118,ok
Validation,Benedek_2015_multilayer-markov-random-field-models.pdf,6,16,5553,0.05096,ok
Validation,Benedek_2015_multilayer-markov-random-field-models.pdf,7,16,5745,0.04317,ok
Validation,Benedek_2015_multilayer-markov-random-field-models.pdf,8,16,5978,0.03479,ok
Validation,Benedek_2015_multilayer-markov-random-field-models.pdf,9,16,5645,0.04446,ok
Validation,Benedek_2015_multilayer-markov-random-field-models.pdf,10,16,5449,0.01597,ok
Validation,Benedek_2015_multilayer-markov-random-field-models.pdf,11,16,6372,0.00753,ok
Validation,Benedek_2015_multilayer-markov-random-field-models.pdf,12,16,6019,0.00366,ok
Validation,Benedek_2015_multilayer-markov-random-field-models.pdf,13,16,1927,0.01349,ok
Validation,Benedek_2015_multilayer-markov-random-field-models.pdf,14,16,2811,0.01281,ok
Validation,Benedek_2015_multilayer-markov-random-field-models.pdf,15,16,7313,0.01149,ok
Validation,Benedek_2015_multilayer-markov-random-field-models.pdf,16,16,6027,0.00299,ok
Validation,Benjamini_1995_controlling-false-discovery-rate.pdf,1,12,2515,0.00398,ok
Validation,Benjamini_1995_controlling-false-discovery-rate.pdf,2,12,2904,0.0,ok
Validation,Benjamini_1995_controlling-false-discovery-rate.pdf,3,12,1905,0.02625,ok
Validation,Benjamini_1995_controlling-false-discovery-rate.pdf,4,12,2990,0.00702,ok
Validation,Benjamini_1995_controlling-false-discovery-rate.pdf,5,12,2044,0.02446,ok
Validation,Benjamini_1995_controlling-false-discovery-rate.pdf,6,12,2419,0.01902,ok
Validation,Benjamini_1995_controlling-false-discovery-rate.pdf,7,12,2365,0.02452,ok
Validation,Benjamini_1995_controlling-false-discovery-rate.pdf,8,12,2466,0.01419,ok
Validation,Benjamini_1995_controlling-false-discovery-rate.pdf,9,12,886,0.07111,ok
Validation,Benjamini_1995_controlling-false-discovery-rate.pdf,10,12,2594,0.00463,ok
Validation,Benjamini_1995_controlling-false-discovery-rate.pdf,11,12,1868,0.06103,ok
Validation,Benjamini_1995_controlling-false-discovery-rate.pdf,12,12,2287,0.04023,ok
Validation,Besag_1974_spatial-interaction-statistical-analysis.pdf,1,34,2612,0.00919,ok
Validation,Besag_1974_spatial-interaction-statistical-analysis.pdf,2,34,3161,0.0019,ok
Validation,Besag_1974_spatial-interaction-statistical-analysis.pdf,3,34,3125,0.00128,ok
Validation,Besag_1974_spatial-interaction-statistical-analysis.pdf,4,34,3011,0.01096,ok
Validation,Besag_1974_spatial-interaction-statistical-analysis.pdf,5,34,2889,0.01108,ok
Validation,Besag_1974_spatial-interaction-statistical-analysis.pdf,6,34,2549,0.02236,ok
Validation,Besag_1974_spatial-interaction-statistical-analysis.pdf,7,34,2783,0.02156,ok
Validation,Besag_1974_spatial-interaction-statistical-analysis.pdf,8,34,2659,0.00903,ok
Validation,Besag_1974_spatial-interaction-statistical-analysis.pdf,9,34,2424,0.01898,ok
Validation,Besag_1974_spatial-interaction-statistical-analysis.pdf,10,34,2240,0.03348,ok
Validation,Besag_1974_spatial-interaction-statistical-analysis.pdf,11,34,2160,0.02963,ok
Validation,Besag_1974_spatial-interaction-statistical-analysis.pdf,12,34,2420,0.04091,ok
Validation,Besag_1974_spatial-interaction-statistical-analysis.pdf,13,34,2305,0.04382,ok
Validation,Besag_1974_spatial-interaction-statistical-analysis.pdf,14,34,2923,0.02908,ok
Validation,Besag_1974_spatial-interaction-statistical-analysis.pdf,15,34,2700,0.01704,ok
Validation,Besag_1974_spatial-interaction-statistical-analysis.pdf,16,34,3000,0.014,ok
Validation,Besag_1974_spatial-interaction-statistical-analysis.pdf,17,34,2850,0.0193,ok
Validation,Besag_1974_spatial-interaction-statistical-analysis.pdf,18,34,2538,0.01773,ok
Validation,Besag_1974_spatial-interaction-statistical-analysis.pdf,19,34,2990,0.00435,ok
Validation,Besag_1974_spatial-interaction-statistical-analysis.pdf,20,34,2206,0.0204,ok
Validation,Besag_1974_spatial-interaction-statistical-analysis.pdf,21,34,2826,0.0092,ok
Validation,Besag_1974_spatial-interaction-statistical-analysis.pdf,22,34,2464,0.01867,ok
Validation,Besag_1974_spatial-interaction-statistical-analysis.pdf,23,34,2399,0.0321,ok
Validation,Besag_1974_spatial-interaction-statistical-analysis.pdf,24,34,2005,0.02893,ok
Validation,Besag_1974_spatial-interaction-statistical-analysis.pdf,25,34,2116,0.13185,ok
Validation,Besag_1974_spatial-interaction-statistical-analysis.pdf,26,34,1059,0.05571,ok
Validation,Besag_1974_spatial-interaction-statistical-analysis.pdf,27,34,1657,0.03018,ok
Validation,Besag_1974_spatial-interaction-statistical-analysis.pdf,28,34,1074,0.13873,ok
Validation,Besag_1974_spatial-interaction-statistical-analysis.pdf,29,34,2384,0.05663,ok
Validation,Besag_1974_spatial-interaction-statistical-analysis.pdf,30,34,1381,0.08617,ok
Validation,Besag_1974_spatial-interaction-statistical-analysis.pdf,31,34,2133,0.03,ok
Validation,Besag_1974_spatial-interaction-statistical-analysis.pdf,32,34,2969,0.00842,ok
Validation,Besag_1974_spatial-interaction-statistical-analysis.pdf,33,34,3463,0.03292,ok
Validation,Besag_1974_spatial-interaction-statistical-analysis.pdf,34,34,3521,0.00767,ok
Validation,Blackman_2020_detecting-long-term-urban-forest.pdf,1,20,2902,0.00724,ok
Validation,Blackman_2020_detecting-long-term-urban-forest.pdf,2,20,3687,0.00271,ok
Validation,Blackman_2020_detecting-long-term-urban-forest.pdf,3,20,2230,0.00807,ok
Validation,Blackman_2020_detecting-long-term-urban-forest.pdf,4,20,1497,0.06613,ok
Validation,Blackman_2020_detecting-long-term-urban-forest.pdf,5,20,3840,0.09036,ok
Validation,Blackman_2020_detecting-long-term-urban-forest.pdf,6,20,3267,0.01408,ok
Validation,Blackman_2020_detecting-long-term-urban-forest.pdf,7,20,3089,0.00388,ok
Validation,Blackman_2020_detecting-long-term-urban-forest.pdf,8,20,2544,0.0,ok
Validation,Blackman_2020_detecting-long-term-urban-forest.pdf,9,20,3855,0.00363,ok
Validation,Blackman_2020_detecting-long-term-urban-forest.pdf,10,20,2755,0.01779,ok
Validation,Blackman_2020_detecting-long-term-urban-forest.pdf,11,20,3744,0.0016,ok
Validation,Blackman_2020_detecting-long-term-urban-forest.pdf,12,20,3400,0.00824,ok
Validation,Blackman_2020_detecting-long-term-urban-forest.pdf,13,20,1035,0.0029,ok
Validation,Blackman_2020_detecting-long-term-urban-forest.pdf,14,20,1622,0.04871,ok
Validation,Blackman_2020_detecting-long-term-urban-forest.pdf,15,20,3098,0.02776,ok
Validation,Blackman_2020_detecting-long-term-urban-forest.pdf,16,20,3742,0.00321,ok
Validation,Blackman_2020_detecting-long-term-urban-forest.pdf,17,20,3758,0.01118,ok
Validation,Blackman_2020_detecting-long-term-urban-forest.pdf,18,20,4002,0.005,ok
Validation,Blackman_2020_detecting-long-term-urban-forest.pdf,19,20,3859,0.01166,ok
Validation,Blackman_2020_detecting-long-term-urban-forest.pdf,20,20,768,0.0,ok
Validation,Blakemore_1984_generalisation-error-spatial.pdf,1,9,2327,0.00215,ok
Validation,Blakemore_1984_generalisation-error-spatial.pdf,2,9,3019,0.00497,ok
Validation,Blakemore_1984_generalisation-error-spatial.pdf,3,9,711,0.00563,ok
Validation,Blakemore_1984_generalisation-error-spatial.pdf,4,9,3036,0.00264,ok
Validation,Blakemore_1984_generalisation-error-spatial.pdf,5,9,1593,0.00251,ok
Validation,Blakemore_1984_generalisation-error-spatial.pdf,6,9,3095,0.00388,ok
Validation,Blakemore_1984_generalisation-error-spatial.pdf,7,9,3010,0.00498,ok
Validation,Blakemore_1984_generalisation-error-spatial.pdf,8,9,2475,0.04081,ok
Validation,Blakemore_1984_generalisation-error-spatial.pdf,9,9,2886,0.0104,ok
Validation,Bloch_2012_mathematical-morphology-bipolar-fuzzy.pdf,1,30,3402,0.00323,ok
Validation,Bloch_2012_mathematical-morphology-bipolar-fuzzy.pdf,2,30,5145,0.00389,ok
Validation,Bloch_2012_mathematical-morphology-bipolar-fuzzy.pdf,3,30,4801,0.03666,ok
Validation,Bloch_2012_mathematical-morphology-bipolar-fuzzy.pdf,4,30,3347,0.10726,ok
Validation,Bloch_2012_mathematical-morphology-bipolar-fuzzy.pdf,5,30,2190,0.24612,ok
Validation,Bloch_2012_mathematical-morphology-bipolar-fuzzy.pdf,6,30,4838,0.02232,ok
Validation,Bloch_2012_mathematical-morphology-bipolar-fuzzy.pdf,7,30,4607,0.01758,ok
Validation,Bloch_2012_mathematical-morphology-bipolar-fuzzy.pdf,8,30,3305,0.07534,ok
Validation,Bloch_2012_mathematical-morphology-bipolar-fuzzy.pdf,9,30,3381,0.07098,ok
Validation,Bloch_2012_mathematical-morphology-bipolar-fuzzy.pdf,10,30,3673,0.11299,ok
Validation,Bloch_2012_mathematical-morphology-bipolar-fuzzy.pdf,11,30,3905,0.0525,ok
Validation,Bloch_2012_mathematical-morphology-bipolar-fuzzy.pdf,12,30,3258,0.13505,ok
Validation,Bloch_2012_mathematical-morphology-bipolar-fuzzy.pdf,13,30,3590,0.05822,ok
Validation,Bloch_2012_mathematical-morphology-bipolar-fuzzy.pdf,14,30,4938,0.02592,ok
Validation,Bloch_2012_mathematical-morphology-bipolar-fuzzy.pdf,15,30,2897,0.00552,ok
Validation,Bloch_2012_mathematical-morphology-bipolar-fuzzy.pdf,16,30,4475,0.02637,ok
Validation,Bloch_2012_mathematical-morphology-bipolar-fuzzy.pdf,17,30,2465,0.08276,ok
Validation,Bloch_2012_mathematical-morphology-bipolar-fuzzy.pdf,18,30,2127,0.14951,ok
Validation,Bloch_2012_mathematical-morphology-bipolar-fuzzy.pdf,19,30,2266,0.02604,ok
Validation,Bloch_2012_mathematical-morphology-bipolar-fuzzy.pdf,20,30,3891,0.04189,ok
Validation,Bloch_2012_mathematical-morphology-bipolar-fuzzy.pdf,21,30,2622,0.02288,ok
Validation,Bloch_2012_mathematical-morphology-bipolar-fuzzy.pdf,22,30,2339,0.05472,ok
Validation,Bloch_2012_mathematical-morphology-bipolar-fuzzy.pdf,23,30,2831,0.07559,ok
Validation,Bloch_2012_mathematical-morphology-bipolar-fuzzy.pdf,24,30,2726,0.04549,ok
Validation,Bloch_2012_mathematical-morphology-bipolar-fuzzy.pdf,25,30,2460,0.1,ok
Validation,Bloch_2012_mathematical-morphology-bipolar-fuzzy.pdf,26,30,4573,0.0258,ok
Validation,Bloch_2012_mathematical-morphology-bipolar-fuzzy.pdf,27,30,2469,0.17659,ok
Validation,Bloch_2012_mathematical-morphology-bipolar-fuzzy.pdf,28,30,3205,0.10452,ok
Validation,Bloch_2012_mathematical-morphology-bipolar-fuzzy.pdf,29,30,7213,0.00776,ok
Validation,Bloch_2012_mathematical-morphology-bipolar-fuzzy.pdf,30,30,7377,0.00258,ok
Validation,Bogaert_2022_hidden-markov-models-annual-land.pdf,1,14,5087,0.00236,ok
Validation,Bogaert_2022_hidden-markov-models-annual-land.pdf,2,14,4790,0.0048,ok
Validation,Bogaert_2022_hidden-markov-models-annual-land.pdf,3,14,4883,0.07844,ok
Validation,Bogaert_2022_hidden-markov-models-annual-land.pdf,4,14,4710,0.09278,ok
Validation,Bogaert_2022_hidden-markov-models-annual-land.pdf,5,14,5507,0.01489,ok
Validation,Bogaert_2022_hidden-markov-models-annual-land.pdf,6,14,3598,0.00472,ok
Validation,Bogaert_2022_hidden-markov-models-annual-land.pdf,7,14,3903,0.05457,ok
Validation,Bogaert_2022_hidden-markov-models-annual-land.pdf,8,14,1948,0.02823,ok
Validation,Bogaert_2022_hidden-markov-models-annual-land.pdf,9,14,3646,0.01289,ok
Validation,Bogaert_2022_hidden-markov-models-annual-land.pdf,10,14,4458,0.00852,ok
Validation,Bogaert_2022_hidden-markov-models-annual-land.pdf,11,14,3891,0.00308,ok
Validation,Bogaert_2022_hidden-markov-models-annual-land.pdf,12,14,5089,0.01317,ok
Validation,Bogaert_2022_hidden-markov-models-annual-land.pdf,13,14,6443,0.04485,ok
Validation,Bogaert_2022_hidden-markov-models-annual-land.pdf,14,14,2835,0.00317,ok
Validation,Boykov_2001_interactive-graph-cuts-optimal-boundary.pdf,1,8,3733,0.00402,ok
Validation,Boykov_2001_interactive-graph-cuts-optimal-boundary.pdf,2,8,4437,0.01037,ok
Validation,Boykov_2001_interactive-graph-cuts-optimal-boundary.pdf,3,8,3350,0.0206,ok
Validation,Boykov_2001_interactive-graph-cuts-optimal-boundary.pdf,4,8,3271,0.00764,ok
Validation,Boykov_2001_interactive-graph-cuts-optimal-boundary.pdf,5,8,3418,0.02487,ok
Validation,Boykov_2001_interactive-graph-cuts-optimal-boundary.pdf,6,8,3065,0.00816,ok
Validation,Boykov_2001_interactive-graph-cuts-optimal-boundary.pdf,7,8,2718,0.00625,ok
Validation,Boykov_2001_interactive-graph-cuts-optimal-boundary.pdf,8,8,3894,0.01053,ok
Validation,Boykov_2003_computing-geodesics-minimal-surfaces.pdf,1,8,3686,0.00922,ok
Validation,Boykov_2003_computing-geodesics-minimal-surfaces.pdf,2,8,4217,0.01304,ok
Validation,Boykov_2003_computing-geodesics-minimal-surfaces.pdf,3,8,1910,0.0801,ok
Validation,Boykov_2003_computing-geodesics-minimal-surfaces.pdf,4,8,4097,0.01074,ok
Validation,Boykov_2003_computing-geodesics-minimal-surfaces.pdf,5,8,3254,0.0464,ok
Validation,Boykov_2003_computing-geodesics-minimal-surfaces.pdf,6,8,3366,0.06061,ok
Validation,Boykov_2003_computing-geodesics-minimal-surfaces.pdf,7,8,3100,0.00742,ok
Validation,Boykov_2003_computing-geodesics-minimal-surfaces.pdf,8,8,5055,0.01682,ok
Validation,Broaddus_2020_removing-structured-noise-self.pdf,1,5,3914,0.02069,ok
Validation,Broaddus_2020_removing-structured-noise-self.pdf,2,5,4559,0.00746,ok
Validation,Broaddus_2020_removing-structured-noise-self.pdf,3,5,3754,0.04209,ok
Validation,Broaddus_2020_removing-structured-noise-self.pdf,4,5,3778,0.03097,ok
Validation,Broaddus_2020_removing-structured-noise-self.pdf,5,5,3972,0.0073,ok
Validation,Brook_1972_approach-probability-distribution-cusum.pdf,1,11,2525,0.00396,ok
Validation,Brook_1972_approach-probability-distribution-cusum.pdf,2,11,2680,0.00597,ok
Validation,Brook_1972_approach-probability-distribution-cusum.pdf,3,11,1627,0.08359,ok
Validation,Brook_1972_approach-probability-distribution-cusum.pdf,4,11,2375,0.02821,ok
Validation,Brook_1972_approach-probability-distribution-cusum.pdf,5,11,1942,0.04943,ok
Validation,Brook_1972_approach-probability-distribution-cusum.pdf,6,11,1429,0.02519,ok
Validation,Brook_1972_approach-probability-distribution-cusum.pdf,7,11,1965,0.04275,ok
Validation,Brook_1972_approach-probability-distribution-cusum.pdf,8,11,2451,0.02203,ok
Validation,Brook_1972_approach-probability-distribution-cusum.pdf,9,11,2691,0.01821,ok
Validation,Brook_1972_approach-probability-distribution-cusum.pdf,10,11,2790,0.02724,ok
Validation,Brook_1972_approach-probability-distribution-cusum.pdf,11,11,2166,0.00462,ok
Validation,Brown_2022_aerial-animal-detection-spatial-resolution.pdf,1,20,2122,0.02309,ok
Validation,Brown_2022_aerial-animal-detection-spatial-resolution.pdf,2,20,2760,0.00181,ok
Validation,Brown_2022_aerial-animal-detection-spatial-resolution.pdf,3,20,2681,0.00783,ok
Validation,Brown_2022_aerial-animal-detection-spatial-resolution.pdf,4,20,2575,0.00505,ok
Validation,Brown_2022_aerial-animal-detection-spatial-resolution.pdf,5,20,1860,0.04946,ok
Validation,Brown_2022_aerial-animal-detection-spatial-resolution.pdf,6,20,849,0.08598,ok
Validation,Brown_2022_aerial-animal-detection-spatial-resolution.pdf,7,20,2205,0.03039,ok
Validation,Brown_2022_aerial-animal-detection-spatial-resolution.pdf,8,20,1219,0.02133,ok
Validation,Brown_2022_aerial-animal-detection-spatial-resolution.pdf,9,20,2171,0.02303,ok
Validation,Brown_2022_aerial-animal-detection-spatial-resolution.pdf,10,20,847,0.02952,ok
Validation,Brown_2022_aerial-animal-detection-spatial-resolution.pdf,11,20,621,0.02093,ok
Validation,Brown_2022_aerial-animal-detection-spatial-resolution.pdf,12,20,542,0.01292,ok
Validation,Brown_2022_aerial-animal-detection-spatial-resolution.pdf,13,20,2040,0.00784,ok
Validation,Brown_2022_aerial-animal-detection-spatial-resolution.pdf,14,20,2019,0.0109,ok
Validation,Brown_2022_aerial-animal-detection-spatial-resolution.pdf,15,20,2130,0.00376,ok
Validation,Brown_2022_aerial-animal-detection-spatial-resolution.pdf,16,20,699,0.0186,ok
Validation,Brown_2022_aerial-animal-detection-spatial-resolution.pdf,17,20,2161,0.05044,ok
Validation,Brown_2022_aerial-animal-detection-spatial-resolution.pdf,18,20,2137,0.05101,ok
Validation,Brown_2022_aerial-animal-detection-spatial-resolution.pdf,19,20,2142,0.05089,ok
Validation,Brown_2022_aerial-animal-detection-spatial-resolution.pdf,20,20,2140,0.05093,ok
Validation,Browning_2021_simple-discrete-time-self-exciting.pdf,1,28,3456,0.02691,ok
Validation,Browning_2021_simple-discrete-time-self-exciting.pdf,2,28,3814,0.01311,ok
Validation,Browning_2021_simple-discrete-time-self-exciting.pdf,3,28,3589,0.00947,ok
Validation,Browning_2021_simple-discrete-time-self-exciting.pdf,4,28,3628,0.00441,ok
Validation,Browning_2021_simple-discrete-time-self-exciting.pdf,5,28,3060,0.01928,ok
Validation,Browning_2021_simple-discrete-time-self-exciting.pdf,6,28,3214,0.01587,ok
Validation,Browning_2021_simple-discrete-time-self-exciting.pdf,7,28,2746,0.09031,ok
Validation,Browning_2021_simple-discrete-time-self-exciting.pdf,8,28,1743,0.02238,ok
Validation,Browning_2021_simple-discrete-time-self-exciting.pdf,9,28,2249,0.09026,ok
Validation,Browning_2021_simple-discrete-time-self-exciting.pdf,10,28,921,0.01412,ok
Validation,Browning_2021_simple-discrete-time-self-exciting.pdf,11,28,2358,0.01866,ok
Validation,Browning_2021_simple-discrete-time-self-exciting.pdf,12,28,2836,0.01622,ok
Validation,Browning_2021_simple-discrete-time-self-exciting.pdf,13,28,3785,0.00211,ok
Validation,Browning_2021_simple-discrete-time-self-exciting.pdf,14,28,791,0.02781,ok
Validation,Browning_2021_simple-discrete-time-self-exciting.pdf,15,28,870,0.02184,ok
Validation,Browning_2021_simple-discrete-time-self-exciting.pdf,16,28,1002,0.01098,ok
Validation,Browning_2021_simple-discrete-time-self-exciting.pdf,17,28,3335,0.01169,ok
Validation,Browning_2021_simple-discrete-time-self-exciting.pdf,18,28,815,0.01595,ok
Validation,Browning_2021_simple-discrete-time-self-exciting.pdf,19,28,943,0.01379,ok
Validation,Browning_2021_simple-discrete-time-self-exciting.pdf,20,28,785,0.01529,ok
Validation,Browning_2021_simple-discrete-time-self-exciting.pdf,21,28,3629,0.00303,ok
Validation,Browning_2021_simple-discrete-time-self-exciting.pdf,22,28,3773,0.00212,ok
Validation,Browning_2021_simple-discrete-time-self-exciting.pdf,23,28,3535,0.00764,ok
Validation,Browning_2021_simple-discrete-time-self-exciting.pdf,24,28,2976,0.01714,ok
Validation,Browning_2021_simple-discrete-time-self-exciting.pdf,25,28,1944,0.03498,ok
Validation,Browning_2021_simple-discrete-time-self-exciting.pdf,26,28,4470,0.01745,ok
Validation,Browning_2021_simple-discrete-time-self-exciting.pdf,27,28,4291,0.01142,ok
Validation,Browning_2021_simple-discrete-time-self-exciting.pdf,28,28,4365,0.00962,ok
Validation,Bureau_2003_applications-continuous-time-hidden.pdf,1,22,2490,0.01084,ok
Validation,Bureau_2003_applications-continuous-time-hidden.pdf,2,22,3595,0.00139,ok
Validation,Bureau_2003_applications-continuous-time-hidden.pdf,3,22,2289,0.05068,ok
Validation,Bureau_2003_applications-continuous-time-hidden.pdf,4,22,2248,0.0298,ok
Validation,Bureau_2003_applications-continuous-time-hidden.pdf,5,22,2084,0.09117,ok
Validation,Bureau_2003_applications-continuous-time-hidden.pdf,6,22,3343,0.00389,ok
Validation,Bureau_2003_applications-continuous-time-hidden.pdf,7,22,3026,0.0,ok
Validation,Bureau_2003_applications-continuous-time-hidden.pdf,8,22,2890,0.01073,ok
Validation,Bureau_2003_applications-continuous-time-hidden.pdf,9,22,2621,0.00801,ok
Validation,Bureau_2003_applications-continuous-time-hidden.pdf,10,22,1232,0.07062,ok
Validation,Bureau_2003_applications-continuous-time-hidden.pdf,11,22,2921,0.00548,ok
Validation,Bureau_2003_applications-continuous-time-hidden.pdf,12,22,2769,0.00903,ok
Validation,Bureau_2003_applications-continuous-time-hidden.pdf,13,22,1132,0.07332,ok
Validation,Bureau_2003_applications-continuous-time-hidden.pdf,14,22,2662,0.01953,ok
Validation,Bureau_2003_applications-continuous-time-hidden.pdf,15,22,2646,0.0034,ok
Validation,Bureau_2003_applications-continuous-time-hidden.pdf,16,22,1052,0.10456,ok
Validation,Bureau_2003_applications-continuous-time-hidden.pdf,17,22,1699,0.04532,ok
Validation,Bureau_2003_applications-continuous-time-hidden.pdf,18,22,3400,0.00824,ok
Validation,Bureau_2003_applications-continuous-time-hidden.pdf,19,22,1754,0.10946,ok
Validation,Bureau_2003_applications-continuous-time-hidden.pdf,20,22,2268,0.04762,ok
Validation,Bureau_2003_applications-continuous-time-hidden.pdf,21,22,4237,0.00378,ok
Validation,Bureau_2003_applications-continuous-time-hidden.pdf,22,22,1281,0.0,ok
Validation,Burnicki_2007_simulating-error-propagation-land.pdf,1,21,1959,0.01021,ok
Validation,Burnicki_2007_simulating-error-propagation-land.pdf,2,21,3202,0.0,ok
Validation,Burnicki_2007_simulating-error-propagation-land.pdf,3,21,3454,0.00203,ok
Validation,Burnicki_2007_simulating-error-propagation-land.pdf,4,21,2927,0.00547,ok
Validation,Burnicki_2007_simulating-error-propagation-land.pdf,5,21,1324,0.01208,ok
Validation,Burnicki_2007_simulating-error-propagation-land.pdf,6,21,3197,0.00344,ok
Validation,Burnicki_2007_simulating-error-propagation-land.pdf,7,21,2891,0.01107,ok
Validation,Burnicki_2007_simulating-error-propagation-land.pdf,8,21,2433,0.04891,ok
Validation,Burnicki_2007_simulating-error-propagation-land.pdf,9,21,1411,0.01772,ok
Validation,Burnicki_2007_simulating-error-propagation-land.pdf,10,21,2979,0.00537,ok
Validation,Burnicki_2007_simulating-error-propagation-land.pdf,11,21,250,0.0,ok
Validation,Burnicki_2007_simulating-error-propagation-land.pdf,12,21,3349,0.00328,ok
Validation,Burnicki_2007_simulating-error-propagation-land.pdf,13,21,3417,0.00322,ok
Validation,Burnicki_2007_simulating-error-propagation-land.pdf,14,21,3179,0.00346,ok
Validation,Burnicki_2007_simulating-error-propagation-land.pdf,15,21,3304,0.00272,ok
Validation,Burnicki_2007_simulating-error-propagation-land.pdf,16,21,906,0.17219,ok
Validation,Burnicki_2007_simulating-error-propagation-land.pdf,17,21,879,0.17861,ok
Validation,Burnicki_2007_simulating-error-propagation-land.pdf,18,21,3354,0.0,ok
Validation,Burnicki_2007_simulating-error-propagation-land.pdf,19,21,3209,0.00436,ok
Validation,Burnicki_2007_simulating-error-propagation-land.pdf,20,21,4192,0.00239,ok
Validation,Burnicki_2007_simulating-error-propagation-land.pdf,21,21,422,0.0,ok
Validation,Burnicki_2010_propagating-error-land-cover-change.pdf,1,20,1873,0.01175,ok
Validation,Burnicki_2010_propagating-error-land-cover-change.pdf,2,20,366,0.0,ok
Validation,Burnicki_2010_propagating-error-land-cover-change.pdf,3,20,2891,0.03424,ok
Validation,Burnicki_2010_propagating-error-land-cover-change.pdf,4,20,3681,0.0,ok
Validation,Burnicki_2010_propagating-error-land-cover-change.pdf,5,20,3124,0.00832,ok
Validation,Burnicki_2010_propagating-error-land-cover-change.pdf,6,20,2486,0.01971,ok
Validation,Burnicki_2010_propagating-error-land-cover-change.pdf,7,20,2910,0.00206,ok
Validation,Burnicki_2010_propagating-error-land-cover-change.pdf,8,20,3422,0.02659,ok
Validation,Burnicki_2010_propagating-error-land-cover-change.pdf,9,20,1951,0.03742,ok
Validation,Burnicki_2010_propagating-error-land-cover-change.pdf,10,20,1956,0.00051,ok
Validation,Burnicki_2010_propagating-error-land-cover-change.pdf,11,20,3201,0.00344,ok
Validation,Burnicki_2010_propagating-error-land-cover-change.pdf,12,20,1443,0.0499,ok
Validation,Burnicki_2010_propagating-error-land-cover-change.pdf,13,20,3349,0.00299,ok
Validation,Burnicki_2010_propagating-error-land-cover-change.pdf,14,20,1418,0.05078,ok
Validation,Burnicki_2010_propagating-error-land-cover-change.pdf,15,20,3799,0.00053,ok
Validation,Burnicki_2010_propagating-error-land-cover-change.pdf,16,20,3468,0.00115,ok
Validation,Burnicki_2010_propagating-error-land-cover-change.pdf,17,20,4006,0.00849,ok
Validation,Burnicki_2010_propagating-error-land-cover-change.pdf,18,20,3402,0.0438,ok
Validation,Burnicki_2010_propagating-error-land-cover-change.pdf,19,20,3466,0.05886,ok
Validation,Burnicki_2010_propagating-error-land-cover-change.pdf,20,20,1464,0.05055,ok
Validation,Burnicki_2011_spatio-temporal-errors-land-cover.pdf,1,27,1917,0.0073,ok
Validation,Burnicki_2011_spatio-temporal-errors-land-cover.pdf,2,27,2432,0.00658,ok
Validation,Burnicki_2011_spatio-temporal-errors-land-cover.pdf,3,27,3198,0.00188,ok
Validation,Burnicki_2011_spatio-temporal-errors-land-cover.pdf,4,27,3323,0.0,ok
Validation,Burnicki_2011_spatio-temporal-errors-land-cover.pdf,5,27,2023,0.02373,ok
Validation,Burnicki_2011_spatio-temporal-errors-land-cover.pdf,6,27,2339,0.02779,ok
Validation,Burnicki_2011_spatio-temporal-errors-land-cover.pdf,7,27,2649,0.02982,ok
Validation,Burnicki_2011_spatio-temporal-errors-land-cover.pdf,8,27,2029,0.11631,ok
Validation,Burnicki_2011_spatio-temporal-errors-land-cover.pdf,9,27,526,0.07034,ok
Validation,Burnicki_2011_spatio-temporal-errors-land-cover.pdf,10,27,1680,0.03631,ok
Validation,Burnicki_2011_spatio-temporal-errors-land-cover.pdf,11,27,2634,0.03645,ok
Validation,Burnicki_2011_spatio-temporal-errors-land-cover.pdf,12,27,2257,0.04253,ok
Validation,Burnicki_2011_spatio-temporal-errors-land-cover.pdf,13,27,2752,0.01308,ok
Validation,Burnicki_2011_spatio-temporal-errors-land-cover.pdf,14,27,2633,0.02279,ok
Validation,Burnicki_2011_spatio-temporal-errors-land-cover.pdf,15,27,1322,0.18381,ok
Validation,Burnicki_2011_spatio-temporal-errors-land-cover.pdf,16,27,1863,0.03006,ok
Validation,Burnicki_2011_spatio-temporal-errors-land-cover.pdf,17,27,1099,0.47953,ok
Validation,Burnicki_2011_spatio-temporal-errors-land-cover.pdf,18,27,2051,0.08971,ok
Validation,Burnicki_2011_spatio-temporal-errors-land-cover.pdf,19,27,1902,0.02261,ok
Validation,Burnicki_2011_spatio-temporal-errors-land-cover.pdf,20,27,2169,0.02536,ok
Validation,Burnicki_2011_spatio-temporal-errors-land-cover.pdf,21,27,3036,0.00264,ok
Validation,Burnicki_2011_spatio-temporal-errors-land-cover.pdf,22,27,2385,0.00419,ok
Validation,Burnicki_2011_spatio-temporal-errors-land-cover.pdf,23,27,3199,0.00313,ok
Validation,Burnicki_2011_spatio-temporal-errors-land-cover.pdf,24,27,3103,0.00902,ok
Validation,Burnicki_2011_spatio-temporal-errors-land-cover.pdf,25,27,3136,0.01116,ok
Validation,Burnicki_2011_spatio-temporal-errors-land-cover.pdf,26,27,3296,0.01396,ok
Validation,Burnicki_2011_spatio-temporal-errors-land-cover.pdf,27,27,1160,0.00948,ok
Validation,Cabo_1995_line-transects-covariance-functions-set.pdf,1,22,923,0.00217,ok
Validation,Cabo_1995_line-transects-covariance-functions-set.pdf,2,22,2317,0.02072,ok
Validation,Cabo_1995_line-transects-covariance-functions-set.pdf,3,22,2419,0.02232,ok
Validation,Cabo_1995_line-transects-covariance-functions-set.pdf,4,22,1787,0.02854,ok
Validation,Cabo_1995_line-transects-covariance-functions-set.pdf,5,22,1401,0.0257,ok
Validation,Cabo_1995_line-transects-covariance-functions-set.pdf,6,22,1224,0.02941,ok
Validation,Cabo_1995_line-transects-covariance-functions-set.pdf,7,22,1324,0.07251,ok
Validation,Cabo_1995_line-transects-covariance-functions-set.pdf,8,22,1332,0.04805,ok
Validation,Cabo_1995_line-transects-covariance-functions-set.pdf,9,22,1114,0.07361,ok
Validation,Cabo_1995_line-transects-covariance-functions-set.pdf,10,22,1320,0.07121,ok
Validation,Cabo_1995_line-transects-covariance-functions-set.pdf,11,22,1202,0.09401,ok
Validation,Cabo_1995_line-transects-covariance-functions-set.pdf,12,22,1195,0.03766,ok
Validation,Cabo_1995_line-transects-covariance-functions-set.pdf,13,22,1221,0.04177,ok
Validation,Cabo_1995_line-transects-covariance-functions-set.pdf,14,22,1380,0.04348,ok
Validation,Cabo_1995_line-transects-covariance-functions-set.pdf,15,22,1119,0.06613,ok
Validation,Cabo_1995_line-transects-covariance-functions-set.pdf,16,22,976,0.07787,ok
Validation,Cabo_1995_line-transects-covariance-functions-set.pdf,17,22,1357,0.05011,ok
Validation,Cabo_1995_line-transects-covariance-functions-set.pdf,18,22,1146,0.05934,ok
Validation,Cabo_1995_line-transects-covariance-functions-set.pdf,19,22,1063,0.07056,ok
Validation,Cabo_1995_line-transects-covariance-functions-set.pdf,20,22,1400,0.04357,ok
Validation,Cabo_1995_line-transects-covariance-functions-set.pdf,21,22,1887,0.03233,ok
Validation,Cabo_1995_line-transects-covariance-functions-set.pdf,22,22,2897,0.01657,ok
Validation,Cai_2014_enhancing-modis-land-cover-product.pdf,1,13,4227,0.00757,ok
Validation,Cai_2014_enhancing-modis-land-cover-product.pdf,2,13,7203,0.01166,ok
Validation,Cai_2014_enhancing-modis-land-cover-product.pdf,3,13,4168,0.01871,ok
Validation,Cai_2014_enhancing-modis-land-cover-product.pdf,4,13,3784,0.05735,ok
Validation,Cai_2014_enhancing-modis-land-cover-product.pdf,5,13,3307,0.03417,ok
Validation,Cai_2014_enhancing-modis-land-cover-product.pdf,6,13,1074,0.00931,ok
Validation,Cai_2014_enhancing-modis-land-cover-product.pdf,7,13,1578,0.01584,ok
Validation,Cai_2014_enhancing-modis-land-cover-product.pdf,8,13,6749,0.02297,ok
Validation,Cai_2014_enhancing-modis-land-cover-product.pdf,9,13,2812,0.04054,ok
Validation,Cai_2014_enhancing-modis-land-cover-product.pdf,10,13,2673,0.02058,ok
Validation,Cai_2014_enhancing-modis-land-cover-product.pdf,11,13,1764,0.01814,ok
Validation,Cai_2014_enhancing-modis-land-cover-product.pdf,12,13,8318,0.01034,ok
Validation,Cai_2014_enhancing-modis-land-cover-product.pdf,13,13,2464,0.01989,ok
Validation,Camara_2024_bayesian-inference-post-processing.pdf,1,15,3693,0.00487,ok
Validation,Camara_2024_bayesian-inference-post-processing.pdf,2,15,3774,0.00901,ok
Validation,Camara_2024_bayesian-inference-post-processing.pdf,3,15,2990,0.03311,ok
Validation,Camara_2024_bayesian-inference-post-processing.pdf,4,15,3263,0.04873,ok
Validation,Camara_2024_bayesian-inference-post-processing.pdf,5,15,3271,0.06359,ok
Validation,Camara_2024_bayesian-inference-post-processing.pdf,6,15,2980,0.0745,ok
Validation,Camara_2024_bayesian-inference-post-processing.pdf,7,15,1548,0.00258,ok
Validation,Camara_2024_bayesian-inference-post-processing.pdf,8,15,1840,0.0038,ok
Validation,Camara_2024_bayesian-inference-post-processing.pdf,9,15,1049,0.0,ok
Validation,Camara_2024_bayesian-inference-post-processing.pdf,10,15,1767,0.00509,ok
Validation,Camara_2024_bayesian-inference-post-processing.pdf,11,15,3281,0.01585,ok
Validation,Camara_2024_bayesian-inference-post-processing.pdf,12,15,1902,0.01157,ok
Validation,Camara_2024_bayesian-inference-post-processing.pdf,13,15,3623,0.00552,ok
Validation,Camara_2024_bayesian-inference-post-processing.pdf,14,15,4647,0.00861,ok
Validation,Camara_2024_bayesian-inference-post-processing.pdf,15,15,1871,0.00107,ok
Validation,Caragea_2009_autologistic-models-interpretable.pdf,1,20,2286,0.00131,ok
Validation,Caragea_2009_autologistic-models-interpretable.pdf,2,20,3215,0.00435,ok
Validation,Caragea_2009_autologistic-models-interpretable.pdf,3,20,3359,0.0,ok
Validation,Caragea_2009_autologistic-models-interpretable.pdf,4,20,2918,0.00103,ok
Validation,Caragea_2009_autologistic-models-interpretable.pdf,5,20,1540,0.01299,ok
Validation,Caragea_2009_autologistic-models-interpretable.pdf,6,20,2383,0.03819,ok
Validation,Caragea_2009_autologistic-models-interpretable.pdf,7,20,2320,0.04138,ok
Validation,Caragea_2009_autologistic-models-interpretable.pdf,8,20,1213,0.05194,ok
Validation,Caragea_2009_autologistic-models-interpretable.pdf,9,20,2509,0.03228,ok
Validation,Caragea_2009_autologistic-models-interpretable.pdf,10,20,1144,0.00262,ok
Validation,Caragea_2009_autologistic-models-interpretable.pdf,11,20,943,0.02439,ok
Validation,Caragea_2009_autologistic-models-interpretable.pdf,12,20,1780,0.01236,ok
Validation,Caragea_2009_autologistic-models-interpretable.pdf,13,20,2085,0.02878,ok
Validation,Caragea_2009_autologistic-models-interpretable.pdf,14,20,2706,0.01626,ok
Validation,Caragea_2009_autologistic-models-interpretable.pdf,15,20,1888,0.03814,ok
Validation,Caragea_2009_autologistic-models-interpretable.pdf,16,20,2129,0.07703,ok
Validation,Caragea_2009_autologistic-models-interpretable.pdf,17,20,1298,0.00385,ok
Validation,Caragea_2009_autologistic-models-interpretable.pdf,18,20,3193,0.00219,ok
Validation,Caragea_2009_autologistic-models-interpretable.pdf,19,20,3052,0.00491,ok
Validation,Caragea_2009_autologistic-models-interpretable.pdf,20,20,478,0.0,ok
Validation,Cardille_2016_bayesian-updating-land-cover.pdf,1,16,4644,0.01141,ok
Validation,Cardille_2016_bayesian-updating-land-cover.pdf,2,16,7199,0.00306,ok
Validation,Cardille_2016_bayesian-updating-land-cover.pdf,3,16,3856,0.03683,ok
Validation,Cardille_2016_bayesian-updating-land-cover.pdf,4,16,3152,0.00286,ok
Validation,Cardille_2016_bayesian-updating-land-cover.pdf,5,16,3928,0.00433,ok
Validation,Cardille_2016_bayesian-updating-land-cover.pdf,6,16,2974,0.00403,ok
Validation,Cardille_2016_bayesian-updating-land-cover.pdf,7,16,3182,0.00189,ok
Validation,Cardille_2016_bayesian-updating-land-cover.pdf,8,16,2650,0.03283,ok
Validation,Cardille_2016_bayesian-updating-land-cover.pdf,9,16,7228,0.00166,ok
Validation,Cardille_2016_bayesian-updating-land-cover.pdf,10,16,7204,0.00028,ok
Validation,Cardille_2016_bayesian-updating-land-cover.pdf,11,16,5950,0.01412,ok
Validation,Cardille_2016_bayesian-updating-land-cover.pdf,12,16,134,0.01493,ok
Validation,Cardille_2016_bayesian-updating-land-cover.pdf,13,16,134,0.01493,ok
Validation,Cardille_2016_bayesian-updating-land-cover.pdf,14,16,134,0.01493,ok
Validation,Cardille_2016_bayesian-updating-land-cover.pdf,15,16,2907,0.03234,ok
Validation,Cardille_2016_bayesian-updating-land-cover.pdf,16,16,7950,0.00704,ok
Validation,Chakraborty_2017_effect-misclassification-due.pdf,1,16,1259,0.06434,ok
Validation,Chakraborty_2017_effect-misclassification-due.pdf,2,16,2084,0.00432,ok
Validation,Chakraborty_2017_effect-misclassification-due.pdf,3,16,1979,0.01617,ok
Validation,Chakraborty_2017_effect-misclassification-due.pdf,4,16,1679,0.07743,ok
Validation,Chakraborty_2017_effect-misclassification-due.pdf,5,16,1405,0.22491,ok
Validation,Chakraborty_2017_effect-misclassification-due.pdf,6,16,1158,0.4715,ok
Validation,Chakraborty_2017_effect-misclassification-due.pdf,7,16,1217,0.47001,ok
Validation,Chakraborty_2017_effect-misclassification-due.pdf,8,16,1068,0.40262,ok
Validation,Chakraborty_2017_effect-misclassification-due.pdf,9,16,1192,0.27097,ok
Validation,Chakraborty_2017_effect-misclassification-due.pdf,10,16,1424,0.13413,ok
Validation,Chakraborty_2017_effect-misclassification-due.pdf,11,16,1019,0.15505,ok
Validation,Chakraborty_2017_effect-misclassification-due.pdf,12,16,1216,0.1727,ok
Validation,Chakraborty_2017_effect-misclassification-due.pdf,13,16,1348,0.08012,ok
Validation,Chakraborty_2017_effect-misclassification-due.pdf,14,16,2231,0.00986,ok
Validation,Chakraborty_2017_effect-misclassification-due.pdf,15,16,2297,0.00609,ok
Validation,Chakraborty_2017_effect-misclassification-due.pdf,16,16,751,0.00266,ok
Validation,Chan_2005_aspects-total-variation-regularized-l.pdf,1,21,2810,0.02349,ok
Validation,Chan_2005_aspects-total-variation-regularized-l.pdf,2,21,2961,0.01621,ok
Validation,Chan_2005_aspects-total-variation-regularized-l.pdf,3,21,3521,0.00596,ok
Validation,Chan_2005_aspects-total-variation-regularized-l.pdf,4,21,1791,0.14908,ok
Validation,Chan_2005_aspects-total-variation-regularized-l.pdf,5,21,2390,0.0728,ok
Validation,Chan_2005_aspects-total-variation-regularized-l.pdf,6,21,2206,0.07344,ok
Validation,Chan_2005_aspects-total-variation-regularized-l.pdf,7,21,2211,0.1678,ok
Validation,Chan_2005_aspects-total-variation-regularized-l.pdf,8,21,2566,0.07482,ok
Validation,Chan_2005_aspects-total-variation-regularized-l.pdf,9,21,1549,0.14203,ok
Validation,Chan_2005_aspects-total-variation-regularized-l.pdf,10,21,2302,0.07472,ok
Validation,Chan_2005_aspects-total-variation-regularized-l.pdf,11,21,2759,0.07466,ok
Validation,Chan_2005_aspects-total-variation-regularized-l.pdf,12,21,2338,0.09281,ok
Validation,Chan_2005_aspects-total-variation-regularized-l.pdf,13,21,2151,0.0967,ok
Validation,Chan_2005_aspects-total-variation-regularized-l.pdf,14,21,1968,0.13974,ok
Validation,Chan_2005_aspects-total-variation-regularized-l.pdf,15,21,2697,0.06637,ok
Validation,Chan_2005_aspects-total-variation-regularized-l.pdf,16,21,2268,0.12787,ok
Validation,Chan_2005_aspects-total-variation-regularized-l.pdf,17,21,2240,0.02946,ok
Validation,Chan_2005_aspects-total-variation-regularized-l.pdf,18,21,1616,0.08787,ok
Validation,Chan_2005_aspects-total-variation-regularized-l.pdf,19,21,2327,0.02235,ok
Validation,Chan_2005_aspects-total-variation-regularized-l.pdf,20,21,2245,0.01648,ok
Validation,Chan_2005_aspects-total-variation-regularized-l.pdf,21,21,2157,0.00556,ok
Validation,Charitos_2008_computing-short-interval-transition.pdf,1,17,2105,0.00998,ok
Validation,Charitos_2008_computing-short-interval-transition.pdf,2,17,3741,0.0016,ok
Validation,Charitos_2008_computing-short-interval-transition.pdf,3,17,2153,0.03437,ok
Validation,Charitos_2008_computing-short-interval-transition.pdf,4,17,2219,0.05678,ok
Validation,Charitos_2008_computing-short-interval-transition.pdf,5,17,2082,0.05764,ok
Validation,Charitos_2008_computing-short-interval-transition.pdf,6,17,1853,0.11063,ok
Validation,Charitos_2008_computing-short-interval-transition.pdf,7,17,2516,0.03855,ok
Validation,Charitos_2008_computing-short-interval-transition.pdf,8,17,2853,0.0701,ok
Validation,Charitos_2008_computing-short-interval-transition.pdf,9,17,2196,0.1439,ok
Validation,Charitos_2008_computing-short-interval-transition.pdf,10,17,2286,0.014,ok
Validation,Charitos_2008_computing-short-interval-transition.pdf,11,17,1943,0.08441,ok
Validation,Charitos_2008_computing-short-interval-transition.pdf,12,17,2626,0.03046,ok
Validation,Charitos_2008_computing-short-interval-transition.pdf,13,17,1411,0.03402,ok
Validation,Charitos_2008_computing-short-interval-transition.pdf,14,17,3783,0.00106,ok
Validation,Charitos_2008_computing-short-interval-transition.pdf,15,17,1635,0.10703,ok
Validation,Charitos_2008_computing-short-interval-transition.pdf,16,17,2859,0.03358,ok
Validation,Charitos_2008_computing-short-interval-transition.pdf,17,17,1080,0.00185,ok
Validation,Chaux_2008_nonlinear-stein-based-estimator.pdf,1,30,1795,0.01727,ok
Validation,Chaux_2008_nonlinear-stein-based-estimator.pdf,2,30,2699,0.00037,ok
Validation,Chaux_2008_nonlinear-stein-based-estimator.pdf,3,30,2527,0.00435,ok
Validation,Chaux_2008_nonlinear-stein-based-estimator.pdf,4,30,2249,0.06358,ok
Validation,Chaux_2008_nonlinear-stein-based-estimator.pdf,5,30,2017,0.08528,ok
Validation,Chaux_2008_nonlinear-stein-based-estimator.pdf,6,30,2137,0.06832,ok
Validation,Chaux_2008_nonlinear-stein-based-estimator.pdf,7,30,1994,0.10381,ok
Validation,Chaux_2008_nonlinear-stein-based-estimator.pdf,8,30,2063,0.19825,ok
Validation,Chaux_2008_nonlinear-stein-based-estimator.pdf,9,30,1602,0.18477,ok
Validation,Chaux_2008_nonlinear-stein-based-estimator.pdf,10,30,2096,0.08588,ok
Validation,Chaux_2008_nonlinear-stein-based-estimator.pdf,11,30,1296,0.43827,ok
Validation,Chaux_2008_nonlinear-stein-based-estimator.pdf,12,30,1427,0.31465,ok
Validation,Chaux_2008_nonlinear-stein-based-estimator.pdf,13,30,1575,0.27175,ok
Validation,Chaux_2008_nonlinear-stein-based-estimator.pdf,14,30,1923,0.14457,ok
Validation,Chaux_2008_nonlinear-stein-based-estimator.pdf,15,30,1574,0.19441,ok
Validation,Chaux_2008_nonlinear-stein-based-estimator.pdf,16,30,1347,0.25687,ok
Validation,Chaux_2008_nonlinear-stein-based-estimator.pdf,17,30,1868,0.19807,ok
Validation,Chaux_2008_nonlinear-stein-based-estimator.pdf,18,30,1920,0.24531,ok
Validation,Chaux_2008_nonlinear-stein-based-estimator.pdf,19,30,2242,0.06021,ok
Validation,Chaux_2008_nonlinear-stein-based-estimator.pdf,20,30,2150,0.02605,ok
Validation,Chaux_2008_nonlinear-stein-based-estimator.pdf,21,30,1999,0.02201,ok
Validation,Chaux_2008_nonlinear-stein-based-estimator.pdf,22,30,2094,0.00669,ok
Validation,Chaux_2008_nonlinear-stein-based-estimator.pdf,23,30,1456,0.08104,ok
Validation,Chaux_2008_nonlinear-stein-based-estimator.pdf,24,30,1906,0.11385,ok
Validation,Chaux_2008_nonlinear-stein-based-estimator.pdf,25,30,1274,0.02433,ok
Validation,Chaux_2008_nonlinear-stein-based-estimator.pdf,26,30,1099,0.08098,ok
Validation,Chaux_2008_nonlinear-stein-based-estimator.pdf,27,30,1881,0.01648,ok
Validation,Chaux_2008_nonlinear-stein-based-estimator.pdf,28,30,2860,0.01399,ok
Validation,Chaux_2008_nonlinear-stein-based-estimator.pdf,29,30,3224,0.00341,ok
Validation,Chaux_2008_nonlinear-stein-based-estimator.pdf,30,30,1907,0.00105,ok
Validation,Chen_2018_semantic-segmentation-aerial-imagery.pdf,1,8,4941,0.0087,ok
Validation,Chen_2018_semantic-segmentation-aerial-imagery.pdf,2,8,6902,0.00333,ok
Validation,Chen_2018_semantic-segmentation-aerial-imagery.pdf,3,8,6631,0.00618,ok
Validation,Chen_2018_semantic-segmentation-aerial-imagery.pdf,4,8,4852,0.02721,ok
Validation,Chen_2018_semantic-segmentation-aerial-imagery.pdf,5,8,5705,0.01718,ok
Validation,Chen_2018_semantic-segmentation-aerial-imagery.pdf,6,8,6460,0.00263,ok
Validation,Chen_2018_semantic-segmentation-aerial-imagery.pdf,7,8,2698,0.00778,ok
Validation,Chen_2018_semantic-segmentation-aerial-imagery.pdf,8,8,8207,0.00865,ok
Validation,Chernozhukov_2018_double-debiased-machine-learning.pdf,1,71,2876,0.01078,ok
Validation,Chernozhukov_2018_double-debiased-machine-learning.pdf,2,71,2591,0.02161,ok
Validation,Chernozhukov_2018_double-debiased-machine-learning.pdf,3,71,2455,0.09613,ok
Validation,Chernozhukov_2018_double-debiased-machine-learning.pdf,4,71,2277,0.07334,ok
Validation,Chernozhukov_2018_double-debiased-machine-learning.pdf,5,71,2296,0.07274,ok
Validation,Chernozhukov_2018_double-debiased-machine-learning.pdf,6,71,3005,0.03394,ok
Validation,Chernozhukov_2018_double-debiased-machine-learning.pdf,7,71,2424,0.02434,ok
Validation,Chernozhukov_2018_double-debiased-machine-learning.pdf,8,71,2396,0.04925,ok
Validation,Chernozhukov_2018_double-debiased-machine-learning.pdf,9,71,2949,0.02306,ok
Validation,Chernozhukov_2018_double-debiased-machine-learning.pdf,10,71,3490,0.00573,ok
Validation,Chernozhukov_2018_double-debiased-machine-learning.pdf,11,71,2886,0.02529,ok
Validation,Chernozhukov_2018_double-debiased-machine-learning.pdf,12,71,2243,0.09318,ok
Validation,Chernozhukov_2018_double-debiased-machine-learning.pdf,13,71,1941,0.11592,ok
Validation,Chernozhukov_2018_double-debiased-machine-learning.pdf,14,71,1811,0.11761,ok
Validation,Chernozhukov_2018_double-debiased-machine-learning.pdf,15,71,2472,0.07201,ok
Validation,Chernozhukov_2018_double-debiased-machine-learning.pdf,16,71,2004,0.12475,ok
Validation,Chernozhukov_2018_double-debiased-machine-learning.pdf,17,71,1861,0.19237,ok
Validation,Chernozhukov_2018_double-debiased-machine-learning.pdf,18,71,1938,0.09185,ok
Validation,Chernozhukov_2018_double-debiased-machine-learning.pdf,19,71,2617,0.0577,ok
Validation,Chernozhukov_2018_double-debiased-machine-learning.pdf,20,71,1957,0.163,ok
Validation,Chernozhukov_2018_double-debiased-machine-learning.pdf,21,71,1873,0.11853,ok
Validation,Chernozhukov_2018_double-debiased-machine-learning.pdf,22,71,2277,0.08564,ok
Validation,Chernozhukov_2018_double-debiased-machine-learning.pdf,23,71,2146,0.07269,ok
Validation,Chernozhukov_2018_double-debiased-machine-learning.pdf,24,71,1850,0.11459,ok
Validation,Chernozhukov_2018_double-debiased-machine-learning.pdf,25,71,1945,0.15527,ok
Validation,Chernozhukov_2018_double-debiased-machine-learning.pdf,26,71,2249,0.0707,ok
Validation,Chernozhukov_2018_double-debiased-machine-learning.pdf,27,71,2087,0.12889,ok
Validation,Chernozhukov_2018_double-debiased-machine-learning.pdf,28,71,1865,0.11743,ok
Validation,Chernozhukov_2018_double-debiased-machine-learning.pdf,29,71,2482,0.09911,ok
Validation,Chernozhukov_2018_double-debiased-machine-learning.pdf,30,71,2068,0.13008,ok
Validation,Chernozhukov_2018_double-debiased-machine-learning.pdf,31,71,2287,0.0739,ok
Validation,Chernozhukov_2018_double-debiased-machine-learning.pdf,32,71,2375,0.12589,ok
Validation,Chernozhukov_2018_double-debiased-machine-learning.pdf,33,71,2342,0.08924,ok
Validation,Chernozhukov_2018_double-debiased-machine-learning.pdf,34,71,2407,0.12754,ok
Validation,Chernozhukov_2018_double-debiased-machine-learning.pdf,35,71,2430,0.0428,ok
Validation,Chernozhukov_2018_double-debiased-machine-learning.pdf,36,71,2413,0.09988,ok
Validation,Chernozhukov_2018_double-debiased-machine-learning.pdf,37,71,2507,0.08018,ok
Validation,Chernozhukov_2018_double-debiased-machine-learning.pdf,38,71,2169,0.12033,ok
Validation,Chernozhukov_2018_double-debiased-machine-learning.pdf,39,71,2827,0.02971,ok
Validation,Chernozhukov_2018_double-debiased-machine-learning.pdf,40,71,3340,0.00479,ok
Validation,Chernozhukov_2018_double-debiased-machine-learning.pdf,41,71,2824,0.0046,ok
Validation,Chernozhukov_2018_double-debiased-machine-learning.pdf,42,71,2887,0.00381,ok
Validation,Chernozhukov_2018_double-debiased-machine-learning.pdf,43,71,3152,0.0073,ok
Validation,Chernozhukov_2018_double-debiased-machine-learning.pdf,44,71,3342,0.00389,ok
Validation,Chernozhukov_2018_double-debiased-machine-learning.pdf,45,71,2982,0.0057,ok
Validation,Chernozhukov_2018_double-debiased-machine-learning.pdf,46,71,2854,0.00806,ok
Validation,Chernozhukov_2018_double-debiased-machine-learning.pdf,47,71,3010,0.0113,ok
Validation,Chernozhukov_2018_double-debiased-machine-learning.pdf,48,71,2869,0.0122,ok
Validation,Chernozhukov_2018_double-debiased-machine-learning.pdf,49,71,2736,0.00987,ok
Validation,Chernozhukov_2018_double-debiased-machine-learning.pdf,50,71,2778,0.01404,ok
Validation,Chernozhukov_2018_double-debiased-machine-learning.pdf,51,71,2069,0.08458,ok
Validation,Chernozhukov_2018_double-debiased-machine-learning.pdf,52,71,1442,0.25243,ok
Validation,Chernozhukov_2018_double-debiased-machine-learning.pdf,53,71,971,0.26777,ok
Validation,Chernozhukov_2018_double-debiased-machine-learning.pdf,54,71,987,0.3617,ok
Validation,Chernozhukov_2018_double-debiased-machine-learning.pdf,55,71,1428,0.27731,ok
Validation,Chernozhukov_2018_double-debiased-machine-learning.pdf,56,71,965,0.48808,ok
Validation,Chernozhukov_2018_double-debiased-machine-learning.pdf,57,71,1498,0.25033,ok
Validation,Chernozhukov_2018_double-debiased-machine-learning.pdf,58,71,1283,0.30631,ok
Validation,Chernozhukov_2018_double-debiased-machine-learning.pdf,59,71,1517,0.18721,ok
Validation,Chernozhukov_2018_double-debiased-machine-learning.pdf,60,71,1525,0.2223,ok
Validation,Chernozhukov_2018_double-debiased-machine-learning.pdf,61,71,1020,0.51569,ok
Validation,Chernozhukov_2018_double-debiased-machine-learning.pdf,62,71,1479,0.24611,ok
Validation,Chernozhukov_2018_double-debiased-machine-learning.pdf,63,71,1467,0.26312,ok
Validation,Chernozhukov_2018_double-debiased-machine-learning.pdf,64,71,1629,0.28913,ok
Validation,Chernozhukov_2018_double-debiased-machine-learning.pdf,65,71,1895,0.219,ok
Validation,Chernozhukov_2018_double-debiased-machine-learning.pdf,66,71,1569,0.20013,ok
Validation,Chernozhukov_2018_double-debiased-machine-learning.pdf,67,71,1240,0.28871,ok
Validation,Chernozhukov_2018_double-debiased-machine-learning.pdf,68,71,1834,0.17012,ok
Validation,Chernozhukov_2018_double-debiased-machine-learning.pdf,69,71,1053,0.36847,ok
Validation,Chernozhukov_2018_double-debiased-machine-learning.pdf,70,71,1454,0.31981,ok
Validation,Chernozhukov_2018_double-debiased-machine-learning.pdf,71,71,904,0.26106,ok
Validation,Chrisman_1982_theory-cartographic-error-measurement.pdf,1,10,2005,0.01147,ok
Validation,Chrisman_1982_theory-cartographic-error-measurement.pdf,2,10,2436,0.00328,ok
Validation,Chrisman_1982_theory-cartographic-error-measurement.pdf,3,10,2457,0.01058,ok
Validation,Chrisman_1982_theory-cartographic-error-measurement.pdf,4,10,2298,0.0074,ok
Validation,Chrisman_1982_theory-cartographic-error-measurement.pdf,5,10,2528,0.00435,ok
Validation,Chrisman_1982_theory-cartographic-error-measurement.pdf,6,10,2366,0.0038,ok
Validation,Chrisman_1982_theory-cartographic-error-measurement.pdf,7,10,2502,0.00999,ok
Validation,Chrisman_1982_theory-cartographic-error-measurement.pdf,8,10,1042,0.86372,ok
Validation,Chrisman_1982_theory-cartographic-error-measurement.pdf,9,10,1748,0.17792,ok
Validation,Chrisman_1982_theory-cartographic-error-measurement.pdf,10,10,1646,0.00425,ok
Validation,Conley_1999_gmm-estimation-cross-sectional.pdf,1,45,1689,0.01303,ok
Validation,Conley_1999_gmm-estimation-cross-sectional.pdf,2,45,2669,0.00075,ok
Validation,Conley_1999_gmm-estimation-cross-sectional.pdf,3,45,2481,0.00161,ok
Validation,Conley_1999_gmm-estimation-cross-sectional.pdf,4,45,2325,0.00602,ok
Validation,Conley_1999_gmm-estimation-cross-sectional.pdf,5,45,1122,0.05348,ok
Validation,Conley_1999_gmm-estimation-cross-sectional.pdf,6,45,2193,0.00958,ok
Validation,Conley_1999_gmm-estimation-cross-sectional.pdf,7,45,1474,0.11058,ok
Validation,Conley_1999_gmm-estimation-cross-sectional.pdf,8,45,1221,0.29648,ok
Validation,Conley_1999_gmm-estimation-cross-sectional.pdf,9,45,1737,0.10823,ok
Validation,Conley_1999_gmm-estimation-cross-sectional.pdf,10,45,1656,0.09058,ok
Validation,Conley_1999_gmm-estimation-cross-sectional.pdf,11,45,2012,0.083,ok
Validation,Conley_1999_gmm-estimation-cross-sectional.pdf,12,45,1625,0.13908,ok
Validation,Conley_1999_gmm-estimation-cross-sectional.pdf,13,45,2338,0.01283,ok
Validation,Conley_1999_gmm-estimation-cross-sectional.pdf,14,45,2446,0.0323,ok
Validation,Conley_1999_gmm-estimation-cross-sectional.pdf,15,45,2245,0.02138,ok
Validation,Conley_1999_gmm-estimation-cross-sectional.pdf,16,45,1619,0.07968,ok
Validation,Conley_1999_gmm-estimation-cross-sectional.pdf,17,45,1137,0.14424,ok
Validation,Conley_1999_gmm-estimation-cross-sectional.pdf,18,45,1732,0.12182,ok
Validation,Conley_1999_gmm-estimation-cross-sectional.pdf,19,45,2142,0.0789,ok
Validation,Conley_1999_gmm-estimation-cross-sectional.pdf,20,45,2148,0.00791,ok
Validation,Conley_1999_gmm-estimation-cross-sectional.pdf,21,45,1992,0.01807,ok
Validation,Conley_1999_gmm-estimation-cross-sectional.pdf,22,45,2434,0.00698,ok
Validation,Conley_1999_gmm-estimation-cross-sectional.pdf,23,45,1364,0.11437,ok
Validation,Conley_1999_gmm-estimation-cross-sectional.pdf,24,45,1041,0.21134,ok
Validation,Conley_1999_gmm-estimation-cross-sectional.pdf,25,45,1509,0.15706,ok
Validation,Conley_1999_gmm-estimation-cross-sectional.pdf,26,45,994,0.26157,ok
Validation,Conley_1999_gmm-estimation-cross-sectional.pdf,27,45,1059,0.30028,ok
Validation,Conley_1999_gmm-estimation-cross-sectional.pdf,28,45,949,0.22023,ok
Validation,Conley_1999_gmm-estimation-cross-sectional.pdf,29,45,1107,0.28636,ok
Validation,Conley_1999_gmm-estimation-cross-sectional.pdf,30,45,779,0.46598,ok
Validation,Conley_1999_gmm-estimation-cross-sectional.pdf,31,45,1021,0.3859,ok
Validation,Conley_1999_gmm-estimation-cross-sectional.pdf,32,45,883,0.61835,ok
Validation,Conley_1999_gmm-estimation-cross-sectional.pdf,33,45,739,0.52233,ok
Validation,Conley_1999_gmm-estimation-cross-sectional.pdf,34,45,1663,0.18701,ok
Validation,Conley_1999_gmm-estimation-cross-sectional.pdf,35,45,1730,0.1526,ok
Validation,Conley_1999_gmm-estimation-cross-sectional.pdf,36,45,1284,0.23676,ok
Validation,Conley_1999_gmm-estimation-cross-sectional.pdf,37,45,1278,0.26682,ok
Validation,Conley_1999_gmm-estimation-cross-sectional.pdf,38,45,2116,0.12193,ok
Validation,Conley_1999_gmm-estimation-cross-sectional.pdf,39,45,1548,0.17183,ok
Validation,Conley_1999_gmm-estimation-cross-sectional.pdf,40,45,1203,0.35578,ok
Validation,Conley_1999_gmm-estimation-cross-sectional.pdf,41,45,820,0.55854,ok
Validation,Conley_1999_gmm-estimation-cross-sectional.pdf,42,45,754,0.4695,ok
Validation,Conley_1999_gmm-estimation-cross-sectional.pdf,43,45,1155,0.3013,ok
Validation,Conley_1999_gmm-estimation-cross-sectional.pdf,44,45,2259,0.03674,ok
Validation,Conley_1999_gmm-estimation-cross-sectional.pdf,45,45,2194,0.00365,ok
Validation,Conley_2007_spatial-correlation-robust-inference.pdf,1,21,1638,0.0116,ok
Validation,Conley_2007_spatial-correlation-robust-inference.pdf,2,21,3309,0.00332,ok
Validation,Conley_2007_spatial-correlation-robust-inference.pdf,3,21,3411,0.00029,ok
Validation,Conley_2007_spatial-correlation-robust-inference.pdf,4,21,3418,0.0038,ok
Validation,Conley_2007_spatial-correlation-robust-inference.pdf,5,21,2967,0.02696,ok
Validation,Conley_2007_spatial-correlation-robust-inference.pdf,6,21,3031,0.04982,ok
Validation,Conley_2007_spatial-correlation-robust-inference.pdf,7,21,2795,0.01145,ok
Validation,Conley_2007_spatial-correlation-robust-inference.pdf,8,21,3262,0.01073,ok
Validation,Conley_2007_spatial-correlation-robust-inference.pdf,9,21,3352,0.0006,ok
Validation,Conley_2007_spatial-correlation-robust-inference.pdf,10,21,1541,0.04607,ok
Validation,Conley_2007_spatial-correlation-robust-inference.pdf,11,21,2236,0.04562,ok
Validation,Conley_2007_spatial-correlation-robust-inference.pdf,12,21,2869,0.0244,ok
Validation,Conley_2007_spatial-correlation-robust-inference.pdf,13,21,3271,0.00459,ok
Validation,Conley_2007_spatial-correlation-robust-inference.pdf,14,21,3172,0.00757,ok
Validation,Conley_2007_spatial-correlation-robust-inference.pdf,15,21,2070,0.01981,ok
Validation,Conley_2007_spatial-correlation-robust-inference.pdf,16,21,2026,0.02221,ok
Validation,Conley_2007_spatial-correlation-robust-inference.pdf,17,21,3372,0.03618,ok
Validation,Conley_2007_spatial-correlation-robust-inference.pdf,18,21,1971,0.00609,ok
Validation,Conley_2007_spatial-correlation-robust-inference.pdf,19,21,3344,0.00269,ok
Validation,Conley_2007_spatial-correlation-robust-inference.pdf,20,21,2761,0.00761,ok
Validation,Conley_2007_spatial-correlation-robust-inference.pdf,21,21,2979,0.00873,ok
Validation,Conway_2022_private-tree-law-s-contribution.pdf,1,18,3476,0.00432,ok
Validation,Conway_2022_private-tree-law-s-contribution.pdf,2,18,4376,0.01805,ok
Validation,Conway_2022_private-tree-law-s-contribution.pdf,3,18,4320,0.00278,ok
Validation,Conway_2022_private-tree-law-s-contribution.pdf,4,18,2089,0.00957,ok
Validation,Conway_2022_private-tree-law-s-contribution.pdf,5,18,4211,0.00617,ok
Validation,Conway_2022_private-tree-law-s-contribution.pdf,6,18,3204,0.01217,ok
Validation,Conway_2022_private-tree-law-s-contribution.pdf,7,18,2608,0.06557,ok
Validation,Conway_2022_private-tree-law-s-contribution.pdf,8,18,2698,0.00593,ok
Validation,Conway_2022_private-tree-law-s-contribution.pdf,9,18,4138,0.00048,ok
Validation,Conway_2022_private-tree-law-s-contribution.pdf,10,18,4535,0.00176,ok
Validation,Conway_2022_private-tree-law-s-contribution.pdf,11,18,5430,0.00847,ok
Validation,Conway_2022_private-tree-law-s-contribution.pdf,12,18,5225,0.00708,ok
Validation,Conway_2022_private-tree-law-s-contribution.pdf,13,18,3753,0.00053,ok
Validation,Conway_2022_private-tree-law-s-contribution.pdf,14,18,2284,0.25788,ok
Validation,Conway_2022_private-tree-law-s-contribution.pdf,15,18,1668,0.21043,ok
Validation,Conway_2022_private-tree-law-s-contribution.pdf,16,18,1885,0.30027,ok
Validation,Conway_2022_private-tree-law-s-contribution.pdf,17,18,1175,0.23574,ok
Validation,Conway_2022_private-tree-law-s-contribution.pdf,18,18,909,0.42134,ok
Validation,Couprie_2011_power-watershed-unifying-graph-based.pdf,1,16,4258,0.00376,ok
Validation,Couprie_2011_power-watershed-unifying-graph-based.pdf,2,16,5199,0.00365,ok
Validation,Couprie_2011_power-watershed-unifying-graph-based.pdf,3,16,4317,0.05374,ok
Validation,Couprie_2011_power-watershed-unifying-graph-based.pdf,4,16,4799,0.04709,ok
Validation,Couprie_2011_power-watershed-unifying-graph-based.pdf,5,16,4153,0.01204,ok
Validation,Couprie_2011_power-watershed-unifying-graph-based.pdf,6,16,3921,0.04361,ok
Validation,Couprie_2011_power-watershed-unifying-graph-based.pdf,7,16,2813,0.04906,ok
Validation,Couprie_2011_power-watershed-unifying-graph-based.pdf,8,16,4623,0.01774,ok
Validation,Couprie_2011_power-watershed-unifying-graph-based.pdf,9,16,3732,0.00911,ok
Validation,Couprie_2011_power-watershed-unifying-graph-based.pdf,10,16,2039,0.00589,ok
Validation,Couprie_2011_power-watershed-unifying-graph-based.pdf,11,16,1474,0.02849,ok
Validation,Couprie_2011_power-watershed-unifying-graph-based.pdf,12,16,4265,0.00469,ok
Validation,Couprie_2011_power-watershed-unifying-graph-based.pdf,13,16,3981,0.09721,ok
Validation,Couprie_2011_power-watershed-unifying-graph-based.pdf,14,16,7102,0.01042,ok
Validation,Couprie_2011_power-watershed-unifying-graph-based.pdf,15,16,7021,0.00612,ok
Validation,Couprie_2011_power-watershed-unifying-graph-based.pdf,16,16,3116,0.0,ok
Validation,DAngelo_2004_inferred-causes-tree-mortality.pdf,1,5,892,0.0157,ok
Validation,DAngelo_2004_inferred-causes-tree-mortality.pdf,2,5,3548,0.00761,ok
Validation,DAngelo_2004_inferred-causes-tree-mortality.pdf,3,5,4188,0.0086,ok
Validation,DAngelo_2004_inferred-causes-tree-mortality.pdf,4,5,3170,0.01136,ok
Validation,DAngelo_2004_inferred-causes-tree-mortality.pdf,5,5,3643,0.01455,ok
Validation,Dai_1998a_effects-image-misregistration-accuracy.pdf,1,12,5122,0.0002,ok
Validation,Dai_1998a_effects-image-misregistration-accuracy.pdf,2,12,3594,0.0025,ok
Validation,Dai_1998a_effects-image-misregistration-accuracy.pdf,3,12,620,0.03871,ok
Validation,Dai_1998a_effects-image-misregistration-accuracy.pdf,4,12,4227,0.00213,ok
Validation,Dai_1998a_effects-image-misregistration-accuracy.pdf,5,12,4022,0.01318,ok
Validation,Dai_1998a_effects-image-misregistration-accuracy.pdf,6,12,2978,0.02653,ok
Validation,Dai_1998a_effects-image-misregistration-accuracy.pdf,7,12,2784,0.01437,ok
Validation,Dai_1998a_effects-image-misregistration-accuracy.pdf,8,12,2495,0.00481,ok
Validation,Dai_1998a_effects-image-misregistration-accuracy.pdf,9,12,4340,0.00138,ok
Validation,Dai_1998a_effects-image-misregistration-accuracy.pdf,10,12,2984,0.00402,ok
Validation,Dai_1998a_effects-image-misregistration-accuracy.pdf,11,12,3270,0.01498,ok
Validation,Dai_1998a_effects-image-misregistration-accuracy.pdf,12,12,3519,0.00881,ok
Validation,Dai_1998b_hierarchical-fusion-letter.pdf,1,7,1536,0.00391,ok
Validation,Dai_1998b_hierarchical-fusion-letter.pdf,2,7,361,0.0,ok
Validation,Dai_1998b_hierarchical-fusion-letter.pdf,3,7,2728,0.00073,ok
Validation,Dai_1998b_hierarchical-fusion-letter.pdf,4,7,1825,0.0,ok
Validation,Dai_1998b_hierarchical-fusion-letter.pdf,5,7,2180,0.01284,ok
Validation,Dai_1998b_hierarchical-fusion-letter.pdf,6,7,2770,0.00397,ok
Validation,Dai_1998b_hierarchical-fusion-letter.pdf,7,7,1502,0.00533,ok
Validation,Dawid_1979_maximum-likelihood-estimation-observer.pdf,1,10,1021,0.00196,ok
Validation,Dawid_1979_maximum-likelihood-estimation-observer.pdf,2,10,2596,0.01656,ok
Validation,Dawid_1979_maximum-likelihood-estimation-observer.pdf,3,10,3162,0.00854,ok
Validation,Dawid_1979_maximum-likelihood-estimation-observer.pdf,4,10,2156,0.02644,ok
Validation,Dawid_1979_maximum-likelihood-estimation-observer.pdf,5,10,2626,0.02513,ok
Validation,Dawid_1979_maximum-likelihood-estimation-observer.pdf,6,10,3289,0.00638,ok
Validation,Dawid_1979_maximum-likelihood-estimation-observer.pdf,7,10,2647,0.00793,ok
Validation,Dawid_1979_maximum-likelihood-estimation-observer.pdf,8,10,1890,0.00688,ok
Validation,Dawid_1979_maximum-likelihood-estimation-observer.pdf,9,10,2094,0.00955,ok
Validation,Dawid_1979_maximum-likelihood-estimation-observer.pdf,10,10,618,0.00647,ok
Validation,Duval_2009_tvl1-model-geometric-point-view.pdf,1,36,3216,0.02581,ok
Validation,Duval_2009_tvl1-model-geometric-point-view.pdf,2,36,3072,0.03548,ok
Validation,Duval_2009_tvl1-model-geometric-point-view.pdf,3,36,1754,0.1642,ok
Validation,Duval_2009_tvl1-model-geometric-point-view.pdf,4,36,2376,0.05976,ok
Validation,Duval_2009_tvl1-model-geometric-point-view.pdf,5,36,2410,0.05062,ok
Validation,Duval_2009_tvl1-model-geometric-point-view.pdf,6,36,2498,0.05725,ok
Validation,Duval_2009_tvl1-model-geometric-point-view.pdf,7,36,1623,0.1411,ok
Validation,Duval_2009_tvl1-model-geometric-point-view.pdf,8,36,2230,0.07758,ok
Validation,Duval_2009_tvl1-model-geometric-point-view.pdf,9,36,2465,0.04422,ok
Validation,Duval_2009_tvl1-model-geometric-point-view.pdf,10,36,1621,0.13757,ok
Validation,Duval_2009_tvl1-model-geometric-point-view.pdf,11,36,2086,0.06472,ok
Validation,Duval_2009_tvl1-model-geometric-point-view.pdf,12,36,1593,0.13245,ok
Validation,Duval_2009_tvl1-model-geometric-point-view.pdf,13,36,2664,0.04167,ok
Validation,Duval_2009_tvl1-model-geometric-point-view.pdf,14,36,1757,0.12806,ok
Validation,Duval_2009_tvl1-model-geometric-point-view.pdf,15,36,2127,0.10014,ok
Validation,Duval_2009_tvl1-model-geometric-point-view.pdf,16,36,2237,0.11176,ok
Validation,Duval_2009_tvl1-model-geometric-point-view.pdf,17,36,2749,0.05093,ok
Validation,Duval_2009_tvl1-model-geometric-point-view.pdf,18,36,2153,0.06177,ok
Validation,Duval_2009_tvl1-model-geometric-point-view.pdf,19,36,3218,0.03045,ok
Validation,Duval_2009_tvl1-model-geometric-point-view.pdf,20,36,2667,0.02025,ok
Validation,Duval_2009_tvl1-model-geometric-point-view.pdf,21,36,2114,0.08657,ok
Validation,Duval_2009_tvl1-model-geometric-point-view.pdf,22,36,2867,0.01988,ok
Validation,Duval_2009_tvl1-model-geometric-point-view.pdf,23,36,3417,0.01697,ok
Validation,Duval_2009_tvl1-model-geometric-point-view.pdf,24,36,850,0.00941,ok
Validation,Duval_2009_tvl1-model-geometric-point-view.pdf,25,36,1504,0.00997,ok
Validation,Duval_2009_tvl1-model-geometric-point-view.pdf,26,36,1642,0.01583,ok
Validation,Duval_2009_tvl1-model-geometric-point-view.pdf,27,36,2155,0.0877,ok
Validation,Duval_2009_tvl1-model-geometric-point-view.pdf,28,36,1541,0.2109,ok
Validation,Duval_2009_tvl1-model-geometric-point-view.pdf,29,36,2161,0.10042,ok
Validation,Duval_2009_tvl1-model-geometric-point-view.pdf,30,36,1748,0.18822,ok
Validation,Duval_2009_tvl1-model-geometric-point-view.pdf,31,36,2627,0.0472,ok
Validation,Duval_2009_tvl1-model-geometric-point-view.pdf,32,36,1637,0.08858,ok
Validation,Duval_2009_tvl1-model-geometric-point-view.pdf,33,36,1780,0.12753,ok
Validation,Duval_2009_tvl1-model-geometric-point-view.pdf,34,36,2692,0.04012,ok
Validation,Duval_2009_tvl1-model-geometric-point-view.pdf,35,36,4016,0.00971,ok
Validation,Duval_2009_tvl1-model-geometric-point-view.pdf,36,36,584,0.01027,ok
Validation,Efron_1986_how-biased-apparent-error-rate.pdf,1,11,1821,0.00384,ok
Validation,Efron_1986_how-biased-apparent-error-rate.pdf,2,11,4590,0.0061,ok
Validation,Efron_1986_how-biased-apparent-error-rate.pdf,3,11,3724,0.03061,ok
Validation,Efron_1986_how-biased-apparent-error-rate.pdf,4,11,3352,0.05042,ok
Validation,Efron_1986_how-biased-apparent-error-rate.pdf,5,11,2879,0.04654,ok
Validation,Efron_1986_how-biased-apparent-error-rate.pdf,6,11,3362,0.04313,ok
Validation,Efron_1986_how-biased-apparent-error-rate.pdf,7,11,3066,0.03098,ok
Validation,Efron_1986_how-biased-apparent-error-rate.pdf,8,11,3604,0.0505,ok
Validation,Efron_1986_how-biased-apparent-error-rate.pdf,9,11,3097,0.02486,ok
Validation,Efron_1986_how-biased-apparent-error-rate.pdf,10,11,3885,0.12149,ok
Validation,Efron_1986_how-biased-apparent-error-rate.pdf,11,11,2934,0.04226,ok
Validation,Efron_2004_estimation-prediction-error-covariance.pdf,1,15,1992,0.00904,ok
Validation,Efron_2004_estimation-prediction-error-covariance.pdf,2,15,4615,0.01625,ok
Validation,Efron_2004_estimation-prediction-error-covariance.pdf,3,15,3143,0.06618,ok
Validation,Efron_2004_estimation-prediction-error-covariance.pdf,4,15,3738,0.04307,ok
Validation,Efron_2004_estimation-prediction-error-covariance.pdf,5,15,2583,0.04375,ok
Validation,Efron_2004_estimation-prediction-error-covariance.pdf,6,15,3390,0.0705,ok
Validation,Efron_2004_estimation-prediction-error-covariance.pdf,7,15,3963,0.10623,ok
Validation,Efron_2004_estimation-prediction-error-covariance.pdf,8,15,2539,0.1087,ok
Validation,Efron_2004_estimation-prediction-error-covariance.pdf,9,15,4160,0.09062,ok
Validation,Efron_2004_estimation-prediction-error-covariance.pdf,10,15,2578,0.0481,ok
Validation,Efron_2004_estimation-prediction-error-covariance.pdf,11,15,4123,0.01989,ok
Validation,Efron_2004_estimation-prediction-error-covariance.pdf,12,15,3482,0.12378,ok
Validation,Efron_2004_estimation-prediction-error-covariance.pdf,13,15,2807,0.04524,ok
Validation,Efron_2004_estimation-prediction-error-covariance.pdf,14,15,4574,0.03957,ok
Validation,Efron_2004_estimation-prediction-error-covariance.pdf,15,15,5281,0.01212,ok
Validation,Efron_2021_resampling-plans-estimation-prediction.pdf,1,25,3036,0.05138,ok
Validation,Efron_2021_resampling-plans-estimation-prediction.pdf,2,25,1644,0.11922,ok
Validation,Efron_2021_resampling-plans-estimation-prediction.pdf,3,25,1556,0.07198,ok
Validation,Efron_2021_resampling-plans-estimation-prediction.pdf,4,25,2347,0.07115,ok
Validation,Efron_2021_resampling-plans-estimation-prediction.pdf,5,25,1322,0.17776,ok
Validation,Efron_2021_resampling-plans-estimation-prediction.pdf,6,25,1789,0.15428,ok
Validation,Efron_2021_resampling-plans-estimation-prediction.pdf,7,25,1367,0.15069,ok
Validation,Efron_2021_resampling-plans-estimation-prediction.pdf,8,25,1899,0.19273,ok
Validation,Efron_2021_resampling-plans-estimation-prediction.pdf,9,25,2774,0.06994,ok
Validation,Efron_2021_resampling-plans-estimation-prediction.pdf,10,25,1426,0.09818,ok
Validation,Efron_2021_resampling-plans-estimation-prediction.pdf,11,25,1186,0.09949,ok
Validation,Efron_2021_resampling-plans-estimation-prediction.pdf,12,25,2260,0.15,ok
Validation,Efron_2021_resampling-plans-estimation-prediction.pdf,13,25,1563,0.20985,ok
Validation,Efron_2021_resampling-plans-estimation-prediction.pdf,14,25,1881,0.1042,ok
Validation,Efron_2021_resampling-plans-estimation-prediction.pdf,15,25,1569,0.2696,ok
Validation,Efron_2021_resampling-plans-estimation-prediction.pdf,16,25,2347,0.0588,ok
Validation,Efron_2021_resampling-plans-estimation-prediction.pdf,17,25,2435,0.06366,ok
Validation,Efron_2021_resampling-plans-estimation-prediction.pdf,18,25,1686,0.10261,ok
Validation,Efron_2021_resampling-plans-estimation-prediction.pdf,19,25,1995,0.1208,ok
Validation,Efron_2021_resampling-plans-estimation-prediction.pdf,20,25,2034,0.13569,ok
Validation,Efron_2021_resampling-plans-estimation-prediction.pdf,21,25,2243,0.15025,ok
Validation,Efron_2021_resampling-plans-estimation-prediction.pdf,22,25,1179,0.21544,ok
Validation,Efron_2021_resampling-plans-estimation-prediction.pdf,23,25,2572,0.09526,ok
Validation,Efron_2021_resampling-plans-estimation-prediction.pdf,24,25,1581,0.09867,ok
Validation,Efron_2021_resampling-plans-estimation-prediction.pdf,25,25,2897,0.01691,ok
Validation,Eldar_2009_generalized-sure-exponential-families.pdf,1,31,2123,0.00801,ok
Validation,Eldar_2009_generalized-sure-exponential-families.pdf,2,31,2290,0.00437,ok
Validation,Eldar_2009_generalized-sure-exponential-families.pdf,3,31,2428,0.00371,ok
Validation,Eldar_2009_generalized-sure-exponential-families.pdf,4,31,2195,0.00137,ok
Validation,Eldar_2009_generalized-sure-exponential-families.pdf,5,31,1156,0.19464,ok
Validation,Eldar_2009_generalized-sure-exponential-families.pdf,6,31,1383,0.10123,ok
Validation,Eldar_2009_generalized-sure-exponential-families.pdf,7,31,1470,0.03741,ok
Validation,Eldar_2009_generalized-sure-exponential-families.pdf,8,31,996,0.25301,ok
Validation,Eldar_2009_generalized-sure-exponential-families.pdf,9,31,934,0.15418,ok
Validation,Eldar_2009_generalized-sure-exponential-families.pdf,10,31,696,0.34339,ok
Validation,Eldar_2009_generalized-sure-exponential-families.pdf,11,31,825,0.39152,ok
Validation,Eldar_2009_generalized-sure-exponential-families.pdf,12,31,1725,0.07014,ok
Validation,Eldar_2009_generalized-sure-exponential-families.pdf,13,31,1321,0.15519,ok
Validation,Eldar_2009_generalized-sure-exponential-families.pdf,14,31,980,0.22959,ok
Validation,Eldar_2009_generalized-sure-exponential-families.pdf,15,31,815,0.26012,ok
Validation,Eldar_2009_generalized-sure-exponential-families.pdf,16,31,892,0.27915,ok
Validation,Eldar_2009_generalized-sure-exponential-families.pdf,17,31,1160,0.19914,ok
Validation,Eldar_2009_generalized-sure-exponential-families.pdf,18,31,1179,0.15013,ok
Validation,Eldar_2009_generalized-sure-exponential-families.pdf,19,31,1262,0.06498,ok
Validation,Eldar_2009_generalized-sure-exponential-families.pdf,20,31,1199,0.06172,ok
Validation,Eldar_2009_generalized-sure-exponential-families.pdf,21,31,1926,0.04102,ok
Validation,Eldar_2009_generalized-sure-exponential-families.pdf,22,31,1703,0.04932,ok
Validation,Eldar_2009_generalized-sure-exponential-families.pdf,23,31,1575,0.16444,ok
Validation,Eldar_2009_generalized-sure-exponential-families.pdf,24,31,1723,0.01045,ok
Validation,Eldar_2009_generalized-sure-exponential-families.pdf,25,31,1752,0.01027,ok
Validation,Eldar_2009_generalized-sure-exponential-families.pdf,26,31,2517,0.00477,ok
Validation,Eldar_2009_generalized-sure-exponential-families.pdf,27,31,2390,0.00628,ok
Validation,Eldar_2009_generalized-sure-exponential-families.pdf,28,31,1507,0.00133,ok
Validation,Eldar_2009_generalized-sure-exponential-families.pdf,29,31,181,0.17127,ok
Validation,Eldar_2009_generalized-sure-exponential-families.pdf,30,31,186,0.16667,ok
Validation,Eldar_2009_generalized-sure-exponential-families.pdf,31,31,303,0.26733,ok
Validation,Foody_2010_assessing-accuracy-land-cover-change.pdf,1,15,4403,0.00908,ok
Validation,Foody_2010_assessing-accuracy-land-cover-change.pdf,2,15,6550,0.00397,ok
Validation,Foody_2010_assessing-accuracy-land-cover-change.pdf,3,15,5764,0.03036,ok
Validation,Foody_2010_assessing-accuracy-land-cover-change.pdf,4,15,7303,0.00164,ok
Validation,Foody_2010_assessing-accuracy-land-cover-change.pdf,5,15,3804,0.06125,ok
Validation,Foody_2010_assessing-accuracy-land-cover-change.pdf,6,15,5248,0.03868,ok
Validation,Foody_2010_assessing-accuracy-land-cover-change.pdf,7,15,2298,0.03612,ok
Validation,Foody_2010_assessing-accuracy-land-cover-change.pdf,8,15,5818,0.05002,ok
Validation,Foody_2010_assessing-accuracy-land-cover-change.pdf,9,15,6167,0.03097,ok
Validation,Foody_2010_assessing-accuracy-land-cover-change.pdf,10,15,2403,0.02497,ok
Validation,Foody_2010_assessing-accuracy-land-cover-change.pdf,11,15,5823,0.03074,ok
Validation,Foody_2010_assessing-accuracy-land-cover-change.pdf,12,15,5470,0.04077,ok
Validation,Foody_2010_assessing-accuracy-land-cover-change.pdf,13,15,5738,0.02544,ok
Validation,Foody_2010_assessing-accuracy-land-cover-change.pdf,14,15,9598,0.01354,ok
Validation,Foody_2010_assessing-accuracy-land-cover-change.pdf,15,15,8215,0.01071,ok
Validation,Galerne_2011_computation-perimeter-measurable-sets.pdf,1,13,3323,0.05537,ok
Validation,Galerne_2011_computation-perimeter-measurable-sets.pdf,2,13,4049,0.0568,ok
Validation,Galerne_2011_computation-perimeter-measurable-sets.pdf,3,13,3320,0.07108,ok
Validation,Galerne_2011_computation-perimeter-measurable-sets.pdf,4,13,2576,0.17896,ok
Validation,Galerne_2011_computation-perimeter-measurable-sets.pdf,5,13,2670,0.16592,ok
Validation,Galerne_2011_computation-perimeter-measurable-sets.pdf,6,13,2823,0.14701,ok
Validation,Galerne_2011_computation-perimeter-measurable-sets.pdf,7,13,2267,0.22056,ok
Validation,Galerne_2011_computation-perimeter-measurable-sets.pdf,8,13,2580,0.22713,ok
Validation,Galerne_2011_computation-perimeter-measurable-sets.pdf,9,13,2875,0.17948,ok
Validation,Galerne_2011_computation-perimeter-measurable-sets.pdf,10,13,3872,0.07128,ok
Validation,Galerne_2011_computation-perimeter-measurable-sets.pdf,11,13,2247,0.20071,ok
Validation,Galerne_2011_computation-perimeter-measurable-sets.pdf,12,13,3182,0.08485,ok
Validation,Galerne_2011_computation-perimeter-measurable-sets.pdf,13,13,1165,0.01888,ok
Validation,Gallagher_1981_theoretical-analysis-properties.pdf,1,6,4332,0.00923,ok
Validation,Gallagher_1981_theoretical-analysis-properties.pdf,2,6,2794,0.02756,ok
Validation,Gallagher_1981_theoretical-analysis-properties.pdf,3,6,5480,0.00639,ok
Validation,Gallagher_1981_theoretical-analysis-properties.pdf,4,6,5448,0.00587,ok
Validation,Gallagher_1981_theoretical-analysis-properties.pdf,5,6,3661,0.02131,ok
Validation,Gallagher_1981_theoretical-analysis-properties.pdf,6,6,2672,0.01984,ok
Validation,Gasparrini_2010_distributed-lag-non-linear-models.pdf,1,11,3848,0.00416,ok
Validation,Gasparrini_2010_distributed-lag-non-linear-models.pdf,2,11,3962,0.01817,ok
Validation,Gasparrini_2010_distributed-lag-non-linear-models.pdf,3,11,3460,0.01965,ok
Validation,Gasparrini_2010_distributed-lag-non-linear-models.pdf,4,11,4010,0.02219,ok
Validation,Gasparrini_2010_distributed-lag-non-linear-models.pdf,5,11,3388,0.04221,ok
Validation,Gasparrini_2010_distributed-lag-non-linear-models.pdf,6,11,3106,0.02479,ok
Validation,Gasparrini_2010_distributed-lag-non-linear-models.pdf,7,11,515,0.39029,ok
Validation,Gasparrini_2010_distributed-lag-non-linear-models.pdf,8,11,4752,0.00105,ok
Validation,Gasparrini_2010_distributed-lag-non-linear-models.pdf,9,11,1810,0.0453,ok
Validation,Gasparrini_2010_distributed-lag-non-linear-models.pdf,10,11,4583,0.00545,ok
Validation,Gasparrini_2010_distributed-lag-non-linear-models.pdf,11,11,1482,0.0027,ok
Validation,Gasparrini_2011_distributed-lag-linear-non-linear.pdf,1,20,1710,0.00468,ok
Validation,Gasparrini_2011_distributed-lag-linear-non-linear.pdf,2,20,3036,0.0,ok
Validation,Gasparrini_2011_distributed-lag-linear-non-linear.pdf,3,20,2414,0.01326,ok
Validation,Gasparrini_2011_distributed-lag-linear-non-linear.pdf,4,20,2730,0.01905,ok
Validation,Gasparrini_2011_distributed-lag-linear-non-linear.pdf,5,20,1412,0.05949,ok
Validation,Gasparrini_2011_distributed-lag-linear-non-linear.pdf,6,20,2139,0.05002,ok
Validation,Gasparrini_2011_distributed-lag-linear-non-linear.pdf,7,20,1846,0.05634,ok
Validation,Gasparrini_2011_distributed-lag-linear-non-linear.pdf,8,20,2936,0.0092,ok
Validation,Gasparrini_2011_distributed-lag-linear-non-linear.pdf,9,20,1947,0.02773,ok
Validation,Gasparrini_2011_distributed-lag-linear-non-linear.pdf,10,20,2443,0.01064,ok
Validation,Gasparrini_2011_distributed-lag-linear-non-linear.pdf,11,20,1925,0.03896,ok
Validation,Gasparrini_2011_distributed-lag-linear-non-linear.pdf,12,20,1760,0.09545,ok
Validation,Gasparrini_2011_distributed-lag-linear-non-linear.pdf,13,20,2008,0.06325,ok
Validation,Gasparrini_2011_distributed-lag-linear-non-linear.pdf,14,20,2660,0.0406,ok
Validation,Gasparrini_2011_distributed-lag-linear-non-linear.pdf,15,20,2314,0.01772,ok
Validation,Gasparrini_2011_distributed-lag-linear-non-linear.pdf,16,20,2916,0.00069,ok
Validation,Gasparrini_2011_distributed-lag-linear-non-linear.pdf,17,20,2971,0.00404,ok
Validation,Gasparrini_2011_distributed-lag-linear-non-linear.pdf,18,20,2211,0.01266,ok
Validation,Gasparrini_2011_distributed-lag-linear-non-linear.pdf,19,20,1886,0.01326,ok
Validation,Gasparrini_2011_distributed-lag-linear-non-linear.pdf,20,20,407,0.00983,ok
Validation,Gasparrini_2014_modeling-exposure-lag-response.pdf,1,19,3463,0.00433,ok
Validation,Gasparrini_2014_modeling-exposure-lag-response.pdf,2,19,4048,0.00494,ok
Validation,Gasparrini_2014_modeling-exposure-lag-response.pdf,3,19,3255,0.0725,ok
Validation,Gasparrini_2014_modeling-exposure-lag-response.pdf,4,19,3674,0.04954,ok
Validation,Gasparrini_2014_modeling-exposure-lag-response.pdf,5,19,3264,0.02757,ok
Validation,Gasparrini_2014_modeling-exposure-lag-response.pdf,6,19,4547,0.00836,ok
Validation,Gasparrini_2014_modeling-exposure-lag-response.pdf,7,19,2939,0.01327,ok
Validation,Gasparrini_2014_modeling-exposure-lag-response.pdf,8,19,4084,0.02424,ok
Validation,Gasparrini_2014_modeling-exposure-lag-response.pdf,9,19,2297,0.02656,ok
Validation,Gasparrini_2014_modeling-exposure-lag-response.pdf,10,19,3067,0.0763,ok
Validation,Gasparrini_2014_modeling-exposure-lag-response.pdf,11,19,3709,0.02642,ok
Validation,Gasparrini_2014_modeling-exposure-lag-response.pdf,12,19,3180,0.01038,ok
Validation,Gasparrini_2014_modeling-exposure-lag-response.pdf,13,19,3945,0.0038,ok
Validation,Gasparrini_2014_modeling-exposure-lag-response.pdf,14,19,888,0.00338,ok
Validation,Gasparrini_2014_modeling-exposure-lag-response.pdf,15,19,3611,0.03268,ok
Validation,Gasparrini_2014_modeling-exposure-lag-response.pdf,16,19,3025,0.01091,ok
Validation,Gasparrini_2014_modeling-exposure-lag-response.pdf,17,19,3532,0.10277,ok
Validation,Gasparrini_2014_modeling-exposure-lag-response.pdf,18,19,3936,0.00432,ok
Validation,Gasparrini_2014_modeling-exposure-lag-response.pdf,19,19,4467,0.00672,ok
Validation,Gasparrini_2017_penalized-framework-distributed-lag.pdf,1,11,4724,0.00508,ok
Validation,Gasparrini_2017_penalized-framework-distributed-lag.pdf,2,11,4849,0.03753,ok
Validation,Gasparrini_2017_penalized-framework-distributed-lag.pdf,3,11,4499,0.06446,ok
Validation,Gasparrini_2017_penalized-framework-distributed-lag.pdf,4,11,3538,0.0684,ok
Validation,Gasparrini_2017_penalized-framework-distributed-lag.pdf,5,11,4222,0.01184,ok
Validation,Gasparrini_2017_penalized-framework-distributed-lag.pdf,6,11,1133,0.28685,ok
Validation,Gasparrini_2017_penalized-framework-distributed-lag.pdf,7,11,5482,0.01587,ok
Validation,Gasparrini_2017_penalized-framework-distributed-lag.pdf,8,11,1528,0.16361,ok
Validation,Gasparrini_2017_penalized-framework-distributed-lag.pdf,9,11,3529,0.05582,ok
Validation,Gasparrini_2017_penalized-framework-distributed-lag.pdf,10,11,5288,0.0121,ok
Validation,Gasparrini_2017_penalized-framework-distributed-lag.pdf,11,11,1212,0.01238,ok
Validation,Geyer_1992_constrained-monte-carlo-maximum.pdf,1,27,2717,0.00258,ok
Validation,Geyer_1992_constrained-monte-carlo-maximum.pdf,2,27,1893,0.14369,ok
Validation,Geyer_1992_constrained-monte-carlo-maximum.pdf,3,27,2428,0.01565,ok
Validation,Geyer_1992_constrained-monte-carlo-maximum.pdf,4,27,3244,0.00555,ok
Validation,Geyer_1992_constrained-monte-carlo-maximum.pdf,5,27,2986,0.00469,ok
Validation,Geyer_1992_constrained-monte-carlo-maximum.pdf,6,27,2968,0.00404,ok
Validation,Geyer_1992_constrained-monte-carlo-maximum.pdf,7,27,3060,0.00621,ok
Validation,Geyer_1992_constrained-monte-carlo-maximum.pdf,8,27,2921,0.00582,ok
Validation,Geyer_1992_constrained-monte-carlo-maximum.pdf,9,27,2524,0.02734,ok
Validation,Geyer_1992_constrained-monte-carlo-maximum.pdf,10,27,2808,0.00677,ok
Validation,Geyer_1992_constrained-monte-carlo-maximum.pdf,11,27,3043,0.00394,ok
Validation,Geyer_1992_constrained-monte-carlo-maximum.pdf,12,27,1832,0.01856,ok
Validation,Geyer_1992_constrained-monte-carlo-maximum.pdf,13,27,2544,0.09198,ok
Validation,Geyer_1992_constrained-monte-carlo-maximum.pdf,14,27,2129,0.03805,ok
Validation,Geyer_1992_constrained-monte-carlo-maximum.pdf,15,27,2289,0.0249,ok
Validation,Geyer_1992_constrained-monte-carlo-maximum.pdf,16,27,2311,0.01731,ok
Validation,Geyer_1992_constrained-monte-carlo-maximum.pdf,17,27,2418,0.01323,ok
Validation,Geyer_1992_constrained-monte-carlo-maximum.pdf,18,27,2466,0.04298,ok
Validation,Geyer_1992_constrained-monte-carlo-maximum.pdf,19,27,1916,0.01044,ok
Validation,Geyer_1992_constrained-monte-carlo-maximum.pdf,20,27,2765,0.00579,ok
Validation,Geyer_1992_constrained-monte-carlo-maximum.pdf,21,27,2667,0.00487,ok
Validation,Geyer_1992_constrained-monte-carlo-maximum.pdf,22,27,638,0.27743,ok
Validation,Geyer_1992_constrained-monte-carlo-maximum.pdf,23,27,2124,0.01789,ok
Validation,Geyer_1992_constrained-monte-carlo-maximum.pdf,24,27,2325,0.0172,ok
Validation,Geyer_1992_constrained-monte-carlo-maximum.pdf,25,27,2896,0.01588,ok
Validation,Geyer_1992_constrained-monte-carlo-maximum.pdf,26,27,3723,0.01343,ok
Validation,Geyer_1992_constrained-monte-carlo-maximum.pdf,27,27,3996,0.0035,ok
Validation,Girard_2019a_aligning-updating-cadaster-maps-aerial.pdf,1,16,2086,0.00479,ok
Validation,Girard_2019a_aligning-updating-cadaster-maps-aerial.pdf,2,16,1837,0.00109,ok
Validation,Girard_2019a_aligning-updating-cadaster-maps-aerial.pdf,3,16,2775,0.00324,ok
Validation,Girard_2019a_aligning-updating-cadaster-maps-aerial.pdf,4,16,2399,0.01292,ok
Validation,Girard_2019a_aligning-updating-cadaster-maps-aerial.pdf,5,16,2421,0.05494,ok
Validation,Girard_2019a_aligning-updating-cadaster-maps-aerial.pdf,6,16,816,0.01716,ok
Validation,Girard_2019a_aligning-updating-cadaster-maps-aerial.pdf,7,16,1120,0.03393,ok
Validation,Girard_2019a_aligning-updating-cadaster-maps-aerial.pdf,8,16,1910,0.02461,ok
Validation,Girard_2019a_aligning-updating-cadaster-maps-aerial.pdf,9,16,2400,0.02,ok
Validation,Girard_2019a_aligning-updating-cadaster-maps-aerial.pdf,10,16,1395,0.01577,ok
Validation,Girard_2019a_aligning-updating-cadaster-maps-aerial.pdf,11,16,1402,0.00285,ok
Validation,Girard_2019a_aligning-updating-cadaster-maps-aerial.pdf,12,16,2147,0.00559,ok
Validation,Girard_2019a_aligning-updating-cadaster-maps-aerial.pdf,13,16,2186,0.03614,ok
Validation,Girard_2019a_aligning-updating-cadaster-maps-aerial.pdf,14,16,1762,0.00851,ok
Validation,Girard_2019a_aligning-updating-cadaster-maps-aerial.pdf,15,16,2560,0.01367,ok
Validation,Girard_2019a_aligning-updating-cadaster-maps-aerial.pdf,16,16,1149,0.00522,ok
Validation,Girard_2019b_noisy-supervision-correcting.pdf,1,4,3126,0.00704,ok
Validation,Girard_2019b_noisy-supervision-correcting.pdf,2,4,3386,0.0127,ok
Validation,Girard_2019b_noisy-supervision-correcting.pdf,3,4,2957,0.02367,ok
Validation,Girard_2019b_noisy-supervision-correcting.pdf,4,4,4183,0.00574,ok
Validation,Goodchild_1997_simple-positional-accuracy-measure.pdf,1,10,1537,0.00846,ok
Validation,Goodchild_1997_simple-positional-accuracy-measure.pdf,2,10,367,0.0,ok
Validation,Goodchild_1997_simple-positional-accuracy-measure.pdf,3,10,2547,0.00275,ok
Validation,Goodchild_1997_simple-positional-accuracy-measure.pdf,4,10,3386,0.0,ok
Validation,Goodchild_1997_simple-positional-accuracy-measure.pdf,5,10,2051,0.0039,ok
Validation,Goodchild_1997_simple-positional-accuracy-measure.pdf,6,10,2871,0.0209,ok
Validation,Goodchild_1997_simple-positional-accuracy-measure.pdf,7,10,2169,0.00692,ok
Validation,Goodchild_1997_simple-positional-accuracy-measure.pdf,8,10,806,0.0,ok
Validation,Goodchild_1997_simple-positional-accuracy-measure.pdf,9,10,1491,0.0,ok
Validation,Goodchild_1997_simple-positional-accuracy-measure.pdf,10,10,2287,0.00481,ok
Validation,Goodchild_2004_general-framework-error-analysis.pdf,1,2,2158,0.00649,ok
Validation,Goodchild_2004_general-framework-error-analysis.pdf,2,2,1672,0.01196,ok
Validation,Gros_2021_softseg-advantages-soft-versus-binary.pdf,1,33,815,0.05031,ok
Validation,Gros_2021_softseg-advantages-soft-versus-binary.pdf,2,33,1905,0.00525,ok
Validation,Gros_2021_softseg-advantages-soft-versus-binary.pdf,3,33,2681,0.00075,ok
Validation,Gros_2021_softseg-advantages-soft-versus-binary.pdf,4,33,2428,0.00165,ok
Validation,Gros_2021_softseg-advantages-soft-versus-binary.pdf,5,33,1640,0.00183,ok
Validation,Gros_2021_softseg-advantages-soft-versus-binary.pdf,6,33,2258,0.00797,ok
Validation,Gros_2021_softseg-advantages-soft-versus-binary.pdf,7,33,2475,0.0303,ok
Validation,Gros_2021_softseg-advantages-soft-versus-binary.pdf,8,33,1148,0.08885,ok
Validation,Gros_2021_softseg-advantages-soft-versus-binary.pdf,9,33,2002,0.00599,ok
Validation,Gros_2021_softseg-advantages-soft-versus-binary.pdf,10,33,2113,0.00899,ok
Validation,Gros_2021_softseg-advantages-soft-versus-binary.pdf,11,33,1719,0.01978,ok
Validation,Gros_2021_softseg-advantages-soft-versus-binary.pdf,12,33,1778,0.00112,ok
Validation,Gros_2021_softseg-advantages-soft-versus-binary.pdf,13,33,2911,0.00275,ok
Validation,Gros_2021_softseg-advantages-soft-versus-binary.pdf,14,33,671,0.00298,ok
Validation,Gros_2021_softseg-advantages-soft-versus-binary.pdf,15,33,590,0.00339,ok
Validation,Gros_2021_softseg-advantages-soft-versus-binary.pdf,16,33,1073,0.00373,ok
Validation,Gros_2021_softseg-advantages-soft-versus-binary.pdf,17,33,1113,0.01078,ok
Validation,Gros_2021_softseg-advantages-soft-versus-binary.pdf,18,33,366,0.00546,ok
Validation,Gros_2021_softseg-advantages-soft-versus-binary.pdf,19,33,390,0.00513,ok
Validation,Gros_2021_softseg-advantages-soft-versus-binary.pdf,20,33,1558,0.28755,ok
Validation,Gros_2021_softseg-advantages-soft-versus-binary.pdf,21,33,1491,0.08048,ok
Validation,Gros_2021_softseg-advantages-soft-versus-binary.pdf,22,33,1790,0.27207,ok
Validation,Gros_2021_softseg-advantages-soft-versus-binary.pdf,23,33,2678,0.00448,ok
Validation,Gros_2021_softseg-advantages-soft-versus-binary.pdf,24,33,2584,0.00193,ok
Validation,Gros_2021_softseg-advantages-soft-versus-binary.pdf,25,33,2963,0.00067,ok
Validation,Gros_2021_softseg-advantages-soft-versus-binary.pdf,26,33,1617,0.00247,ok
Validation,Gros_2021_softseg-advantages-soft-versus-binary.pdf,27,33,1528,0.00131,ok
Validation,Gros_2021_softseg-advantages-soft-versus-binary.pdf,28,33,1843,0.00922,ok
Validation,Gros_2021_softseg-advantages-soft-versus-binary.pdf,29,33,1850,0.00649,ok
Validation,Gros_2021_softseg-advantages-soft-versus-binary.pdf,30,33,1814,0.00772,ok
Validation,Gros_2021_softseg-advantages-soft-versus-binary.pdf,31,33,1760,0.01193,ok
Validation,Gros_2021_softseg-advantages-soft-versus-binary.pdf,32,33,1733,0.00923,ok
Validation,Gros_2021_softseg-advantages-soft-versus-binary.pdf,33,33,639,0.00313,ok
Validation,Guo_2018_redeveloping-urban-forest-effect.pdf,1,26,964,0.00207,ok
Validation,Guo_2018_redeveloping-urban-forest-effect.pdf,2,26,974,0.01437,ok
Validation,Guo_2018_redeveloping-urban-forest-effect.pdf,3,26,2569,0.00389,ok
Validation,Guo_2018_redeveloping-urban-forest-effect.pdf,4,26,2277,0.00834,ok
Validation,Guo_2018_redeveloping-urban-forest-effect.pdf,5,26,1136,0.01937,ok
Validation,Guo_2018_redeveloping-urban-forest-effect.pdf,6,26,2808,0.00356,ok
Validation,Guo_2018_redeveloping-urban-forest-effect.pdf,7,26,1293,0.00155,ok
Validation,Guo_2018_redeveloping-urban-forest-effect.pdf,8,26,2759,0.02537,ok
Validation,Guo_2018_redeveloping-urban-forest-effect.pdf,9,26,229,0.0262,ok
Validation,Guo_2018_redeveloping-urban-forest-effect.pdf,10,26,2499,0.0028,ok
Validation,Guo_2018_redeveloping-urban-forest-effect.pdf,11,26,2006,0.00548,ok
Validation,Guo_2018_redeveloping-urban-forest-effect.pdf,12,26,1983,0.00908,ok
Validation,Guo_2018_redeveloping-urban-forest-effect.pdf,13,26,1017,0.01278,ok
Validation,Guo_2018_redeveloping-urban-forest-effect.pdf,14,26,2526,0.01584,ok
Validation,Guo_2018_redeveloping-urban-forest-effect.pdf,15,26,1370,0.00803,ok
Validation,Guo_2018_redeveloping-urban-forest-effect.pdf,16,26,1618,0.0204,ok
Validation,Guo_2018_redeveloping-urban-forest-effect.pdf,17,26,1559,0.06094,ok
Validation,Guo_2018_redeveloping-urban-forest-effect.pdf,18,26,2855,0.00455,ok
Validation,Guo_2018_redeveloping-urban-forest-effect.pdf,19,26,2886,0.00069,ok
Validation,Guo_2018_redeveloping-urban-forest-effect.pdf,20,26,2720,0.00074,ok
Validation,Guo_2018_redeveloping-urban-forest-effect.pdf,21,26,2268,0.00088,ok
Validation,Guo_2018_redeveloping-urban-forest-effect.pdf,22,26,1748,0.00858,ok
Validation,Guo_2018_redeveloping-urban-forest-effect.pdf,23,26,3270,0.00703,ok
Validation,Guo_2018_redeveloping-urban-forest-effect.pdf,24,26,3482,0.0023,ok
Validation,Guo_2018_redeveloping-urban-forest-effect.pdf,25,26,3355,0.0006,ok
Validation,Guo_2018_redeveloping-urban-forest-effect.pdf,26,26,863,0.00463,ok
Validation,Guo_2019_city-wide-canopy-cover-decline.pdf,1,9,2549,0.0204,ok
Validation,Guo_2019_city-wide-canopy-cover-decline.pdf,2,9,6909,0.00376,ok
Validation,Guo_2019_city-wide-canopy-cover-decline.pdf,3,9,2045,0.00489,ok
Validation,Guo_2019_city-wide-canopy-cover-decline.pdf,4,9,3350,0.00627,ok
Validation,Guo_2019_city-wide-canopy-cover-decline.pdf,5,9,5789,0.02228,ok
Validation,Guo_2019_city-wide-canopy-cover-decline.pdf,6,9,117,0.0,ok
Validation,Guo_2019_city-wide-canopy-cover-decline.pdf,7,9,7040,0.01122,ok
Validation,Guo_2019_city-wide-canopy-cover-decline.pdf,8,9,6285,0.00541,ok
Validation,Guo_2019_city-wide-canopy-cover-decline.pdf,9,9,9517,0.00399,ok
Validation,Hall_1985_resampling-coverage-pattern.pdf,1,16,2177,0.00551,ok
Validation,Hall_1985_resampling-coverage-pattern.pdf,2,16,2265,0.01545,ok
Validation,Hall_1985_resampling-coverage-pattern.pdf,3,16,1566,0.04151,ok
Validation,Hall_1985_resampling-coverage-pattern.pdf,4,16,1852,0.0513,ok
Validation,Hall_1985_resampling-coverage-pattern.pdf,5,16,1345,0.10409,ok
Validation,Hall_1985_resampling-coverage-pattern.pdf,6,16,1584,0.04419,ok
Validation,Hall_1985_resampling-coverage-pattern.pdf,7,16,1777,0.03827,ok
Validation,Hall_1985_resampling-coverage-pattern.pdf,8,16,2174,0.01978,ok
Validation,Hall_1985_resampling-coverage-pattern.pdf,9,16,1750,0.03886,ok
Validation,Hall_1985_resampling-coverage-pattern.pdf,10,16,1831,0.02731,ok
Validation,Hall_1985_resampling-coverage-pattern.pdf,11,16,1210,0.10165,ok
Validation,Hall_1985_resampling-coverage-pattern.pdf,12,16,1199,0.12093,ok
Validation,Hall_1985_resampling-coverage-pattern.pdf,13,16,935,0.08235,ok
Validation,Hall_1985_resampling-coverage-pattern.pdf,14,16,676,0.15237,ok
Validation,Hall_1985_resampling-coverage-pattern.pdf,15,16,1374,0.08006,ok
Validation,Hall_1985_resampling-coverage-pattern.pdf,16,16,618,0.01294,ok
Validation,Hasegawa_2019_probability-deriving-yearly.pdf,1,11,2927,0.01777,ok
Validation,Hasegawa_2019_probability-deriving-yearly.pdf,2,11,2673,0.02319,ok
Validation,Hasegawa_2019_probability-deriving-yearly.pdf,3,11,2215,0.01535,ok
Validation,Hasegawa_2019_probability-deriving-yearly.pdf,4,11,2747,0.02512,ok
Validation,Hasegawa_2019_probability-deriving-yearly.pdf,5,11,2762,0.042,ok
Validation,Hasegawa_2019_probability-deriving-yearly.pdf,6,11,2992,0.02707,ok
Validation,Hasegawa_2019_probability-deriving-yearly.pdf,7,11,3344,0.01166,ok
Validation,Hasegawa_2019_probability-deriving-yearly.pdf,8,11,3325,0.00211,ok
Validation,Hasegawa_2019_probability-deriving-yearly.pdf,9,11,3737,0.01151,ok
Validation,Hasegawa_2019_probability-deriving-yearly.pdf,10,11,4130,0.00484,ok
Validation,Hasegawa_2019_probability-deriving-yearly.pdf,11,11,3176,0.00409,ok
Validation,Hauer_1994_street-tree-decline-construction-damage.pdf,1,4,3111,0.00868,ok
Validation,Hauer_1994_street-tree-decline-construction-damage.pdf,2,4,3158,0.07568,ok
Validation,Hauer_1994_street-tree-decline-construction-damage.pdf,3,4,3645,0.01043,ok
Validation,Hauer_1994_street-tree-decline-construction-damage.pdf,4,4,2089,0.01197,ok
Validation,Hawkes_1971_spectra-some-self-exciting-mutually.pdf,1,8,1643,0.06391,ok
Validation,Hawkes_1971_spectra-some-self-exciting-mutually.pdf,2,8,1338,0.11659,ok
Validation,Hawkes_1971_spectra-some-self-exciting-mutually.pdf,3,8,1429,0.10217,ok
Validation,Hawkes_1971_spectra-some-self-exciting-mutually.pdf,4,8,1526,0.07995,ok
Validation,Hawkes_1971_spectra-some-self-exciting-mutually.pdf,5,8,1282,0.15523,ok
Validation,Hawkes_1971_spectra-some-self-exciting-mutually.pdf,6,8,868,0.22926,ok
Validation,Hawkes_1971_spectra-some-self-exciting-mutually.pdf,7,8,1692,0.11584,ok
Validation,Hawkes_1971_spectra-some-self-exciting-mutually.pdf,8,8,2296,0.05575,ok
Validation,Hecht_2015_automatic-identification-building-types.pdf,1,15,860,0.00581,ok
Validation,Hecht_2015_automatic-identification-building-types.pdf,2,15,2518,0.02105,ok
Validation,Hecht_2015_automatic-identification-building-types.pdf,3,15,3161,0.00063,ok
Validation,Hecht_2015_automatic-identification-building-types.pdf,4,15,3319,0.0,ok
Validation,Hecht_2015_automatic-identification-building-types.pdf,5,15,1760,0.0,ok
Validation,Hecht_2015_automatic-identification-building-types.pdf,6,15,3138,0.0,ok
Validation,Hecht_2015_automatic-identification-building-types.pdf,7,15,884,0.00679,ok
Validation,Hecht_2015_automatic-identification-building-types.pdf,8,15,3054,0.0036,ok
Validation,Hecht_2015_automatic-identification-building-types.pdf,9,15,2075,0.02313,ok
Validation,Hecht_2015_automatic-identification-building-types.pdf,10,15,1861,0.0403,ok
Validation,Hecht_2015_automatic-identification-building-types.pdf,11,15,1730,0.0,ok
Validation,Hecht_2015_automatic-identification-building-types.pdf,12,15,3203,0.00187,ok
Validation,Hecht_2015_automatic-identification-building-types.pdf,13,15,2931,0.00512,ok
Validation,Hecht_2015_automatic-identification-building-types.pdf,14,15,3671,0.00381,ok
Validation,Hecht_2015_automatic-identification-building-types.pdf,15,15,3624,0.00552,ok
Validation,Higham_2011_pth-roots-stochastic-matrices.pdf,1,16,2066,0.02614,ok
Validation,Higham_2011_pth-roots-stochastic-matrices.pdf,2,16,3763,0.00292,ok
Validation,Higham_2011_pth-roots-stochastic-matrices.pdf,3,16,2166,0.11911,ok
Validation,Higham_2011_pth-roots-stochastic-matrices.pdf,4,16,3314,0.02867,ok
Validation,Higham_2011_pth-roots-stochastic-matrices.pdf,5,16,2334,0.13625,ok
Validation,Higham_2011_pth-roots-stochastic-matrices.pdf,6,16,2663,0.06384,ok
Validation,Higham_2011_pth-roots-stochastic-matrices.pdf,7,16,2405,0.06902,ok
Validation,Higham_2011_pth-roots-stochastic-matrices.pdf,8,16,2224,0.10117,ok
Validation,Higham_2011_pth-roots-stochastic-matrices.pdf,9,16,1996,0.06764,ok
Validation,Higham_2011_pth-roots-stochastic-matrices.pdf,10,16,1806,0.14452,ok
Validation,Higham_2011_pth-roots-stochastic-matrices.pdf,11,16,2291,0.08206,ok
Validation,Higham_2011_pth-roots-stochastic-matrices.pdf,12,16,2291,0.08861,ok
Validation,Higham_2011_pth-roots-stochastic-matrices.pdf,13,16,3030,0.08086,ok
Validation,Higham_2011_pth-roots-stochastic-matrices.pdf,14,16,1206,0.08292,ok
Validation,Higham_2011_pth-roots-stochastic-matrices.pdf,15,16,2892,0.01971,ok
Validation,Higham_2011_pth-roots-stochastic-matrices.pdf,16,16,3059,0.04609,ok
Validation,Hilbert_2019_urban-tree-mortality-literature-review.pdf,1,34,3909,0.00537,ok
Validation,Hilbert_2019_urban-tree-mortality-literature-review.pdf,2,34,4423,0.00475,ok
Validation,Hilbert_2019_urban-tree-mortality-literature-review.pdf,3,34,4301,0.00349,ok
Validation,Hilbert_2019_urban-tree-mortality-literature-review.pdf,4,34,4301,0.00279,ok
Validation,Hilbert_2019_urban-tree-mortality-literature-review.pdf,5,34,4075,0.00957,ok
Validation,Hilbert_2019_urban-tree-mortality-literature-review.pdf,6,34,2555,0.02857,ok
Validation,Hilbert_2019_urban-tree-mortality-literature-review.pdf,7,34,1180,0.00508,ok
Validation,Hilbert_2019_urban-tree-mortality-literature-review.pdf,8,34,3568,0.00589,ok
Validation,Hilbert_2019_urban-tree-mortality-literature-review.pdf,9,34,1808,0.00885,ok
Validation,Hilbert_2019_urban-tree-mortality-literature-review.pdf,10,34,2189,0.00594,ok
Validation,Hilbert_2019_urban-tree-mortality-literature-review.pdf,11,34,2987,0.00603,ok
Validation,Hilbert_2019_urban-tree-mortality-literature-review.pdf,12,34,4304,0.00581,ok
Validation,Hilbert_2019_urban-tree-mortality-literature-review.pdf,13,34,2610,0.02835,ok
Validation,Hilbert_2019_urban-tree-mortality-literature-review.pdf,14,34,4356,0.00436,ok
Validation,Hilbert_2019_urban-tree-mortality-literature-review.pdf,15,34,4320,0.00255,ok
Validation,Hilbert_2019_urban-tree-mortality-literature-review.pdf,16,34,1713,0.00292,ok
Validation,Hilbert_2019_urban-tree-mortality-literature-review.pdf,17,34,3070,0.00521,ok
Validation,Hilbert_2019_urban-tree-mortality-literature-review.pdf,18,34,4266,0.00258,ok
Validation,Hilbert_2019_urban-tree-mortality-literature-review.pdf,19,34,4385,0.00388,ok
Validation,Hilbert_2019_urban-tree-mortality-literature-review.pdf,20,34,3997,0.01226,ok
Validation,Hilbert_2019_urban-tree-mortality-literature-review.pdf,21,34,5323,0.00902,ok
Validation,Hilbert_2019_urban-tree-mortality-literature-review.pdf,22,34,5202,0.01153,ok
Validation,Hilbert_2019_urban-tree-mortality-literature-review.pdf,23,34,5510,0.00472,ok
Validation,Hilbert_2019_urban-tree-mortality-literature-review.pdf,24,34,4501,0.014,ok
Validation,Hilbert_2019_urban-tree-mortality-literature-review.pdf,25,34,6019,0.0,ok
Validation,Hilbert_2019_urban-tree-mortality-literature-review.pdf,26,34,1782,0.05163,ok
Validation,Hilbert_2019_urban-tree-mortality-literature-review.pdf,27,34,1695,0.05369,ok
Validation,Hilbert_2019_urban-tree-mortality-literature-review.pdf,28,34,1778,0.02362,ok
Validation,Hilbert_2019_urban-tree-mortality-literature-review.pdf,29,34,1608,0.04167,ok
Validation,Hilbert_2019_urban-tree-mortality-literature-review.pdf,30,34,2314,0.04624,ok
Validation,Hilbert_2019_urban-tree-mortality-literature-review.pdf,31,34,1790,0.04525,ok
Validation,Hilbert_2019_urban-tree-mortality-literature-review.pdf,32,34,2146,0.04473,ok
Validation,Hilbert_2019_urban-tree-mortality-literature-review.pdf,33,34,1622,0.00801,ok
Validation,Hilbert_2019_urban-tree-mortality-literature-review.pdf,34,34,1860,0.00376,ok
Validation,Hoberg_2015_conditional-random-fields-multitemporal-multiscale.pdf,1,15,5376,0.00056,ok
Validation,Hoberg_2015_conditional-random-fields-multitemporal-multiscale.pdf,2,15,5911,0.00169,ok
Validation,Hoberg_2015_conditional-random-fields-multitemporal-multiscale.pdf,3,15,4713,0.03522,ok
Validation,Hoberg_2015_conditional-random-fields-multitemporal-multiscale.pdf,4,15,4653,0.11648,ok
Validation,Hoberg_2015_conditional-random-fields-multitemporal-multiscale.pdf,5,15,4781,0.00481,ok
Validation,Hoberg_2015_conditional-random-fields-multitemporal-multiscale.pdf,6,15,4344,0.02118,ok
Validation,Hoberg_2015_conditional-random-fields-multitemporal-multiscale.pdf,7,15,4434,0.02052,ok
Validation,Hoberg_2015_conditional-random-fields-multitemporal-multiscale.pdf,8,15,5350,0.00804,ok
Validation,Hoberg_2015_conditional-random-fields-multitemporal-multiscale.pdf,9,15,2635,0.01404,ok
Validation,Hoberg_2015_conditional-random-fields-multitemporal-multiscale.pdf,10,15,2845,0.01301,ok
Validation,Hoberg_2015_conditional-random-fields-multitemporal-multiscale.pdf,11,15,4165,0.00576,ok
Validation,Hoberg_2015_conditional-random-fields-multitemporal-multiscale.pdf,12,15,4923,0.01077,ok
Validation,Hoberg_2015_conditional-random-fields-multitemporal-multiscale.pdf,13,15,5781,0.00173,ok
Validation,Hoberg_2015_conditional-random-fields-multitemporal-multiscale.pdf,14,15,7106,0.01379,ok
Validation,Hoberg_2015_conditional-random-fields-multitemporal-multiscale.pdf,15,15,3920,0.00765,ok
Validation,Hood_2018_fire-tree-death-understanding-improving.pdf,1,18,730,0.0274,ok
Validation,Hood_2018_fire-tree-death-understanding-improving.pdf,2,18,3880,0.02113,ok
Validation,Hood_2018_fire-tree-death-understanding-improving.pdf,3,18,5864,0.00273,ok
Validation,Hood_2018_fire-tree-death-understanding-improving.pdf,4,18,2668,0.00262,ok
Validation,Hood_2018_fire-tree-death-understanding-improving.pdf,5,18,1709,0.00351,ok
Validation,Hood_2018_fire-tree-death-understanding-improving.pdf,6,18,2055,0.00633,ok
Validation,Hood_2018_fire-tree-death-understanding-improving.pdf,7,18,5109,0.00352,ok
Validation,Hood_2018_fire-tree-death-understanding-improving.pdf,8,18,1450,0.00207,ok
Validation,Hood_2018_fire-tree-death-understanding-improving.pdf,9,18,4809,0.00187,ok
Validation,Hood_2018_fire-tree-death-understanding-improving.pdf,10,18,2402,0.05079,ok
Validation,Hood_2018_fire-tree-death-understanding-improving.pdf,11,18,1642,0.00365,ok
Validation,Hood_2018_fire-tree-death-understanding-improving.pdf,12,18,5272,0.00285,ok
Validation,Hood_2018_fire-tree-death-understanding-improving.pdf,13,18,5155,0.00078,ok
Validation,Hood_2018_fire-tree-death-understanding-improving.pdf,14,18,5339,0.00393,ok
Validation,Hood_2018_fire-tree-death-understanding-improving.pdf,15,18,5192,0.02099,ok
Validation,Hood_2018_fire-tree-death-understanding-improving.pdf,16,18,6261,0.0091,ok
Validation,Hood_2018_fire-tree-death-understanding-improving.pdf,17,18,6177,0.00777,ok
Validation,Hood_2018_fire-tree-death-understanding-improving.pdf,18,18,3351,0.00657,ok
Validation,Hudson_1978_natural-identity-exponential-families.pdf,1,12,130,0.00769,ok
Validation,Hudson_1978_natural-identity-exponential-families.pdf,2,12,0,0.0,ok
Validation,Hudson_1978_natural-identity-exponential-families.pdf,3,12,0,0.0,ok
Validation,Hudson_1978_natural-identity-exponential-families.pdf,4,12,0,0.0,ok
Validation,Hudson_1978_natural-identity-exponential-families.pdf,5,12,0,0.0,ok
Validation,Hudson_1978_natural-identity-exponential-families.pdf,6,12,0,0.0,ok
Validation,Hudson_1978_natural-identity-exponential-families.pdf,7,12,0,0.0,ok
Validation,Hudson_1978_natural-identity-exponential-families.pdf,8,12,0,0.0,ok
Validation,Hudson_1978_natural-identity-exponential-families.pdf,9,12,0,0.0,ok
Validation,Hudson_1978_natural-identity-exponential-families.pdf,10,12,0,0.0,ok
Validation,Hudson_1978_natural-identity-exponential-families.pdf,11,12,0,0.0,ok
Validation,Hudson_1978_natural-identity-exponential-families.pdf,12,12,0,0.0,ok
Validation,Hughes_1999_non-homogeneous-hidden-markov-model.pdf,1,16,2596,0.00462,ok
Validation,Hughes_1999_non-homogeneous-hidden-markov-model.pdf,2,16,3403,0.00088,ok
Validation,Hughes_1999_non-homogeneous-hidden-markov-model.pdf,3,16,1860,0.01667,ok
Validation,Hughes_1999_non-homogeneous-hidden-markov-model.pdf,4,16,2748,0.02984,ok
Validation,Hughes_1999_non-homogeneous-hidden-markov-model.pdf,5,16,2070,0.05411,ok
Validation,Hughes_1999_non-homogeneous-hidden-markov-model.pdf,6,16,2118,0.11001,ok
Validation,Hughes_1999_non-homogeneous-hidden-markov-model.pdf,7,16,2442,0.03563,ok
Validation,Hughes_1999_non-homogeneous-hidden-markov-model.pdf,8,16,2886,0.01698,ok
Validation,Hughes_1999_non-homogeneous-hidden-markov-model.pdf,9,16,2510,0.00837,ok
Validation,Hughes_1999_non-homogeneous-hidden-markov-model.pdf,10,16,854,0.01991,ok
Validation,Hughes_1999_non-homogeneous-hidden-markov-model.pdf,11,16,3608,0.00222,ok
Validation,Hughes_1999_non-homogeneous-hidden-markov-model.pdf,12,16,849,0.00471,ok
Validation,Hughes_1999_non-homogeneous-hidden-markov-model.pdf,13,16,1441,0.00486,ok
Validation,Hughes_1999_non-homogeneous-hidden-markov-model.pdf,14,16,3584,0.00084,ok
Validation,Hughes_1999_non-homogeneous-hidden-markov-model.pdf,15,16,3444,0.01132,ok
Validation,Hughes_1999_non-homogeneous-hidden-markov-model.pdf,16,16,1161,0.01464,ok
Validation,Hughes_2011_autologistic-models-binary-data-lattice.pdf,1,15,4224,0.01089,ok
Validation,Hughes_2011_autologistic-models-binary-data-lattice.pdf,2,15,3065,0.04274,ok
Validation,Hughes_2011_autologistic-models-binary-data-lattice.pdf,3,15,3574,0.04197,ok
Validation,Hughes_2011_autologistic-models-binary-data-lattice.pdf,4,15,3683,0.03964,ok
Validation,Hughes_2011_autologistic-models-binary-data-lattice.pdf,5,15,2449,0.13067,ok
Validation,Hughes_2011_autologistic-models-binary-data-lattice.pdf,6,15,3162,0.05028,ok
Validation,Hughes_2011_autologistic-models-binary-data-lattice.pdf,7,15,2342,0.00342,ok
Validation,Hughes_2011_autologistic-models-binary-data-lattice.pdf,8,15,1658,0.00362,ok
Validation,Hughes_2011_autologistic-models-binary-data-lattice.pdf,9,15,1170,0.01111,ok
Validation,Hughes_2011_autologistic-models-binary-data-lattice.pdf,10,15,2196,0.01913,ok
Validation,Hughes_2011_autologistic-models-binary-data-lattice.pdf,11,15,882,0.02381,ok
Validation,Hughes_2011_autologistic-models-binary-data-lattice.pdf,12,15,2734,0.015,ok
Validation,Hughes_2011_autologistic-models-binary-data-lattice.pdf,13,15,4355,0.01447,ok
Validation,Hughes_2011_autologistic-models-binary-data-lattice.pdf,14,15,2988,0.09572,ok
Validation,Hughes_2011_autologistic-models-binary-data-lattice.pdf,15,15,469,0.11514,ok
Validation,Hughes_2014_ngspatial-package-fitting-centered.pdf,1,15,3186,0.00785,ok
Validation,Hughes_2014_ngspatial-package-fitting-centered.pdf,2,15,3287,0.0718,ok
Validation,Hughes_2014_ngspatial-package-fitting-centered.pdf,3,15,3613,0.0512,ok
Validation,Hughes_2014_ngspatial-package-fitting-centered.pdf,4,15,2959,0.01521,ok
Validation,Hughes_2014_ngspatial-package-fitting-centered.pdf,5,15,3330,0.08078,ok
Validation,Hughes_2014_ngspatial-package-fitting-centered.pdf,6,15,2723,0.15204,ok
Validation,Hughes_2014_ngspatial-package-fitting-centered.pdf,7,15,2243,0.05617,ok
Validation,Hughes_2014_ngspatial-package-fitting-centered.pdf,8,15,1190,0.08235,ok
Validation,Hughes_2014_ngspatial-package-fitting-centered.pdf,9,15,1923,0.065,ok
Validation,Hughes_2014_ngspatial-package-fitting-centered.pdf,10,15,2950,0.04678,ok
Validation,Hughes_2014_ngspatial-package-fitting-centered.pdf,11,15,2396,0.01753,ok
Validation,Hughes_2014_ngspatial-package-fitting-centered.pdf,12,15,1795,0.0546,ok
Validation,Hughes_2014_ngspatial-package-fitting-centered.pdf,13,15,2700,0.03185,ok
Validation,Hughes_2014_ngspatial-package-fitting-centered.pdf,14,15,3356,0.02533,ok
Validation,Hughes_2014_ngspatial-package-fitting-centered.pdf,15,15,897,0.02787,ok
Validation,Hui_1980_estimating-error-rates-diagnostic-tests.pdf,1,6,886,0.01467,ok
Validation,Hui_1980_estimating-error-rates-diagnostic-tests.pdf,2,6,2745,0.00874,ok
Validation,Hui_1980_estimating-error-rates-diagnostic-tests.pdf,3,6,2578,0.04694,ok
Validation,Hui_1980_estimating-error-rates-diagnostic-tests.pdf,4,6,1904,0.05305,ok
Validation,Hui_1980_estimating-error-rates-diagnostic-tests.pdf,5,6,2109,0.04125,ok
Validation,Hui_1980_estimating-error-rates-diagnostic-tests.pdf,6,6,2597,0.02118,ok
Validation,Hwang_1982_improving-upon-standard-estimators.pdf,1,11,130,0.00769,ok
Validation,Hwang_1982_improving-upon-standard-estimators.pdf,2,11,0,0.0,ok
Validation,Hwang_1982_improving-upon-standard-estimators.pdf,3,11,0,0.0,ok
Validation,Hwang_1982_improving-upon-standard-estimators.pdf,4,11,0,0.0,ok
Validation,Hwang_1982_improving-upon-standard-estimators.pdf,5,11,0,0.0,ok
Validation,Hwang_1982_improving-upon-standard-estimators.pdf,6,11,0,0.0,ok
Validation,Hwang_1982_improving-upon-standard-estimators.pdf,7,11,0,0.0,ok
Validation,Hwang_1982_improving-upon-standard-estimators.pdf,8,11,0,0.0,ok
Validation,Hwang_1982_improving-upon-standard-estimators.pdf,9,11,0,0.0,ok
Validation,Hwang_1982_improving-upon-standard-estimators.pdf,10,11,0,0.0,ok
Validation,Hwang_1982_improving-upon-standard-estimators.pdf,11,11,0,0.0,ok
Validation,Israel_2001_finding-generators-markov-chains.pdf,1,21,2367,0.01141,ok
Validation,Israel_2001_finding-generators-markov-chains.pdf,2,21,3046,0.00919,ok
Validation,Israel_2001_finding-generators-markov-chains.pdf,3,21,2328,0.02234,ok
Validation,Israel_2001_finding-generators-markov-chains.pdf,4,21,2373,0.02065,ok
Validation,Israel_2001_finding-generators-markov-chains.pdf,5,21,2126,0.02869,ok
Validation,Israel_2001_finding-generators-markov-chains.pdf,6,21,2658,0.02182,ok
Validation,Israel_2001_finding-generators-markov-chains.pdf,7,21,1819,0.06102,ok
Validation,Israel_2001_finding-generators-markov-chains.pdf,8,21,2440,0.0623,ok
Validation,Israel_2001_finding-generators-markov-chains.pdf,9,21,1998,0.02302,ok
Validation,Israel_2001_finding-generators-markov-chains.pdf,10,21,2363,0.02835,ok
Validation,Israel_2001_finding-generators-markov-chains.pdf,11,21,1806,0.06146,ok
Validation,Israel_2001_finding-generators-markov-chains.pdf,12,21,1820,0.08901,ok
Validation,Israel_2001_finding-generators-markov-chains.pdf,13,21,1841,0.03422,ok
Validation,Israel_2001_finding-generators-markov-chains.pdf,14,21,2435,0.05051,ok
Validation,Israel_2001_finding-generators-markov-chains.pdf,15,21,2281,0.05085,ok
Validation,Israel_2001_finding-generators-markov-chains.pdf,16,21,3103,0.00741,ok
Validation,Israel_2001_finding-generators-markov-chains.pdf,17,21,2244,0.05838,ok
Validation,Israel_2001_finding-generators-markov-chains.pdf,18,21,1570,0.12611,ok
Validation,Israel_2001_finding-generators-markov-chains.pdf,19,21,2090,0.08947,ok
Validation,Israel_2001_finding-generators-markov-chains.pdf,20,21,2456,0.0399,ok
Validation,Israel_2001_finding-generators-markov-chains.pdf,21,21,2561,0.0121,ok
Validation,Jackson_2002_hidden-markov-models-onset-progression.pdf,1,16,2047,0.02491,ok
Validation,Jackson_2002_hidden-markov-models-onset-progression.pdf,2,16,2450,0.00653,ok
Validation,Jackson_2002_hidden-markov-models-onset-progression.pdf,3,16,2671,0.00599,ok
Validation,Jackson_2002_hidden-markov-models-onset-progression.pdf,4,16,1722,0.00813,ok
Validation,Jackson_2002_hidden-markov-models-onset-progression.pdf,5,16,1835,0.03978,ok
Validation,Jackson_2002_hidden-markov-models-onset-progression.pdf,6,16,1717,0.03494,ok
Validation,Jackson_2002_hidden-markov-models-onset-progression.pdf,7,16,2337,0.05563,ok
Validation,Jackson_2002_hidden-markov-models-onset-progression.pdf,8,16,1720,0.0407,ok
Validation,Jackson_2002_hidden-markov-models-onset-progression.pdf,9,16,2226,0.05705,ok
Validation,Jackson_2002_hidden-markov-models-onset-progression.pdf,10,16,2900,0.02172,ok
Validation,Jackson_2002_hidden-markov-models-onset-progression.pdf,11,16,2899,0.01449,ok
Validation,Jackson_2002_hidden-markov-models-onset-progression.pdf,12,16,1843,0.0076,ok
Validation,Jackson_2002_hidden-markov-models-onset-progression.pdf,13,16,2746,0.01129,ok
Validation,Jackson_2002_hidden-markov-models-onset-progression.pdf,14,16,2273,0.05059,ok
Validation,Jackson_2002_hidden-markov-models-onset-progression.pdf,15,16,1075,0.18419,ok
Validation,Jackson_2002_hidden-markov-models-onset-progression.pdf,16,16,3361,0.03808,ok
Validation,Jackson_2011_multi-state-models-panel-data.pdf,1,28,1554,0.01351,ok
Validation,Jackson_2011_multi-state-models-panel-data.pdf,2,28,2614,0.01836,ok
Validation,Jackson_2011_multi-state-models-panel-data.pdf,3,28,1903,0.07777,ok
Validation,Jackson_2011_multi-state-models-panel-data.pdf,4,28,1783,0.0101,ok
Validation,Jackson_2011_multi-state-models-panel-data.pdf,5,28,1648,0.00789,ok
Validation,Jackson_2011_multi-state-models-panel-data.pdf,6,28,2283,0.04731,ok
Validation,Jackson_2011_multi-state-models-panel-data.pdf,7,28,1768,0.04581,ok
Validation,Jackson_2011_multi-state-models-panel-data.pdf,8,28,2613,0.02373,ok
Validation,Jackson_2011_multi-state-models-panel-data.pdf,9,28,1562,0.03585,ok
Validation,Jackson_2011_multi-state-models-panel-data.pdf,10,28,2376,0.0303,ok
Validation,Jackson_2011_multi-state-models-panel-data.pdf,11,28,2179,0.0101,ok
Validation,Jackson_2011_multi-state-models-panel-data.pdf,12,28,2242,0.04951,ok
Validation,Jackson_2011_multi-state-models-panel-data.pdf,13,28,2407,0.03988,ok
Validation,Jackson_2011_multi-state-models-panel-data.pdf,14,28,1043,0.12081,ok
Validation,Jackson_2011_multi-state-models-panel-data.pdf,15,28,2032,0.04724,ok
Validation,Jackson_2011_multi-state-models-panel-data.pdf,16,28,1524,0.0269,ok
Validation,Jackson_2011_multi-state-models-panel-data.pdf,17,28,2015,0.07295,ok
Validation,Jackson_2011_multi-state-models-panel-data.pdf,18,28,1551,0.05738,ok
Validation,Jackson_2011_multi-state-models-panel-data.pdf,19,28,2519,0.02342,ok
Validation,Jackson_2011_multi-state-models-panel-data.pdf,20,28,1476,0.08333,ok
Validation,Jackson_2011_multi-state-models-panel-data.pdf,21,28,1386,0.06133,ok
Validation,Jackson_2011_multi-state-models-panel-data.pdf,22,28,1624,0.0314,ok
Validation,Jackson_2011_multi-state-models-panel-data.pdf,23,28,2812,0.00249,ok
Validation,Jackson_2011_multi-state-models-panel-data.pdf,24,28,2664,0.00038,ok
Validation,Jackson_2011_multi-state-models-panel-data.pdf,25,28,2110,0.0218,ok
Validation,Jackson_2011_multi-state-models-panel-data.pdf,26,28,2172,0.00552,ok
Validation,Jackson_2011_multi-state-models-panel-data.pdf,27,28,2393,0.00752,ok
Validation,Jackson_2011_multi-state-models-panel-data.pdf,28,28,1794,0.01226,ok
Validation,Jaffe_2015_estimating-accuracies-multiple.pdf,1,27,1937,0.01342,ok
Validation,Jaffe_2015_estimating-accuracies-multiple.pdf,2,27,2915,0.00103,ok
Validation,Jaffe_2015_estimating-accuracies-multiple.pdf,3,27,2803,0.00999,ok
Validation,Jaffe_2015_estimating-accuracies-multiple.pdf,4,27,2208,0.02853,ok
Validation,Jaffe_2015_estimating-accuracies-multiple.pdf,5,27,2153,0.03855,ok
Validation,Jaffe_2015_estimating-accuracies-multiple.pdf,6,27,1642,0.12485,ok
Validation,Jaffe_2015_estimating-accuracies-multiple.pdf,7,27,1973,0.06741,ok
Validation,Jaffe_2015_estimating-accuracies-multiple.pdf,8,27,1436,0.20543,ok
Validation,Jaffe_2015_estimating-accuracies-multiple.pdf,9,27,1581,0.05882,ok
Validation,Jaffe_2015_estimating-accuracies-multiple.pdf,10,27,1731,0.1502,ok
Validation,Jaffe_2015_estimating-accuracies-multiple.pdf,11,27,1709,0.08602,ok
Validation,Jaffe_2015_estimating-accuracies-multiple.pdf,12,27,1929,0.05495,ok
Validation,Jaffe_2015_estimating-accuracies-multiple.pdf,13,27,1622,0.04377,ok
Validation,Jaffe_2015_estimating-accuracies-multiple.pdf,14,27,1903,0.0536,ok
Validation,Jaffe_2015_estimating-accuracies-multiple.pdf,15,27,680,0.10147,ok
Validation,Jaffe_2015_estimating-accuracies-multiple.pdf,16,27,1858,0.01346,ok
Validation,Jaffe_2015_estimating-accuracies-multiple.pdf,17,27,1194,0.02513,ok
Validation,Jaffe_2015_estimating-accuracies-multiple.pdf,18,27,1046,0.16444,ok
Validation,Jaffe_2015_estimating-accuracies-multiple.pdf,19,27,1307,0.15532,ok
Validation,Jaffe_2015_estimating-accuracies-multiple.pdf,20,27,1031,0.50048,ok
Validation,Jaffe_2015_estimating-accuracies-multiple.pdf,21,27,1834,0.12541,ok
Validation,Jaffe_2015_estimating-accuracies-multiple.pdf,22,27,1471,0.15024,ok
Validation,Jaffe_2015_estimating-accuracies-multiple.pdf,23,27,1698,0.17845,ok
Validation,Jaffe_2015_estimating-accuracies-multiple.pdf,24,27,1726,0.14948,ok
Validation,Jaffe_2015_estimating-accuracies-multiple.pdf,25,27,1010,0.11188,ok
Validation,Jaffe_2015_estimating-accuracies-multiple.pdf,26,27,882,0.05669,ok
Validation,Jaffe_2015_estimating-accuracies-multiple.pdf,27,27,396,0.17677,ok
Validation,Kaiser_2012_goodness-fit-tests-class-markov.pdf,1,29,2168,0.00738,ok
Validation,Kaiser_2012_goodness-fit-tests-class-markov.pdf,2,29,2398,0.02836,ok
Validation,Kaiser_2012_goodness-fit-tests-class-markov.pdf,3,29,2552,0.00353,ok
Validation,Kaiser_2012_goodness-fit-tests-class-markov.pdf,4,29,2604,0.00077,ok
Validation,Kaiser_2012_goodness-fit-tests-class-markov.pdf,5,29,1352,0.06805,ok
Validation,Kaiser_2012_goodness-fit-tests-class-markov.pdf,6,29,2350,0.02851,ok
Validation,Kaiser_2012_goodness-fit-tests-class-markov.pdf,7,29,2072,0.03958,ok
Validation,Kaiser_2012_goodness-fit-tests-class-markov.pdf,8,29,1557,0.14772,ok
Validation,Kaiser_2012_goodness-fit-tests-class-markov.pdf,9,29,1553,0.09659,ok
Validation,Kaiser_2012_goodness-fit-tests-class-markov.pdf,10,29,1861,0.12305,ok
Validation,Kaiser_2012_goodness-fit-tests-class-markov.pdf,11,29,2456,0.06596,ok
Validation,Kaiser_2012_goodness-fit-tests-class-markov.pdf,12,29,1737,0.11802,ok
Validation,Kaiser_2012_goodness-fit-tests-class-markov.pdf,13,29,1741,0.12292,ok
Validation,Kaiser_2012_goodness-fit-tests-class-markov.pdf,14,29,1638,0.23199,ok
Validation,Kaiser_2012_goodness-fit-tests-class-markov.pdf,15,29,1744,0.09862,ok
Validation,Kaiser_2012_goodness-fit-tests-class-markov.pdf,16,29,2691,0.00892,ok
Validation,Kaiser_2012_goodness-fit-tests-class-markov.pdf,17,29,2383,0.07344,ok
Validation,Kaiser_2012_goodness-fit-tests-class-markov.pdf,18,29,952,0.05252,ok
Validation,Kaiser_2012_goodness-fit-tests-class-markov.pdf,19,29,1005,0.07164,ok
Validation,Kaiser_2012_goodness-fit-tests-class-markov.pdf,20,29,1897,0.05799,ok
Validation,Kaiser_2012_goodness-fit-tests-class-markov.pdf,21,29,1160,0.01466,ok
Validation,Kaiser_2012_goodness-fit-tests-class-markov.pdf,22,29,2313,0.01383,ok
Validation,Kaiser_2012_goodness-fit-tests-class-markov.pdf,23,29,2216,0.01534,ok
Validation,Kaiser_2012_goodness-fit-tests-class-markov.pdf,24,29,2291,0.00611,ok
Validation,Kaiser_2012_goodness-fit-tests-class-markov.pdf,25,29,2704,0.00481,ok
Validation,Kaiser_2012_goodness-fit-tests-class-markov.pdf,26,29,2169,0.04103,ok
Validation,Kaiser_2012_goodness-fit-tests-class-markov.pdf,27,29,2757,0.02503,ok
Validation,Kaiser_2012_goodness-fit-tests-class-markov.pdf,28,29,2769,0.02456,ok
Validation,Kaiser_2012_goodness-fit-tests-class-markov.pdf,29,29,640,0.04375,ok
Validation,Kaiser_2017_learning-aerial-image-segmentation.pdf,1,15,4927,0.00467,ok
Validation,Kaiser_2017_learning-aerial-image-segmentation.pdf,2,15,5795,0.00311,ok
Validation,Kaiser_2017_learning-aerial-image-segmentation.pdf,3,15,5516,0.01668,ok
Validation,Kaiser_2017_learning-aerial-image-segmentation.pdf,4,15,3394,0.01385,ok
Validation,Kaiser_2017_learning-aerial-image-segmentation.pdf,5,15,1550,0.00968,ok
Validation,Kaiser_2017_learning-aerial-image-segmentation.pdf,6,15,4316,0.0285,ok
Validation,Kaiser_2017_learning-aerial-image-segmentation.pdf,7,15,4041,0.00495,ok
Validation,Kaiser_2017_learning-aerial-image-segmentation.pdf,8,15,451,0.09313,ok
Validation,Kaiser_2017_learning-aerial-image-segmentation.pdf,9,15,3842,0.01223,ok
Validation,Kaiser_2017_learning-aerial-image-segmentation.pdf,10,15,2997,0.00701,ok
Validation,Kaiser_2017_learning-aerial-image-segmentation.pdf,11,15,1845,0.02005,ok
Validation,Kaiser_2017_learning-aerial-image-segmentation.pdf,12,15,1162,0.0327,ok
Validation,Kaiser_2017_learning-aerial-image-segmentation.pdf,13,15,5486,0.00346,ok
Validation,Kaiser_2017_learning-aerial-image-segmentation.pdf,14,15,4926,0.00893,ok
Validation,Kaiser_2017_learning-aerial-image-segmentation.pdf,15,15,3392,0.00649,ok
Validation,Kalbfleisch_1985_analysis-panel-data-markov.pdf,1,10,1889,0.01006,ok
Validation,Kalbfleisch_1985_analysis-panel-data-markov.pdf,2,10,4419,0.00996,ok
Validation,Kalbfleisch_1985_analysis-panel-data-markov.pdf,3,10,3638,0.02144,ok
Validation,Kalbfleisch_1985_analysis-panel-data-markov.pdf,4,10,4747,0.00843,ok
Validation,Kalbfleisch_1985_analysis-panel-data-markov.pdf,5,10,4310,0.0406,ok
Validation,Kalbfleisch_1985_analysis-panel-data-markov.pdf,6,10,3206,0.03525,ok
Validation,Kalbfleisch_1985_analysis-panel-data-markov.pdf,7,10,3618,0.03372,ok
Validation,Kalbfleisch_1985_analysis-panel-data-markov.pdf,8,10,4152,0.05997,ok
Validation,Kalbfleisch_1985_analysis-panel-data-markov.pdf,9,10,2837,0.06662,ok
Validation,Kalbfleisch_1985_analysis-panel-data-markov.pdf,10,10,4033,0.01984,ok
Validation,Kalinicheva_2025_super-resolved-canopy-height.pdf,1,24,4402,0.00659,ok
Validation,Kalinicheva_2025_super-resolved-canopy-height.pdf,2,24,5494,0.00127,ok
Validation,Kalinicheva_2025_super-resolved-canopy-height.pdf,3,24,3985,0.03814,ok
Validation,Kalinicheva_2025_super-resolved-canopy-height.pdf,4,24,1583,0.04043,ok
Validation,Kalinicheva_2025_super-resolved-canopy-height.pdf,5,24,3891,0.05063,ok
Validation,Kalinicheva_2025_super-resolved-canopy-height.pdf,6,24,4463,0.04481,ok
Validation,Kalinicheva_2025_super-resolved-canopy-height.pdf,7,24,3949,0.09142,ok
Validation,Kalinicheva_2025_super-resolved-canopy-height.pdf,8,24,5243,0.0103,ok
Validation,Kalinicheva_2025_super-resolved-canopy-height.pdf,9,24,2630,0.02395,ok
Validation,Kalinicheva_2025_super-resolved-canopy-height.pdf,10,24,4029,0.01018,ok
Validation,Kalinicheva_2025_super-resolved-canopy-height.pdf,11,24,1393,0.07681,ok
Validation,Kalinicheva_2025_super-resolved-canopy-height.pdf,12,24,4123,0.01019,ok
Validation,Kalinicheva_2025_super-resolved-canopy-height.pdf,13,24,514,0.00778,ok
Validation,Kalinicheva_2025_super-resolved-canopy-height.pdf,14,24,4449,0.00067,ok
Validation,Kalinicheva_2025_super-resolved-canopy-height.pdf,15,24,3797,0.01449,ok
Validation,Kalinicheva_2025_super-resolved-canopy-height.pdf,16,24,4478,0.00156,ok
Validation,Kalinicheva_2025_super-resolved-canopy-height.pdf,17,24,4193,0.00429,ok
Validation,Kalinicheva_2025_super-resolved-canopy-height.pdf,18,24,2849,0.02141,ok
Validation,Kalinicheva_2025_super-resolved-canopy-height.pdf,19,24,857,0.00467,ok
Validation,Kalinicheva_2025_super-resolved-canopy-height.pdf,20,24,1175,0.01787,ok
Validation,Kalinicheva_2025_super-resolved-canopy-height.pdf,21,24,4528,0.01303,ok
Validation,Kalinicheva_2025_super-resolved-canopy-height.pdf,22,24,4489,0.00847,ok
Validation,Kalinicheva_2025_super-resolved-canopy-height.pdf,23,24,4546,0.01342,ok
Validation,Kalinicheva_2025_super-resolved-canopy-height.pdf,24,24,1100,0.02,ok
Validation,Kats_2019a_soft-labeling-distilling-anatomical.pdf,1,4,3384,0.00857,ok
Validation,Kats_2019a_soft-labeling-distilling-anatomical.pdf,2,4,3294,0.05009,ok
Validation,Kats_2019a_soft-labeling-distilling-anatomical.pdf,3,4,3196,0.00939,ok
Validation,Kats_2019a_soft-labeling-distilling-anatomical.pdf,4,4,3726,0.00403,ok
Validation,Kats_2019b_soft-staple-algorithm-combined.pdf,1,9,2187,0.00732,ok
Validation,Kats_2019b_soft-staple-algorithm-combined.pdf,2,9,2214,0.03839,ok
Validation,Kats_2019b_soft-staple-algorithm-combined.pdf,3,9,1508,0.2248,ok
Validation,Kats_2019b_soft-staple-algorithm-combined.pdf,4,9,1600,0.13625,ok
Validation,Kats_2019b_soft-staple-algorithm-combined.pdf,5,9,2409,0.03321,ok
Validation,Kats_2019b_soft-staple-algorithm-combined.pdf,6,9,2260,0.00973,ok
Validation,Kats_2019b_soft-staple-algorithm-combined.pdf,7,9,2000,0.0,ok
Validation,Kats_2019b_soft-staple-algorithm-combined.pdf,8,9,2340,0.01197,ok
Validation,Kats_2019b_soft-staple-algorithm-combined.pdf,9,9,519,0.0,ok
Validation,Kelejian_2007_hac-estimation-spatial-framework.pdf,1,24,1949,0.00924,ok
Validation,Kelejian_2007_hac-estimation-spatial-framework.pdf,2,24,3683,0.00597,ok
Validation,Kelejian_2007_hac-estimation-spatial-framework.pdf,3,24,3410,0.00293,ok
Validation,Kelejian_2007_hac-estimation-spatial-framework.pdf,4,24,2578,0.01901,ok
Validation,Kelejian_2007_hac-estimation-spatial-framework.pdf,5,24,2128,0.07284,ok
Validation,Kelejian_2007_hac-estimation-spatial-framework.pdf,6,24,2458,0.0655,ok
Validation,Kelejian_2007_hac-estimation-spatial-framework.pdf,7,24,3043,0.02826,ok
Validation,Kelejian_2007_hac-estimation-spatial-framework.pdf,8,24,2034,0.0944,ok
Validation,Kelejian_2007_hac-estimation-spatial-framework.pdf,9,24,2511,0.05456,ok
Validation,Kelejian_2007_hac-estimation-spatial-framework.pdf,10,24,2214,0.09982,ok
Validation,Kelejian_2007_hac-estimation-spatial-framework.pdf,11,24,2467,0.0377,ok
Validation,Kelejian_2007_hac-estimation-spatial-framework.pdf,12,24,2310,0.08442,ok
Validation,Kelejian_2007_hac-estimation-spatial-framework.pdf,13,24,2850,0.02982,ok
Validation,Kelejian_2007_hac-estimation-spatial-framework.pdf,14,24,2072,0.12548,ok
Validation,Kelejian_2007_hac-estimation-spatial-framework.pdf,15,24,2816,0.07422,ok
Validation,Kelejian_2007_hac-estimation-spatial-framework.pdf,16,24,1988,0.02867,ok
Validation,Kelejian_2007_hac-estimation-spatial-framework.pdf,17,24,2010,0.02189,ok
Validation,Kelejian_2007_hac-estimation-spatial-framework.pdf,18,24,1798,0.08732,ok
Validation,Kelejian_2007_hac-estimation-spatial-framework.pdf,19,24,1540,0.44545,ok
Validation,Kelejian_2007_hac-estimation-spatial-framework.pdf,20,24,1570,0.26688,ok
Validation,Kelejian_2007_hac-estimation-spatial-framework.pdf,21,24,2036,0.16699,ok
Validation,Kelejian_2007_hac-estimation-spatial-framework.pdf,22,24,3179,0.02233,ok
Validation,Kelejian_2007_hac-estimation-spatial-framework.pdf,23,24,3992,0.01027,ok
Validation,Kelejian_2007_hac-estimation-spatial-framework.pdf,24,24,2527,0.01543,ok
Validation,Kingman_1962_imbedding-problem-finite-markov-chains.pdf,1,11,1958,0.02656,ok
Validation,Kingman_1962_imbedding-problem-finite-markov-chains.pdf,2,11,1801,0.0583,ok
Validation,Kingman_1962_imbedding-problem-finite-markov-chains.pdf,3,11,1720,0.0564,ok
Validation,Kingman_1962_imbedding-problem-finite-markov-chains.pdf,4,11,1294,0.12133,ok
Validation,Kingman_1962_imbedding-problem-finite-markov-chains.pdf,5,11,1258,0.10254,ok
Validation,Kingman_1962_imbedding-problem-finite-markov-chains.pdf,6,11,2054,0.05063,ok
Validation,Kingman_1962_imbedding-problem-finite-markov-chains.pdf,7,11,2226,0.04897,ok
Validation,Kingman_1962_imbedding-problem-finite-markov-chains.pdf,8,11,2144,0.02099,ok
Validation,Kingman_1962_imbedding-problem-finite-markov-chains.pdf,9,11,1547,0.06529,ok
Validation,Kingman_1962_imbedding-problem-finite-markov-chains.pdf,10,11,1078,0.08998,ok
Validation,Kingman_1962_imbedding-problem-finite-markov-chains.pdf,11,11,1700,0.04941,ok
Validation,Kolmogorov_2004_what-energy-functions-can-be.pdf,1,13,5083,0.00157,ok
Validation,Kolmogorov_2004_what-energy-functions-can-be.pdf,2,13,4902,0.03652,ok
Validation,Kolmogorov_2004_what-energy-functions-can-be.pdf,3,13,5134,0.0076,ok
Validation,Kolmogorov_2004_what-energy-functions-can-be.pdf,4,13,5010,0.0509,ok
Validation,Kolmogorov_2004_what-energy-functions-can-be.pdf,5,13,3647,0.04497,ok
Validation,Kolmogorov_2004_what-energy-functions-can-be.pdf,6,13,4029,0.03028,ok
Validation,Kolmogorov_2004_what-energy-functions-can-be.pdf,7,13,3094,0.06012,ok
Validation,Kolmogorov_2004_what-energy-functions-can-be.pdf,8,13,2876,0.0831,ok
Validation,Kolmogorov_2004_what-energy-functions-can-be.pdf,9,13,3705,0.04345,ok
Validation,Kolmogorov_2004_what-energy-functions-can-be.pdf,10,13,3935,0.05108,ok
Validation,Kolmogorov_2004_what-energy-functions-can-be.pdf,11,13,4441,0.03918,ok
Validation,Kolmogorov_2004_what-energy-functions-can-be.pdf,12,13,3741,0.12537,ok
Validation,Kolmogorov_2004_what-energy-functions-can-be.pdf,13,13,7045,0.00568,ok
Validation,Kolmogorov_2005_what-metrics-can-be-approximated.pdf,1,8,3635,0.01128,ok
Validation,Kolmogorov_2005_what-metrics-can-be-approximated.pdf,2,8,4516,0.01063,ok
Validation,Kolmogorov_2005_what-metrics-can-be-approximated.pdf,3,8,4007,0.03045,ok
Validation,Kolmogorov_2005_what-metrics-can-be-approximated.pdf,4,8,3421,0.038,ok
Validation,Kolmogorov_2005_what-metrics-can-be-approximated.pdf,5,8,3780,0.07963,ok
Validation,Kolmogorov_2005_what-metrics-can-be-approximated.pdf,6,8,2860,0.18671,ok
Validation,Kolmogorov_2005_what-metrics-can-be-approximated.pdf,7,8,3887,0.0656,ok
Validation,Kolmogorov_2005_what-metrics-can-be-approximated.pdf,8,8,4047,0.00568,ok
Validation,Krahenbuhl_2011_efficient-inference-fully-connected.pdf,1,9,2900,0.00655,ok
Validation,Krahenbuhl_2011_efficient-inference-fully-connected.pdf,2,9,2735,0.02925,ok
Validation,Krahenbuhl_2011_efficient-inference-fully-connected.pdf,3,9,3148,0.07243,ok
Validation,Krahenbuhl_2011_efficient-inference-fully-connected.pdf,4,9,2714,0.10464,ok
Validation,Krahenbuhl_2011_efficient-inference-fully-connected.pdf,5,9,3498,0.05517,ok
Validation,Krahenbuhl_2011_efficient-inference-fully-connected.pdf,6,9,3525,0.03348,ok
Validation,Krahenbuhl_2011_efficient-inference-fully-connected.pdf,7,9,1700,0.06176,ok
Validation,Krahenbuhl_2011_efficient-inference-fully-connected.pdf,8,9,2286,0.05468,ok
Validation,Krahenbuhl_2011_efficient-inference-fully-connected.pdf,9,9,2685,0.01117,ok
Validation,Krahenbuhl_2013_parameter-learning-convergent.pdf,1,9,3398,0.00706,ok
Validation,Krahenbuhl_2013_parameter-learning-convergent.pdf,2,9,3874,0.0777,ok
Validation,Krahenbuhl_2013_parameter-learning-convergent.pdf,3,9,3707,0.11384,ok
Validation,Krahenbuhl_2013_parameter-learning-convergent.pdf,4,9,3713,0.07514,ok
Validation,Krahenbuhl_2013_parameter-learning-convergent.pdf,5,9,3096,0.14018,ok
Validation,Krahenbuhl_2013_parameter-learning-convergent.pdf,6,9,3210,0.10966,ok
Validation,Krahenbuhl_2013_parameter-learning-convergent.pdf,7,9,3649,0.08934,ok
Validation,Krahenbuhl_2013_parameter-learning-convergent.pdf,8,9,4195,0.0062,ok
Validation,Krahenbuhl_2013_parameter-learning-convergent.pdf,9,9,3186,0.01067,ok
Validation,Lahiri_2006_resampling-methods-spatial-regression.pdf,1,41,2351,0.00468,ok
Validation,Lahiri_2006_resampling-methods-spatial-regression.pdf,2,41,2621,0.00305,ok
Validation,Lahiri_2006_resampling-methods-spatial-regression.pdf,3,41,1675,0.00358,ok
Validation,Lahiri_2006_resampling-methods-spatial-regression.pdf,4,41,2555,0.0,ok
Validation,Lahiri_2006_resampling-methods-spatial-regression.pdf,5,41,2293,0.05495,ok
Validation,Lahiri_2006_resampling-methods-spatial-regression.pdf,6,41,1807,0.04206,ok
Validation,Lahiri_2006_resampling-methods-spatial-regression.pdf,7,41,1810,0.11823,ok
Validation,Lahiri_2006_resampling-methods-spatial-regression.pdf,8,41,1985,0.11587,ok
Validation,Lahiri_2006_resampling-methods-spatial-regression.pdf,9,41,1656,0.09481,ok
Validation,Lahiri_2006_resampling-methods-spatial-regression.pdf,10,41,2200,0.03227,ok
Validation,Lahiri_2006_resampling-methods-spatial-regression.pdf,11,41,1845,0.11816,ok
Validation,Lahiri_2006_resampling-methods-spatial-regression.pdf,12,41,1694,0.09386,ok
Validation,Lahiri_2006_resampling-methods-spatial-regression.pdf,13,41,2022,0.09446,ok
Validation,Lahiri_2006_resampling-methods-spatial-regression.pdf,14,41,1975,0.06329,ok
Validation,Lahiri_2006_resampling-methods-spatial-regression.pdf,15,41,1765,0.10028,ok
Validation,Lahiri_2006_resampling-methods-spatial-regression.pdf,16,41,1657,0.19372,ok
Validation,Lahiri_2006_resampling-methods-spatial-regression.pdf,17,41,1655,0.16858,ok
Validation,Lahiri_2006_resampling-methods-spatial-regression.pdf,18,41,1843,0.15355,ok
Validation,Lahiri_2006_resampling-methods-spatial-regression.pdf,19,41,1798,0.08287,ok
Validation,Lahiri_2006_resampling-methods-spatial-regression.pdf,20,41,2598,0.01848,ok
Validation,Lahiri_2006_resampling-methods-spatial-regression.pdf,21,41,2484,0.03382,ok
Validation,Lahiri_2006_resampling-methods-spatial-regression.pdf,22,41,1905,0.0168,ok
Validation,Lahiri_2006_resampling-methods-spatial-regression.pdf,23,41,1497,0.01804,ok
Validation,Lahiri_2006_resampling-methods-spatial-regression.pdf,24,41,1986,0.02367,ok
Validation,Lahiri_2006_resampling-methods-spatial-regression.pdf,25,41,1502,0.0273,ok
Validation,Lahiri_2006_resampling-methods-spatial-regression.pdf,26,41,1275,0.08941,ok
Validation,Lahiri_2006_resampling-methods-spatial-regression.pdf,27,41,412,0.01942,ok
Validation,Lahiri_2006_resampling-methods-spatial-regression.pdf,28,41,1074,0.31378,ok
Validation,Lahiri_2006_resampling-methods-spatial-regression.pdf,29,41,884,0.32692,ok
Validation,Lahiri_2006_resampling-methods-spatial-regression.pdf,30,41,1241,0.20387,ok
Validation,Lahiri_2006_resampling-methods-spatial-regression.pdf,31,41,917,0.44929,ok
Validation,Lahiri_2006_resampling-methods-spatial-regression.pdf,32,41,1023,0.44184,ok
Validation,Lahiri_2006_resampling-methods-spatial-regression.pdf,33,41,1053,0.2963,ok
Validation,Lahiri_2006_resampling-methods-spatial-regression.pdf,34,41,982,0.41955,ok
Validation,Lahiri_2006_resampling-methods-spatial-regression.pdf,35,41,1003,0.58425,ok
Validation,Lahiri_2006_resampling-methods-spatial-regression.pdf,36,41,1241,0.27558,ok
Validation,Lahiri_2006_resampling-methods-spatial-regression.pdf,37,41,1237,0.30558,ok
Validation,Lahiri_2006_resampling-methods-spatial-regression.pdf,38,41,869,0.41542,ok
Validation,Lahiri_2006_resampling-methods-spatial-regression.pdf,39,41,2419,0.04878,ok
Validation,Lahiri_2006_resampling-methods-spatial-regression.pdf,40,41,2726,0.02421,ok
Validation,Lahiri_2006_resampling-methods-spatial-regression.pdf,41,41,639,0.01252,ok
Validation,Laurance_1998_rain-forest-fragmentation-dynamics.pdf,1,9,3991,0.00601,ok
Validation,Laurance_1998_rain-forest-fragmentation-dynamics.pdf,2,9,2927,0.01059,ok
Validation,Laurance_1998_rain-forest-fragmentation-dynamics.pdf,3,9,4776,0.01361,ok
Validation,Laurance_1998_rain-forest-fragmentation-dynamics.pdf,4,9,3434,0.00379,ok
Validation,Laurance_1998_rain-forest-fragmentation-dynamics.pdf,5,9,3718,0.00995,ok
Validation,Laurance_1998_rain-forest-fragmentation-dynamics.pdf,6,9,3133,0.00351,ok
Validation,Laurance_1998_rain-forest-fragmentation-dynamics.pdf,7,9,3478,0.01409,ok
Validation,Laurance_1998_rain-forest-fragmentation-dynamics.pdf,8,9,4983,0.00883,ok
Validation,Laurance_1998_rain-forest-fragmentation-dynamics.pdf,9,9,4081,0.01446,ok
Validation,Laurance_2011_fate-amazonian-forest-fragments-32.pdf,1,12,4233,0.01654,ok
Validation,Laurance_2011_fate-amazonian-forest-fragments-32.pdf,2,12,7139,0.00322,ok
Validation,Laurance_2011_fate-amazonian-forest-fragments-32.pdf,3,12,4293,0.00396,ok
Validation,Laurance_2011_fate-amazonian-forest-fragments-32.pdf,4,12,3724,0.01182,ok
Validation,Laurance_2011_fate-amazonian-forest-fragments-32.pdf,5,12,4002,0.02549,ok
Validation,Laurance_2011_fate-amazonian-forest-fragments-32.pdf,6,12,5644,0.00744,ok
Validation,Laurance_2011_fate-amazonian-forest-fragments-32.pdf,7,12,4290,0.01375,ok
Validation,Laurance_2011_fate-amazonian-forest-fragments-32.pdf,8,12,5240,0.01412,ok
Validation,Laurance_2011_fate-amazonian-forest-fragments-32.pdf,9,12,6339,0.00379,ok
Validation,Laurance_2011_fate-amazonian-forest-fragments-32.pdf,10,12,7494,0.01068,ok
Validation,Laurance_2011_fate-amazonian-forest-fragments-32.pdf,11,12,9823,0.00641,ok
Validation,Laurance_2011_fate-amazonian-forest-fragments-32.pdf,12,12,9982,0.00761,ok
Validation,LeFolgoc_2017_quantifying-registration-uncertainty.pdf,1,11,4769,0.00231,ok
Validation,LeFolgoc_2017_quantifying-registration-uncertainty.pdf,2,11,4930,0.00974,ok
Validation,LeFolgoc_2017_quantifying-registration-uncertainty.pdf,3,11,4498,0.06781,ok
Validation,LeFolgoc_2017_quantifying-registration-uncertainty.pdf,4,11,4822,0.0842,ok
Validation,LeFolgoc_2017_quantifying-registration-uncertainty.pdf,5,11,5160,0.09748,ok
Validation,LeFolgoc_2017_quantifying-registration-uncertainty.pdf,6,11,4932,0.02149,ok
Validation,LeFolgoc_2017_quantifying-registration-uncertainty.pdf,7,11,4991,0.03486,ok
Validation,LeFolgoc_2017_quantifying-registration-uncertainty.pdf,8,11,4437,0.01195,ok
Validation,LeFolgoc_2017_quantifying-registration-uncertainty.pdf,9,11,3755,0.00746,ok
Validation,LeFolgoc_2017_quantifying-registration-uncertainty.pdf,10,11,4999,0.005,ok
Validation,LeFolgoc_2017_quantifying-registration-uncertainty.pdf,11,11,5500,0.01436,ok
Validation,Lee_2015_deeply-supervised-nets.pdf,1,9,3289,0.04135,ok
Validation,Lee_2015_deeply-supervised-nets.pdf,2,9,4640,0.00431,ok
Validation,Lee_2015_deeply-supervised-nets.pdf,3,9,4079,0.09586,ok
Validation,Lee_2015_deeply-supervised-nets.pdf,4,9,3067,0.09879,ok
Validation,Lee_2015_deeply-supervised-nets.pdf,5,9,3799,0.11424,ok
Validation,Lee_2015_deeply-supervised-nets.pdf,6,9,3472,0.04205,ok
Validation,Lee_2015_deeply-supervised-nets.pdf,7,9,3450,0.0313,ok
Validation,Lee_2015_deeply-supervised-nets.pdf,8,9,3418,0.11322,ok
Validation,Lee_2015_deeply-supervised-nets.pdf,9,9,3897,0.02284,ok
Validation,Leung_1997_point-polygon-analysis-certainty.pdf,1,22,2574,0.01088,ok
Validation,Leung_1997_point-polygon-analysis-certainty.pdf,2,22,3129,0.00607,ok
Validation,Leung_1997_point-polygon-analysis-certainty.pdf,3,22,1954,0.02508,ok
Validation,Leung_1997_point-polygon-analysis-certainty.pdf,4,22,1727,0.07933,ok
Validation,Leung_1997_point-polygon-analysis-certainty.pdf,5,22,1223,0.11529,ok
Validation,Leung_1997_point-polygon-analysis-certainty.pdf,6,22,901,0.0333,ok
Validation,Leung_1997_point-polygon-analysis-certainty.pdf,7,22,512,0.08594,ok
Validation,Leung_1997_point-polygon-analysis-certainty.pdf,8,22,724,0.05939,ok
Validation,Leung_1997_point-polygon-analysis-certainty.pdf,9,22,1455,0.04536,ok
Validation,Leung_1997_point-polygon-analysis-certainty.pdf,10,22,2273,0.00264,ok
Validation,Leung_1997_point-polygon-analysis-certainty.pdf,11,22,1039,0.03272,ok
Validation,Leung_1997_point-polygon-analysis-certainty.pdf,12,22,1675,0.03463,ok
Validation,Leung_1997_point-polygon-analysis-certainty.pdf,13,22,1376,0.04942,ok
Validation,Leung_1997_point-polygon-analysis-certainty.pdf,14,22,948,0.23945,ok
Validation,Leung_1997_point-polygon-analysis-certainty.pdf,15,22,1248,0.05529,ok
Validation,Leung_1997_point-polygon-analysis-certainty.pdf,16,22,803,0.12329,ok
Validation,Leung_1997_point-polygon-analysis-certainty.pdf,17,22,880,0.18636,ok
Validation,Leung_1997_point-polygon-analysis-certainty.pdf,18,22,488,0.01639,ok
Validation,Leung_1997_point-polygon-analysis-certainty.pdf,19,22,1394,0.06743,ok
Validation,Leung_1997_point-polygon-analysis-certainty.pdf,20,22,1424,0.22893,ok
Validation,Leung_1997_point-polygon-analysis-certainty.pdf,21,22,3911,0.00869,ok
Validation,Leung_1997_point-polygon-analysis-certainty.pdf,22,22,1501,0.002,ok
Validation,Leung_1998_locational-error-model-spatial-features.pdf,1,16,1614,0.00805,ok
Validation,Leung_1998_locational-error-model-spatial-features.pdf,2,16,248,0.0,ok
Validation,Leung_1998_locational-error-model-spatial-features.pdf,3,16,2346,0.00853,ok
Validation,Leung_1998_locational-error-model-spatial-features.pdf,4,16,3091,0.00776,ok
Validation,Leung_1998_locational-error-model-spatial-features.pdf,5,16,1851,0.094,ok
Validation,Leung_1998_locational-error-model-spatial-features.pdf,6,16,1348,0.05045,ok
Validation,Leung_1998_locational-error-model-spatial-features.pdf,7,16,1095,0.05571,ok
Validation,Leung_1998_locational-error-model-spatial-features.pdf,8,16,1315,0.01901,ok
Validation,Leung_1998_locational-error-model-spatial-features.pdf,9,16,2129,0.00329,ok
Validation,Leung_1998_locational-error-model-spatial-features.pdf,10,16,2864,0.00873,ok
Validation,Leung_1998_locational-error-model-spatial-features.pdf,11,16,1588,0.0932,ok
Validation,Leung_1998_locational-error-model-spatial-features.pdf,12,16,2379,0.08071,ok
Validation,Leung_1998_locational-error-model-spatial-features.pdf,13,16,2023,0.10875,ok
Validation,Leung_1998_locational-error-model-spatial-features.pdf,14,16,3378,0.01747,ok
Validation,Leung_1998_locational-error-model-spatial-features.pdf,15,16,1207,0.24772,ok
Validation,Leung_1998_locational-error-model-spatial-features.pdf,16,16,254,0.5748,ok
Validation,Leung_2004a_general-framework-error-analysis.pdf,1,25,2560,0.00391,ok
Validation,Leung_2004a_general-framework-error-analysis.pdf,2,25,2792,0.02579,ok
Validation,Leung_2004a_general-framework-error-analysis.pdf,3,25,3139,0.0,ok
Validation,Leung_2004a_general-framework-error-analysis.pdf,4,25,2401,0.02249,ok
Validation,Leung_2004a_general-framework-error-analysis.pdf,5,25,2397,0.03838,ok
Validation,Leung_2004a_general-framework-error-analysis.pdf,6,25,1730,0.14162,ok
Validation,Leung_2004a_general-framework-error-analysis.pdf,7,25,1362,0.25624,ok
Validation,Leung_2004a_general-framework-error-analysis.pdf,8,25,1161,0.05426,ok
Validation,Leung_2004a_general-framework-error-analysis.pdf,9,25,1285,0.32918,ok
Validation,Leung_2004a_general-framework-error-analysis.pdf,10,25,1046,0.33556,ok
Validation,Leung_2004a_general-framework-error-analysis.pdf,11,25,2070,0.13478,ok
Validation,Leung_2004a_general-framework-error-analysis.pdf,12,25,2134,0.02109,ok
Validation,Leung_2004a_general-framework-error-analysis.pdf,13,25,2626,0.0655,ok
Validation,Leung_2004a_general-framework-error-analysis.pdf,14,25,2284,0.00088,ok
Validation,Leung_2004a_general-framework-error-analysis.pdf,15,25,2493,0.13879,ok
Validation,Leung_2004a_general-framework-error-analysis.pdf,16,25,1829,0.04921,ok
Validation,Leung_2004a_general-framework-error-analysis.pdf,17,25,1420,0.00282,ok
Validation,Leung_2004a_general-framework-error-analysis.pdf,18,25,1517,0.03691,ok
Validation,Leung_2004a_general-framework-error-analysis.pdf,19,25,2705,0.03216,ok
Validation,Leung_2004a_general-framework-error-analysis.pdf,20,25,2103,0.01379,ok
Validation,Leung_2004a_general-framework-error-analysis.pdf,21,25,950,0.0,ok
Validation,Leung_2004a_general-framework-error-analysis.pdf,22,25,1957,0.02555,ok
Validation,Leung_2004a_general-framework-error-analysis.pdf,23,25,2373,0.03961,ok
Validation,Leung_2004a_general-framework-error-analysis.pdf,24,25,2094,0.12703,ok
Validation,Leung_2004a_general-framework-error-analysis.pdf,25,25,2308,0.06586,ok
Validation,Leung_2004b_part-4-error-analysis-length.pdf,1,26,2102,0.01237,ok
Validation,Leung_2004b_part-4-error-analysis-length.pdf,2,26,3139,0.0,ok
Validation,Leung_2004b_part-4-error-analysis-length.pdf,3,26,2740,0.03321,ok
Validation,Leung_2004b_part-4-error-analysis-length.pdf,4,26,2352,0.11395,ok
Validation,Leung_2004b_part-4-error-analysis-length.pdf,5,26,2000,0.2375,ok
Validation,Leung_2004b_part-4-error-analysis-length.pdf,6,26,1592,0.20415,ok
Validation,Leung_2004b_part-4-error-analysis-length.pdf,7,26,2195,0.09476,ok
Validation,Leung_2004b_part-4-error-analysis-length.pdf,8,26,1653,0.26013,ok
Validation,Leung_2004b_part-4-error-analysis-length.pdf,9,26,2144,0.15019,ok
Validation,Leung_2004b_part-4-error-analysis-length.pdf,10,26,1571,0.23679,ok
Validation,Leung_2004b_part-4-error-analysis-length.pdf,11,26,969,0.41692,ok
Validation,Leung_2004b_part-4-error-analysis-length.pdf,12,26,1711,0.07072,ok
Validation,Leung_2004b_part-4-error-analysis-length.pdf,13,26,1945,0.12494,ok
Validation,Leung_2004b_part-4-error-analysis-length.pdf,14,26,2187,0.07499,ok
Validation,Leung_2004b_part-4-error-analysis-length.pdf,15,26,2313,0.07307,ok
Validation,Leung_2004b_part-4-error-analysis-length.pdf,16,26,2370,0.07679,ok
Validation,Leung_2004b_part-4-error-analysis-length.pdf,17,26,674,0.20623,ok
Validation,Leung_2004b_part-4-error-analysis-length.pdf,18,26,2414,0.07871,ok
Validation,Leung_2004b_part-4-error-analysis-length.pdf,19,26,1182,0.19966,ok
Validation,Leung_2004b_part-4-error-analysis-length.pdf,20,26,640,0.03906,ok
Validation,Leung_2004b_part-4-error-analysis-length.pdf,21,26,2670,0.02509,ok
Validation,Leung_2004b_part-4-error-analysis-length.pdf,22,26,2189,0.04751,ok
Validation,Leung_2004b_part-4-error-analysis-length.pdf,23,26,2246,0.08148,ok
Validation,Leung_2004b_part-4-error-analysis-length.pdf,24,26,1450,0.26276,ok
Validation,Leung_2004b_part-4-error-analysis-length.pdf,25,26,2494,0.07177,ok
Validation,Leung_2004b_part-4-error-analysis-length.pdf,26,26,298,0.01342,ok
Validation,Liu_2008_local-transition-probability-models-markov.pdf,1,10,3767,0.00664,ok
Validation,Liu_2008_local-transition-probability-models-markov.pdf,2,10,5749,0.00174,ok
Validation,Liu_2008_local-transition-probability-models-markov.pdf,3,10,1496,0.00535,ok
Validation,Liu_2008_local-transition-probability-models-markov.pdf,4,10,1817,0.01486,ok
Validation,Liu_2008_local-transition-probability-models-markov.pdf,5,10,4497,0.08939,ok
Validation,Liu_2008_local-transition-probability-models-markov.pdf,6,10,5349,0.05272,ok
Validation,Liu_2008_local-transition-probability-models-markov.pdf,7,10,4855,0.02492,ok
Validation,Liu_2008_local-transition-probability-models-markov.pdf,8,10,5323,0.00225,ok
Validation,Liu_2008_local-transition-probability-models-markov.pdf,9,10,6285,0.01368,ok
Validation,Liu_2008_local-transition-probability-models-markov.pdf,10,10,1974,0.00608,ok
Validation,Liu_2012_spatial-temporal-modeling-approach.pdf,1,20,1681,0.01011,ok
Validation,Liu_2012_spatial-temporal-modeling-approach.pdf,2,20,3486,0.00115,ok
Validation,Liu_2012_spatial-temporal-modeling-approach.pdf,3,20,4201,0.0,ok
Validation,Liu_2012_spatial-temporal-modeling-approach.pdf,4,20,4676,0.00192,ok
Validation,Liu_2012_spatial-temporal-modeling-approach.pdf,5,20,4292,0.01072,ok
Validation,Liu_2012_spatial-temporal-modeling-approach.pdf,6,20,3190,0.04514,ok
Validation,Liu_2012_spatial-temporal-modeling-approach.pdf,7,20,3890,0.0982,ok
Validation,Liu_2012_spatial-temporal-modeling-approach.pdf,8,20,2495,0.0521,ok
Validation,Liu_2012_spatial-temporal-modeling-approach.pdf,9,20,4122,0.05992,ok
Validation,Liu_2012_spatial-temporal-modeling-approach.pdf,10,20,2324,0.02668,ok
Validation,Liu_2012_spatial-temporal-modeling-approach.pdf,11,20,1742,0.0132,ok
Validation,Liu_2012_spatial-temporal-modeling-approach.pdf,12,20,3946,0.02255,ok
Validation,Liu_2012_spatial-temporal-modeling-approach.pdf,13,20,3171,0.02586,ok
Validation,Liu_2012_spatial-temporal-modeling-approach.pdf,14,20,1095,0.0,ok
Validation,Liu_2012_spatial-temporal-modeling-approach.pdf,15,20,2726,0.0088,ok
Validation,Liu_2012_spatial-temporal-modeling-approach.pdf,16,20,3388,0.00089,ok
Validation,Liu_2012_spatial-temporal-modeling-approach.pdf,17,20,4696,0.01235,ok
Validation,Liu_2012_spatial-temporal-modeling-approach.pdf,18,20,4563,0.01666,ok
Validation,Liu_2012_spatial-temporal-modeling-approach.pdf,19,20,5433,0.0092,ok
Validation,Liu_2012_spatial-temporal-modeling-approach.pdf,20,20,2595,0.00501,ok
Validation,Liu_2021_spatial-temporal-hidden-markov-model.pdf,1,10,3886,0.00335,ok
Validation,Liu_2021_spatial-temporal-hidden-markov-model.pdf,2,10,3157,0.00253,ok
Validation,Liu_2021_spatial-temporal-hidden-markov-model.pdf,3,10,3150,0.05714,ok
Validation,Liu_2021_spatial-temporal-hidden-markov-model.pdf,4,10,3793,0.12101,ok
Validation,Liu_2021_spatial-temporal-hidden-markov-model.pdf,5,10,2528,0.0,ok
Validation,Liu_2021_spatial-temporal-hidden-markov-model.pdf,6,10,2324,0.00086,ok
Validation,Liu_2021_spatial-temporal-hidden-markov-model.pdf,7,10,2094,0.04202,ok
Validation,Liu_2021_spatial-temporal-hidden-markov-model.pdf,8,10,2195,0.0041,ok
Validation,Liu_2021_spatial-temporal-hidden-markov-model.pdf,9,10,5418,0.00388,ok
Validation,Liu_2021_spatial-temporal-hidden-markov-model.pdf,10,10,5127,0.01014,ok
Validation,Locke_2025_sub-parcel-scale-analysis-needed.pdf,1,11,3565,0.01571,ok
Validation,Locke_2025_sub-parcel-scale-analysis-needed.pdf,2,11,7305,0.00205,ok
Validation,Locke_2025_sub-parcel-scale-analysis-needed.pdf,3,11,6939,0.00821,ok
Validation,Locke_2025_sub-parcel-scale-analysis-needed.pdf,4,11,4624,0.00627,ok
Validation,Locke_2025_sub-parcel-scale-analysis-needed.pdf,5,11,6206,0.00999,ok
Validation,Locke_2025_sub-parcel-scale-analysis-needed.pdf,6,11,6433,0.01073,ok
Validation,Locke_2025_sub-parcel-scale-analysis-needed.pdf,7,11,625,0.0048,ok
Validation,Locke_2025_sub-parcel-scale-analysis-needed.pdf,8,11,6882,0.00276,ok
Validation,Locke_2025_sub-parcel-scale-analysis-needed.pdf,9,11,9898,0.00727,ok
Validation,Locke_2025_sub-parcel-scale-analysis-needed.pdf,10,11,10619,0.01008,ok
Validation,Locke_2025_sub-parcel-scale-analysis-needed.pdf,11,11,1913,0.01098,ok
Validation,LopezPaz_2016_unifying-distillation-privileged.pdf,1,10,2233,0.02642,ok
Validation,LopezPaz_2016_unifying-distillation-privileged.pdf,2,10,2943,0.06898,ok
Validation,LopezPaz_2016_unifying-distillation-privileged.pdf,3,10,3318,0.07384,ok
Validation,LopezPaz_2016_unifying-distillation-privileged.pdf,4,10,3870,0.04574,ok
Validation,LopezPaz_2016_unifying-distillation-privileged.pdf,5,10,2778,0.06048,ok
Validation,LopezPaz_2016_unifying-distillation-privileged.pdf,6,10,3745,0.01308,ok
Validation,LopezPaz_2016_unifying-distillation-privileged.pdf,7,10,3099,0.05582,ok
Validation,LopezPaz_2016_unifying-distillation-privileged.pdf,8,10,2758,0.04895,ok
Validation,LopezPaz_2016_unifying-distillation-privileged.pdf,9,10,2416,0.03022,ok
Validation,LopezPaz_2016_unifying-distillation-privileged.pdf,10,10,900,0.00222,ok
Validation,Lu_1999_control-charts-monitoring-mean-variance.pdf,1,17,776,0.00644,ok
Validation,Lu_1999_control-charts-monitoring-mean-variance.pdf,2,17,3162,0.01044,ok
Validation,Lu_1999_control-charts-monitoring-mean-variance.pdf,3,17,3919,0.03828,ok
Validation,Lu_1999_control-charts-monitoring-mean-variance.pdf,4,17,4041,0.02029,ok
Validation,Lu_1999_control-charts-monitoring-mean-variance.pdf,5,17,3031,0.05048,ok
Validation,Lu_1999_control-charts-monitoring-mean-variance.pdf,6,17,3591,0.06377,ok
Validation,Lu_1999_control-charts-monitoring-mean-variance.pdf,7,17,3964,0.00429,ok
Validation,Lu_1999_control-charts-monitoring-mean-variance.pdf,8,17,3177,0.01448,ok
Validation,Lu_1999_control-charts-monitoring-mean-variance.pdf,9,17,3228,0.01239,ok
Validation,Lu_1999_control-charts-monitoring-mean-variance.pdf,10,17,1770,0.00452,ok
Validation,Lu_1999_control-charts-monitoring-mean-variance.pdf,11,17,1748,0.00629,ok
Validation,Lu_1999_control-charts-monitoring-mean-variance.pdf,12,17,3744,0.03686,ok
Validation,Lu_1999_control-charts-monitoring-mean-variance.pdf,13,17,686,0.17638,ok
Validation,Lu_1999_control-charts-monitoring-mean-variance.pdf,14,17,4439,0.00293,ok
Validation,Lu_1999_control-charts-monitoring-mean-variance.pdf,15,17,3776,0.04555,ok
Validation,Lu_1999_control-charts-monitoring-mean-variance.pdf,16,17,2805,0.0574,ok
Validation,Lu_1999_control-charts-monitoring-mean-variance.pdf,17,17,2170,0.00645,ok
Validation,Lu_2001_cusum-charts-monitoring-autocorrelated.pdf,1,20,732,0.01639,ok
Validation,Lu_2001_cusum-charts-monitoring-autocorrelated.pdf,2,20,3039,0.00724,ok
Validation,Lu_2001_cusum-charts-monitoring-autocorrelated.pdf,3,20,3884,0.01725,ok
Validation,Lu_2001_cusum-charts-monitoring-autocorrelated.pdf,4,20,3893,0.05035,ok
Validation,Lu_2001_cusum-charts-monitoring-autocorrelated.pdf,5,20,3849,0.03222,ok
Validation,Lu_2001_cusum-charts-monitoring-autocorrelated.pdf,6,20,1823,0.08722,ok
Validation,Lu_2001_cusum-charts-monitoring-autocorrelated.pdf,7,20,3113,0.03212,ok
Validation,Lu_2001_cusum-charts-monitoring-autocorrelated.pdf,8,20,2342,0.00726,ok
Validation,Lu_2001_cusum-charts-monitoring-autocorrelated.pdf,9,20,2371,0.01181,ok
Validation,Lu_2001_cusum-charts-monitoring-autocorrelated.pdf,10,20,2389,0.00879,ok
Validation,Lu_2001_cusum-charts-monitoring-autocorrelated.pdf,11,20,2460,0.01341,ok
Validation,Lu_2001_cusum-charts-monitoring-autocorrelated.pdf,12,20,2742,0.00985,ok
Validation,Lu_2001_cusum-charts-monitoring-autocorrelated.pdf,13,20,2366,0.00972,ok
Validation,Lu_2001_cusum-charts-monitoring-autocorrelated.pdf,14,20,2467,0.00324,ok
Validation,Lu_2001_cusum-charts-monitoring-autocorrelated.pdf,15,20,3993,0.00952,ok
Validation,Lu_2001_cusum-charts-monitoring-autocorrelated.pdf,16,20,3697,0.0192,ok
Validation,Lu_2001_cusum-charts-monitoring-autocorrelated.pdf,17,20,3621,0.00911,ok
Validation,Lu_2001_cusum-charts-monitoring-autocorrelated.pdf,18,20,3060,0.03889,ok
Validation,Lu_2001_cusum-charts-monitoring-autocorrelated.pdf,19,20,3315,0.0365,ok
Validation,Lu_2001_cusum-charts-monitoring-autocorrelated.pdf,20,20,4555,0.0191,ok
Validation,Lucas_1982_fast-initial-response-cusum-quality.pdf,1,8,1523,0.00525,ok
Validation,Lucas_1982_fast-initial-response-cusum-quality.pdf,2,8,3182,0.02011,ok
Validation,Lucas_1982_fast-initial-response-cusum-quality.pdf,3,8,3602,0.10466,ok
Validation,Lucas_1982_fast-initial-response-cusum-quality.pdf,4,8,4029,0.27103,ok
Validation,Lucas_1982_fast-initial-response-cusum-quality.pdf,5,8,2170,0.08571,ok
Validation,Lucas_1982_fast-initial-response-cusum-quality.pdf,6,8,3822,0.03061,ok
Validation,Lucas_1982_fast-initial-response-cusum-quality.pdf,7,8,3588,0.04013,ok
Validation,Lucas_1982_fast-initial-response-cusum-quality.pdf,8,8,1438,0.01113,ok
Validation,MacFaden_2012_high-resolution-tree-canopy-mapping.pdf,1,24,267,0.0,ok
Validation,MacFaden_2012_high-resolution-tree-canopy-mapping.pdf,2,24,3284,0.00122,ok
Validation,MacFaden_2012_high-resolution-tree-canopy-mapping.pdf,3,24,4581,0.00087,ok
Validation,MacFaden_2012_high-resolution-tree-canopy-mapping.pdf,4,24,2565,0.00858,ok
Validation,MacFaden_2012_high-resolution-tree-canopy-mapping.pdf,5,24,2863,0.0021,ok
Validation,MacFaden_2012_high-resolution-tree-canopy-mapping.pdf,6,24,3064,0.00131,ok
Validation,MacFaden_2012_high-resolution-tree-canopy-mapping.pdf,7,24,3447,0.00435,ok
Validation,MacFaden_2012_high-resolution-tree-canopy-mapping.pdf,8,24,1368,0.00292,ok
Validation,MacFaden_2012_high-resolution-tree-canopy-mapping.pdf,9,24,1695,0.00354,ok
Validation,MacFaden_2012_high-resolution-tree-canopy-mapping.pdf,10,24,4208,0.0038,ok
Validation,MacFaden_2012_high-resolution-tree-canopy-mapping.pdf,11,24,1858,0.00377,ok
Validation,MacFaden_2012_high-resolution-tree-canopy-mapping.pdf,12,24,1646,0.00182,ok
Validation,MacFaden_2012_high-resolution-tree-canopy-mapping.pdf,13,24,2854,0.0035,ok
Validation,MacFaden_2012_high-resolution-tree-canopy-mapping.pdf,14,24,4440,0.0036,ok
Validation,MacFaden_2012_high-resolution-tree-canopy-mapping.pdf,15,24,1559,0.00577,ok
Validation,MacFaden_2012_high-resolution-tree-canopy-mapping.pdf,16,24,3638,0.00357,ok
Validation,MacFaden_2012_high-resolution-tree-canopy-mapping.pdf,17,24,1475,0.0,ok
Validation,MacFaden_2012_high-resolution-tree-canopy-mapping.pdf,18,24,2256,0.0594,ok
Validation,MacFaden_2012_high-resolution-tree-canopy-mapping.pdf,19,24,2862,0.0,ok
Validation,MacFaden_2012_high-resolution-tree-canopy-mapping.pdf,20,24,4546,0.00044,ok
Validation,MacFaden_2012_high-resolution-tree-canopy-mapping.pdf,21,24,3626,0.00414,ok
Validation,MacFaden_2012_high-resolution-tree-canopy-mapping.pdf,22,24,3823,0.01962,ok
Validation,MacFaden_2012_high-resolution-tree-canopy-mapping.pdf,23,24,4038,0.00495,ok
Validation,MacFaden_2012_high-resolution-tree-canopy-mapping.pdf,24,24,3531,0.03172,ok
Validation,Maragos_1989_pattern-spectrum-multiscale-shape.pdf,1,16,5099,0.00216,ok
Validation,Maragos_1989_pattern-spectrum-multiscale-shape.pdf,2,16,5679,0.00282,ok
Validation,Maragos_1989_pattern-spectrum-multiscale-shape.pdf,3,16,4089,0.06383,ok
Validation,Maragos_1989_pattern-spectrum-multiscale-shape.pdf,4,16,2351,0.07699,ok
Validation,Maragos_1989_pattern-spectrum-multiscale-shape.pdf,5,16,3291,0.02188,ok
Validation,Maragos_1989_pattern-spectrum-multiscale-shape.pdf,6,16,3229,0.04831,ok
Validation,Maragos_1989_pattern-spectrum-multiscale-shape.pdf,7,16,3038,0.026,ok
Validation,Maragos_1989_pattern-spectrum-multiscale-shape.pdf,8,16,2253,0.03906,ok
Validation,Maragos_1989_pattern-spectrum-multiscale-shape.pdf,9,16,2528,0.07674,ok
Validation,Maragos_1989_pattern-spectrum-multiscale-shape.pdf,10,16,4255,0.0181,ok
Validation,Maragos_1989_pattern-spectrum-multiscale-shape.pdf,11,16,3646,0.03401,ok
Validation,Maragos_1989_pattern-spectrum-multiscale-shape.pdf,12,16,2914,0.09952,ok
Validation,Maragos_1989_pattern-spectrum-multiscale-shape.pdf,13,16,2817,0.04437,ok
Validation,Maragos_1989_pattern-spectrum-multiscale-shape.pdf,14,16,3884,0.0309,ok
Validation,Maragos_1989_pattern-spectrum-multiscale-shape.pdf,15,16,6125,0.01127,ok
Validation,Maragos_1989_pattern-spectrum-multiscale-shape.pdf,16,16,1840,0.00978,ok
Validation,Marsan_2008_extending-earthquakes-reach-through.pdf,1,5,1583,0.0019,ok
Validation,Marsan_2008_extending-earthquakes-reach-through.pdf,2,5,3806,0.06805,ok
Validation,Marsan_2008_extending-earthquakes-reach-through.pdf,3,5,3945,0.09328,ok
Validation,Marsan_2008_extending-earthquakes-reach-through.pdf,4,5,3139,0.08633,ok
Validation,Marsan_2008_extending-earthquakes-reach-through.pdf,5,5,6750,0.028,ok
Validation,Mei_2010_efficient-scalable-schemes-monitoring.pdf,1,15,2805,0.00642,ok
Validation,Mei_2010_efficient-scalable-schemes-monitoring.pdf,2,15,3705,0.00351,ok
Validation,Mei_2010_efficient-scalable-schemes-monitoring.pdf,3,15,2860,0.02448,ok
Validation,Mei_2010_efficient-scalable-schemes-monitoring.pdf,4,15,2605,0.06334,ok
Validation,Mei_2010_efficient-scalable-schemes-monitoring.pdf,5,15,2415,0.09524,ok
Validation,Mei_2010_efficient-scalable-schemes-monitoring.pdf,6,15,2402,0.05162,ok
Validation,Mei_2010_efficient-scalable-schemes-monitoring.pdf,7,15,2590,0.06178,ok
Validation,Mei_2010_efficient-scalable-schemes-monitoring.pdf,8,15,2818,0.02874,ok
Validation,Mei_2010_efficient-scalable-schemes-monitoring.pdf,9,15,3234,0.03247,ok
Validation,Mei_2010_efficient-scalable-schemes-monitoring.pdf,10,15,2526,0.04078,ok
Validation,Mei_2010_efficient-scalable-schemes-monitoring.pdf,11,15,2110,0.10806,ok
Validation,Mei_2010_efficient-scalable-schemes-monitoring.pdf,12,15,2071,0.09995,ok
Validation,Mei_2010_efficient-scalable-schemes-monitoring.pdf,13,15,1995,0.18095,ok
Validation,Mei_2010_efficient-scalable-schemes-monitoring.pdf,14,15,2102,0.18316,ok
Validation,Mei_2010_efficient-scalable-schemes-monitoring.pdf,15,15,3027,0.01949,ok
Validation,Melgani_2003_markov-random-field-approach-spatio.pdf,1,10,5274,0.00152,ok
Validation,Melgani_2003_markov-random-field-approach-spatio.pdf,2,10,5675,0.00335,ok
Validation,Melgani_2003_markov-random-field-approach-spatio.pdf,3,10,4180,0.011,ok
Validation,Melgani_2003_markov-random-field-approach-spatio.pdf,4,10,3040,0.01283,ok
Validation,Melgani_2003_markov-random-field-approach-spatio.pdf,5,10,3947,0.00887,ok
Validation,Melgani_2003_markov-random-field-approach-spatio.pdf,6,10,4213,0.01472,ok
Validation,Melgani_2003_markov-random-field-approach-spatio.pdf,7,10,2273,0.00968,ok
Validation,Melgani_2003_markov-random-field-approach-spatio.pdf,8,10,4289,0.00746,ok
Validation,Melgani_2003_markov-random-field-approach-spatio.pdf,9,10,5905,0.00339,ok
Validation,Melgani_2003_markov-random-field-approach-spatio.pdf,10,10,5315,0.00376,ok
Validation,Mesquita_1999_effect-surrounding-vegetation-edge.pdf,1,6,3776,0.01059,ok
Validation,Mesquita_1999_effect-surrounding-vegetation-edge.pdf,2,6,3182,0.00691,ok
Validation,Mesquita_1999_effect-surrounding-vegetation-edge.pdf,3,6,3908,0.01919,ok
Validation,Mesquita_1999_effect-surrounding-vegetation-edge.pdf,4,6,3441,0.00668,ok
Validation,Mesquita_1999_effect-surrounding-vegetation-edge.pdf,5,6,6085,0.01495,ok
Validation,Mesquita_1999_effect-surrounding-vegetation-edge.pdf,6,6,1290,0.01318,ok
Validation,Montgomery_1991_some-statistical-process-control.pdf,1,16,779,0.00642,ok
Validation,Montgomery_1991_some-statistical-process-control.pdf,2,16,3417,0.00702,ok
Validation,Montgomery_1991_some-statistical-process-control.pdf,3,16,2122,0.0377,ok
Validation,Montgomery_1991_some-statistical-process-control.pdf,4,16,2471,0.03926,ok
Validation,Montgomery_1991_some-statistical-process-control.pdf,5,16,3667,0.02563,ok
Validation,Montgomery_1991_some-statistical-process-control.pdf,6,16,3765,0.05259,ok
Validation,Montgomery_1991_some-statistical-process-control.pdf,7,16,2070,0.08164,ok
Validation,Montgomery_1991_some-statistical-process-control.pdf,8,16,2070,0.04155,ok
Validation,Montgomery_1991_some-statistical-process-control.pdf,9,16,313,0.16294,ok
Validation,Montgomery_1991_some-statistical-process-control.pdf,10,16,2264,0.03313,ok
Validation,Montgomery_1991_some-statistical-process-control.pdf,11,16,1941,0.05204,ok
Validation,Montgomery_1991_some-statistical-process-control.pdf,12,16,561,0.30125,ok
Validation,Montgomery_1991_some-statistical-process-control.pdf,13,16,1888,0.11017,ok
Validation,Montgomery_1991_some-statistical-process-control.pdf,14,16,644,0.28882,ok
Validation,Montgomery_1991_some-statistical-process-control.pdf,15,16,3912,0.02403,ok
Validation,Montgomery_1991_some-statistical-process-control.pdf,16,16,3475,0.01612,ok
Validation,Morgenroth_2017_redevelopment-urban-forest-study.pdf,1,10,4077,0.01619,ok
Validation,Morgenroth_2017_redevelopment-urban-forest-study.pdf,2,10,6247,0.00592,ok
Validation,Morgenroth_2017_redevelopment-urban-forest-study.pdf,3,10,3152,0.00317,ok
Validation,Morgenroth_2017_redevelopment-urban-forest-study.pdf,4,10,3503,0.01798,ok
Validation,Morgenroth_2017_redevelopment-urban-forest-study.pdf,5,10,3222,0.00745,ok
Validation,Morgenroth_2017_redevelopment-urban-forest-study.pdf,6,10,2965,0.01012,ok
Validation,Morgenroth_2017_redevelopment-urban-forest-study.pdf,7,10,2859,0.02413,ok
Validation,Morgenroth_2017_redevelopment-urban-forest-study.pdf,8,10,6568,0.00533,ok
Validation,Morgenroth_2017_redevelopment-urban-forest-study.pdf,9,10,8234,0.01725,ok
Validation,Morgenroth_2017_redevelopment-urban-forest-study.pdf,10,10,3918,0.01633,ok
Validation,Mousavi_2009_cusum-chart-monitoring-proportion.pdf,1,15,774,0.00646,ok
Validation,Mousavi_2009_cusum-chart-monitoring-proportion.pdf,2,15,2694,0.00408,ok
Validation,Mousavi_2009_cusum-chart-monitoring-proportion.pdf,3,15,3900,0.04359,ok
Validation,Mousavi_2009_cusum-chart-monitoring-proportion.pdf,4,15,3984,0.02887,ok
Validation,Mousavi_2009_cusum-chart-monitoring-proportion.pdf,5,15,2525,0.02257,ok
Validation,Mousavi_2009_cusum-chart-monitoring-proportion.pdf,6,15,2932,0.13677,ok
Validation,Mousavi_2009_cusum-chart-monitoring-proportion.pdf,7,15,2960,0.01115,ok
Validation,Mousavi_2009_cusum-chart-monitoring-proportion.pdf,8,15,4055,0.01159,ok
Validation,Mousavi_2009_cusum-chart-monitoring-proportion.pdf,9,15,2915,0.01544,ok
Validation,Mousavi_2009_cusum-chart-monitoring-proportion.pdf,10,15,2613,0.02641,ok
Validation,Mousavi_2009_cusum-chart-monitoring-proportion.pdf,11,15,2321,0.02111,ok
Validation,Mousavi_2009_cusum-chart-monitoring-proportion.pdf,12,15,1894,0.02059,ok
Validation,Mousavi_2009_cusum-chart-monitoring-proportion.pdf,13,15,4079,0.02157,ok
Validation,Mousavi_2009_cusum-chart-monitoring-proportion.pdf,14,15,4625,0.01622,ok
Validation,Mousavi_2009_cusum-chart-monitoring-proportion.pdf,15,15,1179,0.00679,ok
Validation,Murakami_2025_comparative-global-assessment.pdf,1,24,3162,0.01423,ok
Validation,Murakami_2025_comparative-global-assessment.pdf,2,24,3730,0.00027,ok
Validation,Murakami_2025_comparative-global-assessment.pdf,3,24,3479,0.0,ok
Validation,Murakami_2025_comparative-global-assessment.pdf,4,24,1412,0.0,ok
Validation,Murakami_2025_comparative-global-assessment.pdf,5,24,2009,0.04778,ok
Validation,Murakami_2025_comparative-global-assessment.pdf,6,24,1402,0.0214,ok
Validation,Murakami_2025_comparative-global-assessment.pdf,7,24,1855,0.04744,ok
Validation,Murakami_2025_comparative-global-assessment.pdf,8,24,1673,0.03407,ok
Validation,Murakami_2025_comparative-global-assessment.pdf,9,24,2855,0.01016,ok
Validation,Murakami_2025_comparative-global-assessment.pdf,10,24,1983,0.08623,ok
Validation,Murakami_2025_comparative-global-assessment.pdf,11,24,2417,0.05792,ok
Validation,Murakami_2025_comparative-global-assessment.pdf,12,24,759,0.01054,ok
Validation,Murakami_2025_comparative-global-assessment.pdf,13,24,851,0.10106,ok
Validation,Murakami_2025_comparative-global-assessment.pdf,14,24,2076,0.0395,ok
Validation,Murakami_2025_comparative-global-assessment.pdf,15,24,797,0.0276,ok
Validation,Murakami_2025_comparative-global-assessment.pdf,16,24,2163,0.01202,ok
Validation,Murakami_2025_comparative-global-assessment.pdf,17,24,1217,0.00657,ok
Validation,Murakami_2025_comparative-global-assessment.pdf,18,24,2661,0.01015,ok
Validation,Murakami_2025_comparative-global-assessment.pdf,19,24,3197,0.00626,ok
Validation,Murakami_2025_comparative-global-assessment.pdf,20,24,2855,0.00946,ok
Validation,Murakami_2025_comparative-global-assessment.pdf,21,24,2085,0.02878,ok
Validation,Murakami_2025_comparative-global-assessment.pdf,22,24,4943,0.00647,ok
Validation,Murakami_2025_comparative-global-assessment.pdf,23,24,5151,0.00718,ok
Validation,Murakami_2025_comparative-global-assessment.pdf,24,24,4846,0.01135,ok
Validation,Nordman_2004_optimal-spatial-subsample-size.pdf,1,49,2304,0.01128,ok
Validation,Nordman_2004_optimal-spatial-subsample-size.pdf,2,49,2333,0.04115,ok
Validation,Nordman_2004_optimal-spatial-subsample-size.pdf,3,49,2396,0.02462,ok
Validation,Nordman_2004_optimal-spatial-subsample-size.pdf,4,49,2176,0.04412,ok
Validation,Nordman_2004_optimal-spatial-subsample-size.pdf,5,49,2017,0.06445,ok
Validation,Nordman_2004_optimal-spatial-subsample-size.pdf,6,49,2235,0.06577,ok
Validation,Nordman_2004_optimal-spatial-subsample-size.pdf,7,49,1927,0.0903,ok
Validation,Nordman_2004_optimal-spatial-subsample-size.pdf,8,49,1639,0.16901,ok
Validation,Nordman_2004_optimal-spatial-subsample-size.pdf,9,49,1880,0.16862,ok
Validation,Nordman_2004_optimal-spatial-subsample-size.pdf,10,49,1842,0.18132,ok
Validation,Nordman_2004_optimal-spatial-subsample-size.pdf,11,49,1585,0.16845,ok
Validation,Nordman_2004_optimal-spatial-subsample-size.pdf,12,49,2001,0.08746,ok
Validation,Nordman_2004_optimal-spatial-subsample-size.pdf,13,49,2016,0.10913,ok
Validation,Nordman_2004_optimal-spatial-subsample-size.pdf,14,49,1697,0.12316,ok
Validation,Nordman_2004_optimal-spatial-subsample-size.pdf,15,49,2261,0.06457,ok
Validation,Nordman_2004_optimal-spatial-subsample-size.pdf,16,49,1213,0.29514,ok
Validation,Nordman_2004_optimal-spatial-subsample-size.pdf,17,49,2036,0.06336,ok
Validation,Nordman_2004_optimal-spatial-subsample-size.pdf,18,49,1625,0.16185,ok
Validation,Nordman_2004_optimal-spatial-subsample-size.pdf,19,49,2078,0.03417,ok
Validation,Nordman_2004_optimal-spatial-subsample-size.pdf,20,49,1483,0.18746,ok
Validation,Nordman_2004_optimal-spatial-subsample-size.pdf,21,49,1265,0.19289,ok
Validation,Nordman_2004_optimal-spatial-subsample-size.pdf,22,49,1583,0.16361,ok
Validation,Nordman_2004_optimal-spatial-subsample-size.pdf,23,49,2444,0.10884,ok
Validation,Nordman_2004_optimal-spatial-subsample-size.pdf,24,49,2027,0.08683,ok
Validation,Nordman_2004_optimal-spatial-subsample-size.pdf,25,49,1726,0.10545,ok
Validation,Nordman_2004_optimal-spatial-subsample-size.pdf,26,49,1847,0.08825,ok
Validation,Nordman_2004_optimal-spatial-subsample-size.pdf,27,49,1653,0.09135,ok
Validation,Nordman_2004_optimal-spatial-subsample-size.pdf,28,49,1486,0.14872,ok
Validation,Nordman_2004_optimal-spatial-subsample-size.pdf,29,49,1189,0.25063,ok
Validation,Nordman_2004_optimal-spatial-subsample-size.pdf,30,49,1279,0.28694,ok
Validation,Nordman_2004_optimal-spatial-subsample-size.pdf,31,49,1560,0.28269,ok
Validation,Nordman_2004_optimal-spatial-subsample-size.pdf,32,49,1165,0.46781,ok
Validation,Nordman_2004_optimal-spatial-subsample-size.pdf,33,49,1419,0.36293,ok
Validation,Nordman_2004_optimal-spatial-subsample-size.pdf,34,49,874,0.48513,ok
Validation,Nordman_2004_optimal-spatial-subsample-size.pdf,35,49,946,0.55074,ok
Validation,Nordman_2004_optimal-spatial-subsample-size.pdf,36,49,1381,0.35554,ok
Validation,Nordman_2004_optimal-spatial-subsample-size.pdf,37,49,1321,0.34671,ok
Validation,Nordman_2004_optimal-spatial-subsample-size.pdf,38,49,1217,0.37798,ok
Validation,Nordman_2004_optimal-spatial-subsample-size.pdf,39,49,1172,0.54693,ok
Validation,Nordman_2004_optimal-spatial-subsample-size.pdf,40,49,1110,0.26667,ok
Validation,Nordman_2004_optimal-spatial-subsample-size.pdf,41,49,1145,0.30306,ok
Validation,Nordman_2004_optimal-spatial-subsample-size.pdf,42,49,1394,0.19799,ok
Validation,Nordman_2004_optimal-spatial-subsample-size.pdf,43,49,1231,0.25264,ok
Validation,Nordman_2004_optimal-spatial-subsample-size.pdf,44,49,1208,0.29719,ok
Validation,Nordman_2004_optimal-spatial-subsample-size.pdf,45,49,1217,0.24651,ok
Validation,Nordman_2004_optimal-spatial-subsample-size.pdf,46,49,1465,0.2116,ok
Validation,Nordman_2004_optimal-spatial-subsample-size.pdf,47,49,2247,0.04851,ok
Validation,Nordman_2004_optimal-spatial-subsample-size.pdf,48,49,3012,0.01826,ok
Validation,Nordman_2004_optimal-spatial-subsample-size.pdf,49,49,220,0.02727,ok
Validation,Nowak_2012_tree-impervious-cover-change-u.pdf,1,10,4400,0.01523,ok
Validation,Nowak_2012_tree-impervious-cover-change-u.pdf,2,10,5558,0.009,ok
Validation,Nowak_2012_tree-impervious-cover-change-u.pdf,3,10,6694,0.00881,ok
Validation,Nowak_2012_tree-impervious-cover-change-u.pdf,4,10,2697,0.01854,ok
Validation,Nowak_2012_tree-impervious-cover-change-u.pdf,5,10,2601,0.01769,ok
Validation,Nowak_2012_tree-impervious-cover-change-u.pdf,6,10,2613,0.01875,ok
Validation,Nowak_2012_tree-impervious-cover-change-u.pdf,7,10,4511,0.01241,ok
Validation,Nowak_2012_tree-impervious-cover-change-u.pdf,8,10,5843,0.02773,ok
Validation,Nowak_2012_tree-impervious-cover-change-u.pdf,9,10,6950,0.00374,ok
Validation,Nowak_2012_tree-impervious-cover-change-u.pdf,10,10,6535,0.00689,ok
Validation,ONeilDunne_2014_versatile-production-oriented.pdf,1,29,2028,0.01183,ok
Validation,ONeilDunne_2014_versatile-production-oriented.pdf,2,29,3112,0.0,ok
Validation,ONeilDunne_2014_versatile-production-oriented.pdf,3,29,3667,0.0,ok
Validation,ONeilDunne_2014_versatile-production-oriented.pdf,4,29,3020,0.0,ok
Validation,ONeilDunne_2014_versatile-production-oriented.pdf,5,29,2779,0.00936,ok
Validation,ONeilDunne_2014_versatile-production-oriented.pdf,6,29,2440,0.00943,ok
Validation,ONeilDunne_2014_versatile-production-oriented.pdf,7,29,454,0.0,ok
Validation,ONeilDunne_2014_versatile-production-oriented.pdf,8,29,2912,0.00343,ok
Validation,ONeilDunne_2014_versatile-production-oriented.pdf,9,29,3538,0.0,ok
Validation,ONeilDunne_2014_versatile-production-oriented.pdf,10,29,2881,0.0,ok
Validation,ONeilDunne_2014_versatile-production-oriented.pdf,11,29,2723,0.01873,ok
Validation,ONeilDunne_2014_versatile-production-oriented.pdf,12,29,1714,0.02042,ok
Validation,ONeilDunne_2014_versatile-production-oriented.pdf,13,29,2444,0.00573,ok
Validation,ONeilDunne_2014_versatile-production-oriented.pdf,14,29,3402,0.00588,ok
Validation,ONeilDunne_2014_versatile-production-oriented.pdf,15,29,678,0.0177,ok
Validation,ONeilDunne_2014_versatile-production-oriented.pdf,16,29,578,0.00173,ok
Validation,ONeilDunne_2014_versatile-production-oriented.pdf,17,29,3351,0.01253,ok
Validation,ONeilDunne_2014_versatile-production-oriented.pdf,18,29,894,0.00112,ok
Validation,ONeilDunne_2014_versatile-production-oriented.pdf,19,29,3201,0.0,ok
Validation,ONeilDunne_2014_versatile-production-oriented.pdf,20,29,3197,0.01032,ok
Validation,ONeilDunne_2014_versatile-production-oriented.pdf,21,29,1160,0.00431,ok
Validation,ONeilDunne_2014_versatile-production-oriented.pdf,22,29,2763,0.0152,ok
Validation,ONeilDunne_2014_versatile-production-oriented.pdf,23,29,3331,0.0057,ok
Validation,ONeilDunne_2014_versatile-production-oriented.pdf,24,29,1239,0.00161,ok
Validation,ONeilDunne_2014_versatile-production-oriented.pdf,25,29,1815,0.0,ok
Validation,ONeilDunne_2014_versatile-production-oriented.pdf,26,29,2572,0.00855,ok
Validation,ONeilDunne_2014_versatile-production-oriented.pdf,27,29,2798,0.01036,ok
Validation,ONeilDunne_2014_versatile-production-oriented.pdf,28,29,2716,0.01031,ok
Validation,ONeilDunne_2014_versatile-production-oriented.pdf,29,29,695,0.0,ok
Validation,Ock_2024_drivers-tree-canopy-loss-mid.pdf,1,20,3733,0.00777,ok
Validation,Ock_2024_drivers-tree-canopy-loss-mid.pdf,2,20,3965,0.0,ok
Validation,Ock_2024_drivers-tree-canopy-loss-mid.pdf,3,20,3478,0.00316,ok
Validation,Ock_2024_drivers-tree-canopy-loss-mid.pdf,4,20,3007,0.002,ok
Validation,Ock_2024_drivers-tree-canopy-loss-mid.pdf,5,20,2726,0.0664,ok
Validation,Ock_2024_drivers-tree-canopy-loss-mid.pdf,6,20,2707,0.05246,ok
Validation,Ock_2024_drivers-tree-canopy-loss-mid.pdf,7,20,3427,0.0,ok
Validation,Ock_2024_drivers-tree-canopy-loss-mid.pdf,8,20,3157,0.00285,ok
Validation,Ock_2024_drivers-tree-canopy-loss-mid.pdf,9,20,5188,0.00501,ok
Validation,Ock_2024_drivers-tree-canopy-loss-mid.pdf,10,20,4387,0.00843,ok
Validation,Ock_2024_drivers-tree-canopy-loss-mid.pdf,11,20,2743,0.01969,ok
Validation,Ock_2024_drivers-tree-canopy-loss-mid.pdf,12,20,3867,0.00698,ok
Validation,Ock_2024_drivers-tree-canopy-loss-mid.pdf,13,20,3715,0.0,ok
Validation,Ock_2024_drivers-tree-canopy-loss-mid.pdf,14,20,3688,0.0,ok
Validation,Ock_2024_drivers-tree-canopy-loss-mid.pdf,15,20,3900,0.00205,ok
Validation,Ock_2024_drivers-tree-canopy-loss-mid.pdf,16,20,3586,0.00279,ok
Validation,Ock_2024_drivers-tree-canopy-loss-mid.pdf,17,20,3623,0.008,ok
Validation,Ock_2024_drivers-tree-canopy-loss-mid.pdf,18,20,4661,0.01008,ok
Validation,Ock_2024_drivers-tree-canopy-loss-mid.pdf,19,20,4824,0.00415,ok
Validation,Ock_2024_drivers-tree-canopy-loss-mid.pdf,20,20,4715,0.00382,ok
Validation,Ogata_1988_statistical-models-earthquake.pdf,1,20,1909,0.00367,ok
Validation,Ogata_1988_statistical-models-earthquake.pdf,2,20,5156,0.00446,ok
Validation,Ogata_1988_statistical-models-earthquake.pdf,3,20,4689,0.05225,ok
Validation,Ogata_1988_statistical-models-earthquake.pdf,4,20,3748,0.04242,ok
Validation,Ogata_1988_statistical-models-earthquake.pdf,5,20,4209,0.03207,ok
Validation,Ogata_1988_statistical-models-earthquake.pdf,6,20,1939,0.04229,ok
Validation,Ogata_1988_statistical-models-earthquake.pdf,7,20,4380,0.94977,ok
Validation,Ogata_1988_statistical-models-earthquake.pdf,8,20,4454,0.93624,ok
Validation,Ogata_1988_statistical-models-earthquake.pdf,9,20,2151,0.03812,ok
Validation,Ogata_1988_statistical-models-earthquake.pdf,10,20,1804,0.14967,ok
Validation,Ogata_1988_statistical-models-earthquake.pdf,11,20,1188,0.0766,ok
Validation,Ogata_1988_statistical-models-earthquake.pdf,12,20,1727,0.01969,ok
Validation,Ogata_1988_statistical-models-earthquake.pdf,13,20,1603,0.05427,ok
Validation,Ogata_1988_statistical-models-earthquake.pdf,14,20,2699,0.01667,ok
Validation,Ogata_1988_statistical-models-earthquake.pdf,15,20,2139,0.02104,ok
Validation,Ogata_1988_statistical-models-earthquake.pdf,16,20,4975,0.01266,ok
Validation,Ogata_1988_statistical-models-earthquake.pdf,17,20,896,0.01451,ok
Validation,Ogata_1988_statistical-models-earthquake.pdf,18,20,2374,0.0198,ok
Validation,Ogata_1988_statistical-models-earthquake.pdf,19,20,6759,0.00607,ok
Validation,Ogata_1988_statistical-models-earthquake.pdf,20,20,4287,0.01773,ok
Validation,Ogata_1998_space-time-point-process-models.pdf,1,24,0,0.0,ok
Validation,Ogata_1998_space-time-point-process-models.pdf,2,24,0,0.0,ok
Validation,Ogata_1998_space-time-point-process-models.pdf,3,24,0,0.0,ok
Validation,Ogata_1998_space-time-point-process-models.pdf,4,24,0,0.0,ok
Validation,Ogata_1998_space-time-point-process-models.pdf,5,24,0,0.0,ok
Validation,Ogata_1998_space-time-point-process-models.pdf,6,24,0,0.0,ok
Validation,Ogata_1998_space-time-point-process-models.pdf,7,24,0,0.0,ok
Validation,Ogata_1998_space-time-point-process-models.pdf,8,24,0,0.0,ok
Validation,Ogata_1998_space-time-point-process-models.pdf,9,24,0,0.0,ok
Validation,Ogata_1998_space-time-point-process-models.pdf,10,24,0,0.0,ok
Validation,Ogata_1998_space-time-point-process-models.pdf,11,24,0,0.0,ok
Validation,Ogata_1998_space-time-point-process-models.pdf,12,24,0,0.0,ok
Validation,Ogata_1998_space-time-point-process-models.pdf,13,24,0,0.0,ok
Validation,Ogata_1998_space-time-point-process-models.pdf,14,24,0,0.0,ok
Validation,Ogata_1998_space-time-point-process-models.pdf,15,24,0,0.0,ok
Validation,Ogata_1998_space-time-point-process-models.pdf,16,24,0,0.0,ok
Validation,Ogata_1998_space-time-point-process-models.pdf,17,24,0,0.0,ok
Validation,Ogata_1998_space-time-point-process-models.pdf,18,24,0,0.0,ok
Validation,Ogata_1998_space-time-point-process-models.pdf,19,24,0,0.0,ok
Validation,Ogata_1998_space-time-point-process-models.pdf,20,24,0,0.0,ok
Validation,Ogata_1998_space-time-point-process-models.pdf,21,24,0,0.0,ok
Validation,Ogata_1998_space-time-point-process-models.pdf,22,24,0,0.0,ok
Validation,Ogata_1998_space-time-point-process-models.pdf,23,24,0,0.0,ok
Validation,Ogata_1998_space-time-point-process-models.pdf,24,24,0,0.0,ok
Validation,Olofsson_2013_making-better-use-accuracy-data.pdf,1,10,4725,0.00529,ok
Validation,Olofsson_2013_making-better-use-accuracy-data.pdf,2,10,7207,0.00264,ok
Validation,Olofsson_2013_making-better-use-accuracy-data.pdf,3,10,7108,0.00028,ok
Validation,Olofsson_2013_making-better-use-accuracy-data.pdf,4,10,5534,0.03216,ok
Validation,Olofsson_2013_making-better-use-accuracy-data.pdf,5,10,5567,0.06449,ok
Validation,Olofsson_2013_making-better-use-accuracy-data.pdf,6,10,6172,0.03402,ok
Validation,Olofsson_2013_making-better-use-accuracy-data.pdf,7,10,6098,0.02214,ok
Validation,Olofsson_2013_making-better-use-accuracy-data.pdf,8,10,4521,0.02035,ok
Validation,Olofsson_2013_making-better-use-accuracy-data.pdf,9,10,7588,0.00843,ok
Validation,Olofsson_2013_making-better-use-accuracy-data.pdf,10,10,5621,0.00872,ok
Validation,Page_1954_continuous-inspection-schemes.pdf,1,17,849,0.00236,ok
Validation,Page_1954_continuous-inspection-schemes.pdf,2,17,2706,0.00185,ok
Validation,Page_1954_continuous-inspection-schemes.pdf,3,17,3121,0.01602,ok
Validation,Page_1954_continuous-inspection-schemes.pdf,4,17,2547,0.04201,ok
Validation,Page_1954_continuous-inspection-schemes.pdf,5,17,2470,0.0587,ok
Validation,Page_1954_continuous-inspection-schemes.pdf,6,17,1413,0.08917,ok
Validation,Page_1954_continuous-inspection-schemes.pdf,7,17,2450,0.03429,ok
Validation,Page_1954_continuous-inspection-schemes.pdf,8,17,2551,0.03293,ok
Validation,Page_1954_continuous-inspection-schemes.pdf,9,17,1635,0.07584,ok
Validation,Page_1954_continuous-inspection-schemes.pdf,10,17,3046,0.01248,ok
Validation,Page_1954_continuous-inspection-schemes.pdf,11,17,2557,0.03246,ok
Validation,Page_1954_continuous-inspection-schemes.pdf,12,17,2392,0.01421,ok
Validation,Page_1954_continuous-inspection-schemes.pdf,13,17,2564,0.02769,ok
Validation,Page_1954_continuous-inspection-schemes.pdf,14,17,2861,0.00769,ok
Validation,Page_1954_continuous-inspection-schemes.pdf,15,17,2523,0.01784,ok
Validation,Page_1954_continuous-inspection-schemes.pdf,16,17,2501,0.0048,ok
Validation,Page_1954_continuous-inspection-schemes.pdf,17,17,1250,0.2848,ok
Validation,Papadopoulos_2024_decision-fusion-pixel-level-multi.pdf,1,31,3582,0.01228,ok
Validation,Papadopoulos_2024_decision-fusion-pixel-level-multi.pdf,2,31,3886,0.0,ok
Validation,Papadopoulos_2024_decision-fusion-pixel-level-multi.pdf,3,31,3970,0.00025,ok
Validation,Papadopoulos_2024_decision-fusion-pixel-level-multi.pdf,4,31,4047,0.00025,ok
Validation,Papadopoulos_2024_decision-fusion-pixel-level-multi.pdf,5,31,5039,0.0,ok
Validation,Papadopoulos_2024_decision-fusion-pixel-level-multi.pdf,6,31,3417,0.04887,ok
Validation,Papadopoulos_2024_decision-fusion-pixel-level-multi.pdf,7,31,2200,0.11182,ok
Validation,Papadopoulos_2024_decision-fusion-pixel-level-multi.pdf,8,31,1854,0.15588,ok
Validation,Papadopoulos_2024_decision-fusion-pixel-level-multi.pdf,9,31,2101,0.15612,ok
Validation,Papadopoulos_2024_decision-fusion-pixel-level-multi.pdf,10,31,2916,0.07167,ok
Validation,Papadopoulos_2024_decision-fusion-pixel-level-multi.pdf,11,31,3829,0.00157,ok
Validation,Papadopoulos_2024_decision-fusion-pixel-level-multi.pdf,12,31,2912,0.07658,ok
Validation,Papadopoulos_2024_decision-fusion-pixel-level-multi.pdf,13,31,4079,0.1091,ok
Validation,Papadopoulos_2024_decision-fusion-pixel-level-multi.pdf,14,31,3682,0.16866,ok
Validation,Papadopoulos_2024_decision-fusion-pixel-level-multi.pdf,15,31,3883,0.00747,ok
Validation,Papadopoulos_2024_decision-fusion-pixel-level-multi.pdf,16,31,4874,0.00123,ok
Validation,Papadopoulos_2024_decision-fusion-pixel-level-multi.pdf,17,31,2975,0.03294,ok
Validation,Papadopoulos_2024_decision-fusion-pixel-level-multi.pdf,18,31,3214,0.0448,ok
Validation,Papadopoulos_2024_decision-fusion-pixel-level-multi.pdf,19,31,2455,0.10916,ok
Validation,Papadopoulos_2024_decision-fusion-pixel-level-multi.pdf,20,31,3558,0.01771,ok
Validation,Papadopoulos_2024_decision-fusion-pixel-level-multi.pdf,21,31,2552,0.13323,ok
Validation,Papadopoulos_2024_decision-fusion-pixel-level-multi.pdf,22,31,4773,0.01341,ok
Validation,Papadopoulos_2024_decision-fusion-pixel-level-multi.pdf,23,31,3636,0.0,ok
Validation,Papadopoulos_2024_decision-fusion-pixel-level-multi.pdf,24,31,3657,0.07629,ok
Validation,Papadopoulos_2024_decision-fusion-pixel-level-multi.pdf,25,31,3824,0.0,ok
Validation,Papadopoulos_2024_decision-fusion-pixel-level-multi.pdf,26,31,3725,0.0,ok
Validation,Papadopoulos_2024_decision-fusion-pixel-level-multi.pdf,27,31,5001,0.0052,ok
Validation,Papadopoulos_2024_decision-fusion-pixel-level-multi.pdf,28,31,5074,0.00749,ok
Validation,Papadopoulos_2024_decision-fusion-pixel-level-multi.pdf,29,31,5010,0.0012,ok
Validation,Papadopoulos_2024_decision-fusion-pixel-level-multi.pdf,30,31,5180,0.00676,ok
Validation,Papadopoulos_2024_decision-fusion-pixel-level-multi.pdf,31,31,4563,0.00219,ok
Validation,Parisi_2014_ranking-combining-multiple-predictors.pdf,1,26,5752,0.00695,ok
Validation,Parisi_2014_ranking-combining-multiple-predictors.pdf,2,26,4542,0.05746,ok
Validation,Parisi_2014_ranking-combining-multiple-predictors.pdf,3,26,4228,0.06291,ok
Validation,Parisi_2014_ranking-combining-multiple-predictors.pdf,4,26,4321,0.1178,ok
Validation,Parisi_2014_ranking-combining-multiple-predictors.pdf,5,26,4246,0.03227,ok
Validation,Parisi_2014_ranking-combining-multiple-predictors.pdf,6,26,4809,0.02537,ok
Validation,Parisi_2014_ranking-combining-multiple-predictors.pdf,7,26,4205,0.01046,ok
Validation,Parisi_2014_ranking-combining-multiple-predictors.pdf,8,26,1023,0.00293,ok
Validation,Parisi_2014_ranking-combining-multiple-predictors.pdf,9,26,2429,0.00947,ok
Validation,Parisi_2014_ranking-combining-multiple-predictors.pdf,10,26,3601,0.11469,ok
Validation,Parisi_2014_ranking-combining-multiple-predictors.pdf,11,26,2599,0.04694,ok
Validation,Parisi_2014_ranking-combining-multiple-predictors.pdf,12,26,3095,0.16607,ok
Validation,Parisi_2014_ranking-combining-multiple-predictors.pdf,13,26,4361,0.12795,ok
Validation,Parisi_2014_ranking-combining-multiple-predictors.pdf,14,26,3769,0.16132,ok
Validation,Parisi_2014_ranking-combining-multiple-predictors.pdf,15,26,3037,0.17682,ok
Validation,Parisi_2014_ranking-combining-multiple-predictors.pdf,16,26,3831,0.09893,ok
Validation,Parisi_2014_ranking-combining-multiple-predictors.pdf,17,26,5017,0.01196,ok
Validation,Parisi_2014_ranking-combining-multiple-predictors.pdf,18,26,1944,0.03909,ok
Validation,Parisi_2014_ranking-combining-multiple-predictors.pdf,19,26,2844,0.01723,ok
Validation,Parisi_2014_ranking-combining-multiple-predictors.pdf,20,26,659,0.04401,ok
Validation,Parisi_2014_ranking-combining-multiple-predictors.pdf,21,26,570,0.0386,ok
Validation,Parisi_2014_ranking-combining-multiple-predictors.pdf,22,26,402,0.20398,ok
Validation,Parisi_2014_ranking-combining-multiple-predictors.pdf,23,26,1013,0.12438,ok
Validation,Parisi_2014_ranking-combining-multiple-predictors.pdf,24,26,533,0.32458,ok
Validation,Parisi_2014_ranking-combining-multiple-predictors.pdf,25,26,703,0.21622,ok
Validation,Parisi_2014_ranking-combining-multiple-predictors.pdf,26,26,3425,0.0073,ok
Validation,Parisot_2013_uncertainty-driven-efficiently-sampled.pdf,1,8,3680,0.01087,ok
Validation,Parisot_2013_uncertainty-driven-efficiently-sampled.pdf,2,8,3851,0.09712,ok
Validation,Parisot_2013_uncertainty-driven-efficiently-sampled.pdf,3,8,3959,0.06795,ok
Validation,Parisot_2013_uncertainty-driven-efficiently-sampled.pdf,4,8,2277,0.12165,ok
Validation,Parisot_2013_uncertainty-driven-efficiently-sampled.pdf,5,8,4088,0.05626,ok
Validation,Parisot_2013_uncertainty-driven-efficiently-sampled.pdf,6,8,2497,0.04085,ok
Validation,Parisot_2013_uncertainty-driven-efficiently-sampled.pdf,7,8,3794,0.03822,ok
Validation,Parisot_2013_uncertainty-driven-efficiently-sampled.pdf,8,8,176,0.06818,ok
Validation,Pauls_2025_capturing-temporal-dynamics-large-scale.pdf,1,17,3702,0.01053,ok
Validation,Pauls_2025_capturing-temporal-dynamics-large-scale.pdf,2,17,4695,0.00469,ok
Validation,Pauls_2025_capturing-temporal-dynamics-large-scale.pdf,3,17,4905,0.00734,ok
Validation,Pauls_2025_capturing-temporal-dynamics-large-scale.pdf,4,17,4437,0.01172,ok
Validation,Pauls_2025_capturing-temporal-dynamics-large-scale.pdf,5,17,3634,0.02064,ok
Validation,Pauls_2025_capturing-temporal-dynamics-large-scale.pdf,6,17,4143,0.0309,ok
Validation,Pauls_2025_capturing-temporal-dynamics-large-scale.pdf,7,17,2935,0.00852,ok
Validation,Pauls_2025_capturing-temporal-dynamics-large-scale.pdf,8,17,3093,0.10475,ok
Validation,Pauls_2025_capturing-temporal-dynamics-large-scale.pdf,9,17,1640,0.0189,ok
Validation,Pauls_2025_capturing-temporal-dynamics-large-scale.pdf,10,17,4413,0.0111,ok
Validation,Pauls_2025_capturing-temporal-dynamics-large-scale.pdf,11,17,4510,0.00599,ok
Validation,Pauls_2025_capturing-temporal-dynamics-large-scale.pdf,12,17,3328,0.00571,ok
Validation,Pauls_2025_capturing-temporal-dynamics-large-scale.pdf,13,17,3290,0.02036,ok
Validation,Pauls_2025_capturing-temporal-dynamics-large-scale.pdf,14,17,238,0.0084,ok
Validation,Pauls_2025_capturing-temporal-dynamics-large-scale.pdf,15,17,1661,0.01505,ok
Validation,Pauls_2025_capturing-temporal-dynamics-large-scale.pdf,16,17,136,0.01471,ok
Validation,Pauls_2025_capturing-temporal-dynamics-large-scale.pdf,17,17,337,0.00593,ok
Validation,Pesonen_2026_learning-image-based-tree-crown.pdf,1,21,2326,0.01204,ok
Validation,Pesonen_2026_learning-image-based-tree-crown.pdf,2,21,3400,0.00206,ok
Validation,Pesonen_2026_learning-image-based-tree-crown.pdf,3,21,3173,0.0104,ok
Validation,Pesonen_2026_learning-image-based-tree-crown.pdf,4,21,1939,0.00361,ok
Validation,Pesonen_2026_learning-image-based-tree-crown.pdf,5,21,2926,0.01606,ok
Validation,Pesonen_2026_learning-image-based-tree-crown.pdf,6,21,1794,0.01059,ok
Validation,Pesonen_2026_learning-image-based-tree-crown.pdf,7,21,1927,0.01764,ok
Validation,Pesonen_2026_learning-image-based-tree-crown.pdf,8,21,3019,0.00331,ok
Validation,Pesonen_2026_learning-image-based-tree-crown.pdf,9,21,2843,0.0095,ok
Validation,Pesonen_2026_learning-image-based-tree-crown.pdf,10,21,287,0.12195,ok
Validation,Pesonen_2026_learning-image-based-tree-crown.pdf,11,21,2795,0.0068,ok
Validation,Pesonen_2026_learning-image-based-tree-crown.pdf,12,21,1377,0.07625,ok
Validation,Pesonen_2026_learning-image-based-tree-crown.pdf,13,21,325,0.00615,ok
Validation,Pesonen_2026_learning-image-based-tree-crown.pdf,14,21,2640,0.00947,ok
Validation,Pesonen_2026_learning-image-based-tree-crown.pdf,15,21,2831,0.00177,ok
Validation,Pesonen_2026_learning-image-based-tree-crown.pdf,16,21,2676,0.01084,ok
Validation,Pesonen_2026_learning-image-based-tree-crown.pdf,17,21,2750,0.00691,ok
Validation,Pesonen_2026_learning-image-based-tree-crown.pdf,18,21,2624,0.00419,ok
Validation,Pesonen_2026_learning-image-based-tree-crown.pdf,19,21,660,0.09697,ok
Validation,Pesonen_2026_learning-image-based-tree-crown.pdf,20,21,111,0.01802,ok
Validation,Pesonen_2026_learning-image-based-tree-crown.pdf,21,21,447,0.0,ok
Validation,Pillow_2008_spatio-temporal-correlations-visual.pdf,1,7,5980,0.01288,ok
Validation,Pillow_2008_spatio-temporal-correlations-visual.pdf,2,7,5829,0.03328,ok
Validation,Pillow_2008_spatio-temporal-correlations-visual.pdf,3,7,4208,0.04515,ok
Validation,Pillow_2008_spatio-temporal-correlations-visual.pdf,4,7,3737,0.05673,ok
Validation,Pillow_2008_spatio-temporal-correlations-visual.pdf,5,7,6978,0.00516,ok
Validation,Pillow_2008_spatio-temporal-correlations-visual.pdf,6,7,7851,0.01911,ok
Validation,Pillow_2008_spatio-temporal-correlations-visual.pdf,7,7,596,0.09228,ok
Validation,Platanios_2014_estimating-accuracy-unlabeled-data.pdf,1,10,3631,0.01019,ok
Validation,Platanios_2014_estimating-accuracy-unlabeled-data.pdf,2,10,4438,0.02591,ok
Validation,Platanios_2014_estimating-accuracy-unlabeled-data.pdf,3,10,3937,0.06477,ok
Validation,Platanios_2014_estimating-accuracy-unlabeled-data.pdf,4,10,3860,0.06192,ok
Validation,Platanios_2014_estimating-accuracy-unlabeled-data.pdf,5,10,3440,0.08837,ok
Validation,Platanios_2014_estimating-accuracy-unlabeled-data.pdf,6,10,4694,0.01917,ok
Validation,Platanios_2014_estimating-accuracy-unlabeled-data.pdf,7,10,4588,0.01678,ok
Validation,Platanios_2014_estimating-accuracy-unlabeled-data.pdf,8,10,4255,0.0564,ok
Validation,Platanios_2014_estimating-accuracy-unlabeled-data.pdf,9,10,4214,0.03417,ok
Validation,Platanios_2014_estimating-accuracy-unlabeled-data.pdf,10,10,2161,0.01296,ok
Validation,Platanios_2016_estimating-accuracy-unlabeled-data.pdf,1,10,4001,0.00275,ok
Validation,Platanios_2016_estimating-accuracy-unlabeled-data.pdf,2,10,5032,0.0,ok
Validation,Platanios_2016_estimating-accuracy-unlabeled-data.pdf,3,10,3749,0.08589,ok
Validation,Platanios_2016_estimating-accuracy-unlabeled-data.pdf,4,10,4134,0.05806,ok
Validation,Platanios_2016_estimating-accuracy-unlabeled-data.pdf,5,10,3535,0.07072,ok
Validation,Platanios_2016_estimating-accuracy-unlabeled-data.pdf,6,10,4651,0.02,ok
Validation,Platanios_2016_estimating-accuracy-unlabeled-data.pdf,7,10,3033,0.03528,ok
Validation,Platanios_2016_estimating-accuracy-unlabeled-data.pdf,8,10,5134,0.00156,ok
Validation,Platanios_2016_estimating-accuracy-unlabeled-data.pdf,9,10,3975,0.00805,ok
Validation,Platanios_2016_estimating-accuracy-unlabeled-data.pdf,10,10,475,0.0,ok
Validation,Politis_1994_large-sample-confidence-regions-based.pdf,1,20,130,0.00769,ok
Validation,Politis_1994_large-sample-confidence-regions-based.pdf,2,20,0,0.0,ok
Validation,Politis_1994_large-sample-confidence-regions-based.pdf,3,20,0,0.0,ok
Validation,Politis_1994_large-sample-confidence-regions-based.pdf,4,20,0,0.0,ok
Validation,Politis_1994_large-sample-confidence-regions-based.pdf,5,20,0,0.0,ok
Validation,Politis_1994_large-sample-confidence-regions-based.pdf,6,20,0,0.0,ok
Validation,Politis_1994_large-sample-confidence-regions-based.pdf,7,20,0,0.0,ok
Validation,Politis_1994_large-sample-confidence-regions-based.pdf,8,20,0,0.0,ok
Validation,Politis_1994_large-sample-confidence-regions-based.pdf,9,20,0,0.0,ok
Validation,Politis_1994_large-sample-confidence-regions-based.pdf,10,20,0,0.0,ok
Validation,Politis_1994_large-sample-confidence-regions-based.pdf,11,20,0,0.0,ok
Validation,Politis_1994_large-sample-confidence-regions-based.pdf,12,20,0,0.0,ok
Validation,Politis_1994_large-sample-confidence-regions-based.pdf,13,20,0,0.0,ok
Validation,Politis_1994_large-sample-confidence-regions-based.pdf,14,20,0,0.0,ok
Validation,Politis_1994_large-sample-confidence-regions-based.pdf,15,20,0,0.0,ok
Validation,Politis_1994_large-sample-confidence-regions-based.pdf,16,20,0,0.0,ok
Validation,Politis_1994_large-sample-confidence-regions-based.pdf,17,20,0,0.0,ok
Validation,Politis_1994_large-sample-confidence-regions-based.pdf,18,20,0,0.0,ok
Validation,Politis_1994_large-sample-confidence-regions-based.pdf,19,20,0,0.0,ok
Validation,Politis_1994_large-sample-confidence-regions-based.pdf,20,20,0,0.0,ok
Validation,Psarakis_2007_spc-procedures-monitoring.pdf,1,41,752,0.01862,ok
Validation,Psarakis_2007_spc-procedures-monitoring.pdf,2,41,2806,0.05381,ok
Validation,Psarakis_2007_spc-procedures-monitoring.pdf,3,41,3353,0.00298,ok
Validation,Psarakis_2007_spc-procedures-monitoring.pdf,4,41,3411,0.00322,ok
Validation,Psarakis_2007_spc-procedures-monitoring.pdf,5,41,2237,0.07152,ok
Validation,Psarakis_2007_spc-procedures-monitoring.pdf,6,41,2418,0.03557,ok
Validation,Psarakis_2007_spc-procedures-monitoring.pdf,7,41,2826,0.01946,ok
Validation,Psarakis_2007_spc-procedures-monitoring.pdf,8,41,2642,0.02801,ok
Validation,Psarakis_2007_spc-procedures-monitoring.pdf,9,41,2500,0.056,ok
Validation,Psarakis_2007_spc-procedures-monitoring.pdf,10,41,2293,0.06672,ok
Validation,Psarakis_2007_spc-procedures-monitoring.pdf,11,41,1649,0.06913,ok
Validation,Psarakis_2007_spc-procedures-monitoring.pdf,12,41,2944,0.0051,ok
Validation,Psarakis_2007_spc-procedures-monitoring.pdf,13,41,2758,0.05294,ok
Validation,Psarakis_2007_spc-procedures-monitoring.pdf,14,41,2663,0.03192,ok
Validation,Psarakis_2007_spc-procedures-monitoring.pdf,15,41,2279,0.0373,ok
Validation,Psarakis_2007_spc-procedures-monitoring.pdf,16,41,2550,0.03922,ok
Validation,Psarakis_2007_spc-procedures-monitoring.pdf,17,41,2749,0.03056,ok
Validation,Psarakis_2007_spc-procedures-monitoring.pdf,18,41,2270,0.05066,ok
Validation,Psarakis_2007_spc-procedures-monitoring.pdf,19,41,2315,0.07775,ok
Validation,Psarakis_2007_spc-procedures-monitoring.pdf,20,41,2412,0.07297,ok
Validation,Psarakis_2007_spc-procedures-monitoring.pdf,21,41,2911,0.00309,ok
Validation,Psarakis_2007_spc-procedures-monitoring.pdf,22,41,3102,0.02482,ok
Validation,Psarakis_2007_spc-procedures-monitoring.pdf,23,41,3137,0.00287,ok
Validation,Psarakis_2007_spc-procedures-monitoring.pdf,24,41,2784,0.0255,ok
Validation,Psarakis_2007_spc-procedures-monitoring.pdf,25,41,3387,0.00709,ok
Validation,Psarakis_2007_spc-procedures-monitoring.pdf,26,41,3480,0.0,ok
Validation,Psarakis_2007_spc-procedures-monitoring.pdf,27,41,2850,0.01719,ok
Validation,Psarakis_2007_spc-procedures-monitoring.pdf,28,41,3205,0.00655,ok
Validation,Psarakis_2007_spc-procedures-monitoring.pdf,29,41,3151,0.04094,ok
Validation,Psarakis_2007_spc-procedures-monitoring.pdf,30,41,2737,0.019,ok
Validation,Psarakis_2007_spc-procedures-monitoring.pdf,31,41,3186,0.00565,ok
Validation,Psarakis_2007_spc-procedures-monitoring.pdf,32,41,2967,0.00404,ok
Validation,Psarakis_2007_spc-procedures-monitoring.pdf,33,41,2666,0.0105,ok
Validation,Psarakis_2007_spc-procedures-monitoring.pdf,34,41,2825,0.01841,ok
Validation,Psarakis_2007_spc-procedures-monitoring.pdf,35,41,2911,0.00859,ok
Validation,Psarakis_2007_spc-procedures-monitoring.pdf,36,41,3002,0.00366,ok
Validation,Psarakis_2007_spc-procedures-monitoring.pdf,37,41,2917,0.00754,ok
Validation,Psarakis_2007_spc-procedures-monitoring.pdf,38,41,2916,0.01166,ok
Validation,Psarakis_2007_spc-procedures-monitoring.pdf,39,41,2944,0.00815,ok
Validation,Psarakis_2007_spc-procedures-monitoring.pdf,40,41,3234,0.0,ok
Validation,Psarakis_2007_spc-procedures-monitoring.pdf,41,41,2281,0.00263,ok
Validation,Radoux_2020a_how-response-designs-class-proportions.pdf,1,22,3139,0.00765,ok
Validation,Radoux_2020a_how-response-designs-class-proportions.pdf,2,22,3985,0.00979,ok
Validation,Radoux_2020a_how-response-designs-class-proportions.pdf,3,22,3827,0.00314,ok
Validation,Radoux_2020a_how-response-designs-class-proportions.pdf,4,22,3884,0.02266,ok
Validation,Radoux_2020a_how-response-designs-class-proportions.pdf,5,22,2633,0.00228,ok
Validation,Radoux_2020a_how-response-designs-class-proportions.pdf,6,22,3501,0.00229,ok
Validation,Radoux_2020a_how-response-designs-class-proportions.pdf,7,22,1436,0.05919,ok
Validation,Radoux_2020a_how-response-designs-class-proportions.pdf,8,22,3405,0.01263,ok
Validation,Radoux_2020a_how-response-designs-class-proportions.pdf,9,22,3007,0.0306,ok
Validation,Radoux_2020a_how-response-designs-class-proportions.pdf,10,22,2932,0.04604,ok
Validation,Radoux_2020a_how-response-designs-class-proportions.pdf,11,22,2896,0.00691,ok
Validation,Radoux_2020a_how-response-designs-class-proportions.pdf,12,22,3376,0.00089,ok
Validation,Radoux_2020a_how-response-designs-class-proportions.pdf,13,22,456,0.0,ok
Validation,Radoux_2020a_how-response-designs-class-proportions.pdf,14,22,2143,0.00513,ok
Validation,Radoux_2020a_how-response-designs-class-proportions.pdf,15,22,923,0.0,ok
Validation,Radoux_2020a_how-response-designs-class-proportions.pdf,16,22,3865,0.0,ok
Validation,Radoux_2020a_how-response-designs-class-proportions.pdf,17,22,3896,0.00051,ok
Validation,Radoux_2020a_how-response-designs-class-proportions.pdf,18,22,3008,0.0,ok
Validation,Radoux_2020a_how-response-designs-class-proportions.pdf,19,22,3531,0.0051,ok
Validation,Radoux_2020a_how-response-designs-class-proportions.pdf,20,22,3585,0.01172,ok
Validation,Radoux_2020a_how-response-designs-class-proportions.pdf,21,22,3823,0.01072,ok
Validation,Radoux_2020a_how-response-designs-class-proportions.pdf,22,22,1598,0.00751,ok
Validation,Radoux_2020b_about-pitfall-erroneous-validation.pdf,1,23,3073,0.00781,ok
Validation,Radoux_2020b_about-pitfall-erroneous-validation.pdf,2,23,3881,0.00103,ok
Validation,Radoux_2020b_about-pitfall-erroneous-validation.pdf,3,23,1907,0.0818,ok
Validation,Radoux_2020b_about-pitfall-erroneous-validation.pdf,4,23,2146,0.1123,ok
Validation,Radoux_2020b_about-pitfall-erroneous-validation.pdf,5,23,2420,0.16074,ok
Validation,Radoux_2020b_about-pitfall-erroneous-validation.pdf,6,23,2917,0.03497,ok
Validation,Radoux_2020b_about-pitfall-erroneous-validation.pdf,7,23,1691,0.08752,ok
Validation,Radoux_2020b_about-pitfall-erroneous-validation.pdf,8,23,3397,0.00059,ok
Validation,Radoux_2020b_about-pitfall-erroneous-validation.pdf,9,23,2628,0.02664,ok
Validation,Radoux_2020b_about-pitfall-erroneous-validation.pdf,10,23,2677,0.00934,ok
Validation,Radoux_2020b_about-pitfall-erroneous-validation.pdf,11,23,3061,0.00327,ok
Validation,Radoux_2020b_about-pitfall-erroneous-validation.pdf,12,23,3311,0.00906,ok
Validation,Radoux_2020b_about-pitfall-erroneous-validation.pdf,13,23,2512,0.05892,ok
Validation,Radoux_2020b_about-pitfall-erroneous-validation.pdf,14,23,2792,0.0043,ok
Validation,Radoux_2020b_about-pitfall-erroneous-validation.pdf,15,23,2601,0.01192,ok
Validation,Radoux_2020b_about-pitfall-erroneous-validation.pdf,16,23,3853,0.00182,ok
Validation,Radoux_2020b_about-pitfall-erroneous-validation.pdf,17,23,3769,0.0,ok
Validation,Radoux_2020b_about-pitfall-erroneous-validation.pdf,18,23,2847,0.02213,ok
Validation,Radoux_2020b_about-pitfall-erroneous-validation.pdf,19,23,1142,0.11646,ok
Validation,Radoux_2020b_about-pitfall-erroneous-validation.pdf,20,23,1633,0.0049,ok
Validation,Radoux_2020b_about-pitfall-erroneous-validation.pdf,21,23,1641,0.00488,ok
Validation,Radoux_2020b_about-pitfall-erroneous-validation.pdf,22,23,2303,0.00695,ok
Validation,Radoux_2020b_about-pitfall-erroneous-validation.pdf,23,23,3250,0.01292,ok
Validation,Ratner_2017_snorkel-rapid-training-data-creation.pdf,1,17,4396,0.00751,ok
Validation,Ratner_2017_snorkel-rapid-training-data-creation.pdf,2,17,5874,0.00051,ok
Validation,Ratner_2017_snorkel-rapid-training-data-creation.pdf,3,17,4907,0.05686,ok
Validation,Ratner_2017_snorkel-rapid-training-data-creation.pdf,4,17,4952,0.01535,ok
Validation,Ratner_2017_snorkel-rapid-training-data-creation.pdf,5,17,4935,0.02634,ok
Validation,Ratner_2017_snorkel-rapid-training-data-creation.pdf,6,17,4269,0.06582,ok
Validation,Ratner_2017_snorkel-rapid-training-data-creation.pdf,7,17,5305,0.01828,ok
Validation,Ratner_2017_snorkel-rapid-training-data-creation.pdf,8,17,5311,0.0273,ok
Validation,Ratner_2017_snorkel-rapid-training-data-creation.pdf,9,17,4696,0.0132,ok
Validation,Ratner_2017_snorkel-rapid-training-data-creation.pdf,10,17,4800,0.00958,ok
Validation,Ratner_2017_snorkel-rapid-training-data-creation.pdf,11,17,4882,0.00533,ok
Validation,Ratner_2017_snorkel-rapid-training-data-creation.pdf,12,17,5985,0.00468,ok
Validation,Ratner_2017_snorkel-rapid-training-data-creation.pdf,13,17,5908,0.01253,ok
Validation,Ratner_2017_snorkel-rapid-training-data-creation.pdf,14,17,2151,0.00511,ok
Validation,Ratner_2017_snorkel-rapid-training-data-creation.pdf,15,17,3873,0.14898,ok
Validation,Ratner_2017_snorkel-rapid-training-data-creation.pdf,16,17,3630,0.13664,ok
Validation,Ratner_2017_snorkel-rapid-training-data-creation.pdf,17,17,3673,0.04274,ok
Validation,Raykar_2010_learning-crowds.pdf,1,26,2008,0.01892,ok
Validation,Raykar_2010_learning-crowds.pdf,2,26,3038,0.01382,ok
Validation,Raykar_2010_learning-crowds.pdf,3,26,2788,0.03336,ok
Validation,Raykar_2010_learning-crowds.pdf,4,26,2893,0.00277,ok
Validation,Raykar_2010_learning-crowds.pdf,5,26,2142,0.08263,ok
Validation,Raykar_2010_learning-crowds.pdf,6,26,1415,0.22191,ok
Validation,Raykar_2010_learning-crowds.pdf,7,26,1697,0.12728,ok
Validation,Raykar_2010_learning-crowds.pdf,8,26,1618,0.20828,ok
Validation,Raykar_2010_learning-crowds.pdf,9,26,1853,0.11549,ok
Validation,Raykar_2010_learning-crowds.pdf,10,26,1944,0.12346,ok
Validation,Raykar_2010_learning-crowds.pdf,11,26,1820,0.09231,ok
Validation,Raykar_2010_learning-crowds.pdf,12,26,1713,0.16696,ok
Validation,Raykar_2010_learning-crowds.pdf,13,26,1642,0.16078,ok
Validation,Raykar_2010_learning-crowds.pdf,14,26,2666,0.04576,ok
Validation,Raykar_2010_learning-crowds.pdf,15,26,2944,0.00306,ok
Validation,Raykar_2010_learning-crowds.pdf,16,26,2205,0.00408,ok
Validation,Raykar_2010_learning-crowds.pdf,17,26,1015,0.07488,ok
Validation,Raykar_2010_learning-crowds.pdf,18,26,523,0.1434,ok
Validation,Raykar_2010_learning-crowds.pdf,19,26,841,0.08799,ok
Validation,Raykar_2010_learning-crowds.pdf,20,26,567,0.1358,ok
Validation,Raykar_2010_learning-crowds.pdf,21,26,1787,0.0347,ok
Validation,Raykar_2010_learning-crowds.pdf,22,26,1612,0.13337,ok
Validation,Raykar_2010_learning-crowds.pdf,23,26,3008,0.03491,ok
Validation,Raykar_2010_learning-crowds.pdf,24,26,2215,0.08217,ok
Validation,Raykar_2010_learning-crowds.pdf,25,26,2233,0.01209,ok
Validation,Raykar_2010_learning-crowds.pdf,26,26,1070,0.01308,ok
Validation,Reiche_2015_bayesian-approach-combine-landsat-alos.pdf,1,24,1929,0.01296,ok
Validation,Reiche_2015_bayesian-approach-combine-landsat-alos.pdf,2,24,3412,0.0,ok
Validation,Reiche_2015_bayesian-approach-combine-landsat-alos.pdf,3,24,3358,0.0,ok
Validation,Reiche_2015_bayesian-approach-combine-landsat-alos.pdf,4,24,1588,0.00378,ok
Validation,Reiche_2015_bayesian-approach-combine-landsat-alos.pdf,5,24,2385,0.07379,ok
Validation,Reiche_2015_bayesian-approach-combine-landsat-alos.pdf,6,24,2968,0.00943,ok
Validation,Reiche_2015_bayesian-approach-combine-landsat-alos.pdf,7,24,1087,0.00092,ok
Validation,Reiche_2015_bayesian-approach-combine-landsat-alos.pdf,8,24,2632,0.0114,ok
Validation,Reiche_2015_bayesian-approach-combine-landsat-alos.pdf,9,24,3165,0.00221,ok
Validation,Reiche_2015_bayesian-approach-combine-landsat-alos.pdf,10,24,1902,0.01262,ok
Validation,Reiche_2015_bayesian-approach-combine-landsat-alos.pdf,11,24,1342,0.02608,ok
Validation,Reiche_2015_bayesian-approach-combine-landsat-alos.pdf,12,24,2602,0.01537,ok
Validation,Reiche_2015_bayesian-approach-combine-landsat-alos.pdf,13,24,1469,0.00681,ok
Validation,Reiche_2015_bayesian-approach-combine-landsat-alos.pdf,14,24,487,0.00821,ok
Validation,Reiche_2015_bayesian-approach-combine-landsat-alos.pdf,15,24,1476,0.01897,ok
Validation,Reiche_2015_bayesian-approach-combine-landsat-alos.pdf,16,24,881,0.0,ok
Validation,Reiche_2015_bayesian-approach-combine-landsat-alos.pdf,17,24,3660,0.00328,ok
Validation,Reiche_2015_bayesian-approach-combine-landsat-alos.pdf,18,24,3510,0.0,ok
Validation,Reiche_2015_bayesian-approach-combine-landsat-alos.pdf,19,24,2331,0.00987,ok
Validation,Reiche_2015_bayesian-approach-combine-landsat-alos.pdf,20,24,2975,0.00101,ok
Validation,Reiche_2015_bayesian-approach-combine-landsat-alos.pdf,21,24,2755,0.00254,ok
Validation,Reiche_2015_bayesian-approach-combine-landsat-alos.pdf,22,24,2894,0.00346,ok
Validation,Reiche_2015_bayesian-approach-combine-landsat-alos.pdf,23,24,2966,0.00067,ok
Validation,Reiche_2015_bayesian-approach-combine-landsat-alos.pdf,24,24,2622,0.00725,ok
Validation,Reiche_2021_forest-disturbance-alerts-congo-basin.pdf,1,13,252,0.0,ok
Validation,Reiche_2021_forest-disturbance-alerts-congo-basin.pdf,2,13,3771,0.02466,ok
Validation,Reiche_2021_forest-disturbance-alerts-congo-basin.pdf,3,13,4957,0.00383,ok
Validation,Reiche_2021_forest-disturbance-alerts-congo-basin.pdf,4,13,3135,0.0051,ok
Validation,Reiche_2021_forest-disturbance-alerts-congo-basin.pdf,5,13,2907,0.0141,ok
Validation,Reiche_2021_forest-disturbance-alerts-congo-basin.pdf,6,13,3348,0.00657,ok
Validation,Reiche_2021_forest-disturbance-alerts-congo-basin.pdf,7,13,1262,0.01268,ok
Validation,Reiche_2021_forest-disturbance-alerts-congo-basin.pdf,8,13,2241,0.00892,ok
Validation,Reiche_2021_forest-disturbance-alerts-congo-basin.pdf,9,13,3177,0.00661,ok
Validation,Reiche_2021_forest-disturbance-alerts-congo-basin.pdf,10,13,2562,0.00664,ok
Validation,Reiche_2021_forest-disturbance-alerts-congo-basin.pdf,11,13,3914,0.01252,ok
Validation,Reiche_2021_forest-disturbance-alerts-congo-basin.pdf,12,13,5868,0.01346,ok
Validation,Reiche_2021_forest-disturbance-alerts-congo-basin.pdf,13,13,2810,0.01388,ok
Validation,Reilly_2023_characterizing-postfire-delayed-tree.pdf,1,12,3349,0.01165,ok
Validation,Reilly_2023_characterizing-postfire-delayed-tree.pdf,2,12,4441,0.00788,ok
Validation,Reilly_2023_characterizing-postfire-delayed-tree.pdf,3,12,4115,0.03111,ok
Validation,Reilly_2023_characterizing-postfire-delayed-tree.pdf,4,12,729,0.0,ok
Validation,Reilly_2023_characterizing-postfire-delayed-tree.pdf,5,12,2206,0.01269,ok
Validation,Reilly_2023_characterizing-postfire-delayed-tree.pdf,6,12,2449,0.01184,ok
Validation,Reilly_2023_characterizing-postfire-delayed-tree.pdf,7,12,2641,0.01628,ok
Validation,Reilly_2023_characterizing-postfire-delayed-tree.pdf,8,12,3070,0.00847,ok
Validation,Reilly_2023_characterizing-postfire-delayed-tree.pdf,9,12,453,0.0,ok
Validation,Reilly_2023_characterizing-postfire-delayed-tree.pdf,10,12,4197,0.005,ok
Validation,Reilly_2023_characterizing-postfire-delayed-tree.pdf,11,12,6002,0.01916,ok
Validation,Reilly_2023_characterizing-postfire-delayed-tree.pdf,12,12,6530,0.00689,ok
Validation,Reinhart_2018_review-self-exciting-spatio-temporal.pdf,1,30,2295,0.00654,ok
Validation,Reinhart_2018_review-self-exciting-spatio-temporal.pdf,2,30,3180,0.00629,ok
Validation,Reinhart_2018_review-self-exciting-spatio-temporal.pdf,3,30,2426,0.03133,ok
Validation,Reinhart_2018_review-self-exciting-spatio-temporal.pdf,4,30,1958,0.05873,ok
Validation,Reinhart_2018_review-self-exciting-spatio-temporal.pdf,5,30,2638,0.02616,ok
Validation,Reinhart_2018_review-self-exciting-spatio-temporal.pdf,6,30,1951,0.00871,ok
Validation,Reinhart_2018_review-self-exciting-spatio-temporal.pdf,7,30,2145,0.07692,ok
Validation,Reinhart_2018_review-self-exciting-spatio-temporal.pdf,8,30,2179,0.05828,ok
Validation,Reinhart_2018_review-self-exciting-spatio-temporal.pdf,9,30,2633,0.02051,ok
Validation,Reinhart_2018_review-self-exciting-spatio-temporal.pdf,10,30,2128,0.05498,ok
Validation,Reinhart_2018_review-self-exciting-spatio-temporal.pdf,11,30,2038,0.07066,ok
Validation,Reinhart_2018_review-self-exciting-spatio-temporal.pdf,12,30,2122,0.03629,ok
Validation,Reinhart_2018_review-self-exciting-spatio-temporal.pdf,13,30,2286,0.03981,ok
Validation,Reinhart_2018_review-self-exciting-spatio-temporal.pdf,14,30,2463,0.01786,ok
Validation,Reinhart_2018_review-self-exciting-spatio-temporal.pdf,15,30,2093,0.05303,ok
Validation,Reinhart_2018_review-self-exciting-spatio-temporal.pdf,16,30,2520,0.09286,ok
Validation,Reinhart_2018_review-self-exciting-spatio-temporal.pdf,17,30,2819,0.00284,ok
Validation,Reinhart_2018_review-self-exciting-spatio-temporal.pdf,18,30,2461,0.02763,ok
Validation,Reinhart_2018_review-self-exciting-spatio-temporal.pdf,19,30,2996,0.00067,ok
Validation,Reinhart_2018_review-self-exciting-spatio-temporal.pdf,20,30,1701,0.04115,ok
Validation,Reinhart_2018_review-self-exciting-spatio-temporal.pdf,21,30,3168,0.0,ok
Validation,Reinhart_2018_review-self-exciting-spatio-temporal.pdf,22,30,2987,0.00904,ok
Validation,Reinhart_2018_review-self-exciting-spatio-temporal.pdf,23,30,2551,0.03136,ok
Validation,Reinhart_2018_review-self-exciting-spatio-temporal.pdf,24,30,2919,0.02124,ok
Validation,Reinhart_2018_review-self-exciting-spatio-temporal.pdf,25,30,2574,0.04079,ok
Validation,Reinhart_2018_review-self-exciting-spatio-temporal.pdf,26,30,2516,0.02067,ok
Validation,Reinhart_2018_review-self-exciting-spatio-temporal.pdf,27,30,3461,0.01416,ok
Validation,Reinhart_2018_review-self-exciting-spatio-temporal.pdf,28,30,3663,0.00328,ok
Validation,Reinhart_2018_review-self-exciting-spatio-temporal.pdf,29,30,3641,0.00522,ok
Validation,Reinhart_2018_review-self-exciting-spatio-temporal.pdf,30,30,1521,0.01841,ok
Validation,Reis_2020_avoiding-invalid-transitions-land-cover.pdf,1,13,3857,0.00104,ok
Validation,Reis_2020_avoiding-invalid-transitions-land-cover.pdf,2,13,5020,0.05199,ok
Validation,Reis_2020_avoiding-invalid-transitions-land-cover.pdf,3,13,2900,0.08379,ok
Validation,Reis_2020_avoiding-invalid-transitions-land-cover.pdf,4,13,1933,0.00207,ok
Validation,Reis_2020_avoiding-invalid-transitions-land-cover.pdf,5,13,2006,0.01496,ok
Validation,Reis_2020_avoiding-invalid-transitions-land-cover.pdf,6,13,1656,0.01329,ok
Validation,Reis_2020_avoiding-invalid-transitions-land-cover.pdf,7,13,4000,0.006,ok
Validation,Reis_2020_avoiding-invalid-transitions-land-cover.pdf,8,13,2140,0.0,ok
Validation,Reis_2020_avoiding-invalid-transitions-land-cover.pdf,9,13,1388,0.0,ok
Validation,Reis_2020_avoiding-invalid-transitions-land-cover.pdf,10,13,3303,0.00242,ok
Validation,Reis_2020_avoiding-invalid-transitions-land-cover.pdf,11,13,1748,0.00114,ok
Validation,Reis_2020_avoiding-invalid-transitions-land-cover.pdf,12,13,6931,0.00938,ok
Validation,Reis_2020_avoiding-invalid-transitions-land-cover.pdf,13,13,2733,0.0,ok
Validation,Reynolds_1999_cusum-chart-monitoring-proportion.pdf,1,23,759,0.00659,ok
Validation,Reynolds_1999_cusum-chart-monitoring-proportion.pdf,2,23,3117,0.00738,ok
Validation,Reynolds_1999_cusum-chart-monitoring-proportion.pdf,3,23,4475,0.00112,ok
Validation,Reynolds_1999_cusum-chart-monitoring-proportion.pdf,4,23,4266,0.01031,ok
Validation,Reynolds_1999_cusum-chart-monitoring-proportion.pdf,5,23,4082,0.02082,ok
Validation,Reynolds_1999_cusum-chart-monitoring-proportion.pdf,6,23,3837,0.02789,ok
Validation,Reynolds_1999_cusum-chart-monitoring-proportion.pdf,7,23,4116,0.01895,ok
Validation,Reynolds_1999_cusum-chart-monitoring-proportion.pdf,8,23,2186,0.00366,ok
Validation,Reynolds_1999_cusum-chart-monitoring-proportion.pdf,9,23,2388,0.00419,ok
Validation,Reynolds_1999_cusum-chart-monitoring-proportion.pdf,10,23,3382,0.02099,ok
Validation,Reynolds_1999_cusum-chart-monitoring-proportion.pdf,11,23,2047,0.00586,ok
Validation,Reynolds_1999_cusum-chart-monitoring-proportion.pdf,12,23,3063,0.00914,ok
Validation,Reynolds_1999_cusum-chart-monitoring-proportion.pdf,13,23,4125,0.01939,ok
Validation,Reynolds_1999_cusum-chart-monitoring-proportion.pdf,14,23,3936,0.04065,ok
Validation,Reynolds_1999_cusum-chart-monitoring-proportion.pdf,15,23,3912,0.02531,ok
Validation,Reynolds_1999_cusum-chart-monitoring-proportion.pdf,16,23,4283,0.00957,ok
Validation,Reynolds_1999_cusum-chart-monitoring-proportion.pdf,17,23,3756,0.0221,ok
Validation,Reynolds_1999_cusum-chart-monitoring-proportion.pdf,18,23,2309,0.10221,ok
Validation,Reynolds_1999_cusum-chart-monitoring-proportion.pdf,19,23,3496,0.0246,ok
Validation,Reynolds_1999_cusum-chart-monitoring-proportion.pdf,20,23,2265,0.07461,ok
Validation,Reynolds_1999_cusum-chart-monitoring-proportion.pdf,21,23,2881,0.02985,ok
Validation,Reynolds_1999_cusum-chart-monitoring-proportion.pdf,22,23,3400,0.02441,ok
Validation,Reynolds_1999_cusum-chart-monitoring-proportion.pdf,23,23,1866,0.00536,ok
Validation,Reynolds_2000_general-approach-modeling-cusum.pdf,1,21,3851,0.00338,ok
Validation,Reynolds_2000_general-approach-modeling-cusum.pdf,2,21,5066,0.00276,ok
Validation,Reynolds_2000_general-approach-modeling-cusum.pdf,3,21,4660,0.01459,ok
Validation,Reynolds_2000_general-approach-modeling-cusum.pdf,4,21,4471,0.00917,ok
Validation,Reynolds_2000_general-approach-modeling-cusum.pdf,5,21,4424,0.0217,ok
Validation,Reynolds_2000_general-approach-modeling-cusum.pdf,6,21,4494,0.01135,ok
Validation,Reynolds_2000_general-approach-modeling-cusum.pdf,7,21,204,0.02941,ok
Validation,Reynolds_2000_general-approach-modeling-cusum.pdf,8,21,4935,0.00993,ok
Validation,Reynolds_2000_general-approach-modeling-cusum.pdf,9,21,4694,0.00639,ok
Validation,Reynolds_2000_general-approach-modeling-cusum.pdf,10,21,201,0.02985,ok
Validation,Reynolds_2000_general-approach-modeling-cusum.pdf,11,21,2293,0.02704,ok
Validation,Reynolds_2000_general-approach-modeling-cusum.pdf,12,21,3977,0.01308,ok
Validation,Reynolds_2000_general-approach-modeling-cusum.pdf,13,21,2551,0.0145,ok
Validation,Reynolds_2000_general-approach-modeling-cusum.pdf,14,21,25,0.16,ok
Validation,Reynolds_2000_general-approach-modeling-cusum.pdf,15,21,4771,0.00608,ok
Validation,Reynolds_2000_general-approach-modeling-cusum.pdf,16,21,4193,0.01026,ok
Validation,Reynolds_2000_general-approach-modeling-cusum.pdf,17,21,3987,0.01856,ok
Validation,Reynolds_2000_general-approach-modeling-cusum.pdf,18,21,4433,0.01624,ok
Validation,Reynolds_2000_general-approach-modeling-cusum.pdf,19,21,3995,0.02703,ok
Validation,Reynolds_2000_general-approach-modeling-cusum.pdf,20,21,2771,0.06748,ok
Validation,Reynolds_2000_general-approach-modeling-cusum.pdf,21,21,1055,0.04265,ok
Validation,Risholm_2011_probabilistic-non-rigid-registration.pdf,1,4,4280,0.00748,ok
Validation,Risholm_2011_probabilistic-non-rigid-registration.pdf,2,4,4352,0.04481,ok
Validation,Risholm_2011_probabilistic-non-rigid-registration.pdf,3,4,3409,0.02376,ok
Validation,Risholm_2011_probabilistic-non-rigid-registration.pdf,4,4,3087,0.00615,ok
Validation,Roberts_2017_cross-validation-strategies-data.pdf,1,56,1509,0.05699,ok
Validation,Roberts_2017_cross-validation-strategies-data.pdf,2,56,1851,0.00432,ok
Validation,Roberts_2017_cross-validation-strategies-data.pdf,3,56,184,0.0,ok
Validation,Roberts_2017_cross-validation-strategies-data.pdf,4,56,1801,0.0,ok
Validation,Roberts_2017_cross-validation-strategies-data.pdf,5,56,1812,0.00828,ok
Validation,Roberts_2017_cross-validation-strategies-data.pdf,6,56,1804,0.00111,ok
Validation,Roberts_2017_cross-validation-strategies-data.pdf,7,56,1822,0.00329,ok
Validation,Roberts_2017_cross-validation-strategies-data.pdf,8,56,1838,0.0,ok
Validation,Roberts_2017_cross-validation-strategies-data.pdf,9,56,1573,0.0,ok
Validation,Roberts_2017_cross-validation-strategies-data.pdf,10,56,1762,0.0,ok
Validation,Roberts_2017_cross-validation-strategies-data.pdf,11,56,1849,0.0,ok
Validation,Roberts_2017_cross-validation-strategies-data.pdf,12,56,1827,0.0,ok
Validation,Roberts_2017_cross-validation-strategies-data.pdf,13,56,1848,0.0,ok
Validation,Roberts_2017_cross-validation-strategies-data.pdf,14,56,1321,0.0,ok
Validation,Roberts_2017_cross-validation-strategies-data.pdf,15,56,1398,0.00501,ok
Validation,Roberts_2017_cross-validation-strategies-data.pdf,16,56,1061,0.0,ok
Validation,Roberts_2017_cross-validation-strategies-data.pdf,17,56,1784,0.0,ok
Validation,Roberts_2017_cross-validation-strategies-data.pdf,18,56,1796,0.00445,ok
Validation,Roberts_2017_cross-validation-strategies-data.pdf,19,56,1822,0.00439,ok
Validation,Roberts_2017_cross-validation-strategies-data.pdf,20,56,1670,0.0024,ok
Validation,Roberts_2017_cross-validation-strategies-data.pdf,21,56,1790,0.00223,ok
Validation,Roberts_2017_cross-validation-strategies-data.pdf,22,56,1758,0.00114,ok
Validation,Roberts_2017_cross-validation-strategies-data.pdf,23,56,1477,0.00271,ok
Validation,Roberts_2017_cross-validation-strategies-data.pdf,24,56,1456,0.0,ok
Validation,Roberts_2017_cross-validation-strategies-data.pdf,25,56,1402,0.0,ok
Validation,Roberts_2017_cross-validation-strategies-data.pdf,26,56,1587,0.0,ok
Validation,Roberts_2017_cross-validation-strategies-data.pdf,27,56,1699,0.00471,ok
Validation,Roberts_2017_cross-validation-strategies-data.pdf,28,56,1727,0.00347,ok
Validation,Roberts_2017_cross-validation-strategies-data.pdf,29,56,1731,0.0,ok
Validation,Roberts_2017_cross-validation-strategies-data.pdf,30,56,1560,0.00769,ok
Validation,Roberts_2017_cross-validation-strategies-data.pdf,31,56,526,0.02091,ok
Validation,Roberts_2017_cross-validation-strategies-data.pdf,32,56,1585,0.01009,ok
Validation,Roberts_2017_cross-validation-strategies-data.pdf,33,56,1717,0.00233,ok
Validation,Roberts_2017_cross-validation-strategies-data.pdf,34,56,1703,0.00235,ok
Validation,Roberts_2017_cross-validation-strategies-data.pdf,35,56,1673,0.01793,ok
Validation,Roberts_2017_cross-validation-strategies-data.pdf,36,56,1635,0.00612,ok
Validation,Roberts_2017_cross-validation-strategies-data.pdf,37,56,1701,0.01176,ok
Validation,Roberts_2017_cross-validation-strategies-data.pdf,38,56,1729,0.01041,ok
Validation,Roberts_2017_cross-validation-strategies-data.pdf,39,56,473,0.0,ok
Validation,Roberts_2017_cross-validation-strategies-data.pdf,40,56,1769,0.00226,ok
Validation,Roberts_2017_cross-validation-strategies-data.pdf,41,56,993,0.01611,ok
Validation,Roberts_2017_cross-validation-strategies-data.pdf,42,56,1699,0.00647,ok
Validation,Roberts_2017_cross-validation-strategies-data.pdf,43,56,1468,0.00954,ok
Validation,Roberts_2017_cross-validation-strategies-data.pdf,44,56,270,0.0,ok
Validation,Roberts_2017_cross-validation-strategies-data.pdf,45,56,1773,0.00508,ok
Validation,Roberts_2017_cross-validation-strategies-data.pdf,46,56,1644,0.01095,ok
Validation,Roberts_2017_cross-validation-strategies-data.pdf,47,56,564,0.00355,ok
Validation,Roberts_2017_cross-validation-strategies-data.pdf,48,56,844,0.00711,ok
Validation,Roberts_2017_cross-validation-strategies-data.pdf,49,56,1785,0.00672,ok
Validation,Roberts_2017_cross-validation-strategies-data.pdf,50,56,1541,0.01103,ok
Validation,Roberts_2017_cross-validation-strategies-data.pdf,51,56,327,0.00612,ok
Validation,Roberts_2017_cross-validation-strategies-data.pdf,52,56,570,0.04211,ok
Validation,Roberts_2017_cross-validation-strategies-data.pdf,53,56,263,0.0,ok
Validation,Roberts_2017_cross-validation-strategies-data.pdf,54,56,879,0.0,ok
Validation,Roberts_2017_cross-validation-strategies-data.pdf,55,56,867,0.0,ok
Validation,Roberts_2017_cross-validation-strategies-data.pdf,56,56,456,0.0,ok
Validation,Roman_2022_construction-proactive-management-led.pdf,1,21,3915,0.00485,ok
Validation,Roman_2022_construction-proactive-management-led.pdf,2,21,4118,0.0,ok
Validation,Roman_2022_construction-proactive-management-led.pdf,3,21,3727,0.00161,ok
Validation,Roman_2022_construction-proactive-management-led.pdf,4,21,1619,0.00247,ok
Validation,Roman_2022_construction-proactive-management-led.pdf,5,21,3578,0.00307,ok
Validation,Roman_2022_construction-proactive-management-led.pdf,6,21,3729,0.00295,ok
Validation,Roman_2022_construction-proactive-management-led.pdf,7,21,3563,0.00196,ok
Validation,Roman_2022_construction-proactive-management-led.pdf,8,21,2949,0.00949,ok
Validation,Roman_2022_construction-proactive-management-led.pdf,9,21,2992,0.001,ok
Validation,Roman_2022_construction-proactive-management-led.pdf,10,21,2117,0.05621,ok
Validation,Roman_2022_construction-proactive-management-led.pdf,11,21,2330,0.03047,ok
Validation,Roman_2022_construction-proactive-management-led.pdf,12,21,3023,0.01092,ok
Validation,Roman_2022_construction-proactive-management-led.pdf,13,21,4032,0.0,ok
Validation,Roman_2022_construction-proactive-management-led.pdf,14,21,3961,0.0,ok
Validation,Roman_2022_construction-proactive-management-led.pdf,15,21,4020,0.00124,ok
Validation,Roman_2022_construction-proactive-management-led.pdf,16,21,3609,0.0,ok
Validation,Roman_2022_construction-proactive-management-led.pdf,17,21,3932,0.00712,ok
Validation,Roman_2022_construction-proactive-management-led.pdf,18,21,4871,0.0037,ok
Validation,Roman_2022_construction-proactive-management-led.pdf,19,21,4990,0.00481,ok
Validation,Roman_2022_construction-proactive-management-led.pdf,20,21,4976,0.00422,ok
Validation,Roman_2022_construction-proactive-management-led.pdf,21,21,1886,0.00106,ok
Validation,Rosychuk_2003_bias-correction-two-state-latent.pdf,1,21,2285,0.01488,ok
Validation,Rosychuk_2003_bias-correction-two-state-latent.pdf,2,21,3319,0.01356,ok
Validation,Rosychuk_2003_bias-correction-two-state-latent.pdf,3,21,1754,0.08267,ok
Validation,Rosychuk_2003_bias-correction-two-state-latent.pdf,4,21,2179,0.09913,ok
Validation,Rosychuk_2003_bias-correction-two-state-latent.pdf,5,21,2444,0.04092,ok
Validation,Rosychuk_2003_bias-correction-two-state-latent.pdf,6,21,1424,0.23244,ok
Validation,Rosychuk_2003_bias-correction-two-state-latent.pdf,7,21,1994,0.0993,ok
Validation,Rosychuk_2003_bias-correction-two-state-latent.pdf,8,21,669,0.11958,ok
Validation,Rosychuk_2003_bias-correction-two-state-latent.pdf,9,21,989,0.01517,ok
Validation,Rosychuk_2003_bias-correction-two-state-latent.pdf,10,21,2261,0.0743,ok
Validation,Rosychuk_2003_bias-correction-two-state-latent.pdf,11,21,1945,0.21183,ok
Validation,Rosychuk_2003_bias-correction-two-state-latent.pdf,12,21,2304,0.03906,ok
Validation,Rosychuk_2003_bias-correction-two-state-latent.pdf,13,21,1323,0.01512,ok
Validation,Rosychuk_2003_bias-correction-two-state-latent.pdf,14,21,1232,0.01299,ok
Validation,Rosychuk_2003_bias-correction-two-state-latent.pdf,15,21,2209,0.06655,ok
Validation,Rosychuk_2003_bias-correction-two-state-latent.pdf,16,21,1093,0.22415,ok
Validation,Rosychuk_2003_bias-correction-two-state-latent.pdf,17,21,937,0.00961,ok
Validation,Rosychuk_2003_bias-correction-two-state-latent.pdf,18,21,1353,0.01256,ok
Validation,Rosychuk_2003_bias-correction-two-state-latent.pdf,19,21,2409,0.09049,ok
Validation,Rosychuk_2003_bias-correction-two-state-latent.pdf,20,21,1415,0.20565,ok
Validation,Rosychuk_2003_bias-correction-two-state-latent.pdf,21,21,2651,0.0083,ok
Validation,Salas_2003_perimeter-area-ratio-as-index.pdf,1,7,2035,0.01376,ok
Validation,Salas_2003_perimeter-area-ratio-as-index.pdf,2,7,2404,0.0,ok
Validation,Salas_2003_perimeter-area-ratio-as-index.pdf,3,7,2944,0.00985,ok
Validation,Salas_2003_perimeter-area-ratio-as-index.pdf,4,7,2147,0.00373,ok
Validation,Salas_2003_perimeter-area-ratio-as-index.pdf,5,7,1016,0.0,ok
Validation,Salas_2003_perimeter-area-ratio-as-index.pdf,6,7,852,0.01174,ok
Validation,Salas_2003_perimeter-area-ratio-as-index.pdf,7,7,1323,0.00907,ok
Validation,Satten_1996_markov-chains-measurement-error.pdf,1,36,1082,0.0,ok
Validation,Satten_1996_markov-chains-measurement-error.pdf,2,36,2410,0.01203,ok
Validation,Satten_1996_markov-chains-measurement-error.pdf,3,36,3321,0.00783,ok
Validation,Satten_1996_markov-chains-measurement-error.pdf,4,36,2779,0.00648,ok
Validation,Satten_1996_markov-chains-measurement-error.pdf,5,36,2889,0.02527,ok
Validation,Satten_1996_markov-chains-measurement-error.pdf,6,36,2035,0.01769,ok
Validation,Satten_1996_markov-chains-measurement-error.pdf,7,36,2888,0.01039,ok
Validation,Satten_1996_markov-chains-measurement-error.pdf,8,36,2579,0.02831,ok
Validation,Satten_1996_markov-chains-measurement-error.pdf,9,36,2120,0.10943,ok
Validation,Satten_1996_markov-chains-measurement-error.pdf,10,36,1594,0.09222,ok
Validation,Satten_1996_markov-chains-measurement-error.pdf,11,36,2046,0.12072,ok
Validation,Satten_1996_markov-chains-measurement-error.pdf,12,36,2560,0.05352,ok
Validation,Satten_1996_markov-chains-measurement-error.pdf,13,36,1764,0.02948,ok
Validation,Satten_1996_markov-chains-measurement-error.pdf,14,36,2740,0.0208,ok
Validation,Satten_1996_markov-chains-measurement-error.pdf,15,36,1908,0.01363,ok
Validation,Satten_1996_markov-chains-measurement-error.pdf,16,36,2332,0.02659,ok
Validation,Satten_1996_markov-chains-measurement-error.pdf,17,36,2635,0.01101,ok
Validation,Satten_1996_markov-chains-measurement-error.pdf,18,36,2896,0.0114,ok
Validation,Satten_1996_markov-chains-measurement-error.pdf,19,36,3128,0.00448,ok
Validation,Satten_1996_markov-chains-measurement-error.pdf,20,36,2897,0.00483,ok
Validation,Satten_1996_markov-chains-measurement-error.pdf,21,36,3833,0.01017,ok
Validation,Satten_1996_markov-chains-measurement-error.pdf,22,36,3860,0.00725,ok
Validation,Satten_1996_markov-chains-measurement-error.pdf,23,36,4761,0.00966,ok
Validation,Satten_1996_markov-chains-measurement-error.pdf,24,36,4488,0.00267,ok
Validation,Satten_1996_markov-chains-measurement-error.pdf,25,36,2603,0.01383,ok
Validation,Satten_1996_markov-chains-measurement-error.pdf,26,36,4228,0.00473,ok
Validation,Satten_1996_markov-chains-measurement-error.pdf,27,36,4131,0.01017,ok
Validation,Satten_1996_markov-chains-measurement-error.pdf,28,36,3668,0.02263,ok
Validation,Satten_1996_markov-chains-measurement-error.pdf,29,36,3802,0.01526,ok
Validation,Satten_1996_markov-chains-measurement-error.pdf,30,36,4216,0.01779,ok
Validation,Satten_1996_markov-chains-measurement-error.pdf,31,36,4407,0.00386,ok
Validation,Satten_1996_markov-chains-measurement-error.pdf,32,36,4356,0.01492,ok
Validation,Satten_1996_markov-chains-measurement-error.pdf,33,36,4508,0.00577,ok
Validation,Satten_1996_markov-chains-measurement-error.pdf,34,36,4808,0.00582,ok
Validation,Satten_1996_markov-chains-measurement-error.pdf,35,36,4387,0.00593,ok
Validation,Satten_1996_markov-chains-measurement-error.pdf,36,36,4655,0.00838,ok
Validation,Schneider_2008_stochastic-integral-geometry.pdf,1,688,0,0.0,ok
Validation,Schneider_2008_stochastic-integral-geometry.pdf,2,688,124,0.0,ok
Validation,Schneider_2008_stochastic-integral-geometry.pdf,3,688,1911,0.00628,ok
Validation,Schneider_2008_stochastic-integral-geometry.pdf,4,688,58,0.06897,ok
Validation,Schneider_2008_stochastic-integral-geometry.pdf,5,688,1735,0.05706,ok
Validation,Schneider_2008_stochastic-integral-geometry.pdf,6,688,2015,0.00447,ok
Validation,Schneider_2008_stochastic-integral-geometry.pdf,7,688,2925,0.00308,ok
Validation,Schneider_2008_stochastic-integral-geometry.pdf,8,688,702,0.01425,ok
Validation,Schneider_2008_stochastic-integral-geometry.pdf,9,688,1410,0.00567,ok
Validation,Schneider_2008_stochastic-integral-geometry.pdf,10,688,2112,0.00426,ok
Validation,Schneider_2008_stochastic-integral-geometry.pdf,11,688,1437,0.00696,ok
Validation,Schneider_2008_stochastic-integral-geometry.pdf,12,688,1739,0.0092,ok
Validation,Schneider_2008_stochastic-integral-geometry.pdf,13,688,1461,0.06366,ok
Validation,Schneider_2008_stochastic-integral-geometry.pdf,14,688,1499,0.07005,ok
Validation,Schneider_2008_stochastic-integral-geometry.pdf,15,688,2064,0.04409,ok
Validation,Schneider_2008_stochastic-integral-geometry.pdf,16,688,2284,0.01664,ok
Validation,Schneider_2008_stochastic-integral-geometry.pdf,17,688,2465,0.02272,ok
Validation,Schneider_2008_stochastic-integral-geometry.pdf,18,688,2691,0.00595,ok
Validation,Schneider_2008_stochastic-integral-geometry.pdf,19,688,2607,0.00729,ok
Validation,Schneider_2008_stochastic-integral-geometry.pdf,20,688,1400,0.00786,ok
Validation,Schneider_2008_stochastic-integral-geometry.pdf,21,688,1468,0.01362,ok
Validation,Schneider_2008_stochastic-integral-geometry.pdf,22,688,2371,0.03458,ok
Validation,Schneider_2008_stochastic-integral-geometry.pdf,23,688,1978,0.06572,ok
Validation,Schneider_2008_stochastic-integral-geometry.pdf,24,688,909,0.06601,ok
Validation,Schneider_2008_stochastic-integral-geometry.pdf,25,688,1564,0.00767,ok
Validation,Schneider_2008_stochastic-integral-geometry.pdf,26,688,1248,0.08413,ok
Validation,Schneider_2008_stochastic-integral-geometry.pdf,27,688,1974,0.04813,ok
Validation,Schneider_2008_stochastic-integral-geometry.pdf,28,688,1791,0.08152,ok
Validation,Schneider_2008_stochastic-integral-geometry.pdf,29,688,1714,0.07585,ok
Validation,Schneider_2008_stochastic-integral-geometry.pdf,30,688,1745,0.0298,ok
Validation,Schneider_2008_stochastic-integral-geometry.pdf,31,688,1677,0.0966,ok
Validation,Schneider_2008_stochastic-integral-geometry.pdf,32,688,1072,0.13806,ok
Validation,Schneider_2008_stochastic-integral-geometry.pdf,33,688,1505,0.10831,ok
Validation,Schneider_2008_stochastic-integral-geometry.pdf,34,688,1286,0.13841,ok
Validation,Schneider_2008_stochastic-integral-geometry.pdf,35,688,1408,0.12713,ok
Validation,Schneider_2008_stochastic-integral-geometry.pdf,36,688,930,0.18817,ok
Validation,Schneider_2008_stochastic-integral-geometry.pdf,37,688,1262,0.13233,ok
Validation,Schneider_2008_stochastic-integral-geometry.pdf,38,688,1333,0.1808,ok
Validation,Schneider_2008_stochastic-integral-geometry.pdf,39,688,2118,0.0255,ok
Validation,Schneider_2008_stochastic-integral-geometry.pdf,40,688,1290,0.07984,ok
Validation,Schneider_2008_stochastic-integral-geometry.pdf,41,688,1719,0.1018,ok
Validation,Schneider_2008_stochastic-integral-geometry.pdf,42,688,1013,0.21619,ok
Validation,Schneider_2008_stochastic-integral-geometry.pdf,43,688,1597,0.06324,ok
Validation,Schneider_2008_stochastic-integral-geometry.pdf,44,688,1715,0.09621,ok
Validation,Schneider_2008_stochastic-integral-geometry.pdf,45,688,1641,0.05058,ok
Validation,Schneider_2008_stochastic-integral-geometry.pdf,46,688,1757,0.0461,ok
Validation,Schneider_2008_stochastic-integral-geometry.pdf,47,688,1613,0.04712,ok
Validation,Schneider_2008_stochastic-integral-geometry.pdf,48,688,1133,0.16152,ok
Validation,Schneider_2008_stochastic-integral-geometry.pdf,49,688,1759,0.05856,ok
Validation,Schneider_2008_stochastic-integral-geometry.pdf,50,688,1255,0.16574,ok
Validation,Schneider_2008_stochastic-integral-geometry.pdf,51,688,1002,0.0998,ok
Validation,Schneider_2008_stochastic-integral-geometry.pdf,52,688,1454,0.0784,ok
Validation,Schneider_2008_stochastic-integral-geometry.pdf,53,688,2234,0.03044,ok
Validation,Schneider_2008_stochastic-integral-geometry.pdf,54,688,2064,0.02762,ok
Validation,Schneider_2008_stochastic-integral-geometry.pdf,55,688,1959,0.00051,ok
Validation,Schneider_2008_stochastic-integral-geometry.pdf,56,688,1582,0.05499,ok
Validation,Schneider_2008_stochastic-integral-geometry.pdf,57,688,1247,0.11868,ok
Validation,Schneider_2008_stochastic-integral-geometry.pdf,58,688,1424,0.16854,ok
Validation,Schneider_2008_stochastic-integral-geometry.pdf,59,688,1490,0.07248,ok
Validation,Schneider_2008_stochastic-integral-geometry.pdf,60,688,1822,0.04116,ok
Validation,Schneider_2008_stochastic-integral-geometry.pdf,61,688,2112,0.03456,ok
Validation,Schneider_2008_stochastic-integral-geometry.pdf,62,688,1575,0.05587,ok
Validation,Schneider_2008_stochastic-integral-geometry.pdf,63,688,1351,0.17321,ok
Validation,Schneider_2008_stochastic-integral-geometry.pdf,64,688,1337,0.18848,ok
Validation,Schneider_2008_stochastic-integral-geometry.pdf,65,688,1230,0.1252,ok
Validation,Schneider_2008_stochastic-integral-geometry.pdf,66,688,1998,0.04204,ok
Validation,Schneider_2008_stochastic-integral-geometry.pdf,67,688,1404,0.09544,ok
Validation,Schneider_2008_stochastic-integral-geometry.pdf,68,688,1361,0.13373,ok
Validation,Schneider_2008_stochastic-integral-geometry.pdf,69,688,923,0.34128,ok
Validation,Schneider_2008_stochastic-integral-geometry.pdf,70,688,2174,0.0506,ok
Validation,Schneider_2008_stochastic-integral-geometry.pdf,71,688,1152,0.17274,ok
Validation,Schneider_2008_stochastic-integral-geometry.pdf,72,688,1417,0.0861,ok
Validation,Schneider_2008_stochastic-integral-geometry.pdf,73,688,1140,0.15351,ok
Validation,Schneider_2008_stochastic-integral-geometry.pdf,74,688,920,0.25978,ok
Validation,Schneider_2008_stochastic-integral-geometry.pdf,75,688,1072,0.16231,ok
Validation,Schneider_2008_stochastic-integral-geometry.pdf,76,688,1069,0.13377,ok
Validation,Schneider_2008_stochastic-integral-geometry.pdf,77,688,1865,0.06273,ok
Validation,Schneider_2008_stochastic-integral-geometry.pdf,78,688,2445,0.01636,ok
Validation,Schneider_2008_stochastic-integral-geometry.pdf,79,688,1855,0.05445,ok
Validation,Schneider_2008_stochastic-integral-geometry.pdf,80,688,1166,0.10635,ok
Validation,Schneider_2008_stochastic-integral-geometry.pdf,81,688,1141,0.15688,ok
Validation,Schneider_2008_stochastic-integral-geometry.pdf,82,688,1270,0.13701,ok
Validation,Schneider_2008_stochastic-integral-geometry.pdf,83,688,1137,0.11258,ok
Validation,Schneider_2008_stochastic-integral-geometry.pdf,84,688,1274,0.1303,ok
Validation,Schneider_2008_stochastic-integral-geometry.pdf,85,688,1408,0.08097,ok
Validation,Schneider_2008_stochastic-integral-geometry.pdf,86,688,2375,0.024,ok
Validation,Schneider_2008_stochastic-integral-geometry.pdf,87,688,1879,0.03672,ok
Validation,Schneider_2008_stochastic-integral-geometry.pdf,88,688,1354,0.11595,ok
Validation,Schneider_2008_stochastic-integral-geometry.pdf,89,688,829,0.21834,ok
Validation,Schneider_2008_stochastic-integral-geometry.pdf,90,688,1965,0.01883,ok
Validation,Schneider_2008_stochastic-integral-geometry.pdf,91,688,1640,0.04268,ok
Validation,Schneider_2008_stochastic-integral-geometry.pdf,92,688,1497,0.0835,ok
Validation,Schneider_2008_stochastic-integral-geometry.pdf,93,688,1490,0.10872,ok
Validation,Schneider_2008_stochastic-integral-geometry.pdf,94,688,1684,0.06532,ok
Validation,Schneider_2008_stochastic-integral-geometry.pdf,95,688,1653,0.06594,ok
Validation,Schneider_2008_stochastic-integral-geometry.pdf,96,688,1137,0.14424,ok
Validation,Schneider_2008_stochastic-integral-geometry.pdf,97,688,1248,0.13061,ok
Validation,Schneider_2008_stochastic-integral-geometry.pdf,98,688,1330,0.13534,ok
Validation,Schneider_2008_stochastic-integral-geometry.pdf,99,688,1405,0.09181,ok
Validation,Schneider_2008_stochastic-integral-geometry.pdf,100,688,1749,0.07318,ok
Validation,Schneider_2008_stochastic-integral-geometry.pdf,101,688,1610,0.09006,ok
Validation,Schneider_2008_stochastic-integral-geometry.pdf,102,688,1504,0.08976,ok
Validation,Schneider_2008_stochastic-integral-geometry.pdf,103,688,2023,0.04053,ok
Validation,Schneider_2008_stochastic-integral-geometry.pdf,104,688,1579,0.0722,ok
Validation,Schneider_2008_stochastic-integral-geometry.pdf,105,688,1420,0.07113,ok
Validation,Schneider_2008_stochastic-integral-geometry.pdf,106,688,877,0.02166,ok
Validation,Schneider_2008_stochastic-integral-geometry.pdf,107,688,1932,0.00052,ok
Validation,Schneider_2008_stochastic-integral-geometry.pdf,108,688,2062,0.02764,ok
Validation,Schneider_2008_stochastic-integral-geometry.pdf,109,688,1208,0.13411,ok
Validation,Schneider_2008_stochastic-integral-geometry.pdf,110,688,2071,0.03283,ok
Validation,Schneider_2008_stochastic-integral-geometry.pdf,111,688,1443,0.07415,ok
Validation,Schneider_2008_stochastic-integral-geometry.pdf,112,688,1013,0.1846,ok
Validation,Schneider_2008_stochastic-integral-geometry.pdf,113,688,1360,0.19265,ok
Validation,Schneider_2008_stochastic-integral-geometry.pdf,114,688,1724,0.07831,ok
Validation,Schneider_2008_stochastic-integral-geometry.pdf,115,688,1236,0.11974,ok
Validation,Schneider_2008_stochastic-integral-geometry.pdf,116,688,1251,0.09432,ok
Validation,Schneider_2008_stochastic-integral-geometry.pdf,117,688,1148,0.08449,ok
Validation,Schneider_2008_stochastic-integral-geometry.pdf,118,688,1740,0.06437,ok
Validation,Schneider_2008_stochastic-integral-geometry.pdf,119,688,1417,0.07198,ok
Validation,Schneider_2008_stochastic-integral-geometry.pdf,120,688,1299,0.09392,ok
Validation,Schneider_2008_stochastic-integral-geometry.pdf,121,688,1684,0.05463,ok
Validation,Schneider_2008_stochastic-integral-geometry.pdf,122,688,1505,0.09701,ok
Validation,Schneider_2008_stochastic-integral-geometry.pdf,123,688,1359,0.08977,ok
Validation,Schneider_2008_stochastic-integral-geometry.pdf,124,688,1275,0.13176,ok
Validation,Schneider_2008_stochastic-integral-geometry.pdf,125,688,2224,0.01888,ok
Validation,Schneider_2008_stochastic-integral-geometry.pdf,126,688,1246,0.08347,ok
Validation,Schneider_2008_stochastic-integral-geometry.pdf,127,688,1596,0.10902,ok
Validation,Schneider_2008_stochastic-integral-geometry.pdf,128,688,1122,0.2754,ok
Validation,Schneider_2008_stochastic-integral-geometry.pdf,129,688,1090,0.1422,ok
Validation,Schneider_2008_stochastic-integral-geometry.pdf,130,688,1859,0.04196,ok
Validation,Schneider_2008_stochastic-integral-geometry.pdf,131,688,2251,0.02177,ok
Validation,Schneider_2008_stochastic-integral-geometry.pdf,132,688,1374,0.07496,ok
Validation,Schneider_2008_stochastic-integral-geometry.pdf,133,688,1251,0.14948,ok
Validation,Schneider_2008_stochastic-integral-geometry.pdf,134,688,1249,0.1257,ok
Validation,Schneider_2008_stochastic-integral-geometry.pdf,135,688,1533,0.07697,ok
Validation,Schneider_2008_stochastic-integral-geometry.pdf,136,688,1097,0.2206,ok
Validation,Schneider_2008_stochastic-integral-geometry.pdf,137,688,1073,0.20596,ok
Validation,Schneider_2008_stochastic-integral-geometry.pdf,138,688,1785,0.07003,ok
Validation,Schneider_2008_stochastic-integral-geometry.pdf,139,688,1523,0.0998,ok
Validation,Schneider_2008_stochastic-integral-geometry.pdf,140,688,1281,0.15144,ok
Validation,Schneider_2008_stochastic-integral-geometry.pdf,141,688,1715,0.05423,ok
Validation,Schneider_2008_stochastic-integral-geometry.pdf,142,688,1531,0.11169,ok
Validation,Schneider_2008_stochastic-integral-geometry.pdf,143,688,1076,0.2658,ok
Validation,Schneider_2008_stochastic-integral-geometry.pdf,144,688,1193,0.19698,ok
Validation,Schneider_2008_stochastic-integral-geometry.pdf,145,688,1651,0.10176,ok
Validation,Schneider_2008_stochastic-integral-geometry.pdf,146,688,1031,0.36275,ok
Validation,Schneider_2008_stochastic-integral-geometry.pdf,147,688,1903,0.09091,ok
Validation,Schneider_2008_stochastic-integral-geometry.pdf,148,688,2578,0.00815,ok
Validation,Schneider_2008_stochastic-integral-geometry.pdf,149,688,2057,0.02917,ok
Validation,Schneider_2008_stochastic-integral-geometry.pdf,150,688,1171,0.11956,ok
Validation,Schneider_2008_stochastic-integral-geometry.pdf,151,688,1394,0.10402,ok
Validation,Schneider_2008_stochastic-integral-geometry.pdf,152,688,1237,0.13581,ok
Validation,Schneider_2008_stochastic-integral-geometry.pdf,153,688,1576,0.05838,ok
Validation,Schneider_2008_stochastic-integral-geometry.pdf,154,688,1894,0.04699,ok
Validation,Schneider_2008_stochastic-integral-geometry.pdf,155,688,1606,0.10959,ok
Validation,Schneider_2008_stochastic-integral-geometry.pdf,156,688,1059,0.12842,ok
Validation,Schneider_2008_stochastic-integral-geometry.pdf,157,688,1569,0.06246,ok
Validation,Schneider_2008_stochastic-integral-geometry.pdf,158,688,1594,0.0734,ok
Validation,Schneider_2008_stochastic-integral-geometry.pdf,159,688,1600,0.09938,ok
Validation,Schneider_2008_stochastic-integral-geometry.pdf,160,688,1518,0.11067,ok
Validation,Schneider_2008_stochastic-integral-geometry.pdf,161,688,1187,0.1567,ok
Validation,Schneider_2008_stochastic-integral-geometry.pdf,162,688,900,0.26667,ok
Validation,Schneider_2008_stochastic-integral-geometry.pdf,163,688,1979,0.03891,ok
Validation,Schneider_2008_stochastic-integral-geometry.pdf,164,688,1741,0.0672,ok
Validation,Schneider_2008_stochastic-integral-geometry.pdf,165,688,1625,0.11877,ok
Validation,Schneider_2008_stochastic-integral-geometry.pdf,166,688,1849,0.09789,ok
Validation,Schneider_2008_stochastic-integral-geometry.pdf,167,688,1968,0.02744,ok
Validation,Schneider_2008_stochastic-integral-geometry.pdf,168,688,1422,0.08579,ok
Validation,Schneider_2008_stochastic-integral-geometry.pdf,169,688,711,0.22785,ok
Validation,Schneider_2008_stochastic-integral-geometry.pdf,170,688,1571,0.06238,ok
Validation,Schneider_2008_stochastic-integral-geometry.pdf,171,688,2673,0.0202,ok
Validation,Schneider_2008_stochastic-integral-geometry.pdf,172,688,1606,0.01059,ok
Validation,Schneider_2008_stochastic-integral-geometry.pdf,173,688,1977,0.01366,ok
Validation,Schneider_2008_stochastic-integral-geometry.pdf,174,688,1309,0.09167,ok
Validation,Schneider_2008_stochastic-integral-geometry.pdf,175,688,1763,0.04368,ok
Validation,Schneider_2008_stochastic-integral-geometry.pdf,176,688,911,0.25027,ok
Validation,Schneider_2008_stochastic-integral-geometry.pdf,177,688,1273,0.16104,ok
Validation,Schneider_2008_stochastic-integral-geometry.pdf,178,688,1941,0.06801,ok
Validation,Schneider_2008_stochastic-integral-geometry.pdf,179,688,915,0.2623,ok
Validation,Schneider_2008_stochastic-integral-geometry.pdf,180,688,964,0.19606,ok
Validation,Schneider_2008_stochastic-integral-geometry.pdf,181,688,1100,0.27636,ok
Validation,Schneider_2008_stochastic-integral-geometry.pdf,182,688,1030,0.18058,ok
Validation,Schneider_2008_stochastic-integral-geometry.pdf,183,688,2314,0.02982,ok
Validation,Schneider_2008_stochastic-integral-geometry.pdf,184,688,2348,0.04727,ok
Validation,Schneider_2008_stochastic-integral-geometry.pdf,185,688,2091,0.02152,ok
Validation,Schneider_2008_stochastic-integral-geometry.pdf,186,688,1300,0.09923,ok
Validation,Schneider_2008_stochastic-integral-geometry.pdf,187,688,1409,0.10149,ok
Validation,Schneider_2008_stochastic-integral-geometry.pdf,188,688,1448,0.10083,ok
Validation,Schneider_2008_stochastic-integral-geometry.pdf,189,688,1101,0.15077,ok
Validation,Schneider_2008_stochastic-integral-geometry.pdf,190,688,785,0.41146,ok
Validation,Schneider_2008_stochastic-integral-geometry.pdf,191,688,1030,0.20583,ok
Validation,Schneider_2008_stochastic-integral-geometry.pdf,192,688,1466,0.09686,ok
Validation,Schneider_2008_stochastic-integral-geometry.pdf,193,688,998,0.20641,ok
Validation,Schneider_2008_stochastic-integral-geometry.pdf,194,688,1399,0.11508,ok
Validation,Schneider_2008_stochastic-integral-geometry.pdf,195,688,1865,0.05684,ok
Validation,Schneider_2008_stochastic-integral-geometry.pdf,196,688,1201,0.15987,ok
Validation,Schneider_2008_stochastic-integral-geometry.pdf,197,688,1207,0.23861,ok
Validation,Schneider_2008_stochastic-integral-geometry.pdf,198,688,1364,0.17962,ok
Validation,Schneider_2008_stochastic-integral-geometry.pdf,199,688,1652,0.08898,ok
Validation,Schneider_2008_stochastic-integral-geometry.pdf,200,688,938,0.26013,ok
Validation,Schneider_2008_stochastic-integral-geometry.pdf,201,688,2093,0.0473,ok
Validation,Schneider_2008_stochastic-integral-geometry.pdf,202,688,2181,0.07061,ok
Validation,Schneider_2008_stochastic-integral-geometry.pdf,203,688,2199,0.04911,ok
Validation,Schneider_2008_stochastic-integral-geometry.pdf,204,688,3055,0.02848,ok
Validation,Schneider_2008_stochastic-integral-geometry.pdf,205,688,2010,0.06667,ok
Validation,Schneider_2008_stochastic-integral-geometry.pdf,206,688,1885,0.09125,ok
Validation,Schneider_2008_stochastic-integral-geometry.pdf,207,688,2153,0.05852,ok
Validation,Schneider_2008_stochastic-integral-geometry.pdf,208,688,2138,0.02993,ok
Validation,Schneider_2008_stochastic-integral-geometry.pdf,209,688,1441,0.23525,ok
Validation,Schneider_2008_stochastic-integral-geometry.pdf,210,688,960,0.19792,ok
Validation,Schneider_2008_stochastic-integral-geometry.pdf,211,688,1236,0.16343,ok
Validation,Schneider_2008_stochastic-integral-geometry.pdf,212,688,2684,0.02012,ok
Validation,Schneider_2008_stochastic-integral-geometry.pdf,213,688,3108,0.0222,ok
Validation,Schneider_2008_stochastic-integral-geometry.pdf,214,688,617,0.01135,ok
Validation,Schneider_2008_stochastic-integral-geometry.pdf,215,688,1626,0.00738,ok
Validation,Schneider_2008_stochastic-integral-geometry.pdf,216,688,845,0.2426,ok
Validation,Schneider_2008_stochastic-integral-geometry.pdf,217,688,1524,0.11877,ok
Validation,Schneider_2008_stochastic-integral-geometry.pdf,218,688,1402,0.11698,ok
Validation,Schneider_2008_stochastic-integral-geometry.pdf,219,688,1207,0.15742,ok
Validation,Schneider_2008_stochastic-integral-geometry.pdf,220,688,1392,0.16379,ok
Validation,Schneider_2008_stochastic-integral-geometry.pdf,221,688,1059,0.18602,ok
Validation,Schneider_2008_stochastic-integral-geometry.pdf,222,688,1676,0.09785,ok
Validation,Schneider_2008_stochastic-integral-geometry.pdf,223,688,1237,0.1924,ok
Validation,Schneider_2008_stochastic-integral-geometry.pdf,224,688,1420,0.09366,ok
Validation,Schneider_2008_stochastic-integral-geometry.pdf,225,688,1127,0.17924,ok
Validation,Schneider_2008_stochastic-integral-geometry.pdf,226,688,1089,0.18916,ok
Validation,Schneider_2008_stochastic-integral-geometry.pdf,227,688,1674,0.04719,ok
Validation,Schneider_2008_stochastic-integral-geometry.pdf,228,688,1687,0.08832,ok
Validation,Schneider_2008_stochastic-integral-geometry.pdf,229,688,876,0.25457,ok
Validation,Schneider_2008_stochastic-integral-geometry.pdf,230,688,1438,0.10918,ok
Validation,Schneider_2008_stochastic-integral-geometry.pdf,231,688,864,0.27083,ok
Validation,Schneider_2008_stochastic-integral-geometry.pdf,232,688,1601,0.05184,ok
Validation,Schneider_2008_stochastic-integral-geometry.pdf,233,688,1280,0.11563,ok
Validation,Schneider_2008_stochastic-integral-geometry.pdf,234,688,1236,0.19903,ok
Validation,Schneider_2008_stochastic-integral-geometry.pdf,235,688,1127,0.40728,ok
Validation,Schneider_2008_stochastic-integral-geometry.pdf,236,688,1133,0.27626,ok
Validation,Schneider_2008_stochastic-integral-geometry.pdf,237,688,1626,0.12731,ok
Validation,Schneider_2008_stochastic-integral-geometry.pdf,238,688,1803,0.05657,ok
Validation,Schneider_2008_stochastic-integral-geometry.pdf,239,688,1081,0.27567,ok
Validation,Schneider_2008_stochastic-integral-geometry.pdf,240,688,1463,0.16131,ok
Validation,Schneider_2008_stochastic-integral-geometry.pdf,241,688,1386,0.19553,ok
Validation,Schneider_2008_stochastic-integral-geometry.pdf,242,688,1421,0.18508,ok
Validation,Schneider_2008_stochastic-integral-geometry.pdf,243,688,1070,0.15327,ok
Validation,Schneider_2008_stochastic-integral-geometry.pdf,244,688,1215,0.23128,ok
Validation,Schneider_2008_stochastic-integral-geometry.pdf,245,688,1368,0.16228,ok
Validation,Schneider_2008_stochastic-integral-geometry.pdf,246,688,1329,0.18661,ok
Validation,Schneider_2008_stochastic-integral-geometry.pdf,247,688,1248,0.22837,ok
Validation,Schneider_2008_stochastic-integral-geometry.pdf,248,688,1438,0.13004,ok
Validation,Schneider_2008_stochastic-integral-geometry.pdf,249,688,2034,0.11554,ok
Validation,Schneider_2008_stochastic-integral-geometry.pdf,250,688,1581,0.11638,ok
Validation,Schneider_2008_stochastic-integral-geometry.pdf,251,688,1658,0.2111,ok
Validation,Schneider_2008_stochastic-integral-geometry.pdf,252,688,1924,0.05042,ok
Validation,Schneider_2008_stochastic-integral-geometry.pdf,253,688,2235,0.034,ok
Validation,Schneider_2008_stochastic-integral-geometry.pdf,254,688,1617,0.07297,ok
Validation,Schneider_2008_stochastic-integral-geometry.pdf,255,688,980,0.26531,ok
Validation,Schneider_2008_stochastic-integral-geometry.pdf,256,688,1232,0.18101,ok
Validation,Schneider_2008_stochastic-integral-geometry.pdf,257,688,1380,0.12681,ok
Validation,Schneider_2008_stochastic-integral-geometry.pdf,258,688,1675,0.08239,ok
Validation,Schneider_2008_stochastic-integral-geometry.pdf,259,688,1372,0.19242,ok
Validation,Schneider_2008_stochastic-integral-geometry.pdf,260,688,1108,0.16606,ok
Validation,Schneider_2008_stochastic-integral-geometry.pdf,261,688,1948,0.13706,ok
Validation,Schneider_2008_stochastic-integral-geometry.pdf,262,688,1684,0.05344,ok
Validation,Schneider_2008_stochastic-integral-geometry.pdf,263,688,1237,0.16087,ok
Validation,Schneider_2008_stochastic-integral-geometry.pdf,264,688,1148,0.19425,ok
Validation,Schneider_2008_stochastic-integral-geometry.pdf,265,688,1284,0.12617,ok
Validation,Schneider_2008_stochastic-integral-geometry.pdf,266,688,2317,0.04575,ok
Validation,Schneider_2008_stochastic-integral-geometry.pdf,267,688,2120,0.04151,ok
Validation,Schneider_2008_stochastic-integral-geometry.pdf,268,688,2008,0.00249,ok
Validation,Schneider_2008_stochastic-integral-geometry.pdf,269,688,1505,0.04718,ok
Validation,Schneider_2008_stochastic-integral-geometry.pdf,270,688,981,0.35678,ok
Validation,Schneider_2008_stochastic-integral-geometry.pdf,271,688,1160,0.21983,ok
Validation,Schneider_2008_stochastic-integral-geometry.pdf,272,688,960,0.31562,ok
Validation,Schneider_2008_stochastic-integral-geometry.pdf,273,688,1647,0.06497,ok
Validation,Schneider_2008_stochastic-integral-geometry.pdf,274,688,1201,0.21232,ok
Validation,Schneider_2008_stochastic-integral-geometry.pdf,275,688,1406,0.27169,ok
Validation,Schneider_2008_stochastic-integral-geometry.pdf,276,688,2287,0.07783,ok
Validation,Schneider_2008_stochastic-integral-geometry.pdf,277,688,1474,0.26255,ok
Validation,Schneider_2008_stochastic-integral-geometry.pdf,278,688,1096,0.29015,ok
Validation,Schneider_2008_stochastic-integral-geometry.pdf,279,688,1365,0.19707,ok
Validation,Schneider_2008_stochastic-integral-geometry.pdf,280,688,1469,0.16133,ok
Validation,Schneider_2008_stochastic-integral-geometry.pdf,281,688,1370,0.15985,ok
Validation,Schneider_2008_stochastic-integral-geometry.pdf,282,688,1172,0.26365,ok
Validation,Schneider_2008_stochastic-integral-geometry.pdf,283,688,1278,0.27308,ok
Validation,Schneider_2008_stochastic-integral-geometry.pdf,284,688,1536,0.20833,ok
Validation,Schneider_2008_stochastic-integral-geometry.pdf,285,688,1421,0.25123,ok
Validation,Schneider_2008_stochastic-integral-geometry.pdf,286,688,1239,0.38741,ok
Validation,Schneider_2008_stochastic-integral-geometry.pdf,287,688,1866,0.13558,ok
Validation,Schneider_2008_stochastic-integral-geometry.pdf,288,688,2577,0.04928,ok
Validation,Schneider_2008_stochastic-integral-geometry.pdf,289,688,2517,0.06397,ok
Validation,Schneider_2008_stochastic-integral-geometry.pdf,290,688,1518,0.11331,ok
Validation,Schneider_2008_stochastic-integral-geometry.pdf,291,688,1100,0.26909,ok
Validation,Schneider_2008_stochastic-integral-geometry.pdf,292,688,1025,0.16488,ok
Validation,Schneider_2008_stochastic-integral-geometry.pdf,293,688,1789,0.00056,ok
Validation,Schneider_2008_stochastic-integral-geometry.pdf,294,688,2678,0.00822,ok
Validation,Schneider_2008_stochastic-integral-geometry.pdf,295,688,2840,0.0007,ok
Validation,Schneider_2008_stochastic-integral-geometry.pdf,296,688,2771,0.00505,ok
Validation,Schneider_2008_stochastic-integral-geometry.pdf,297,688,2690,0.00223,ok
Validation,Schneider_2008_stochastic-integral-geometry.pdf,298,688,2392,0.00585,ok
Validation,Schneider_2008_stochastic-integral-geometry.pdf,299,688,1750,0.08114,ok
Validation,Schneider_2008_stochastic-integral-geometry.pdf,300,688,1271,0.12116,ok
Validation,Schneider_2008_stochastic-integral-geometry.pdf,301,688,1782,0.06004,ok
Validation,Schneider_2008_stochastic-integral-geometry.pdf,302,688,797,0.40903,ok
Validation,Schneider_2008_stochastic-integral-geometry.pdf,303,688,1013,0.29911,ok
Validation,Schneider_2008_stochastic-integral-geometry.pdf,304,688,1035,0.30821,ok
Validation,Schneider_2008_stochastic-integral-geometry.pdf,305,688,2094,0.04059,ok
Validation,Schneider_2008_stochastic-integral-geometry.pdf,306,688,1318,0.13126,ok
Validation,Schneider_2008_stochastic-integral-geometry.pdf,307,688,1202,0.16722,ok
Validation,Schneider_2008_stochastic-integral-geometry.pdf,308,688,1175,0.30894,ok
Validation,Schneider_2008_stochastic-integral-geometry.pdf,309,688,1515,0.12541,ok
Validation,Schneider_2008_stochastic-integral-geometry.pdf,310,688,1638,0.09341,ok
Validation,Schneider_2008_stochastic-integral-geometry.pdf,311,688,1580,0.07595,ok
Validation,Schneider_2008_stochastic-integral-geometry.pdf,312,688,2697,0.04116,ok
Validation,Schneider_2008_stochastic-integral-geometry.pdf,313,688,2179,0.067,ok
Validation,Schneider_2008_stochastic-integral-geometry.pdf,314,688,2163,0.03282,ok
Validation,Schneider_2008_stochastic-integral-geometry.pdf,315,688,1482,0.14103,ok
Validation,Schneider_2008_stochastic-integral-geometry.pdf,316,688,1361,0.22704,ok
Validation,Schneider_2008_stochastic-integral-geometry.pdf,317,688,890,0.29326,ok
Validation,Schneider_2008_stochastic-integral-geometry.pdf,318,688,987,0.43566,ok
Validation,Schneider_2008_stochastic-integral-geometry.pdf,319,688,1506,0.14741,ok
Validation,Schneider_2008_stochastic-integral-geometry.pdf,320,688,1705,0.10029,ok
Validation,Schneider_2008_stochastic-integral-geometry.pdf,321,688,2255,0.04745,ok
Validation,Schneider_2008_stochastic-integral-geometry.pdf,322,688,1868,0.05782,ok
Validation,Schneider_2008_stochastic-integral-geometry.pdf,323,688,1878,0.09318,ok
Validation,Schneider_2008_stochastic-integral-geometry.pdf,324,688,2034,0.06637,ok
Validation,Schneider_2008_stochastic-integral-geometry.pdf,325,688,2037,0.06382,ok
Validation,Schneider_2008_stochastic-integral-geometry.pdf,326,688,2472,0.05421,ok
Validation,Schneider_2008_stochastic-integral-geometry.pdf,327,688,2735,0.02121,ok
Validation,Schneider_2008_stochastic-integral-geometry.pdf,328,688,2769,0.00506,ok
Validation,Schneider_2008_stochastic-integral-geometry.pdf,329,688,2226,0.031,ok
Validation,Schneider_2008_stochastic-integral-geometry.pdf,330,688,779,0.23107,ok
Validation,Schneider_2008_stochastic-integral-geometry.pdf,331,688,1847,0.05956,ok
Validation,Schneider_2008_stochastic-integral-geometry.pdf,332,688,1844,0.07701,ok
Validation,Schneider_2008_stochastic-integral-geometry.pdf,333,688,1813,0.13844,ok
Validation,Schneider_2008_stochastic-integral-geometry.pdf,334,688,2324,0.05981,ok
Validation,Schneider_2008_stochastic-integral-geometry.pdf,335,688,2342,0.01836,ok
Validation,Schneider_2008_stochastic-integral-geometry.pdf,336,688,1757,0.08993,ok
Validation,Schneider_2008_stochastic-integral-geometry.pdf,337,688,1306,0.13783,ok
Validation,Schneider_2008_stochastic-integral-geometry.pdf,338,688,1773,0.07276,ok
Validation,Schneider_2008_stochastic-integral-geometry.pdf,339,688,1516,0.1781,ok
Validation,Schneider_2008_stochastic-integral-geometry.pdf,340,688,2028,0.0429,ok
Validation,Schneider_2008_stochastic-integral-geometry.pdf,341,688,1580,0.08165,ok
Validation,Schneider_2008_stochastic-integral-geometry.pdf,342,688,1896,0.11867,ok
Validation,Schneider_2008_stochastic-integral-geometry.pdf,343,688,1216,0.23438,ok
Validation,Schneider_2008_stochastic-integral-geometry.pdf,344,688,2849,0.01755,ok
Validation,Schneider_2008_stochastic-integral-geometry.pdf,345,688,1705,0.0346,ok
Validation,Schneider_2008_stochastic-integral-geometry.pdf,346,688,1168,0.24315,ok
Validation,Schneider_2008_stochastic-integral-geometry.pdf,347,688,1483,0.12744,ok
Validation,Schneider_2008_stochastic-integral-geometry.pdf,348,688,1397,0.16893,ok
Validation,Schneider_2008_stochastic-integral-geometry.pdf,349,688,1583,0.06696,ok
Validation,Schneider_2008_stochastic-integral-geometry.pdf,350,688,1956,0.03323,ok
Validation,Schneider_2008_stochastic-integral-geometry.pdf,351,688,1128,0.11791,ok
Validation,Schneider_2008_stochastic-integral-geometry.pdf,352,688,882,0.21315,ok
Validation,Schneider_2008_stochastic-integral-geometry.pdf,353,688,1137,0.15567,ok
Validation,Schneider_2008_stochastic-integral-geometry.pdf,354,688,973,0.10483,ok
Validation,Schneider_2008_stochastic-integral-geometry.pdf,355,688,1063,0.15522,ok
Validation,Schneider_2008_stochastic-integral-geometry.pdf,356,688,860,0.24767,ok
Validation,Schneider_2008_stochastic-integral-geometry.pdf,357,688,946,0.1945,ok
Validation,Schneider_2008_stochastic-integral-geometry.pdf,358,688,1246,0.15008,ok
Validation,Schneider_2008_stochastic-integral-geometry.pdf,359,688,2164,0.03512,ok
Validation,Schneider_2008_stochastic-integral-geometry.pdf,360,688,1505,0.10897,ok
Validation,Schneider_2008_stochastic-integral-geometry.pdf,361,688,1354,0.15436,ok
Validation,Schneider_2008_stochastic-integral-geometry.pdf,362,688,1180,0.3322,ok
Validation,Schneider_2008_stochastic-integral-geometry.pdf,363,688,1276,0.17712,ok
Validation,Schneider_2008_stochastic-integral-geometry.pdf,364,688,1043,0.25887,ok
Validation,Schneider_2008_stochastic-integral-geometry.pdf,365,688,1504,0.13497,ok
Validation,Schneider_2008_stochastic-integral-geometry.pdf,366,688,1256,0.14809,ok
Validation,Schneider_2008_stochastic-integral-geometry.pdf,367,688,1236,0.24272,ok
Validation,Schneider_2008_stochastic-integral-geometry.pdf,368,688,1214,0.18204,ok
Validation,Schneider_2008_stochastic-integral-geometry.pdf,369,688,1355,0.17269,ok
Validation,Schneider_2008_stochastic-integral-geometry.pdf,370,688,918,0.25817,ok
Validation,Schneider_2008_stochastic-integral-geometry.pdf,371,688,1210,0.25702,ok
Validation,Schneider_2008_stochastic-integral-geometry.pdf,372,688,2056,0.06372,ok
Validation,Schneider_2008_stochastic-integral-geometry.pdf,373,688,1333,0.20405,ok
Validation,Schneider_2008_stochastic-integral-geometry.pdf,374,688,2272,0.03961,ok
Validation,Schneider_2008_stochastic-integral-geometry.pdf,375,688,3143,0.02609,ok
Validation,Schneider_2008_stochastic-integral-geometry.pdf,376,688,1644,0.04319,ok
Validation,Schneider_2008_stochastic-integral-geometry.pdf,377,688,1573,0.03115,ok
Validation,Schneider_2008_stochastic-integral-geometry.pdf,378,688,2176,0.03217,ok
Validation,Schneider_2008_stochastic-integral-geometry.pdf,379,688,1633,0.0545,ok
Validation,Schneider_2008_stochastic-integral-geometry.pdf,380,688,964,0.16286,ok
Validation,Schneider_2008_stochastic-integral-geometry.pdf,381,688,1470,0.10272,ok
Validation,Schneider_2008_stochastic-integral-geometry.pdf,382,688,1484,0.06065,ok
Validation,Schneider_2008_stochastic-integral-geometry.pdf,383,688,2129,0.05589,ok
Validation,Schneider_2008_stochastic-integral-geometry.pdf,384,688,932,0.25,ok
Validation,Schneider_2008_stochastic-integral-geometry.pdf,385,688,863,0.22943,ok
Validation,Schneider_2008_stochastic-integral-geometry.pdf,386,688,1117,0.17995,ok
Validation,Schneider_2008_stochastic-integral-geometry.pdf,387,688,1191,0.39882,ok
Validation,Schneider_2008_stochastic-integral-geometry.pdf,388,688,1425,0.19228,ok
Validation,Schneider_2008_stochastic-integral-geometry.pdf,389,688,935,0.18075,ok
Validation,Schneider_2008_stochastic-integral-geometry.pdf,390,688,1319,0.25398,ok
Validation,Schneider_2008_stochastic-integral-geometry.pdf,391,688,1107,0.25655,ok
Validation,Schneider_2008_stochastic-integral-geometry.pdf,392,688,1203,0.12552,ok
Validation,Schneider_2008_stochastic-integral-geometry.pdf,393,688,1460,0.06027,ok
Validation,Schneider_2008_stochastic-integral-geometry.pdf,394,688,1476,0.07114,ok
Validation,Schneider_2008_stochastic-integral-geometry.pdf,395,688,707,0.38755,ok
Validation,Schneider_2008_stochastic-integral-geometry.pdf,396,688,858,0.20862,ok
Validation,Schneider_2008_stochastic-integral-geometry.pdf,397,688,1242,0.09259,ok
Validation,Schneider_2008_stochastic-integral-geometry.pdf,398,688,1390,0.10216,ok
Validation,Schneider_2008_stochastic-integral-geometry.pdf,399,688,2175,0.04322,ok
Validation,Schneider_2008_stochastic-integral-geometry.pdf,400,688,1414,0.09901,ok
Validation,Schneider_2008_stochastic-integral-geometry.pdf,401,688,932,0.23712,ok
Validation,Schneider_2008_stochastic-integral-geometry.pdf,402,688,840,0.31429,ok
Validation,Schneider_2008_stochastic-integral-geometry.pdf,403,688,1513,0.13285,ok
Validation,Schneider_2008_stochastic-integral-geometry.pdf,404,688,1934,0.02689,ok
Validation,Schneider_2008_stochastic-integral-geometry.pdf,405,688,1798,0.05061,ok
Validation,Schneider_2008_stochastic-integral-geometry.pdf,406,688,1208,0.15894,ok
Validation,Schneider_2008_stochastic-integral-geometry.pdf,407,688,1164,0.19158,ok
Validation,Schneider_2008_stochastic-integral-geometry.pdf,408,688,1494,0.10576,ok
Validation,Schneider_2008_stochastic-integral-geometry.pdf,409,688,1372,0.20845,ok
Validation,Schneider_2008_stochastic-integral-geometry.pdf,410,688,1417,0.08469,ok
Validation,Schneider_2008_stochastic-integral-geometry.pdf,411,688,1053,0.16524,ok
Validation,Schneider_2008_stochastic-integral-geometry.pdf,412,688,1694,0.08973,ok
Validation,Schneider_2008_stochastic-integral-geometry.pdf,413,688,1716,0.07401,ok
Validation,Schneider_2008_stochastic-integral-geometry.pdf,414,688,1452,0.04821,ok
Validation,Schneider_2008_stochastic-integral-geometry.pdf,415,688,1171,0.16652,ok
Validation,Schneider_2008_stochastic-integral-geometry.pdf,416,688,1314,0.07839,ok
Validation,Schneider_2008_stochastic-integral-geometry.pdf,417,688,1201,0.13988,ok
Validation,Schneider_2008_stochastic-integral-geometry.pdf,418,688,1339,0.09037,ok
Validation,Schneider_2008_stochastic-integral-geometry.pdf,419,688,1050,0.13238,ok
Validation,Schneider_2008_stochastic-integral-geometry.pdf,420,688,1297,0.0879,ok
Validation,Schneider_2008_stochastic-integral-geometry.pdf,421,688,1691,0.06091,ok
Validation,Schneider_2008_stochastic-integral-geometry.pdf,422,688,1377,0.11111,ok
Validation,Schneider_2008_stochastic-integral-geometry.pdf,423,688,1442,0.07975,ok
Validation,Schneider_2008_stochastic-integral-geometry.pdf,424,688,1063,0.19191,ok
Validation,Schneider_2008_stochastic-integral-geometry.pdf,425,688,1004,0.16135,ok
Validation,Schneider_2008_stochastic-integral-geometry.pdf,426,688,1502,0.07989,ok
Validation,Schneider_2008_stochastic-integral-geometry.pdf,427,688,2867,0.00384,ok
Validation,Schneider_2008_stochastic-integral-geometry.pdf,428,688,2098,0.05481,ok
Validation,Schneider_2008_stochastic-integral-geometry.pdf,429,688,2429,0.007,ok
Validation,Schneider_2008_stochastic-integral-geometry.pdf,430,688,2019,0.05052,ok
Validation,Schneider_2008_stochastic-integral-geometry.pdf,431,688,1225,0.1698,ok
Validation,Schneider_2008_stochastic-integral-geometry.pdf,432,688,1283,0.16913,ok
Validation,Schneider_2008_stochastic-integral-geometry.pdf,433,688,1749,0.0972,ok
Validation,Schneider_2008_stochastic-integral-geometry.pdf,434,688,1497,0.14562,ok
Validation,Schneider_2008_stochastic-integral-geometry.pdf,435,688,1399,0.15797,ok
Validation,Schneider_2008_stochastic-integral-geometry.pdf,436,688,1202,0.13228,ok
Validation,Schneider_2008_stochastic-integral-geometry.pdf,437,688,825,0.14788,ok
Validation,Schneider_2008_stochastic-integral-geometry.pdf,438,688,925,0.22595,ok
Validation,Schneider_2008_stochastic-integral-geometry.pdf,439,688,1269,0.11032,ok
Validation,Schneider_2008_stochastic-integral-geometry.pdf,440,688,2279,0.04344,ok
Validation,Schneider_2008_stochastic-integral-geometry.pdf,441,688,1793,0.12326,ok
Validation,Schneider_2008_stochastic-integral-geometry.pdf,442,688,2656,0.04443,ok
Validation,Schneider_2008_stochastic-integral-geometry.pdf,443,688,2519,0.03335,ok
Validation,Schneider_2008_stochastic-integral-geometry.pdf,444,688,2286,0.02668,ok
Validation,Schneider_2008_stochastic-integral-geometry.pdf,445,688,1638,0.01343,ok
Validation,Schneider_2008_stochastic-integral-geometry.pdf,446,688,1649,0.03214,ok
Validation,Schneider_2008_stochastic-integral-geometry.pdf,447,688,1792,0.08482,ok
Validation,Schneider_2008_stochastic-integral-geometry.pdf,448,688,1707,0.0867,ok
Validation,Schneider_2008_stochastic-integral-geometry.pdf,449,688,1747,0.05381,ok
Validation,Schneider_2008_stochastic-integral-geometry.pdf,450,688,1564,0.09079,ok
Validation,Schneider_2008_stochastic-integral-geometry.pdf,451,688,1511,0.14428,ok
Validation,Schneider_2008_stochastic-integral-geometry.pdf,452,688,1140,0.09737,ok
Validation,Schneider_2008_stochastic-integral-geometry.pdf,453,688,1540,0.12987,ok
Validation,Schneider_2008_stochastic-integral-geometry.pdf,454,688,1539,0.09812,ok
Validation,Schneider_2008_stochastic-integral-geometry.pdf,455,688,767,0.26988,ok
Validation,Schneider_2008_stochastic-integral-geometry.pdf,456,688,1259,0.19619,ok
Validation,Schneider_2008_stochastic-integral-geometry.pdf,457,688,1532,0.14295,ok
Validation,Schneider_2008_stochastic-integral-geometry.pdf,458,688,1196,0.16221,ok
Validation,Schneider_2008_stochastic-integral-geometry.pdf,459,688,1099,0.21656,ok
Validation,Schneider_2008_stochastic-integral-geometry.pdf,460,688,881,0.28717,ok
Validation,Schneider_2008_stochastic-integral-geometry.pdf,461,688,1241,0.14021,ok
Validation,Schneider_2008_stochastic-integral-geometry.pdf,462,688,1142,0.19177,ok
Validation,Schneider_2008_stochastic-integral-geometry.pdf,463,688,1277,0.16366,ok
Validation,Schneider_2008_stochastic-integral-geometry.pdf,464,688,1551,0.11283,ok
Validation,Schneider_2008_stochastic-integral-geometry.pdf,465,688,1134,0.20547,ok
Validation,Schneider_2008_stochastic-integral-geometry.pdf,466,688,1046,0.24283,ok
Validation,Schneider_2008_stochastic-integral-geometry.pdf,467,688,2388,0.05528,ok
Validation,Schneider_2008_stochastic-integral-geometry.pdf,468,688,2867,0.02825,ok
Validation,Schneider_2008_stochastic-integral-geometry.pdf,469,688,2803,0.01891,ok
Validation,Schneider_2008_stochastic-integral-geometry.pdf,470,688,2418,0.02812,ok
Validation,Schneider_2008_stochastic-integral-geometry.pdf,471,688,1836,0.12146,ok
Validation,Schneider_2008_stochastic-integral-geometry.pdf,472,688,2096,0.03865,ok
Validation,Schneider_2008_stochastic-integral-geometry.pdf,473,688,1458,0.18244,ok
Validation,Schneider_2008_stochastic-integral-geometry.pdf,474,688,1158,0.27116,ok
Validation,Schneider_2008_stochastic-integral-geometry.pdf,475,688,1014,0.35207,ok
Validation,Schneider_2008_stochastic-integral-geometry.pdf,476,688,1000,0.3,ok
Validation,Schneider_2008_stochastic-integral-geometry.pdf,477,688,1119,0.22878,ok
Validation,Schneider_2008_stochastic-integral-geometry.pdf,478,688,2193,0.05609,ok
Validation,Schneider_2008_stochastic-integral-geometry.pdf,479,688,1796,0.06459,ok
Validation,Schneider_2008_stochastic-integral-geometry.pdf,480,688,1218,0.18227,ok
Validation,Schneider_2008_stochastic-integral-geometry.pdf,481,688,1111,0.27633,ok
Validation,Schneider_2008_stochastic-integral-geometry.pdf,482,688,2789,0.00968,ok
Validation,Schneider_2008_stochastic-integral-geometry.pdf,483,688,2652,0.01508,ok
Validation,Schneider_2008_stochastic-integral-geometry.pdf,484,688,1752,0.06792,ok
Validation,Schneider_2008_stochastic-integral-geometry.pdf,485,688,1258,0.23847,ok
Validation,Schneider_2008_stochastic-integral-geometry.pdf,486,688,2052,0.06384,ok
Validation,Schneider_2008_stochastic-integral-geometry.pdf,487,688,2063,0.08725,ok
Validation,Schneider_2008_stochastic-integral-geometry.pdf,488,688,1280,0.16016,ok
Validation,Schneider_2008_stochastic-integral-geometry.pdf,489,688,1082,0.23198,ok
Validation,Schneider_2008_stochastic-integral-geometry.pdf,490,688,1547,0.11054,ok
Validation,Schneider_2008_stochastic-integral-geometry.pdf,491,688,998,0.27355,ok
Validation,Schneider_2008_stochastic-integral-geometry.pdf,492,688,2244,0.04144,ok
Validation,Schneider_2008_stochastic-integral-geometry.pdf,493,688,1481,0.0736,ok
Validation,Schneider_2008_stochastic-integral-geometry.pdf,494,688,838,0.179,ok
Validation,Schneider_2008_stochastic-integral-geometry.pdf,495,688,1497,0.11957,ok
Validation,Schneider_2008_stochastic-integral-geometry.pdf,496,688,1248,0.21394,ok
Validation,Schneider_2008_stochastic-integral-geometry.pdf,497,688,1982,0.06105,ok
Validation,Schneider_2008_stochastic-integral-geometry.pdf,498,688,1192,0.25084,ok
Validation,Schneider_2008_stochastic-integral-geometry.pdf,499,688,2021,0.06482,ok
Validation,Schneider_2008_stochastic-integral-geometry.pdf,500,688,1467,0.20177,ok
Validation,Schneider_2008_stochastic-integral-geometry.pdf,501,688,1651,0.13204,ok
Validation,Schneider_2008_stochastic-integral-geometry.pdf,502,688,1290,0.17519,ok
Validation,Schneider_2008_stochastic-integral-geometry.pdf,503,688,1240,0.21694,ok
Validation,Schneider_2008_stochastic-integral-geometry.pdf,504,688,1376,0.08503,ok
Validation,Schneider_2008_stochastic-integral-geometry.pdf,505,688,1369,0.20234,ok
Validation,Schneider_2008_stochastic-integral-geometry.pdf,506,688,1705,0.13724,ok
Validation,Schneider_2008_stochastic-integral-geometry.pdf,507,688,1244,0.18328,ok
Validation,Schneider_2008_stochastic-integral-geometry.pdf,508,688,1320,0.11212,ok
Validation,Schneider_2008_stochastic-integral-geometry.pdf,509,688,2743,0.0113,ok
Validation,Schneider_2008_stochastic-integral-geometry.pdf,510,688,2836,0.04302,ok
Validation,Schneider_2008_stochastic-integral-geometry.pdf,511,688,2356,0.08192,ok
Validation,Schneider_2008_stochastic-integral-geometry.pdf,512,688,2779,0.02519,ok
Validation,Schneider_2008_stochastic-integral-geometry.pdf,513,688,2064,0.08721,ok
Validation,Schneider_2008_stochastic-integral-geometry.pdf,514,688,2707,0.02881,ok
Validation,Schneider_2008_stochastic-integral-geometry.pdf,515,688,1554,0.08494,ok
Validation,Schneider_2008_stochastic-integral-geometry.pdf,516,688,1449,0.147,ok
Validation,Schneider_2008_stochastic-integral-geometry.pdf,517,688,1533,0.17156,ok
Validation,Schneider_2008_stochastic-integral-geometry.pdf,518,688,1069,0.20019,ok
Validation,Schneider_2008_stochastic-integral-geometry.pdf,519,688,1516,0.1438,ok
Validation,Schneider_2008_stochastic-integral-geometry.pdf,520,688,2016,0.00099,ok
Validation,Schneider_2008_stochastic-integral-geometry.pdf,521,688,1998,0.06056,ok
Validation,Schneider_2008_stochastic-integral-geometry.pdf,522,688,2359,0.03815,ok
Validation,Schneider_2008_stochastic-integral-geometry.pdf,523,688,1134,0.12522,ok
Validation,Schneider_2008_stochastic-integral-geometry.pdf,524,688,1094,0.15722,ok
Validation,Schneider_2008_stochastic-integral-geometry.pdf,525,688,1337,0.1107,ok
Validation,Schneider_2008_stochastic-integral-geometry.pdf,526,688,1389,0.14399,ok
Validation,Schneider_2008_stochastic-integral-geometry.pdf,527,688,1355,0.20812,ok
Validation,Schneider_2008_stochastic-integral-geometry.pdf,528,688,1645,0.13921,ok
Validation,Schneider_2008_stochastic-integral-geometry.pdf,529,688,953,0.42078,ok
Validation,Schneider_2008_stochastic-integral-geometry.pdf,530,688,989,0.3458,ok
Validation,Schneider_2008_stochastic-integral-geometry.pdf,531,688,1969,0.05434,ok
Validation,Schneider_2008_stochastic-integral-geometry.pdf,532,688,2400,0.03958,ok
Validation,Schneider_2008_stochastic-integral-geometry.pdf,533,688,1563,0.07933,ok
Validation,Schneider_2008_stochastic-integral-geometry.pdf,534,688,1135,0.16828,ok
Validation,Schneider_2008_stochastic-integral-geometry.pdf,535,688,1706,0.05979,ok
Validation,Schneider_2008_stochastic-integral-geometry.pdf,536,688,1050,0.15333,ok
Validation,Schneider_2008_stochastic-integral-geometry.pdf,537,688,1941,0.04791,ok
Validation,Schneider_2008_stochastic-integral-geometry.pdf,538,688,2165,0.04988,ok
Validation,Schneider_2008_stochastic-integral-geometry.pdf,539,688,1639,0.06101,ok
Validation,Schneider_2008_stochastic-integral-geometry.pdf,540,688,1493,0.09846,ok
Validation,Schneider_2008_stochastic-integral-geometry.pdf,541,688,1707,0.1406,ok
Validation,Schneider_2008_stochastic-integral-geometry.pdf,542,688,1734,0.05363,ok
Validation,Schneider_2008_stochastic-integral-geometry.pdf,543,688,1019,0.17174,ok
Validation,Schneider_2008_stochastic-integral-geometry.pdf,544,688,1342,0.12817,ok
Validation,Schneider_2008_stochastic-integral-geometry.pdf,545,688,1371,0.11597,ok
Validation,Schneider_2008_stochastic-integral-geometry.pdf,546,688,1597,0.1077,ok
Validation,Schneider_2008_stochastic-integral-geometry.pdf,547,688,926,0.2689,ok
Validation,Schneider_2008_stochastic-integral-geometry.pdf,548,688,1559,0.06799,ok
Validation,Schneider_2008_stochastic-integral-geometry.pdf,549,688,2037,0.04615,ok
Validation,Schneider_2008_stochastic-integral-geometry.pdf,550,688,1730,0.07688,ok
Validation,Schneider_2008_stochastic-integral-geometry.pdf,551,688,1480,0.09527,ok
Validation,Schneider_2008_stochastic-integral-geometry.pdf,552,688,1361,0.14254,ok
Validation,Schneider_2008_stochastic-integral-geometry.pdf,553,688,1467,0.12543,ok
Validation,Schneider_2008_stochastic-integral-geometry.pdf,554,688,1119,0.17069,ok
Validation,Schneider_2008_stochastic-integral-geometry.pdf,555,688,691,0.17077,ok
Validation,Schneider_2008_stochastic-integral-geometry.pdf,556,688,1298,0.0131,ok
Validation,Schneider_2008_stochastic-integral-geometry.pdf,557,688,2229,0.08793,ok
Validation,Schneider_2008_stochastic-integral-geometry.pdf,558,688,2042,0.02595,ok
Validation,Schneider_2008_stochastic-integral-geometry.pdf,559,688,1422,0.0443,ok
Validation,Schneider_2008_stochastic-integral-geometry.pdf,560,688,1520,0.09803,ok
Validation,Schneider_2008_stochastic-integral-geometry.pdf,561,688,878,0.2369,ok
Validation,Schneider_2008_stochastic-integral-geometry.pdf,562,688,1488,0.11156,ok
Validation,Schneider_2008_stochastic-integral-geometry.pdf,563,688,1479,0.13049,ok
Validation,Schneider_2008_stochastic-integral-geometry.pdf,564,688,1995,0.05414,ok
Validation,Schneider_2008_stochastic-integral-geometry.pdf,565,688,1510,0.06623,ok
Validation,Schneider_2008_stochastic-integral-geometry.pdf,566,688,1182,0.1286,ok
Validation,Schneider_2008_stochastic-integral-geometry.pdf,567,688,1401,0.05567,ok
Validation,Schneider_2008_stochastic-integral-geometry.pdf,568,688,1445,0.1218,ok
Validation,Schneider_2008_stochastic-integral-geometry.pdf,569,688,2008,0.04283,ok
Validation,Schneider_2008_stochastic-integral-geometry.pdf,570,688,1382,0.06946,ok
Validation,Schneider_2008_stochastic-integral-geometry.pdf,571,688,1158,0.12263,ok
Validation,Schneider_2008_stochastic-integral-geometry.pdf,572,688,1436,0.02507,ok
Validation,Schneider_2008_stochastic-integral-geometry.pdf,573,688,1953,0.0384,ok
Validation,Schneider_2008_stochastic-integral-geometry.pdf,574,688,2027,0.04045,ok
Validation,Schneider_2008_stochastic-integral-geometry.pdf,575,688,1248,0.10096,ok
Validation,Schneider_2008_stochastic-integral-geometry.pdf,576,688,1481,0.10331,ok
Validation,Schneider_2008_stochastic-integral-geometry.pdf,577,688,1323,0.12245,ok
Validation,Schneider_2008_stochastic-integral-geometry.pdf,578,688,2319,0.02156,ok
Validation,Schneider_2008_stochastic-integral-geometry.pdf,579,688,2085,0.02446,ok
Validation,Schneider_2008_stochastic-integral-geometry.pdf,580,688,1794,0.03289,ok
Validation,Schneider_2008_stochastic-integral-geometry.pdf,581,688,1748,0.0778,ok
Validation,Schneider_2008_stochastic-integral-geometry.pdf,582,688,1377,0.13871,ok
Validation,Schneider_2008_stochastic-integral-geometry.pdf,583,688,1399,0.1644,ok
Validation,Schneider_2008_stochastic-integral-geometry.pdf,584,688,1236,0.1966,ok
Validation,Schneider_2008_stochastic-integral-geometry.pdf,585,688,1215,0.14156,ok
Validation,Schneider_2008_stochastic-integral-geometry.pdf,586,688,1290,0.18605,ok
Validation,Schneider_2008_stochastic-integral-geometry.pdf,587,688,1698,0.0583,ok
Validation,Schneider_2008_stochastic-integral-geometry.pdf,588,688,1106,0.17722,ok
Validation,Schneider_2008_stochastic-integral-geometry.pdf,589,688,1113,0.22102,ok
Validation,Schneider_2008_stochastic-integral-geometry.pdf,590,688,1951,0.02255,ok
Validation,Schneider_2008_stochastic-integral-geometry.pdf,591,688,2033,0.0546,ok
Validation,Schneider_2008_stochastic-integral-geometry.pdf,592,688,1253,0.16121,ok
Validation,Schneider_2008_stochastic-integral-geometry.pdf,593,688,523,0.19503,ok
Validation,Schneider_2008_stochastic-integral-geometry.pdf,594,688,1347,0.01411,ok
Validation,Schneider_2008_stochastic-integral-geometry.pdf,595,688,1626,0.11378,ok
Validation,Schneider_2008_stochastic-integral-geometry.pdf,596,688,1229,0.16192,ok
Validation,Schneider_2008_stochastic-integral-geometry.pdf,597,688,1671,0.05206,ok
Validation,Schneider_2008_stochastic-integral-geometry.pdf,598,688,2105,0.04703,ok
Validation,Schneider_2008_stochastic-integral-geometry.pdf,599,688,969,0.19505,ok
Validation,Schneider_2008_stochastic-integral-geometry.pdf,600,688,1706,0.07737,ok
Validation,Schneider_2008_stochastic-integral-geometry.pdf,601,688,1610,0.07019,ok
Validation,Schneider_2008_stochastic-integral-geometry.pdf,602,688,1167,0.14653,ok
Validation,Schneider_2008_stochastic-integral-geometry.pdf,603,688,1401,0.09636,ok
Validation,Schneider_2008_stochastic-integral-geometry.pdf,604,688,1657,0.08147,ok
Validation,Schneider_2008_stochastic-integral-geometry.pdf,605,688,1655,0.09909,ok
Validation,Schneider_2008_stochastic-integral-geometry.pdf,606,688,1593,0.07659,ok
Validation,Schneider_2008_stochastic-integral-geometry.pdf,607,688,1373,0.0874,ok
Validation,Schneider_2008_stochastic-integral-geometry.pdf,608,688,1486,0.05653,ok
Validation,Schneider_2008_stochastic-integral-geometry.pdf,609,688,1256,0.12978,ok
Validation,Schneider_2008_stochastic-integral-geometry.pdf,610,688,1249,0.14812,ok
Validation,Schneider_2008_stochastic-integral-geometry.pdf,611,688,1544,0.09909,ok
Validation,Schneider_2008_stochastic-integral-geometry.pdf,612,688,1575,0.09333,ok
Validation,Schneider_2008_stochastic-integral-geometry.pdf,613,688,1387,0.11319,ok
Validation,Schneider_2008_stochastic-integral-geometry.pdf,614,688,1606,0.07036,ok
Validation,Schneider_2008_stochastic-integral-geometry.pdf,615,688,1874,0.0715,ok
Validation,Schneider_2008_stochastic-integral-geometry.pdf,616,688,1078,0.19388,ok
Validation,Schneider_2008_stochastic-integral-geometry.pdf,617,688,1062,0.13183,ok
Validation,Schneider_2008_stochastic-integral-geometry.pdf,618,688,765,0.2549,ok
Validation,Schneider_2008_stochastic-integral-geometry.pdf,619,688,1672,0.07416,ok
Validation,Schneider_2008_stochastic-integral-geometry.pdf,620,688,1848,0.08983,ok
Validation,Schneider_2008_stochastic-integral-geometry.pdf,621,688,1541,0.08241,ok
Validation,Schneider_2008_stochastic-integral-geometry.pdf,622,688,1370,0.09489,ok
Validation,Schneider_2008_stochastic-integral-geometry.pdf,623,688,1714,0.08226,ok
Validation,Schneider_2008_stochastic-integral-geometry.pdf,624,688,1287,0.12587,ok
Validation,Schneider_2008_stochastic-integral-geometry.pdf,625,688,1511,0.09993,ok
Validation,Schneider_2008_stochastic-integral-geometry.pdf,626,688,2143,0.05273,ok
Validation,Schneider_2008_stochastic-integral-geometry.pdf,627,688,2200,0.08773,ok
Validation,Schneider_2008_stochastic-integral-geometry.pdf,628,688,1531,0.1032,ok
Validation,Schneider_2008_stochastic-integral-geometry.pdf,629,688,2126,0.07056,ok
Validation,Schneider_2008_stochastic-integral-geometry.pdf,630,688,2148,0.02188,ok
Validation,Schneider_2008_stochastic-integral-geometry.pdf,631,688,1716,0.088,ok
Validation,Schneider_2008_stochastic-integral-geometry.pdf,632,688,639,0.0579,ok
Validation,Schneider_2008_stochastic-integral-geometry.pdf,633,688,1644,0.02068,ok
Validation,Schneider_2008_stochastic-integral-geometry.pdf,634,688,2680,0.01231,ok
Validation,Schneider_2008_stochastic-integral-geometry.pdf,635,688,2682,0.01119,ok
Validation,Schneider_2008_stochastic-integral-geometry.pdf,636,688,2719,0.00662,ok
Validation,Schneider_2008_stochastic-integral-geometry.pdf,637,688,2455,0.01059,ok
Validation,Schneider_2008_stochastic-integral-geometry.pdf,638,688,2565,0.01481,ok
Validation,Schneider_2008_stochastic-integral-geometry.pdf,639,688,2652,0.01131,ok
Validation,Schneider_2008_stochastic-integral-geometry.pdf,640,688,2765,0.00868,ok
Validation,Schneider_2008_stochastic-integral-geometry.pdf,641,688,2554,0.01018,ok
Validation,Schneider_2008_stochastic-integral-geometry.pdf,642,688,2688,0.00446,ok
Validation,Schneider_2008_stochastic-integral-geometry.pdf,643,688,2638,0.00644,ok
Validation,Schneider_2008_stochastic-integral-geometry.pdf,644,688,2682,0.00671,ok
Validation,Schneider_2008_stochastic-integral-geometry.pdf,645,688,2674,0.00411,ok
Validation,Schneider_2008_stochastic-integral-geometry.pdf,646,688,2620,0.01221,ok
Validation,Schneider_2008_stochastic-integral-geometry.pdf,647,688,2662,0.00676,ok
Validation,Schneider_2008_stochastic-integral-geometry.pdf,648,688,2684,0.00596,ok
Validation,Schneider_2008_stochastic-integral-geometry.pdf,649,688,2831,0.00495,ok
Validation,Schneider_2008_stochastic-integral-geometry.pdf,650,688,2673,0.00786,ok
Validation,Schneider_2008_stochastic-integral-geometry.pdf,651,688,2541,0.01141,ok
Validation,Schneider_2008_stochastic-integral-geometry.pdf,652,688,2542,0.00708,ok
Validation,Schneider_2008_stochastic-integral-geometry.pdf,653,688,2627,0.01294,ok
Validation,Schneider_2008_stochastic-integral-geometry.pdf,654,688,2557,0.01369,ok
Validation,Schneider_2008_stochastic-integral-geometry.pdf,655,688,2650,0.01057,ok
Validation,Schneider_2008_stochastic-integral-geometry.pdf,656,688,2740,0.00876,ok
Validation,Schneider_2008_stochastic-integral-geometry.pdf,657,688,2746,0.00218,ok
Validation,Schneider_2008_stochastic-integral-geometry.pdf,658,688,2726,0.00954,ok
Validation,Schneider_2008_stochastic-integral-geometry.pdf,659,688,2798,0.00214,ok
Validation,Schneider_2008_stochastic-integral-geometry.pdf,660,688,2517,0.00477,ok
Validation,Schneider_2008_stochastic-integral-geometry.pdf,661,688,2819,0.00497,ok
Validation,Schneider_2008_stochastic-integral-geometry.pdf,662,688,2565,0.00234,ok
Validation,Schneider_2008_stochastic-integral-geometry.pdf,663,688,2581,0.00465,ok
Validation,Schneider_2008_stochastic-integral-geometry.pdf,664,688,2563,0.01873,ok
Validation,Schneider_2008_stochastic-integral-geometry.pdf,665,688,2622,0.00877,ok
Validation,Schneider_2008_stochastic-integral-geometry.pdf,666,688,2565,0.00468,ok
Validation,Schneider_2008_stochastic-integral-geometry.pdf,667,688,2522,0.01983,ok
Validation,Schneider_2008_stochastic-integral-geometry.pdf,668,688,2511,0.00796,ok
Validation,Schneider_2008_stochastic-integral-geometry.pdf,669,688,495,0.01212,ok
Validation,Schneider_2008_stochastic-integral-geometry.pdf,670,688,1096,0.05474,ok
Validation,Schneider_2008_stochastic-integral-geometry.pdf,671,688,1531,0.03592,ok
Validation,Schneider_2008_stochastic-integral-geometry.pdf,672,688,1526,0.03277,ok
Validation,Schneider_2008_stochastic-integral-geometry.pdf,673,688,1611,0.02359,ok
Validation,Schneider_2008_stochastic-integral-geometry.pdf,674,688,1698,0.01885,ok
Validation,Schneider_2008_stochastic-integral-geometry.pdf,675,688,495,0.09899,ok
Validation,Schneider_2008_stochastic-integral-geometry.pdf,676,688,1266,0.06793,ok
Validation,Schneider_2008_stochastic-integral-geometry.pdf,677,688,1702,0.07697,ok
Validation,Schneider_2008_stochastic-integral-geometry.pdf,678,688,1791,0.05751,ok
Validation,Schneider_2008_stochastic-integral-geometry.pdf,679,688,1902,0.04627,ok
Validation,Schneider_2008_stochastic-integral-geometry.pdf,680,688,1613,0.11531,ok
Validation,Schneider_2008_stochastic-integral-geometry.pdf,681,688,1635,0.0893,ok
Validation,Schneider_2008_stochastic-integral-geometry.pdf,682,688,1953,0.05837,ok
Validation,Schneider_2008_stochastic-integral-geometry.pdf,683,688,811,0.07275,ok
Validation,Schneider_2008_stochastic-integral-geometry.pdf,684,688,640,0.52344,ok
Validation,Schneider_2008_stochastic-integral-geometry.pdf,685,688,1108,0.41877,ok
Validation,Schneider_2008_stochastic-integral-geometry.pdf,686,688,802,0.46883,ok
Validation,Schneider_2008_stochastic-integral-geometry.pdf,687,688,1006,0.52485,ok
Validation,Schneider_2008_stochastic-integral-geometry.pdf,688,688,249,0.80723,ok
Validation,Shi_1998_generic-statistical-approach-modelling.pdf,1,15,1534,0.0189,ok
Validation,Shi_1998_generic-statistical-approach-modelling.pdf,2,15,366,0.0,ok
Validation,Shi_1998_generic-statistical-approach-modelling.pdf,3,15,2657,0.00489,ok
Validation,Shi_1998_generic-statistical-approach-modelling.pdf,4,15,3264,0.0,ok
Validation,Shi_1998_generic-statistical-approach-modelling.pdf,5,15,2028,0.00493,ok
Validation,Shi_1998_generic-statistical-approach-modelling.pdf,6,15,1490,0.2302,ok
Validation,Shi_1998_generic-statistical-approach-modelling.pdf,7,15,1662,0.16546,ok
Validation,Shi_1998_generic-statistical-approach-modelling.pdf,8,15,2223,0.06343,ok
Validation,Shi_1998_generic-statistical-approach-modelling.pdf,9,15,1873,0.15376,ok
Validation,Shi_1998_generic-statistical-approach-modelling.pdf,10,15,1667,0.06479,ok
Validation,Shi_1998_generic-statistical-approach-modelling.pdf,11,15,1679,0.17927,ok
Validation,Shi_1998_generic-statistical-approach-modelling.pdf,12,15,1054,0.04459,ok
Validation,Shi_1998_generic-statistical-approach-modelling.pdf,13,15,2154,0.09517,ok
Validation,Shi_1998_generic-statistical-approach-modelling.pdf,14,15,2691,0.01524,ok
Validation,Shi_1998_generic-statistical-approach-modelling.pdf,15,15,972,0.00926,ok
Validation,Singer_1976_representation-social-processes-markov.pdf,1,54,2218,0.00451,ok
Validation,Singer_1976_representation-social-processes-markov.pdf,2,54,2713,0.00258,ok
Validation,Singer_1976_representation-social-processes-markov.pdf,3,54,2661,0.00601,ok
Validation,Singer_1976_representation-social-processes-markov.pdf,4,54,2688,0.00967,ok
Validation,Singer_1976_representation-social-processes-markov.pdf,5,54,2080,0.0125,ok
Validation,Singer_1976_representation-social-processes-markov.pdf,6,54,1820,0.02473,ok
Validation,Singer_1976_representation-social-processes-markov.pdf,7,54,1668,0.02278,ok
Validation,Singer_1976_representation-social-processes-markov.pdf,8,54,1817,0.02367,ok
Validation,Singer_1976_representation-social-processes-markov.pdf,9,54,2019,0.01535,ok
Validation,Singer_1976_representation-social-processes-markov.pdf,10,54,2266,0.01192,ok
Validation,Singer_1976_representation-social-processes-markov.pdf,11,54,1085,0.0424,ok
Validation,Singer_1976_representation-social-processes-markov.pdf,12,54,1054,0.01992,ok
Validation,Singer_1976_representation-social-processes-markov.pdf,13,54,1042,0.03647,ok
Validation,Singer_1976_representation-social-processes-markov.pdf,14,54,1398,0.03934,ok
Validation,Singer_1976_representation-social-processes-markov.pdf,15,54,1259,0.07149,ok
Validation,Singer_1976_representation-social-processes-markov.pdf,16,54,1481,0.03309,ok
Validation,Singer_1976_representation-social-processes-markov.pdf,17,54,1538,0.05917,ok
Validation,Singer_1976_representation-social-processes-markov.pdf,18,54,1637,0.03604,ok
Validation,Singer_1976_representation-social-processes-markov.pdf,19,54,2027,0.03157,ok
Validation,Singer_1976_representation-social-processes-markov.pdf,20,54,2012,0.0328,ok
Validation,Singer_1976_representation-social-processes-markov.pdf,21,54,1676,0.04475,ok
Validation,Singer_1976_representation-social-processes-markov.pdf,22,54,1345,0.04164,ok
Validation,Singer_1976_representation-social-processes-markov.pdf,23,54,1174,0.09455,ok
Validation,Singer_1976_representation-social-processes-markov.pdf,24,54,1785,0.06275,ok
Validation,Singer_1976_representation-social-processes-markov.pdf,25,54,1810,0.02652,ok
Validation,Singer_1976_representation-social-processes-markov.pdf,26,54,1843,0.03527,ok
Validation,Singer_1976_representation-social-processes-markov.pdf,27,54,1777,0.01632,ok
Validation,Singer_1976_representation-social-processes-markov.pdf,28,54,2300,0.00348,ok
Validation,Singer_1976_representation-social-processes-markov.pdf,29,54,2394,0.03467,ok
Validation,Singer_1976_representation-social-processes-markov.pdf,30,54,2306,0.00781,ok
Validation,Singer_1976_representation-social-processes-markov.pdf,31,54,2178,0.02158,ok
Validation,Singer_1976_representation-social-processes-markov.pdf,32,54,1799,0.02946,ok
Validation,Singer_1976_representation-social-processes-markov.pdf,33,54,1033,0.04647,ok
Validation,Singer_1976_representation-social-processes-markov.pdf,34,54,668,0.03743,ok
Validation,Singer_1976_representation-social-processes-markov.pdf,35,54,2664,0.01239,ok
Validation,Singer_1976_representation-social-processes-markov.pdf,36,54,1400,0.01286,ok
Validation,Singer_1976_representation-social-processes-markov.pdf,37,54,1307,0.04591,ok
Validation,Singer_1976_representation-social-processes-markov.pdf,38,54,977,0.06039,ok
Validation,Singer_1976_representation-social-processes-markov.pdf,39,54,1300,0.08923,ok
Validation,Singer_1976_representation-social-processes-markov.pdf,40,54,1061,0.09048,ok
Validation,Singer_1976_representation-social-processes-markov.pdf,41,54,2251,0.01155,ok
Validation,Singer_1976_representation-social-processes-markov.pdf,42,54,2429,0.01153,ok
Validation,Singer_1976_representation-social-processes-markov.pdf,43,54,2383,0.02434,ok
Validation,Singer_1976_representation-social-processes-markov.pdf,44,54,2137,0.00515,ok
Validation,Singer_1976_representation-social-processes-markov.pdf,45,54,1930,0.02591,ok
Validation,Singer_1976_representation-social-processes-markov.pdf,46,54,2039,0.03188,ok
Validation,Singer_1976_representation-social-processes-markov.pdf,47,54,2290,0.04323,ok
Validation,Singer_1976_representation-social-processes-markov.pdf,48,54,2567,0.00156,ok
Validation,Singer_1976_representation-social-processes-markov.pdf,49,54,2818,0.00142,ok
Validation,Singer_1976_representation-social-processes-markov.pdf,50,54,2035,0.04963,ok
Validation,Singer_1976_representation-social-processes-markov.pdf,51,54,1212,0.06931,ok
Validation,Singer_1976_representation-social-processes-markov.pdf,52,54,1022,0.01761,ok
Validation,Singer_1976_representation-social-processes-markov.pdf,53,54,2726,0.02311,ok
Validation,Singer_1976_representation-social-processes-markov.pdf,54,54,2303,0.00434,ok
Validation,Sinop_2007_seeded-image-segmentation-framework.pdf,1,8,3748,0.0072,ok
Validation,Sinop_2007_seeded-image-segmentation-framework.pdf,2,8,4025,0.04422,ok
Validation,Sinop_2007_seeded-image-segmentation-framework.pdf,3,8,3464,0.07708,ok
Validation,Sinop_2007_seeded-image-segmentation-framework.pdf,4,8,2940,0.11667,ok
Validation,Sinop_2007_seeded-image-segmentation-framework.pdf,5,8,2951,0.07082,ok
Validation,Sinop_2007_seeded-image-segmentation-framework.pdf,6,8,2952,0.05725,ok
Validation,Sinop_2007_seeded-image-segmentation-framework.pdf,7,8,3223,0.00962,ok
Validation,Sinop_2007_seeded-image-segmentation-framework.pdf,8,8,4690,0.0081,ok
Validation,Solberg_1996_markov-random-field-model.pdf,1,14,5146,0.00039,ok
Validation,Solberg_1996_markov-random-field-model.pdf,2,14,5735,0.00296,ok
Validation,Solberg_1996_markov-random-field-model.pdf,3,14,4572,0.01903,ok
Validation,Solberg_1996_markov-random-field-model.pdf,4,14,3581,0.03574,ok
Validation,Solberg_1996_markov-random-field-model.pdf,5,14,3443,0.0485,ok
Validation,Solberg_1996_markov-random-field-model.pdf,6,14,3830,0.07363,ok
Validation,Solberg_1996_markov-random-field-model.pdf,7,14,4275,0.03977,ok
Validation,Solberg_1996_markov-random-field-model.pdf,8,14,2636,0.03263,ok
Validation,Solberg_1996_markov-random-field-model.pdf,9,14,4802,0.1666,ok
Validation,Solberg_1996_markov-random-field-model.pdf,10,14,4489,0.00847,ok
Validation,Solberg_1996_markov-random-field-model.pdf,11,14,3859,0.0184,ok
Validation,Solberg_1996_markov-random-field-model.pdf,12,14,2774,0.00397,ok
Validation,Solberg_1996_markov-random-field-model.pdf,13,14,7109,0.01435,ok
Validation,Solberg_1996_markov-random-field-model.pdf,14,14,2491,0.00161,ok
Validation,Song_2026_monocular-height-sparse-lidar-correction.pdf,1,20,4844,0.01817,ok
Validation,Song_2026_monocular-height-sparse-lidar-correction.pdf,2,20,4942,0.01093,ok
Validation,Song_2026_monocular-height-sparse-lidar-correction.pdf,3,20,5442,0.00368,ok
Validation,Song_2026_monocular-height-sparse-lidar-correction.pdf,4,20,4208,0.04444,ok
Validation,Song_2026_monocular-height-sparse-lidar-correction.pdf,5,20,4268,0.03843,ok
Validation,Song_2026_monocular-height-sparse-lidar-correction.pdf,6,20,2315,0.21944,ok
Validation,Song_2026_monocular-height-sparse-lidar-correction.pdf,7,20,4212,0.05009,ok
Validation,Song_2026_monocular-height-sparse-lidar-correction.pdf,8,20,3750,0.16027,ok
Validation,Song_2026_monocular-height-sparse-lidar-correction.pdf,9,20,1116,0.56452,ok
Validation,Song_2026_monocular-height-sparse-lidar-correction.pdf,10,20,4208,0.06464,ok
Validation,Song_2026_monocular-height-sparse-lidar-correction.pdf,11,20,3608,0.08786,ok
Validation,Song_2026_monocular-height-sparse-lidar-correction.pdf,12,20,1693,0.43768,ok
Validation,Song_2026_monocular-height-sparse-lidar-correction.pdf,13,20,4149,0.06628,ok
Validation,Song_2026_monocular-height-sparse-lidar-correction.pdf,14,20,5566,0.19871,ok
Validation,Song_2026_monocular-height-sparse-lidar-correction.pdf,15,20,5223,0.01493,ok
Validation,Song_2026_monocular-height-sparse-lidar-correction.pdf,16,20,2046,0.12463,ok
Validation,Song_2026_monocular-height-sparse-lidar-correction.pdf,17,20,4521,0.01305,ok
Validation,Song_2026_monocular-height-sparse-lidar-correction.pdf,18,20,1191,0.09992,ok
Validation,Song_2026_monocular-height-sparse-lidar-correction.pdf,19,20,6829,0.0164,ok
Validation,Song_2026_monocular-height-sparse-lidar-correction.pdf,20,20,6655,0.00811,ok
Validation,Steenberg_2017_influence-building-renovation-rental.pdf,1,16,809,0.00618,ok
Validation,Steenberg_2017_influence-building-renovation-rental.pdf,2,16,2861,0.00245,ok
Validation,Steenberg_2017_influence-building-renovation-rental.pdf,3,16,3525,0.0,ok
Validation,Steenberg_2017_influence-building-renovation-rental.pdf,4,16,3250,0.00462,ok
Validation,Steenberg_2017_influence-building-renovation-rental.pdf,5,16,3629,0.00165,ok
Validation,Steenberg_2017_influence-building-renovation-rental.pdf,6,16,1212,0.04373,ok
Validation,Steenberg_2017_influence-building-renovation-rental.pdf,7,16,1605,0.01308,ok
Validation,Steenberg_2017_influence-building-renovation-rental.pdf,8,16,2683,0.00149,ok
Validation,Steenberg_2017_influence-building-renovation-rental.pdf,9,16,1528,0.00785,ok
Validation,Steenberg_2017_influence-building-renovation-rental.pdf,10,16,2301,0.00174,ok
Validation,Steenberg_2017_influence-building-renovation-rental.pdf,11,16,3527,0.0,ok
Validation,Steenberg_2017_influence-building-renovation-rental.pdf,12,16,3560,0.00028,ok
Validation,Steenberg_2017_influence-building-renovation-rental.pdf,13,16,2600,0.00654,ok
Validation,Steenberg_2017_influence-building-renovation-rental.pdf,14,16,3728,0.00966,ok
Validation,Steenberg_2017_influence-building-renovation-rental.pdf,15,16,3767,0.00133,ok
Validation,Steenberg_2017_influence-building-renovation-rental.pdf,16,16,1206,0.00332,ok
Validation,Steenberg_2018_spatio-temporal-analysis.pdf,1,17,2039,0.02256,ok
Validation,Steenberg_2018_spatio-temporal-analysis.pdf,2,17,3702,0.01918,ok
Validation,Steenberg_2018_spatio-temporal-analysis.pdf,3,17,3423,0.00584,ok
Validation,Steenberg_2018_spatio-temporal-analysis.pdf,4,17,1973,0.03396,ok
Validation,Steenberg_2018_spatio-temporal-analysis.pdf,5,17,2878,0.01459,ok
Validation,Steenberg_2018_spatio-temporal-analysis.pdf,6,17,3244,0.02004,ok
Validation,Steenberg_2018_spatio-temporal-analysis.pdf,7,17,2119,0.00708,ok
Validation,Steenberg_2018_spatio-temporal-analysis.pdf,8,17,2300,0.07478,ok
Validation,Steenberg_2018_spatio-temporal-analysis.pdf,9,17,2003,0.01448,ok
Validation,Steenberg_2018_spatio-temporal-analysis.pdf,10,17,1830,0.03934,ok
Validation,Steenberg_2018_spatio-temporal-analysis.pdf,11,17,2905,0.00551,ok
Validation,Steenberg_2018_spatio-temporal-analysis.pdf,12,17,3734,0.01607,ok
Validation,Steenberg_2018_spatio-temporal-analysis.pdf,13,17,3592,0.00278,ok
Validation,Steenberg_2018_spatio-temporal-analysis.pdf,14,17,2749,0.05566,ok
Validation,Steenberg_2018_spatio-temporal-analysis.pdf,15,17,3583,0.00419,ok
Validation,Steenberg_2018_spatio-temporal-analysis.pdf,16,17,3259,0.03253,ok
Validation,Steenberg_2018_spatio-temporal-analysis.pdf,17,17,573,0.0,ok
Validation,Stehman_1998_design-analysis-thematic-map-accuracy.pdf,1,14,3635,0.0011,ok
Validation,Stehman_1998_design-analysis-thematic-map-accuracy.pdf,2,14,4935,0.00041,ok
Validation,Stehman_1998_design-analysis-thematic-map-accuracy.pdf,3,14,5048,0.0004,ok
Validation,Stehman_1998_design-analysis-thematic-map-accuracy.pdf,4,14,3343,0.00179,ok
Validation,Stehman_1998_design-analysis-thematic-map-accuracy.pdf,5,14,5232,0.0,ok
Validation,Stehman_1998_design-analysis-thematic-map-accuracy.pdf,6,14,4992,0.0016,ok
Validation,Stehman_1998_design-analysis-thematic-map-accuracy.pdf,7,14,5032,0.00258,ok
Validation,Stehman_1998_design-analysis-thematic-map-accuracy.pdf,8,14,4502,0.00977,ok
Validation,Stehman_1998_design-analysis-thematic-map-accuracy.pdf,9,14,4107,0.0879,ok
Validation,Stehman_1998_design-analysis-thematic-map-accuracy.pdf,10,14,5038,0.00079,ok
Validation,Stehman_1998_design-analysis-thematic-map-accuracy.pdf,11,14,5155,0.00116,ok
Validation,Stehman_1998_design-analysis-thematic-map-accuracy.pdf,12,14,5274,0.00114,ok
Validation,Stehman_1998_design-analysis-thematic-map-accuracy.pdf,13,14,5379,0.00149,ok
Validation,Stehman_1998_design-analysis-thematic-map-accuracy.pdf,14,14,1188,0.0,ok
Validation,Stehman_2019_key-issues-rigorous-accuracy.pdf,1,23,4522,0.0157,ok
Validation,Stehman_2019_key-issues-rigorous-accuracy.pdf,2,23,6899,0.03377,ok
Validation,Stehman_2019_key-issues-rigorous-accuracy.pdf,3,23,7543,0.00411,ok
Validation,Stehman_2019_key-issues-rigorous-accuracy.pdf,4,23,7253,0.00138,ok
Validation,Stehman_2019_key-issues-rigorous-accuracy.pdf,5,23,7469,0.0004,ok
Validation,Stehman_2019_key-issues-rigorous-accuracy.pdf,6,23,7166,0.03,ok
Validation,Stehman_2019_key-issues-rigorous-accuracy.pdf,7,23,7483,0.00909,ok
Validation,Stehman_2019_key-issues-rigorous-accuracy.pdf,8,23,6004,0.01316,ok
Validation,Stehman_2019_key-issues-rigorous-accuracy.pdf,9,23,7504,0.002,ok
Validation,Stehman_2019_key-issues-rigorous-accuracy.pdf,10,23,6629,0.02248,ok
Validation,Stehman_2019_key-issues-rigorous-accuracy.pdf,11,23,5725,0.03371,ok
Validation,Stehman_2019_key-issues-rigorous-accuracy.pdf,12,23,6124,0.03968,ok
Validation,Stehman_2019_key-issues-rigorous-accuracy.pdf,13,23,6916,0.01403,ok
Validation,Stehman_2019_key-issues-rigorous-accuracy.pdf,14,23,6912,0.01201,ok
Validation,Stehman_2019_key-issues-rigorous-accuracy.pdf,15,23,6919,0.00809,ok
Validation,Stehman_2019_key-issues-rigorous-accuracy.pdf,16,23,7368,0.00244,ok
Validation,Stehman_2019_key-issues-rigorous-accuracy.pdf,17,23,7073,0.0017,ok
Validation,Stehman_2019_key-issues-rigorous-accuracy.pdf,18,23,7454,0.00201,ok
Validation,Stehman_2019_key-issues-rigorous-accuracy.pdf,19,23,7242,0.00069,ok
Validation,Stehman_2019_key-issues-rigorous-accuracy.pdf,20,23,9326,0.00911,ok
Validation,Stehman_2019_key-issues-rigorous-accuracy.pdf,21,23,10418,0.00845,ok
Validation,Stehman_2019_key-issues-rigorous-accuracy.pdf,22,23,10313,0.00902,ok
Validation,Stehman_2019_key-issues-rigorous-accuracy.pdf,23,23,1974,0.00811,ok
Validation,Steiner_2000_monitoring-surgical-performance-risk.pdf,1,12,2103,0.01522,ok
Validation,Steiner_2000_monitoring-surgical-performance-risk.pdf,2,12,4235,0.0,ok
Validation,Steiner_2000_monitoring-surgical-performance-risk.pdf,3,12,3584,0.0106,ok
Validation,Steiner_2000_monitoring-surgical-performance-risk.pdf,4,12,2793,0.04153,ok
Validation,Steiner_2000_monitoring-surgical-performance-risk.pdf,5,12,3439,0.00872,ok
Validation,Steiner_2000_monitoring-surgical-performance-risk.pdf,6,12,1972,0.02333,ok
Validation,Steiner_2000_monitoring-surgical-performance-risk.pdf,7,12,3936,0.00025,ok
Validation,Steiner_2000_monitoring-surgical-performance-risk.pdf,8,12,2182,0.01696,ok
Validation,Steiner_2000_monitoring-surgical-performance-risk.pdf,9,12,2018,0.00991,ok
Validation,Steiner_2000_monitoring-surgical-performance-risk.pdf,10,12,1180,0.07119,ok
Validation,Steiner_2000_monitoring-surgical-performance-risk.pdf,11,12,2711,0.0343,ok
Validation,Steiner_2000_monitoring-surgical-performance-risk.pdf,12,12,2061,0.00582,ok
Validation,Stow_1999_reducing-effects-misregistration-pixel.pdf,1,8,1440,0.01597,ok
Validation,Stow_1999_reducing-effects-misregistration-pixel.pdf,2,8,2515,0.00676,ok
Validation,Stow_1999_reducing-effects-misregistration-pixel.pdf,3,8,2961,0.00878,ok
Validation,Stow_1999_reducing-effects-misregistration-pixel.pdf,4,8,2438,0.0402,ok
Validation,Stow_1999_reducing-effects-misregistration-pixel.pdf,5,8,3218,0.00311,ok
Validation,Stow_1999_reducing-effects-misregistration-pixel.pdf,6,8,585,0.01709,ok
Validation,Stow_1999_reducing-effects-misregistration-pixel.pdf,7,8,2961,0.00169,ok
Validation,Stow_1999_reducing-effects-misregistration-pixel.pdf,8,8,1073,0.00559,ok
Validation,Sun_2022_cg-net-conditional-gis-aware.pdf,1,15,4580,0.00328,ok
Validation,Sun_2022_cg-net-conditional-gis-aware.pdf,2,15,4791,0.0,ok
Validation,Sun_2022_cg-net-conditional-gis-aware.pdf,3,15,3640,0.00687,ok
Validation,Sun_2022_cg-net-conditional-gis-aware.pdf,4,15,3826,0.0345,ok
Validation,Sun_2022_cg-net-conditional-gis-aware.pdf,5,15,3569,0.03054,ok
Validation,Sun_2022_cg-net-conditional-gis-aware.pdf,6,15,4273,0.0681,ok
Validation,Sun_2022_cg-net-conditional-gis-aware.pdf,7,15,4337,0.05003,ok
Validation,Sun_2022_cg-net-conditional-gis-aware.pdf,8,15,1649,0.0188,ok
Validation,Sun_2022_cg-net-conditional-gis-aware.pdf,9,15,1666,0.01261,ok
Validation,Sun_2022_cg-net-conditional-gis-aware.pdf,10,15,2968,0.02594,ok
Validation,Sun_2022_cg-net-conditional-gis-aware.pdf,11,15,3278,0.03783,ok
Validation,Sun_2022_cg-net-conditional-gis-aware.pdf,12,15,2200,0.01318,ok
Validation,Sun_2022_cg-net-conditional-gis-aware.pdf,13,15,6566,0.00731,ok
Validation,Sun_2022_cg-net-conditional-gis-aware.pdf,14,15,8028,0.00648,ok
Validation,Sun_2022_cg-net-conditional-gis-aware.pdf,15,15,513,0.01559,ok
Validation,Takada_2010_derivation-yearly-transition.pdf,1,12,2411,0.01493,ok
Validation,Takada_2010_derivation-yearly-transition.pdf,2,12,4208,0.00713,ok
Validation,Takada_2010_derivation-yearly-transition.pdf,3,12,3319,0.03103,ok
Validation,Takada_2010_derivation-yearly-transition.pdf,4,12,1854,0.14132,ok
Validation,Takada_2010_derivation-yearly-transition.pdf,5,12,3487,0.04961,ok
Validation,Takada_2010_derivation-yearly-transition.pdf,6,12,2498,0.002,ok
Validation,Takada_2010_derivation-yearly-transition.pdf,7,12,2346,0.02003,ok
Validation,Takada_2010_derivation-yearly-transition.pdf,8,12,2468,0.0154,ok
Validation,Takada_2010_derivation-yearly-transition.pdf,9,12,3062,0.0111,ok
Validation,Takada_2010_derivation-yearly-transition.pdf,10,12,2317,0.00216,ok
Validation,Takada_2010_derivation-yearly-transition.pdf,11,12,2741,0.00438,ok
Validation,Takada_2010_derivation-yearly-transition.pdf,12,12,3425,0.01314,ok
Validation,Tartakovsky_2008_asymptotically-optimal-quickest.pdf,1,36,2132,0.01032,ok
Validation,Tartakovsky_2008_asymptotically-optimal-quickest.pdf,2,36,2595,0.00694,ok
Validation,Tartakovsky_2008_asymptotically-optimal-quickest.pdf,3,36,2234,0.0,ok
Validation,Tartakovsky_2008_asymptotically-optimal-quickest.pdf,4,36,3102,0.0058,ok
Validation,Tartakovsky_2008_asymptotically-optimal-quickest.pdf,5,36,1712,0.10105,ok
Validation,Tartakovsky_2008_asymptotically-optimal-quickest.pdf,6,36,1461,0.05886,ok
Validation,Tartakovsky_2008_asymptotically-optimal-quickest.pdf,7,36,1957,0.03117,ok
Validation,Tartakovsky_2008_asymptotically-optimal-quickest.pdf,8,36,1992,0.08283,ok
Validation,Tartakovsky_2008_asymptotically-optimal-quickest.pdf,9,36,1874,0.09872,ok
Validation,Tartakovsky_2008_asymptotically-optimal-quickest.pdf,10,36,1570,0.09554,ok
Validation,Tartakovsky_2008_asymptotically-optimal-quickest.pdf,11,36,1886,0.0912,ok
Validation,Tartakovsky_2008_asymptotically-optimal-quickest.pdf,12,36,2156,0.02597,ok
Validation,Tartakovsky_2008_asymptotically-optimal-quickest.pdf,13,36,2335,0.04754,ok
Validation,Tartakovsky_2008_asymptotically-optimal-quickest.pdf,14,36,2461,0.0382,ok
Validation,Tartakovsky_2008_asymptotically-optimal-quickest.pdf,15,36,2039,0.12702,ok
Validation,Tartakovsky_2008_asymptotically-optimal-quickest.pdf,16,36,1894,0.15153,ok
Validation,Tartakovsky_2008_asymptotically-optimal-quickest.pdf,17,36,1659,0.14708,ok
Validation,Tartakovsky_2008_asymptotically-optimal-quickest.pdf,18,36,2227,0.08307,ok
Validation,Tartakovsky_2008_asymptotically-optimal-quickest.pdf,19,36,1592,0.14133,ok
Validation,Tartakovsky_2008_asymptotically-optimal-quickest.pdf,20,36,1890,0.08413,ok
Validation,Tartakovsky_2008_asymptotically-optimal-quickest.pdf,21,36,2060,0.13932,ok
Validation,Tartakovsky_2008_asymptotically-optimal-quickest.pdf,22,36,1657,0.14484,ok
Validation,Tartakovsky_2008_asymptotically-optimal-quickest.pdf,23,36,1346,0.11218,ok
Validation,Tartakovsky_2008_asymptotically-optimal-quickest.pdf,24,36,2237,0.01833,ok
Validation,Tartakovsky_2008_asymptotically-optimal-quickest.pdf,25,36,1458,0.1118,ok
Validation,Tartakovsky_2008_asymptotically-optimal-quickest.pdf,26,36,1678,0.08343,ok
Validation,Tartakovsky_2008_asymptotically-optimal-quickest.pdf,27,36,1679,0.08457,ok
Validation,Tartakovsky_2008_asymptotically-optimal-quickest.pdf,28,36,1532,0.12859,ok
Validation,Tartakovsky_2008_asymptotically-optimal-quickest.pdf,29,36,1808,0.04923,ok
Validation,Tartakovsky_2008_asymptotically-optimal-quickest.pdf,30,36,1479,0.06018,ok
Validation,Tartakovsky_2008_asymptotically-optimal-quickest.pdf,31,36,2353,0.0051,ok
Validation,Tartakovsky_2008_asymptotically-optimal-quickest.pdf,32,36,1534,0.06193,ok
Validation,Tartakovsky_2008_asymptotically-optimal-quickest.pdf,33,36,2832,0.01554,ok
Validation,Tartakovsky_2008_asymptotically-optimal-quickest.pdf,34,36,2922,0.00787,ok
Validation,Tartakovsky_2008_asymptotically-optimal-quickest.pdf,35,36,2901,0.0193,ok
Validation,Tartakovsky_2008_asymptotically-optimal-quickest.pdf,36,36,3350,0.00657,ok
Validation,Touvron_2019_fixing-train-test-resolution.pdf,1,14,4954,0.0109,ok
Validation,Touvron_2019_fixing-train-test-resolution.pdf,2,14,3757,0.01118,ok
Validation,Touvron_2019_fixing-train-test-resolution.pdf,3,14,4844,0.06689,ok
Validation,Touvron_2019_fixing-train-test-resolution.pdf,4,14,4733,0.01585,ok
Validation,Touvron_2019_fixing-train-test-resolution.pdf,5,14,4536,0.06041,ok
Validation,Touvron_2019_fixing-train-test-resolution.pdf,6,14,4351,0.01586,ok
Validation,Touvron_2019_fixing-train-test-resolution.pdf,7,14,2079,0.03992,ok
Validation,Touvron_2019_fixing-train-test-resolution.pdf,8,14,4472,0.00716,ok
Validation,Touvron_2019_fixing-train-test-resolution.pdf,9,14,3196,0.00407,ok
Validation,Touvron_2019_fixing-train-test-resolution.pdf,10,14,3011,0.06908,ok
Validation,Touvron_2019_fixing-train-test-resolution.pdf,11,14,2803,0.01498,ok
Validation,Touvron_2019_fixing-train-test-resolution.pdf,12,14,2255,0.01685,ok
Validation,Touvron_2019_fixing-train-test-resolution.pdf,13,14,2525,0.01426,ok
Validation,Touvron_2019_fixing-train-test-resolution.pdf,14,14,1781,0.01123,ok
Validation,Townshend_1992_impact-misregistration-change.pdf,1,7,5348,0.00168,ok
Validation,Townshend_1992_impact-misregistration-change.pdf,2,7,4401,0.01159,ok
Validation,Townshend_1992_impact-misregistration-change.pdf,3,7,4769,0.01782,ok
Validation,Townshend_1992_impact-misregistration-change.pdf,4,7,3799,0.0229,ok
Validation,Townshend_1992_impact-misregistration-change.pdf,5,7,3966,0.01336,ok
Validation,Townshend_1992_impact-misregistration-change.pdf,6,7,6067,0.01253,ok
Validation,Townshend_1992_impact-misregistration-change.pdf,7,7,2046,0.00342,ok
Validation,Truccolo_2005_point-process-framework-relating.pdf,1,17,1910,0.00995,ok
Validation,Truccolo_2005_point-process-framework-relating.pdf,2,17,5765,0.00416,ok
Validation,Truccolo_2005_point-process-framework-relating.pdf,3,17,6149,0.01399,ok
Validation,Truccolo_2005_point-process-framework-relating.pdf,4,17,5546,0.04436,ok
Validation,Truccolo_2005_point-process-framework-relating.pdf,5,17,6027,0.02207,ok
Validation,Truccolo_2005_point-process-framework-relating.pdf,6,17,5541,0.05288,ok
Validation,Truccolo_2005_point-process-framework-relating.pdf,7,17,5478,0.00383,ok
Validation,Truccolo_2005_point-process-framework-relating.pdf,8,17,5074,0.00808,ok
Validation,Truccolo_2005_point-process-framework-relating.pdf,9,17,3121,0.00128,ok
Validation,Truccolo_2005_point-process-framework-relating.pdf,10,17,3507,0.00257,ok
Validation,Truccolo_2005_point-process-framework-relating.pdf,11,17,3878,0.0049,ok
Validation,Truccolo_2005_point-process-framework-relating.pdf,12,17,3400,0.00118,ok
Validation,Truccolo_2005_point-process-framework-relating.pdf,13,17,4964,0.00201,ok
Validation,Truccolo_2005_point-process-framework-relating.pdf,14,17,6281,0.0,ok
Validation,Truccolo_2005_point-process-framework-relating.pdf,15,17,4349,0.0584,ok
Validation,Truccolo_2005_point-process-framework-relating.pdf,16,17,5533,0.04482,ok
Validation,Truccolo_2005_point-process-framework-relating.pdf,17,17,4792,0.00626,ok
Validation,Valavi_2018_blockcv-r-package-generating-spatially.pdf,1,21,923,0.00325,ok
Validation,Valavi_2018_blockcv-r-package-generating-spatially.pdf,2,21,1199,0.00584,ok
Validation,Valavi_2018_blockcv-r-package-generating-spatially.pdf,3,21,1498,0.01736,ok
Validation,Valavi_2018_blockcv-r-package-generating-spatially.pdf,4,21,2140,0.0,ok
Validation,Valavi_2018_blockcv-r-package-generating-spatially.pdf,5,21,1690,0.00355,ok
Validation,Valavi_2018_blockcv-r-package-generating-spatially.pdf,6,21,1702,0.00764,ok
Validation,Valavi_2018_blockcv-r-package-generating-spatially.pdf,7,21,1700,0.0,ok
Validation,Valavi_2018_blockcv-r-package-generating-spatially.pdf,8,21,1103,0.00544,ok
Validation,Valavi_2018_blockcv-r-package-generating-spatially.pdf,9,21,1253,0.0,ok
Validation,Valavi_2018_blockcv-r-package-generating-spatially.pdf,10,21,1134,0.00794,ok
Validation,Valavi_2018_blockcv-r-package-generating-spatially.pdf,11,21,1561,0.01153,ok
Validation,Valavi_2018_blockcv-r-package-generating-spatially.pdf,12,21,1031,0.0,ok
Validation,Valavi_2018_blockcv-r-package-generating-spatially.pdf,13,21,1847,0.0,ok
Validation,Valavi_2018_blockcv-r-package-generating-spatially.pdf,14,21,974,0.00513,ok
Validation,Valavi_2018_blockcv-r-package-generating-spatially.pdf,15,21,944,0.00847,ok
Validation,Valavi_2018_blockcv-r-package-generating-spatially.pdf,16,21,873,0.06186,ok
Validation,Valavi_2018_blockcv-r-package-generating-spatially.pdf,17,21,1466,0.00477,ok
Validation,Valavi_2018_blockcv-r-package-generating-spatially.pdf,18,21,1209,0.01241,ok
Validation,Valavi_2018_blockcv-r-package-generating-spatially.pdf,19,21,1523,0.00657,ok
Validation,Valavi_2018_blockcv-r-package-generating-spatially.pdf,20,21,1496,0.00602,ok
Validation,Valavi_2018_blockcv-r-package-generating-spatially.pdf,21,21,1610,0.00932,ok
Validation,Vapnik_2009_new-learning-paradigm-learning.pdf,1,14,4182,0.02822,ok
Validation,Vapnik_2009_new-learning-paradigm-learning.pdf,2,14,5169,0.05223,ok
Validation,Vapnik_2009_new-learning-paradigm-learning.pdf,3,14,3340,0.13024,ok
Validation,Vapnik_2009_new-learning-paradigm-learning.pdf,4,14,4131,0.13435,ok
Validation,Vapnik_2009_new-learning-paradigm-learning.pdf,5,14,3717,0.17729,ok
Validation,Vapnik_2009_new-learning-paradigm-learning.pdf,6,14,2550,0.29333,ok
Validation,Vapnik_2009_new-learning-paradigm-learning.pdf,7,14,2908,0.25928,ok
Validation,Vapnik_2009_new-learning-paradigm-learning.pdf,8,14,4256,0.10385,ok
Validation,Vapnik_2009_new-learning-paradigm-learning.pdf,9,14,3636,0.04455,ok
Validation,Vapnik_2009_new-learning-paradigm-learning.pdf,10,14,4825,0.03689,ok
Validation,Vapnik_2009_new-learning-paradigm-learning.pdf,11,14,4367,0.01214,ok
Validation,Vapnik_2009_new-learning-paradigm-learning.pdf,12,14,4698,0.0132,ok
Validation,Vapnik_2009_new-learning-paradigm-learning.pdf,13,14,6564,0.01188,ok
Validation,Vapnik_2009_new-learning-paradigm-learning.pdf,14,14,657,0.0,ok
Validation,VargasMunoz_2019_correcting-rural-building.pdf,1,33,1730,0.00636,ok
Validation,VargasMunoz_2019_correcting-rural-building.pdf,2,33,1647,0.0085,ok
Validation,VargasMunoz_2019_correcting-rural-building.pdf,3,33,1949,0.00257,ok
Validation,VargasMunoz_2019_correcting-rural-building.pdf,4,33,1804,0.00055,ok
Validation,VargasMunoz_2019_correcting-rural-building.pdf,5,33,1408,0.00071,ok
Validation,VargasMunoz_2019_correcting-rural-building.pdf,6,33,575,0.00174,ok
Validation,VargasMunoz_2019_correcting-rural-building.pdf,7,33,868,0.1371,ok
Validation,VargasMunoz_2019_correcting-rural-building.pdf,8,33,1351,0.01258,ok
Validation,VargasMunoz_2019_correcting-rural-building.pdf,9,33,1898,0.00527,ok
Validation,VargasMunoz_2019_correcting-rural-building.pdf,10,33,1611,0.04904,ok
Validation,VargasMunoz_2019_correcting-rural-building.pdf,11,33,1328,0.05045,ok
Validation,VargasMunoz_2019_correcting-rural-building.pdf,12,33,1354,0.07829,ok
Validation,VargasMunoz_2019_correcting-rural-building.pdf,13,33,1710,0.00117,ok
Validation,VargasMunoz_2019_correcting-rural-building.pdf,14,33,1755,0.00627,ok
Validation,VargasMunoz_2019_correcting-rural-building.pdf,15,33,1602,0.0206,ok
Validation,VargasMunoz_2019_correcting-rural-building.pdf,16,33,1435,0.00836,ok
Validation,VargasMunoz_2019_correcting-rural-building.pdf,17,33,1604,0.00249,ok
Validation,VargasMunoz_2019_correcting-rural-building.pdf,18,33,1059,0.02644,ok
Validation,VargasMunoz_2019_correcting-rural-building.pdf,19,33,1111,0.0234,ok
Validation,VargasMunoz_2019_correcting-rural-building.pdf,20,33,1908,0.00157,ok
Validation,VargasMunoz_2019_correcting-rural-building.pdf,21,33,1793,0.00279,ok
Validation,VargasMunoz_2019_correcting-rural-building.pdf,22,33,599,0.00334,ok
Validation,VargasMunoz_2019_correcting-rural-building.pdf,23,33,1617,0.01237,ok
Validation,VargasMunoz_2019_correcting-rural-building.pdf,24,33,1467,0.00409,ok
Validation,VargasMunoz_2019_correcting-rural-building.pdf,25,33,1812,0.00993,ok
Validation,VargasMunoz_2019_correcting-rural-building.pdf,26,33,726,0.03581,ok
Validation,VargasMunoz_2019_correcting-rural-building.pdf,27,33,456,0.07675,ok
Validation,VargasMunoz_2019_correcting-rural-building.pdf,28,33,1703,0.00352,ok
Validation,VargasMunoz_2019_correcting-rural-building.pdf,29,33,1354,0.0709,ok
Validation,VargasMunoz_2019_correcting-rural-building.pdf,30,33,1439,0.01042,ok
Validation,VargasMunoz_2019_correcting-rural-building.pdf,31,33,1494,0.00669,ok
Validation,VargasMunoz_2019_correcting-rural-building.pdf,32,33,1586,0.00126,ok
Validation,VargasMunoz_2019_correcting-rural-building.pdf,33,33,433,0.00462,ok
Validation,Verburg_2004_method-analyse-neighbourhood.pdf,1,24,2026,0.00543,ok
Validation,Verburg_2004_method-analyse-neighbourhood.pdf,2,24,2870,0.0,ok
Validation,Verburg_2004_method-analyse-neighbourhood.pdf,3,24,3097,0.00194,ok
Validation,Verburg_2004_method-analyse-neighbourhood.pdf,4,24,2594,0.01079,ok
Validation,Verburg_2004_method-analyse-neighbourhood.pdf,5,24,1582,0.01896,ok
Validation,Verburg_2004_method-analyse-neighbourhood.pdf,6,24,2487,0.0185,ok
Validation,Verburg_2004_method-analyse-neighbourhood.pdf,7,24,2608,0.03221,ok
Validation,Verburg_2004_method-analyse-neighbourhood.pdf,8,24,1948,0.0154,ok
Validation,Verburg_2004_method-analyse-neighbourhood.pdf,9,24,2964,0.00405,ok
Validation,Verburg_2004_method-analyse-neighbourhood.pdf,10,24,1258,0.02146,ok
Validation,Verburg_2004_method-analyse-neighbourhood.pdf,11,24,984,0.2063,ok
Validation,Verburg_2004_method-analyse-neighbourhood.pdf,12,24,3089,0.0,ok
Validation,Verburg_2004_method-analyse-neighbourhood.pdf,13,24,1194,0.00838,ok
Validation,Verburg_2004_method-analyse-neighbourhood.pdf,14,24,1540,0.07857,ok
Validation,Verburg_2004_method-analyse-neighbourhood.pdf,15,24,2542,0.02596,ok
Validation,Verburg_2004_method-analyse-neighbourhood.pdf,16,24,1575,0.0819,ok
Validation,Verburg_2004_method-analyse-neighbourhood.pdf,17,24,2981,0.0,ok
Validation,Verburg_2004_method-analyse-neighbourhood.pdf,18,24,1233,0.01784,ok
Validation,Verburg_2004_method-analyse-neighbourhood.pdf,19,24,3178,0.0022,ok
Validation,Verburg_2004_method-analyse-neighbourhood.pdf,20,24,1618,0.02349,ok
Validation,Verburg_2004_method-analyse-neighbourhood.pdf,21,24,3196,0.0,ok
Validation,Verburg_2004_method-analyse-neighbourhood.pdf,22,24,3106,0.00419,ok
Validation,Verburg_2004_method-analyse-neighbourhood.pdf,23,24,3822,0.00654,ok
Validation,Verburg_2004_method-analyse-neighbourhood.pdf,24,24,3143,0.00318,ok
Validation,Verbyla_2000_bias-land-cover-change-estimates.pdf,1,10,1632,0.0049,ok
Validation,Verbyla_2000_bias-land-cover-change-estimates.pdf,2,10,360,0.0,ok
Validation,Verbyla_2000_bias-land-cover-change-estimates.pdf,3,10,2474,0.0,ok
Validation,Verbyla_2000_bias-land-cover-change-estimates.pdf,4,10,2808,0.02778,ok
Validation,Verbyla_2000_bias-land-cover-change-estimates.pdf,5,10,428,0.02103,ok
Validation,Verbyla_2000_bias-land-cover-change-estimates.pdf,6,10,2273,0.02332,ok
Validation,Verbyla_2000_bias-land-cover-change-estimates.pdf,7,10,1444,0.00693,ok
Validation,Verbyla_2000_bias-land-cover-change-estimates.pdf,8,10,2005,0.01995,ok
Validation,Verbyla_2000_bias-land-cover-change-estimates.pdf,9,10,2962,0.00709,ok
Validation,Verbyla_2000_bias-land-cover-change-estimates.pdf,10,10,1006,0.0,ok
Validation,Vicente_2008_graph-cut-based-image-segmentation.pdf,1,8,4014,0.00523,ok
Validation,Vicente_2008_graph-cut-based-image-segmentation.pdf,2,8,4070,0.02138,ok
Validation,Vicente_2008_graph-cut-based-image-segmentation.pdf,3,8,4101,0.0456,ok
Validation,Vicente_2008_graph-cut-based-image-segmentation.pdf,4,8,3721,0.05375,ok
Validation,Vicente_2008_graph-cut-based-image-segmentation.pdf,5,8,4559,0.04519,ok
Validation,Vicente_2008_graph-cut-based-image-segmentation.pdf,6,8,4587,0.02529,ok
Validation,Vicente_2008_graph-cut-based-image-segmentation.pdf,7,8,1638,0.03297,ok
Validation,Vicente_2008_graph-cut-based-image-segmentation.pdf,8,8,4818,0.00996,ok
Validation,Vincent_1993_grayscale-area-openings-closings.pdf,1,6,2621,0.0557,ok
Validation,Vincent_1993_grayscale-area-openings-closings.pdf,2,6,2960,0.05,ok
Validation,Vincent_1993_grayscale-area-openings-closings.pdf,3,6,3886,0.03989,ok
Validation,Vincent_1993_grayscale-area-openings-closings.pdf,4,6,2925,0.01538,ok
Validation,Vincent_1993_grayscale-area-openings-closings.pdf,5,6,2847,0.01405,ok
Validation,Vincent_1993_grayscale-area-openings-closings.pdf,6,6,3330,0.01411,ok
Validation,Vixie_2007_some-properties-minimizers-chan-esedoglu.pdf,1,14,1742,0.09587,ok
Validation,Vixie_2007_some-properties-minimizers-chan-esedoglu.pdf,2,14,2382,0.04114,ok
Validation,Vixie_2007_some-properties-minimizers-chan-esedoglu.pdf,3,14,1530,0.14837,ok
Validation,Vixie_2007_some-properties-minimizers-chan-esedoglu.pdf,4,14,933,0.30439,ok
Validation,Vixie_2007_some-properties-minimizers-chan-esedoglu.pdf,5,14,1528,0.38024,ok
Validation,Vixie_2007_some-properties-minimizers-chan-esedoglu.pdf,6,14,242,0.26446,ok
Validation,Vixie_2007_some-properties-minimizers-chan-esedoglu.pdf,7,14,1581,0.38773,ok
Validation,Vixie_2007_some-properties-minimizers-chan-esedoglu.pdf,8,14,463,0.50324,ok
Validation,Vixie_2007_some-properties-minimizers-chan-esedoglu.pdf,9,14,1071,0.25397,ok
Validation,Vixie_2007_some-properties-minimizers-chan-esedoglu.pdf,10,14,1295,0.27259,ok
Validation,Vixie_2007_some-properties-minimizers-chan-esedoglu.pdf,11,14,1046,0.2935,ok
Validation,Vixie_2007_some-properties-minimizers-chan-esedoglu.pdf,12,14,1181,0.20322,ok
Validation,Vixie_2007_some-properties-minimizers-chan-esedoglu.pdf,13,14,2324,0.01592,ok
Validation,Vixie_2007_some-properties-minimizers-chan-esedoglu.pdf,14,14,998,0.01403,ok
Validation,Walton_2008_difficulties-estimating-city-wide-urban.pdf,1,10,1953,0.00819,ok
Validation,Walton_2008_difficulties-estimating-city-wide-urban.pdf,2,10,1680,0.00417,ok
Validation,Walton_2008_difficulties-estimating-city-wide-urban.pdf,3,10,3577,0.00028,ok
Validation,Walton_2008_difficulties-estimating-city-wide-urban.pdf,4,10,1752,0.03482,ok
Validation,Walton_2008_difficulties-estimating-city-wide-urban.pdf,5,10,2240,0.02545,ok
Validation,Walton_2008_difficulties-estimating-city-wide-urban.pdf,6,10,956,0.08159,ok
Validation,Walton_2008_difficulties-estimating-city-wide-urban.pdf,7,10,2628,0.13623,ok
Validation,Walton_2008_difficulties-estimating-city-wide-urban.pdf,8,10,1751,0.36265,ok
Validation,Walton_2008_difficulties-estimating-city-wide-urban.pdf,9,10,3256,0.00553,ok
Validation,Walton_2008_difficulties-estimating-city-wide-urban.pdf,10,10,3998,0.01526,ok
Validation,Warfield_2004_simultaneous-truth-performance-level.pdf,1,19,5563,0.00647,ok
Validation,Warfield_2004_simultaneous-truth-performance-level.pdf,2,19,6283,0.00111,ok
Validation,Warfield_2004_simultaneous-truth-performance-level.pdf,3,19,4574,0.01312,ok
Validation,Warfield_2004_simultaneous-truth-performance-level.pdf,4,19,2626,0.02018,ok
Validation,Warfield_2004_simultaneous-truth-performance-level.pdf,5,19,3473,0.0144,ok
Validation,Warfield_2004_simultaneous-truth-performance-level.pdf,6,19,3239,0.01451,ok
Validation,Warfield_2004_simultaneous-truth-performance-level.pdf,7,19,3208,0.01527,ok
Validation,Warfield_2004_simultaneous-truth-performance-level.pdf,8,19,4764,0.00546,ok
Validation,Warfield_2004_simultaneous-truth-performance-level.pdf,9,19,3360,0.00863,ok
Validation,Warfield_2004_simultaneous-truth-performance-level.pdf,10,19,3770,0.01883,ok
Validation,Warfield_2004_simultaneous-truth-performance-level.pdf,11,19,3732,0.00563,ok
Validation,Warfield_2004_simultaneous-truth-performance-level.pdf,12,19,1865,0.0,ok
Validation,Warfield_2004_simultaneous-truth-performance-level.pdf,13,19,2799,0.00214,ok
Validation,Warfield_2004_simultaneous-truth-performance-level.pdf,14,19,2294,0.00087,ok
Validation,Warfield_2004_simultaneous-truth-performance-level.pdf,15,19,4384,0.00661,ok
Validation,Warfield_2004_simultaneous-truth-performance-level.pdf,16,19,3113,0.00385,ok
Validation,Warfield_2004_simultaneous-truth-performance-level.pdf,17,19,5860,0.00154,ok
Validation,Warfield_2004_simultaneous-truth-performance-level.pdf,18,19,6897,0.01218,ok
Validation,Warfield_2004_simultaneous-truth-performance-level.pdf,19,19,5724,0.01398,ok
Validation,Wehmann_2015_spatial-temporal-contextual-markovian-kernel.pdf,1,13,4353,0.00689,ok
Validation,Wehmann_2015_spatial-temporal-contextual-markovian-kernel.pdf,2,13,6051,0.02082,ok
Validation,Wehmann_2015_spatial-temporal-contextual-markovian-kernel.pdf,3,13,5091,0.04046,ok
Validation,Wehmann_2015_spatial-temporal-contextual-markovian-kernel.pdf,4,13,3941,0.05455,ok
Validation,Wehmann_2015_spatial-temporal-contextual-markovian-kernel.pdf,5,13,6371,0.00471,ok
Validation,Wehmann_2015_spatial-temporal-contextual-markovian-kernel.pdf,6,13,1591,0.03206,ok
Validation,Wehmann_2015_spatial-temporal-contextual-markovian-kernel.pdf,7,13,5972,0.00569,ok
Validation,Wehmann_2015_spatial-temporal-contextual-markovian-kernel.pdf,8,13,3252,0.05443,ok
Validation,Wehmann_2015_spatial-temporal-contextual-markovian-kernel.pdf,9,13,6478,0.00556,ok
Validation,Wehmann_2015_spatial-temporal-contextual-markovian-kernel.pdf,10,13,6792,0.00398,ok
Validation,Wehmann_2015_spatial-temporal-contextual-markovian-kernel.pdf,11,13,4836,0.00393,ok
Validation,Wehmann_2015_spatial-temporal-contextual-markovian-kernel.pdf,12,13,5355,0.02521,ok
Validation,Wehmann_2015_spatial-temporal-contextual-markovian-kernel.pdf,13,13,7634,0.0093,ok
Validation,Wolters_2017a_classification-large-scale-remote.pdf,1,24,1562,0.02497,ok
Validation,Wolters_2017a_classification-large-scale-remote.pdf,2,24,3067,0.00815,ok
Validation,Wolters_2017a_classification-large-scale-remote.pdf,3,24,1746,0.00745,ok
Validation,Wolters_2017a_classification-large-scale-remote.pdf,4,24,1183,0.0262,ok
Validation,Wolters_2017a_classification-large-scale-remote.pdf,5,24,2863,0.00489,ok
Validation,Wolters_2017a_classification-large-scale-remote.pdf,6,24,2489,0.01487,ok
Validation,Wolters_2017a_classification-large-scale-remote.pdf,7,24,2606,0.02494,ok
Validation,Wolters_2017a_classification-large-scale-remote.pdf,8,24,2418,0.02812,ok
Validation,Wolters_2017a_classification-large-scale-remote.pdf,9,24,1997,0.06059,ok
Validation,Wolters_2017a_classification-large-scale-remote.pdf,10,24,2747,0.01274,ok
Validation,Wolters_2017a_classification-large-scale-remote.pdf,11,24,3128,0.00927,ok
Validation,Wolters_2017a_classification-large-scale-remote.pdf,12,24,2548,0.00628,ok
Validation,Wolters_2017a_classification-large-scale-remote.pdf,13,24,2640,0.00871,ok
Validation,Wolters_2017a_classification-large-scale-remote.pdf,14,24,1204,0.03073,ok
Validation,Wolters_2017a_classification-large-scale-remote.pdf,15,24,1783,0.02019,ok
Validation,Wolters_2017a_classification-large-scale-remote.pdf,16,24,1518,0.0224,ok
Validation,Wolters_2017a_classification-large-scale-remote.pdf,17,24,2240,0.02768,ok
Validation,Wolters_2017a_classification-large-scale-remote.pdf,18,24,2294,0.00915,ok
Validation,Wolters_2017a_classification-large-scale-remote.pdf,19,24,1265,0.0253,ok
Validation,Wolters_2017a_classification-large-scale-remote.pdf,20,24,2815,0.00888,ok
Validation,Wolters_2017a_classification-large-scale-remote.pdf,21,24,2940,0.00442,ok
Validation,Wolters_2017a_classification-large-scale-remote.pdf,22,24,2798,0.00893,ok
Validation,Wolters_2017a_classification-large-scale-remote.pdf,23,24,3052,0.0154,ok
Validation,Wolters_2017a_classification-large-scale-remote.pdf,24,24,2189,0.00959,ok
Validation,Wolters_2017b_better-autologistic-regression.pdf,1,20,3402,0.01881,ok
Validation,Wolters_2017b_better-autologistic-regression.pdf,2,20,4390,0.00524,ok
Validation,Wolters_2017b_better-autologistic-regression.pdf,3,20,4697,0.02768,ok
Validation,Wolters_2017b_better-autologistic-regression.pdf,4,20,3861,0.11707,ok
Validation,Wolters_2017b_better-autologistic-regression.pdf,5,20,5255,0.02055,ok
Validation,Wolters_2017b_better-autologistic-regression.pdf,6,20,4205,0.0673,ok
Validation,Wolters_2017b_better-autologistic-regression.pdf,7,20,3976,0.1006,ok
Validation,Wolters_2017b_better-autologistic-regression.pdf,8,20,3861,0.13857,ok
Validation,Wolters_2017b_better-autologistic-regression.pdf,9,20,4122,0.04173,ok
Validation,Wolters_2017b_better-autologistic-regression.pdf,10,20,1799,0.06059,ok
Validation,Wolters_2017b_better-autologistic-regression.pdf,11,20,2669,0.06519,ok
Validation,Wolters_2017b_better-autologistic-regression.pdf,12,20,4599,0.03957,ok
Validation,Wolters_2017b_better-autologistic-regression.pdf,13,20,2582,0.03563,ok
Validation,Wolters_2017b_better-autologistic-regression.pdf,14,20,4664,0.01522,ok
Validation,Wolters_2017b_better-autologistic-regression.pdf,15,20,887,0.03382,ok
Validation,Wolters_2017b_better-autologistic-regression.pdf,16,20,2068,0.02224,ok
Validation,Wolters_2017b_better-autologistic-regression.pdf,17,20,5010,0.01657,ok
Validation,Wolters_2017b_better-autologistic-regression.pdf,18,20,4320,0.07407,ok
Validation,Wolters_2017b_better-autologistic-regression.pdf,19,20,6199,0.01178,ok
Validation,Wolters_2017b_better-autologistic-regression.pdf,20,20,3364,0.14715,ok
Validation,Wu_2017_iterative-slow-feature-change-detection.pdf,1,15,4432,0.00767,ok
Validation,Wu_2017_iterative-slow-feature-change-detection.pdf,2,15,7214,0.00319,ok
Validation,Wu_2017_iterative-slow-feature-change-detection.pdf,3,15,282,0.0,ok
Validation,Wu_2017_iterative-slow-feature-change-detection.pdf,4,15,2632,0.01064,ok
Validation,Wu_2017_iterative-slow-feature-change-detection.pdf,5,15,5643,0.042,ok
Validation,Wu_2017_iterative-slow-feature-change-detection.pdf,6,15,6259,0.01214,ok
Validation,Wu_2017_iterative-slow-feature-change-detection.pdf,7,15,1933,0.0,ok
Validation,Wu_2017_iterative-slow-feature-change-detection.pdf,8,15,3078,0.00325,ok
Validation,Wu_2017_iterative-slow-feature-change-detection.pdf,9,15,4210,0.00475,ok
Validation,Wu_2017_iterative-slow-feature-change-detection.pdf,10,15,3340,0.01347,ok
Validation,Wu_2017_iterative-slow-feature-change-detection.pdf,11,15,5528,0.01067,ok
Validation,Wu_2017_iterative-slow-feature-change-detection.pdf,12,15,2187,0.03749,ok
Validation,Wu_2017_iterative-slow-feature-change-detection.pdf,13,15,1043,0.02205,ok
Validation,Wu_2017_iterative-slow-feature-change-detection.pdf,14,15,2718,0.0103,ok
Validation,Wu_2017_iterative-slow-feature-change-detection.pdf,15,15,6561,0.00427,ok
Validation,Xie_2013_sequential-multi-sensor-change-point.pdf,1,24,2292,0.00742,ok
Validation,Xie_2013_sequential-multi-sensor-change-point.pdf,2,24,2642,0.00341,ok
Validation,Xie_2013_sequential-multi-sensor-change-point.pdf,3,24,2674,0.00374,ok
Validation,Xie_2013_sequential-multi-sensor-change-point.pdf,4,24,2030,0.07094,ok
Validation,Xie_2013_sequential-multi-sensor-change-point.pdf,5,24,1592,0.11809,ok
Validation,Xie_2013_sequential-multi-sensor-change-point.pdf,6,24,1717,0.11241,ok
Validation,Xie_2013_sequential-multi-sensor-change-point.pdf,7,24,1668,0.10612,ok
Validation,Xie_2013_sequential-multi-sensor-change-point.pdf,8,24,1800,0.09389,ok
Validation,Xie_2013_sequential-multi-sensor-change-point.pdf,9,24,2410,0.04772,ok
Validation,Xie_2013_sequential-multi-sensor-change-point.pdf,10,24,1572,0.1514,ok
Validation,Xie_2013_sequential-multi-sensor-change-point.pdf,11,24,1008,0.42262,ok
Validation,Xie_2013_sequential-multi-sensor-change-point.pdf,12,24,690,0.37681,ok
Validation,Xie_2013_sequential-multi-sensor-change-point.pdf,13,24,1256,0.16322,ok
Validation,Xie_2013_sequential-multi-sensor-change-point.pdf,14,24,2253,0.05459,ok
Validation,Xie_2013_sequential-multi-sensor-change-point.pdf,15,24,1433,0.05513,ok
Validation,Xie_2013_sequential-multi-sensor-change-point.pdf,16,24,1128,0.05319,ok
Validation,Xie_2013_sequential-multi-sensor-change-point.pdf,17,24,1907,0.07971,ok
Validation,Xie_2013_sequential-multi-sensor-change-point.pdf,18,24,1151,0.05734,ok
Validation,Xie_2013_sequential-multi-sensor-change-point.pdf,19,24,2114,0.01466,ok
Validation,Xie_2013_sequential-multi-sensor-change-point.pdf,20,24,1683,0.06179,ok
Validation,Xie_2013_sequential-multi-sensor-change-point.pdf,21,24,1695,0.11622,ok
Validation,Xie_2013_sequential-multi-sensor-change-point.pdf,22,24,2265,0.01457,ok
Validation,Xie_2013_sequential-multi-sensor-change-point.pdf,23,24,2589,0.02549,ok
Validation,Xie_2013_sequential-multi-sensor-change-point.pdf,24,24,891,0.02357,ok
Validation,Yang_2020_evaluating-reliability-time-series-land.pdf,1,12,3193,0.01378,ok
Validation,Yang_2020_evaluating-reliability-time-series-land.pdf,2,12,4721,0.00911,ok
Validation,Yang_2020_evaluating-reliability-time-series-land.pdf,3,12,2566,0.04482,ok
Validation,Yang_2020_evaluating-reliability-time-series-land.pdf,4,12,4468,0.01947,ok
Validation,Yang_2020_evaluating-reliability-time-series-land.pdf,5,12,1335,0.2824,ok
Validation,Yang_2020_evaluating-reliability-time-series-land.pdf,6,12,3422,0.03565,ok
Validation,Yang_2020_evaluating-reliability-time-series-land.pdf,7,12,3012,0.02092,ok
Validation,Yang_2020_evaluating-reliability-time-series-land.pdf,8,12,2536,0.0276,ok
Validation,Yang_2020_evaluating-reliability-time-series-land.pdf,9,12,2135,0.03279,ok
Validation,Yang_2020_evaluating-reliability-time-series-land.pdf,10,12,4780,0.00523,ok
Validation,Yang_2020_evaluating-reliability-time-series-land.pdf,11,12,5614,0.00837,ok
Validation,Yang_2020_evaluating-reliability-time-series-land.pdf,12,12,2175,0.01149,ok
Validation,Yang_2021_30m-annual-land-cover-china.pdf,1,19,3418,0.00614,ok
Validation,Yang_2021_30m-annual-land-cover-china.pdf,2,19,5226,0.00498,ok
Validation,Yang_2021_30m-annual-land-cover-china.pdf,3,19,4670,0.00814,ok
Validation,Yang_2021_30m-annual-land-cover-china.pdf,4,19,3487,0.00401,ok
Validation,Yang_2021_30m-annual-land-cover-china.pdf,5,19,1741,0.12234,ok
Validation,Yang_2021_30m-annual-land-cover-china.pdf,6,19,3032,0.01583,ok
Validation,Yang_2021_30m-annual-land-cover-china.pdf,7,19,4749,0.02653,ok
Validation,Yang_2021_30m-annual-land-cover-china.pdf,8,19,1097,0.03555,ok
Validation,Yang_2021_30m-annual-land-cover-china.pdf,9,19,1298,0.04237,ok
Validation,Yang_2021_30m-annual-land-cover-china.pdf,10,19,3991,0.01528,ok
Validation,Yang_2021_30m-annual-land-cover-china.pdf,11,19,2507,0.00598,ok
Validation,Yang_2021_30m-annual-land-cover-china.pdf,12,19,2507,0.00758,ok
Validation,Yang_2021_30m-annual-land-cover-china.pdf,13,19,795,0.00252,ok
Validation,Yang_2021_30m-annual-land-cover-china.pdf,14,19,3928,0.01146,ok
Validation,Yang_2021_30m-annual-land-cover-china.pdf,15,19,1855,0.00539,ok
Validation,Yang_2021_30m-annual-land-cover-china.pdf,16,19,4910,0.00611,ok
Validation,Yang_2021_30m-annual-land-cover-china.pdf,17,19,5883,0.00748,ok
Validation,Yang_2021_30m-annual-land-cover-china.pdf,18,19,5910,0.00745,ok
Validation,Yang_2021_30m-annual-land-cover-china.pdf,19,19,3776,0.00847,ok
Validation,Yuan_2015_continuous-change-detection.pdf,1,22,2078,0.0077,ok
Validation,Yuan_2015_continuous-change-detection.pdf,2,22,3012,0.0,ok
Validation,Yuan_2015_continuous-change-detection.pdf,3,22,1506,0.0166,ok
Validation,Yuan_2015_continuous-change-detection.pdf,4,22,1250,0.0,ok
Validation,Yuan_2015_continuous-change-detection.pdf,5,22,1974,0.00405,ok
Validation,Yuan_2015_continuous-change-detection.pdf,6,22,1644,0.06509,ok
Validation,Yuan_2015_continuous-change-detection.pdf,7,22,2133,0.02485,ok
Validation,Yuan_2015_continuous-change-detection.pdf,8,22,2159,0.01251,ok
Validation,Yuan_2015_continuous-change-detection.pdf,9,22,1494,0.0502,ok
Validation,Yuan_2015_continuous-change-detection.pdf,10,22,2283,0.00263,ok
Validation,Yuan_2015_continuous-change-detection.pdf,11,22,1092,0.0,ok
Validation,Yuan_2015_continuous-change-detection.pdf,12,22,1350,0.00222,ok
Validation,Yuan_2015_continuous-change-detection.pdf,13,22,545,0.00183,ok
Validation,Yuan_2015_continuous-change-detection.pdf,14,22,882,0.00794,ok
Validation,Yuan_2015_continuous-change-detection.pdf,15,22,825,0.00364,ok
Validation,Yuan_2015_continuous-change-detection.pdf,16,22,1548,0.0,ok
Validation,Yuan_2015_continuous-change-detection.pdf,17,22,1328,0.0,ok
Validation,Yuan_2015_continuous-change-detection.pdf,18,22,2581,0.00775,ok
Validation,Yuan_2015_continuous-change-detection.pdf,19,22,2904,0.00413,ok
Validation,Yuan_2015_continuous-change-detection.pdf,20,22,2333,0.01029,ok
Validation,Yuan_2015_continuous-change-detection.pdf,21,22,2865,0.00384,ok
Validation,Yuan_2015_continuous-change-detection.pdf,22,22,2556,0.00274,ok
Validation,Zampieri_2018_multimodal-image-alignment-through.pdf,1,17,1912,0.01935,ok
Validation,Zampieri_2018_multimodal-image-alignment-through.pdf,2,17,2254,0.0,ok
Validation,Zampieri_2018_multimodal-image-alignment-through.pdf,3,17,2576,0.00621,ok
Validation,Zampieri_2018_multimodal-image-alignment-through.pdf,4,17,2029,0.05964,ok
Validation,Zampieri_2018_multimodal-image-alignment-through.pdf,5,17,2519,0.00913,ok
Validation,Zampieri_2018_multimodal-image-alignment-through.pdf,6,17,2501,0.0012,ok
Validation,Zampieri_2018_multimodal-image-alignment-through.pdf,7,17,2064,0.03149,ok
Validation,Zampieri_2018_multimodal-image-alignment-through.pdf,8,17,2079,0.076,ok
Validation,Zampieri_2018_multimodal-image-alignment-through.pdf,9,17,1785,0.02353,ok
Validation,Zampieri_2018_multimodal-image-alignment-through.pdf,10,17,2681,0.02275,ok
Validation,Zampieri_2018_multimodal-image-alignment-through.pdf,11,17,1911,0.00262,ok
Validation,Zampieri_2018_multimodal-image-alignment-through.pdf,12,17,1592,0.0,ok
Validation,Zampieri_2018_multimodal-image-alignment-through.pdf,13,17,1703,0.04991,ok
Validation,Zampieri_2018_multimodal-image-alignment-through.pdf,14,17,2657,0.00602,ok
Validation,Zampieri_2018_multimodal-image-alignment-through.pdf,15,17,2840,0.01268,ok
Validation,Zampieri_2018_multimodal-image-alignment-through.pdf,16,17,2986,0.0067,ok
Validation,Zampieri_2018_multimodal-image-alignment-through.pdf,17,17,1305,0.01686,ok
Validation,Zhao_2017_pyramid-scene-parsing-network.pdf,1,10,3084,0.01362,ok
Validation,Zhao_2017_pyramid-scene-parsing-network.pdf,2,10,4602,0.005,ok
Validation,Zhao_2017_pyramid-scene-parsing-network.pdf,3,10,2660,0.00451,ok
Validation,Zhao_2017_pyramid-scene-parsing-network.pdf,4,10,3256,0.00461,ok
Validation,Zhao_2017_pyramid-scene-parsing-network.pdf,5,10,4697,0.02065,ok
Validation,Zhao_2017_pyramid-scene-parsing-network.pdf,6,10,3524,0.02469,ok
Validation,Zhao_2017_pyramid-scene-parsing-network.pdf,7,10,2898,0.01001,ok
Validation,Zhao_2017_pyramid-scene-parsing-network.pdf,8,10,3659,0.02022,ok
Validation,Zhao_2017_pyramid-scene-parsing-network.pdf,9,10,4511,0.01485,ok
Validation,Zhao_2017_pyramid-scene-parsing-network.pdf,10,10,762,0.01181,ok
Validation,Zheng_2008_markov-chain-monte-carlo-spatial.pdf,1,16,2039,0.01913,ok
Validation,Zheng_2008_markov-chain-monte-carlo-spatial.pdf,2,16,2839,0.02677,ok
Validation,Zheng_2008_markov-chain-monte-carlo-spatial.pdf,3,16,2147,0.10293,ok
Validation,Zheng_2008_markov-chain-monte-carlo-spatial.pdf,4,16,1740,0.14655,ok
Validation,Zheng_2008_markov-chain-monte-carlo-spatial.pdf,5,16,2135,0.14426,ok
Validation,Zheng_2008_markov-chain-monte-carlo-spatial.pdf,6,16,2539,0.03899,ok
Validation,Zheng_2008_markov-chain-monte-carlo-spatial.pdf,7,16,2081,0.05574,ok
Validation,Zheng_2008_markov-chain-monte-carlo-spatial.pdf,8,16,700,0.04571,ok
Validation,Zheng_2008_markov-chain-monte-carlo-spatial.pdf,9,16,2570,0.0179,ok
Validation,Zheng_2008_markov-chain-monte-carlo-spatial.pdf,10,16,2906,0.00103,ok
Validation,Zheng_2008_markov-chain-monte-carlo-spatial.pdf,11,16,2214,0.01265,ok
Validation,Zheng_2008_markov-chain-monte-carlo-spatial.pdf,12,16,1458,0.0,ok
Validation,Zheng_2008_markov-chain-monte-carlo-spatial.pdf,13,16,2867,0.00453,ok
Validation,Zheng_2008_markov-chain-monte-carlo-spatial.pdf,14,16,2407,0.02327,ok
Validation,Zheng_2008_markov-chain-monte-carlo-spatial.pdf,15,16,1798,0.0,ok
Validation,Zheng_2008_markov-chain-monte-carlo-spatial.pdf,16,16,283,0.0,ok
Validation,Zhou_2020_training-data-selection-annual-land.pdf,1,16,3063,0.0062,ok
Validation,Zhou_2020_training-data-selection-annual-land.pdf,2,16,4213,0.00166,ok
Validation,Zhou_2020_training-data-selection-annual-land.pdf,3,16,3095,0.01906,ok
Validation,Zhou_2020_training-data-selection-annual-land.pdf,4,16,2786,0.00646,ok
Validation,Zhou_2020_training-data-selection-annual-land.pdf,5,16,1788,0.02293,ok
Validation,Zhou_2020_training-data-selection-annual-land.pdf,6,16,3414,0.0208,ok
Validation,Zhou_2020_training-data-selection-annual-land.pdf,7,16,3364,0.01605,ok
Validation,Zhou_2020_training-data-selection-annual-land.pdf,8,16,811,0.01973,ok
Validation,Zhou_2020_training-data-selection-annual-land.pdf,9,16,2470,0.03563,ok
Validation,Zhou_2020_training-data-selection-annual-land.pdf,10,16,1920,0.03906,ok
Validation,Zhou_2020_training-data-selection-annual-land.pdf,11,16,2378,0.02397,ok
Validation,Zhou_2020_training-data-selection-annual-land.pdf,12,16,1127,0.02396,ok
Validation,Zhou_2020_training-data-selection-annual-land.pdf,13,16,1234,0.01216,ok
Validation,Zhou_2020_training-data-selection-annual-land.pdf,14,16,3862,0.00285,ok
Validation,Zhou_2020_training-data-selection-annual-land.pdf,15,16,3974,0.0073,ok
Validation,Zhou_2020_training-data-selection-annual-land.pdf,16,16,777,0.01158,ok
Validation,Zhu_2005_modeling-spatial-temporal-binary-data.pdf,1,14,2467,0.00203,ok
Validation,Zhu_2005_modeling-spatial-temporal-binary-data.pdf,2,14,2664,0.05143,ok
Validation,Zhu_2005_modeling-spatial-temporal-binary-data.pdf,3,14,2713,0.00479,ok
Validation,Zhu_2005_modeling-spatial-temporal-binary-data.pdf,4,14,1849,0.11249,ok
Validation,Zhu_2005_modeling-spatial-temporal-binary-data.pdf,5,14,2525,0.05069,ok
Validation,Zhu_2005_modeling-spatial-temporal-binary-data.pdf,6,14,2329,0.09446,ok
Validation,Zhu_2005_modeling-spatial-temporal-binary-data.pdf,7,14,1669,0.05572,ok
Validation,Zhu_2005_modeling-spatial-temporal-binary-data.pdf,8,14,1831,0.00546,ok
Validation,Zhu_2005_modeling-spatial-temporal-binary-data.pdf,9,14,2216,0.06724,ok
Validation,Zhu_2005_modeling-spatial-temporal-binary-data.pdf,10,14,1928,0.09492,ok
Validation,Zhu_2005_modeling-spatial-temporal-binary-data.pdf,11,14,1670,0.02994,ok
Validation,Zhu_2005_modeling-spatial-temporal-binary-data.pdf,12,14,1704,0.00235,ok
Validation,Zhu_2005_modeling-spatial-temporal-binary-data.pdf,13,14,2290,0.03581,ok
Validation,Zhu_2005_modeling-spatial-temporal-binary-data.pdf,14,14,1937,0.00774,ok
Validation,Zhu_2008_autologistic-regression-analysis-spatial.pdf,1,15,2409,0.00498,ok
Validation,Zhu_2008_autologistic-regression-analysis-spatial.pdf,2,15,1924,0.0052,ok
Validation,Zhu_2008_autologistic-regression-analysis-spatial.pdf,3,15,1057,0.00851,ok
Validation,Zhu_2008_autologistic-regression-analysis-spatial.pdf,4,15,3269,0.00245,ok
Validation,Zhu_2008_autologistic-regression-analysis-spatial.pdf,5,15,2122,0.03864,ok
Validation,Zhu_2008_autologistic-regression-analysis-spatial.pdf,6,15,1811,0.1397,ok
Validation,Zhu_2008_autologistic-regression-analysis-spatial.pdf,7,15,1102,0.23956,ok
Validation,Zhu_2008_autologistic-regression-analysis-spatial.pdf,8,15,2128,0.04793,ok
Validation,Zhu_2008_autologistic-regression-analysis-spatial.pdf,9,15,2324,0.05508,ok
Validation,Zhu_2008_autologistic-regression-analysis-spatial.pdf,10,15,2837,0.00388,ok
Validation,Zhu_2008_autologistic-regression-analysis-spatial.pdf,11,15,2338,0.01112,ok
Validation,Zhu_2008_autologistic-regression-analysis-spatial.pdf,12,15,205,0.05854,ok
Validation,Zhu_2008_autologistic-regression-analysis-spatial.pdf,13,15,2472,0.02023,ok
Validation,Zhu_2008_autologistic-regression-analysis-spatial.pdf,14,15,2949,0.00848,ok
Validation,Zhu_2008_autologistic-regression-analysis-spatial.pdf,15,15,3379,0.0,ok
Validation,Zhuang_2002_stochastic-declustering-space-time.pdf,1,13,2582,0.00697,ok
Validation,Zhuang_2002_stochastic-declustering-space-time.pdf,2,13,5733,0.00244,ok
Validation,Zhuang_2002_stochastic-declustering-space-time.pdf,3,13,4110,0.09197,ok
Validation,Zhuang_2002_stochastic-declustering-space-time.pdf,4,13,3192,0.15226,ok
Validation,Zhuang_2002_stochastic-declustering-space-time.pdf,5,13,3787,0.09242,ok
Validation,Zhuang_2002_stochastic-declustering-space-time.pdf,6,13,3763,0.04518,ok
Validation,Zhuang_2002_stochastic-declustering-space-time.pdf,7,13,1440,0.24375,ok
Validation,Zhuang_2002_stochastic-declustering-space-time.pdf,8,13,2336,0.12286,ok
Validation,Zhuang_2002_stochastic-declustering-space-time.pdf,9,13,1807,0.06807,ok
Validation,Zhuang_2002_stochastic-declustering-space-time.pdf,10,13,2913,0.05836,ok
Validation,Zhuang_2002_stochastic-declustering-space-time.pdf,11,13,5645,0.01116,ok
Validation,Zhuang_2002_stochastic-declustering-space-time.pdf,12,13,6186,0.00323,ok
Validation,Zhuang_2002_stochastic-declustering-space-time.pdf,13,13,1930,0.00674,ok
other,1.+JPSL-70561.pdf,1,17,3791,0.0153,ok
other,1.+JPSL-70561.pdf,2,17,4687,0.00021,ok
other,1.+JPSL-70561.pdf,3,17,1937,0.00929,ok
other,1.+JPSL-70561.pdf,4,17,3737,0.00615,ok
other,1.+JPSL-70561.pdf,5,17,3950,0.01519,ok
other,1.+JPSL-70561.pdf,6,17,1494,0.03146,ok
other,1.+JPSL-70561.pdf,7,17,1922,0.00416,ok
other,1.+JPSL-70561.pdf,8,17,2920,0.00034,ok
other,1.+JPSL-70561.pdf,9,17,1887,0.00053,ok
other,1.+JPSL-70561.pdf,10,17,1919,0.00052,ok
other,1.+JPSL-70561.pdf,11,17,753,0.00133,ok
other,1.+JPSL-70561.pdf,12,17,2335,0.00043,ok
other,1.+JPSL-70561.pdf,13,17,4120,0.00437,ok
other,1.+JPSL-70561.pdf,14,17,3067,0.00978,ok
other,1.+JPSL-70561.pdf,15,17,3771,0.00822,ok
other,1.+JPSL-70561.pdf,16,17,3525,0.00738,ok
other,1.+JPSL-70561.pdf,17,17,2295,0.00654,ok
other,Using GeoAI and machine learning tools for consistent.pdf,1,17,2688,0.02307,ok
other,Using GeoAI and machine learning tools for consistent.pdf,2,17,4110,0.00414,ok
other,Using GeoAI and machine learning tools for consistent.pdf,3,17,4108,0.00365,ok
other,Using GeoAI and machine learning tools for consistent.pdf,4,17,1484,0.01011,ok
other,Using GeoAI and machine learning tools for consistent.pdf,5,17,2070,0.00531,ok
other,Using GeoAI and machine learning tools for consistent.pdf,6,17,4065,0.00295,ok
other,Using GeoAI and machine learning tools for consistent.pdf,7,17,3971,0.01687,ok
other,Using GeoAI and machine learning tools for consistent.pdf,8,17,3090,0.02136,ok
other,Using GeoAI and machine learning tools for consistent.pdf,9,17,1881,0.00425,ok
other,Using GeoAI and machine learning tools for consistent.pdf,10,17,3310,0.01722,ok
other,Using GeoAI and machine learning tools for consistent.pdf,11,17,1438,0.01599,ok
other,Using GeoAI and machine learning tools for consistent.pdf,12,17,1772,0.00169,ok
other,Using GeoAI and machine learning tools for consistent.pdf,13,17,4056,0.00321,ok
other,Using GeoAI and machine learning tools for consistent.pdf,14,17,3985,0.00477,ok
other,Using GeoAI and machine learning tools for consistent.pdf,15,17,4030,0.00248,ok
other,Using GeoAI and machine learning tools for consistent.pdf,16,17,4493,0.02003,ok
other,Using GeoAI and machine learning tools for consistent.pdf,17,17,4537,0.0119,ok
other,remotesensing.1029.pdf,1,24,4513,0.01773,ok
other,remotesensing.1029.pdf,2,24,6378,0.00251,ok
other,remotesensing.1029.pdf,3,24,4951,0.01232,ok
other,remotesensing.1029.pdf,4,24,4003,0.01824,ok
other,remotesensing.1029.pdf,5,24,1509,0.18025,ok
other,remotesensing.1029.pdf,6,24,3495,0.02518,ok
other,remotesensing.1029.pdf,7,24,5148,0.01826,ok
other,remotesensing.1029.pdf,8,24,989,0.01314,ok
other,remotesensing.1029.pdf,9,24,2361,0.04744,ok
other,remotesensing.1029.pdf,10,24,1546,0.01488,ok
other,remotesensing.1029.pdf,11,24,2154,0.01021,ok
other,remotesensing.1029.pdf,12,24,4976,0.0217,ok
other,remotesensing.1029.pdf,13,24,1213,0.32729,ok
other,remotesensing.1029.pdf,14,24,3860,0.03731,ok
other,remotesensing.1029.pdf,15,24,1085,0.12535,ok
other,remotesensing.1029.pdf,16,24,2110,0.01517,ok
other,remotesensing.1029.pdf,17,24,4032,0.03472,ok
other,remotesensing.1029.pdf,18,24,3358,0.04348,ok
other,remotesensing.1029.pdf,19,24,3255,0.0126,ok
other,remotesensing.1029.pdf,20,24,3529,0.01502,ok
other,remotesensing.1029.pdf,21,24,5260,0.00875,ok
other,remotesensing.1029.pdf,22,24,5433,0.00405,ok
other,remotesensing.1029.pdf,23,24,3473,0.00317,ok
other,remotesensing.1029.pdf,24,24,2512,0.00717,ok
