arm,citing_work_key,ref_key,title,state,doi,source,ratio,reason,seconds
before,Benedek_2015_multilayer-markov-random-field-models,b4,Markovian framework for structural change detection with application on detecting built-in changes in airborne images,unresolved,,,,best=crossref:0.50:10.5194/egusphere-egu23-13357,138.332
before,Benedek_2015_multilayer-markov-random-field-models,b10,WAFO -a Matlab toolbox for the analysis of random waves and loads,unresolved,,,,best=crossref:0.38:10.1109/robio.2018.8665321,122.347
before,Benedek_2015_multilayer-markov-random-field-models,b17,Change detection based on conditional random field models,unresolved,,,,"best=crossref:0.70:10.31274/rtd-180813-10987; skipped=semanticscholar,arxiv (rate-limited)",0.001
before,Benedek_2015_multilayer-markov-random-field-models,b19,Histograms of oriented gradients for human detection,unresolved,,,,"best=crossref:1.00:10.1109/icnc.2013.6818189; skipped=semanticscholar,arxiv (rate-limited)",0.001
before,Benedek_2015_multilayer-markov-random-field-models,b21,Mixed Markov models,unresolved,,,,"best=crossref:0.48:10.1111/j.1751-5823.2011.00160.x; skipped=semanticscholar,arxiv (rate-limited)",0.001
before,Benedek_2015_multilayer-markov-random-field-models,b22,The determination of optimal threshold levels for change detection using various accuracy indices,unresolved,,,,"best=crossref:0.48:10.1021/acs.estlett.4c00777.s001; skipped=semanticscholar,arxiv (rate-limited)",0.002
before,Benedek_2015_multilayer-markov-random-field-models,b24,"Stochastic relaxation, gibbs distributions, and the bayesian restoration of images",unresolved,,,,"best=crossref:1.00:10.1016/b978-0-08-051581-6.50057-x; skipped=semanticscholar,arxiv (rate-limited)",0.001
before,Benedek_2015_multilayer-markov-random-field-models,b35,Multicue MRF image segmentation: combining texture and color,unresolved,,,,"best=crossref:0.93:10.1109/icpr.2002.1044836; skipped=semanticscholar,arxiv (rate-limited)",0.0
before,Benedek_2015_multilayer-markov-random-field-models,b36,Factorial Markov random fields,unresolved,,,,"best=crossref:0.80:10.1007/978-1-4613-8190-7_2; skipped=semanticscholar,arxiv (rate-limited)",0.001
before,Benedek_2015_multilayer-markov-random-field-models,b47,Unsupervised change detection in remotesensing images using modified self-organizing feature map neural network,ambiguous,,crossref,0.9955,2 distinct works accepted at crossref,0.001
before,Benedek_2015_multilayer-markov-random-field-models,b48,Some generalized order-disorder transformation,unresolved,,,,"best=crossref:0.58:10.58837/chula.the.2010.1140; skipped=semanticscholar,arxiv (rate-limited)",0.001
before,Benedek_2015_multilayer-markov-random-field-models,b53,A Markov random field approach for sidescan sonar change detection,unresolved,,,,"best=crossref:1.00:10.1109/joe.2012.2206677; skipped=semanticscholar,arxiv (rate-limited)",0.001
before,Benedek_2015_multilayer-markov-random-field-models,b57,A comparative study of energy minimization methods for Markov Random Fields,unresolved,,,,"best=crossref:0.88:10.7551/mitpress/8579.003.0013; skipped=semanticscholar,arxiv (rate-limited)",0.0
before,Benedek_2015_multilayer-markov-random-field-models,b61,Survey of clustering algorithms,unresolved,,,,"best=crossref:0.87:10.1201/9781315373515-10; skipped=semanticscholar,arxiv (rate-limited)",0.0
before,Alwan_1988_time-series-modeling-statistical-process,b0,The Analysis of Single and Related Time Series Into Components: Proposals for Improving X-11,unresolved,,,,"best=crossref:0.42:10.1111/j.1467-9892.1990.tb00038.x; skipped=semanticscholar,arxiv (rate-limited)",0.001
before,Alwan_1988_time-series-modeling-statistical-process,b2,"Time Series Analysis, Forecasting and Control",unresolved,,,,"best=crossref:1.00:10.1111/j.1467-9892.2009.00643.x; skipped=semanticscholar,arxiv (rate-limited)",0.001
before,Alwan_1988_time-series-modeling-statistical-process,b3,Some Recent Advances in Forecasting and Control: Part 11,unresolved,,,,"best=crossref:0.92:10.5040/9781666990355.ch-7; skipped=semanticscholar,arxiv (rate-limited)",0.0
before,Alwan_1988_time-series-modeling-statistical-process,b4,"Quality, Productiviry and Competitive Position",unresolved,,,,"best=crossref:0.55:10.14706/icesos177; skipped=semanticscholar,arxiv (rate-limited)",0.001
before,Alwan_1988_time-series-modeling-statistical-process,b6,The Quality Measurement Plan,unresolved,,,,"best=crossref:0.28:10.3403/30136801; skipped=semanticscholar,arxiv (rate-limited)",0.001
before,Alwan_1988_time-series-modeling-statistical-process,b7,The EWMA,unresolved,,,,"best=crossref:0.21:10.7717/peerj.10467/supp-2; skipped=semanticscholar,arxiv (rate-limited)",0.0
before,Alwan_1988_time-series-modeling-statistical-process,b8,Introduction to Statistical Quality Control,unresolved,,,,"best=crossref:0.77:10.1007/978-981-13-1736-1_10; skipped=semanticscholar,arxiv (rate-limited)",0.001
before,Alwan_1988_time-series-modeling-statistical-process,b9,Continuous Inspection Schemes,ambiguous,,crossref,1.0,2 distinct works accepted at crossref,0.0
before,Alwan_1988_time-series-modeling-statistical-process,b10,"Comment on ""The Analysis of Single and Related Time Series Into Components: Proposals for Improving X-11",unresolved,,,,"best=crossref:0.43:10.1111/j.1467-9892.1987.tb00427.x; skipped=semanticscholar,arxiv (rate-limited)",0.002
before,Alwan_1988_time-series-modeling-statistical-process,b11,Economic Control of Quality of Manufactured Product,unresolved,,,,"best=crossref:1.00:10.1002/j.1538-7305.1930.tb00373.x; skipped=semanticscholar,arxiv (rate-limited)",0.0
before,Alwan_1988_time-series-modeling-statistical-process,b13,Modern Methods for Quality Control and Improvement,unresolved,,,,"best=crossref:1.00:10.1080/00401706.1987.10488248; skipped=semanticscholar,arxiv (rate-limited)",0.001
before,Bellettini_2002_total-variation-flow,b1,Functions of bounded variation and free discontinuity problems,unresolved,,,,"best=crossref:0.66:10.1093/oso/9780198502456.003.0003; skipped=semanticscholar,arxiv (rate-limited)",0.001
before,Bellettini_2002_total-variation-flow,b2,Minimizing total variational flow,unresolved,,,,"best=crossref:0.45:10.17559/tv-20130704132725; skipped=semanticscholar,arxiv (rate-limited)",0.0
before,Bellettini_2002_total-variation-flow,b3,The Dirichlet problem for the total variational flow,unresolved,,,,"best=crossref:0.98:10.1007/978-3-0348-7928-6_5; skipped=semanticscholar,arxiv (rate-limited)",0.001
before,Bellettini_2002_total-variation-flow,b4,Qualitative properties of the total variation flow,unresolved,,,,"best=crossref:0.92:10.1080/00036811.2022.2153677; skipped=semanticscholar,arxiv (rate-limited)",0.001
before,Bellettini_2002_total-variation-flow,b12,An L 1theory of existence and uniqueness of solution of nonlinear elliptic equations,unresolved,,,,"best=crossref:0.79:10.22541/au.170670957.79092658/v1; skipped=semanticscholar,arxiv (rate-limited)",0.001
before,Bellettini_2002_total-variation-flow,b13,"Regularizing effects in homogeneous equations, in ''Contributions to Analysis and Geometry",unresolved,,,,"best=crossref:0.65:10.21236/ada086561; skipped=semanticscholar,arxiv (rate-limited)",0.001
before,Bellettini_2002_total-variation-flow,b14,"Completely accretive operators, in ''Semigroups Theory and Evolution Equations",unresolved,,,,"best=crossref:0.57:10.1201/9781003419914-4; skipped=semanticscholar,arxiv (rate-limited)",0.001
before,Bellettini_2002_total-variation-flow,b15,,unresolved,,,,no_title_or_author (nothing to search on),0.0
before,Bellettini_2002_total-variation-flow,b18,,unresolved,,,,no_title_or_author (nothing to search on),0.0
before,Bellettini_2002_total-variation-flow,b19,Nonlinear approximation and the space BV,unresolved,,,,"best=crossref:0.54:10.1353/ajm.1999.0016; skipped=semanticscholar,arxiv (rate-limited)",0.001
before,Bellettini_2002_total-variation-flow,b20,Generation of semigroups of nonlinear transformations on general banach spaces,unresolved,,,,"best=crossref:0.82:10.1016/b978-0-12-775850-3.50010-8; skipped=semanticscholar,arxiv (rate-limited)",0.001
before,Bellettini_2002_total-variation-flow,b21,Denoising via soft-thresholding,unresolved,,,,"best=crossref:0.60:10.3390/app10062191; skipped=semanticscholar,arxiv (rate-limited)",0.001
before,Bellettini_2002_total-variation-flow,b25,Measure Theory and Fine Properties of Functions,unresolved,,,,"best=crossref:1.00:10.1201/b18333-4; skipped=semanticscholar,arxiv (rate-limited)",0.0
before,Bellettini_2002_total-variation-flow,b27,Notions of Convexity,unresolved,,,,"best=crossref:0.40:10.1007/978-0-8176-4585-4_7; skipped=semanticscholar,arxiv (rate-limited)",0.001
before,Bellettini_2002_total-variation-flow,b28,First order quasilinear equations in several independent variables,unresolved,,,,"best=crossref:1.00:10.1070/sm1970v010n02abeh002156; skipped=semanticscholar,arxiv (rate-limited)",0.001
before,Bellettini_2002_total-variation-flow,b31,Le Role des Oscillations Dans Quelques Probl! e ems D'analyse Non-Lin! e eaire,unresolved,,,,"best=crossref:0.33:10.3726/978-3-0352-0326-4/16; skipped=semanticscholar,arxiv (rate-limited)",0.001
before,Bellettini_2002_total-variation-flow,b33,Exact Solutions to Total Variation Regularization problems,unresolved,,,,"best=crossref:0.69:10.1088/1361-6420/ad75b1; skipped=semanticscholar,arxiv (rate-limited)",0.001
before,Bellettini_2002_total-variation-flow,b34,A nonlinear primal-dual method for total variation based image restoration,unresolved,,,,"best=crossref:1.00:10.1137/s1064827596299767; skipped=semanticscholar,arxiv (rate-limited)",0.001
before,Bellettini_2002_total-variation-flow,b35,"Fast total variation based image reconstruction, in ''Proceedings of the",unresolved,,,,"best=crossref:0.81:10.1109/83.679423; skipped=semanticscholar,arxiv (rate-limited)",0.001
before,Bellettini_2002_total-variation-flow,b36,Fast wavelet techniques for near optimal image processing,unresolved,,,,"best=crossref:1.00:10.1109/milcom.1992.244110; skipped=semanticscholar,arxiv (rate-limited)",0.001
before,Bellettini_2002_total-variation-flow,b37,Weakly Differentiable Functions,unresolved,,,,"best=crossref:0.70:10.1016/s0304-0208(08)71448-8; skipped=semanticscholar,arxiv (rate-limited)",0.0
before,Abercrombie_2016_improving-consistency,b1,Global consequences of land use,unresolved,,,,"best=crossref:0.64:10.1016/0264-8377(88)90030-0; skipped=semanticscholar,arxiv (rate-limited)",0.001
before,Abercrombie_2016_improving-consistency,b7,GLOBCOVER: The most detailed portrait of Earth,unresolved,,,,"best=crossref:0.58:10.2307/jj.30297358.32; skipped=semanticscholar,arxiv (rate-limited)",0.0
before,Abercrombie_2016_improving-consistency,b15,Change detection techniques,unresolved,,,,"best=crossref:0.56:10.33915/etd.10458; skipped=semanticscholar,arxiv (rate-limited)",0.001
before,Abercrombie_2016_improving-consistency,b16,Bayesian classification in a time-varying environment,unresolved,,,,"best=crossref:1.00:10.1109/tsmc.1978.4309889; skipped=semanticscholar,arxiv (rate-limited)",0.001
before,Abercrombie_2016_improving-consistency,b26,"First operational BRDF, albedo nadir reflectance products from MODIS",unresolved,,,,"best=crossref:0.68:10.1016/j.rse.2015.12.033; skipped=semanticscholar,arxiv (rate-limited)",0.001
before,Abercrombie_2016_improving-consistency,b27,5: Programs for Machine Learning,unresolved,,,,"best=crossref:0.47:10.1023/a:1010924021315; skipped=semanticscholar,arxiv (rate-limited)",0.001
before,Abercrombie_2016_improving-consistency,b28,A tutorial On hidden Markov models and selected applications in speech recognition,ambiguous,,crossref,1.0,2 distinct works accepted at crossref,0.001
before,Abercrombie_2016_improving-consistency,b29,Use of hidden Markov models and phenology for multitemporal satellite image classification: Applications to mountain veg,unresolved,,,,no_title_or_author (nothing to search on),0.0
before,Abercrombie_2016_improving-consistency,b30,Time-series analysis of satellite images for forest cover change monitoring in Tanzania,unresolved,,,,"best=crossref:0.52:10.18174/649013; skipped=semanticscholar,arxiv (rate-limited)",0.001
before,Abercrombie_2016_improving-consistency,b31,Pattern Recognition and Machine Learning,unresolved,,,,"best=none:0.00:-; skipped=semanticscholar,arxiv (rate-limited)",0.0
before,Abercrombie_2016_improving-consistency,b32,Completion of the 2006 national land cover database for the conterminous united states,unresolved,,,,"best=crossref:0.57:10.1007/s00267-010-9536-9; skipped=semanticscholar,arxiv (rate-limited)",0.001
before,Abercrombie_2016_improving-consistency,b33,The IGBP DISCover confidence sites and the system for terrestrial ecosystem parameterization: Tools for validating globa,unresolved,,,,"best=crossref:0.35:10.1080/014311697217099; skipped=semanticscholar,arxiv (rate-limited)",0.002
before,Abercrombie_2016_improving-consistency,b34,Project PRODES: Monitoring the Brazilian amazon forests by satellite,unresolved,,,,no_title_or_author (nothing to search on),0.0
before,Abercrombie_2016_improving-consistency,b38,A gentle tutorial of the EM algorithm and its application to parameter estimation for Gaussian mixture and hidden Markov,unresolved,,,,"best=crossref:0.56:10.31979/etd.8sxr-8wj6; skipped=semanticscholar,arxiv (rate-limited)",0.001
before,Efron_2004_estimation-prediction-error-covariance,b0,Information Theory and an Extension of the Maximum Likelihood Principle,unresolved,,,,"best=crossref:1.00:10.1007/978-1-4612-0919-5_38; skipped=semanticscholar,arxiv (rate-limited)",0.001
before,Efron_2004_estimation-prediction-error-covariance,b3,Improvements on Cross-Validation: The 632+ Bootstrap Method,ambiguous,,crossref,1.0,2 distinct works accepted at crossref,0.0
before,Efron_2004_estimation-prediction-error-covariance,b4,,unresolved,,,,no_title_or_author (nothing to search on),0.0
before,Efron_2004_estimation-prediction-error-covariance,b5,,unresolved,,,,no_title_or_author (nothing to search on),0.0
before,Efron_2004_estimation-prediction-error-covariance,b6,"Asymptotic Optimality for C p , C L , Cross-Validation and Generalized Cross-Validation: Discrete Index Set",unresolved,,,,"best=crossref:1.00:10.1214/aos/1176350486; skipped=semanticscholar,arxiv (rate-limited)",0.002
before,Efron_2004_estimation-prediction-error-covariance,b7,Some Comments on C p,unresolved,,,,"best=crossref:0.79:10.5194/os-2017-16-rc1; skipped=semanticscholar,arxiv (rate-limited)",0.0
before,Efron_2004_estimation-prediction-error-covariance,b8,Convex Analysis,unresolved,,,,"best=crossref:0.55:10.1142/9789812777096_0002; skipped=semanticscholar,arxiv (rate-limited)",0.0
before,Efron_2004_estimation-prediction-error-covariance,b10,Adaptive Model Selection,unresolved,,,,"best=crossref:0.62:10.3724/sp.j.1001.2008.01212; skipped=semanticscholar,arxiv (rate-limited)",0.001
before,Conley_1999_gmm-estimation-cross-sectional,b0,The Geometry of Random Fields,unresolved,,,,"best=crossref:0.47:10.1137/1.9780898718980.ch1; skipped=semanticscholar,arxiv (rate-limited)",0.001
before,Conley_1999_gmm-estimation-cross-sectional,b1,Advanced Econometrics,unresolved,,,,"best=crossref:0.74:10.1093/0198774478.001.0001.002.002; skipped=semanticscholar,arxiv (rate-limited)",0.001
before,Conley_1999_gmm-estimation-cross-sectional,b4,Economic growth in a cross section of countries,unresolved,,,,"best=crossref:1.00:10.3386/w3120; skipped=semanticscholar,arxiv (rate-limited)",0.001
before,Conley_1999_gmm-estimation-cross-sectional,b8,"Economic distance, spillovers, and growth",unresolved,,,,"best=crossref:0.66:10.4337/9781782543190.00009; skipped=semanticscholar,arxiv (rate-limited)",0.0
before,Conley_1999_gmm-estimation-cross-sectional,b9,Spatial patterns in labor markets: Malaysian development,unresolved,,,,"best=crossref:0.57:10.37473/dac/10.1038/s41467-021-22086-3; skipped=semanticscholar,arxiv (rate-limited)",0.002
before,Conley_1999_gmm-estimation-cross-sectional,b10,Statistics for Spatial Data,unresolved,,,,"best=crossref:1.00:10.1002/9781119115151.ch1; skipped=semanticscholar,arxiv (rate-limited)",0.0
before,Conley_1999_gmm-estimation-cross-sectional,b11,An Introduction to the Theory of Point Processes,unresolved,,,,"best=crossref:0.89:10.1007/0-387-21564-6_5; skipped=semanticscholar,arxiv (rate-limited)",0.001
before,Conley_1999_gmm-estimation-cross-sectional,b12,Spatial correlations in panel data,unresolved,,,,"best=crossref:1.00:10.1596/1813-9450-1553; skipped=semanticscholar,arxiv (rate-limited)",0.001
before,Conley_1999_gmm-estimation-cross-sectional,b13,Spatial correlations and cross-country regressions,unresolved,,,,"best=crossref:0.65:10.1111/j.1753-0237.2010.00177.x; skipped=semanticscholar,arxiv (rate-limited)",0.001
before,Conley_1999_gmm-estimation-cross-sectional,b15,Estimation d'un Champ par Pseudo-Vraisemblance Conditionnelle: Etude Asymptotic et Application au Cas Markovien,unresolved,,,,"best=crossref:0.51:10.70675/85015a76zbfacz48bez8ba4z4c04b6a77553; skipped=semanticscholar,arxiv (rate-limited)",0.001
before,Conley_1999_gmm-estimation-cross-sectional,b16,On the nonparametric estimation of covariance functions,unresolved,,,,"best=crossref:1.00:10.1214/aos/1176325774; skipped=semanticscholar,arxiv (rate-limited)",0.001
before,Conley_1999_gmm-estimation-cross-sectional,b19,Lecture notes on large sample theory,unresolved,,,,"best=crossref:0.69:10.1007/978-1-4612-2660-4_4; skipped=semanticscholar,arxiv (rate-limited)",0.001
before,Conley_1999_gmm-estimation-cross-sectional,b20,Econometric evaluation of asset pricing models,unresolved,,,,"best=crossref:1.00:10.2139/ssrn.5360147; skipped=semanticscholar,arxiv (rate-limited)",0.0
before,Conley_1999_gmm-estimation-cross-sectional,b21,Independent and Stationary Sequences of Random Variables,unresolved,,,,"best=crossref:1.00:10.2139/ssrn.331100; skipped=semanticscholar,arxiv (rate-limited)",0.001
before,Conley_1999_gmm-estimation-cross-sectional,b22,Particulate pollution trends in the 1980's. Columbia University,unresolved,,,,"best=crossref:0.55:10.24124/2005/bpgub314; skipped=semanticscholar,arxiv (rate-limited)",0.001
before,Conley_1999_gmm-estimation-cross-sectional,b23,A generalized moments estimator for the autoregressive parameter in a spatial model,unresolved,,,,"best=crossref:1.00:10.1111/1468-2354.00027; skipped=semanticscholar,arxiv (rate-limited)",0.002
before,Conley_1999_gmm-estimation-cross-sectional,b24,,unresolved,,,,no_title_or_author (nothing to search on),0.0
before,Conley_1999_gmm-estimation-cross-sectional,b26,"Large Sample Estimation and Hypothesis Testing, Handbook of Econometrics",unresolved,,,,"best=crossref:0.72:10.1016/s1573-4412(05)80005-4; skipped=semanticscholar,arxiv (rate-limited)",0.001
before,Conley_1999_gmm-estimation-cross-sectional,b27,"A simple, positive semi-de""nite, heteroskedasticity and autocorrelation consistent covariance matrix",ambiguous,,crossref,0.9848,2 distinct works accepted at crossref,0.001
before,Conley_1999_gmm-estimation-cross-sectional,b28,Spectral Analysis and Time Series vols. I and II,unresolved,,,,"best=crossref:0.53:10.2307/j.ctv14jx6sm.9; skipped=semanticscholar,arxiv (rate-limited)",0.001
before,Conley_1999_gmm-estimation-cross-sectional,b29,International patterns in growth: I. Persistence in Cross-country Disparities. Working paper,unresolved,,,,"best=crossref:0.60:10.21642/gtap.wp34; skipped=semanticscholar,arxiv (rate-limited)",0.001
before,Conley_1999_gmm-estimation-cross-sectional,b31,"Wages, rent, and the quality of life",unresolved,,,,"best=crossref:0.83:10.2139/ssrn.6463241; skipped=semanticscholar,arxiv (rate-limited)",0.0
before,Conley_1999_gmm-estimation-cross-sectional,b34,Asymptotic Theory for Econometricians,unresolved,,,,"best=crossref:1.00:10.1016/c2009-0-21869-1; skipped=semanticscholar,arxiv (rate-limited)",0.001
before,Guo_2018_redeveloping-urban-forest-effect,b1,Urban Morphology Drives the Homogenization of Tree Cover,unresolved,,,0.7832167832167832,"doi_title_contained (ratio 0.78 < 0.85; registry title 'Urban Morphology Drives the Homogenization of Tree Cover in Baltimore,'; contained 8 words, 0.64 of the longer)",0.001
before,Guo_2018_redeveloping-urban-forest-effect,b2,"Trees in relation to design, demolition and construction -Recommendations",unresolved,,,,no_title_or_author (nothing to search on),0.0
before,Guo_2018_redeveloping-urban-forest-effect,b5,Tending their urban forest: Residents' motivations for tree planting and removal. Urban Forestry and Urban Greening,unresolved,,,0.8167539267015707,"doi_title_contained (ratio 0.82 < 0.85; registry title 'Tending their urban forest: Residents’ motivations for tree planting a'; contained 11 words, 0.70 of the longer)",0.0
before,Guo_2018_redeveloping-urban-forest-effect,b9,The R book,unresolved,,,,"best=crossref:0.50:10.1093/oseo/instance.00297332; skipped=semanticscholar,arxiv (rate-limited)",0.001
before,Guo_2018_redeveloping-urban-forest-effect,b13,ArcGIS desktop,unresolved,,,,"best=crossref:0.65:10.46927/pasisiguri; skipped=semanticscholar,arxiv (rate-limited)",0.0
before,Guo_2018_redeveloping-urban-forest-effect,b14,Best Management Practices (BMP) -Managing Trees During Construction,unresolved,,,,"best=crossref:0.45:10.7717/peerj.7093/fig-1; skipped=semanticscholar,arxiv (rate-limited)",0.001
before,Guo_2018_redeveloping-urban-forest-effect,b21,An introduction to statistical learning,unresolved,,,,"best=crossref:0.64:10.1016/b978-0-12-802121-7.00012-1; skipped=semanticscholar,arxiv (rate-limited)",0.001
before,Guo_2018_redeveloping-urban-forest-effect,b23,"Drivers of diversity and tree cover in gardens, parks and streetscapes in an Australian city. Urban Forestry and Urban G",unresolved,,,0.8425925925925926,"doi_title_contained (ratio 0.84 < 0.85; registry title 'Drivers of diversity and tree cover in gardens, parks and streetscapes'; contained 15 words, 0.73 of the longer)",0.0
before,Guo_2018_redeveloping-urban-forest-effect,b26,"Factors influencing long-term street tree survival in Milwaukee, WI, USA. Urban Forestry and Urban Greening",unresolved,,,0.8045977011494253,"doi_title_contained (ratio 0.80 < 0.85; registry title 'Factors influencing long-term street tree survival in Milwaukee, WI, U'; contained 11 words, 0.67 of the longer)",0.001
before,Guo_2018_redeveloping-urban-forest-effect,b27,Spatiotemporal patterns of tree canopy cover and socioeconomics in Melbourne. Urban Forestry and Urban Greening,unresolved,,,0.8172043010752689,"doi_title_contained (ratio 0.82 < 0.85; registry title 'Spatiotemporal patterns of tree canopy cover and socioeconomics in Mel'; contained 10 words, 0.69 of the longer)",0.0
before,Guo_2018_redeveloping-urban-forest-effect,b28,Spatial and Temporal Patterns Associated with Permitted Tree Removal,unresolved,,,0.8395061728395061,"doi_title_contained (ratio 0.84 < 0.85; registry title 'Spatial and Temporal Patterns Associated with Permitted Tree Removal i'; contained 9 words, 0.72 of the longer)",0.001
before,Guo_2018_redeveloping-urban-forest-effect,b33,Million trees Los Angeles canopy cover and benefit assessment. Landscape and Urban Planning,unresolved,,,0.8079470198675497,"doi_title_contained (ratio 0.81 < 0.85; registry title 'Million trees Los Angeles canopy cover and benefit assessment'; contained 9 words, 0.68 of the longer)",0.0
before,Guo_2018_redeveloping-urban-forest-effect,b34,rpart. plot: Plot rpart Models. An Enhanced Version of plot.rpart. R package Morgenroth,unresolved,,,,"best=crossref:0.86:10.32614/cran.package.rpart.plot; skipped=semanticscholar,arxiv (rate-limited)",0.001
before,Guo_2018_redeveloping-urban-forest-effect,b37,A Guideline for Tree and Bush Protection on Development Sites,unresolved,,,,no_title_or_author (nothing to search on),0.0
before,Guo_2018_redeveloping-urban-forest-effect,b39,Tree and impervious cover change in U.S. cities. Urban Forestry and Urban Greening,unresolved,,,0.7301587301587301,doi_title_mismatch (ratio 0.73 < 0.85; registry title 'Tree and impervious cover change in U.S. cities'),0.001
before,Guo_2018_redeveloping-urban-forest-effect,b47,R: A language and environment for statistical computing,unresolved,,,,"best=crossref:1.00:10.32614/r.manuals; skipped=semanticscholar,arxiv (rate-limited)",0.001
before,Guo_2018_redeveloping-urban-forest-effect,b52,The re-emergence of indigenous forest in an urban environment,unresolved,,,0.8299319727891157,"doi_title_contained (ratio 0.83 < 0.85; registry title 'The re-emergence of indigenous forest in an urban environment, Christc'; contained 10 words, 0.71 of the longer)",0.0
before,Guo_2018_redeveloping-urban-forest-effect,b54,rpart: Recursive Partitioning and Regression Trees. R package version,unresolved,,,,"best=crossref:0.84:10.32614/cran.package.rpart; skipped=semanticscholar,arxiv (rate-limited)",0.001
before,Chrisman_1982_theory-cartographic-error-measurement,b1,An analysis of the effects of temperature and humidity on a variety of drawing media,unresolved,,,,"best=crossref:0.36:10.3998/mpub.14477325.cmp.118; skipped=semanticscholar,arxiv (rate-limited)",0.001
before,Chrisman_1982_theory-cartographic-error-measurement,b2,,unresolved,,,,no_title_or_author (nothing to search on),0.0
before,Chrisman_1982_theory-cartographic-error-measurement,b3,Methods of spatial analysis based on error in categorical maps,unresolved,,,,"best=crossref:0.59:10.1201/b12612-12; skipped=semanticscholar,arxiv (rate-limited)",0.001
before,Chrisman_1982_theory-cartographic-error-measurement,b4,Topological principles in cartography: Proceedings AUTO-CARTO II,unresolved,,,,"best=crossref:0.28:10.1559/152304005775194809; skipped=semanticscholar,arxiv (rate-limited)",0.001
before,Chrisman_1982_theory-cartographic-error-measurement,b6,Statistical methods for rates and proportions,unresolved,,,,"best=crossref:1.00:10.1002/9781118445112.stat03896; skipped=semanticscholar,arxiv (rate-limited)",0.0
before,Chrisman_1982_theory-cartographic-error-measurement,b7,"Ordnance Survey maps; a descriptive manual, Southampton""! Ordnance Survey ~~",unresolved,,,,"best=crossref:0.75:10.2307/1796510; skipped=semanticscholar,arxiv (rate-limited)",0.001
before,Chrisman_1982_theory-cartographic-error-measurement,b8,Specifications for Land Use and Land Cover and Associated Maps: Open File Number 77-555,unresolved,,,,"best=crossref:0.84:10.3133/ofr77555; skipped=semanticscholar,arxiv (rate-limited)",0.001
before,Chrisman_1982_theory-cartographic-error-measurement,b9,"GIRAS, a geographic information retrieval and analysis system for handling land use and land cover data: U.S. Geological",unresolved,,,,"best=crossref:0.83:10.3133/pp1059; skipped=semanticscholar,arxiv (rate-limited)",0.001
before,Chrisman_1982_theory-cartographic-error-measurement,b10,On epsilon length,unresolved,,,,"best=crossref:0.34:10.1021/acs.nanolett.8b04182.s001; skipped=semanticscholar,arxiv (rate-limited)",0.0
before,Chrisman_1982_theory-cartographic-error-measurement,b11,On the length of empirical curves: Discussion paper 10,unresolved,,,,"best=crossref:0.47:10.21034/dp.75; skipped=semanticscholar,arxiv (rate-limited)",0.001
before,Chrisman_1982_theory-cartographic-error-measurement,b12,A theory of the cartographic line,unresolved,,,,"best=crossref:0.64:10.31979/etd.vpw4-acfs; skipped=semanticscholar,arxiv (rate-limited)",0.0
before,Chrisman_1982_theory-cartographic-error-measurement,b13,A current view of the National Map Accuracy Standards: Surveying and Mapping,unresolved,,,,"best=crossref:0.63:10.4135/9781412953962.n141; skipped=semanticscholar,arxiv (rate-limited)",0.001
before,Chrisman_1982_theory-cartographic-error-measurement,b14,,unresolved,,,,no_title_or_author (nothing to search on),0.0
before,Foody_2010_assessing-accuracy-land-cover-change,b14,Comparison of a screening test and a reference test in epidemiologic studies. I Indices of agreement and their relations,unresolved,,,,"best=crossref:0.72:10.1093/oxfordjournals.aje.a120609; skipped=semanticscholar,arxiv (rate-limited)",0.001
before,Foody_2010_assessing-accuracy-land-cover-change,b17,Land cover mapping of large areas from satellites: Status and research priorities,ambiguous,,crossref,1.0,2 distinct works accepted at crossref,0.002
before,Foody_2010_assessing-accuracy-land-cover-change,b18,What is land cover? Environment and Planning B,unresolved,,,,"best=crossref:0.57:10.1068/b31135; skipped=semanticscholar,arxiv (rate-limited)",0.001
before,Foody_2010_assessing-accuracy-land-cover-change,b19,Using spatial auto-correlation analysis to explore the errors in maps generated from remotely sensed data,unresolved,,,,"best=crossref:0.64:10.1201/b19355-47; skipped=semanticscholar,arxiv (rate-limited)",0.001
before,Foody_2010_assessing-accuracy-land-cover-change,b21,Assessing the accuracy of remotely sensed data: Principles and practices,unresolved,,,,"best=crossref:0.38:10.1201/9781420055139-12; skipped=semanticscholar,arxiv (rate-limited)",0.001
before,Foody_2010_assessing-accuracy-land-cover-change,b23,Carbon emissions from tropical deforestation and regrowth based on satellite observations for the 1980s and,unresolved,,,,"best=crossref:0.97:10.1073/pnas.182560099; skipped=semanticscholar,arxiv (rate-limited)",0.001
before,Foody_2010_assessing-accuracy-land-cover-change,b25,Latent class analysis of human herpesvirus 8 assay performance and infection prevalence in sub-saharan Africa and Malta,ambiguous,,crossref,1.0,2 distinct works accepted at crossref,0.002
before,Foody_2010_assessing-accuracy-land-cover-change,b31,Status of land cover classification accuracy assessment. Remote Sensing of Environment,unresolved,,,,"best=crossref:0.79:10.1016/s0034-4257(01)00295-4; skipped=semanticscholar,arxiv (rate-limited)",0.001
before,Foody_2010_assessing-accuracy-land-cover-change,b38,Comparison of a screening test and a reference test in epidemiologic studies: II a probabilistic model for the compariso,unresolved,,,,"best=crossref:0.70:10.1093/oxfordjournals.aje.a120609; skipped=semanticscholar,arxiv (rate-limited)",0.002
before,Foody_2010_assessing-accuracy-land-cover-change,b41,Diagnostic test analyses in search of their gold standard: latent class analysis with random effects,ambiguous,,crossref,0.9899,2 distinct works accepted at crossref,0.001
before,Foody_2010_assessing-accuracy-land-cover-change,b43,Some issues in resolution of diagnostic tests using an imperfect gold standard,unresolved,,,,"best=crossref:1.00:10.1002/sim.819.abs; skipped=semanticscholar,arxiv (rate-limited)",0.002
before,Foody_2010_assessing-accuracy-land-cover-change,b46,Evaluation of diagnostic tests without gold standards,ambiguous,,crossref,1.0,2 distinct works accepted at crossref,0.001
before,Foody_2010_assessing-accuracy-land-cover-change,b52,Accuracy assessment of remote sensing-derived change detection,unresolved,,,,no_title_or_author (nothing to search on),0.0
before,Foody_2010_assessing-accuracy-land-cover-change,b54,Measuring the accuracy of species distribution models: a review,unresolved,,,,"best=crossref:0.57:10.7287/peerj.9246v0.2/reviews/1; skipped=semanticscholar,arxiv (rate-limited)",0.001
before,Foody_2010_assessing-accuracy-land-cover-change,b58,Latent class models,unresolved,,,,"best=crossref:1.00:10.1007/978-1-4757-5644-9_9; skipped=semanticscholar,arxiv (rate-limited)",0.0
before,Foody_2010_assessing-accuracy-land-cover-change,b72,A model for evaluating sensitivity and specificity for correlated diagnostic tests in efficacy studies with an imperfect,ambiguous,,crossref,1.0,2 distinct works accepted at crossref,0.002
before,Foody_2010_assessing-accuracy-land-cover-change,b76,The use of latent class analysis in medical diagnosis,unresolved,,,,"best=crossref:1.00:10.1142/9789814329804_0014; skipped=semanticscholar,arxiv (rate-limited)",0.001
before,Foody_2010_assessing-accuracy-land-cover-change,b82,"Sensitivity, specificity and predictive value",unresolved,,,,"best=crossref:1.00:10.53347/rid-94132; skipped=semanticscholar,arxiv (rate-limited)",0.0
before,Foody_2010_assessing-accuracy-land-cover-change,b87,Global Land Cover Validation: Recommendations for Evaluation and Accuracy Assessment of Global Land Cover Maps,unresolved,,,,"best=crossref:0.51:10.4095/220024; skipped=semanticscholar,arxiv (rate-limited)",0.002
before,Foody_2010_assessing-accuracy-land-cover-change,b90,Land cover,unresolved,,,,"best=crossref:0.43:10.1787/888933484623; skipped=semanticscholar,arxiv (rate-limited)",0.0
before,Foody_2010_assessing-accuracy-land-cover-change,b91,Remote-sensing for mapping and monitoring land-cover and land-use change-An introduction,unresolved,,,,"best=crossref:0.42:10.1201/b19322-36; skipped=semanticscholar,arxiv (rate-limited)",0.001
before,Foody_2010_assessing-accuracy-land-cover-change,b100,Log-linear models for event histories,unresolved,,,,"best=crossref:1.00:10.1080/00401706.1998.10485510; skipped=semanticscholar,arxiv (rate-limited)",0.001
before,Foody_2010_assessing-accuracy-land-cover-change,b103,Classification algorithms-Where next?,unresolved,,,,"best=crossref:0.49:10.1017/cbo9780511574931.024; skipped=semanticscholar,arxiv (rate-limited)",0.0
before,Besag_1974_spatial-interaction-statistical-analysis,b0,On a method of describing complete parameter fields,unresolved,,,,"best=crossref:0.55:10.1061/41064(358)268; skipped=semanticscholar,arxiv (rate-limited)",0.001
before,Besag_1974_spatial-interaction-statistical-analysis,b1,An Introduction to Stochastic Processes,unresolved,,,,"best=crossref:0.96:10.1142/9789819833788_0001; skipped=semanticscholar,arxiv (rate-limited)",0.001
before,Besag_1974_spatial-interaction-statistical-analysis,b2,Inference and stochastic processes,unresolved,,,,no_title_or_author (nothing to search on),0.0
before,Besag_1974_spatial-interaction-statistical-analysis,b3,A further note on nearest neighbour models,unresolved,,,,no_title_or_author (nothing to search on),0.0
before,Besag_1974_spatial-interaction-statistical-analysis,b4,Physical nearest-neighbour models and non-linear time series,unresolved,,,,no_title_or_author (nothing to search on),0.0
before,Besag_1974_spatial-interaction-statistical-analysis,b5,Two-dimensional nearest-neighbour systems and their ecological applications,unresolved,,,,"best=crossref:0.62:10.1007/978-3-642-79917-4_9; skipped=semanticscholar,arxiv (rate-limited)",0.001
before,Besag_1974_spatial-interaction-statistical-analysis,b6,The statistical analysis of spatial pattern,unresolved,,,,no_title_or_author (nothing to search on),0.0
before,Besag_1974_spatial-interaction-statistical-analysis,b7,Correlation properties of some nearest-neighbour models,unresolved,,,,"best=crossref:0.57:10.2139/ssrn.7276484; skipped=semanticscholar,arxiv (rate-limited)",0.001
before,Besag_1974_spatial-interaction-statistical-analysis,b8,Relation of the variability of yields of fruit trees to the accuracy of field trials,unresolved,,,,"best=crossref:0.60:10.3733/hilg.v07n02p081; skipped=semanticscholar,arxiv (rate-limited)",0.002
before,Besag_1974_spatial-interaction-statistical-analysis,b10,On the correlation structure of some two-dimensional stationary processes,unresolved,,,,no_title_or_author (nothing to search on),0.0
before,Besag_1974_spatial-interaction-statistical-analysis,b11,On the statistical analysis ofnearest-neighbour systems,unresolved,,,,no_title_or_author (nothing to search on),0.0
before,Besag_1974_spatial-interaction-statistical-analysis,b12,On the distinction between the conditional probability and the joint probability approaches in the specification of near,ambiguous,,crossref,1.0,2 distinct works accepted at crossref,0.002
before,Besag_1974_spatial-interaction-statistical-analysis,b13,Point density in stems per acre,unresolved,,,,"best=crossref:0.63:10.4324/9780080575469-10; skipped=semanticscholar,arxiv (rate-limited)",0.0
before,Besag_1974_spatial-interaction-statistical-analysis,b14,An application of the Poisson distribution,unresolved,,,,"best=crossref:0.91:10.1007/springerreference_205530; skipped=semanticscholar,arxiv (rate-limited)",0.001
before,Besag_1974_spatial-interaction-statistical-analysis,b16,Analysis of Binary Data,unresolved,,,,"best=crossref:1.00:10.1007/springerreference_60769; skipped=semanticscholar,arxiv (rate-limited)",0.0
before,Besag_1974_spatial-interaction-statistical-analysis,b17,The analysis of multivariate binary data,unresolved,,,,no_title_or_author (nothing to search on),0.0
before,Besag_1974_spatial-interaction-statistical-analysis,b18,An Introduction to Probability Theory and its Applications,unresolved,,,,"best=crossref:0.65:10.1007/0-8176-4463-6_1; skipped=semanticscholar,arxiv (rate-limited)",0.001
before,Besag_1974_spatial-interaction-statistical-analysis,b19,Spread of disease in a rectangular plantation with vacancies,ambiguous,,crossref,0.9917,2 distinct works accepted at crossref,0.001
before,Besag_1974_spatial-interaction-statistical-analysis,b20,,unresolved,,,,no_title_or_author (nothing to search on),0.0
before,Besag_1974_spatial-interaction-statistical-analysis,b21,"Quantitative Plant Ecology, 2nd ed",unresolved,,,,"best=crossref:0.88:10.1093/forestscience/4.2.127; skipped=semanticscholar,arxiv (rate-limited)",0.0
before,Besag_1974_spatial-interaction-statistical-analysis,b23,Markov fields on finite graphs and lattices,unresolved,,,,"best=crossref:0.55:10.1090/conm/001/03; skipped=semanticscholar,arxiv (rate-limited)",0.001
before,Besag_1974_spatial-interaction-statistical-analysis,b24,Exact tests for serial correlation,ambiguous,,crossref,1.0,2 distinct works accepted at crossref,0.0
before,Besag_1974_spatial-interaction-statistical-analysis,b25,An exact test for correlation between time series,unresolved,,,,no_title_or_author (nothing to search on),0.0
before,Besag_1974_spatial-interaction-statistical-analysis,b26,The Advanced Theory of Statistics,unresolved,,,,"best=crossref:0.69:10.1214/aoms/1177730504; skipped=semanticscholar,arxiv (rate-limited)",0.001
before,Besag_1974_spatial-interaction-statistical-analysis,b27,Chaines doubles de Markoff et fonctions aleatoires de deux variables,unresolved,,,,"best=crossref:0.53:10.1515/dema-1978-0421; skipped=semanticscholar,arxiv (rate-limited)",0.003
before,Besag_1974_spatial-interaction-statistical-analysis,b28,"Statistical study of the distribution of scattered villages in two regions of the Tonami plain, Toyami prefecture",unresolved,,,,"best=crossref:0.65:10.4157/grj.7.459; skipped=semanticscholar,arxiv (rate-limited)",0.001
before,Besag_1974_spatial-interaction-statistical-analysis,b30,A mathematical model for the estimation of interplant competition,unresolved,,,,no_title_or_author (nothing to search on),0.0
before,Besag_1974_spatial-interaction-statistical-analysis,b31,Measurement of competition between individual plants in a population,unresolved,,,,no_title_or_author (nothing to search on),0.0
before,Besag_1974_spatial-interaction-statistical-analysis,b32,Models for interplant competition in irregularly distributed populations,unresolved,,,,no_title_or_author (nothing to search on),0.0
before,Besag_1974_spatial-interaction-statistical-analysis,b33,The experimental error of field trials,unresolved,,,,"best=crossref:0.92:10.33915/agnic.189; skipped=semanticscholar,arxiv (rate-limited)",0.0
before,Besag_1974_spatial-interaction-statistical-analysis,b34,A Gaussian Markovian process on a square lattice,ambiguous,,crossref,1.0,2 distinct works accepted at crossref,0.001
before,Besag_1974_spatial-interaction-statistical-analysis,b35,Necessary conditions for Markovian processes on a lattice,unresolved,,,,no_title_or_author (nothing to search on),0.0
before,Besag_1974_spatial-interaction-statistical-analysis,b37,Estimation methods for models of spatial interaction,unresolved,,,,"best=crossref:0.68:10.1007/s43071-021-00016-1; skipped=semanticscholar,arxiv (rate-limited)",0.001
before,Besag_1974_spatial-interaction-statistical-analysis,b38,Transportation Networks and the Irish Economy,unresolved,,,,"best=crossref:0.41:10.1002/9781394188789.ch8; skipped=semanticscholar,arxiv (rate-limited)",0.001
before,Besag_1974_spatial-interaction-statistical-analysis,b39,The goodness of fit of frequency distributions obtained from stochastic processes,ambiguous,,crossref,1.0,2 distinct works accepted at crossref,0.001
before,Besag_1974_spatial-interaction-statistical-analysis,b40,Principles of Regression Analysis,unresolved,,,,"best=crossref:0.73:10.1017/9781108779197.026; skipped=semanticscholar,arxiv (rate-limited)",0.001
before,Besag_1974_spatial-interaction-statistical-analysis,b41,Generalised Gibbs states and Markov random fields,unresolved,,,,"best=crossref:0.86:10.1017/cbo9780511897122.002; skipped=semanticscholar,arxiv (rate-limited)",0.0
before,Besag_1974_spatial-interaction-statistical-analysis,b43,On the foundations of combinatorial theory,unresolved,,,,"best=crossref:0.61:10.1006/jcta.2000.3110; skipped=semanticscholar,arxiv (rate-limited)",0.001
before,Besag_1974_spatial-interaction-statistical-analysis,b46,On stationary processes in the plane,unresolved,,,,"best=crossref:1.00:10.2307/2333459; skipped=semanticscholar,arxiv (rate-limited)",0.0
before,Besag_1974_spatial-interaction-statistical-analysis,b47,Stochasticprocesses in severaldimensions,unresolved,,,,no_title_or_author (nothing to search on),0.0
before,Besag_1974_spatial-interaction-statistical-analysis,b48,Experimental designs for serially correlated observations,ambiguous,,crossref,1.0,2 distinct works accepted at crossref,0.001
before,Walton_2008_difficulties-estimating-city-wide-urban,b1,Development of a 2001 National Land Cover Database for the United States,unresolved,,,,"best=crossref:0.58:10.3133/70046118; skipped=semanticscholar,arxiv (rate-limited)",0.0
before,Walton_2008_difficulties-estimating-city-wide-urban,b2,Completion of the 2001 National Land Cover Database for the Coterminous United States,unresolved,,,,"best=crossref:0.57:10.3133/70046118; skipped=semanticscholar,arxiv (rate-limited)",0.001
before,Walton_2008_difficulties-estimating-city-wide-urban,b3,A strategy for estimating tree canopy density using Landsat 7 ETM+ and high-resolution images over large areas,unresolved,,,,"best=crossref:0.48:10.4095/220054; skipped=semanticscholar,arxiv (rate-limited)",0.001
before,Walton_2008_difficulties-estimating-city-wide-urban,b5,Understanding the structure of urban forests,unresolved,,,,"best=crossref:1.00:10.1201/b21179-11; skipped=semanticscholar,arxiv (rate-limited)",0.001
before,Walton_2008_difficulties-estimating-city-wide-urban,b7,R: a language and environment for statistical computing,unresolved,,,,"best=crossref:1.00:10.32614/r.manuals; skipped=semanticscholar,arxiv (rate-limited)",0.001
before,Walton_2008_difficulties-estimating-city-wide-urban,b8,An investigation of national tree canopy assessments applied to urban forestry,unresolved,,,,"best=crossref:0.43:10.1016/j.ufug.2024.128331; skipped=semanticscholar,arxiv (rate-limited)",0.003
before,Page_1954_continuous-inspection-schemes,b0,,unresolved,,,,no_title_or_author (nothing to search on),0.0
before,Page_1954_continuous-inspection-schemes,b1,,unresolved,,,,no_title_or_author (nothing to search on),0.0
before,Page_1954_continuous-inspection-schemes,b2,,unresolved,,,,no_title_or_author (nothing to search on),0.0
before,Page_1954_continuous-inspection-schemes,b3,,unresolved,,,,no_title_or_author (nothing to search on),0.0
before,Page_1954_continuous-inspection-schemes,b4,,unresolved,,,,no_title_or_author (nothing to search on),0.0
before,Page_1954_continuous-inspection-schemes,b5,,unresolved,,,,no_title_or_author (nothing to search on),0.0
before,Page_1954_continuous-inspection-schemes,b6,Proc. Camb,unresolved,,,,"best=crossref:0.20:10.1017/s0305004116000220; skipped=semanticscholar,arxiv (rate-limited)",0.001
before,Page_1954_continuous-inspection-schemes,b7,,unresolved,,,,no_title_or_author (nothing to search on),0.0
before,Page_1954_continuous-inspection-schemes,b8,,unresolved,,,,no_title_or_author (nothing to search on),0.0
before,Page_1954_continuous-inspection-schemes,b9,,unresolved,,,,no_title_or_author (nothing to search on),0.0
before,Page_1954_continuous-inspection-schemes,b10,,unresolved,,,,no_title_or_author (nothing to search on),0.0
before,Page_1954_continuous-inspection-schemes,b11,Quality Control and Industrial Statistics,unresolved,,,,"best=crossref:1.00:10.2307/2347108; skipped=semanticscholar,arxiv (rate-limited)",0.0
before,Page_1954_continuous-inspection-schemes,b12,,unresolved,,,,no_title_or_author (nothing to search on),0.0
before,Page_1954_continuous-inspection-schemes,b13,,unresolved,,,,no_title_or_author (nothing to search on),0.0
before,Page_1954_continuous-inspection-schemes,b14,,unresolved,,,,no_title_or_author (nothing to search on),0.0
before,Page_1954_continuous-inspection-schemes,b15,,unresolved,,,,no_title_or_author (nothing to search on),0.0
before,Page_1954_continuous-inspection-schemes,b16,Proc. Camb,unresolved,,,,"best=crossref:0.20:10.1017/s0305004116000220; skipped=semanticscholar,arxiv (rate-limited)",0.001
before,Page_1954_continuous-inspection-schemes,b17,,unresolved,,,,no_title_or_author (nothing to search on),0.0
before,Page_1954_continuous-inspection-schemes,b18,Poisson's Exponential Binomial Limit,unresolved,,,,"best=crossref:0.88:10.31219/osf.io/qe8x2_v3; skipped=semanticscholar,arxiv (rate-limited)",0.001
before,Page_1954_continuous-inspection-schemes,b19,,unresolved,,,,no_title_or_author (nothing to search on),0.0
before,Page_1954_continuous-inspection-schemes,b20,Economic Control of Quality of Manufactured Product,unresolved,,,,"best=crossref:1.00:10.1002/j.1538-7305.1930.tb00373.x; skipped=semanticscholar,arxiv (rate-limited)",0.001
before,Page_1954_continuous-inspection-schemes,b21,,unresolved,,,,no_title_or_author (nothing to search on),0.0
before,Page_1954_continuous-inspection-schemes,b22,Sequential Analysis,unresolved,,,,"best=crossref:0.60:10.1080/07474949408836290; skipped=semanticscholar,arxiv (rate-limited)",0.0
before,Page_1954_continuous-inspection-schemes,b23,,unresolved,,,,no_title_or_author (nothing to search on),0.0
before,Page_1954_continuous-inspection-schemes,b24,,unresolved,,,,no_title_or_author (nothing to search on),0.0
before,Laurance_1998_rain-forest-fragmentation-dynamics,b1,Regeneration of tropical forests: physiological responses of pioneer and secondary species,unresolved,,,,"best=crossref:0.61:10.1007/978-3-540-71793-5_5; skipped=semanticscholar,arxiv (rate-limited)",0.002
before,Laurance_1998_rain-forest-fragmentation-dynamics,b5,Wind turbulence generated by vegetation and its implications,unresolved,,,,"best=crossref:0.49:10.1002/essoar.10509189.1; skipped=semanticscholar,arxiv (rate-limited)",0.001
before,Laurance_1998_rain-forest-fragmentation-dynamics,b8,The role of disturbance in the regeneration of Neotropical moist forests,unresolved,,,,"best=crossref:0.39:10.1201/b16536-6; skipped=semanticscholar,arxiv (rate-limited)",0.001
before,Laurance_1998_rain-forest-fragmentation-dynamics,b11,The influence of edge effects and forest fragmentation on leaf litter invertebrates in central Amazonia,unresolved,,,,"best=crossref:0.56:10.1016/s0006-3207(99)00079-8; skipped=semanticscholar,arxiv (rate-limited)",0.002
before,Laurance_1998_rain-forest-fragmentation-dynamics,b16,Edge-related changes in environment and plant responses due to forest fragmentation in central Amazonia,unresolved,,,,"best=crossref:0.49:10.1016/j.foreco.2016.08.002; skipped=semanticscholar,arxiv (rate-limited)",0.001
before,Laurance_1998_rain-forest-fragmentation-dynamics,b24,Edge and other effects of isolation on Amazon forest fragments,unresolved,,,,"best=crossref:0.66:10.1016/j.foreco.2016.08.002; skipped=semanticscholar,arxiv (rate-limited)",0.002
before,Laurance_1998_rain-forest-fragmentation-dynamics,b25,The theory of island biogeography,unresolved,,,,"best=crossref:0.78:10.1515/9781400831920.264; skipped=semanticscholar,arxiv (rate-limited)",0.001
before,Laurance_1998_rain-forest-fragmentation-dynamics,b29,Increasing turnover through time in tropical forests,unresolved,,,,"best=crossref:1.00:10.1126/science.263.5149.954; skipped=semanticscholar,arxiv (rate-limited)",0.002
before,Laurance_1998_rain-forest-fragmentation-dynamics,b31,Preliminary results of a large-scale inventory of upland rain forest in the central Amazon,unresolved,,,,"best=crossref:0.97:10.1590/1809-43921992224534; skipped=semanticscholar,arxiv (rate-limited)",0.002
before,Laurance_1998_rain-forest-fragmentation-dynamics,b32,Silviculture in windy climates,unresolved,,,,"best=crossref:0.47:10.1080/03009480510010000; skipped=semanticscholar,arxiv (rate-limited)",0.002
before,Laurance_1998_rain-forest-fragmentation-dynamics,b33,Forest patches in tropical landscapes,unresolved,,,,"best=crossref:0.62:10.2307/jj.41003468.10; skipped=semanticscholar,arxiv (rate-limited)",0.001
before,Laurance_1998_rain-forest-fragmentation-dynamics,b34,Minimum population sizes for species conservation,unresolved,,,,"best=crossref:1.00:10.2307/1308256; skipped=semanticscholar,arxiv (rate-limited)",0.002
before,Laurance_1998_rain-forest-fragmentation-dynamics,b37,The impact of edge formation on regeneration and litterfall in a tropical rain forest fragment in Amazonia,unresolved,,,,"best=crossref:0.60:10.1007/978-94-017-2730-3_13; skipped=semanticscholar,arxiv (rate-limited)",0.004
before,Laurance_1998_rain-forest-fragmentation-dynamics,b38,Third edition,unresolved,,,,"best=crossref:0.63:10.3138/9781487599973-002; skipped=semanticscholar,arxiv (rate-limited)",0.001
before,Laurance_1998_rain-forest-fragmentation-dynamics,b39,Predicting impacts of habitat fragmentation on forest birds: a comparison of two models,unresolved,,,,"best=crossref:0.59:10.1007/bf00324229; skipped=semanticscholar,arxiv (rate-limited)",0.001
before,Laurance_1998_rain-forest-fragmentation-dynamics,b42,Ecological impact of alien plant species in Singapore,unresolved,,,,"best=crossref:0.54:10.1016/j.ecolind.2019.106020; skipped=semanticscholar,arxiv (rate-limited)",0.003
before,Laurance_1998_rain-forest-fragmentation-dynamics,b43,Dynamics and restoration of forest fragments in the Brazilian Atlantic moist forest,unresolved,,,,"best=crossref:0.86:10.2307/jj.41003468.13; skipped=semanticscholar,arxiv (rate-limited)",0.001
before,Laurance_1998_rain-forest-fragmentation-dynamics,b44,"Tropical forest disturbance, disappearance, and species loss",unresolved,,,,"best=crossref:0.34:10.7287/peerj.13270v0.2/reviews/1; skipped=semanticscholar,arxiv (rate-limited)",0.001
before,Laurance_1998_rain-forest-fragmentation-dynamics,b45,Systat: the system for statistics,unresolved,,,,"best=crossref:0.39:10.2307/2986279; skipped=semanticscholar,arxiv (rate-limited)",0.0
before,Burnicki_2011_spatio-temporal-errors-land-cover,b1,Exploratory spatial analysis in GIS: generating geographical hypothesis from spatial data,unresolved,,,,"best=crossref:0.99:10.1201/9781003572800-13; skipped=semanticscholar,arxiv (rate-limited)",0.002
before,Burnicki_2011_spatio-temporal-errors-land-cover,b2,Interactive Spatial Data Analysis,unresolved,,,,"best=crossref:0.70:10.6019/tol.st-data-visualisation-w.2026.00001.1; skipped=semanticscholar,arxiv (rate-limited)",0.0
before,Burnicki_2011_spatio-temporal-errors-land-cover,b3,Sampling systems for change detection accuracy assessment,unresolved,,,,"best=crossref:0.54:10.1201/9780203497586.ch2; skipped=semanticscholar,arxiv (rate-limited)",0.001
before,Burnicki_2011_spatio-temporal-errors-land-cover,b4,Frost followed the plow: impacts of deforestation on the climate of the United States,ambiguous,,crossref,1.0,2 distinct works accepted at crossref,0.001
before,Burnicki_2011_spatio-temporal-errors-land-cover,b5,Point Pattern Analysis,unresolved,,,,"best=crossref:1.00:10.1201/b16195-5; skipped=semanticscholar,arxiv (rate-limited)",0.001
before,Burnicki_2011_spatio-temporal-errors-land-cover,b7,Spatial correlation effects upon accuracy of supervised classification of land cover,unresolved,,,,"best=crossref:0.67:10.7717/peerj.6617/table-2; skipped=semanticscholar,arxiv (rate-limited)",0.001
before,Burnicki_2011_spatio-temporal-errors-land-cover,b8,Evaluating the uncertainty of area estimates derived from fuzzy land-cover classification,unresolved,,,,"best=crossref:0.53:10.1201/9781420038101-7; skipped=semanticscholar,arxiv (rate-limited)",0.001
before,Burnicki_2011_spatio-temporal-errors-land-cover,b10,Performance of a spatio-temporal error model for raster data sets under complex error patterns,unresolved,,,,no_title_or_author (nothing to search on),0.0
before,Burnicki_2011_spatio-temporal-errors-land-cover,b12,Modelling error in overlaid categorical maps,unresolved,,,,"best=crossref:0.99:10.1201/b12612-12; skipped=semanticscholar,arxiv (rate-limited)",0.001
before,Burnicki_2011_spatio-temporal-errors-land-cover,b14,Sampling Techniques,unresolved,,,,"best=crossref:0.52:10.3403/00108535; skipped=semanticscholar,arxiv (rate-limited)",0.0
before,Burnicki_2011_spatio-temporal-errors-land-cover,b15,Using spatial autocorrelation analysis to explore the errors in maps generated from remotely sensed data,unresolved,,,,"best=crossref:0.67:10.1201/b19355-47; skipped=semanticscholar,arxiv (rate-limited)",0.001
before,Burnicki_2011_spatio-temporal-errors-land-cover,b17,Assessing the Accuracy of Remotely Sensed Data: Principles and Practices,unresolved,,,,"best=crossref:0.38:10.1201/9781420055139-12; skipped=semanticscholar,arxiv (rate-limited)",0.001
before,Burnicki_2011_spatio-temporal-errors-land-cover,b18,Change detection accuracy assessment on the NOAA Chesapeake Bay pilot study,unresolved,,,,"best=crossref:0.62:10.5962/bhl.title.122814; skipped=semanticscholar,arxiv (rate-limited)",0.001
before,Burnicki_2011_spatio-temporal-errors-land-cover,b19,Carbon emissions from tropical deforestation and regrowth based on satellite observations for the 1980s and,unresolved,,,,"best=crossref:0.97:10.1073/pnas.182560099; skipped=semanticscholar,arxiv (rate-limited)",0.002
before,Burnicki_2011_spatio-temporal-errors-land-cover,b22,Status of land cover classification accuracy assessment. Remote Sensing of Environment,unresolved,,,,"best=crossref:0.79:10.1016/s0034-4257(01)00295-4; skipped=semanticscholar,arxiv (rate-limited)",0.003
before,Burnicki_2011_spatio-temporal-errors-land-cover,b23,"Models of Spatial Processes: An Approach to the Study of Point, Line and Area Patterns",unresolved,,,,"best=crossref:1.00:10.2307/214811; skipped=semanticscholar,arxiv (rate-limited)",0.001
before,Burnicki_2011_spatio-temporal-errors-land-cover,b27,"Land Change Science: Observing, Monitoring, and Understanding Trajectories of Change on the Earth's Surface",unresolved,,,,"best=crossref:0.31:10.1007/978-1-4020-2562-4_26; skipped=semanticscholar,arxiv (rate-limited)",0.001
before,Burnicki_2011_spatio-temporal-errors-land-cover,b28,Spatial Data Analysis in the Social and Environmental Sciences,unresolved,,,,"best=crossref:0.26:10.1017/cbo9780511623356.007; skipped=semanticscholar,arxiv (rate-limited)",0.001
before,Burnicki_2011_spatio-temporal-errors-land-cover,b29,Spatial Data Analysis: Theory and Practice,unresolved,,,,"best=crossref:0.57:10.1017/cbo9780511754944.006; skipped=semanticscholar,arxiv (rate-limited)",0.007
before,Burnicki_2011_spatio-temporal-errors-land-cover,b35,Introductory Digital Image Processing: A Remote Sensing Perspective,unresolved,,,,"best=crossref:1.00:10.1016/0262-8856(86)90052-1; skipped=semanticscholar,arxiv (rate-limited)",0.001
before,Burnicki_2011_spatio-temporal-errors-land-cover,b36,Accuracy Assessment of Remote Sensing-Derived Change Detection,unresolved,,,,"best=crossref:0.59:10.1016/0034-4257(89)90047-3; skipped=semanticscholar,arxiv (rate-limited)",0.001
before,Burnicki_2011_spatio-temporal-errors-land-cover,b37,A research paradigm for propagating error in layer-based GIS,unresolved,,,,"best=crossref:0.42:10.1201/9781482268263-15; skipped=semanticscholar,arxiv (rate-limited)",0.001
before,Burnicki_2011_spatio-temporal-errors-land-cover,b39,Generalized linear mixed models for analyzing error in a satellite-based vegetation map of Utah,unresolved,,,,"best=crossref:0.38:10.1201/b10850-11; skipped=semanticscholar,arxiv (rate-limited)",0.001
before,Burnicki_2011_spatio-temporal-errors-land-cover,b40,Accuracy assessment curves for satellite-based change detection,unresolved,,,,"best=crossref:0.51:10.1061/9780784486986.041; skipped=semanticscholar,arxiv (rate-limited)",0.001
before,Burnicki_2011_spatio-temporal-errors-land-cover,b42,Global Land Project Science Plan and Implementation Strategy,unresolved,,,,"best=crossref:0.48:10.2471/b09072; skipped=semanticscholar,arxiv (rate-limited)",0.002
before,Burnicki_2011_spatio-temporal-errors-land-cover,b43,Sampling method and sample placement: how do they affect the accuracy of remotely sensed maps?,unresolved,,,,"best=crossref:0.53:10.1201/9781420055139-5; skipped=semanticscholar,arxiv (rate-limited)",0.001
before,Burnicki_2011_spatio-temporal-errors-land-cover,b45,Applying spatial autocorrelation analysis to evaluate error in New England forest-cover-type maps derived from Landsat t,unresolved,,,,"best=crossref:0.51:10.2737/so-gtr-99; skipped=semanticscholar,arxiv (rate-limited)",0.002
before,Burnicki_2011_spatio-temporal-errors-land-cover,b47,Spatial Statistics,unresolved,,,,"best=crossref:0.60:10.1016/j.spasta.2022.100641; skipped=semanticscholar,arxiv (rate-limited)",0.001
before,Burnicki_2011_spatio-temporal-errors-land-cover,b51,"2003a, Statistical sampling to characterize recent United States land-cover change. Remote Sensing of Environment",unresolved,,,,"best=crossref:0.81:10.1016/s0034-4257(03)00129-9; skipped=semanticscholar,arxiv (rate-limited)",0.001
before,Burnicki_2011_spatio-temporal-errors-land-cover,b54,Sampling,unresolved,,,,"best=crossref:0.22:10.4135/9781452272047.n3; skipped=semanticscholar,arxiv (rate-limited)",0.001
before,Burnicki_2011_spatio-temporal-errors-land-cover,b55,Land-Use and Land-Cover Change Science/Research Plan,unresolved,,,,"best=crossref:0.55:10.21275/v4i11.nov151136; skipped=semanticscholar,arxiv (rate-limited)",0.0
before,Burnicki_2011_spatio-temporal-errors-land-cover,b56,TIGER ® /Line Files,unresolved,,,,no_title_or_author (nothing to search on),0.0
before,Goodchild_2004_general-framework-error-analysis,b0,Measurement-based GIS,unresolved,,,,"best=crossref:1.00:10.1201/b12657-9; skipped=semanticscholar,arxiv (rate-limited)",0.001
before,Goodchild_2004_general-framework-error-analysis,b1,Measurement-based GIS,unresolved,,,,"best=crossref:1.00:10.1201/b12657-9; skipped=semanticscholar,arxiv (rate-limited)",0.0
before,Goodchild_2004_general-framework-error-analysis,b2,A general framework for error analysis in measurement-based GIS: a summary,unresolved,,,,"best=crossref:0.93:10.1007/s10109-004-0140-5; skipped=semanticscholar,arxiv (rate-limited)",0.001
before,Goodchild_2004_general-framework-error-analysis,b3,An Introduction to Error Analysis: The Study of Uncertainties in Physical Measurements,unresolved,,,,"best=crossref:1.00:10.1088/0957-0233/9/6/022; skipped=semanticscholar,arxiv (rate-limited)",0.001
before,Shi_1998_generic-statistical-approach-modelling,b0,Error-band as measurers of geometrical accuracy,unresolved,,,,"best=crossref:0.39:10.1016/0921-8890(91)90023-e; skipped=semanticscholar,arxiv (rate-limited)",0.002
before,Shi_1998_generic-statistical-approach-modelling,b1,A theory of cartographic error and its measurement in digital data base,unresolved,,,,"best=crossref:0.42:10.1179/caj.1976.13.1.22; skipped=semanticscholar,arxiv (rate-limited)",0.0
before,Shi_1998_generic-statistical-approach-modelling,b2,Handling positional uncertainty in spatial databases,unresolved,,,,"best=crossref:0.89:10.1201/9781420059281.sec2; skipped=semanticscholar,arxiv (rate-limited)",0.001
before,Shi_1998_generic-statistical-approach-modelling,b3,Observations and L east Squares,unresolved,,,,"best=crossref:0.98:10.17077/etd.8tj1kn7f; skipped=semanticscholar,arxiv (rate-limited)",0.0
before,Shi_1998_generic-statistical-approach-modelling,b4,On the length of empirical curves,unresolved,,,,"best=crossref:0.43:10.7717/peerj.14746/fig-6; skipped=semanticscholar,arxiv (rate-limited)",0.0
before,Shi_1998_generic-statistical-approach-modelling,b5,Approximation T heorems of Mathematical Statistics,unresolved,,,,"best=crossref:0.49:10.1002/9780470316481.fmatter; skipped=semanticscholar,arxiv (rate-limited)",0.001
before,Shi_1998_generic-statistical-approach-modelling,b6,Modelling positional and thematic u ncertainty in integration of GIS and remote sensing,unresolved,,,,"best=crossref:0.69:10.1111/1467-9671.00011; skipped=semanticscholar,arxiv (rate-limited)",0.001
before,Shi_1998_generic-statistical-approach-modelling,b7,Positional error of geometric features in GIS,unresolved,,,,"best=crossref:0.56:10.1007/springerreference_61738; skipped=semanticscholar,arxiv (rate-limited)",0.001
before,Steenberg_2017_influence-building-renovation-rental,b5,"Landscape, Vegetation Characteristics, and Group Identity in an Urban and Suburban Watershed: Why the 60s Matter",unresolved,,,0.24539877300613497,"doi_title_mismatch (ratio 0.25 < 0.85; registry title 'Environmental justice, sustainability and vulnerability')",0.0
before,Steenberg_2017_influence-building-renovation-rental,b9,Community Groups and Urban Forestry Activity: Drivers of Uneven Canopy Cover? Landscape and Urban Planning,unresolved,,,0.8379888268156425,"doi_title_contained (ratio 0.84 < 0.85; registry title 'Community groups and urban forestry activity: Drivers of uneven canopy'; contained 11 words, 0.72 of the longer)",0.001
before,Steenberg_2017_influence-building-renovation-rental,b12,Canadian Climate Normals 1981-2010 Climate Normals and Averages,unresolved,,,,"best=crossref:0.65:10.1080/00431672.2011.618800; skipped=semanticscholar,arxiv (rate-limited)",0.001
before,Steenberg_2017_influence-building-renovation-rental,b22,Correlates of Urban Forest Canopy Cover: Implications for Local Public Works,unresolved,,,0.3231441048034934,doi_title_mismatch (ratio 0.32 < 0.85; registry title 'The Political Ecology of Uneven Urban Green Space'),0.001
before,Steenberg_2017_influence-building-renovation-rental,b24,Models of Direct Editing of Government Spatial Data: Challenges and Constraints to the Acceptance of Contributed Data,unresolved,,,,"doi_not_registered (10.1080/15230406.2016.11765; crossref:404, datacite:404)",0.0
before,Steenberg_2017_influence-building-renovation-rental,b28,,unresolved,,,,no_title_or_author (nothing to search on),0.0
before,Steenberg_2017_influence-building-renovation-rental,b41,Census Profile (Catalogue No. 98-316-XWE),unresolved,,,,no_title_or_author (nothing to search on),0.0
before,Steenberg_2017_influence-building-renovation-rental,b45,Trees in the Urban Landscape,unresolved,,,,"best=crossref:0.65:10.1016/j.landurbplan.2013.07.009; skipped=semanticscholar,arxiv (rate-limited)",0.001
before,Hall_1985_resampling-coverage-pattern,b0,A limit theorem for statistics of spatial data,unresolved,,,,no_title_or_author (nothing to search on),0.0
before,Hall_1985_resampling-coverage-pattern,b6,A review of some nonparametric estimators of density functions,unresolved,,,,"best=crossref:0.59:10.33899/iqjoss.2010.30478; skipped=semanticscholar,arxiv (rate-limited)",0.001
before,Hall_1985_resampling-coverage-pattern,b8,Asymptotic properties of stereological estimators of volume fraction for stationary random sets,ambiguous,,crossref,1.0,2 distinct works accepted at crossref,0.001
before,Hall_1985_resampling-coverage-pattern,b9,The random volume of interpenetrating spheres in space,ambiguous,,crossref,1.0,2 distinct works accepted at crossref,0.0
before,Hall_1985_resampling-coverage-pattern,b10,Image Analysis and Mathematical Morphology,unresolved,,,,"best=crossref:0.83:10.1201/9781482277234-6; skipped=semanticscholar,arxiv (rate-limited)",0.001
after,Benedek_2015_multilayer-markov-random-field-models,b4,Markovian framework for structural change detection with application on detecting built-in changes in airborne images,unresolved,,semanticscholar,,accepted at semanticscholar but the candidate carries no DOI,0.016
after,Benedek_2015_multilayer-markov-random-field-models,b10,WAFO -a Matlab toolbox for the analysis of random waves and loads,unresolved,,semanticscholar,,accepted at semanticscholar but the candidate carries no DOI,0.011
after,Benedek_2015_multilayer-markov-random-field-models,b17,Change detection based on conditional random field models,unresolved,,semanticscholar,,accepted at semanticscholar but the candidate carries no DOI,0.012
after,Benedek_2015_multilayer-markov-random-field-models,b19,Histograms of oriented gradients for human detection,resolved,10.1109/cvpr.2005.177,semanticscholar,1.0,via=semanticscholar; ratio=1.00; year=2005,0.012
after,Benedek_2015_multilayer-markov-random-field-models,b21,Mixed Markov models,unresolved,,,,best=crossref:0.48:10.1111/j.1751-5823.2011.00160.x,76.616
after,Benedek_2015_multilayer-markov-random-field-models,b22,The determination of optimal threshold levels for change detection using various accuracy indices,unresolved,,,,best=semanticscholar:1.00:-,0.012
after,Benedek_2015_multilayer-markov-random-field-models,b24,"Stochastic relaxation, gibbs distributions, and the bayesian restoration of images",resolved,10.1109/tpami.1984.4767596,semanticscholar,1.0,via=semanticscholar; ratio=1.00; year=1984,0.012
after,Benedek_2015_multilayer-markov-random-field-models,b35,Multicue MRF image segmentation: combining texture and color,resolved,10.1109/icpr.2002.1044836,semanticscholar,0.9291,via=semanticscholar; ratio=0.93; year=2002,0.011
after,Benedek_2015_multilayer-markov-random-field-models,b36,Factorial Markov random fields,resolved,10.1007/3-540-47977-5_21,semanticscholar,1.0,via=semanticscholar; ratio=1.00; year=2002,0.011
after,Benedek_2015_multilayer-markov-random-field-models,b47,Unsupervised change detection in remotesensing images using modified self-organizing feature map neural network,ambiguous,,crossref,0.9955,2 distinct works accepted at crossref,0.002
after,Benedek_2015_multilayer-markov-random-field-models,b48,Some generalized order-disorder transformation,resolved,10.1017/s0305004100027419,semanticscholar,0.9892,via=semanticscholar; ratio=0.99; year=1952,0.01
after,Benedek_2015_multilayer-markov-random-field-models,b53,A Markov random field approach for sidescan sonar change detection,unresolved,,,,best=crossref:1.00:10.1109/joe.2012.2206677,46.04
after,Benedek_2015_multilayer-markov-random-field-models,b57,A comparative study of energy minimization methods for Markov Random Fields,resolved,10.1007/11744047_2,semanticscholar,1.0,via=semanticscholar; ratio=1.00; year=2006,0.01
after,Benedek_2015_multilayer-markov-random-field-models,b61,Survey of clustering algorithms,resolved,10.1109/tnn.2005.845141,semanticscholar,1.0,via=semanticscholar; ratio=1.00; year=2005,0.008
after,Alwan_1988_time-series-modeling-statistical-process,b0,The Analysis of Single and Related Time Series Into Components: Proposals for Improving X-11,unresolved,,,,best=semanticscholar:1.00:-,79.409
after,Alwan_1988_time-series-modeling-statistical-process,b2,"Time Series Analysis, Forecasting and Control",unresolved,,,,best=crossref:1.00:10.1111/j.1467-9892.2009.00643.x; skipped=arxiv (rate-limited),0.008
after,Alwan_1988_time-series-modeling-statistical-process,b3,Some Recent Advances in Forecasting and Control: Part 11,unresolved,,,,best=crossref:0.92:10.5040/9781666990355.ch-7; skipped=arxiv (rate-limited),0.007
after,Alwan_1988_time-series-modeling-statistical-process,b4,"Quality, Productiviry and Competitive Position",unresolved,,,,best=crossref:0.55:10.14706/icesos177; skipped=arxiv (rate-limited),0.006
after,Alwan_1988_time-series-modeling-statistical-process,b6,The Quality Measurement Plan,resolved,10.1002/j.1538-7305.1981.tb00239.x,semanticscholar,0.9333,via=semanticscholar; ratio=0.93; year=1981,0.009
after,Alwan_1988_time-series-modeling-statistical-process,b7,The EWMA,unresolved,,,,best=semanticscholar:0.55:10.1080/14697688.2022.2140699; skipped=arxiv (rate-limited),0.01
after,Alwan_1988_time-series-modeling-statistical-process,b8,Introduction to Statistical Quality Control,unresolved,,,,best=semanticscholar:1.00:10.1198/tech.2007.s465; skipped=arxiv (rate-limited),0.007
after,Alwan_1988_time-series-modeling-statistical-process,b9,Continuous Inspection Schemes,ambiguous,,crossref,1.0,2 distinct works accepted at crossref,0.0
after,Alwan_1988_time-series-modeling-statistical-process,b10,"Comment on ""The Analysis of Single and Related Time Series Into Components: Proposals for Improving X-11",unresolved,,,,best=semanticscholar:0.94:-; skipped=arxiv (rate-limited),0.012
after,Alwan_1988_time-series-modeling-statistical-process,b11,Economic Control of Quality of Manufactured Product,unresolved,,,,best=crossref:1.00:10.1002/j.1538-7305.1930.tb00373.x; skipped=arxiv (rate-limited),0.008
after,Alwan_1988_time-series-modeling-statistical-process,b13,Modern Methods for Quality Control and Improvement,resolved,10.2307/1269348,semanticscholar,1.0,via=semanticscholar; ratio=1.00; year=1986,0.001
after,Bellettini_2002_total-variation-flow,b1,Functions of bounded variation and free discontinuity problems,unresolved,,semanticscholar,,accepted at semanticscholar but the candidate carries no DOI,0.01
after,Bellettini_2002_total-variation-flow,b2,Minimizing total variational flow,unresolved,,,,best=semanticscholar:0.53:10.1007/s13160-018-00340-4; skipped=arxiv (rate-limited),0.012
after,Bellettini_2002_total-variation-flow,b3,The Dirichlet problem for the total variational flow,resolved,10.1006/jfan.2000.3698,semanticscholar,0.9804,via=semanticscholar; ratio=0.98; year=2001,0.008
after,Bellettini_2002_total-variation-flow,b4,Qualitative properties of the total variation flow,unresolved,,,,best=crossref:0.92:10.1080/00036811.2022.2153677; skipped=arxiv (rate-limited),0.008
after,Bellettini_2002_total-variation-flow,b12,An L 1theory of existence and uniqueness of solution of nonlinear elliptic equations,unresolved,,,,best=semanticscholar:0.99:-; skipped=arxiv (rate-limited),0.009
after,Bellettini_2002_total-variation-flow,b13,"Regularizing effects in homogeneous equations, in ''Contributions to Analysis and Geometry",unresolved,,,,best=crossref:0.65:10.21236/ada086561; skipped=arxiv (rate-limited),0.01
after,Bellettini_2002_total-variation-flow,b14,"Completely accretive operators, in ''Semigroups Theory and Evolution Equations",unresolved,,,,best=crossref:0.57:10.1201/9781003419914-4; skipped=arxiv (rate-limited),0.008
after,Bellettini_2002_total-variation-flow,b15,,unresolved,,,,no_title_or_author (nothing to search on),0.0
after,Bellettini_2002_total-variation-flow,b18,,unresolved,,,,no_title_or_author (nothing to search on),0.0
after,Bellettini_2002_total-variation-flow,b19,Nonlinear approximation and the space BV,unresolved,,semanticscholar,,accepted at semanticscholar but the candidate carries no DOI,0.008
after,Bellettini_2002_total-variation-flow,b20,Generation of semigroups of nonlinear transformations on general banach spaces,unresolved,,,,best=crossref:0.82:10.1016/b978-0-12-775850-3.50010-8; skipped=arxiv (rate-limited),0.008
after,Bellettini_2002_total-variation-flow,b21,Denoising via soft-thresholding,unresolved,,,,best=crossref:0.60:10.3390/app10062191; skipped=arxiv (rate-limited),0.007
after,Bellettini_2002_total-variation-flow,b25,Measure Theory and Fine Properties of Functions,unresolved,,semanticscholar,,accepted at semanticscholar but the candidate carries no DOI,0.013
after,Bellettini_2002_total-variation-flow,b27,Notions of Convexity,unresolved,,,,best=crossref:0.40:10.1007/978-0-8176-4585-4_7; skipped=arxiv (rate-limited),0.01
after,Bellettini_2002_total-variation-flow,b28,First order quasilinear equations in several independent variables,unresolved,,,,best=crossref:1.00:10.1070/sm1970v010n02abeh002156; skipped=arxiv (rate-limited),0.009
after,Bellettini_2002_total-variation-flow,b31,Le Role des Oscillations Dans Quelques Probl! e ems D'analyse Non-Lin! e eaire,unresolved,,,,best=crossref:0.33:10.3726/978-3-0352-0326-4/16; skipped=arxiv (rate-limited),0.011
after,Bellettini_2002_total-variation-flow,b33,Exact Solutions to Total Variation Regularization problems,unresolved,,semanticscholar,,accepted at semanticscholar but the candidate carries no DOI,0.009
after,Bellettini_2002_total-variation-flow,b34,A nonlinear primal-dual method for total variation based image restoration,unresolved,,,,best=crossref:1.00:10.1137/s1064827596299767; skipped=arxiv (rate-limited),0.008
after,Bellettini_2002_total-variation-flow,b35,"Fast total variation based image reconstruction, in ''Proceedings of the",unresolved,,,,best=crossref:0.81:10.1109/83.679423; skipped=arxiv (rate-limited),0.009
after,Bellettini_2002_total-variation-flow,b36,Fast wavelet techniques for near optimal image processing,unresolved,,,,best=crossref:1.00:10.1109/milcom.1992.244110; skipped=arxiv (rate-limited),0.009
after,Bellettini_2002_total-variation-flow,b37,Weakly Differentiable Functions,unresolved,,,,best=crossref:0.70:10.1016/s0304-0208(08)71448-8; skipped=arxiv (rate-limited),0.009
after,Abercrombie_2016_improving-consistency,b1,Global consequences of land use,resolved,10.1126/science.1111772,semanticscholar,1.0,via=semanticscholar; ratio=1.00; year=2005,0.007
after,Abercrombie_2016_improving-consistency,b7,GLOBCOVER: The most detailed portrait of Earth,unresolved,,semanticscholar,,accepted at semanticscholar but the candidate carries no DOI,0.007
after,Abercrombie_2016_improving-consistency,b15,Change detection techniques,resolved,10.1080/0143116031000139863,semanticscholar,1.0,via=semanticscholar; ratio=1.00; year=2004,0.007
after,Abercrombie_2016_improving-consistency,b16,Bayesian classification in a time-varying environment,resolved,10.1109/tsmc.1978.4309889,semanticscholar,1.0,via=semanticscholar; ratio=1.00; year=1978,0.008
after,Abercrombie_2016_improving-consistency,b26,"First operational BRDF, albedo nadir reflectance products from MODIS",resolved,10.1016/s0034-4257(02)00091-3,semanticscholar,1.0,via=semanticscholar; ratio=1.00; year=2002,0.008
after,Abercrombie_2016_improving-consistency,b27,5: Programs for Machine Learning,unresolved,,,,best=crossref:0.47:10.1023/a:1010924021315; skipped=arxiv (rate-limited),0.01
after,Abercrombie_2016_improving-consistency,b28,A tutorial On hidden Markov models and selected applications in speech recognition,ambiguous,,crossref,1.0,2 distinct works accepted at crossref,0.001
after,Abercrombie_2016_improving-consistency,b29,Use of hidden Markov models and phenology for multitemporal satellite image classification: Applications to mountain veg,unresolved,,,,no_title_or_author (nothing to search on),0.0
after,Abercrombie_2016_improving-consistency,b30,Time-series analysis of satellite images for forest cover change monitoring in Tanzania,unresolved,,,,best=crossref:0.52:10.18174/649013; skipped=arxiv (rate-limited),0.007
after,Abercrombie_2016_improving-consistency,b31,Pattern Recognition and Machine Learning,unresolved,,,,best=semanticscholar:1.00:10.1007/978-0-387-45528-0; skipped=arxiv (rate-limited),0.007
after,Abercrombie_2016_improving-consistency,b32,Completion of the 2006 national land cover database for the conterminous united states,unresolved,,semanticscholar,,accepted at semanticscholar but the candidate carries no DOI,0.007
after,Abercrombie_2016_improving-consistency,b33,The IGBP DISCover confidence sites and the system for terrestrial ecosystem parameterization: Tools for validating globa,unresolved,,,,best=crossref:0.35:10.1080/014311697217099; skipped=arxiv (rate-limited),0.008
after,Abercrombie_2016_improving-consistency,b34,Project PRODES: Monitoring the Brazilian amazon forests by satellite,unresolved,,,,no_title_or_author (nothing to search on),0.0
after,Abercrombie_2016_improving-consistency,b38,A gentle tutorial of the EM algorithm and its application to parameter estimation for Gaussian mixture and hidden Markov,unresolved,,,,best=semanticscholar:0.99:-; skipped=arxiv (rate-limited),0.008
after,Efron_2004_estimation-prediction-error-covariance,b0,Information Theory and an Extension of the Maximum Likelihood Principle,resolved,10.1007/978-1-4612-0919-5_38,semanticscholar,1.0,via=semanticscholar; ratio=1.00; year=1973,0.009
after,Efron_2004_estimation-prediction-error-covariance,b3,Improvements on Cross-Validation: The 632+ Bootstrap Method,ambiguous,,crossref,1.0,2 distinct works accepted at crossref,0.001
after,Efron_2004_estimation-prediction-error-covariance,b4,,unresolved,,,,no_title_or_author (nothing to search on),0.0
after,Efron_2004_estimation-prediction-error-covariance,b5,,unresolved,,,,no_title_or_author (nothing to search on),0.0
after,Efron_2004_estimation-prediction-error-covariance,b6,"Asymptotic Optimality for C p , C L , Cross-Validation and Generalized Cross-Validation: Discrete Index Set",unresolved,,,,best=crossref:1.00:10.1214/aos/1176350486; skipped=arxiv (rate-limited),0.011
after,Efron_2004_estimation-prediction-error-covariance,b7,Some Comments on C p,unresolved,,,,best=crossref:0.79:10.5194/os-2017-16-rc1; skipped=arxiv (rate-limited),0.007
after,Efron_2004_estimation-prediction-error-covariance,b8,Convex Analysis,unresolved,,,,best=semanticscholar:1.00:10.1201/9780429332104-3; skipped=arxiv (rate-limited),0.008
after,Efron_2004_estimation-prediction-error-covariance,b10,Adaptive Model Selection,resolved,10.1198/016214502753479356,semanticscholar,1.0,via=semanticscholar; ratio=1.00; year=2002,0.013
after,Conley_1999_gmm-estimation-cross-sectional,b0,The Geometry of Random Fields,unresolved,,,,best=semanticscholar:1.00:10.1137/1.9780898718980; skipped=arxiv (rate-limited),0.008
after,Conley_1999_gmm-estimation-cross-sectional,b1,Advanced Econometrics,unresolved,,,,best=semanticscholar:0.78:-; skipped=arxiv (rate-limited),0.008
after,Conley_1999_gmm-estimation-cross-sectional,b4,Economic growth in a cross section of countries,unresolved,,,,best=crossref:1.00:10.3386/w3120; skipped=arxiv (rate-limited),0.007
after,Conley_1999_gmm-estimation-cross-sectional,b8,"Economic distance, spillovers, and growth",unresolved,,,,best=crossref:0.66:10.4337/9781782543190.00009; skipped=arxiv (rate-limited),0.007
after,Conley_1999_gmm-estimation-cross-sectional,b9,Spatial patterns in labor markets: Malaysian development,unresolved,,,,best=crossref:0.57:10.37473/dac/10.1038/s41467-021-22086-3; skipped=arxiv (rate-limited),0.009
after,Conley_1999_gmm-estimation-cross-sectional,b10,Statistics for Spatial Data,unresolved,,,,best=crossref:1.00:10.1002/9781119115151.ch1; skipped=arxiv (rate-limited),0.008
after,Conley_1999_gmm-estimation-cross-sectional,b11,An Introduction to the Theory of Point Processes,unresolved,,,,best=semanticscholar:1.00:10.1007/978-0-387-49835-5; skipped=arxiv (rate-limited),0.011
after,Conley_1999_gmm-estimation-cross-sectional,b12,Spatial correlations in panel data,unresolved,,,,best=crossref:1.00:10.1596/1813-9450-1553; skipped=arxiv (rate-limited),0.008
after,Conley_1999_gmm-estimation-cross-sectional,b13,Spatial correlations and cross-country regressions,unresolved,,,,best=crossref:0.65:10.1111/j.1753-0237.2010.00177.x; skipped=arxiv (rate-limited),0.008
after,Conley_1999_gmm-estimation-cross-sectional,b15,Estimation d'un Champ par Pseudo-Vraisemblance Conditionnelle: Etude Asymptotic et Application au Cas Markovien,unresolved,,,,best=crossref:0.51:10.70675/85015a76zbfacz48bez8ba4z4c04b6a77553; skipped=arxiv (rate-limited),0.008
after,Conley_1999_gmm-estimation-cross-sectional,b16,On the nonparametric estimation of covariance functions,unresolved,,,,best=crossref:1.00:10.1214/aos/1176325774; skipped=arxiv (rate-limited),0.008
after,Conley_1999_gmm-estimation-cross-sectional,b19,Lecture notes on large sample theory,unresolved,,,,best=crossref:0.69:10.1007/978-1-4612-2660-4_4; skipped=arxiv (rate-limited),0.008
after,Conley_1999_gmm-estimation-cross-sectional,b20,Econometric evaluation of asset pricing models,unresolved,,,,best=crossref:1.00:10.2139/ssrn.5360147; skipped=arxiv (rate-limited),0.008
after,Conley_1999_gmm-estimation-cross-sectional,b21,Independent and Stationary Sequences of Random Variables,unresolved,,semanticscholar,,accepted at semanticscholar but the candidate carries no DOI,0.008
after,Conley_1999_gmm-estimation-cross-sectional,b22,Particulate pollution trends in the 1980's. Columbia University,unresolved,,,,best=crossref:0.55:10.24124/2005/bpgub314; skipped=arxiv (rate-limited),0.007
after,Conley_1999_gmm-estimation-cross-sectional,b23,A generalized moments estimator for the autoregressive parameter in a spatial model,unresolved,,,,best=crossref:1.00:10.1111/1468-2354.00027; skipped=arxiv (rate-limited),0.009
after,Conley_1999_gmm-estimation-cross-sectional,b24,,unresolved,,,,no_title_or_author (nothing to search on),0.0
after,Conley_1999_gmm-estimation-cross-sectional,b26,"Large Sample Estimation and Hypothesis Testing, Handbook of Econometrics",unresolved,,,,best=crossref:0.72:10.1016/s1573-4412(05)80005-4; skipped=arxiv (rate-limited),0.01
after,Conley_1999_gmm-estimation-cross-sectional,b27,"A simple, positive semi-de""nite, heteroskedasticity and autocorrelation consistent covariance matrix",ambiguous,,crossref,0.9848,2 distinct works accepted at crossref,0.001
after,Conley_1999_gmm-estimation-cross-sectional,b28,Spectral Analysis and Time Series vols. I and II,unresolved,,,,best=crossref:0.53:10.2307/j.ctv14jx6sm.9; skipped=arxiv (rate-limited),0.009
after,Conley_1999_gmm-estimation-cross-sectional,b29,International patterns in growth: I. Persistence in Cross-country Disparities. Working paper,unresolved,,,,best=crossref:0.60:10.21642/gtap.wp34; skipped=arxiv (rate-limited),0.01
after,Conley_1999_gmm-estimation-cross-sectional,b31,"Wages, rent, and the quality of life",resolved,10.1086/261120,semanticscholar,0.9855,via=semanticscholar; ratio=0.99; year=1982,0.008
after,Conley_1999_gmm-estimation-cross-sectional,b34,Asymptotic Theory for Econometricians,unresolved,,,,best=crossref:1.00:10.1016/c2009-0-21869-1; skipped=arxiv (rate-limited),0.012
after,Guo_2018_redeveloping-urban-forest-effect,b1,Urban Morphology Drives the Homogenization of Tree Cover,unresolved,,,0.7832167832167832,"doi_title_contained (ratio 0.78 < 0.85; registry title 'Urban Morphology Drives the Homogenization of Tree Cover in Baltimore,'; contained 8 words, 0.64 of the longer)",0.001
after,Guo_2018_redeveloping-urban-forest-effect,b2,"Trees in relation to design, demolition and construction -Recommendations",unresolved,,,,no_title_or_author (nothing to search on),0.0
after,Guo_2018_redeveloping-urban-forest-effect,b5,Tending their urban forest: Residents' motivations for tree planting and removal. Urban Forestry and Urban Greening,unresolved,,,0.8167539267015707,"doi_title_contained (ratio 0.82 < 0.85; registry title 'Tending their urban forest: Residents’ motivations for tree planting a'; contained 11 words, 0.70 of the longer)",0.001
after,Guo_2018_redeveloping-urban-forest-effect,b9,The R book,unresolved,,,,best=semanticscholar:1.00:10.1002/9780470515075; skipped=arxiv (rate-limited),0.489
after,Guo_2018_redeveloping-urban-forest-effect,b13,ArcGIS desktop,unresolved,,,,best=crossref:0.65:10.46927/pasisiguri; skipped=arxiv (rate-limited),0.009
after,Guo_2018_redeveloping-urban-forest-effect,b14,Best Management Practices (BMP) -Managing Trees During Construction,unresolved,,,,best=crossref:0.45:10.7717/peerj.7093/fig-1; skipped=arxiv (rate-limited),0.009
after,Guo_2018_redeveloping-urban-forest-effect,b21,An introduction to statistical learning,resolved,10.1007/978-1-4614-7138-7,semanticscholar,1.0,via=semanticscholar; ratio=1.00; year=2013,0.928
after,Guo_2018_redeveloping-urban-forest-effect,b23,"Drivers of diversity and tree cover in gardens, parks and streetscapes in an Australian city. Urban Forestry and Urban G",unresolved,,,0.8425925925925926,"doi_title_contained (ratio 0.84 < 0.85; registry title 'Drivers of diversity and tree cover in gardens, parks and streetscapes'; contained 15 words, 0.73 of the longer)",0.001
after,Guo_2018_redeveloping-urban-forest-effect,b26,"Factors influencing long-term street tree survival in Milwaukee, WI, USA. Urban Forestry and Urban Greening",unresolved,,,0.8045977011494253,"doi_title_contained (ratio 0.80 < 0.85; registry title 'Factors influencing long-term street tree survival in Milwaukee, WI, U'; contained 11 words, 0.67 of the longer)",0.001
after,Guo_2018_redeveloping-urban-forest-effect,b27,Spatiotemporal patterns of tree canopy cover and socioeconomics in Melbourne. Urban Forestry and Urban Greening,unresolved,,,0.8172043010752689,"doi_title_contained (ratio 0.82 < 0.85; registry title 'Spatiotemporal patterns of tree canopy cover and socioeconomics in Mel'; contained 10 words, 0.69 of the longer)",0.001
after,Guo_2018_redeveloping-urban-forest-effect,b28,Spatial and Temporal Patterns Associated with Permitted Tree Removal,unresolved,,,0.8395061728395061,"doi_title_contained (ratio 0.84 < 0.85; registry title 'Spatial and Temporal Patterns Associated with Permitted Tree Removal i'; contained 9 words, 0.72 of the longer)",0.001
after,Guo_2018_redeveloping-urban-forest-effect,b33,Million trees Los Angeles canopy cover and benefit assessment. Landscape and Urban Planning,unresolved,,,0.8079470198675497,"doi_title_contained (ratio 0.81 < 0.85; registry title 'Million trees Los Angeles canopy cover and benefit assessment'; contained 9 words, 0.68 of the longer)",0.001
after,Guo_2018_redeveloping-urban-forest-effect,b34,rpart. plot: Plot rpart Models. An Enhanced Version of plot.rpart. R package Morgenroth,unresolved,,,,best=crossref:0.86:10.32614/cran.package.rpart.plot; skipped=arxiv (rate-limited),0.007
after,Guo_2018_redeveloping-urban-forest-effect,b37,A Guideline for Tree and Bush Protection on Development Sites,unresolved,,,,no_title_or_author (nothing to search on),0.0
after,Guo_2018_redeveloping-urban-forest-effect,b39,Tree and impervious cover change in U.S. cities. Urban Forestry and Urban Greening,unresolved,,,0.7301587301587301,doi_title_mismatch (ratio 0.73 < 0.85; registry title 'Tree and impervious cover change in U.S. cities'),0.001
after,Guo_2018_redeveloping-urban-forest-effect,b47,R: A language and environment for statistical computing,unresolved,,semanticscholar,,accepted at semanticscholar but the candidate carries no DOI,0.008
after,Guo_2018_redeveloping-urban-forest-effect,b52,The re-emergence of indigenous forest in an urban environment,unresolved,,,0.8299319727891157,"doi_title_contained (ratio 0.83 < 0.85; registry title 'The re-emergence of indigenous forest in an urban environment, Christc'; contained 10 words, 0.71 of the longer)",0.001
after,Guo_2018_redeveloping-urban-forest-effect,b54,rpart: Recursive Partitioning and Regression Trees. R package version,unresolved,,,,best=crossref:0.84:10.32614/cran.package.rpart; skipped=arxiv (rate-limited),0.009
after,Chrisman_1982_theory-cartographic-error-measurement,b1,An analysis of the effects of temperature and humidity on a variety of drawing media,unresolved,,,,best=crossref:0.36:10.3998/mpub.14477325.cmp.118; skipped=arxiv (rate-limited),0.007
after,Chrisman_1982_theory-cartographic-error-measurement,b2,,unresolved,,,,no_title_or_author (nothing to search on),0.0
after,Chrisman_1982_theory-cartographic-error-measurement,b3,Methods of spatial analysis based on error in categorical maps,unresolved,,,,best=crossref:0.59:10.1201/b12612-12; skipped=arxiv (rate-limited),0.009
after,Chrisman_1982_theory-cartographic-error-measurement,b4,Topological principles in cartography: Proceedings AUTO-CARTO II,unresolved,,,,best=crossref:0.28:10.1559/152304005775194809; skipped=arxiv (rate-limited),0.009
after,Chrisman_1982_theory-cartographic-error-measurement,b6,Statistical methods for rates and proportions,resolved,10.2307/2529186,semanticscholar,1.0,via=semanticscholar; ratio=1.00; year=1973,0.007
after,Chrisman_1982_theory-cartographic-error-measurement,b7,"Ordnance Survey maps; a descriptive manual, Southampton""! Ordnance Survey ~~",unresolved,,,,best=crossref:0.75:10.2307/1796510; skipped=arxiv (rate-limited),0.01
after,Chrisman_1982_theory-cartographic-error-measurement,b8,Specifications for Land Use and Land Cover and Associated Maps: Open File Number 77-555,unresolved,,,,best=crossref:0.84:10.3133/ofr77555; skipped=arxiv (rate-limited),0.01
after,Chrisman_1982_theory-cartographic-error-measurement,b9,"GIRAS, a geographic information retrieval and analysis system for handling land use and land cover data: U.S. Geological",unresolved,,,,best=crossref:0.83:10.3133/pp1059; skipped=arxiv (rate-limited),0.008
after,Chrisman_1982_theory-cartographic-error-measurement,b10,On epsilon length,unresolved,,,,best=crossref:0.34:10.1021/acs.nanolett.8b04182.s001; skipped=arxiv (rate-limited),0.008
after,Chrisman_1982_theory-cartographic-error-measurement,b11,On the length of empirical curves: Discussion paper 10,unresolved,,,,best=crossref:0.47:10.21034/dp.75; skipped=arxiv (rate-limited),0.008
after,Chrisman_1982_theory-cartographic-error-measurement,b12,A theory of the cartographic line,unresolved,,semanticscholar,,accepted at semanticscholar but the candidate carries no DOI,0.007
after,Chrisman_1982_theory-cartographic-error-measurement,b13,A current view of the National Map Accuracy Standards: Surveying and Mapping,unresolved,,,,best=crossref:0.63:10.4135/9781412953962.n141; skipped=arxiv (rate-limited),0.01
after,Chrisman_1982_theory-cartographic-error-measurement,b14,,unresolved,,,,no_title_or_author (nothing to search on),0.0
after,Foody_2010_assessing-accuracy-land-cover-change,b14,Comparison of a screening test and a reference test in epidemiologic studies. I Indices of agreement and their relations,resolved,10.1093/oxfordjournals.aje.a120609,semanticscholar,0.9851,via=semanticscholar; ratio=0.99; year=1966,0.008
after,Foody_2010_assessing-accuracy-land-cover-change,b17,Land cover mapping of large areas from satellites: Status and research priorities,ambiguous,,crossref,1.0,2 distinct works accepted at crossref,0.001
after,Foody_2010_assessing-accuracy-land-cover-change,b18,What is land cover? Environment and Planning B,unresolved,,,,best=crossref:0.57:10.1068/b31135; skipped=arxiv (rate-limited),0.007
after,Foody_2010_assessing-accuracy-land-cover-change,b19,Using spatial auto-correlation analysis to explore the errors in maps generated from remotely sensed data,unresolved,,semanticscholar,,accepted at semanticscholar but the candidate carries no DOI,1.024
after,Foody_2010_assessing-accuracy-land-cover-change,b21,Assessing the accuracy of remotely sensed data: Principles and practices,unresolved,,,,best=semanticscholar:1.00:10.1201/9781420048568; skipped=arxiv (rate-limited),0.014
after,Foody_2010_assessing-accuracy-land-cover-change,b23,Carbon emissions from tropical deforestation and regrowth based on satellite observations for the 1980s and,unresolved,,,,best=crossref:0.97:10.1073/pnas.182560099; skipped=arxiv (rate-limited),0.013
after,Foody_2010_assessing-accuracy-land-cover-change,b25,Latent class analysis of human herpesvirus 8 assay performance and infection prevalence in sub-saharan Africa and Malta,ambiguous,,crossref,1.0,2 distinct works accepted at crossref,0.002
after,Foody_2010_assessing-accuracy-land-cover-change,b31,Status of land cover classification accuracy assessment. Remote Sensing of Environment,unresolved,,,,best=crossref:0.79:10.1016/s0034-4257(01)00295-4; skipped=arxiv (rate-limited),0.012
after,Foody_2010_assessing-accuracy-land-cover-change,b38,Comparison of a screening test and a reference test in epidemiologic studies: II a probabilistic model for the compariso,resolved,10.1093/oxfordjournals.aje.a120610,semanticscholar,1.0,via=semanticscholar; ratio=1.00; year=1966,0.015
after,Foody_2010_assessing-accuracy-land-cover-change,b41,Diagnostic test analyses in search of their gold standard: latent class analysis with random effects,ambiguous,,crossref,0.9899,2 distinct works accepted at crossref,0.001
after,Foody_2010_assessing-accuracy-land-cover-change,b43,Some issues in resolution of diagnostic tests using an imperfect gold standard,unresolved,,,,best=crossref:1.00:10.1002/sim.819.abs; skipped=arxiv (rate-limited),0.013
after,Foody_2010_assessing-accuracy-land-cover-change,b46,Evaluation of diagnostic tests without gold standards,ambiguous,,crossref,1.0,2 distinct works accepted at crossref,0.001
after,Foody_2010_assessing-accuracy-land-cover-change,b52,Accuracy assessment of remote sensing-derived change detection,unresolved,,,,no_title_or_author (nothing to search on),0.0
after,Foody_2010_assessing-accuracy-land-cover-change,b54,Measuring the accuracy of species distribution models: a review,unresolved,,semanticscholar,,accepted at semanticscholar but the candidate carries no DOI,0.91
after,Foody_2010_assessing-accuracy-land-cover-change,b58,Latent class models,resolved,10.1016/b978-0-08-044894-7.01340-3,semanticscholar,1.0,via=semanticscholar; ratio=1.00; year=2004,0.923
after,Foody_2010_assessing-accuracy-land-cover-change,b72,A model for evaluating sensitivity and specificity for correlated diagnostic tests in efficacy studies with an imperfect,ambiguous,,crossref,1.0,2 distinct works accepted at crossref,0.002
after,Foody_2010_assessing-accuracy-land-cover-change,b76,The use of latent class analysis in medical diagnosis,resolved,10.1142/9789814329804_0014,semanticscholar,1.0,via=semanticscholar; ratio=1.00; year=2002,1.064
after,Foody_2010_assessing-accuracy-land-cover-change,b82,"Sensitivity, specificity and predictive value",unresolved,,semanticscholar,,accepted at semanticscholar but the candidate carries no DOI,0.893
after,Foody_2010_assessing-accuracy-land-cover-change,b87,Global Land Cover Validation: Recommendations for Evaluation and Accuracy Assessment of Global Land Cover Maps,unresolved,,,,best=crossref:0.51:10.4095/220024; skipped=arxiv (rate-limited),1.305
after,Foody_2010_assessing-accuracy-land-cover-change,b90,Land cover,unresolved,,,,best=semanticscholar:0.74:10.1201/9780203741917-19; skipped=arxiv (rate-limited),0.66
after,Foody_2010_assessing-accuracy-land-cover-change,b91,Remote-sensing for mapping and monitoring land-cover and land-use change-An introduction,resolved,10.1016/s0305-9006(03)00064-3,semanticscholar,0.9886,via=semanticscholar; ratio=0.99; year=2004,1.178
after,Foody_2010_assessing-accuracy-land-cover-change,b100,Log-linear models for event histories,unresolved,,,,best=crossref:1.00:10.1080/00401706.1998.10485510; skipped=arxiv (rate-limited),1.002
after,Foody_2010_assessing-accuracy-land-cover-change,b103,Classification algorithms-Where next?,unresolved,,,,best=crossref:0.49:10.1017/cbo9780511574931.024; skipped=arxiv (rate-limited),0.91
after,Besag_1974_spatial-interaction-statistical-analysis,b0,On a method of describing complete parameter fields,unresolved,,,,best=crossref:0.55:10.1061/41064(358)268; skipped=arxiv (rate-limited),1.006
after,Besag_1974_spatial-interaction-statistical-analysis,b1,An Introduction to Stochastic Processes,unresolved,,,,best=semanticscholar:1.00:10.1142/14898; skipped=arxiv (rate-limited),0.972
after,Besag_1974_spatial-interaction-statistical-analysis,b2,Inference and stochastic processes,unresolved,,,,no_title_or_author (nothing to search on),0.0
after,Besag_1974_spatial-interaction-statistical-analysis,b3,A further note on nearest neighbour models,unresolved,,,,no_title_or_author (nothing to search on),0.0
after,Besag_1974_spatial-interaction-statistical-analysis,b4,Physical nearest-neighbour models and non-linear time series,unresolved,,,,no_title_or_author (nothing to search on),0.0
after,Besag_1974_spatial-interaction-statistical-analysis,b5,Two-dimensional nearest-neighbour systems and their ecological applications,unresolved,,,,best=crossref:0.62:10.1007/978-3-642-79917-4_9; skipped=arxiv (rate-limited),1.052
after,Besag_1974_spatial-interaction-statistical-analysis,b6,The statistical analysis of spatial pattern,unresolved,,,,no_title_or_author (nothing to search on),0.0
after,Besag_1974_spatial-interaction-statistical-analysis,b7,Correlation properties of some nearest-neighbour models,unresolved,,,,best=crossref:0.57:10.2139/ssrn.7276484; skipped=arxiv (rate-limited),1.114
after,Besag_1974_spatial-interaction-statistical-analysis,b8,Relation of the variability of yields of fruit trees to the accuracy of field trials,unresolved,,,,best=crossref:0.60:10.3733/hilg.v07n02p081; skipped=arxiv (rate-limited),0.926
after,Besag_1974_spatial-interaction-statistical-analysis,b10,On the correlation structure of some two-dimensional stationary processes,unresolved,,,,no_title_or_author (nothing to search on),0.0
after,Besag_1974_spatial-interaction-statistical-analysis,b11,On the statistical analysis ofnearest-neighbour systems,unresolved,,,,no_title_or_author (nothing to search on),0.0
after,Besag_1974_spatial-interaction-statistical-analysis,b12,On the distinction between the conditional probability and the joint probability approaches in the specification of near,ambiguous,,crossref,1.0,2 distinct works accepted at crossref,0.002
after,Besag_1974_spatial-interaction-statistical-analysis,b13,Point density in stems per acre,unresolved,,,,best=crossref:0.63:10.4324/9780080575469-10; skipped=arxiv (rate-limited),0.895
after,Besag_1974_spatial-interaction-statistical-analysis,b14,An application of the Poisson distribution,resolved,10.1017/s0020268100035435,semanticscholar,1.0,via=semanticscholar; ratio=1.00; year=1946,1.225
after,Besag_1974_spatial-interaction-statistical-analysis,b16,Analysis of Binary Data,unresolved,,,,best=crossref:1.00:10.1007/springerreference_60769; skipped=arxiv (rate-limited),0.951
after,Besag_1974_spatial-interaction-statistical-analysis,b17,The analysis of multivariate binary data,unresolved,,,,no_title_or_author (nothing to search on),0.0
after,Besag_1974_spatial-interaction-statistical-analysis,b18,An Introduction to Probability Theory and its Applications,unresolved,,,,best=semanticscholar:1.00:10.2307/1526422; skipped=arxiv (rate-limited),0.988
after,Besag_1974_spatial-interaction-statistical-analysis,b19,Spread of disease in a rectangular plantation with vacancies,ambiguous,,crossref,0.9917,2 distinct works accepted at crossref,0.002
after,Besag_1974_spatial-interaction-statistical-analysis,b20,,unresolved,,,,no_title_or_author (nothing to search on),0.0
after,Besag_1974_spatial-interaction-statistical-analysis,b21,"Quantitative Plant Ecology, 2nd ed",unresolved,,,,best=crossref:0.88:10.1093/forestscience/4.2.127; skipped=arxiv (rate-limited),0.848
after,Besag_1974_spatial-interaction-statistical-analysis,b23,Markov fields on finite graphs and lattices,unresolved,,semanticscholar,,accepted at semanticscholar but the candidate carries no DOI,1.02
after,Besag_1974_spatial-interaction-statistical-analysis,b24,Exact tests for serial correlation,ambiguous,,crossref,1.0,2 distinct works accepted at crossref,0.001
after,Besag_1974_spatial-interaction-statistical-analysis,b25,An exact test for correlation between time series,unresolved,,,,no_title_or_author (nothing to search on),0.0
after,Besag_1974_spatial-interaction-statistical-analysis,b26,The Advanced Theory of Statistics,unresolved,,,,best=semanticscholar:1.00:10.1038/152431a0; skipped=arxiv (rate-limited),1.151
after,Besag_1974_spatial-interaction-statistical-analysis,b27,Chaines doubles de Markoff et fonctions aleatoires de deux variables,unresolved,,,,best=crossref:0.53:10.1515/dema-1978-0421; skipped=arxiv (rate-limited),0.914
after,Besag_1974_spatial-interaction-statistical-analysis,b28,"Statistical study of the distribution of scattered villages in two regions of the Tonami plain, Toyami prefecture",unresolved,,,,best=crossref:0.65:10.4157/grj.7.459; skipped=arxiv (rate-limited),1.071
after,Besag_1974_spatial-interaction-statistical-analysis,b30,A mathematical model for the estimation of interplant competition,unresolved,,,,no_title_or_author (nothing to search on),0.0
after,Besag_1974_spatial-interaction-statistical-analysis,b31,Measurement of competition between individual plants in a population,unresolved,,,,no_title_or_author (nothing to search on),0.0
after,Besag_1974_spatial-interaction-statistical-analysis,b32,Models for interplant competition in irregularly distributed populations,unresolved,,,,no_title_or_author (nothing to search on),0.0
after,Besag_1974_spatial-interaction-statistical-analysis,b33,The experimental error of field trials,resolved,10.1017/s002185960000160x,semanticscholar,1.0,via=semanticscholar; ratio=1.00; year=1911,0.855
after,Besag_1974_spatial-interaction-statistical-analysis,b34,A Gaussian Markovian process on a square lattice,ambiguous,,crossref,1.0,2 distinct works accepted at crossref,0.001
after,Besag_1974_spatial-interaction-statistical-analysis,b35,Necessary conditions for Markovian processes on a lattice,unresolved,,,,no_title_or_author (nothing to search on),0.0
after,Besag_1974_spatial-interaction-statistical-analysis,b37,Estimation methods for models of spatial interaction,unresolved,,,,best=semanticscholar:1.00:10.1080/01621459.1975.10480272; skipped=arxiv (rate-limited),1.057
after,Besag_1974_spatial-interaction-statistical-analysis,b38,Transportation Networks and the Irish Economy,unresolved,,,,best=crossref:0.41:10.1002/9781394188789.ch8; skipped=arxiv (rate-limited),1.019
after,Besag_1974_spatial-interaction-statistical-analysis,b39,The goodness of fit of frequency distributions obtained from stochastic processes,ambiguous,,crossref,1.0,2 distinct works accepted at crossref,0.002
after,Besag_1974_spatial-interaction-statistical-analysis,b40,Principles of Regression Analysis,unresolved,,,,best=semanticscholar:1.00:-; skipped=arxiv (rate-limited),0.914
after,Besag_1974_spatial-interaction-statistical-analysis,b41,Generalised Gibbs states and Markov random fields,unresolved,,,,best=crossref:0.86:10.1017/cbo9780511897122.002; skipped=arxiv (rate-limited),1.141
after,Besag_1974_spatial-interaction-statistical-analysis,b43,On the foundations of combinatorial theory,unresolved,,,,best=semanticscholar:1.00:10.1007/978-0-8176-4842-8_25; skipped=arxiv (rate-limited),0.969
after,Besag_1974_spatial-interaction-statistical-analysis,b46,On stationary processes in the plane,unresolved,,,,best=crossref:1.00:10.2307/2333459; skipped=arxiv (rate-limited),0.994
after,Besag_1974_spatial-interaction-statistical-analysis,b47,Stochasticprocesses in severaldimensions,unresolved,,,,no_title_or_author (nothing to search on),0.0
after,Besag_1974_spatial-interaction-statistical-analysis,b48,Experimental designs for serially correlated observations,ambiguous,,crossref,1.0,2 distinct works accepted at crossref,0.001
after,Walton_2008_difficulties-estimating-city-wide-urban,b1,Development of a 2001 National Land Cover Database for the United States,resolved,10.14358/pers.70.7.829,semanticscholar,1.0,via=semanticscholar; ratio=1.00; year=2004,1.033
after,Walton_2008_difficulties-estimating-city-wide-urban,b2,Completion of the 2001 National Land Cover Database for the Coterminous United States,unresolved,,,,best=crossref:0.57:10.3133/70046118; skipped=arxiv (rate-limited),0.997
after,Walton_2008_difficulties-estimating-city-wide-urban,b3,A strategy for estimating tree canopy density using Landsat 7 ETM+ and high-resolution images over large areas,unresolved,,semanticscholar,,accepted at semanticscholar but the candidate carries no DOI,1.169
after,Walton_2008_difficulties-estimating-city-wide-urban,b5,Understanding the structure of urban forests,unresolved,,,,best=crossref:1.00:10.1201/b21179-11; skipped=arxiv (rate-limited),0.699
after,Walton_2008_difficulties-estimating-city-wide-urban,b7,R: a language and environment for statistical computing,unresolved,,,,best=crossref:1.00:10.32614/r.manuals; skipped=arxiv (rate-limited),1.113
after,Walton_2008_difficulties-estimating-city-wide-urban,b8,An investigation of national tree canopy assessments applied to urban forestry,unresolved,,,,best=crossref:0.43:10.1016/j.ufug.2024.128331; skipped=arxiv (rate-limited),18.525
after,Page_1954_continuous-inspection-schemes,b0,,unresolved,,,,no_title_or_author (nothing to search on),0.0
after,Page_1954_continuous-inspection-schemes,b1,,unresolved,,,,no_title_or_author (nothing to search on),0.0
after,Page_1954_continuous-inspection-schemes,b2,,unresolved,,,,no_title_or_author (nothing to search on),0.0
after,Page_1954_continuous-inspection-schemes,b3,,unresolved,,,,no_title_or_author (nothing to search on),0.0
after,Page_1954_continuous-inspection-schemes,b4,,unresolved,,,,no_title_or_author (nothing to search on),0.0
after,Page_1954_continuous-inspection-schemes,b5,,unresolved,,,,no_title_or_author (nothing to search on),0.0
after,Page_1954_continuous-inspection-schemes,b6,Proc. Camb,unresolved,,,,best=crossref:0.20:10.1017/s0305004116000220; skipped=arxiv (rate-limited),0.874
after,Page_1954_continuous-inspection-schemes,b7,,unresolved,,,,no_title_or_author (nothing to search on),0.0
after,Page_1954_continuous-inspection-schemes,b8,,unresolved,,,,no_title_or_author (nothing to search on),0.0
after,Page_1954_continuous-inspection-schemes,b9,,unresolved,,,,no_title_or_author (nothing to search on),0.0
after,Page_1954_continuous-inspection-schemes,b10,,unresolved,,,,no_title_or_author (nothing to search on),0.0
after,Page_1954_continuous-inspection-schemes,b11,Quality Control and Industrial Statistics,unresolved,,,,best=crossref:1.00:10.2307/2347108; skipped=arxiv (rate-limited),1.155
after,Page_1954_continuous-inspection-schemes,b12,,unresolved,,,,no_title_or_author (nothing to search on),0.0
after,Page_1954_continuous-inspection-schemes,b13,,unresolved,,,,no_title_or_author (nothing to search on),0.0
after,Page_1954_continuous-inspection-schemes,b14,,unresolved,,,,no_title_or_author (nothing to search on),0.0
after,Page_1954_continuous-inspection-schemes,b15,,unresolved,,,,no_title_or_author (nothing to search on),0.0
after,Page_1954_continuous-inspection-schemes,b16,Proc. Camb,unresolved,,,,best=crossref:0.20:10.1017/s0305004116000220; skipped=arxiv (rate-limited),0.008
after,Page_1954_continuous-inspection-schemes,b17,,unresolved,,,,no_title_or_author (nothing to search on),0.0
after,Page_1954_continuous-inspection-schemes,b18,Poisson's Exponential Binomial Limit,unresolved,,,,best=semanticscholar:1.00:10.2307/2980378; skipped=arxiv (rate-limited),7.084
after,Page_1954_continuous-inspection-schemes,b19,,unresolved,,,,no_title_or_author (nothing to search on),0.0
after,Page_1954_continuous-inspection-schemes,b20,Economic Control of Quality of Manufactured Product,unresolved,,,,best=crossref:1.00:10.1002/j.1538-7305.1930.tb00373.x; skipped=arxiv (rate-limited),0.001
after,Page_1954_continuous-inspection-schemes,b21,,unresolved,,,,no_title_or_author (nothing to search on),0.0
after,Page_1954_continuous-inspection-schemes,b22,Sequential Analysis,unresolved,,,,best=semanticscholar:1.00:10.4135/9781412961288.n412; skipped=arxiv (rate-limited),0.907
after,Page_1954_continuous-inspection-schemes,b23,,unresolved,,,,no_title_or_author (nothing to search on),0.0
after,Page_1954_continuous-inspection-schemes,b24,,unresolved,,,,no_title_or_author (nothing to search on),0.0
after,Laurance_1998_rain-forest-fragmentation-dynamics,b1,Regeneration of tropical forests: physiological responses of pioneer and secondary species,unresolved,,,,best=crossref:0.61:10.1007/978-3-540-71793-5_5; skipped=arxiv (rate-limited),6.287
after,Laurance_1998_rain-forest-fragmentation-dynamics,b5,Wind turbulence generated by vegetation and its implications,unresolved,,semanticscholar,,accepted at semanticscholar but the candidate carries no DOI,0.888
after,Laurance_1998_rain-forest-fragmentation-dynamics,b8,The role of disturbance in the regeneration of Neotropical moist forests,unresolved,,,,best=crossref:0.39:10.1201/b16536-6; skipped=arxiv (rate-limited),1.026
after,Laurance_1998_rain-forest-fragmentation-dynamics,b11,The influence of edge effects and forest fragmentation on leaf litter invertebrates in central Amazonia,unresolved,,,,best=crossref:0.56:10.1016/s0006-3207(99)00079-8; skipped=arxiv (rate-limited),19.368
after,Laurance_1998_rain-forest-fragmentation-dynamics,b16,Edge-related changes in environment and plant responses due to forest fragmentation in central Amazonia,unresolved,,,,best=crossref:0.49:10.1016/j.foreco.2016.08.002; skipped=arxiv (rate-limited),0.901
after,Laurance_1998_rain-forest-fragmentation-dynamics,b24,Edge and other effects of isolation on Amazon forest fragments,unresolved,,semanticscholar,,accepted at semanticscholar but the candidate carries no DOI,0.926
after,Laurance_1998_rain-forest-fragmentation-dynamics,b25,The theory of island biogeography,unresolved,,,,best=semanticscholar:1.00:10.2307/2790; skipped=arxiv (rate-limited),7.073
after,Laurance_1998_rain-forest-fragmentation-dynamics,b29,Increasing turnover through time in tropical forests,unresolved,,,,best=crossref:1.00:10.1126/science.263.5149.954; skipped=arxiv (rate-limited),0.981
after,Laurance_1998_rain-forest-fragmentation-dynamics,b31,Preliminary results of a large-scale inventory of upland rain forest in the central Amazon,unresolved,,,,best=crossref:0.97:10.1590/1809-43921992224534; skipped=arxiv (rate-limited),19.083
after,Laurance_1998_rain-forest-fragmentation-dynamics,b32,Silviculture in windy climates,unresolved,,,,best=crossref:0.47:10.1080/03009480510010000; skipped=arxiv (rate-limited),0.821
after,Laurance_1998_rain-forest-fragmentation-dynamics,b33,Forest patches in tropical landscapes,unresolved,,,,best=semanticscholar:1.00:10.5070/g31710275; skipped=arxiv (rate-limited),1.113
after,Laurance_1998_rain-forest-fragmentation-dynamics,b34,Minimum population sizes for species conservation,unresolved,,,,best=crossref:1.00:10.2307/1308256; skipped=arxiv (rate-limited),1.021
after,Laurance_1998_rain-forest-fragmentation-dynamics,b37,The impact of edge formation on regeneration and litterfall in a tropical rain forest fragment in Amazonia,unresolved,,,,best=crossref:0.60:10.1007/978-94-017-2730-3_13; skipped=arxiv (rate-limited),6.972
after,Laurance_1998_rain-forest-fragmentation-dynamics,b38,Third edition,unresolved,,,,best=semanticscholar:1.00:10.2307/804317; skipped=arxiv (rate-limited),0.758
after,Laurance_1998_rain-forest-fragmentation-dynamics,b39,Predicting impacts of habitat fragmentation on forest birds: a comparison of two models,unresolved,,,,best=crossref:0.59:10.1007/bf00324229; skipped=arxiv (rate-limited),1.135
after,Laurance_1998_rain-forest-fragmentation-dynamics,b42,Ecological impact of alien plant species in Singapore,unresolved,,,,best=crossref:0.54:10.1016/j.ecolind.2019.106020; skipped=arxiv (rate-limited),1.003
after,Laurance_1998_rain-forest-fragmentation-dynamics,b43,Dynamics and restoration of forest fragments in the Brazilian Atlantic moist forest,unresolved,,semanticscholar,,accepted at semanticscholar but the candidate carries no DOI,7.339
after,Laurance_1998_rain-forest-fragmentation-dynamics,b44,"Tropical forest disturbance, disappearance, and species loss",unresolved,,,,best=crossref:0.34:10.7287/peerj.13270v0.2/reviews/1; skipped=arxiv (rate-limited),0.829
after,Laurance_1998_rain-forest-fragmentation-dynamics,b45,Systat: the system for statistics,unresolved,,,,best=semanticscholar:0.40:10.1016/0022-4405(87)90083-5; skipped=arxiv (rate-limited),7.328
after,Burnicki_2011_spatio-temporal-errors-land-cover,b1,Exploratory spatial analysis in GIS: generating geographical hypothesis from spatial data,unresolved,,,,best=crossref:0.99:10.1201/9781003572800-13; skipped=arxiv (rate-limited),0.987
after,Burnicki_2011_spatio-temporal-errors-land-cover,b2,Interactive Spatial Data Analysis,unresolved,,,,best=semanticscholar:1.00:10.2307/2265559; skipped=arxiv (rate-limited),0.942
after,Burnicki_2011_spatio-temporal-errors-land-cover,b3,Sampling systems for change detection accuracy assessment,unresolved,,,,best=crossref:0.54:10.1201/9780203497586.ch2; skipped=arxiv (rate-limited),16.65
after,Burnicki_2011_spatio-temporal-errors-land-cover,b4,Frost followed the plow: impacts of deforestation on the climate of the United States,ambiguous,,crossref,1.0,2 distinct works accepted at crossref,0.002
after,Burnicki_2011_spatio-temporal-errors-land-cover,b5,Point Pattern Analysis,unresolved,,,,best=crossref:1.00:10.1201/b16195-5; skipped=arxiv (rate-limited),0.942
after,Burnicki_2011_spatio-temporal-errors-land-cover,b7,Spatial correlation effects upon accuracy of supervised classification of land cover,unresolved,,,,best=crossref:0.67:10.7717/peerj.6617/table-2; skipped=arxiv (rate-limited),1.638
after,Burnicki_2011_spatio-temporal-errors-land-cover,b8,Evaluating the uncertainty of area estimates derived from fuzzy land-cover classification,unresolved,,semanticscholar,,accepted at semanticscholar but the candidate carries no DOI,0.565
after,Burnicki_2011_spatio-temporal-errors-land-cover,b10,Performance of a spatio-temporal error model for raster data sets under complex error patterns,unresolved,,,,no_title_or_author (nothing to search on),0.0
after,Burnicki_2011_spatio-temporal-errors-land-cover,b12,Modelling error in overlaid categorical maps,resolved,10.1201/b12612-12,semanticscholar,0.9885,via=semanticscholar; ratio=0.99; year=1989,0.905
after,Burnicki_2011_spatio-temporal-errors-land-cover,b14,Sampling Techniques,unresolved,,,,best=semanticscholar:1.00:-; skipped=arxiv (rate-limited),1.032
after,Burnicki_2011_spatio-temporal-errors-land-cover,b15,Using spatial autocorrelation analysis to explore the errors in maps generated from remotely sensed data,unresolved,,semanticscholar,,accepted at semanticscholar but the candidate carries no DOI,1.098
after,Burnicki_2011_spatio-temporal-errors-land-cover,b17,Assessing the Accuracy of Remotely Sensed Data: Principles and Practices,resolved,10.1201/9781420048568,semanticscholar,1.0,via=semanticscholar; ratio=1.00; year=1998,0.982
after,Burnicki_2011_spatio-temporal-errors-land-cover,b18,Change detection accuracy assessment on the NOAA Chesapeake Bay pilot study,unresolved,,,,best=crossref:0.62:10.5962/bhl.title.122814; skipped=arxiv (rate-limited),0.996
after,Burnicki_2011_spatio-temporal-errors-land-cover,b19,Carbon emissions from tropical deforestation and regrowth based on satellite observations for the 1980s and,unresolved,,,,best=crossref:0.97:10.1073/pnas.182560099; skipped=arxiv (rate-limited),0.002
after,Burnicki_2011_spatio-temporal-errors-land-cover,b22,Status of land cover classification accuracy assessment. Remote Sensing of Environment,unresolved,,,,best=crossref:0.79:10.1016/s0034-4257(01)00295-4; skipped=arxiv (rate-limited),0.001
after,Burnicki_2011_spatio-temporal-errors-land-cover,b23,"Models of Spatial Processes: An Approach to the Study of Point, Line and Area Patterns",resolved,10.2307/214811,semanticscholar,1.0,via=semanticscholar; ratio=1.00; year=1979,7.288
after,Burnicki_2011_spatio-temporal-errors-land-cover,b27,"Land Change Science: Observing, Monitoring, and Understanding Trajectories of Change on the Earth's Surface",unresolved,,semanticscholar,,accepted at semanticscholar but the candidate carries no DOI,1.022
after,Burnicki_2011_spatio-temporal-errors-land-cover,b28,Spatial Data Analysis in the Social and Environmental Sciences,unresolved,,,,best=semanticscholar:1.00:10.2307/622384; skipped=arxiv (rate-limited),6.918
after,Burnicki_2011_spatio-temporal-errors-land-cover,b29,Spatial Data Analysis: Theory and Practice,unresolved,,,,best=semanticscholar:1.00:10.1111/j.1442-9993.2005.1414_4_4.x; skipped=arxiv (rate-limited),0.928
after,Burnicki_2011_spatio-temporal-errors-land-cover,b35,Introductory Digital Image Processing: A Remote Sensing Perspective,unresolved,,,,best=crossref:1.00:10.1016/0262-8856(86)90052-1; skipped=arxiv (rate-limited),0.951
after,Burnicki_2011_spatio-temporal-errors-land-cover,b36,Accuracy Assessment of Remote Sensing-Derived Change Detection,unresolved,,,,best=crossref:0.59:10.1016/0034-4257(89)90047-3; skipped=arxiv (rate-limited),0.958
after,Burnicki_2011_spatio-temporal-errors-land-cover,b37,A research paradigm for propagating error in layer-based GIS,unresolved,,semanticscholar,,accepted at semanticscholar but the candidate carries no DOI,6.417
after,Burnicki_2011_spatio-temporal-errors-land-cover,b39,Generalized linear mixed models for analyzing error in a satellite-based vegetation map of Utah,unresolved,,,,best=semanticscholar:1.00:-; skipped=arxiv (rate-limited),6.983
after,Burnicki_2011_spatio-temporal-errors-land-cover,b40,Accuracy assessment curves for satellite-based change detection,unresolved,,semanticscholar,,accepted at semanticscholar but the candidate carries no DOI,1.644
after,Burnicki_2011_spatio-temporal-errors-land-cover,b42,Global Land Project Science Plan and Implementation Strategy,unresolved,,,,best=crossref:0.48:10.2471/b09072; skipped=arxiv (rate-limited),0.476
after,Burnicki_2011_spatio-temporal-errors-land-cover,b43,Sampling method and sample placement: how do they affect the accuracy of remotely sensed maps?,resolved,10.14358/pers.69.3.289,semanticscholar,1.0,via=semanticscholar; ratio=1.00; year=2003,1.106
after,Burnicki_2011_spatio-temporal-errors-land-cover,b45,Applying spatial autocorrelation analysis to evaluate error in New England forest-cover-type maps derived from Landsat t,unresolved,,semanticscholar,,accepted at semanticscholar but the candidate carries no DOI,1.056
after,Burnicki_2011_spatio-temporal-errors-land-cover,b47,Spatial Statistics,unresolved,,,,best=semanticscholar:1.00:10.4135/9781412952644.n423; skipped=arxiv (rate-limited),0.809
after,Burnicki_2011_spatio-temporal-errors-land-cover,b51,"2003a, Statistical sampling to characterize recent United States land-cover change. Remote Sensing of Environment",unresolved,,,,best=crossref:0.81:10.1016/s0034-4257(03)00129-9; skipped=arxiv (rate-limited),1.17
after,Burnicki_2011_spatio-temporal-errors-land-cover,b54,Sampling,unresolved,,,,best=crossref:0.22:10.4135/9781452272047.n3; skipped=arxiv (rate-limited),0.779
after,Burnicki_2011_spatio-temporal-errors-land-cover,b55,Land-Use and Land-Cover Change Science/Research Plan,unresolved,,semanticscholar,,accepted at semanticscholar but the candidate carries no DOI,1.1
after,Burnicki_2011_spatio-temporal-errors-land-cover,b56,TIGER ® /Line Files,unresolved,,,,no_title_or_author (nothing to search on),0.0
after,Goodchild_2004_general-framework-error-analysis,b0,Measurement-based GIS,unresolved,,,,best=crossref:1.00:10.1201/b12657-9; skipped=arxiv (rate-limited),0.96
after,Goodchild_2004_general-framework-error-analysis,b1,Measurement-based GIS,resolved,10.4324/9780203303245_chapter_one,semanticscholar,1.0,via=semanticscholar; ratio=1.00; year=2002,0.008
after,Goodchild_2004_general-framework-error-analysis,b2,A general framework for error analysis in measurement-based GIS: a summary,unresolved,,,,best=crossref:0.93:10.1007/s10109-004-0140-5; skipped=arxiv (rate-limited),1.15
after,Goodchild_2004_general-framework-error-analysis,b3,An Introduction to Error Analysis: The Study of Uncertainties in Physical Measurements,unresolved,,,,best=crossref:1.00:10.1088/0957-0233/9/6/022; skipped=arxiv (rate-limited),0.921
after,Shi_1998_generic-statistical-approach-modelling,b0,Error-band as measurers of geometrical accuracy,unresolved,,,,best=crossref:0.39:10.1016/0921-8890(91)90023-e; skipped=arxiv (rate-limited),0.947
after,Shi_1998_generic-statistical-approach-modelling,b1,A theory of cartographic error and its measurement in digital data base,unresolved,,,,best=semanticscholar:0.99:-; skipped=arxiv (rate-limited),16.99
after,Shi_1998_generic-statistical-approach-modelling,b2,Handling positional uncertainty in spatial databases,unresolved,,,,best=crossref:0.89:10.1201/9781420059281.sec2; skipped=arxiv (rate-limited),1.021
after,Shi_1998_generic-statistical-approach-modelling,b3,Observations and L east Squares,unresolved,,,,best=crossref:0.98:10.17077/etd.8tj1kn7f; skipped=arxiv (rate-limited),0.907
after,Shi_1998_generic-statistical-approach-modelling,b4,On the length of empirical curves,unresolved,,,,best=crossref:0.43:10.7717/peerj.14746/fig-6; skipped=arxiv (rate-limited),1.007
after,Shi_1998_generic-statistical-approach-modelling,b5,Approximation T heorems of Mathematical Statistics,unresolved,,,,best=crossref:0.49:10.1002/9780470316481.fmatter; skipped=arxiv (rate-limited),1.034
after,Shi_1998_generic-statistical-approach-modelling,b6,Modelling positional and thematic u ncertainty in integration of GIS and remote sensing,unresolved,,,,best=crossref:0.69:10.1111/1467-9671.00011; skipped=arxiv (rate-limited),6.727
after,Shi_1998_generic-statistical-approach-modelling,b7,Positional error of geometric features in GIS,unresolved,,,,best=crossref:0.56:10.1007/springerreference_61738; skipped=arxiv (rate-limited),6.975
after,Steenberg_2017_influence-building-renovation-rental,b5,"Landscape, Vegetation Characteristics, and Group Identity in an Urban and Suburban Watershed: Why the 60s Matter",unresolved,,,0.24539877300613497,"doi_title_mismatch (ratio 0.25 < 0.85; registry title 'Environmental justice, sustainability and vulnerability')",0.001
after,Steenberg_2017_influence-building-renovation-rental,b9,Community Groups and Urban Forestry Activity: Drivers of Uneven Canopy Cover? Landscape and Urban Planning,unresolved,,,0.8379888268156425,"doi_title_contained (ratio 0.84 < 0.85; registry title 'Community groups and urban forestry activity: Drivers of uneven canopy'; contained 11 words, 0.72 of the longer)",0.001
after,Steenberg_2017_influence-building-renovation-rental,b12,Canadian Climate Normals 1981-2010 Climate Normals and Averages,unresolved,,,,best=crossref:0.65:10.1080/00431672.2011.618800; skipped=arxiv (rate-limited),0.982
after,Steenberg_2017_influence-building-renovation-rental,b22,Correlates of Urban Forest Canopy Cover: Implications for Local Public Works,unresolved,,,0.3231441048034934,doi_title_mismatch (ratio 0.32 < 0.85; registry title 'The Political Ecology of Uneven Urban Green Space'),0.002
after,Steenberg_2017_influence-building-renovation-rental,b24,Models of Direct Editing of Government Spatial Data: Challenges and Constraints to the Acceptance of Contributed Data,unresolved,,,,"doi_not_registered (10.1080/15230406.2016.11765; crossref:404, datacite:404)",0.0
after,Steenberg_2017_influence-building-renovation-rental,b28,,unresolved,,,,no_title_or_author (nothing to search on),0.0
after,Steenberg_2017_influence-building-renovation-rental,b41,Census Profile (Catalogue No. 98-316-XWE),unresolved,,,,no_title_or_author (nothing to search on),0.0
after,Steenberg_2017_influence-building-renovation-rental,b45,Trees in the Urban Landscape,unresolved,,,,best=crossref:0.65:10.1016/j.landurbplan.2013.07.009; skipped=arxiv (rate-limited),6.542
after,Hall_1985_resampling-coverage-pattern,b0,A limit theorem for statistics of spatial data,unresolved,,,,no_title_or_author (nothing to search on),0.0
after,Hall_1985_resampling-coverage-pattern,b6,A review of some nonparametric estimators of density functions,unresolved,,,,best=crossref:0.59:10.33899/iqjoss.2010.30478; skipped=arxiv (rate-limited),0.978
after,Hall_1985_resampling-coverage-pattern,b8,Asymptotic properties of stereological estimators of volume fraction for stationary random sets,ambiguous,,crossref,1.0,2 distinct works accepted at crossref,0.003
after,Hall_1985_resampling-coverage-pattern,b9,The random volume of interpenetrating spheres in space,ambiguous,,crossref,1.0,2 distinct works accepted at crossref,0.001
after,Hall_1985_resampling-coverage-pattern,b10,Image Analysis and Mathematical Morphology,resolved,10.2307/2531038,semanticscholar,1.0,via=semanticscholar; ratio=1.00; year=1983,1.035
confirmed,Benedek_2015_multilayer-markov-random-field-models,b4,Markovian framework for structural change detection with application on detecting built-in changes in airborne images,unresolved,,semanticscholar,1.0,s2_candidate_has_no_doi (nothing to confirm),0.003
confirmed,Benedek_2015_multilayer-markov-random-field-models,b10,WAFO -a Matlab toolbox for the analysis of random waves and loads,unresolved,,semanticscholar,0.9677,s2_candidate_has_no_doi (nothing to confirm),0.001
confirmed,Benedek_2015_multilayer-markov-random-field-models,b17,Change detection based on conditional random field models,unresolved,,semanticscholar,1.0,s2_candidate_has_no_doi (nothing to confirm),0.003
confirmed,Benedek_2015_multilayer-markov-random-field-models,b19,Histograms of oriented gradients for human detection,resolved,10.1109/cvpr.2005.177,semanticscholar,1.0,via=semanticscholar; ratio=1.00; year=2005,0.001
confirmed,Benedek_2015_multilayer-markov-random-field-models,b21,Mixed Markov models,unresolved,,,,best=arxiv:0.49:10.48550/arXiv.1510.02583,0.412
confirmed,Benedek_2015_multilayer-markov-random-field-models,b22,The determination of optimal threshold levels for change detection using various accuracy indices,unresolved,,,,best=semanticscholar:1.00:-,0.001
confirmed,Benedek_2015_multilayer-markov-random-field-models,b24,"Stochastic relaxation, gibbs distributions, and the bayesian restoration of images",resolved,10.1109/tpami.1984.4767596,semanticscholar,1.0,via=semanticscholar; ratio=1.00; year=1984,0.004
confirmed,Benedek_2015_multilayer-markov-random-field-models,b35,Multicue MRF image segmentation: combining texture and color,resolved,10.1109/icpr.2002.1044836,semanticscholar,0.9291,via=semanticscholar; ratio=0.93; year=2002,0.001
confirmed,Benedek_2015_multilayer-markov-random-field-models,b36,Factorial Markov random fields,resolved,10.1007/3-540-47977-5_21,semanticscholar,1.0,via=semanticscholar; ratio=1.00; year=2002,0.001
confirmed,Benedek_2015_multilayer-markov-random-field-models,b47,Unsupervised change detection in remotesensing images using modified self-organizing feature map neural network,ambiguous,,crossref,0.9955,2 distinct works accepted at crossref,0.002
confirmed,Benedek_2015_multilayer-markov-random-field-models,b48,Some generalized order-disorder transformation,resolved,10.1017/s0305004100027419,semanticscholar,0.9892,via=semanticscholar; ratio=0.99; year=1952,0.0
confirmed,Benedek_2015_multilayer-markov-random-field-models,b53,A Markov random field approach for sidescan sonar change detection,unresolved,,,,best=crossref:1.00:10.1109/joe.2012.2206677,0.012
confirmed,Benedek_2015_multilayer-markov-random-field-models,b57,A comparative study of energy minimization methods for Markov Random Fields,resolved,10.1007/11744047_2,semanticscholar,1.0,via=semanticscholar; ratio=1.00; year=2006,0.002
confirmed,Benedek_2015_multilayer-markov-random-field-models,b61,Survey of clustering algorithms,resolved,10.1109/tnn.2005.845141,semanticscholar,1.0,via=semanticscholar; ratio=1.00; year=2005,0.001
confirmed,Alwan_1988_time-series-modeling-statistical-process,b0,The Analysis of Single and Related Time Series Into Components: Proposals for Improving X-11,unresolved,,,,best=semanticscholar:1.00:-,0.011
confirmed,Alwan_1988_time-series-modeling-statistical-process,b2,"Time Series Analysis, Forecasting and Control",unresolved,,,,best=crossref:1.00:10.1111/j.1467-9892.2009.00643.x,0.009
confirmed,Alwan_1988_time-series-modeling-statistical-process,b3,Some Recent Advances in Forecasting and Control: Part 11,unresolved,,,,best=crossref:0.92:10.5040/9781666990355.ch-7,0.01
confirmed,Alwan_1988_time-series-modeling-statistical-process,b4,"Quality, Productiviry and Competitive Position",unresolved,,,,best=crossref:0.55:10.14706/icesos177,0.009
confirmed,Alwan_1988_time-series-modeling-statistical-process,b6,The Quality Measurement Plan,resolved,10.1002/j.1538-7305.1981.tb00239.x,semanticscholar,0.9333,via=semanticscholar; ratio=0.93; year=1981,0.001
confirmed,Alwan_1988_time-series-modeling-statistical-process,b7,The EWMA,unresolved,,,,best=semanticscholar:0.55:10.1080/14697688.2022.2140699,0.014
confirmed,Alwan_1988_time-series-modeling-statistical-process,b8,Introduction to Statistical Quality Control,unresolved,,,,best=semanticscholar:1.00:10.1198/tech.2007.s465,0.009
confirmed,Alwan_1988_time-series-modeling-statistical-process,b9,Continuous Inspection Schemes,ambiguous,,crossref,1.0,2 distinct works accepted at crossref,0.0
confirmed,Alwan_1988_time-series-modeling-statistical-process,b10,"Comment on ""The Analysis of Single and Related Time Series Into Components: Proposals for Improving X-11",unresolved,,,,best=semanticscholar:0.94:-,0.015
confirmed,Alwan_1988_time-series-modeling-statistical-process,b11,Economic Control of Quality of Manufactured Product,unresolved,,,,best=crossref:1.00:10.1002/j.1538-7305.1930.tb00373.x,0.009
confirmed,Alwan_1988_time-series-modeling-statistical-process,b13,Modern Methods for Quality Control and Improvement,unresolved,,semanticscholar,1.0,"review_record (10.2307/1269348; crossref author list ['sylwester', 'wadsworth', 'stephens', 'godfrey'] is prefixed by 'sylwester'; the reference's first author 'wadsworth' appears at position 1 — the reviewer, then the w",0.001
confirmed,Bellettini_2002_total-variation-flow,b1,Functions of bounded variation and free discontinuity problems,unresolved,,semanticscholar,1.0,s2_candidate_has_no_doi (nothing to confirm),0.001
confirmed,Bellettini_2002_total-variation-flow,b2,Minimizing total variational flow,unresolved,,,,best=arxiv:0.55:10.48550/arXiv.1706.03223,0.012
confirmed,Bellettini_2002_total-variation-flow,b3,The Dirichlet problem for the total variational flow,resolved,10.1006/jfan.2000.3698,semanticscholar,0.9804,via=semanticscholar; ratio=0.98; year=2001,0.001
confirmed,Bellettini_2002_total-variation-flow,b4,Qualitative properties of the total variation flow,unresolved,,,,best=crossref:0.92:10.1080/00036811.2022.2153677,0.01
confirmed,Bellettini_2002_total-variation-flow,b12,An L 1theory of existence and uniqueness of solution of nonlinear elliptic equations,unresolved,,,,best=semanticscholar:0.99:-,0.01
confirmed,Bellettini_2002_total-variation-flow,b13,"Regularizing effects in homogeneous equations, in ''Contributions to Analysis and Geometry",unresolved,,,,best=crossref:0.65:10.21236/ada086561,0.01
confirmed,Bellettini_2002_total-variation-flow,b14,"Completely accretive operators, in ''Semigroups Theory and Evolution Equations",unresolved,,,,best=crossref:0.57:10.1201/9781003419914-4,0.012
confirmed,Bellettini_2002_total-variation-flow,b15,,unresolved,,,,no_title_or_author (nothing to search on),0.0
confirmed,Bellettini_2002_total-variation-flow,b18,,unresolved,,,,no_title_or_author (nothing to search on),0.0
confirmed,Bellettini_2002_total-variation-flow,b19,Nonlinear approximation and the space BV,unresolved,,semanticscholar,0.9195,s2_candidate_has_no_doi (nothing to confirm),0.001
confirmed,Bellettini_2002_total-variation-flow,b20,Generation of semigroups of nonlinear transformations on general banach spaces,unresolved,,,,best=crossref:0.82:10.1016/b978-0-12-775850-3.50010-8,0.011
confirmed,Bellettini_2002_total-variation-flow,b21,Denoising via soft-thresholding,unresolved,,,,best=crossref:0.60:10.3390/app10062191,0.011
confirmed,Bellettini_2002_total-variation-flow,b25,Measure Theory and Fine Properties of Functions,unresolved,,semanticscholar,1.0,s2_candidate_has_no_doi (nothing to confirm),0.001
confirmed,Bellettini_2002_total-variation-flow,b27,Notions of Convexity,unresolved,,,,best=arxiv:0.52:10.48550/arXiv.0809.0812,0.015
confirmed,Bellettini_2002_total-variation-flow,b28,First order quasilinear equations in several independent variables,unresolved,,,,best=crossref:1.00:10.1070/sm1970v010n02abeh002156,0.011
confirmed,Bellettini_2002_total-variation-flow,b31,Le Role des Oscillations Dans Quelques Probl! e ems D'analyse Non-Lin! e eaire,unresolved,,,,best=crossref:0.33:10.3726/978-3-0352-0326-4/16,0.01
confirmed,Bellettini_2002_total-variation-flow,b33,Exact Solutions to Total Variation Regularization problems,unresolved,,semanticscholar,1.0,s2_candidate_has_no_doi (nothing to confirm),0.001
confirmed,Bellettini_2002_total-variation-flow,b34,A nonlinear primal-dual method for total variation based image restoration,unresolved,,,,best=crossref:1.00:10.1137/s1064827596299767,0.01
confirmed,Bellettini_2002_total-variation-flow,b35,"Fast total variation based image reconstruction, in ''Proceedings of the",unresolved,,,,best=crossref:0.81:10.1109/83.679423,0.011
confirmed,Bellettini_2002_total-variation-flow,b36,Fast wavelet techniques for near optimal image processing,unresolved,,,,best=crossref:1.00:10.1109/milcom.1992.244110,0.011
confirmed,Bellettini_2002_total-variation-flow,b37,Weakly Differentiable Functions,unresolved,,,,best=arxiv:0.83:10.48550/arXiv.1411.3287,0.014
confirmed,Abercrombie_2016_improving-consistency,b1,Global consequences of land use,resolved,10.1126/science.1111772,semanticscholar,1.0,via=semanticscholar; ratio=1.00; year=2005,0.001
confirmed,Abercrombie_2016_improving-consistency,b7,GLOBCOVER: The most detailed portrait of Earth,unresolved,,semanticscholar,1.0,s2_candidate_has_no_doi (nothing to confirm),0.001
confirmed,Abercrombie_2016_improving-consistency,b15,Change detection techniques,resolved,10.1080/0143116031000139863,semanticscholar,1.0,via=semanticscholar; ratio=1.00; year=2004,0.002
confirmed,Abercrombie_2016_improving-consistency,b16,Bayesian classification in a time-varying environment,unresolved,,semanticscholar,1.0,crossref_no_author (10.1109/tsmc.1978.4309889; crossref carries no author for this record),0.001
confirmed,Abercrombie_2016_improving-consistency,b26,"First operational BRDF, albedo nadir reflectance products from MODIS",resolved,10.1016/s0034-4257(02)00091-3,semanticscholar,1.0,via=semanticscholar; ratio=1.00; year=2002,0.002
confirmed,Abercrombie_2016_improving-consistency,b27,5: Programs for Machine Learning,unresolved,,,,best=crossref:0.47:10.1023/a:1010924021315,0.01
confirmed,Abercrombie_2016_improving-consistency,b28,A tutorial On hidden Markov models and selected applications in speech recognition,ambiguous,,crossref,1.0,2 distinct works accepted at crossref,0.001
confirmed,Abercrombie_2016_improving-consistency,b29,Use of hidden Markov models and phenology for multitemporal satellite image classification: Applications to mountain veg,unresolved,,,,no_title_or_author (nothing to search on),0.0
confirmed,Abercrombie_2016_improving-consistency,b30,Time-series analysis of satellite images for forest cover change monitoring in Tanzania,unresolved,,,,best=crossref:0.52:10.18174/649013,0.01
confirmed,Abercrombie_2016_improving-consistency,b31,Pattern Recognition and Machine Learning,unresolved,,,,best=semanticscholar:1.00:10.1007/978-0-387-45528-0,0.017
confirmed,Abercrombie_2016_improving-consistency,b32,Completion of the 2006 national land cover database for the conterminous united states,unresolved,,semanticscholar,1.0,s2_candidate_has_no_doi (nothing to confirm),0.002
confirmed,Abercrombie_2016_improving-consistency,b33,The IGBP DISCover confidence sites and the system for terrestrial ecosystem parameterization: Tools for validating globa,unresolved,,,,best=crossref:0.35:10.1080/014311697217099,2.586
confirmed,Abercrombie_2016_improving-consistency,b34,Project PRODES: Monitoring the Brazilian amazon forests by satellite,unresolved,,,,no_title_or_author (nothing to search on),0.0
confirmed,Abercrombie_2016_improving-consistency,b38,A gentle tutorial of the EM algorithm and its application to parameter estimation for Gaussian mixture and hidden Markov,unresolved,,,,best=semanticscholar:0.99:-,3.116
confirmed,Efron_2004_estimation-prediction-error-covariance,b0,Information Theory and an Extension of the Maximum Likelihood Principle,ambiguous,,semanticscholar,1.0,"edition_mismatch (10.1007/978-1-4612-0919-5_38; same title, shared authorship, crossref 1992 vs reference 1973 — a sibling edition, not this one)",0.001
confirmed,Efron_2004_estimation-prediction-error-covariance,b3,Improvements on Cross-Validation: The 632+ Bootstrap Method,ambiguous,,crossref,1.0,2 distinct works accepted at crossref,0.001
confirmed,Efron_2004_estimation-prediction-error-covariance,b4,,unresolved,,,,no_title_or_author (nothing to search on),0.0
confirmed,Efron_2004_estimation-prediction-error-covariance,b5,,unresolved,,,,no_title_or_author (nothing to search on),0.0
confirmed,Efron_2004_estimation-prediction-error-covariance,b6,"Asymptotic Optimality for C p , C L , Cross-Validation and Generalized Cross-Validation: Discrete Index Set",unresolved,,,,best=crossref:1.00:10.1214/aos/1176350486,2.889
confirmed,Efron_2004_estimation-prediction-error-covariance,b7,Some Comments on C p,unresolved,,,,best=crossref:0.79:10.5194/os-2017-16-rc1,20.116
confirmed,Efron_2004_estimation-prediction-error-covariance,b8,Convex Analysis,unresolved,,,,best=semanticscholar:1.00:10.1201/9780429332104-3,0.411
confirmed,Efron_2004_estimation-prediction-error-covariance,b10,Adaptive Model Selection,resolved,10.1198/016214502753479356,semanticscholar,1.0,via=semanticscholar; ratio=1.00; year=2002,0.002
confirmed,Conley_1999_gmm-estimation-cross-sectional,b0,The Geometry of Random Fields,unresolved,,,,best=semanticscholar:1.00:10.1137/1.9780898718980,29.22
confirmed,Conley_1999_gmm-estimation-cross-sectional,b1,Advanced Econometrics,unresolved,,,,best=semanticscholar:0.78:-,4.308
confirmed,Conley_1999_gmm-estimation-cross-sectional,b4,Economic growth in a cross section of countries,unresolved,,,,best=crossref:1.00:10.3386/w3120,1.722
confirmed,Conley_1999_gmm-estimation-cross-sectional,b8,"Economic distance, spillovers, and growth",unresolved,,,,best=crossref:0.66:10.4337/9781782543190.00009,2.918
confirmed,Conley_1999_gmm-estimation-cross-sectional,b9,Spatial patterns in labor markets: Malaysian development,unresolved,,,,best=crossref:0.57:10.37473/dac/10.1038/s41467-021-22086-3,3.039
confirmed,Conley_1999_gmm-estimation-cross-sectional,b10,Statistics for Spatial Data,unresolved,,,,best=crossref:1.00:10.1002/9781119115151.ch1,2.963
confirmed,Conley_1999_gmm-estimation-cross-sectional,b11,An Introduction to the Theory of Point Processes,unresolved,,,,best=semanticscholar:1.00:10.1007/978-0-387-49835-5,3.064
confirmed,Conley_1999_gmm-estimation-cross-sectional,b12,Spatial correlations in panel data,unresolved,,,,best=crossref:1.00:10.1596/1813-9450-1553,2.915
confirmed,Conley_1999_gmm-estimation-cross-sectional,b13,Spatial correlations and cross-country regressions,unresolved,,,,best=crossref:0.65:10.1111/j.1753-0237.2010.00177.x,3.064
confirmed,Conley_1999_gmm-estimation-cross-sectional,b15,Estimation d'un Champ par Pseudo-Vraisemblance Conditionnelle: Etude Asymptotic et Application au Cas Markovien,unresolved,,,,best=crossref:0.51:10.70675/85015a76zbfacz48bez8ba4z4c04b6a77553,2.893
confirmed,Conley_1999_gmm-estimation-cross-sectional,b16,On the nonparametric estimation of covariance functions,unresolved,,,,best=crossref:1.00:10.1214/aos/1176325774,3.097
confirmed,Conley_1999_gmm-estimation-cross-sectional,b19,Lecture notes on large sample theory,unresolved,,,,best=crossref:0.69:10.1007/978-1-4612-2660-4_4,2.993
confirmed,Conley_1999_gmm-estimation-cross-sectional,b20,Econometric evaluation of asset pricing models,unresolved,,,,best=crossref:1.00:10.2139/ssrn.5360147,3.017
confirmed,Conley_1999_gmm-estimation-cross-sectional,b21,Independent and Stationary Sequences of Random Variables,unresolved,,semanticscholar,1.0,s2_candidate_has_no_doi (nothing to confirm),0.002
confirmed,Conley_1999_gmm-estimation-cross-sectional,b22,Particulate pollution trends in the 1980's. Columbia University,unresolved,,,,best=crossref:0.55:10.24124/2005/bpgub314,2.954
confirmed,Conley_1999_gmm-estimation-cross-sectional,b23,A generalized moments estimator for the autoregressive parameter in a spatial model,unresolved,,,,best=crossref:1.00:10.1111/1468-2354.00027,3.007
confirmed,Conley_1999_gmm-estimation-cross-sectional,b24,,unresolved,,,,no_title_or_author (nothing to search on),0.0
confirmed,Conley_1999_gmm-estimation-cross-sectional,b26,"Large Sample Estimation and Hypothesis Testing, Handbook of Econometrics",unresolved,,,,best=crossref:0.72:10.1016/s1573-4412(05)80005-4,3.005
confirmed,Conley_1999_gmm-estimation-cross-sectional,b27,"A simple, positive semi-de""nite, heteroskedasticity and autocorrelation consistent covariance matrix",ambiguous,,crossref,0.9848,2 distinct works accepted at crossref,0.002
confirmed,Conley_1999_gmm-estimation-cross-sectional,b28,Spectral Analysis and Time Series vols. I and II,unresolved,,,,best=crossref:0.53:10.2307/j.ctv14jx6sm.9,5.541
confirmed,Conley_1999_gmm-estimation-cross-sectional,b29,International patterns in growth: I. Persistence in Cross-country Disparities. Working paper,unresolved,,,,best=crossref:0.60:10.21642/gtap.wp34,0.419
confirmed,Conley_1999_gmm-estimation-cross-sectional,b31,"Wages, rent, and the quality of life",resolved,10.1086/261120,semanticscholar,0.9855,via=semanticscholar; ratio=0.99; year=1982,0.001
confirmed,Conley_1999_gmm-estimation-cross-sectional,b34,Asymptotic Theory for Econometricians,unresolved,,,,best=crossref:1.00:10.1016/c2009-0-21869-1,3.061
confirmed,Guo_2018_redeveloping-urban-forest-effect,b1,Urban Morphology Drives the Homogenization of Tree Cover,unresolved,,,0.7832167832167832,"doi_title_contained (ratio 0.78 < 0.85; registry title 'Urban Morphology Drives the Homogenization of Tree Cover in Baltimore,'; contained 8 words, 0.64 of the longer)",0.001
confirmed,Guo_2018_redeveloping-urban-forest-effect,b2,"Trees in relation to design, demolition and construction -Recommendations",unresolved,,,,no_title_or_author (nothing to search on),0.0
confirmed,Guo_2018_redeveloping-urban-forest-effect,b5,Tending their urban forest: Residents' motivations for tree planting and removal. Urban Forestry and Urban Greening,unresolved,,,0.8167539267015707,"doi_title_contained (ratio 0.82 < 0.85; registry title 'Tending their urban forest: Residents’ motivations for tree planting a'; contained 11 words, 0.70 of the longer)",0.002
confirmed,Guo_2018_redeveloping-urban-forest-effect,b9,The R book,unresolved,,,,best=semanticscholar:1.00:10.1002/9780470515075,2.916
confirmed,Guo_2018_redeveloping-urban-forest-effect,b13,ArcGIS desktop,unresolved,,,,best=crossref:0.65:10.46927/pasisiguri,3.094
confirmed,Guo_2018_redeveloping-urban-forest-effect,b14,Best Management Practices (BMP) -Managing Trees During Construction,unresolved,,,,best=crossref:0.45:10.7717/peerj.7093/fig-1,2.997
confirmed,Guo_2018_redeveloping-urban-forest-effect,b21,An introduction to statistical learning,resolved,10.1007/978-1-4614-7138-7,semanticscholar,1.0,via=semanticscholar; ratio=1.00; year=2013,0.002
confirmed,Guo_2018_redeveloping-urban-forest-effect,b23,"Drivers of diversity and tree cover in gardens, parks and streetscapes in an Australian city. Urban Forestry and Urban G",unresolved,,,0.8425925925925926,"doi_title_contained (ratio 0.84 < 0.85; registry title 'Drivers of diversity and tree cover in gardens, parks and streetscapes'; contained 15 words, 0.73 of the longer)",0.0
confirmed,Guo_2018_redeveloping-urban-forest-effect,b26,"Factors influencing long-term street tree survival in Milwaukee, WI, USA. Urban Forestry and Urban Greening",unresolved,,,0.8045977011494253,"doi_title_contained (ratio 0.80 < 0.85; registry title 'Factors influencing long-term street tree survival in Milwaukee, WI, U'; contained 11 words, 0.67 of the longer)",0.001
confirmed,Guo_2018_redeveloping-urban-forest-effect,b27,Spatiotemporal patterns of tree canopy cover and socioeconomics in Melbourne. Urban Forestry and Urban Greening,unresolved,,,0.8172043010752689,"doi_title_contained (ratio 0.82 < 0.85; registry title 'Spatiotemporal patterns of tree canopy cover and socioeconomics in Mel'; contained 10 words, 0.69 of the longer)",0.001
confirmed,Guo_2018_redeveloping-urban-forest-effect,b28,Spatial and Temporal Patterns Associated with Permitted Tree Removal,unresolved,,,0.8395061728395061,"doi_title_contained (ratio 0.84 < 0.85; registry title 'Spatial and Temporal Patterns Associated with Permitted Tree Removal i'; contained 9 words, 0.72 of the longer)",0.0
confirmed,Guo_2018_redeveloping-urban-forest-effect,b33,Million trees Los Angeles canopy cover and benefit assessment. Landscape and Urban Planning,unresolved,,,0.8079470198675497,"doi_title_contained (ratio 0.81 < 0.85; registry title 'Million trees Los Angeles canopy cover and benefit assessment'; contained 9 words, 0.68 of the longer)",0.001
confirmed,Guo_2018_redeveloping-urban-forest-effect,b34,rpart. plot: Plot rpart Models. An Enhanced Version of plot.rpart. R package Morgenroth,unresolved,,,,best=crossref:0.86:10.32614/cran.package.rpart.plot,3.01
confirmed,Guo_2018_redeveloping-urban-forest-effect,b37,A Guideline for Tree and Bush Protection on Development Sites,unresolved,,,,no_title_or_author (nothing to search on),0.0
confirmed,Guo_2018_redeveloping-urban-forest-effect,b39,Tree and impervious cover change in U.S. cities. Urban Forestry and Urban Greening,unresolved,,,0.7301587301587301,doi_title_mismatch (ratio 0.73 < 0.85; registry title 'Tree and impervious cover change in U.S. cities'),0.0
confirmed,Guo_2018_redeveloping-urban-forest-effect,b47,R: A language and environment for statistical computing,unresolved,,semanticscholar,1.0,s2_candidate_has_no_doi (nothing to confirm),0.001
confirmed,Guo_2018_redeveloping-urban-forest-effect,b52,The re-emergence of indigenous forest in an urban environment,unresolved,,,0.8299319727891157,"doi_title_contained (ratio 0.83 < 0.85; registry title 'The re-emergence of indigenous forest in an urban environment, Christc'; contained 10 words, 0.71 of the longer)",0.001
confirmed,Guo_2018_redeveloping-urban-forest-effect,b54,rpart: Recursive Partitioning and Regression Trees. R package version,unresolved,,,,best=crossref:0.84:10.32614/cran.package.rpart,2.92
confirmed,Chrisman_1982_theory-cartographic-error-measurement,b1,An analysis of the effects of temperature and humidity on a variety of drawing media,unresolved,,,,best=crossref:0.36:10.3998/mpub.14477325.cmp.118,3.031
confirmed,Chrisman_1982_theory-cartographic-error-measurement,b2,,unresolved,,,,no_title_or_author (nothing to search on),0.0
confirmed,Chrisman_1982_theory-cartographic-error-measurement,b3,Methods of spatial analysis based on error in categorical maps,unresolved,,,,best=crossref:0.59:10.1201/b12612-12,2.982
confirmed,Chrisman_1982_theory-cartographic-error-measurement,b4,Topological principles in cartography: Proceedings AUTO-CARTO II,unresolved,,,,best=crossref:0.28:10.1559/152304005775194809,3.059
confirmed,Chrisman_1982_theory-cartographic-error-measurement,b6,Statistical methods for rates and proportions,unresolved,,semanticscholar,1.0,"type_mismatch (10.2307/2529186; the reference is a book, publisher 'John Wiley'; crossref says journal-article in 'Biometrics')",0.001
confirmed,Chrisman_1982_theory-cartographic-error-measurement,b7,"Ordnance Survey maps; a descriptive manual, Southampton""! Ordnance Survey ~~",unresolved,,,,best=crossref:0.75:10.2307/1796510,3.069
confirmed,Chrisman_1982_theory-cartographic-error-measurement,b8,Specifications for Land Use and Land Cover and Associated Maps: Open File Number 77-555,unresolved,,,,best=crossref:0.84:10.3133/ofr77555,2.925
confirmed,Chrisman_1982_theory-cartographic-error-measurement,b9,"GIRAS, a geographic information retrieval and analysis system for handling land use and land cover data: U.S. Geological",unresolved,,,,best=crossref:0.83:10.3133/pp1059,2.948
confirmed,Chrisman_1982_theory-cartographic-error-measurement,b10,On epsilon length,unresolved,,,,best=crossref:0.34:10.1021/acs.nanolett.8b04182.s001,5.354
confirmed,Chrisman_1982_theory-cartographic-error-measurement,b11,On the length of empirical curves: Discussion paper 10,unresolved,,,,best=crossref:0.47:10.21034/dp.75,0.663
confirmed,Chrisman_1982_theory-cartographic-error-measurement,b12,A theory of the cartographic line,unresolved,,semanticscholar,1.0,s2_candidate_has_no_doi (nothing to confirm),0.001
confirmed,Chrisman_1982_theory-cartographic-error-measurement,b13,A current view of the National Map Accuracy Standards: Surveying and Mapping,unresolved,,,,best=crossref:0.63:10.4135/9781412953962.n141,3.058
confirmed,Chrisman_1982_theory-cartographic-error-measurement,b14,,unresolved,,,,no_title_or_author (nothing to search on),0.0
confirmed,Foody_2010_assessing-accuracy-land-cover-change,b14,Comparison of a screening test and a reference test in epidemiologic studies. I Indices of agreement and their relations,unresolved,,semanticscholar,0.9851,crossref_title_ratio (10.1093/oxfordjournals.aje.a120609; ratio 0.72 < 0.85; crossref title 'COMPARISON OF A SCREENING TEST AND A REFERENCE TEST IN EPIDEMIOLOGIC S'),0.002
confirmed,Foody_2010_assessing-accuracy-land-cover-change,b17,Land cover mapping of large areas from satellites: Status and research priorities,ambiguous,,crossref,1.0,2 distinct works accepted at crossref,0.001
confirmed,Foody_2010_assessing-accuracy-land-cover-change,b18,What is land cover? Environment and Planning B,unresolved,,,,best=crossref:0.57:10.1068/b31135,2.917
confirmed,Foody_2010_assessing-accuracy-land-cover-change,b19,Using spatial auto-correlation analysis to explore the errors in maps generated from remotely sensed data,unresolved,,semanticscholar,0.9952,s2_candidate_has_no_doi (nothing to confirm),0.002
confirmed,Foody_2010_assessing-accuracy-land-cover-change,b21,Assessing the accuracy of remotely sensed data: Principles and practices,unresolved,,,,best=semanticscholar:1.00:10.1201/9781420048568,3.06
confirmed,Foody_2010_assessing-accuracy-land-cover-change,b23,Carbon emissions from tropical deforestation and regrowth based on satellite observations for the 1980s and,unresolved,,,,best=crossref:0.97:10.1073/pnas.182560099,3.002
confirmed,Foody_2010_assessing-accuracy-land-cover-change,b25,Latent class analysis of human herpesvirus 8 assay performance and infection prevalence in sub-saharan Africa and Malta,ambiguous,,crossref,1.0,2 distinct works accepted at crossref,0.002
confirmed,Foody_2010_assessing-accuracy-land-cover-change,b31,Status of land cover classification accuracy assessment. Remote Sensing of Environment,unresolved,,,,best=crossref:0.79:10.1016/s0034-4257(01)00295-4,2.926
confirmed,Foody_2010_assessing-accuracy-land-cover-change,b38,Comparison of a screening test and a reference test in epidemiologic studies: II a probabilistic model for the compariso,unresolved,,semanticscholar,1.0,crossref_title_ratio (10.1093/oxfordjournals.aje.a120610; ratio 0.70 < 0.85; crossref title 'COMPARISON OF A SCREENING TEST AND A REFERENCE TEST IN EPIDEMIOLOGIC S'),0.003
confirmed,Foody_2010_assessing-accuracy-land-cover-change,b41,Diagnostic test analyses in search of their gold standard: latent class analysis with random effects,ambiguous,,crossref,0.9899,2 distinct works accepted at crossref,0.001
confirmed,Foody_2010_assessing-accuracy-land-cover-change,b43,Some issues in resolution of diagnostic tests using an imperfect gold standard,unresolved,,,,best=crossref:1.00:10.1002/sim.819.abs,18.572
confirmed,Foody_2010_assessing-accuracy-land-cover-change,b46,Evaluation of diagnostic tests without gold standards,ambiguous,,crossref,1.0,2 distinct works accepted at crossref,0.002
confirmed,Foody_2010_assessing-accuracy-land-cover-change,b52,Accuracy assessment of remote sensing-derived change detection,unresolved,,,,no_title_or_author (nothing to search on),0.0
confirmed,Foody_2010_assessing-accuracy-land-cover-change,b54,Measuring the accuracy of species distribution models: a review,unresolved,,semanticscholar,1.0,s2_candidate_has_no_doi (nothing to confirm),0.001
confirmed,Foody_2010_assessing-accuracy-land-cover-change,b58,Latent class models,ambiguous,,semanticscholar,1.0,"edition_mismatch (10.1016/b978-0-08-044894-7.01340-3; same title, shared authorship, crossref 2010 vs reference 2004 — a sibling edition, not this one)",0.001
confirmed,Foody_2010_assessing-accuracy-land-cover-change,b72,A model for evaluating sensitivity and specificity for correlated diagnostic tests in efficacy studies with an imperfect,ambiguous,,crossref,1.0,2 distinct works accepted at crossref,0.002
confirmed,Foody_2010_assessing-accuracy-land-cover-change,b76,The use of latent class analysis in medical diagnosis,ambiguous,,semanticscholar,1.0,"edition_mismatch (10.1142/9789814329804_0014; same title, shared authorship, crossref 2011 vs reference 2002 — a sibling edition, not this one)",0.002
confirmed,Foody_2010_assessing-accuracy-land-cover-change,b82,"Sensitivity, specificity and predictive value",unresolved,,semanticscholar,1.0,s2_candidate_has_no_doi (nothing to confirm),0.002
confirmed,Foody_2010_assessing-accuracy-land-cover-change,b87,Global Land Cover Validation: Recommendations for Evaluation and Accuracy Assessment of Global Land Cover Maps,unresolved,,,,best=crossref:0.51:10.4095/220024,2.755
confirmed,Foody_2010_assessing-accuracy-land-cover-change,b90,Land cover,unresolved,,,,best=semanticscholar:0.74:10.1201/9780203741917-19,3.114
confirmed,Foody_2010_assessing-accuracy-land-cover-change,b91,Remote-sensing for mapping and monitoring land-cover and land-use change-An introduction,resolved,10.1016/s0305-9006(03)00064-3,semanticscholar,0.9886,via=semanticscholar; ratio=0.99; year=2004,0.003
confirmed,Foody_2010_assessing-accuracy-land-cover-change,b100,Log-linear models for event histories,unresolved,,,,best=crossref:1.00:10.1080/00401706.1998.10485510,2.945
confirmed,Foody_2010_assessing-accuracy-land-cover-change,b103,Classification algorithms-Where next?,unresolved,,,,best=crossref:0.49:10.1017/cbo9780511574931.024,3.015
confirmed,Besag_1974_spatial-interaction-statistical-analysis,b0,On a method of describing complete parameter fields,unresolved,,,,best=crossref:0.55:10.1061/41064(358)268,4.667
confirmed,Besag_1974_spatial-interaction-statistical-analysis,b1,An Introduction to Stochastic Processes,unresolved,,,,best=semanticscholar:1.00:10.1142/14898,1.502
confirmed,Besag_1974_spatial-interaction-statistical-analysis,b2,Inference and stochastic processes,unresolved,,,,no_title_or_author (nothing to search on),0.0
confirmed,Besag_1974_spatial-interaction-statistical-analysis,b3,A further note on nearest neighbour models,unresolved,,,,no_title_or_author (nothing to search on),0.0
confirmed,Besag_1974_spatial-interaction-statistical-analysis,b4,Physical nearest-neighbour models and non-linear time series,unresolved,,,,no_title_or_author (nothing to search on),0.0
confirmed,Besag_1974_spatial-interaction-statistical-analysis,b5,Two-dimensional nearest-neighbour systems and their ecological applications,unresolved,,,,best=crossref:0.62:10.1007/978-3-642-79917-4_9,2.787
confirmed,Besag_1974_spatial-interaction-statistical-analysis,b6,The statistical analysis of spatial pattern,unresolved,,,,no_title_or_author (nothing to search on),0.0
confirmed,Besag_1974_spatial-interaction-statistical-analysis,b7,Correlation properties of some nearest-neighbour models,unresolved,,,,best=crossref:0.57:10.2139/ssrn.7276484,3.077
confirmed,Besag_1974_spatial-interaction-statistical-analysis,b8,Relation of the variability of yields of fruit trees to the accuracy of field trials,unresolved,,,,best=crossref:0.60:10.3733/hilg.v07n02p081,16.488
confirmed,Besag_1974_spatial-interaction-statistical-analysis,b10,On the correlation structure of some two-dimensional stationary processes,unresolved,,,,no_title_or_author (nothing to search on),0.0
confirmed,Besag_1974_spatial-interaction-statistical-analysis,b11,On the statistical analysis ofnearest-neighbour systems,unresolved,,,,no_title_or_author (nothing to search on),0.0
confirmed,Besag_1974_spatial-interaction-statistical-analysis,b12,On the distinction between the conditional probability and the joint probability approaches in the specification of near,ambiguous,,crossref,1.0,2 distinct works accepted at crossref,0.002
confirmed,Besag_1974_spatial-interaction-statistical-analysis,b13,Point density in stems per acre,unresolved,,,,best=crossref:0.63:10.4324/9780080575469-10,1.065
confirmed,Besag_1974_spatial-interaction-statistical-analysis,b14,An application of the Poisson distribution,resolved,10.1017/s0020268100035435,semanticscholar,1.0,via=semanticscholar; ratio=1.00; year=1946,0.002
confirmed,Besag_1974_spatial-interaction-statistical-analysis,b16,Analysis of Binary Data,unresolved,,,,best=crossref:1.00:10.1007/springerreference_60769,2.278
confirmed,Besag_1974_spatial-interaction-statistical-analysis,b17,The analysis of multivariate binary data,unresolved,,,,no_title_or_author (nothing to search on),0.0
confirmed,Besag_1974_spatial-interaction-statistical-analysis,b18,An Introduction to Probability Theory and its Applications,unresolved,,,,best=semanticscholar:1.00:10.2307/1526422,2.996
confirmed,Besag_1974_spatial-interaction-statistical-analysis,b19,Spread of disease in a rectangular plantation with vacancies,ambiguous,,crossref,0.9917,2 distinct works accepted at crossref,0.001
confirmed,Besag_1974_spatial-interaction-statistical-analysis,b20,,unresolved,,,,no_title_or_author (nothing to search on),0.0
confirmed,Besag_1974_spatial-interaction-statistical-analysis,b21,"Quantitative Plant Ecology, 2nd ed",unresolved,,,,best=crossref:0.88:10.1093/forestscience/4.2.127,3.022
confirmed,Besag_1974_spatial-interaction-statistical-analysis,b23,Markov fields on finite graphs and lattices,unresolved,,semanticscholar,1.0,s2_candidate_has_no_doi (nothing to confirm),0.001
confirmed,Besag_1974_spatial-interaction-statistical-analysis,b24,Exact tests for serial correlation,ambiguous,,crossref,1.0,2 distinct works accepted at crossref,0.001
confirmed,Besag_1974_spatial-interaction-statistical-analysis,b25,An exact test for correlation between time series,unresolved,,,,no_title_or_author (nothing to search on),0.0
confirmed,Besag_1974_spatial-interaction-statistical-analysis,b26,The Advanced Theory of Statistics,unresolved,,,,best=semanticscholar:1.00:10.1038/152431a0,4.347
confirmed,Besag_1974_spatial-interaction-statistical-analysis,b27,Chaines doubles de Markoff et fonctions aleatoires de deux variables,unresolved,,,,best=crossref:0.53:10.1515/dema-1978-0421,1.646
confirmed,Besag_1974_spatial-interaction-statistical-analysis,b28,"Statistical study of the distribution of scattered villages in two regions of the Tonami plain, Toyami prefecture",unresolved,,,,best=crossref:0.65:10.4157/grj.7.459,3.026
confirmed,Besag_1974_spatial-interaction-statistical-analysis,b30,A mathematical model for the estimation of interplant competition,unresolved,,,,no_title_or_author (nothing to search on),0.0
confirmed,Besag_1974_spatial-interaction-statistical-analysis,b31,Measurement of competition between individual plants in a population,unresolved,,,,no_title_or_author (nothing to search on),0.0
confirmed,Besag_1974_spatial-interaction-statistical-analysis,b32,Models for interplant competition in irregularly distributed populations,unresolved,,,,no_title_or_author (nothing to search on),0.0
confirmed,Besag_1974_spatial-interaction-statistical-analysis,b33,The experimental error of field trials,resolved,10.1017/s002185960000160x,semanticscholar,1.0,via=semanticscholar; ratio=1.00; year=1911,0.001
confirmed,Besag_1974_spatial-interaction-statistical-analysis,b34,A Gaussian Markovian process on a square lattice,ambiguous,,crossref,1.0,2 distinct works accepted at crossref,0.001
confirmed,Besag_1974_spatial-interaction-statistical-analysis,b35,Necessary conditions for Markovian processes on a lattice,unresolved,,,,no_title_or_author (nothing to search on),0.0
confirmed,Besag_1974_spatial-interaction-statistical-analysis,b37,Estimation methods for models of spatial interaction,unresolved,,,,best=semanticscholar:1.00:10.1080/01621459.1975.10480272,4.252
confirmed,Besag_1974_spatial-interaction-statistical-analysis,b38,Transportation Networks and the Irish Economy,unresolved,,,,best=crossref:0.41:10.1002/9781394188789.ch8,1.768
confirmed,Besag_1974_spatial-interaction-statistical-analysis,b39,The goodness of fit of frequency distributions obtained from stochastic processes,ambiguous,,crossref,1.0,2 distinct works accepted at crossref,0.001
confirmed,Besag_1974_spatial-interaction-statistical-analysis,b40,Principles of Regression Analysis,unresolved,,,,best=semanticscholar:1.00:-,5.002
confirmed,Besag_1974_spatial-interaction-statistical-analysis,b41,Generalised Gibbs states and Markov random fields,unresolved,,,,best=crossref:0.86:10.1017/cbo9780511897122.002,0.924
confirmed,Besag_1974_spatial-interaction-statistical-analysis,b43,On the foundations of combinatorial theory,unresolved,,,,best=semanticscholar:1.00:10.1007/978-0-8176-4842-8_25,2.998
confirmed,Besag_1974_spatial-interaction-statistical-analysis,b46,On stationary processes in the plane,unresolved,,,,best=crossref:1.00:10.2307/2333459,3.024
confirmed,Besag_1974_spatial-interaction-statistical-analysis,b47,Stochasticprocesses in severaldimensions,unresolved,,,,no_title_or_author (nothing to search on),0.0
confirmed,Besag_1974_spatial-interaction-statistical-analysis,b48,Experimental designs for serially correlated observations,ambiguous,,crossref,1.0,2 distinct works accepted at crossref,0.001
confirmed,Walton_2008_difficulties-estimating-city-wide-urban,b1,Development of a 2001 National Land Cover Database for the United States,resolved,10.14358/pers.70.7.829,semanticscholar,1.0,via=semanticscholar; ratio=1.00; year=2004,0.001
confirmed,Walton_2008_difficulties-estimating-city-wide-urban,b2,Completion of the 2001 National Land Cover Database for the Coterminous United States,unresolved,,,,best=crossref:0.57:10.3133/70046118,2.995
confirmed,Walton_2008_difficulties-estimating-city-wide-urban,b3,A strategy for estimating tree canopy density using Landsat 7 ETM+ and high-resolution images over large areas,unresolved,,semanticscholar,1.0,s2_candidate_has_no_doi (nothing to confirm),0.001
confirmed,Walton_2008_difficulties-estimating-city-wide-urban,b5,Understanding the structure of urban forests,unresolved,,,,best=crossref:1.00:10.1201/b21179-11,4.914
confirmed,Walton_2008_difficulties-estimating-city-wide-urban,b7,R: a language and environment for statistical computing,unresolved,,,,best=crossref:1.00:10.32614/r.manuals,1.047
confirmed,Walton_2008_difficulties-estimating-city-wide-urban,b8,An investigation of national tree canopy assessments applied to urban forestry,unresolved,,,,best=crossref:0.43:10.1016/j.ufug.2024.128331,3.064
confirmed,Page_1954_continuous-inspection-schemes,b0,,unresolved,,,,no_title_or_author (nothing to search on),0.0
confirmed,Page_1954_continuous-inspection-schemes,b1,,unresolved,,,,no_title_or_author (nothing to search on),0.0
confirmed,Page_1954_continuous-inspection-schemes,b2,,unresolved,,,,no_title_or_author (nothing to search on),0.0
confirmed,Page_1954_continuous-inspection-schemes,b3,,unresolved,,,,no_title_or_author (nothing to search on),0.0
confirmed,Page_1954_continuous-inspection-schemes,b4,,unresolved,,,,no_title_or_author (nothing to search on),0.0
confirmed,Page_1954_continuous-inspection-schemes,b5,,unresolved,,,,no_title_or_author (nothing to search on),0.0
confirmed,Page_1954_continuous-inspection-schemes,b6,Proc. Camb,unresolved,,,,best=arxiv:0.20:10.48550/arXiv.1410.7767,2.954
confirmed,Page_1954_continuous-inspection-schemes,b7,,unresolved,,,,no_title_or_author (nothing to search on),0.0
confirmed,Page_1954_continuous-inspection-schemes,b8,,unresolved,,,,no_title_or_author (nothing to search on),0.0
confirmed,Page_1954_continuous-inspection-schemes,b9,,unresolved,,,,no_title_or_author (nothing to search on),0.0
confirmed,Page_1954_continuous-inspection-schemes,b10,,unresolved,,,,no_title_or_author (nothing to search on),0.0
confirmed,Page_1954_continuous-inspection-schemes,b11,Quality Control and Industrial Statistics,unresolved,,,,best=crossref:1.00:10.2307/2347108,3.043
confirmed,Page_1954_continuous-inspection-schemes,b12,,unresolved,,,,no_title_or_author (nothing to search on),0.0
confirmed,Page_1954_continuous-inspection-schemes,b13,,unresolved,,,,no_title_or_author (nothing to search on),0.0
confirmed,Page_1954_continuous-inspection-schemes,b14,,unresolved,,,,no_title_or_author (nothing to search on),0.0
confirmed,Page_1954_continuous-inspection-schemes,b15,,unresolved,,,,no_title_or_author (nothing to search on),0.0
confirmed,Page_1954_continuous-inspection-schemes,b16,Proc. Camb,unresolved,,,,best=arxiv:0.20:10.48550/arXiv.1410.7767,0.013
confirmed,Page_1954_continuous-inspection-schemes,b17,,unresolved,,,,no_title_or_author (nothing to search on),0.0
confirmed,Page_1954_continuous-inspection-schemes,b18,Poisson's Exponential Binomial Limit,unresolved,,,,best=semanticscholar:1.00:10.2307/2980378,2.919
confirmed,Page_1954_continuous-inspection-schemes,b19,,unresolved,,,,no_title_or_author (nothing to search on),0.0
confirmed,Page_1954_continuous-inspection-schemes,b20,Economic Control of Quality of Manufactured Product,unresolved,,,,best=crossref:1.00:10.1002/j.1538-7305.1930.tb00373.x,0.001
confirmed,Page_1954_continuous-inspection-schemes,b21,,unresolved,,,,no_title_or_author (nothing to search on),0.0
confirmed,Page_1954_continuous-inspection-schemes,b22,Sequential Analysis,unresolved,,,,best=semanticscholar:1.00:10.4135/9781412961288.n412,3.041
confirmed,Page_1954_continuous-inspection-schemes,b23,,unresolved,,,,no_title_or_author (nothing to search on),0.0
confirmed,Page_1954_continuous-inspection-schemes,b24,,unresolved,,,,no_title_or_author (nothing to search on),0.0
confirmed,Laurance_1998_rain-forest-fragmentation-dynamics,b1,Regeneration of tropical forests: physiological responses of pioneer and secondary species,unresolved,,,,best=crossref:0.61:10.1007/978-3-540-71793-5_5,2.95
confirmed,Laurance_1998_rain-forest-fragmentation-dynamics,b5,Wind turbulence generated by vegetation and its implications,unresolved,,semanticscholar,1.0,s2_candidate_has_no_doi (nothing to confirm),0.001
confirmed,Laurance_1998_rain-forest-fragmentation-dynamics,b8,The role of disturbance in the regeneration of Neotropical moist forests,unresolved,,,,best=crossref:0.39:10.1201/b16536-6,3.096
confirmed,Laurance_1998_rain-forest-fragmentation-dynamics,b11,The influence of edge effects and forest fragmentation on leaf litter invertebrates in central Amazonia,unresolved,,,,best=crossref:0.56:10.1016/s0006-3207(99)00079-8,2.872
confirmed,Laurance_1998_rain-forest-fragmentation-dynamics,b16,Edge-related changes in environment and plant responses due to forest fragmentation in central Amazonia,unresolved,,,,best=crossref:0.49:10.1016/j.foreco.2016.08.002,3.083
confirmed,Laurance_1998_rain-forest-fragmentation-dynamics,b24,Edge and other effects of isolation on Amazon forest fragments,unresolved,,semanticscholar,1.0,s2_candidate_has_no_doi (nothing to confirm),0.001
confirmed,Laurance_1998_rain-forest-fragmentation-dynamics,b25,The theory of island biogeography,unresolved,,,,best=semanticscholar:1.00:10.2307/2790,48.304
confirmed,Laurance_1998_rain-forest-fragmentation-dynamics,b29,Increasing turnover through time in tropical forests,unresolved,,,,best=crossref:1.00:10.1126/science.263.5149.954,48.415
confirmed,Laurance_1998_rain-forest-fragmentation-dynamics,b31,Preliminary results of a large-scale inventory of upland rain forest in the central Amazon,unresolved,,,,best=crossref:0.97:10.1590/1809-43921992224534; skipped=arxiv (rate-limited),0.001
confirmed,Laurance_1998_rain-forest-fragmentation-dynamics,b32,Silviculture in windy climates,unresolved,,,,best=crossref:0.47:10.1080/03009480510010000; skipped=arxiv (rate-limited),0.001
confirmed,Laurance_1998_rain-forest-fragmentation-dynamics,b33,Forest patches in tropical landscapes,unresolved,,,,best=semanticscholar:1.00:10.5070/g31710275; skipped=arxiv (rate-limited),0.001
confirmed,Laurance_1998_rain-forest-fragmentation-dynamics,b34,Minimum population sizes for species conservation,unresolved,,,,best=crossref:1.00:10.2307/1308256; skipped=arxiv (rate-limited),0.001
confirmed,Laurance_1998_rain-forest-fragmentation-dynamics,b37,The impact of edge formation on regeneration and litterfall in a tropical rain forest fragment in Amazonia,unresolved,,,,best=crossref:0.60:10.1007/978-94-017-2730-3_13; skipped=arxiv (rate-limited),0.002
confirmed,Laurance_1998_rain-forest-fragmentation-dynamics,b38,Third edition,unresolved,,,,best=semanticscholar:1.00:10.2307/804317; skipped=arxiv (rate-limited),0.001
confirmed,Laurance_1998_rain-forest-fragmentation-dynamics,b39,Predicting impacts of habitat fragmentation on forest birds: a comparison of two models,unresolved,,,,best=crossref:0.59:10.1007/bf00324229; skipped=arxiv (rate-limited),0.001
confirmed,Laurance_1998_rain-forest-fragmentation-dynamics,b42,Ecological impact of alien plant species in Singapore,unresolved,,,,best=crossref:0.54:10.1016/j.ecolind.2019.106020; skipped=arxiv (rate-limited),0.003
confirmed,Laurance_1998_rain-forest-fragmentation-dynamics,b43,Dynamics and restoration of forest fragments in the Brazilian Atlantic moist forest,unresolved,,semanticscholar,1.0,s2_candidate_has_no_doi (nothing to confirm),0.002
confirmed,Laurance_1998_rain-forest-fragmentation-dynamics,b44,"Tropical forest disturbance, disappearance, and species loss",unresolved,,,,best=crossref:0.34:10.7287/peerj.13270v0.2/reviews/1; skipped=arxiv (rate-limited),0.001
confirmed,Laurance_1998_rain-forest-fragmentation-dynamics,b45,Systat: the system for statistics,unresolved,,,,best=semanticscholar:0.40:10.1016/0022-4405(87)90083-5; skipped=arxiv (rate-limited),0.001
confirmed,Burnicki_2011_spatio-temporal-errors-land-cover,b1,Exploratory spatial analysis in GIS: generating geographical hypothesis from spatial data,unresolved,,,,best=crossref:0.99:10.1201/9781003572800-13; skipped=arxiv (rate-limited),0.001
confirmed,Burnicki_2011_spatio-temporal-errors-land-cover,b2,Interactive Spatial Data Analysis,unresolved,,,,best=semanticscholar:1.00:10.2307/2265559; skipped=arxiv (rate-limited),0.001
confirmed,Burnicki_2011_spatio-temporal-errors-land-cover,b3,Sampling systems for change detection accuracy assessment,unresolved,,,,best=crossref:0.54:10.1201/9780203497586.ch2; skipped=arxiv (rate-limited),0.001
confirmed,Burnicki_2011_spatio-temporal-errors-land-cover,b4,Frost followed the plow: impacts of deforestation on the climate of the United States,ambiguous,,crossref,1.0,2 distinct works accepted at crossref,0.001
confirmed,Burnicki_2011_spatio-temporal-errors-land-cover,b5,Point Pattern Analysis,unresolved,,,,best=crossref:1.00:10.1201/b16195-5; skipped=arxiv (rate-limited),0.001
confirmed,Burnicki_2011_spatio-temporal-errors-land-cover,b7,Spatial correlation effects upon accuracy of supervised classification of land cover,unresolved,,,,best=crossref:0.67:10.7717/peerj.6617/table-2; skipped=arxiv (rate-limited),0.001
confirmed,Burnicki_2011_spatio-temporal-errors-land-cover,b8,Evaluating the uncertainty of area estimates derived from fuzzy land-cover classification,unresolved,,semanticscholar,1.0,s2_candidate_has_no_doi (nothing to confirm),0.001
confirmed,Burnicki_2011_spatio-temporal-errors-land-cover,b10,Performance of a spatio-temporal error model for raster data sets under complex error patterns,unresolved,,,,no_title_or_author (nothing to search on),0.0
confirmed,Burnicki_2011_spatio-temporal-errors-land-cover,b12,Modelling error in overlaid categorical maps,unresolved,,semanticscholar,0.9885,crossref_no_author (10.1201/b12612-12; crossref carries no author for this record),0.002
confirmed,Burnicki_2011_spatio-temporal-errors-land-cover,b14,Sampling Techniques,unresolved,,,,best=semanticscholar:1.00:-; skipped=arxiv (rate-limited),0.001
confirmed,Burnicki_2011_spatio-temporal-errors-land-cover,b15,Using spatial autocorrelation analysis to explore the errors in maps generated from remotely sensed data,unresolved,,semanticscholar,1.0,s2_candidate_has_no_doi (nothing to confirm),0.004
confirmed,Burnicki_2011_spatio-temporal-errors-land-cover,b17,Assessing the Accuracy of Remotely Sensed Data: Principles and Practices,resolved,10.1201/9781420048568,semanticscholar,1.0,via=semanticscholar; ratio=1.00; year=1998,0.002
confirmed,Burnicki_2011_spatio-temporal-errors-land-cover,b18,Change detection accuracy assessment on the NOAA Chesapeake Bay pilot study,unresolved,,,,best=crossref:0.62:10.5962/bhl.title.122814; skipped=arxiv (rate-limited),0.001
confirmed,Burnicki_2011_spatio-temporal-errors-land-cover,b19,Carbon emissions from tropical deforestation and regrowth based on satellite observations for the 1980s and,unresolved,,,,best=crossref:0.97:10.1073/pnas.182560099; skipped=arxiv (rate-limited),0.002
confirmed,Burnicki_2011_spatio-temporal-errors-land-cover,b22,Status of land cover classification accuracy assessment. Remote Sensing of Environment,unresolved,,,,best=crossref:0.79:10.1016/s0034-4257(01)00295-4; skipped=arxiv (rate-limited),0.002
confirmed,Burnicki_2011_spatio-temporal-errors-land-cover,b23,"Models of Spatial Processes: An Approach to the Study of Point, Line and Area Patterns",unresolved,,semanticscholar,1.0,"review_record (10.2307/214811; crossref author list ['semple', 'getis', 'boots'] is prefixed by 'semple'; the reference's first author 'getis' appears at position 1 — the reviewer, then the work)",0.001
confirmed,Burnicki_2011_spatio-temporal-errors-land-cover,b27,"Land Change Science: Observing, Monitoring, and Understanding Trajectories of Change on the Earth's Surface",unresolved,,semanticscholar,1.0,s2_candidate_has_no_doi (nothing to confirm),0.002
confirmed,Burnicki_2011_spatio-temporal-errors-land-cover,b28,Spatial Data Analysis in the Social and Environmental Sciences,unresolved,,,,best=semanticscholar:1.00:10.2307/622384; skipped=arxiv (rate-limited),0.0
confirmed,Burnicki_2011_spatio-temporal-errors-land-cover,b29,Spatial Data Analysis: Theory and Practice,unresolved,,,,best=semanticscholar:1.00:10.1111/j.1442-9993.2005.1414_4_4.x; skipped=arxiv (rate-limited),0.006
confirmed,Burnicki_2011_spatio-temporal-errors-land-cover,b35,Introductory Digital Image Processing: A Remote Sensing Perspective,unresolved,,,,best=crossref:1.00:10.1016/0262-8856(86)90052-1; skipped=arxiv (rate-limited),0.001
confirmed,Burnicki_2011_spatio-temporal-errors-land-cover,b36,Accuracy Assessment of Remote Sensing-Derived Change Detection,unresolved,,,,best=crossref:0.59:10.1016/0034-4257(89)90047-3; skipped=arxiv (rate-limited),0.002
confirmed,Burnicki_2011_spatio-temporal-errors-land-cover,b37,A research paradigm for propagating error in layer-based GIS,unresolved,,semanticscholar,1.0,s2_candidate_has_no_doi (nothing to confirm),0.001
confirmed,Burnicki_2011_spatio-temporal-errors-land-cover,b39,Generalized linear mixed models for analyzing error in a satellite-based vegetation map of Utah,unresolved,,,,best=semanticscholar:1.00:-; skipped=arxiv (rate-limited),0.002
confirmed,Burnicki_2011_spatio-temporal-errors-land-cover,b40,Accuracy assessment curves for satellite-based change detection,unresolved,,semanticscholar,1.0,s2_candidate_has_no_doi (nothing to confirm),0.001
confirmed,Burnicki_2011_spatio-temporal-errors-land-cover,b42,Global Land Project Science Plan and Implementation Strategy,unresolved,,,,best=crossref:0.48:10.2471/b09072; skipped=arxiv (rate-limited),0.001
confirmed,Burnicki_2011_spatio-temporal-errors-land-cover,b43,Sampling method and sample placement: how do they affect the accuracy of remotely sensed maps?,unresolved,,semanticscholar,1.0,crossref_title_ratio (10.14358/pers.69.3.289; ratio 0.56 < 0.85; crossref title 'Sampling Method and Sample Placement'),0.002
confirmed,Burnicki_2011_spatio-temporal-errors-land-cover,b45,Applying spatial autocorrelation analysis to evaluate error in New England forest-cover-type maps derived from Landsat t,unresolved,,semanticscholar,1.0,s2_candidate_has_no_doi (nothing to confirm),0.003
confirmed,Burnicki_2011_spatio-temporal-errors-land-cover,b47,Spatial Statistics,unresolved,,,,best=semanticscholar:1.00:10.4135/9781412952644.n423; skipped=arxiv (rate-limited),0.001
confirmed,Burnicki_2011_spatio-temporal-errors-land-cover,b51,"2003a, Statistical sampling to characterize recent United States land-cover change. Remote Sensing of Environment",unresolved,,,,best=crossref:0.81:10.1016/s0034-4257(03)00129-9; skipped=arxiv (rate-limited),0.002
confirmed,Burnicki_2011_spatio-temporal-errors-land-cover,b54,Sampling,unresolved,,,,best=crossref:0.22:10.4135/9781452272047.n3; skipped=arxiv (rate-limited),0.001
confirmed,Burnicki_2011_spatio-temporal-errors-land-cover,b55,Land-Use and Land-Cover Change Science/Research Plan,unresolved,,semanticscholar,1.0,s2_candidate_has_no_doi (nothing to confirm),0.001
confirmed,Burnicki_2011_spatio-temporal-errors-land-cover,b56,TIGER ® /Line Files,unresolved,,,,no_title_or_author (nothing to search on),0.0
confirmed,Goodchild_2004_general-framework-error-analysis,b0,Measurement-based GIS,unresolved,,,,best=crossref:1.00:10.1201/b12657-9; skipped=arxiv (rate-limited),0.001
confirmed,Goodchild_2004_general-framework-error-analysis,b1,Measurement-based GIS,ambiguous,,semanticscholar,1.0,"edition_mismatch (10.4324/9780203303245_chapter_one; same title, shared authorship, crossref 2010 vs reference 2002 — a sibling edition, not this one)",0.001
confirmed,Goodchild_2004_general-framework-error-analysis,b2,A general framework for error analysis in measurement-based GIS: a summary,unresolved,,,,best=crossref:0.93:10.1007/s10109-004-0140-5; skipped=arxiv (rate-limited),0.001
confirmed,Goodchild_2004_general-framework-error-analysis,b3,An Introduction to Error Analysis: The Study of Uncertainties in Physical Measurements,unresolved,,,,best=crossref:1.00:10.1088/0957-0233/9/6/022; skipped=arxiv (rate-limited),0.001
confirmed,Shi_1998_generic-statistical-approach-modelling,b0,Error-band as measurers of geometrical accuracy,unresolved,,,,best=crossref:0.39:10.1016/0921-8890(91)90023-e; skipped=arxiv (rate-limited),0.001
confirmed,Shi_1998_generic-statistical-approach-modelling,b1,A theory of cartographic error and its measurement in digital data base,unresolved,,,,best=semanticscholar:0.99:-; skipped=arxiv (rate-limited),0.001
confirmed,Shi_1998_generic-statistical-approach-modelling,b2,Handling positional uncertainty in spatial databases,unresolved,,,,best=crossref:0.89:10.1201/9781420059281.sec2; skipped=arxiv (rate-limited),0.001
confirmed,Shi_1998_generic-statistical-approach-modelling,b3,Observations and L east Squares,unresolved,,,,best=crossref:0.98:10.17077/etd.8tj1kn7f; skipped=arxiv (rate-limited),0.001
confirmed,Shi_1998_generic-statistical-approach-modelling,b4,On the length of empirical curves,unresolved,,,,best=crossref:0.43:10.7717/peerj.14746/fig-6; skipped=arxiv (rate-limited),0.001
confirmed,Shi_1998_generic-statistical-approach-modelling,b5,Approximation T heorems of Mathematical Statistics,unresolved,,,,best=crossref:0.49:10.1002/9780470316481.fmatter; skipped=arxiv (rate-limited),0.0
confirmed,Shi_1998_generic-statistical-approach-modelling,b6,Modelling positional and thematic u ncertainty in integration of GIS and remote sensing,unresolved,,,,best=crossref:0.69:10.1111/1467-9671.00011; skipped=arxiv (rate-limited),0.002
confirmed,Shi_1998_generic-statistical-approach-modelling,b7,Positional error of geometric features in GIS,unresolved,,,,best=crossref:0.56:10.1007/springerreference_61738; skipped=arxiv (rate-limited),0.002
confirmed,Steenberg_2017_influence-building-renovation-rental,b5,"Landscape, Vegetation Characteristics, and Group Identity in an Urban and Suburban Watershed: Why the 60s Matter",unresolved,,,0.24539877300613497,"doi_title_mismatch (ratio 0.25 < 0.85; registry title 'Environmental justice, sustainability and vulnerability')",0.001
confirmed,Steenberg_2017_influence-building-renovation-rental,b9,Community Groups and Urban Forestry Activity: Drivers of Uneven Canopy Cover? Landscape and Urban Planning,unresolved,,,0.8379888268156425,"doi_title_contained (ratio 0.84 < 0.85; registry title 'Community groups and urban forestry activity: Drivers of uneven canopy'; contained 11 words, 0.72 of the longer)",0.001
confirmed,Steenberg_2017_influence-building-renovation-rental,b12,Canadian Climate Normals 1981-2010 Climate Normals and Averages,unresolved,,,,best=crossref:0.65:10.1080/00431672.2011.618800; skipped=arxiv (rate-limited),0.002
confirmed,Steenberg_2017_influence-building-renovation-rental,b22,Correlates of Urban Forest Canopy Cover: Implications for Local Public Works,unresolved,,,0.3231441048034934,doi_title_mismatch (ratio 0.32 < 0.85; registry title 'The Political Ecology of Uneven Urban Green Space'),0.002
confirmed,Steenberg_2017_influence-building-renovation-rental,b24,Models of Direct Editing of Government Spatial Data: Challenges and Constraints to the Acceptance of Contributed Data,unresolved,,,,"doi_not_registered (10.1080/15230406.2016.11765; crossref:404, datacite:404)",0.0
confirmed,Steenberg_2017_influence-building-renovation-rental,b28,,unresolved,,,,no_title_or_author (nothing to search on),0.0
confirmed,Steenberg_2017_influence-building-renovation-rental,b41,Census Profile (Catalogue No. 98-316-XWE),unresolved,,,,no_title_or_author (nothing to search on),0.0
confirmed,Steenberg_2017_influence-building-renovation-rental,b45,Trees in the Urban Landscape,unresolved,,,,best=crossref:0.65:10.1016/j.landurbplan.2013.07.009; skipped=arxiv (rate-limited),0.002
confirmed,Hall_1985_resampling-coverage-pattern,b0,A limit theorem for statistics of spatial data,unresolved,,,,no_title_or_author (nothing to search on),0.0
confirmed,Hall_1985_resampling-coverage-pattern,b6,A review of some nonparametric estimators of density functions,unresolved,,,,best=crossref:0.59:10.33899/iqjoss.2010.30478; skipped=arxiv (rate-limited),0.002
confirmed,Hall_1985_resampling-coverage-pattern,b8,Asymptotic properties of stereological estimators of volume fraction for stationary random sets,ambiguous,,crossref,1.0,2 distinct works accepted at crossref,0.002
confirmed,Hall_1985_resampling-coverage-pattern,b9,The random volume of interpenetrating spheres in space,ambiguous,,crossref,1.0,2 distinct works accepted at crossref,0.001
confirmed,Hall_1985_resampling-coverage-pattern,b10,Image Analysis and Mathematical Morphology,unresolved,,semanticscholar,1.0,"review_record (10.2307/2531038; crossref author list ['diggle', 'serra'] is prefixed by 'diggle'; the reference's first author 'serra' appears at position 1 — the reviewer, then the work)",0.002
