curve_id,year,run_tag,ref,prob,canopy_def,eval_scope,policy,k,thresh,recall,precision,f1,tp,fn,fp,population,pr_auc,n_cuts,n_eligible_cuts,source,curve_file
43fd21d3446a,2000,,ccap_2016_hires_lc.tif,edmonds_canopy_prob_2000_xsensor_rgb.tif,forest_wetland,,scored_live,,0.5133,0.6303,0.7745,0.695,46496194,27267965,13533993,87298152,,,,qc_indep_report.csv,
46efaa1131f8,2000,,ccap_2016_hires_lc.tif,edmonds_canopy_prob_2000_xsensor_rgb.tif,forest_only,,scored_live,,0.5133,0.6274,0.7635,0.6888,45830356,27214861,14199831,87245048,,,,qc_indep_report.csv,
4b2e845b61f3,2000,,ccap_2016_hires_lc_snohfull.tif,edmonds_canopy_prob_2000_citywide_rgb.tif,forest_wetland_scrub,,scored_live,,0.5133,0.5187,0.8662,0.6489,66686565,61878158,10304121,138868844,,,,qc_indep_report.csv,
92cb7750f3a7,2000,,ccap_2016_hires_lc_snohfull.tif,edmonds_canopy_prob_2000_citywide_rgb.tif,forest_only,,scored_live,,0.5133,0.5443,0.8387,0.6602,64569283,54053232,12421403,131043918,,,,qc_indep_report.csv,
a1a7e84b48c8,2000,,ccap_2016_hires_lc.tif,edmonds_canopy_prob_2000_xsensor_rgb.tif,forest_wetland_scrub,,scored_live,,0.5133,0.5975,0.7948,0.6822,47713773,32143972,12316414,92174159,,,,qc_indep_report.csv,
d33d07250426,2000,,ccap_2016_hires_lc_snohfull.tif,edmonds_canopy_prob_2000_citywide_rgb.tif,forest_wetland,,scored_live,,0.5133,0.548,0.8534,0.6674,65701037,54199517,11289649,131190203,,,,qc_indep_report.csv,
0a94fc7ec3d3,2000,fullext_sectors_v1,ccap_2016_hires_lc_snohfull.tif,edmonds_canopy_prob_2000_fullext_sectors_v1.tif,forest_wetland_scrub,,scored_live,,0.5,0.5425,0.9276,0.6846,11256093,9494190,879013,21629296,,,,qc_indep_report.csv,
9a942a862942,2000,fullext_sectors_v1,ccap_2016_hires_lc_snohfull.tif,edmonds_canopy_prob_2000_fullext_sectors_v1.tif,forest_only,,scored_live,,0.5,0.5868,0.9072,0.7126,11009494,7752213,1125612,19887319,,,,qc_indep_report.csv,
c0783e8d2239,2000,fullext_sectors_v1,ccap_2016_hires_lc_snohfull.tif,edmonds_canopy_prob_2000_fullext_sectors_v1.tif,forest_wetland,,scored_live,,0.5,0.5895,0.9196,0.7184,11159655,7771755,975451,19906861,,,,qc_indep_report.csv,
0beeb9e637b8,2002,,ccap_2016_hires_lc_snohfull.tif,edmonds_canopy_prob_2002_citywide_rgb.tif,forest_only,,scored_live,,0.4988,0.6102,0.8237,0.7011,72615815,46388447,15543628,134547890,,,,qc_indep_report.csv,
1f815bb1fa1d,2002,,ccap_2016_hires_lc.tif,edmonds_canopy_prob_2002_xsensor_rgb.tif,forest_only,,scored_live,,0.57,0.5039,0.8245,0.6255,36908833,36343216,7857173,81109222,,,,qc_indep_report.csv,
3878ae870ae1,2002,,ccap_2016_hires_lc_snohfull.tif,edmonds_canopy_prob_2002_citywide_rgb.tif,forest_wetland_scrub,,scored_live,,0.4988,0.5815,0.8506,0.6908,74986508,53970884,13172935,142130327,,,,qc_indep_report.csv,
3dd68eab7432,2002,,ccap_2016_hires_lc_snohfull.tif,edmonds_canopy_prob_2002_citywide_rgb.tif,forest_wetland,,scored_live,,0.4988,0.6136,0.8372,0.7082,73809301,46477239,14350142,134636682,,,,qc_indep_report.csv,
3df97d1fdcc2,2002,,ccap_2016_hires_lc.tif,edmonds_canopy_prob_2002_xsensor_rgb.tif,forest_wetland_scrub,,scored_live,,0.57,0.4756,0.8507,0.6101,38081841,41991572,6684165,86757578,,,,qc_indep_report.csv,
674cb6e74dfe,2002,,ccap_2016_hires_lc.tif,edmonds_canopy_prob_2002_xsensor_rgb.tif,forest_wetland,,scored_live,,0.57,0.5069,0.8377,0.6316,37501009,36474012,7264997,81240018,,,,qc_indep_report.csv,
d166841f2f57,2003s,,ccap_2016_hires_lc_snohfull.tif,edmonds_canopy_prob_2003s_sectors_v1.tif,forest_wetland_scrub,,scored_live,,0.5,0.3166,0.8314,0.4586,12159051,26250781,2465847,40875679,,,,qc_indep_report.csv,
d34dd2a88025,2003s,,ccap_2016_hires_lc_snohfull.tif,edmonds_canopy_prob_2003s_sectors_v1.tif,forest_only,,scored_live,,0.5,0.3369,0.8019,0.4745,11727150,23084363,2897748,37709261,,,,qc_indep_report.csv,
f775a201e2c5,2003s,,ccap_2016_hires_lc_snohfull.tif,edmonds_canopy_prob_2003s_sectors_v1.tif,forest_wetland,,scored_live,,0.5,0.3399,0.8153,0.4798,11923213,23156372,2701685,37781270,,,,qc_indep_report.csv,
1ba5a99a6d67,2005,,ccap_2016_hires_lc_snohfull.tif,edmonds_canopy_prob_2005_citywide_rgb.tif,forest_only,,scored_live,,0.4659,0.6323,0.9041,0.7442,297675723,173074620,31586467,502336810,,,,qc_indep_report.csv,
76fc5baf49ca,2005,,ccap_2016_hires_lc_snohfull.tif,edmonds_canopy_prob_2005_citywide_rgb.tif,forest_wetland,,scored_live,,0.4659,0.6346,0.9166,0.75,301814233,173781951,27447957,503044141,,,,qc_indep_report.csv,
ee4b454fa3c1,2005,,ccap_2016_hires_lc_snohfull.tif,edmonds_canopy_prob_2005_citywide_rgb.tif,forest_wetland_scrub,,scored_live,,0.4659,0.5942,0.9203,0.7221,303004126,206952941,26258064,536215131,,,,qc_indep_report.csv,
b13b0dd6c401,2006s,,ccap_2016_hires_lc_snohfull.tif,edmonds_canopy_prob_2006s_sectors_v1.tif,forest_only,,scored_live,,0.5,0.6426,0.4405,0.5227,2990013,1663217,3797016,8450246,,,,qc_indep_report.csv,
b20359b23ea6,2006s,,ccap_2016_hires_lc_snohfull.tif,edmonds_canopy_prob_2006s_sectors_v1.tif,forest_wetland_scrub,,scored_live,,0.5,0.6261,0.4726,0.5386,3207768,1915888,3579261,8702917,,,,qc_indep_report.csv,
be540cd16de7,2006s,,ccap_2016_hires_lc_snohfull.tif,edmonds_canopy_prob_2006s_sectors_v1.tif,forest_wetland,,scored_live,,0.5,0.6378,0.4415,0.5218,2996337,1701855,3790692,8488884,,,,qc_indep_report.csv,
76260a965f19,2006s,hy_e3_2006s,ccap_2021_hires_lc.tif,edmonds_canopy_prob_2006s_hy_e3_2006s.tif,forest_wetland,,best_f1,37,0.145669,0.7855,0.6423,0.7067,8741650,2387013,4869169,15997832,0.7567,254,223,qc_indep_sweep_2006s_hy_e3_2006s_ccap_2021_hires_lc.csv,phase4/qc/curves/76260a965f19.csv
cb367abc8825,2006s,hy_e3_2006s,ccap_2016_hires_lc.tif,edmonds_canopy_prob_2006s_hy_e3_2006s.tif,forest_wetland,,best_f1,28,0.110236,0.8193,0.6722,0.7385,9756607,2151662,4758633,16666902,0.7957,254,223,qc_indep_sweep_2006s_hy_e3_2006s_ccap_2016_hires_lc.csv,phase4/qc/curves/cb367abc8825.csv
f3f65fa1c8fd,2006s,hy_e3_2006s,ccap_2021_hires_lc.tif,edmonds_canopy_prob_2006s_hy_e3_2006s.tif,forest_wetland,sample-test,best_f1,27,0.106299,0.779,0.6468,0.7068,467267,132532,255192,854991,0.7676,254,205,qc_indep_sweep_2006s_hy_e3_2006s_ccap_2021_hires_lc_sample-test.csv,phase4/qc/curves/f3f65fa1c8fd.csv
76260a965f19,2006s,hy_e3_2006s,ccap_2021_hires_lc.tif,edmonds_canopy_prob_2006s_hy_e3_2006s.tif,forest_wetland,,matched_p50,22,0.086614,0.8693,0.5703,0.6888,9674323,1454340,7288837,18417500,0.7567,254,202,qc_indep_sweep_2006s_hy_e3_2006s_ccap_2021_hires_lc.csv,phase4/qc/curves/76260a965f19.csv
cb367abc8825,2006s,hy_e3_2006s,ccap_2016_hires_lc.tif,edmonds_canopy_prob_2006s_hy_e3_2006s.tif,forest_wetland,,matched_p50,21,0.082677,0.9038,0.5173,0.658,10763195,1145074,10043376,21951645,0.7957,254,203,qc_indep_sweep_2006s_hy_e3_2006s_ccap_2016_hires_lc.csv,phase4/qc/curves/cb367abc8825.csv
f3f65fa1c8fd,2006s,hy_e3_2006s,ccap_2021_hires_lc.tif,edmonds_canopy_prob_2006s_hy_e3_2006s.tif,forest_wetland,sample-test,matched_p50,20,0.07874,0.9049,0.5268,0.6659,542781,57018,487523,1087322,0.7676,254,186,qc_indep_sweep_2006s_hy_e3_2006s_ccap_2021_hires_lc_sample-test.csv,phase4/qc/curves/f3f65fa1c8fd.csv
76260a965f19,2006s,hy_e3_2006s,ccap_2021_hires_lc.tif,edmonds_canopy_prob_2006s_hy_e3_2006s.tif,forest_wetland,,matched_p75,123,0.484251,0.5492,0.7643,0.6391,6111714,5016949,1884457,13013120,0.7567,254,101,qc_indep_sweep_2006s_hy_e3_2006s_ccap_2021_hires_lc.csv,phase4/qc/curves/76260a965f19.csv
cb367abc8825,2006s,hy_e3_2006s,ccap_2016_hires_lc.tif,edmonds_canopy_prob_2006s_hy_e3_2006s.tif,forest_wetland,,matched_p75,108,0.425197,0.6899,0.7505,0.719,8215903,3692366,2730839,14639108,0.7957,254,116,qc_indep_sweep_2006s_hy_e3_2006s_ccap_2016_hires_lc.csv,phase4/qc/curves/cb367abc8825.csv
f3f65fa1c8fd,2006s,hy_e3_2006s,ccap_2021_hires_lc.tif,edmonds_canopy_prob_2006s_hy_e3_2006s.tif,forest_wetland,sample-test,matched_p75,122,0.480314,0.5809,0.7538,0.6561,348402,251397,113764,713563,0.7676,254,84,qc_indep_sweep_2006s_hy_e3_2006s_ccap_2021_hires_lc_sample-test.csv,phase4/qc/curves/f3f65fa1c8fd.csv
76260a965f19,2006s,hy_e3_2006s,ccap_2021_hires_lc.tif,edmonds_canopy_prob_2006s_hy_e3_2006s.tif,forest_wetland,,matched_p90,137,0.53937,0.2492,0.9038,0.3907,2773253,8355410,295246,11423909,0.7567,254,87,qc_indep_sweep_2006s_hy_e3_2006s_ccap_2021_hires_lc.csv,phase4/qc/curves/76260a965f19.csv
cb367abc8825,2006s,hy_e3_2006s,ccap_2016_hires_lc.tif,edmonds_canopy_prob_2006s_hy_e3_2006s.tif,forest_wetland,,matched_p90,131,0.515748,0.3339,0.9024,0.4875,3976389,7931880,430155,12338424,0.7957,254,93,qc_indep_sweep_2006s_hy_e3_2006s_ccap_2016_hires_lc.csv,phase4/qc/curves/cb367abc8825.csv
f3f65fa1c8fd,2006s,hy_e3_2006s,ccap_2021_hires_lc.tif,edmonds_canopy_prob_2006s_hy_e3_2006s.tif,forest_wetland,sample-test,matched_p90,135,0.531496,0.2279,0.9056,0.3642,136696,463103,14250,614049,0.7676,254,71,qc_indep_sweep_2006s_hy_e3_2006s_ccap_2021_hires_lc_sample-test.csv,phase4/qc/curves/f3f65fa1c8fd.csv
08b2d105eda7,2006s,hy_e3_2006s,ccap_2021_hires_lc.tif,edmonds_canopy_prob_2006s_hy_e3_2006s.tif,forest_only,,scored_live,,0.338582,0.718,0.6745,0.6956,7887425,3098147,3805825,14791397,,,,qc_indep_report.csv,
08b2d105eda7,2006s,hy_e3_2006s,ccap_2021_hires_lc.tif,edmonds_canopy_prob_2006s_hy_e3_2006s.tif,forest_only,,scored_live,,0.334645,0.6704,0.6948,0.6824,395132,194258,173607,762997,,,,qc_indep_report.csv,
0f5f0967fada,2006s,hy_e3_2006s,ccap_2016_hires_lc.tif,edmonds_canopy_prob_2006s_hy_e3_2006s.tif,forest_wetland_scrub,,scored_live,,0.4743,0.6157,0.786,0.6905,7935917,4953942,2160306,15050165,,,,qc_indep_report.csv,
4069d84a1a64,2006s,hy_e3_2006s,ccap_2016_hires_lc.tif,edmonds_canopy_prob_2006s_hy_e3_2006s.tif,forest_only,,scored_live,,0.4743,0.6506,0.7599,0.701,7671819,4120039,2424404,14216262,,,,qc_indep_report.csv,
76260a965f19,2006s,hy_e3_2006s,ccap_2021_hires_lc.tif,edmonds_canopy_prob_2006s_hy_e3_2006s.tif,forest_wetland,,scored_live,,0.338582,0.7195,0.6848,0.7017,8007140,3121523,3686110,14814773,,,,qc_indep_report.csv,
76260a965f19,2006s,hy_e3_2006s,ccap_2021_hires_lc.tif,edmonds_canopy_prob_2006s_hy_e3_2006s.tif,forest_wetland,,scored_live,,0.334645,0.6743,0.7112,0.6923,404461,195338,164278,764077,,,,qc_indep_report.csv,
95938e9335d9,2006s,hy_e3_2006s,ccap_2021_hires_lc.tif,edmonds_canopy_prob_2006s_hy_e3_2006s.tif,forest_wetland_scrub,,scored_live,,0.338582,0.7037,0.6973,0.7005,8154245,3432853,3539005,15126103,,,,qc_indep_report.csv,
95938e9335d9,2006s,hy_e3_2006s,ccap_2021_hires_lc.tif,edmonds_canopy_prob_2006s_hy_e3_2006s.tif,forest_wetland_scrub,,scored_live,,0.334645,0.6519,0.72,0.6843,409475,218670,159264,787409,,,,qc_indep_report.csv,
cb367abc8825,2006s,hy_e3_2006s,ccap_2016_hires_lc.tif,edmonds_canopy_prob_2006s_hy_e3_2006s.tif,forest_wetland,,scored_live,,0.4743,0.6524,0.7695,0.7061,7768852,4139417,2327371,14235640,,,,qc_indep_report.csv,
7ac21c5fec18,2006s,t1_2006s_add05,ccap_2021_hires_lc.tif,edmonds_canopy_prob_2006s_t1_2006s_add05.tif,forest_wetland,sample-selection,best_f1,60,0.23622,0.8213,0.6186,0.7057,287013,62459,176923,526395,0.7477,254,190,qc_indep_sweep_2006s_t1_2006s_add05_ccap_2021_hires_lc_sample-selection.csv,phase4/qc/curves/7ac21c5fec18.csv
9bf4eacc4285,2006s,t1_2006s_add05,ccap_2021_hires_lc.tif,edmonds_canopy_prob_2006s_t1_2006s_add05.tif,forest_wetland,sample-test,best_f1,62,0.244094,0.7579,0.6414,0.6948,454604,145195,254218,854017,0.7551,254,197,qc_indep_sweep_2006s_t1_2006s_add05_ccap_2021_hires_lc_sample-test.csv,phase4/qc/curves/9bf4eacc4285.csv
7ac21c5fec18,2006s,t1_2006s_add05,ccap_2021_hires_lc.tif,edmonds_canopy_prob_2006s_t1_2006s_add05.tif,forest_wetland,sample-selection,matched_p50,53,0.208661,0.9475,0.5122,0.6649,331129,18343,315364,664836,0.7477,254,138,qc_indep_sweep_2006s_t1_2006s_add05_ccap_2021_hires_lc_sample-selection.csv,phase4/qc/curves/7ac21c5fec18.csv
9bf4eacc4285,2006s,t1_2006s_add05,ccap_2021_hires_lc.tif,edmonds_canopy_prob_2006s_t1_2006s_add05.tif,forest_wetland,sample-test,matched_p50,54,0.212598,0.8951,0.5139,0.6529,536852,62947,507752,1107551,0.7551,254,144,qc_indep_sweep_2006s_t1_2006s_add05_ccap_2021_hires_lc_sample-test.csv,phase4/qc/curves/9bf4eacc4285.csv
7ac21c5fec18,2006s,t1_2006s_add05,ccap_2021_hires_lc.tif,edmonds_canopy_prob_2006s_t1_2006s_add05.tif,forest_wetland,sample-selection,matched_p75,105,0.413385,0.5215,0.7505,0.6154,182238,167234,60591,410063,0.7477,254,86,qc_indep_sweep_2006s_t1_2006s_add05_ccap_2021_hires_lc_sample-selection.csv,phase4/qc/curves/7ac21c5fec18.csv
9bf4eacc4285,2006s,t1_2006s_add05,ccap_2021_hires_lc.tif,edmonds_canopy_prob_2006s_t1_2006s_add05.tif,forest_wetland,sample-test,matched_p75,105,0.413385,0.5676,0.751,0.6465,340422,259377,112868,712667,0.7551,254,93,qc_indep_sweep_2006s_t1_2006s_add05_ccap_2021_hires_lc_sample-test.csv,phase4/qc/curves/9bf4eacc4285.csv
7ac21c5fec18,2006s,t1_2006s_add05,ccap_2021_hires_lc.tif,edmonds_canopy_prob_2006s_t1_2006s_add05.tif,forest_wetland,sample-selection,matched_p90,148,0.582677,0.1379,0.9043,0.2392,48177,301295,5099,354571,0.7477,254,43,qc_indep_sweep_2006s_t1_2006s_add05_ccap_2021_hires_lc_sample-selection.csv,phase4/qc/curves/7ac21c5fec18.csv
9bf4eacc4285,2006s,t1_2006s_add05,ccap_2021_hires_lc.tif,edmonds_canopy_prob_2006s_t1_2006s_add05.tif,forest_wetland,sample-test,matched_p90,152,0.598425,0.2365,0.9013,0.3747,141872,457927,15542,615341,0.7551,254,46,qc_indep_sweep_2006s_t1_2006s_add05_ccap_2021_hires_lc_sample-test.csv,phase4/qc/curves/9bf4eacc4285.csv
304591adb0b9,2006s,t1_2006s_add05,ccap_2021_hires_lc.tif,edmonds_canopy_prob_2006s_t1_2006s_add05.tif,forest_only,,scored_live,,0.5,0.4347,0.7764,0.5573,151900,197572,43739,393211,,,,qc_indep_report.csv,
304591adb0b9,2006s,t1_2006s_add05,ccap_2021_hires_lc.tif,edmonds_canopy_prob_2006s_t1_2006s_add05.tif,forest_only,,scored_live,,0.248031,0.7405,0.6405,0.6869,436459,152931,244938,834328,,,,qc_indep_report.csv,
a53e3a35d106,2006s,t1_2006s_add05,ccap_2021_hires_lc.tif,edmonds_canopy_prob_2006s_t1_2006s_add05.tif,forest_wetland_scrub,,scored_live,,0.5,0.4188,0.7802,0.545,152632,211837,43007,407476,,,,qc_indep_report.csv,
a53e3a35d106,2006s,t1_2006s_add05,ccap_2021_hires_lc.tif,edmonds_canopy_prob_2006s_t1_2006s_add05.tif,forest_wetland_scrub,,scored_live,,0.248031,0.7145,0.6586,0.6854,448783,179362,232614,860759,,,,qc_indep_report.csv,
ed50682cdda7,2006s,t1_2006s_add05,ccap_2021_hires_lc.tif,edmonds_canopy_prob_2006s_t1_2006s_add05.tif,forest_wetland,,scored_live,,0.5,0.4347,0.7764,0.5573,151900,197572,43739,393211,,,,qc_indep_report.csv,
ed50682cdda7,2006s,t1_2006s_add05,ccap_2021_hires_lc.tif,edmonds_canopy_prob_2006s_t1_2006s_add05.tif,forest_wetland,,scored_live,,0.248031,0.7413,0.6525,0.6941,444612,155187,236785,836584,,,,qc_indep_report.csv,
34dfa874a259,2006s,t1_2006s_add16,ccap_2021_hires_lc.tif,edmonds_canopy_prob_2006s_t1_2006s_add16.tif,forest_wetland,sample-test,best_f1,116,0.456692,0.7712,0.4509,0.5691,462568,137231,563388,1163187,0.5646,254,133,qc_indep_sweep_2006s_t1_2006s_add16_ccap_2021_hires_lc_sample-test.csv,phase4/qc/curves/34dfa874a259.csv
731186aa5d4e,2006s,t1_2006s_add16,ccap_2021_hires_lc.tif,edmonds_canopy_prob_2006s_t1_2006s_add16.tif,forest_wetland,sample-selection,best_f1,104,0.409448,0.8771,0.441,0.5869,306512,42960,388581,738053,0.5522,254,132,qc_indep_sweep_2006s_t1_2006s_add16_ccap_2021_hires_lc_sample-selection.csv,phase4/qc/curves/731186aa5d4e.csv
34dfa874a259,2006s,t1_2006s_add16,ccap_2021_hires_lc.tif,edmonds_canopy_prob_2006s_t1_2006s_add16.tif,forest_wetland,sample-test,matched_p50,127,0.5,0.5117,0.5235,0.5176,306943,292856,279359,879158,0.5646,254,7,qc_indep_sweep_2006s_t1_2006s_add16_ccap_2021_hires_lc_sample-test.csv,phase4/qc/curves/34dfa874a259.csv
731186aa5d4e,2006s,t1_2006s_add16,ccap_2021_hires_lc.tif,edmonds_canopy_prob_2006s_t1_2006s_add16.tif,forest_wetland,sample-selection,matched_p50,125,0.492125,0.5762,0.5001,0.5354,201378,148094,201335,550807,0.5522,254,8,qc_indep_sweep_2006s_t1_2006s_add16_ccap_2021_hires_lc_sample-selection.csv,phase4/qc/curves/731186aa5d4e.csv
34dfa874a259,2006s,t1_2006s_add16,ccap_2021_hires_lc.tif,edmonds_canopy_prob_2006s_t1_2006s_add16.tif,forest_wetland,sample-test,matched_p75,129,0.507874,0.0814,0.7866,0.1475,48826,550973,13247,613046,0.5646,254,5,qc_indep_sweep_2006s_t1_2006s_add16_ccap_2021_hires_lc_sample-test.csv,phase4/qc/curves/34dfa874a259.csv
731186aa5d4e,2006s,t1_2006s_add16,ccap_2021_hires_lc.tif,edmonds_canopy_prob_2006s_t1_2006s_add16.tif,forest_wetland,sample-selection,matched_p75,129,0.507874,0.0413,0.7756,0.0784,14420,335052,4173,353645,0.5522,254,4,qc_indep_sweep_2006s_t1_2006s_add16_ccap_2021_hires_lc_sample-selection.csv,phase4/qc/curves/731186aa5d4e.csv
34dfa874a259,2006s,t1_2006s_add16,ccap_2021_hires_lc.tif,edmonds_canopy_prob_2006s_t1_2006s_add16.tif,forest_wetland,sample-test,matched_p90,130,0.511811,0.0065,0.9295,0.0128,3876,595923,294,600093,0.5646,254,4,qc_indep_sweep_2006s_t1_2006s_add16_ccap_2021_hires_lc_sample-test.csv,phase4/qc/curves/34dfa874a259.csv
731186aa5d4e,2006s,t1_2006s_add16,ccap_2021_hires_lc.tif,edmonds_canopy_prob_2006s_t1_2006s_add16.tif,forest_wetland,sample-selection,matched_p90,131,0.515748,0.0011,0.9095,0.0022,382,349090,38,349510,0.5522,254,2,qc_indep_sweep_2006s_t1_2006s_add16_ccap_2021_hires_lc_sample-selection.csv,phase4/qc/curves/731186aa5d4e.csv
0c1a8001c249,2006s,t1_2006s_add16,ccap_2021_hires_lc.tif,edmonds_canopy_prob_2006s_t1_2006s_add16.tif,forest_only,,scored_live,,0.5,0.3975,0.5467,0.4603,138922,210550,115185,464657,,,,qc_indep_report.csv,
0c1a8001c249,2006s,t1_2006s_add16,ccap_2021_hires_lc.tif,edmonds_canopy_prob_2006s_t1_2006s_add16.tif,forest_only,,scored_live,,0.444881,0.7905,0.4373,0.5631,465916,123474,599523,1188913,,,,qc_indep_report.csv,
8b08cce8bb91,2006s,t1_2006s_add16,ccap_2021_hires_lc.tif,edmonds_canopy_prob_2006s_t1_2006s_add16.tif,forest_wetland,,scored_live,,0.5,0.3975,0.5467,0.4603,138922,210550,115185,464657,,,,qc_indep_report.csv,
8b08cce8bb91,2006s,t1_2006s_add16,ccap_2021_hires_lc.tif,edmonds_canopy_prob_2006s_t1_2006s_add16.tif,forest_wetland,,scored_live,,0.444881,0.7894,0.4444,0.5687,473497,126302,591942,1191741,,,,qc_indep_report.csv,
f51df705d07e,2006s,t1_2006s_add16,ccap_2021_hires_lc.tif,edmonds_canopy_prob_2006s_t1_2006s_add16.tif,forest_wetland_scrub,,scored_live,,0.5,0.3861,0.5538,0.455,140713,223756,113394,477863,,,,qc_indep_report.csv,
f51df705d07e,2006s,t1_2006s_add16,ccap_2021_hires_lc.tif,edmonds_canopy_prob_2006s_t1_2006s_add16.tif,forest_wetland_scrub,,scored_live,,0.444881,0.7659,0.4515,0.5681,481085,147060,584354,1212499,,,,qc_indep_report.csv,
4dbf3b28e1dc,2006s,t1_2006s_base,ccap_2021_hires_lc.tif,edmonds_canopy_prob_2006s_t1_2006s_base.tif,forest_wetland,sample-selection,best_f1,62,0.244094,0.7993,0.6179,0.697,279339,70133,172745,522217,0.7508,254,189,qc_indep_sweep_2006s_t1_2006s_base_ccap_2021_hires_lc_sample-selection.csv,phase4/qc/curves/4dbf3b28e1dc.csv
cf5712b98e39,2006s,t1_2006s_base,ccap_2016_hires_lc.tif,edmonds_canopy_prob_2006s_t1_2006s_base.tif,forest_wetland,sample-test,best_f1,64,0.251968,0.7895,0.6847,0.7334,500387,133435,230409,864231,0.7945,254,190,qc_indep_sweep_2006s_t1_2006s_base_ccap_2016_hires_lc_sample-test.csv,phase4/qc/curves/cf5712b98e39.csv
d44e2f479eb6,2006s,t1_2006s_base,ccap_2021_hires_lc.tif,edmonds_canopy_prob_2006s_t1_2006s_base.tif,forest_wetland,sample-test,best_f1,65,0.255905,0.7496,0.6464,0.6942,449626,150173,245969,845768,0.7603,254,190,qc_indep_sweep_2006s_t1_2006s_base_ccap_2021_hires_lc_sample-test.csv,phase4/qc/curves/d44e2f479eb6.csv
e860a51a8584,2006s,t1_2006s_base,_chm2005_canopy2m_binary.tif,edmonds_canopy_prob_2006s_t1_2006s_base.tif,canopy_only,sample-test,best_f1,61,0.240157,0.8052,0.6925,0.7446,488467,118205,216884,823556,0.8108,254,190,qc_indep_sweep_2006s_t1_2006s_base__chm2005_canopy2m_binary_sample-test.csv,phase4/qc/curves/e860a51a8584.csv
4dbf3b28e1dc,2006s,t1_2006s_base,ccap_2021_hires_lc.tif,edmonds_canopy_prob_2006s_t1_2006s_base.tif,forest_wetland,sample-selection,matched_p50,55,0.216535,0.9498,0.5019,0.6568,331931,17541,329398,678870,0.7508,254,135,qc_indep_sweep_2006s_t1_2006s_base_ccap_2021_hires_lc_sample-selection.csv,phase4/qc/curves/4dbf3b28e1dc.csv
cf5712b98e39,2006s,t1_2006s_base,ccap_2016_hires_lc.tif,edmonds_canopy_prob_2006s_t1_2006s_base.tif,forest_wetland,sample-test,matched_p50,57,0.224409,0.9374,0.5218,0.6704,594119,39703,544499,1178321,0.7945,254,134,qc_indep_sweep_2006s_t1_2006s_base_ccap_2016_hires_lc_sample-test.csv,phase4/qc/curves/cf5712b98e39.csv
d44e2f479eb6,2006s,t1_2006s_base,ccap_2021_hires_lc.tif,edmonds_canopy_prob_2006s_t1_2006s_base.tif,forest_wetland,sample-test,matched_p50,58,0.228346,0.897,0.5069,0.6477,538038,61761,523467,1123266,0.7603,254,133,qc_indep_sweep_2006s_t1_2006s_base_ccap_2021_hires_lc_sample-test.csv,phase4/qc/curves/d44e2f479eb6.csv
e860a51a8584,2006s,t1_2006s_base,_chm2005_canopy2m_binary.tif,edmonds_canopy_prob_2006s_t1_2006s_base.tif,canopy_only,sample-test,matched_p50,53,0.208661,0.9599,0.5114,0.6673,582367,24305,556349,1163021,0.8108,254,138,qc_indep_sweep_2006s_t1_2006s_base__chm2005_canopy2m_binary_sample-test.csv,phase4/qc/curves/e860a51a8584.csv
4dbf3b28e1dc,2006s,t1_2006s_base,ccap_2021_hires_lc.tif,edmonds_canopy_prob_2006s_t1_2006s_base.tif,forest_wetland,sample-selection,matched_p75,81,0.318897,0.5433,0.7509,0.6305,189884,159588,62997,412469,0.7508,254,109,qc_indep_sweep_2006s_t1_2006s_base_ccap_2021_hires_lc_sample-selection.csv,phase4/qc/curves/4dbf3b28e1dc.csv
cf5712b98e39,2006s,t1_2006s_base,ccap_2016_hires_lc.tif,edmonds_canopy_prob_2006s_t1_2006s_base.tif,forest_wetland,sample-test,matched_p75,71,0.279527,0.6695,0.7547,0.7095,424335,209487,137940,771762,0.7945,254,120,qc_indep_sweep_2006s_t1_2006s_base_ccap_2016_hires_lc_sample-test.csv,phase4/qc/curves/cf5712b98e39.csv
d44e2f479eb6,2006s,t1_2006s_base,ccap_2021_hires_lc.tif,edmonds_canopy_prob_2006s_t1_2006s_base.tif,forest_wetland,sample-test,matched_p75,90,0.35433,0.5847,0.7504,0.6573,350718,249081,116649,716448,0.7603,254,101,qc_indep_sweep_2006s_t1_2006s_base_ccap_2021_hires_lc_sample-test.csv,phase4/qc/curves/d44e2f479eb6.csv
e860a51a8584,2006s,t1_2006s_base,_chm2005_canopy2m_binary.tif,edmonds_canopy_prob_2006s_t1_2006s_base.tif,canopy_only,sample-test,matched_p75,65,0.255905,0.7232,0.75,0.7364,438763,167909,146244,752916,0.8108,254,126,qc_indep_sweep_2006s_t1_2006s_base__chm2005_canopy2m_binary_sample-test.csv,phase4/qc/curves/e860a51a8584.csv
4dbf3b28e1dc,2006s,t1_2006s_base,ccap_2021_hires_lc.tif,edmonds_canopy_prob_2006s_t1_2006s_base.tif,forest_wetland,sample-selection,matched_p90,132,0.519685,0.1545,0.9009,0.2637,53980,295492,5938,355410,0.7508,254,58,qc_indep_sweep_2006s_t1_2006s_base_ccap_2021_hires_lc_sample-selection.csv,phase4/qc/curves/4dbf3b28e1dc.csv
cf5712b98e39,2006s,t1_2006s_base,ccap_2016_hires_lc.tif,edmonds_canopy_prob_2006s_t1_2006s_base.tif,forest_wetland,sample-test,matched_p90,133,0.523622,0.278,0.9017,0.425,176187,457635,19198,653020,0.7945,254,58,qc_indep_sweep_2006s_t1_2006s_base_ccap_2016_hires_lc_sample-test.csv,phase4/qc/curves/cf5712b98e39.csv
d44e2f479eb6,2006s,t1_2006s_base,ccap_2021_hires_lc.tif,edmonds_canopy_prob_2006s_t1_2006s_base.tif,forest_wetland,sample-test,matched_p90,138,0.543307,0.2373,0.9007,0.3756,142318,457481,15690,615489,0.7603,254,53,qc_indep_sweep_2006s_t1_2006s_base_ccap_2021_hires_lc_sample-test.csv,phase4/qc/curves/d44e2f479eb6.csv
e860a51a8584,2006s,t1_2006s_base,_chm2005_canopy2m_binary.tif,edmonds_canopy_prob_2006s_t1_2006s_base.tif,canopy_only,sample-test,matched_p90,131,0.515748,0.3101,0.9019,0.4615,188125,418547,20469,627141,0.8108,254,60,qc_indep_sweep_2006s_t1_2006s_base__chm2005_canopy2m_binary_sample-test.csv,phase4/qc/curves/e860a51a8584.csv
51da5c5279f8,2006s,t1_2006s_base,ccap_2021_hires_lc.tif,edmonds_canopy_prob_2006s_t1_2006s_base.tif,forest_wetland_scrub,,scored_live,,0.5,0.3492,0.8191,0.4897,127283,237186,28110,392579,,,,qc_indep_report.csv,
51da5c5279f8,2006s,t1_2006s_base,ccap_2021_hires_lc.tif,edmonds_canopy_prob_2006s_t1_2006s_base.tif,forest_wetland_scrub,,scored_live,,0.251968,0.7429,0.6386,0.6868,466661,161484,264135,892280,,,,qc_indep_report.csv,
80c0197452af,2006s,t1_2006s_base,ccap_2021_hires_lc.tif,edmonds_canopy_prob_2006s_t1_2006s_base.tif,forest_only,,scored_live,,0.5,0.3632,0.8168,0.5028,126930,222542,28463,377935,,,,qc_indep_report.csv,
80c0197452af,2006s,t1_2006s_base,ccap_2021_hires_lc.tif,edmonds_canopy_prob_2006s_t1_2006s_base.tif,forest_only,,scored_live,,0.251968,0.7671,0.6187,0.685,452150,137240,278646,868036,,,,qc_indep_report.csv,
8e46d8377c63,2006s,t1_2006s_base,_chm2005_canopy2m_binary.tif,edmonds_canopy_prob_2006s_t1_2006s_base.tif,canopy_only,,scored_live,,0.5,0.4597,0.8666,0.6007,278874,327798,42918,649590,,,,qc_indep_report.csv,
9fb753afe44f,2006s,t1_2006s_base,ccap_2016_hires_lc.tif,edmonds_canopy_prob_2006s_t1_2006s_base.tif,forest_wetland,,scored_live,,0.5,0.4628,0.8407,0.597,293340,340482,55584,689406,,,,qc_indep_report.csv,
bd9d3a15dca0,2006s,t1_2006s_base,ccap_2016_hires_lc.tif,edmonds_canopy_prob_2006s_t1_2006s_base.tif,forest_only,,scored_live,,0.5,0.4597,0.8232,0.59,287221,337564,61703,686488,,,,qc_indep_report.csv,
ecfbe8df7442,2006s,t1_2006s_base,ccap_2016_hires_lc.tif,edmonds_canopy_prob_2006s_t1_2006s_base.tif,forest_wetland_scrub,,scored_live,,0.5,0.4238,0.8496,0.5655,296451,403002,52473,751926,,,,qc_indep_report.csv,
f64578ee1035,2006s,t1_2006s_base,ccap_2021_hires_lc.tif,edmonds_canopy_prob_2006s_t1_2006s_base.tif,forest_wetland,,scored_live,,0.5,0.3632,0.8168,0.5028,126930,222542,28463,377935,,,,qc_indep_report.csv,
f64578ee1035,2006s,t1_2006s_base,ccap_2021_hires_lc.tif,edmonds_canopy_prob_2006s_t1_2006s_base.tif,forest_wetland,,scored_live,,0.251968,0.7694,0.6315,0.6937,461494,138305,269302,869101,,,,qc_indep_report.csv,
2f8304e98e0d,2006s,t1_2006s_in05,ccap_2016_hires_lc.tif,edmonds_canopy_prob_2006s_t1_2006s_in05.tif,forest_wetland,sample-test,best_f1,62,0.244094,0.8075,0.6842,0.7408,511832,121990,236262,870084,0.8053,254,198,qc_indep_sweep_2006s_t1_2006s_in05_ccap_2016_hires_lc_sample-test.csv,phase4/qc/curves/2f8304e98e0d.csv
711358679218,2006s,t1_2006s_in05,ccap_2021_hires_lc.tif,edmonds_canopy_prob_2006s_t1_2006s_in05.tif,forest_wetland,sample-test,best_f1,64,0.251968,0.7416,0.6633,0.7003,444830,154969,225835,825634,0.7685,254,198,qc_indep_sweep_2006s_t1_2006s_in05_ccap_2021_hires_lc_sample-test.csv,phase4/qc/curves/711358679218.csv
7d09560b49b2,2006s,t1_2006s_in05,ccap_2021_hires_lc.tif,edmonds_canopy_prob_2006s_t1_2006s_in05.tif,forest_wetland,sample-selection,best_f1,61,0.240157,0.8092,0.6289,0.7078,282783,66689,166841,516313,0.7594,254,192,qc_indep_sweep_2006s_t1_2006s_in05_ccap_2021_hires_lc_sample-selection.csv,phase4/qc/curves/7d09560b49b2.csv
2f8304e98e0d,2006s,t1_2006s_in05,ccap_2016_hires_lc.tif,edmonds_canopy_prob_2006s_t1_2006s_in05.tif,forest_wetland,sample-test,matched_p50,56,0.220472,0.9427,0.5227,0.6725,597486,36336,545645,1179467,0.8053,254,143,qc_indep_sweep_2006s_t1_2006s_in05_ccap_2016_hires_lc_sample-test.csv,phase4/qc/curves/2f8304e98e0d.csv
711358679218,2006s,t1_2006s_in05,ccap_2021_hires_lc.tif,edmonds_canopy_prob_2006s_t1_2006s_in05.tif,forest_wetland,sample-test,matched_p50,57,0.224409,0.9001,0.5109,0.6519,539889,59910,516790,1116589,0.7685,254,142,qc_indep_sweep_2006s_t1_2006s_in05_ccap_2021_hires_lc_sample-test.csv,phase4/qc/curves/711358679218.csv
7d09560b49b2,2006s,t1_2006s_in05,ccap_2021_hires_lc.tif,edmonds_canopy_prob_2006s_t1_2006s_in05.tif,forest_wetland,sample-selection,matched_p50,55,0.216535,0.954,0.5049,0.6603,333411,16061,326918,676390,0.7594,254,138,qc_indep_sweep_2006s_t1_2006s_in05_ccap_2021_hires_lc_sample-selection.csv,phase4/qc/curves/7d09560b49b2.csv
2f8304e98e0d,2006s,t1_2006s_in05,ccap_2016_hires_lc.tif,edmonds_canopy_prob_2006s_t1_2006s_in05.tif,forest_wetland,sample-test,matched_p75,67,0.263779,0.7048,0.7518,0.7275,446727,187095,147508,781330,0.8053,254,132,qc_indep_sweep_2006s_t1_2006s_in05_ccap_2016_hires_lc_sample-test.csv,phase4/qc/curves/2f8304e98e0d.csv
711358679218,2006s,t1_2006s_in05,ccap_2021_hires_lc.tif,edmonds_canopy_prob_2006s_t1_2006s_in05.tif,forest_wetland,sample-test,matched_p75,81,0.318897,0.6073,0.7504,0.6713,364255,235544,121152,720951,0.7685,254,118,qc_indep_sweep_2006s_t1_2006s_in05_ccap_2021_hires_lc_sample-test.csv,phase4/qc/curves/711358679218.csv
7d09560b49b2,2006s,t1_2006s_in05,ccap_2021_hires_lc.tif,edmonds_canopy_prob_2006s_t1_2006s_in05.tif,forest_wetland,sample-selection,matched_p75,74,0.291338,0.5788,0.7515,0.6539,202273,147199,66898,416370,0.7594,254,119,qc_indep_sweep_2006s_t1_2006s_in05_ccap_2021_hires_lc_sample-selection.csv,phase4/qc/curves/7d09560b49b2.csv
2f8304e98e0d,2006s,t1_2006s_in05,ccap_2016_hires_lc.tif,edmonds_canopy_prob_2006s_t1_2006s_in05.tif,forest_wetland,sample-test,matched_p90,133,0.523622,0.313,0.9004,0.4645,198364,435458,21951,655773,0.8053,254,66,qc_indep_sweep_2006s_t1_2006s_in05_ccap_2016_hires_lc_sample-test.csv,phase4/qc/curves/2f8304e98e0d.csv
711358679218,2006s,t1_2006s_in05,ccap_2021_hires_lc.tif,edmonds_canopy_prob_2006s_t1_2006s_in05.tif,forest_wetland,sample-test,matched_p90,138,0.543307,0.266,0.9019,0.4108,159519,440280,17346,617145,0.7685,254,61,qc_indep_sweep_2006s_t1_2006s_in05_ccap_2021_hires_lc_sample-test.csv,phase4/qc/curves/711358679218.csv
7d09560b49b2,2006s,t1_2006s_in05,ccap_2021_hires_lc.tif,edmonds_canopy_prob_2006s_t1_2006s_in05.tif,forest_wetland,sample-selection,matched_p90,140,0.551181,0.1258,0.9018,0.2209,43977,305495,4788,354260,0.7594,254,53,qc_indep_sweep_2006s_t1_2006s_in05_ccap_2021_hires_lc_sample-selection.csv,phase4/qc/curves/7d09560b49b2.csv
9078b32def83,2006s,t1_2006s_in05,ccap_2021_hires_lc.tif,edmonds_canopy_prob_2006s_t1_2006s_in05.tif,forest_wetland,,scored_live,,0.5,0.3854,0.8245,0.5253,134672,214800,28657,378129,,,,qc_indep_report.csv,
9078b32def83,2006s,t1_2006s_in05,ccap_2021_hires_lc.tif,edmonds_canopy_prob_2006s_t1_2006s_in05.tif,forest_wetland,,scored_live,,0.248031,0.7622,0.6469,0.6998,457193,142606,249548,849347,,,,qc_indep_report.csv,
920c87170fd1,2006s,t1_2006s_in05,ccap_2021_hires_lc.tif,edmonds_canopy_prob_2006s_t1_2006s_in05.tif,forest_wetland_scrub,,scored_live,,0.5,0.3705,0.8267,0.5117,135027,229442,28302,392771,,,,qc_indep_report.csv,
920c87170fd1,2006s,t1_2006s_in05,ccap_2021_hires_lc.tif,edmonds_canopy_prob_2006s_t1_2006s_in05.tif,forest_wetland_scrub,,scored_live,,0.248031,0.7356,0.6538,0.6923,462061,166084,244680,872825,,,,qc_indep_report.csv,
d08b4f67b706,2006s,t1_2006s_in05,ccap_2016_hires_lc.tif,edmonds_canopy_prob_2006s_t1_2006s_in05.tif,forest_only,,scored_live,,0.5,0.4697,0.8354,0.6013,293432,331353,57803,682588,,,,qc_indep_report.csv,
d3167fae98df,2006s,t1_2006s_in05,ccap_2016_hires_lc.tif,edmonds_canopy_prob_2006s_t1_2006s_in05.tif,forest_wetland,,scored_live,,0.5,0.4724,0.8524,0.6079,299389,334433,51846,685668,,,,qc_indep_report.csv,
d5cb8d1fcde0,2006s,t1_2006s_in05,ccap_2016_hires_lc.tif,edmonds_canopy_prob_2006s_t1_2006s_in05.tif,forest_wetland_scrub,,scored_live,,0.5,0.4325,0.8613,0.5758,302522,396931,48713,748166,,,,qc_indep_report.csv,
dbbb1278bbd9,2006s,t1_2006s_in05,ccap_2021_hires_lc.tif,edmonds_canopy_prob_2006s_t1_2006s_in05.tif,forest_only,,scored_live,,0.5,0.3854,0.8245,0.5253,134672,214800,28657,378129,,,,qc_indep_report.csv,
dbbb1278bbd9,2006s,t1_2006s_in05,ccap_2021_hires_lc.tif,edmonds_canopy_prob_2006s_t1_2006s_in05.tif,forest_only,,scored_live,,0.248031,0.7604,0.6342,0.6916,448189,141201,258552,847942,,,,qc_indep_report.csv,
248fff8a9689,2006s,t1_2006s_in16,ccap_2021_hires_lc.tif,edmonds_canopy_prob_2006s_t1_2006s_in16.tif,forest_wetland,sample-test,best_f1,69,0.271653,0.7674,0.6566,0.7077,460293,139506,240744,840543,0.7844,254,197,qc_indep_sweep_2006s_t1_2006s_in16_ccap_2021_hires_lc_sample-test.csv,phase4/qc/curves/248fff8a9689.csv
3b1fa50cef4d,2006s,t1_2006s_in16,ccap_2016_hires_lc.tif,edmonds_canopy_prob_2006s_t1_2006s_in16.tif,forest_wetland,sample-test,best_f1,68,0.267716,0.8046,0.7016,0.7496,509966,123856,216907,850729,0.8249,254,197,qc_indep_sweep_2006s_t1_2006s_in16_ccap_2016_hires_lc_sample-test.csv,phase4/qc/curves/3b1fa50cef4d.csv
c7d97323b8be,2006s,t1_2006s_in16,ccap_2021_hires_lc.tif,edmonds_canopy_prob_2006s_t1_2006s_in16.tif,forest_wetland,sample-selection,best_f1,67,0.263779,0.7955,0.6505,0.7157,278016,71456,149402,498874,0.7718,254,189,qc_indep_sweep_2006s_t1_2006s_in16_ccap_2021_hires_lc_sample-selection.csv,phase4/qc/curves/c7d97323b8be.csv
248fff8a9689,2006s,t1_2006s_in16,ccap_2021_hires_lc.tif,edmonds_canopy_prob_2006s_t1_2006s_in16.tif,forest_wetland,sample-test,matched_p50,61,0.240157,0.9172,0.505,0.6513,550107,49692,539257,1139056,0.7844,254,137,qc_indep_sweep_2006s_t1_2006s_in16_ccap_2021_hires_lc_sample-test.csv,phase4/qc/curves/248fff8a9689.csv
3b1fa50cef4d,2006s,t1_2006s_in16,ccap_2016_hires_lc.tif,edmonds_canopy_prob_2006s_t1_2006s_in16.tif,forest_wetland,sample-test,matched_p50,60,0.23622,0.9555,0.52,0.6735,605622,28200,559091,1192913,0.8249,254,138,qc_indep_sweep_2006s_t1_2006s_in16_ccap_2016_hires_lc_sample-test.csv,phase4/qc/curves/3b1fa50cef4d.csv
c7d97323b8be,2006s,t1_2006s_in16,ccap_2021_hires_lc.tif,edmonds_canopy_prob_2006s_t1_2006s_in16.tif,forest_wetland,sample-selection,matched_p50,59,0.232283,0.9644,0.5017,0.66,337039,12433,334773,684245,0.7718,254,131,qc_indep_sweep_2006s_t1_2006s_in16_ccap_2021_hires_lc_sample-selection.csv,phase4/qc/curves/c7d97323b8be.csv
248fff8a9689,2006s,t1_2006s_in16,ccap_2021_hires_lc.tif,edmonds_canopy_prob_2006s_t1_2006s_in16.tif,forest_wetland,sample-test,matched_p75,108,0.425196,0.6308,0.7502,0.6853,378348,221451,125996,725795,0.7844,254,90,qc_indep_sweep_2006s_t1_2006s_in16_ccap_2021_hires_lc_sample-test.csv,phase4/qc/curves/248fff8a9689.csv
3b1fa50cef4d,2006s,t1_2006s_in16,ccap_2016_hires_lc.tif,edmonds_canopy_prob_2006s_t1_2006s_in16.tif,forest_wetland,sample-test,matched_p75,76,0.299212,0.7278,0.7526,0.74,461294,172528,151604,785426,0.8249,254,122,qc_indep_sweep_2006s_t1_2006s_in16_ccap_2016_hires_lc_sample-test.csv,phase4/qc/curves/3b1fa50cef4d.csv
c7d97323b8be,2006s,t1_2006s_in16,ccap_2021_hires_lc.tif,edmonds_canopy_prob_2006s_t1_2006s_in16.tif,forest_wetland,sample-selection,matched_p75,93,0.366141,0.611,0.7512,0.6739,213519,135953,70706,420178,0.7718,254,97,qc_indep_sweep_2006s_t1_2006s_in16_ccap_2021_hires_lc_sample-selection.csv,phase4/qc/curves/c7d97323b8be.csv
248fff8a9689,2006s,t1_2006s_in16,ccap_2021_hires_lc.tif,edmonds_canopy_prob_2006s_t1_2006s_in16.tif,forest_wetland,sample-test,matched_p90,143,0.562992,0.3218,0.9023,0.4745,193044,406755,20914,620713,0.7844,254,55,qc_indep_sweep_2006s_t1_2006s_in16_ccap_2021_hires_lc_sample-test.csv,phase4/qc/curves/248fff8a9689.csv
3b1fa50cef4d,2006s,t1_2006s_in16,ccap_2016_hires_lc.tif,edmonds_canopy_prob_2006s_t1_2006s_in16.tif,forest_wetland,sample-test,matched_p90,136,0.535433,0.3812,0.9035,0.5362,241614,392208,25809,659631,0.8249,254,62,qc_indep_sweep_2006s_t1_2006s_in16_ccap_2016_hires_lc_sample-test.csv,phase4/qc/curves/3b1fa50cef4d.csv
c7d97323b8be,2006s,t1_2006s_in16,ccap_2021_hires_lc.tif,edmonds_canopy_prob_2006s_t1_2006s_in16.tif,forest_wetland,sample-selection,matched_p90,147,0.57874,0.1587,0.9021,0.2699,55456,294016,6017,355489,0.7718,254,43,qc_indep_sweep_2006s_t1_2006s_in16_ccap_2021_hires_lc_sample-selection.csv,phase4/qc/curves/c7d97323b8be.csv
03ab73f6c3b1,2006s,t1_2006s_in16,ccap_2016_hires_lc.tif,edmonds_canopy_prob_2006s_t1_2006s_in16.tif,forest_wetland,,scored_live,,0.5,0.5665,0.8298,0.6733,359049,274773,73643,707465,,,,qc_indep_report.csv,
2076fd4fca7f,2006s,t1_2006s_in16,ccap_2021_hires_lc.tif,edmonds_canopy_prob_2006s_t1_2006s_in16.tif,forest_wetland_scrub,,scored_live,,0.5,0.4686,0.8053,0.5925,170773,193696,41282,405751,,,,qc_indep_report.csv,
2076fd4fca7f,2006s,t1_2006s_in16,ccap_2021_hires_lc.tif,edmonds_canopy_prob_2006s_t1_2006s_in16.tif,forest_wetland_scrub,,scored_live,,0.271653,0.7405,0.6635,0.6999,465139,163006,235898,864043,,,,qc_indep_report.csv,
2c4849a248c3,2006s,t1_2006s_in16,ccap_2016_hires_lc.tif,edmonds_canopy_prob_2006s_t1_2006s_in16.tif,forest_wetland_scrub,,scored_live,,0.5,0.5194,0.8397,0.6418,363320,336133,69372,768825,,,,qc_indep_report.csv,
971d31cd957a,2006s,t1_2006s_in16,ccap_2021_hires_lc.tif,edmonds_canopy_prob_2006s_t1_2006s_in16.tif,forest_wetland,,scored_live,,0.5,0.4871,0.8028,0.6063,170229,179243,41826,391298,,,,qc_indep_report.csv,
971d31cd957a,2006s,t1_2006s_in16,ccap_2021_hires_lc.tif,edmonds_canopy_prob_2006s_t1_2006s_in16.tif,forest_wetland,,scored_live,,0.271653,0.7674,0.6566,0.7077,460293,139506,240744,840543,,,,qc_indep_report.csv,
99df0fcc99ef,2006s,t1_2006s_in16,ccap_2016_hires_lc.tif,edmonds_canopy_prob_2006s_t1_2006s_in16.tif,forest_only,,scored_live,,0.5,0.5634,0.8135,0.6657,352001,272784,80691,705476,,,,qc_indep_report.csv,
bbdffb65e27b,2006s,t1_2006s_in16,ccap_2021_hires_lc.tif,edmonds_canopy_prob_2006s_t1_2006s_in16.tif,forest_only,,scored_live,,0.5,0.4871,0.8028,0.6063,170229,179243,41826,391298,,,,qc_indep_report.csv,
bbdffb65e27b,2006s,t1_2006s_in16,ccap_2021_hires_lc.tif,edmonds_canopy_prob_2006s_t1_2006s_in16.tif,forest_only,,scored_live,,0.271653,0.7648,0.643,0.6986,450749,138641,250288,839678,,,,qc_indep_report.csv,
02218a9c073f,2006s,wb18_2006s_base,ccap_2021_hires_lc.tif,edmonds_canopy_prob_2006s_wb18_2006s_base.tif,forest_wetland,sample-test,best_f1,31,0.122047,0.7689,0.6631,0.7121,461161,138638,234338,834137,0.7765,254,242,qc_indep_sweep_2006s_wb18_2006s_base_ccap_2021_hires_lc_sample-test.csv,phase4/qc/curves/02218a9c073f.csv
4baef03249dc,2006s,wb18_2006s_base,ccap_2016_hires_lc.tif,edmonds_canopy_prob_2006s_wb18_2006s_base.tif,forest_wetland,sample-test,best_f1,26,0.102362,0.7954,0.6905,0.7393,504169,129653,226003,859825,0.8038,254,242,qc_indep_sweep_2006s_wb18_2006s_base_ccap_2016_hires_lc_sample-test.csv,phase4/qc/curves/4baef03249dc.csv
02218a9c073f,2006s,wb18_2006s_base,ccap_2021_hires_lc.tif,edmonds_canopy_prob_2006s_wb18_2006s_base.tif,forest_wetland,sample-test,matched_p50,9,0.035433,0.9155,0.5184,0.662,549124,50675,510137,1109936,0.7765,254,234,qc_indep_sweep_2006s_wb18_2006s_base_ccap_2021_hires_lc_sample-test.csv,phase4/qc/curves/02218a9c073f.csv
4baef03249dc,2006s,wb18_2006s_base,ccap_2016_hires_lc.tif,edmonds_canopy_prob_2006s_wb18_2006s_base.tif,forest_wetland,sample-test,matched_p50,7,0.027559,0.9498,0.5103,0.6639,602004,31818,577817,1211639,0.8038,254,236,qc_indep_sweep_2006s_wb18_2006s_base_ccap_2016_hires_lc_sample-test.csv,phase4/qc/curves/4baef03249dc.csv
02218a9c073f,2006s,wb18_2006s_base,ccap_2021_hires_lc.tif,edmonds_canopy_prob_2006s_wb18_2006s_base.tif,forest_wetland,sample-test,matched_p75,102,0.401574,0.6328,0.75,0.6864,379560,220239,126552,726351,0.7765,254,141,qc_indep_sweep_2006s_wb18_2006s_base_ccap_2021_hires_lc_sample-test.csv,phase4/qc/curves/02218a9c073f.csv
4baef03249dc,2006s,wb18_2006s_base,ccap_2016_hires_lc.tif,edmonds_canopy_prob_2006s_wb18_2006s_base.tif,forest_wetland,sample-test,matched_p75,56,0.220472,0.7099,0.7509,0.7298,449954,183868,149246,783068,0.8038,254,187,qc_indep_sweep_2006s_wb18_2006s_base_ccap_2016_hires_lc_sample-test.csv,phase4/qc/curves/4baef03249dc.csv
02218a9c073f,2006s,wb18_2006s_base,ccap_2021_hires_lc.tif,edmonds_canopy_prob_2006s_wb18_2006s_base.tif,forest_wetland,sample-test,matched_p90,177,0.69685,0.2161,0.9022,0.3487,129635,470164,14046,613845,0.7765,254,66,qc_indep_sweep_2006s_wb18_2006s_base_ccap_2021_hires_lc_sample-test.csv,phase4/qc/curves/02218a9c073f.csv
4baef03249dc,2006s,wb18_2006s_base,ccap_2016_hires_lc.tif,edmonds_canopy_prob_2006s_wb18_2006s_base.tif,forest_wetland,sample-test,matched_p90,175,0.688976,0.2713,0.9022,0.4172,171981,461841,18653,652475,0.8038,254,68,qc_indep_sweep_2006s_wb18_2006s_base_ccap_2016_hires_lc_sample-test.csv,phase4/qc/curves/4baef03249dc.csv
14b3cdb9a790,2006s,wb18_2006s_base,ccap_2016_hires_lc.tif,edmonds_canopy_prob_2006s_wb18_2006s_base.tif,forest_wetland,,scored_live,,0.552,0.5596,0.8249,0.6668,354659,279163,75265,709087,,,,qc_indep_report.csv,
852887ffab93,2006s,wb18_2006s_base,ccap_2021_hires_lc.tif,edmonds_canopy_prob_2006s_wb18_2006s_base.tif,forest_wetland,,scored_live,,0.552,0.5635,0.7861,0.6564,337984,261815,91940,691739,,,,qc_indep_report.csv,
92a2fed375c1,2006s,wb18_2006s_base,ccap_2021_hires_lc.tif,edmonds_canopy_prob_2006s_wb18_2006s_base.tif,forest_only,,scored_live,,0.552,0.5586,0.7658,0.646,329234,260156,100690,690080,,,,qc_indep_report.csv,
ab26a69fd2e3,2006s,wb18_2006s_base,ccap_2021_hires_lc.tif,edmonds_canopy_prob_2006s_wb18_2006s_base.tif,forest_wetland_scrub,,scored_live,,0.552,0.543,0.7934,0.6447,341107,287038,88817,716962,,,,qc_indep_report.csv,
d66711c70805,2006s,wb18_2006s_base,ccap_2016_hires_lc.tif,edmonds_canopy_prob_2006s_wb18_2006s_base.tif,forest_wetland_scrub,,scored_live,,0.552,0.5159,0.8394,0.639,360878,338575,69046,768499,,,,qc_indep_report.csv,
ea44451b44e1,2006s,wb18_2006s_base,ccap_2016_hires_lc.tif,edmonds_canopy_prob_2006s_wb18_2006s_base.tif,forest_only,,scored_live,,0.552,0.5558,0.8076,0.6584,347226,277559,82698,707483,,,,qc_indep_report.csv,
39a157e9c272,2006s,wb18_2006s_in05,ccap_2016_hires_lc.tif,edmonds_canopy_prob_2006s_wb18_2006s_in05.tif,forest_wetland,sample-test,best_f1,38,0.149606,0.7902,0.7197,0.7533,500849,132973,195058,828880,0.8333,254,239,qc_indep_sweep_2006s_wb18_2006s_in05_ccap_2016_hires_lc_sample-test.csv,phase4/qc/curves/39a157e9c272.csv
3e86e170da47,2006s,wb18_2006s_in05,ccap_2021_hires_lc.tif,edmonds_canopy_prob_2006s_wb18_2006s_in05.tif,forest_wetland,sample-test,best_f1,42,0.165354,0.7687,0.6806,0.722,461071,138728,216420,816219,0.7981,254,239,qc_indep_sweep_2006s_wb18_2006s_in05_ccap_2021_hires_lc_sample-test.csv,phase4/qc/curves/3e86e170da47.csv
39a157e9c272,2006s,wb18_2006s_in05,ccap_2016_hires_lc.tif,edmonds_canopy_prob_2006s_wb18_2006s_in05.tif,forest_wetland,sample-test,matched_p50,9,0.035433,0.9587,0.5023,0.6592,607671,26151,602143,1235965,0.8333,254,231,qc_indep_sweep_2006s_wb18_2006s_in05_ccap_2016_hires_lc_sample-test.csv,phase4/qc/curves/39a157e9c272.csv
3e86e170da47,2006s,wb18_2006s_in05,ccap_2021_hires_lc.tif,edmonds_canopy_prob_2006s_wb18_2006s_in05.tif,forest_wetland,sample-test,matched_p50,11,0.043307,0.9317,0.5066,0.6563,558837,40962,544316,1144115,0.7981,254,229,qc_indep_sweep_2006s_wb18_2006s_in05_ccap_2021_hires_lc_sample-test.csv,phase4/qc/curves/3e86e170da47.csv
39a157e9c272,2006s,wb18_2006s_in05,ccap_2016_hires_lc.tif,edmonds_canopy_prob_2006s_wb18_2006s_in05.tif,forest_wetland,sample-test,matched_p75,54,0.212598,0.7512,0.75,0.7506,476104,157718,158728,792550,0.8333,254,186,qc_indep_sweep_2006s_wb18_2006s_in05_ccap_2016_hires_lc_sample-test.csv,phase4/qc/curves/39a157e9c272.csv
3e86e170da47,2006s,wb18_2006s_in05,ccap_2021_hires_lc.tif,edmonds_canopy_prob_2006s_wb18_2006s_in05.tif,forest_wetland,sample-test,matched_p75,102,0.401574,0.6671,0.7506,0.7064,400108,199691,132919,732718,0.7981,254,138,qc_indep_sweep_2006s_wb18_2006s_in05_ccap_2021_hires_lc_sample-test.csv,phase4/qc/curves/3e86e170da47.csv
39a157e9c272,2006s,wb18_2006s_in05,ccap_2016_hires_lc.tif,edmonds_canopy_prob_2006s_wb18_2006s_in05.tif,forest_wetland,sample-test,matched_p90,177,0.69685,0.4344,0.9027,0.5865,275322,358500,29664,663486,0.8333,254,63,qc_indep_sweep_2006s_wb18_2006s_in05_ccap_2016_hires_lc_sample-test.csv,phase4/qc/curves/39a157e9c272.csv
3e86e170da47,2006s,wb18_2006s_in05,ccap_2021_hires_lc.tif,edmonds_canopy_prob_2006s_wb18_2006s_in05.tif,forest_wetland,sample-test,matched_p90,182,0.716535,0.3367,0.9012,0.4903,201966,397833,22152,621951,0.7981,254,58,qc_indep_sweep_2006s_wb18_2006s_in05_ccap_2021_hires_lc_sample-test.csv,phase4/qc/curves/3e86e170da47.csv
03bd22431921,2006s,wb18_2006s_in05,ccap_2016_hires_lc.tif,edmonds_canopy_prob_2006s_wb18_2006s_in05.tif,forest_wetland_scrub,,scored_live,,0.552,0.5599,0.8485,0.6746,391591,307862,69896,769349,,,,qc_indep_report.csv,
16d663d12250,2006s,wb18_2006s_in05,ccap_2021_hires_lc.tif,edmonds_canopy_prob_2006s_wb18_2006s_in05.tif,forest_wetland,,scored_live,,0.552,0.6054,0.7868,0.6843,363107,236692,98380,698179,,,,qc_indep_report.csv,
2d6bf9105390,2006s,wb18_2006s_in05,ccap_2021_hires_lc.tif,edmonds_canopy_prob_2006s_wb18_2006s_in05.tif,forest_only,,scored_live,,0.552,0.601,0.7675,0.6741,354208,235182,107279,696669,,,,qc_indep_report.csv,
9b68fd65c6fc,2006s,wb18_2006s_in05,ccap_2016_hires_lc.tif,edmonds_canopy_prob_2006s_wb18_2006s_in05.tif,forest_only,,scored_live,,0.552,0.6036,0.8172,0.6943,377146,247639,84341,709126,,,,qc_indep_report.csv,
bfe0e2d4e5e3,2006s,wb18_2006s_in05,ccap_2021_hires_lc.tif,edmonds_canopy_prob_2006s_wb18_2006s_in05.tif,forest_wetland_scrub,,scored_live,,0.552,0.5837,0.7945,0.673,366670,261475,94817,722962,,,,qc_indep_report.csv,
d8c6f32aa523,2006s,wb18_2006s_in05,ccap_2016_hires_lc.tif,edmonds_canopy_prob_2006s_wb18_2006s_in05.tif,forest_wetland,,scored_live,,0.552,0.6069,0.8336,0.7024,384697,249125,76790,710612,,,,qc_indep_report.csv,
75d25c8d57c3,2006s,wb18_2006s_in16,ccap_2021_hires_lc.tif,edmonds_canopy_prob_2006s_wb18_2006s_in16.tif,forest_wetland,sample-test,best_f1,27,0.106299,0.7699,0.6991,0.7328,461769,138030,198741,798540,0.8168,254,234,qc_indep_sweep_2006s_wb18_2006s_in16_ccap_2021_hires_lc_sample-test.csv,phase4/qc/curves/75d25c8d57c3.csv
a9c30a326857,2006s,wb18_2006s_in16,ccap_2016_hires_lc.tif,edmonds_canopy_prob_2006s_wb18_2006s_in16.tif,forest_wetland,sample-test,best_f1,26,0.102362,0.7837,0.7431,0.7629,496706,137116,171694,805516,0.8547,254,234,qc_indep_sweep_2006s_wb18_2006s_in16_ccap_2016_hires_lc_sample-test.csv,phase4/qc/curves/a9c30a326857.csv
75d25c8d57c3,2006s,wb18_2006s_in16,ccap_2021_hires_lc.tif,edmonds_canopy_prob_2006s_wb18_2006s_in16.tif,forest_wetland,sample-test,matched_p50,8,0.031496,0.926,0.5147,0.6616,555393,44406,523652,1123451,0.8168,254,227,qc_indep_sweep_2006s_wb18_2006s_in16_ccap_2021_hires_lc_sample-test.csv,phase4/qc/curves/75d25c8d57c3.csv
a9c30a326857,2006s,wb18_2006s_in16,ccap_2016_hires_lc.tif,edmonds_canopy_prob_2006s_wb18_2006s_in16.tif,forest_wetland,sample-test,matched_p50,7,0.027559,0.9464,0.5214,0.6724,599850,33972,550654,1184476,0.8547,254,228,qc_indep_sweep_2006s_wb18_2006s_in16_ccap_2016_hires_lc_sample-test.csv,phase4/qc/curves/a9c30a326857.csv
75d25c8d57c3,2006s,wb18_2006s_in16,ccap_2021_hires_lc.tif,edmonds_canopy_prob_2006s_wb18_2006s_in16.tif,forest_wetland,sample-test,matched_p75,48,0.188976,0.7039,0.751,0.7267,422187,177612,139989,739788,0.8168,254,187,qc_indep_sweep_2006s_wb18_2006s_in16_ccap_2021_hires_lc_sample-test.csv,phase4/qc/curves/75d25c8d57c3.csv
a9c30a326857,2006s,wb18_2006s_in16,ccap_2016_hires_lc.tif,edmonds_canopy_prob_2006s_wb18_2006s_in16.tif,forest_wetland,sample-test,matched_p75,28,0.110236,0.7743,0.7514,0.7627,490776,143046,162416,796238,0.8547,254,207,qc_indep_sweep_2006s_wb18_2006s_in16_ccap_2016_hires_lc_sample-test.csv,phase4/qc/curves/a9c30a326857.csv
75d25c8d57c3,2006s,wb18_2006s_in16,ccap_2021_hires_lc.tif,edmonds_canopy_prob_2006s_wb18_2006s_in16.tif,forest_wetland,sample-test,matched_p90,178,0.700787,0.4333,0.9016,0.5853,259893,339906,28377,628176,0.8168,254,57,qc_indep_sweep_2006s_wb18_2006s_in16_ccap_2021_hires_lc_sample-test.csv,phase4/qc/curves/75d25c8d57c3.csv
a9c30a326857,2006s,wb18_2006s_in16,ccap_2016_hires_lc.tif,edmonds_canopy_prob_2006s_wb18_2006s_in16.tif,forest_wetland,sample-test,matched_p90,149,0.586614,0.5353,0.9001,0.6714,339293,294529,37655,671477,0.8547,254,86,qc_indep_sweep_2006s_wb18_2006s_in16_ccap_2016_hires_lc_sample-test.csv,phase4/qc/curves/a9c30a326857.csv
2af9f180c476,2006s,wb18_2006s_in16,ccap_2021_hires_lc.tif,edmonds_canopy_prob_2006s_wb18_2006s_in16.tif,forest_wetland_scrub,,scored_live,,0.552,0.5314,0.8517,0.6545,333774,294371,58114,686259,,,,qc_indep_report.csv,
78b17af2f734,2006s,wb18_2006s_in16,ccap_2016_hires_lc.tif,edmonds_canopy_prob_2006s_wb18_2006s_in16.tif,forest_wetland,,scored_live,,0.552,0.5518,0.8925,0.682,349746,284076,42142,675964,,,,qc_indep_report.csv,
93ababe7f80a,2006s,wb18_2006s_in16,ccap_2021_hires_lc.tif,edmonds_canopy_prob_2006s_wb18_2006s_in16.tif,forest_only,,scored_live,,0.552,0.5481,0.8243,0.6584,323018,266372,68870,658260,,,,qc_indep_report.csv,
b3725fb17da0,2006s,wb18_2006s_in16,ccap_2016_hires_lc.tif,edmonds_canopy_prob_2006s_wb18_2006s_in16.tif,forest_only,,scored_live,,0.552,0.5484,0.8744,0.6741,342649,282136,49239,674024,,,,qc_indep_report.csv,
f7f97ffeb36d,2006s,wb18_2006s_in16,ccap_2016_hires_lc.tif,edmonds_canopy_prob_2006s_wb18_2006s_in16.tif,forest_wetland_scrub,,scored_live,,0.552,0.5056,0.9025,0.6481,353674,345779,38214,737667,,,,qc_indep_report.csv,
f89192227153,2006s,wb18_2006s_in16,ccap_2021_hires_lc.tif,edmonds_canopy_prob_2006s_wb18_2006s_in16.tif,forest_wetland,,scored_live,,0.552,0.5526,0.8457,0.6684,331419,268380,60469,660268,,,,qc_indep_report.csv,
20ddc417f774,2007,,ccap_2016_hires_lc_snohfull.tif,edmonds_canopy_prob_2007_citywide_rgb.tif,forest_wetland,,scored_live,,0.5026,0.6605,0.8813,0.7551,314111455,161484626,42291826,517887907,,,,qc_indep_report.csv,
9237cab48f9c,2007,,ccap_2016_hires_lc_snohfull.tif,edmonds_canopy_prob_2007_citywide_rgb.tif,forest_wetland_scrub,,scored_live,,0.5026,0.6275,0.8979,0.7387,320023366,189933589,36379915,546336870,,,,qc_indep_report.csv,
f97204d65046,2007,,ccap_2016_hires_lc_snohfull.tif,edmonds_canopy_prob_2007_citywide_rgb.tif,forest_only,,scored_live,,0.5026,0.6575,0.8685,0.7484,309532253,161217987,46871028,517621268,,,,qc_indep_report.csv,
04e7c5c80ea8,2007,fullext_sectors_v1,ccap_2016_hires_lc_snohfull.tif,edmonds_canopy_prob_2007_fullext_sectors_v1.tif,forest_wetland_scrub,,scored_live,,0.5,0.5827,0.8927,0.7051,42955061,30766530,5164384,78885975,,,,qc_indep_report.csv,
d0d83cfebac8,2007,fullext_sectors_v1,ccap_2016_hires_lc_snohfull.tif,edmonds_canopy_prob_2007_fullext_sectors_v1.tif,forest_only,,scored_live,,0.5,0.6209,0.8588,0.7207,41323157,25235034,6796288,73354479,,,,qc_indep_report.csv,
f2b6cd27ed71,2007,fullext_sectors_v1,ccap_2016_hires_lc_snohfull.tif,edmonds_canopy_prob_2007_fullext_sectors_v1.tif,forest_wetland,,scored_live,,0.5,0.624,0.871,0.7271,41912387,25251555,6207058,73371000,,,,qc_indep_report.csv,
2003f33da995,2009,,ccap_2016_hires_lc_snohfull.tif,edmonds_canopy_prob_2009_citywide_rgb.tif,forest_only,,scored_live,,0.511,0.6023,0.9046,0.7231,283548809,187201383,29890576,500640768,,,,qc_indep_report.csv,
b7e57e42062f,2009,,ccap_2016_hires_lc_snohfull.tif,edmonds_canopy_prob_2009_citywide_rgb.tif,forest_wetland_scrub,,scored_live,,0.511,0.5704,0.9281,0.7066,290887958,219068951,22551427,532508336,,,,qc_indep_report.csv,
d6b688f8ee73,2009,,ccap_2016_hires_lc_snohfull.tif,edmonds_canopy_prob_2009_citywide_rgb.tif,forest_wetland,,scored_live,,0.511,0.6048,0.9177,0.7291,287631561,187964470,25807824,501403855,,,,qc_indep_report.csv,
2d467ea539d6,2009,chm2_v1,ccap_2016_hires_lc_snohfull.tif,edmonds_canopy_prob_2009_chm2_v1.tif,forest_only,,scored_live,,0.5,0.6766,0.8509,0.7538,45033438,21524752,7888905,74447095,,,,qc_indep_report.csv,
6cc244adab9d,2009,chm2_v1,ccap_2016_hires_lc_snohfull.tif,edmonds_canopy_prob_2009_chm2_v1.tif,forest_wetland_scrub,,scored_live,,0.5,0.636,0.8859,0.7404,46884422,26837169,6037921,79759512,,,,qc_indep_report.csv,
72744d948dd8,2009,chm2_v1,ccap_2016_hires_lc_snohfull.tif,edmonds_canopy_prob_2009_chm2_v1.tif,forest_wetland,,scored_live,,0.5,0.679,0.8617,0.7595,45602003,21561938,7320340,74484281,,,,qc_indep_report.csv,
a54591e1367e,2009,corrupt10,ccap_2016_hires_lc_snohfull.tif,edmonds_canopy_prob_2009_corrupt10.tif,forest_only,,scored_live,,0.5,0.7628,0.8037,0.7827,50771097,15787093,12400007,78958197,,,,qc_indep_report.csv,
b71691f147de,2009,corrupt10,ccap_2016_hires_lc_snohfull.tif,edmonds_canopy_prob_2009_corrupt10.tif,forest_wetland,,scored_live,,0.5,0.7648,0.8131,0.7882,51364093,15799848,11807011,78970952,,,,qc_indep_report.csv,
fff7e60135c5,2009,corrupt10,ccap_2016_hires_lc_snohfull.tif,edmonds_canopy_prob_2009_corrupt10.tif,forest_wetland_scrub,,scored_live,,0.5,0.7211,0.8416,0.7767,53163639,20557952,10007465,83729056,,,,qc_indep_report.csv,
020b9842cc25,2009,corrupt25,ccap_2016_hires_lc_snohfull.tif,edmonds_canopy_prob_2009_corrupt25.tif,forest_wetland_scrub,,scored_live,,0.5,0.5269,0.9095,0.6672,38841307,34880284,3866103,77587694,,,,qc_indep_report.csv,
bcfce8464d9d,2009,corrupt25,ccap_2016_hires_lc_snohfull.tif,edmonds_canopy_prob_2009_corrupt25.tif,forest_only,,scored_live,,0.5,0.562,0.8758,0.6847,37403316,29154874,5304094,71862284,,,,qc_indep_report.csv,
dedef42474ba,2009,corrupt25,ccap_2016_hires_lc_snohfull.tif,edmonds_canopy_prob_2009_corrupt25.tif,forest_wetland,,scored_live,,0.5,0.5653,0.8891,0.6912,37970649,29193292,4736761,71900702,,,,qc_indep_report.csv,
6b913fc34043,2009,corrupt50,ccap_2016_hires_lc_snohfull.tif,edmonds_canopy_prob_2009_corrupt50.tif,forest_wetland,,scored_live,,0.5,0.6436,0.8543,0.7341,43229573,23934368,7373601,74537542,,,,qc_indep_report.csv,
919d7c86cfe8,2009,corrupt50,ccap_2016_hires_lc_snohfull.tif,edmonds_canopy_prob_2009_corrupt50.tif,forest_wetland_scrub,,scored_live,,0.5,0.6001,0.8743,0.7117,44243048,29478543,6360126,80081717,,,,qc_indep_report.csv,
f84981b72425,2009,corrupt50,ccap_2016_hires_lc_snohfull.tif,edmonds_canopy_prob_2009_corrupt50.tif,forest_only,,scored_live,,0.5,0.6406,0.8426,0.7278,42639496,23918694,7963678,74521868,,,,qc_indep_report.csv,
5d4711c23e65,2009,fullext_sectors_v1,ccap_2016_hires_lc_snohfull.tif,edmonds_canopy_prob_2009_fullext_sectors_v1.tif,forest_wetland,,scored_live,,0.5,0.6989,0.8472,0.7659,46943745,20220196,8465526,75629467,,,,qc_indep_report.csv,
66c360139533,2009,fullext_sectors_v1,ccap_2016_hires_lc_snohfull.tif,edmonds_canopy_prob_2009_fullext_sectors_v1.tif,forest_wetland_scrub,,scored_live,,0.5,0.6566,0.8735,0.7497,48402759,25318832,7006512,80728103,,,,qc_indep_report.csv,
a9065d1e7b97,2009,fullext_sectors_v1,ccap_2016_hires_lc_snohfull.tif,edmonds_canopy_prob_2009_fullext_sectors_v1.tif,forest_only,,scored_live,,0.5,0.6965,0.8366,0.7601,46357420,20200770,9051851,75610041,,,,qc_indep_report.csv,
3a6e3ffaee53,2009,groves_lidar,ccap_2016_hires_lc_snohfull.tif,edmonds_canopy_prob_2009_groves_lidar.tif,forest_wetland_scrub,,scored_live,,0.5,0.3603,0.9437,0.5215,26564978,47156613,1584688,75306279,,,,qc_indep_report.csv,
b5036e2d4c2f,2009,groves_lidar,ccap_2016_hires_lc_snohfull.tif,edmonds_canopy_prob_2009_groves_lidar.tif,forest_only,,scored_live,,0.5,0.3877,0.9166,0.5449,25802477,40755713,2347189,68905379,,,,qc_indep_report.csv,
d0b387587bde,2009,groves_lidar,ccap_2016_hires_lc_snohfull.tif,edmonds_canopy_prob_2009_groves_lidar.tif,forest_wetland,,scored_live,,0.5,0.3911,0.9332,0.5512,26269280,40894661,1880386,69044327,,,,qc_indep_report.csv,
56af2ef81bf1,2009,groves_nolidar,ccap_2016_hires_lc_snohfull.tif,edmonds_canopy_prob_2009_groves_nolidar.tif,forest_wetland,,scored_live,,0.5,0.7503,0.7749,0.7624,50389988,16773953,14635185,81799126,,,,qc_indep_report.csv,
89705e9d93ea,2009,groves_nolidar,ccap_2016_hires_lc_snohfull.tif,edmonds_canopy_prob_2009_groves_nolidar.tif,forest_wetland_scrub,,scored_live,,0.5,0.7137,0.8092,0.7585,52616068,21105523,12409105,86130696,,,,qc_indep_report.csv,
e9380a969174,2009,groves_nolidar,ccap_2016_hires_lc_snohfull.tif,edmonds_canopy_prob_2009_groves_nolidar.tif,forest_only,,scored_live,,0.5,0.7483,0.766,0.757,49808191,16749999,15216982,81775172,,,,qc_indep_report.csv,
1ae48a9a2630,2009,hybrid_v1,ccap_2016_hires_lc_snohfull.tif,edmonds_canopy_prob_2009_hybrid_v1.tif,forest_only,,scored_live,,0.5,0.6221,0.8668,0.7243,41406170,25152020,6363377,72921567,,,,qc_indep_report.csv,
49427e0d43a8,2009,hybrid_v1,ccap_2016_hires_lc_snohfull.tif,edmonds_canopy_prob_2009_hybrid_v1.tif,forest_wetland,,scored_live,,0.5,0.6253,0.8792,0.7308,41996864,25167077,5772683,72936624,,,,qc_indep_report.csv,
4c030d95ca19,2009,hybrid_v1,ccap_2016_hires_lc_snohfull.tif,edmonds_canopy_prob_2009_hybrid_v1.tif,forest_wetland_scrub,,scored_live,,0.5,0.5836,0.9006,0.7082,43020427,30701164,4749120,78470711,,,,qc_indep_report.csv,
3709b62e1541,2009,nodec_v1,ccap_2016_hires_lc_snohfull.tif,edmonds_canopy_prob_2009_nodec_v1.tif,forest_wetland_scrub,,scored_live,,0.5,0.6969,0.8377,0.7608,51378293,22343298,9953072,83674663,,,,qc_indep_report.csv,
6aea04c72cca,2009,nodec_v1,ccap_2016_hires_lc_snohfull.tif,edmonds_canopy_prob_2009_nodec_v1.tif,forest_only,,scored_live,,0.5,0.7351,0.7977,0.7651,48926320,17631870,12405045,78963235,,,,qc_indep_report.csv,
e0b95aaff972,2009,nodec_v1,ccap_2016_hires_lc_snohfull.tif,edmonds_canopy_prob_2009_nodec_v1.tif,forest_wetland,,scored_live,,0.5,0.7372,0.8073,0.7707,49511053,17652888,11820312,78984253,,,,qc_indep_report.csv,
92f7803fd99f,2009,rgb3_ep60,ccap_2016_hires_lc_snohfull.tif,edmonds_canopy_prob_2009_rgb3_ep60.tif,forest_only,,scored_live,,0.5,0.6972,0.8015,0.7457,46405845,20152345,11492668,78050858,,,,qc_indep_report.csv,
cea20d9648c7,2009,rgb3_ep60,ccap_2016_hires_lc_snohfull.tif,edmonds_canopy_prob_2009_rgb3_ep60.tif,forest_wetland,,scored_live,,0.5,0.6997,0.8117,0.7516,46997725,20166216,10900788,78064729,,,,qc_indep_report.csv,
e2ed77f91c8f,2009,rgb3_ep60,ccap_2016_hires_lc_snohfull.tif,edmonds_canopy_prob_2009_rgb3_ep60.tif,forest_wetland_scrub,,scored_live,,0.5,0.6606,0.8412,0.74,48702648,25018943,9195865,82917456,,,,qc_indep_report.csv,
a0f17a9c746a,2009,rgb3_nodeb,ccap_2016_hires_lc_snohfull.tif,edmonds_canopy_prob_2009_rgb3_nodeb.tif,forest_only,,scored_live,,0.5,0.6538,0.8196,0.7274,43517721,23040469,9579639,76137829,,,,qc_indep_report.csv,
aa36fc653923,2009,rgb3_nodeb,ccap_2016_hires_lc_snohfull.tif,edmonds_canopy_prob_2009_rgb3_nodeb.tif,forest_wetland_scrub,,scored_live,,0.5,0.6197,0.8604,0.7205,45682521,28039070,7414839,81136430,,,,qc_indep_report.csv,
b13bcb7d8806,2009,rgb3_nodeb,ccap_2016_hires_lc_snohfull.tif,edmonds_canopy_prob_2009_rgb3_nodeb.tif,forest_wetland,,scored_live,,0.5,0.6567,0.8306,0.7335,44104262,23059679,8993098,76157039,,,,qc_indep_report.csv,
5672fc9f95db,2009,seed1234,ccap_2016_hires_lc_snohfull.tif,edmonds_canopy_prob_2009_seed1234.tif,forest_wetland_scrub,,scored_live,,0.5,0.6261,0.8837,0.7329,46154606,27566985,6075641,79797232,,,,qc_indep_report.csv,
5c7a6a7e2b8f,2009,seed1234,ccap_2016_hires_lc_snohfull.tif,edmonds_canopy_prob_2009_seed1234.tif,forest_only,,scored_live,,0.5,0.6654,0.848,0.7457,44290964,22267226,7939283,74497473,,,,qc_indep_report.csv,
620c7d6ea733,2009,seed1234,ccap_2016_hires_lc_snohfull.tif,edmonds_canopy_prob_2009_seed1234.tif,forest_wetland,,scored_live,,0.5,0.668,0.859,0.7516,44868045,22295896,7362202,74526143,,,,qc_indep_report.csv,
6a5c3556d7d3,2009,trend8_2009,ccap_2021_hires_lc.tif,edmonds_canopy_prob_2009_trend8_2009.tif,forest_wetland,,best_f1,31,0.122047,0.8093,0.7046,0.7533,223790063,52744745,93840191,370374999,0.81,254,228,qc_indep_sweep_2009_trend8_2009_ccap_2021_hires_lc.csv,phase4/qc/curves/6a5c3556d7d3.csv
72e869686525,2009,trend8_2009,ccap_2016_hires_lc.tif,edmonds_canopy_prob_2009_trend8_2009.tif,forest_wetland,,best_f1,30,0.11811,0.8127,0.7482,0.7791,240467766,55427316,80920188,376815270,0.8457,254,228,qc_indep_sweep_2009_trend8_2009_ccap_2016_hires_lc.csv,phase4/qc/curves/72e869686525.csv
6a5c3556d7d3,2009,trend8_2009,ccap_2021_hires_lc.tif,edmonds_canopy_prob_2009_trend8_2009.tif,forest_wetland,,matched_p50,22,0.086614,0.9419,0.5362,0.6834,260466966,16067842,225290018,501824826,0.81,254,207,qc_indep_sweep_2009_trend8_2009_ccap_2021_hires_lc.csv,phase4/qc/curves/6a5c3556d7d3.csv
72e869686525,2009,trend8_2009,ccap_2016_hires_lc.tif,edmonds_canopy_prob_2009_trend8_2009.tif,forest_wetland,,matched_p50,22,0.086614,0.9369,0.5707,0.7093,277217428,18677654,208539556,504434638,0.8457,254,206,qc_indep_sweep_2009_trend8_2009_ccap_2016_hires_lc.csv,phase4/qc/curves/72e869686525.csv
6a5c3556d7d3,2009,trend8_2009,ccap_2021_hires_lc.tif,edmonds_canopy_prob_2009_trend8_2009.tif,forest_wetland,,matched_p75,115,0.452755,0.7424,0.75,0.7461,205287923,71246885,68440213,344975021,0.81,254,114,qc_indep_sweep_2009_trend8_2009_ccap_2021_hires_lc.csv,phase4/qc/curves/6a5c3556d7d3.csv
72e869686525,2009,trend8_2009,ccap_2016_hires_lc.tif,edmonds_canopy_prob_2009_trend8_2009.tif,forest_wetland,,matched_p75,31,0.122047,0.8077,0.7524,0.7791,238986982,56908100,78643272,374538354,0.8457,254,193,qc_indep_sweep_2009_trend8_2009_ccap_2016_hires_lc.csv,phase4/qc/curves/72e869686525.csv
6a5c3556d7d3,2009,trend8_2009,ccap_2021_hires_lc.tif,edmonds_canopy_prob_2009_trend8_2009.tif,forest_wetland,,matched_p90,138,0.543307,0.3194,0.9007,0.4716,88338857,188195951,9737442,286272250,0.81,254,89,qc_indep_sweep_2009_trend8_2009_ccap_2021_hires_lc.csv,phase4/qc/curves/6a5c3556d7d3.csv
72e869686525,2009,trend8_2009,ccap_2016_hires_lc.tif,edmonds_canopy_prob_2009_trend8_2009.tif,forest_wetland,,matched_p90,130,0.511811,0.467,0.9044,0.616,138194223,157700859,14611021,310506103,0.8457,254,82,qc_indep_sweep_2009_trend8_2009_ccap_2016_hires_lc.csv,phase4/qc/curves/72e869686525.csv
234fb58ab3ea,2009,trend8_2009,ccap_2016_hires_lc.tif,edmonds_canopy_prob_2009_trend8_2009.tif,forest_wetland_scrub,,scored_live,,0.511,0.437,0.9159,0.5917,139952575,180337138,12852669,333142382,,,,qc_indep_report.csv,
4564a3433fb7,2009,trend8_2009,ccap_2016_hires_lc.tif,edmonds_canopy_prob_2009_trend8_2009.tif,forest_only,,scored_live,,0.511,0.4635,0.8887,0.6092,135794959,157207323,17010285,310012567,,,,qc_indep_report.csv,
6a5c3556d7d3,2009,trend8_2009,ccap_2021_hires_lc.tif,edmonds_canopy_prob_2009_trend8_2009.tif,forest_wetland,,scored_live,,0.5,0.6927,0.7782,0.733,191566825,84967983,54600269,331135077,,,,qc_indep_report.csv,
72e869686525,2009,trend8_2009,ccap_2016_hires_lc.tif,edmonds_canopy_prob_2009_trend8_2009.tif,forest_wetland,,scored_live,,0.511,0.467,0.9044,0.6159,138194223,157700859,14611021,310506103,,,,qc_indep_report.csv,
9a1e48392d9b,2009,trend8_2009,ccap_2021_hires_lc.tif,edmonds_canopy_prob_2009_trend8_2009.tif,forest_wetland_scrub,,scored_live,,0.5,0.6809,0.7964,0.7341,196039389,91888785,50127705,338055879,,,,qc_indep_report.csv,
d8df86da40b5,2009,trend8_2009,ccap_2021_hires_lc.tif,edmonds_canopy_prob_2009_trend8_2009.tif,forest_only,,scored_live,,0.5,0.6903,0.7655,0.726,188446658,84532774,57720436,330699868,,,,qc_indep_report.csv,
46ff1cebb29c,2011s,,ccap_2016_hires_lc_snohfull.tif,edmonds_canopy_prob_2011s_sectors_v1.tif,forest_wetland,,scored_live,,0.5,0.5727,0.4514,0.5049,20107584,15002069,24441900,59551553,,,,qc_indep_report.csv,
917e9d134c2f,2011s,,ccap_2016_hires_lc_snohfull.tif,edmonds_canopy_prob_2011s_sectors_v1.tif,forest_wetland_scrub,,scored_live,,0.5,0.5567,0.4803,0.5157,21397974,17041671,23151510,61591155,,,,qc_indep_report.csv,
db5f7125486f,2011s,,ccap_2016_hires_lc_snohfull.tif,edmonds_canopy_prob_2011s_sectors_v1.tif,forest_only,,scored_live,,0.5,0.5709,0.4465,0.5011,19891725,14949524,24657759,59499008,,,,qc_indep_report.csv,
0221bc15af53,2011s,hy_e3_2011s,ccap_2021_hires_lc.tif,edmonds_canopy_prob_2011s_hy_e3_2011s.tif,forest_wetland,sample-test,best_f1,39,0.153543,0.7984,0.7129,0.7533,5155164,1301410,2075628,8532202,0.8322,254,222,qc_indep_sweep_2011s_hy_e3_2011s_ccap_2021_hires_lc_sample-test.csv,phase4/qc/curves/0221bc15af53.csv
0a443d46954e,2011s,hy_e3_2011s,ccap_2021_hires_lc.tif,edmonds_canopy_prob_2011s_hy_e3_2011s.tif,forest_wetland,,best_f1,35,0.137795,0.8218,0.7136,0.7639,98438074,21349734,39509151,159296959,0.827,254,229,qc_indep_sweep_2011s_hy_e3_2011s_ccap_2021_hires_lc.csv,phase4/qc/curves/0a443d46954e.csv
bf3f2d384437,2011s,hy_e3_2011s,ccap_2016_hires_lc.tif,edmonds_canopy_prob_2011s_hy_e3_2011s.tif,forest_wetland,,best_f1,35,0.137795,0.821,0.7629,0.7909,105235697,22940807,32711528,160888032,0.866,254,229,qc_indep_sweep_2011s_hy_e3_2011s_ccap_2016_hires_lc.csv,phase4/qc/curves/bf3f2d384437.csv
0221bc15af53,2011s,hy_e3_2011s,ccap_2021_hires_lc.tif,edmonds_canopy_prob_2011s_hy_e3_2011s.tif,forest_wetland,sample-test,matched_p50,17,0.066929,0.9694,0.5,0.6598,6259205,197369,6258257,12714831,0.8322,254,206,qc_indep_sweep_2011s_hy_e3_2011s_ccap_2021_hires_lc_sample-test.csv,phase4/qc/curves/0221bc15af53.csv
0a443d46954e,2011s,hy_e3_2011s,ccap_2021_hires_lc.tif,edmonds_canopy_prob_2011s_hy_e3_2011s.tif,forest_wetland,,matched_p50,18,0.070866,0.9608,0.5264,0.6802,115094957,4692851,103553881,223341689,0.827,254,212,qc_indep_sweep_2011s_hy_e3_2011s_ccap_2021_hires_lc.csv,phase4/qc/curves/0a443d46954e.csv
bf3f2d384437,2011s,hy_e3_2011s,ccap_2016_hires_lc.tif,edmonds_canopy_prob_2011s_hy_e3_2011s.tif,forest_wetland,,matched_p50,17,0.066929,0.9656,0.5165,0.673,123762789,4413715,115837177,244013681,0.866,254,213,qc_indep_sweep_2011s_hy_e3_2011s_ccap_2016_hires_lc.csv,phase4/qc/curves/bf3f2d384437.csv
0221bc15af53,2011s,hy_e3_2011s,ccap_2021_hires_lc.tif,edmonds_canopy_prob_2011s_hy_e3_2011s.tif,forest_wetland,sample-test,matched_p75,80,0.31496,0.7501,0.75,0.7501,4842943,1613631,1613954,8070528,0.8322,254,143,qc_indep_sweep_2011s_hy_e3_2011s_ccap_2021_hires_lc_sample-test.csv,phase4/qc/curves/0221bc15af53.csv
0a443d46954e,2011s,hy_e3_2011s,ccap_2021_hires_lc.tif,edmonds_canopy_prob_2011s_hy_e3_2011s.tif,forest_wetland,,matched_p75,72,0.283464,0.7699,0.7505,0.7601,92224093,27563715,30662184,150449992,0.827,254,156,qc_indep_sweep_2011s_hy_e3_2011s_ccap_2021_hires_lc.csv,phase4/qc/curves/0a443d46954e.csv
bf3f2d384437,2011s,hy_e3_2011s,ccap_2016_hires_lc.tif,edmonds_canopy_prob_2011s_hy_e3_2011s.tif,forest_wetland,,matched_p75,32,0.125984,0.8333,0.7516,0.7904,106806305,21370199,35289835,163466339,0.866,254,198,qc_indep_sweep_2011s_hy_e3_2011s_ccap_2016_hires_lc.csv,phase4/qc/curves/bf3f2d384437.csv
0221bc15af53,2011s,hy_e3_2011s,ccap_2021_hires_lc.tif,edmonds_canopy_prob_2011s_hy_e3_2011s.tif,forest_wetland,sample-test,matched_p90,172,0.677165,0.426,0.9023,0.5788,2750443,3706131,297712,6754286,0.8322,254,51,qc_indep_sweep_2011s_hy_e3_2011s_ccap_2021_hires_lc_sample-test.csv,phase4/qc/curves/0221bc15af53.csv
0a443d46954e,2011s,hy_e3_2011s,ccap_2021_hires_lc.tif,edmonds_canopy_prob_2011s_hy_e3_2011s.tif,forest_wetland,,matched_p90,178,0.700787,0.3743,0.9006,0.5288,44832433,74955375,4946433,124734241,0.827,254,46,qc_indep_sweep_2011s_hy_e3_2011s_ccap_2021_hires_lc.csv,phase4/qc/curves/0a443d46954e.csv
bf3f2d384437,2011s,hy_e3_2011s,ccap_2016_hires_lc.tif,edmonds_canopy_prob_2011s_hy_e3_2011s.tif,forest_wetland,,matched_p90,153,0.602362,0.5561,0.9004,0.6876,71277724,56898780,7882362,136058866,0.866,254,77,qc_indep_sweep_2011s_hy_e3_2011s_ccap_2016_hires_lc.csv,phase4/qc/curves/bf3f2d384437.csv
0a443d46954e,2011s,hy_e3_2011s,ccap_2021_hires_lc.tif,edmonds_canopy_prob_2011s_hy_e3_2011s.tif,forest_wetland,,scored_live,,0.318897,0.7625,0.7552,0.7588,91342975,28444833,29608602,149396410,,,,qc_indep_report.csv,
0a443d46954e,2011s,hy_e3_2011s,ccap_2021_hires_lc.tif,edmonds_canopy_prob_2011s_hy_e3_2011s.tif,forest_wetland,,scored_live,,0.318897,0.7493,0.7506,0.7499,4837651,1618923,1607278,8063852,,,,qc_indep_report.csv,
318994af0117,2011s,hy_e3_2011s,ccap_2016_hires_lc.tif,edmonds_canopy_prob_2011s_hy_e3_2011s.tif,forest_only,,scored_live,,0.643,0.4913,0.9048,0.6368,62351716,64571754,6562072,133485542,,,,qc_indep_report.csv,
788b81adeab0,2011s,hy_e3_2011s,ccap_2021_hires_lc.tif,edmonds_canopy_prob_2011s_hy_e3_2011s.tif,forest_only,,scored_live,,0.318897,0.7608,0.7438,0.7522,89965880,28281782,30985697,149233359,,,,qc_indep_report.csv,
788b81adeab0,2011s,hy_e3_2011s,ccap_2021_hires_lc.tif,edmonds_canopy_prob_2011s_hy_e3_2011s.tif,forest_only,,scored_live,,0.318897,0.7458,0.7342,0.74,4732136,1612493,1712793,8057422,,,,qc_indep_report.csv,
bf3f2d384437,2011s,hy_e3_2011s,ccap_2016_hires_lc.tif,edmonds_canopy_prob_2011s_hy_e3_2011s.tif,forest_wetland,,scored_live,,0.643,0.4934,0.9177,0.6418,63242246,64934258,5671542,133848046,,,,qc_indep_report.csv,
df3636f08f44,2011s,hy_e3_2011s,ccap_2016_hires_lc.tif,edmonds_canopy_prob_2011s_hy_e3_2011s.tif,forest_wetland_scrub,,scored_live,,0.643,0.4605,0.9271,0.6153,63889178,74852209,5024610,143765997,,,,qc_indep_report.csv,
f9c0d8e91e82,2011s,hy_e3_2011s,ccap_2021_hires_lc.tif,edmonds_canopy_prob_2011s_hy_e3_2011s.tif,forest_wetland_scrub,,scored_live,,0.318897,0.7498,0.7732,0.7613,93514764,31207466,27436813,152159043,,,,qc_indep_report.csv,
f9c0d8e91e82,2011s,hy_e3_2011s,ccap_2021_hires_lc.tif,edmonds_canopy_prob_2011s_hy_e3_2011s.tif,forest_wetland_scrub,,scored_live,,0.318897,0.7332,0.7693,0.7508,4957782,1803996,1487147,8248925,,,,qc_indep_report.csv,
286e6bc03acc,2011s,t1_2011s_add05,ccap_2021_hires_lc.tif,edmonds_canopy_prob_2011s_t1_2011s_add05.tif,forest_wetland,sample-selection,best_f1,55,0.216535,0.8141,0.6942,0.7494,3062627,699253,1349337,5111217,0.7896,254,218,qc_indep_sweep_2011s_t1_2011s_add05_ccap_2021_hires_lc_sample-selection.csv,phase4/qc/curves/286e6bc03acc.csv
c73982da6bcc,2011s,t1_2011s_add05,ccap_2021_hires_lc.tif,edmonds_canopy_prob_2011s_t1_2011s_add05.tif,forest_wetland,sample-test,best_f1,62,0.244094,0.7912,0.7032,0.7446,5108440,1348134,2156345,8612919,0.7973,254,222,qc_indep_sweep_2011s_t1_2011s_add05_ccap_2021_hires_lc_sample-test.csv,phase4/qc/curves/c73982da6bcc.csv
286e6bc03acc,2011s,t1_2011s_add05,ccap_2021_hires_lc.tif,edmonds_canopy_prob_2011s_t1_2011s_add05.tif,forest_wetland,sample-selection,matched_p50,41,0.161417,0.9712,0.5132,0.6716,3653668,108212,3465198,7227078,0.7896,254,178,qc_indep_sweep_2011s_t1_2011s_add05_ccap_2021_hires_lc_sample-selection.csv,phase4/qc/curves/286e6bc03acc.csv
c73982da6bcc,2011s,t1_2011s_add05,ccap_2021_hires_lc.tif,edmonds_canopy_prob_2011s_t1_2011s_add05.tif,forest_wetland,sample-test,matched_p50,44,0.173228,0.9546,0.5068,0.6621,6163372,293202,5998700,12455274,0.7973,254,179,qc_indep_sweep_2011s_t1_2011s_add05_ccap_2021_hires_lc_sample-test.csv,phase4/qc/curves/c73982da6bcc.csv
286e6bc03acc,2011s,t1_2011s_add05,ccap_2021_hires_lc.tif,edmonds_canopy_prob_2011s_t1_2011s_add05.tif,forest_wetland,sample-selection,matched_p75,77,0.303149,0.7256,0.7507,0.7379,2729544,1032336,906542,4668422,0.7896,254,142,qc_indep_sweep_2011s_t1_2011s_add05_ccap_2021_hires_lc_sample-selection.csv,phase4/qc/curves/286e6bc03acc.csv
c73982da6bcc,2011s,t1_2011s_add05,ccap_2021_hires_lc.tif,edmonds_canopy_prob_2011s_t1_2011s_add05.tif,forest_wetland,sample-test,matched_p75,111,0.437007,0.7243,0.75,0.7369,4676278,1780296,1559089,8015663,0.7973,254,112,qc_indep_sweep_2011s_t1_2011s_add05_ccap_2021_hires_lc_sample-test.csv,phase4/qc/curves/c73982da6bcc.csv
286e6bc03acc,2011s,t1_2011s_add05,ccap_2021_hires_lc.tif,edmonds_canopy_prob_2011s_t1_2011s_add05.tif,forest_wetland,sample-selection,matched_p90,204,0.803149,0.0033,0.9039,0.0066,12438,3749442,1323,3763203,0.7896,254,15,qc_indep_sweep_2011s_t1_2011s_add05_ccap_2021_hires_lc_sample-selection.csv,phase4/qc/curves/286e6bc03acc.csv
c73982da6bcc,2011s,t1_2011s_add05,ccap_2021_hires_lc.tif,edmonds_canopy_prob_2011s_t1_2011s_add05.tif,forest_wetland,sample-test,matched_p90,183,0.720472,0.1658,0.9006,0.28,1070386,5386188,118157,6574731,0.7973,254,24,qc_indep_sweep_2011s_t1_2011s_add05_ccap_2021_hires_lc_sample-test.csv,phase4/qc/curves/c73982da6bcc.csv
0fae51e8d1b4,2011s,t1_2011s_add05,ccap_2021_hires_lc.tif,edmonds_canopy_prob_2011s_t1_2011s_add05.tif,forest_wetland_scrub,,scored_live,,0.5,0.6248,0.7894,0.6975,2451163,1472242,653935,4577340,,,,qc_indep_report.csv,
0fae51e8d1b4,2011s,t1_2011s_add05,ccap_2021_hires_lc.tif,edmonds_canopy_prob_2011s_t1_2011s_add05.tif,forest_wetland_scrub,,scored_live,,0.248031,0.7698,0.7221,0.7452,5205351,1556427,2002971,8764749,,,,qc_indep_report.csv,
2c29537e97ee,2011s,t1_2011s_add05,ccap_2021_hires_lc.tif,edmonds_canopy_prob_2011s_t1_2011s_add05.tif,forest_only,,scored_live,,0.5,0.6478,0.7848,0.7097,2436886,1324994,668212,4430092,,,,qc_indep_report.csv,
2c29537e97ee,2011s,t1_2011s_add05,ccap_2021_hires_lc.tif,edmonds_canopy_prob_2011s_t1_2011s_add05.tif,forest_only,,scored_live,,0.248031,0.7847,0.6907,0.7347,4978614,1366015,2229708,8574337,,,,qc_indep_report.csv,
e703b5bb93bf,2011s,t1_2011s_add05,ccap_2021_hires_lc.tif,edmonds_canopy_prob_2011s_t1_2011s_add05.tif,forest_wetland,,scored_live,,0.5,0.6478,0.7848,0.7097,2436886,1324994,668212,4430092,,,,qc_indep_report.csv,
e703b5bb93bf,2011s,t1_2011s_add05,ccap_2021_hires_lc.tif,edmonds_canopy_prob_2011s_t1_2011s_add05.tif,forest_wetland,,scored_live,,0.248031,0.7879,0.7058,0.7446,5087411,1369163,2120911,8577485,,,,qc_indep_report.csv,
7cf5c388ed56,2011s,t1_2011s_add16,ccap_2021_hires_lc.tif,edmonds_canopy_prob_2011s_t1_2011s_add16.tif,forest_wetland,sample-selection,best_f1,52,0.204724,0.8093,0.6872,0.7433,3044650,717230,1385845,5147725,0.7855,254,205,qc_indep_sweep_2011s_t1_2011s_add16_ccap_2021_hires_lc_sample-selection.csv,phase4/qc/curves/7cf5c388ed56.csv
d49dc8502705,2011s,t1_2011s_add16,ccap_2021_hires_lc.tif,edmonds_canopy_prob_2011s_t1_2011s_add16.tif,forest_wetland,sample-test,best_f1,56,0.220472,0.7856,0.6908,0.7352,5072335,1384239,2270088,8726662,0.8034,254,207,qc_indep_sweep_2011s_t1_2011s_add16_ccap_2021_hires_lc_sample-test.csv,phase4/qc/curves/d49dc8502705.csv
7cf5c388ed56,2011s,t1_2011s_add16,ccap_2021_hires_lc.tif,edmonds_canopy_prob_2011s_t1_2011s_add16.tif,forest_wetland,sample-selection,matched_p50,41,0.161417,0.9698,0.5115,0.6697,3648421,113459,3484609,7246489,0.7855,254,165,qc_indep_sweep_2011s_t1_2011s_add16_ccap_2021_hires_lc_sample-selection.csv,phase4/qc/curves/7cf5c388ed56.csv
d49dc8502705,2011s,t1_2011s_add16,ccap_2021_hires_lc.tif,edmonds_canopy_prob_2011s_t1_2011s_add16.tif,forest_wetland,sample-test,matched_p50,43,0.169291,0.9516,0.5027,0.6579,6144210,312364,6078188,12534762,0.8034,254,165,qc_indep_sweep_2011s_t1_2011s_add16_ccap_2021_hires_lc_sample-test.csv,phase4/qc/curves/d49dc8502705.csv
7cf5c388ed56,2011s,t1_2011s_add16,ccap_2021_hires_lc.tif,edmonds_canopy_prob_2011s_t1_2011s_add16.tif,forest_wetland,sample-selection,matched_p75,63,0.248031,0.7012,0.7515,0.7255,2637952,1123928,872228,4634108,0.7855,254,143,qc_indep_sweep_2011s_t1_2011s_add16_ccap_2021_hires_lc_sample-selection.csv,phase4/qc/curves/7cf5c388ed56.csv
d49dc8502705,2011s,t1_2011s_add16,ccap_2021_hires_lc.tif,edmonds_canopy_prob_2011s_t1_2011s_add16.tif,forest_wetland,sample-test,matched_p75,88,0.346456,0.6989,0.7502,0.7236,4512466,1944108,1502639,7959213,0.8034,254,120,qc_indep_sweep_2011s_t1_2011s_add16_ccap_2021_hires_lc_sample-test.csv,phase4/qc/curves/d49dc8502705.csv
7cf5c388ed56,2011s,t1_2011s_add16,ccap_2021_hires_lc.tif,edmonds_canopy_prob_2011s_t1_2011s_add16.tif,forest_wetland,sample-selection,matched_p90,179,0.704724,0.016,0.9005,0.0314,60159,3701721,6649,3768529,0.7855,254,19,qc_indep_sweep_2011s_t1_2011s_add16_ccap_2021_hires_lc_sample-selection.csv,phase4/qc/curves/7cf5c388ed56.csv
d49dc8502705,2011s,t1_2011s_add16,ccap_2021_hires_lc.tif,edmonds_canopy_prob_2011s_t1_2011s_add16.tif,forest_wetland,sample-test,matched_p90,154,0.606299,0.3467,0.9015,0.5008,2238213,4218361,244580,6701154,0.8034,254,54,qc_indep_sweep_2011s_t1_2011s_add16_ccap_2021_hires_lc_sample-test.csv,phase4/qc/curves/d49dc8502705.csv
89fe25f12c25,2011s,t1_2011s_add16,ccap_2021_hires_lc.tif,edmonds_canopy_prob_2011s_t1_2011s_add16.tif,forest_only,,scored_live,,0.5,0.5697,0.8016,0.666,2143069,1618811,530586,4292466,,,,qc_indep_report.csv,
89fe25f12c25,2011s,t1_2011s_add16,ccap_2021_hires_lc.tif,edmonds_canopy_prob_2011s_t1_2011s_add16.tif,forest_only,,scored_live,,0.220472,0.7825,0.6762,0.7255,4964685,1379944,2377738,8722367,,,,qc_indep_report.csv,
9d4d0fe321d6,2011s,t1_2011s_add16,ccap_2021_hires_lc.tif,edmonds_canopy_prob_2011s_t1_2011s_add16.tif,forest_wetland_scrub,,scored_live,,0.5,0.5492,0.806,0.6533,2154843,1768562,518812,4442217,,,,qc_indep_report.csv,
9d4d0fe321d6,2011s,t1_2011s_add16,ccap_2021_hires_lc.tif,edmonds_canopy_prob_2011s_t1_2011s_add16.tif,forest_wetland_scrub,,scored_live,,0.220472,0.7701,0.7092,0.7384,5207379,1554399,2135044,8896822,,,,qc_indep_report.csv,
d26a4fcd1417,2011s,t1_2011s_add16,ccap_2021_hires_lc.tif,edmonds_canopy_prob_2011s_t1_2011s_add16.tif,forest_wetland,,scored_live,,0.5,0.5697,0.8016,0.666,2143069,1618811,530586,4292466,,,,qc_indep_report.csv,
d26a4fcd1417,2011s,t1_2011s_add16,ccap_2021_hires_lc.tif,edmonds_canopy_prob_2011s_t1_2011s_add16.tif,forest_wetland,,scored_live,,0.220472,0.7856,0.6908,0.7352,5072335,1384239,2270088,8726662,,,,qc_indep_report.csv,
156a47e69efb,2011s,t1_2011s_base,ccap_2021_hires_lc.tif,edmonds_canopy_prob_2011s_t1_2011s_base.tif,forest_wetland,sample-selection,best_f1,51,0.200787,0.8142,0.7035,0.7548,3062839,699041,1291147,5053027,0.7953,254,217,qc_indep_sweep_2011s_t1_2011s_base_ccap_2021_hires_lc_sample-selection.csv,phase4/qc/curves/156a47e69efb.csv
5343fd27fe0a,2011s,t1_2011s_base,ccap_2021_hires_lc.tif,edmonds_canopy_prob_2011s_t1_2011s_base.tif,forest_wetland,sample-test,best_f1,56,0.220472,0.7883,0.7049,0.7443,5089432,1367142,2130252,8586826,0.8123,254,216,qc_indep_sweep_2011s_t1_2011s_base_ccap_2021_hires_lc_sample-test.csv,phase4/qc/curves/5343fd27fe0a.csv
9a544547ba45,2011s,t1_2011s_base,_chm2005_canopy2m_binary.tif,edmonds_canopy_prob_2011s_t1_2011s_base.tif,canopy_only,sample-test,best_f1,49,0.192913,0.7988,0.6905,0.7407,5214989,1313659,2337598,8866246,0.8057,254,216,qc_indep_sweep_2011s_t1_2011s_base__chm2005_canopy2m_binary_sample-test.csv,phase4/qc/curves/9a544547ba45.csv
c5ca5e1bcd8a,2011s,t1_2011s_base,ccap_2016_hires_lc.tif,edmonds_canopy_prob_2011s_t1_2011s_base.tif,forest_wetland,sample-test,best_f1,55,0.216535,0.7956,0.7409,0.7673,5428039,1394359,1897938,8720336,0.837,254,216,qc_indep_sweep_2011s_t1_2011s_base_ccap_2016_hires_lc_sample-test.csv,phase4/qc/curves/c5ca5e1bcd8a.csv
156a47e69efb,2011s,t1_2011s_base,ccap_2021_hires_lc.tif,edmonds_canopy_prob_2011s_t1_2011s_base.tif,forest_wetland,sample-selection,matched_p50,38,0.149606,0.972,0.5169,0.6749,3656607,105273,3417285,7179165,0.7953,254,180,qc_indep_sweep_2011s_t1_2011s_base_ccap_2021_hires_lc_sample-selection.csv,phase4/qc/curves/156a47e69efb.csv
5343fd27fe0a,2011s,t1_2011s_base,ccap_2021_hires_lc.tif,edmonds_canopy_prob_2011s_t1_2011s_base.tif,forest_wetland,sample-test,matched_p50,40,0.15748,0.9543,0.5102,0.6649,6161707,294867,5915172,12371746,0.8123,254,177,qc_indep_sweep_2011s_t1_2011s_base_ccap_2021_hires_lc_sample-test.csv,phase4/qc/curves/5343fd27fe0a.csv
9a544547ba45,2011s,t1_2011s_base,_chm2005_canopy2m_binary.tif,edmonds_canopy_prob_2011s_t1_2011s_base.tif,canopy_only,sample-test,matched_p50,37,0.145669,0.9524,0.5225,0.6748,6217761,310887,5682762,12211410,0.8057,254,180,qc_indep_sweep_2011s_t1_2011s_base__chm2005_canopy2m_binary_sample-test.csv,phase4/qc/curves/9a544547ba45.csv
c5ca5e1bcd8a,2011s,t1_2011s_base,ccap_2016_hires_lc.tif,edmonds_canopy_prob_2011s_t1_2011s_base.tif,forest_wetland,sample-test,matched_p50,39,0.153543,0.9598,0.5126,0.6683,6547969,274429,6226209,13048607,0.837,254,178,qc_indep_sweep_2011s_t1_2011s_base_ccap_2016_hires_lc_sample-test.csv,phase4/qc/curves/c5ca5e1bcd8a.csv
156a47e69efb,2011s,t1_2011s_base,ccap_2021_hires_lc.tif,edmonds_canopy_prob_2011s_t1_2011s_base.tif,forest_wetland,sample-selection,matched_p75,62,0.244094,0.7395,0.7513,0.7453,2781758,980122,920986,4682866,0.7953,254,156,qc_indep_sweep_2011s_t1_2011s_base_ccap_2021_hires_lc_sample-selection.csv,phase4/qc/curves/156a47e69efb.csv
5343fd27fe0a,2011s,t1_2011s_base,ccap_2021_hires_lc.tif,edmonds_canopy_prob_2011s_t1_2011s_base.tif,forest_wetland,sample-test,matched_p75,92,0.362204,0.7253,0.7502,0.7375,4682644,1773930,1559030,8015604,0.8123,254,125,qc_indep_sweep_2011s_t1_2011s_base_ccap_2021_hires_lc_sample-test.csv,phase4/qc/curves/5343fd27fe0a.csv
9a544547ba45,2011s,t1_2011s_base,_chm2005_canopy2m_binary.tif,edmonds_canopy_prob_2011s_t1_2011s_base.tif,canopy_only,sample-test,matched_p75,67,0.263779,0.7106,0.75,0.7298,4639079,1889569,1545956,8074604,0.8057,254,150,qc_indep_sweep_2011s_t1_2011s_base__chm2005_canopy2m_binary_sample-test.csv,phase4/qc/curves/9a544547ba45.csv
c5ca5e1bcd8a,2011s,t1_2011s_base,ccap_2016_hires_lc.tif,edmonds_canopy_prob_2011s_t1_2011s_base.tif,forest_wetland,sample-test,matched_p75,57,0.224409,0.7845,0.7506,0.7672,5352511,1469887,1778397,8600795,0.837,254,160,qc_indep_sweep_2011s_t1_2011s_base_ccap_2016_hires_lc_sample-test.csv,phase4/qc/curves/c5ca5e1bcd8a.csv
156a47e69efb,2011s,t1_2011s_base,ccap_2021_hires_lc.tif,edmonds_canopy_prob_2011s_t1_2011s_base.tif,forest_wetland,sample-selection,matched_p90,194,0.763779,0.0181,0.9011,0.0354,67906,3693974,7455,3769335,0.7953,254,16,qc_indep_sweep_2011s_t1_2011s_base_ccap_2021_hires_lc_sample-selection.csv,phase4/qc/curves/156a47e69efb.csv
5343fd27fe0a,2011s,t1_2011s_base,ccap_2021_hires_lc.tif,edmonds_canopy_prob_2011s_t1_2011s_base.tif,forest_wetland,sample-test,matched_p90,164,0.645669,0.3927,0.9003,0.5469,2535443,3921131,280818,6737392,0.8123,254,53,qc_indep_sweep_2011s_t1_2011s_base_ccap_2021_hires_lc_sample-test.csv,phase4/qc/curves/5343fd27fe0a.csv
9a544547ba45,2011s,t1_2011s_base,_chm2005_canopy2m_binary.tif,edmonds_canopy_prob_2011s_t1_2011s_base.tif,canopy_only,sample-test,matched_p90,166,0.653543,0.3565,0.9001,0.5107,2327303,4201345,258327,6786975,0.8057,254,51,qc_indep_sweep_2011s_t1_2011s_base__chm2005_canopy2m_binary_sample-test.csv,phase4/qc/curves/9a544547ba45.csv
c5ca5e1bcd8a,2011s,t1_2011s_base,ccap_2016_hires_lc.tif,edmonds_canopy_prob_2011s_t1_2011s_base.tif,forest_wetland,sample-test,matched_p90,151,0.594488,0.4848,0.9012,0.6304,3307330,3515068,362607,7185005,0.837,254,66,qc_indep_sweep_2011s_t1_2011s_base_ccap_2016_hires_lc_sample-test.csv,phase4/qc/curves/c5ca5e1bcd8a.csv
079d6b197eb0,2011s,t1_2011s_base,ccap_2021_hires_lc.tif,edmonds_canopy_prob_2011s_t1_2011s_base.tif,forest_only,,scored_live,,0.5,0.6249,0.7994,0.7015,2350968,1410912,590114,4351994,,,,qc_indep_report.csv,
079d6b197eb0,2011s,t1_2011s_base,ccap_2021_hires_lc.tif,edmonds_canopy_prob_2011s_t1_2011s_base.tif,forest_only,,scored_live,,0.224409,0.7798,0.6939,0.7343,4947852,1396777,2183056,8527685,,,,qc_indep_report.csv,
358fb2081592,2011s,t1_2011s_base,ccap_2021_hires_lc.tif,edmonds_canopy_prob_2011s_t1_2011s_base.tif,forest_wetland_scrub,,scored_live,,0.5,0.6025,0.8037,0.6887,2363861,1559544,577221,4500626,,,,qc_indep_report.csv,
358fb2081592,2011s,t1_2011s_base,ccap_2021_hires_lc.tif,edmonds_canopy_prob_2011s_t1_2011s_base.tif,forest_wetland_scrub,,scored_live,,0.224409,0.767,0.7273,0.7466,5186277,1575501,1944631,8706409,,,,qc_indep_report.csv,
41316a20b079,2011s,t1_2011s_base,ccap_2016_hires_lc.tif,edmonds_canopy_prob_2011s_t1_2011s_base.tif,forest_wetland_scrub,,scored_live,,0.5,0.6223,0.8396,0.7148,4684708,2843896,894762,8423366,,,,qc_indep_report.csv,
669db03aad1c,2011s,t1_2011s_base,ccap_2016_hires_lc.tif,edmonds_canopy_prob_2011s_t1_2011s_base.tif,forest_only,,scored_live,,0.5,0.6667,0.8036,0.7288,4483427,2241721,1096043,7821191,,,,qc_indep_report.csv,
ae2b1bd92a5f,2011s,t1_2011s_base,_chm2005_canopy2m_binary.tif,edmonds_canopy_prob_2011s_t1_2011s_base.tif,canopy_only,,scored_live,,0.5,0.6363,0.7902,0.7049,4154042,2374606,1102821,7631469,,,,qc_indep_report.csv,
c4ca3a2769d7,2011s,t1_2011s_base,ccap_2016_hires_lc.tif,edmonds_canopy_prob_2011s_t1_2011s_base.tif,forest_wetland,,scored_live,,0.5,0.6706,0.82,0.7378,4575332,2247066,1004138,7826536,,,,qc_indep_report.csv,
e33a6f10c9c0,2011s,t1_2011s_base,ccap_2021_hires_lc.tif,edmonds_canopy_prob_2011s_t1_2011s_base.tif,forest_wetland,,scored_live,,0.5,0.6249,0.7994,0.7015,2350968,1410912,590114,4351994,,,,qc_indep_report.csv,
e33a6f10c9c0,2011s,t1_2011s_base,ccap_2021_hires_lc.tif,edmonds_canopy_prob_2011s_t1_2011s_base.tif,forest_wetland,,scored_live,,0.224409,0.7831,0.7091,0.7443,5056212,1400362,2074696,8531270,,,,qc_indep_report.csv,
a7a167c7dcb9,2011s,t1_2011s_base_s2,ccap_2021_hires_lc.tif,edmonds_canopy_prob_2011s_t1_2011s_base_s2.tif,forest_wetland,sample-test,best_f1,67,0.263779,0.7886,0.7019,0.7427,5091597,1364977,2162509,8619083,0.8202,254,231,qc_indep_sweep_2011s_t1_2011s_base_s2_ccap_2021_hires_lc_sample-test.csv,phase4/qc/curves/a7a167c7dcb9.csv
bbb3a54fa94c,2011s,t1_2011s_base_s2,ccap_2021_hires_lc.tif,edmonds_canopy_prob_2011s_t1_2011s_base_s2.tif,forest_wetland,sample-selection,best_f1,63,0.248031,0.8138,0.6999,0.7526,3061231,700649,1312294,5074174,0.7895,254,239,qc_indep_sweep_2011s_t1_2011s_base_s2_ccap_2021_hires_lc_sample-selection.csv,phase4/qc/curves/bbb3a54fa94c.csv
a7a167c7dcb9,2011s,t1_2011s_base_s2,ccap_2021_hires_lc.tif,edmonds_canopy_prob_2011s_t1_2011s_base_s2.tif,forest_wetland,sample-test,matched_p50,55,0.216535,0.9557,0.5088,0.664,6170390,286184,5957907,12414481,0.8202,254,177,qc_indep_sweep_2011s_t1_2011s_base_s2_ccap_2021_hires_lc_sample-test.csv,phase4/qc/curves/a7a167c7dcb9.csv
bbb3a54fa94c,2011s,t1_2011s_base_s2,ccap_2021_hires_lc.tif,edmonds_canopy_prob_2011s_t1_2011s_base_s2.tif,forest_wetland,sample-selection,matched_p50,53,0.208661,0.9743,0.5123,0.6715,3665239,96641,3488704,7250584,0.7895,254,187,qc_indep_sweep_2011s_t1_2011s_base_s2_ccap_2021_hires_lc_sample-selection.csv,phase4/qc/curves/bbb3a54fa94c.csv
a7a167c7dcb9,2011s,t1_2011s_base_s2,ccap_2021_hires_lc.tif,edmonds_canopy_prob_2011s_t1_2011s_base_s2.tif,forest_wetland,sample-test,matched_p75,94,0.370078,0.7201,0.7506,0.7351,4649671,1806903,1545018,8001592,0.8202,254,138,qc_indep_sweep_2011s_t1_2011s_base_s2_ccap_2021_hires_lc_sample-test.csv,phase4/qc/curves/a7a167c7dcb9.csv
bbb3a54fa94c,2011s,t1_2011s_base_s2,ccap_2021_hires_lc.tif,edmonds_canopy_prob_2011s_t1_2011s_base_s2.tif,forest_wetland,sample-selection,matched_p75,71,0.279527,0.7334,0.7506,0.7419,2758887,1002993,916592,4678472,0.7895,254,168,qc_indep_sweep_2011s_t1_2011s_base_s2_ccap_2021_hires_lc_sample-selection.csv,phase4/qc/curves/bbb3a54fa94c.csv
a7a167c7dcb9,2011s,t1_2011s_base_s2,ccap_2021_hires_lc.tif,edmonds_canopy_prob_2011s_t1_2011s_base_s2.tif,forest_wetland,sample-test,matched_p90,159,0.625984,0.3998,0.9022,0.5541,2581451,3875123,279751,6736325,0.8202,254,73,qc_indep_sweep_2011s_t1_2011s_base_s2_ccap_2021_hires_lc_sample-test.csv,phase4/qc/curves/a7a167c7dcb9.csv
bbb3a54fa94c,2011s,t1_2011s_base_s2,ccap_2021_hires_lc.tif,edmonds_canopy_prob_2011s_t1_2011s_base_s2.tif,forest_wetland,sample-selection,matched_p90,231,0.909448,0.0006,0.9128,0.0013,2375,3759505,227,3762107,0.7895,254,9,qc_indep_sweep_2011s_t1_2011s_base_s2_ccap_2021_hires_lc_sample-selection.csv,phase4/qc/curves/bbb3a54fa94c.csv
41e6c6f21681,2011s,t1_2011s_base_s2,ccap_2021_hires_lc.tif,edmonds_canopy_prob_2011s_t1_2011s_base_s2.tif,forest_wetland,,scored_live,,0.5,0.6115,0.8014,0.6937,2300314,1461566,569992,4331872,,,,qc_indep_report.csv,
41e6c6f21681,2011s,t1_2011s_base_s2,ccap_2021_hires_lc.tif,edmonds_canopy_prob_2011s_t1_2011s_base_s2.tif,forest_wetland,,scored_live,,0.263779,0.7886,0.7019,0.7427,5091597,1364977,2162509,8619083,,,,qc_indep_report.csv,
74367e317a28,2011s,t1_2011s_base_s2,ccap_2021_hires_lc.tif,edmonds_canopy_prob_2011s_t1_2011s_base_s2.tif,forest_wetland_scrub,,scored_live,,0.5,0.5892,0.8054,0.6805,2311816,1611589,558490,4481895,,,,qc_indep_report.csv,
74367e317a28,2011s,t1_2011s_base_s2,ccap_2021_hires_lc.tif,edmonds_canopy_prob_2011s_t1_2011s_base_s2.tif,forest_wetland_scrub,,scored_live,,0.263779,0.7727,0.7202,0.7455,5224585,1537193,2029521,8791299,,,,qc_indep_report.csv,
cf8e4ebcdd73,2011s,t1_2011s_base_s2,ccap_2021_hires_lc.tif,edmonds_canopy_prob_2011s_t1_2011s_base_s2.tif,forest_only,,scored_live,,0.5,0.6115,0.8014,0.6937,2300314,1461566,569992,4331872,,,,qc_indep_report.csv,
cf8e4ebcdd73,2011s,t1_2011s_base_s2,ccap_2021_hires_lc.tif,edmonds_canopy_prob_2011s_t1_2011s_base_s2.tif,forest_only,,scored_live,,0.263779,0.7854,0.687,0.7329,4983323,1361306,2270783,8615412,,,,qc_indep_report.csv,
0bb3a680d266,2011s,t1_2011s_base_s3,ccap_2021_hires_lc.tif,edmonds_canopy_prob_2011s_t1_2011s_base_s3.tif,forest_wetland,sample-test,best_f1,62,0.244094,0.7887,0.699,0.7411,5092161,1364413,2192615,8649189,0.81,254,215,qc_indep_sweep_2011s_t1_2011s_base_s3_ccap_2021_hires_lc_sample-test.csv,phase4/qc/curves/0bb3a680d266.csv
be9e51a9b4bf,2011s,t1_2011s_base_s3,ccap_2021_hires_lc.tif,edmonds_canopy_prob_2011s_t1_2011s_base_s3.tif,forest_wetland,sample-selection,best_f1,55,0.216535,0.8168,0.6891,0.7476,3072749,689131,1386124,5148004,0.7868,254,209,qc_indep_sweep_2011s_t1_2011s_base_s3_ccap_2021_hires_lc_sample-selection.csv,phase4/qc/curves/be9e51a9b4bf.csv
0bb3a680d266,2011s,t1_2011s_base_s3,ccap_2021_hires_lc.tif,edmonds_canopy_prob_2011s_t1_2011s_base_s3.tif,forest_wetland,sample-test,matched_p50,44,0.173228,0.9527,0.5093,0.6637,6151169,305405,5927040,12383614,0.81,254,172,qc_indep_sweep_2011s_t1_2011s_base_s3_ccap_2021_hires_lc_sample-test.csv,phase4/qc/curves/0bb3a680d266.csv
be9e51a9b4bf,2011s,t1_2011s_base_s3,ccap_2021_hires_lc.tif,edmonds_canopy_prob_2011s_t1_2011s_base_s3.tif,forest_wetland,sample-selection,matched_p50,42,0.165354,0.9703,0.5148,0.6727,3650255,111625,3440666,7202546,0.7868,254,168,qc_indep_sweep_2011s_t1_2011s_base_s3_ccap_2021_hires_lc_sample-selection.csv,phase4/qc/curves/be9e51a9b4bf.csv
0bb3a680d266,2011s,t1_2011s_base_s3,ccap_2021_hires_lc.tif,edmonds_canopy_prob_2011s_t1_2011s_base_s3.tif,forest_wetland,sample-test,matched_p75,115,0.452755,0.7168,0.7504,0.7332,4627882,1828692,1539338,7995912,0.81,254,101,qc_indep_sweep_2011s_t1_2011s_base_s3_ccap_2021_hires_lc_sample-test.csv,phase4/qc/curves/0bb3a680d266.csv
be9e51a9b4bf,2011s,t1_2011s_base_s3,ccap_2021_hires_lc.tif,edmonds_canopy_prob_2011s_t1_2011s_base_s3.tif,forest_wetland,sample-selection,matched_p75,81,0.318897,0.7226,0.7503,0.7362,2718323,1043557,904512,4666392,0.7868,254,129,qc_indep_sweep_2011s_t1_2011s_base_s3_ccap_2021_hires_lc_sample-selection.csv,phase4/qc/curves/be9e51a9b4bf.csv
0bb3a680d266,2011s,t1_2011s_base_s3,ccap_2021_hires_lc.tif,edmonds_canopy_prob_2011s_t1_2011s_base_s3.tif,forest_wetland,sample-test,matched_p90,168,0.661417,0.3809,0.9013,0.5355,2459565,3997009,269493,6726067,0.81,254,48,qc_indep_sweep_2011s_t1_2011s_base_s3_ccap_2021_hires_lc_sample-test.csv,phase4/qc/curves/0bb3a680d266.csv
be9e51a9b4bf,2011s,t1_2011s_base_s3,ccap_2021_hires_lc.tif,edmonds_canopy_prob_2011s_t1_2011s_base_s3.tif,forest_wetland,sample-selection,matched_p90,206,0.811023,0.0001,0.9852,0.0002,465,3761415,7,3761887,0.7868,254,4,qc_indep_sweep_2011s_t1_2011s_base_s3_ccap_2021_hires_lc_sample-selection.csv,phase4/qc/curves/be9e51a9b4bf.csv
0733b4019ccb,2011s,t1_2011s_base_s3,ccap_2021_hires_lc.tif,edmonds_canopy_prob_2011s_t1_2011s_base_s3.tif,forest_wetland,,scored_live,,0.5,0.6474,0.7835,0.709,2435352,1326528,672837,4434717,,,,qc_indep_report.csv,
0733b4019ccb,2011s,t1_2011s_base_s3,ccap_2021_hires_lc.tif,edmonds_canopy_prob_2011s_t1_2011s_base_s3.tif,forest_wetland,,scored_live,,0.259842,0.7777,0.7075,0.7409,5021568,1435006,2075706,8532280,,,,qc_indep_report.csv,
5ea98597c1b4,2011s,t1_2011s_base_s3,ccap_2021_hires_lc.tif,edmonds_canopy_prob_2011s_t1_2011s_base_s3.tif,forest_wetland_scrub,,scored_live,,0.5,0.6246,0.7885,0.697,2450719,1472686,657470,4580875,,,,qc_indep_report.csv,
5ea98597c1b4,2011s,t1_2011s_base_s3,ccap_2021_hires_lc.tif,edmonds_canopy_prob_2011s_t1_2011s_base_s3.tif,forest_wetland_scrub,,scored_live,,0.259842,0.7612,0.7252,0.7428,5146782,1614996,1950492,8712270,,,,qc_indep_report.csv,
c8fe030825c3,2011s,t1_2011s_base_s3,ccap_2021_hires_lc.tif,edmonds_canopy_prob_2011s_t1_2011s_base_s3.tif,forest_only,,scored_live,,0.5,0.6474,0.7835,0.709,2435352,1326528,672837,4434717,,,,qc_indep_report.csv,
c8fe030825c3,2011s,t1_2011s_base_s3,ccap_2021_hires_lc.tif,edmonds_canopy_prob_2011s_t1_2011s_base_s3.tif,forest_only,,scored_live,,0.259842,0.7744,0.6923,0.7311,4913090,1431539,2184184,8528813,,,,qc_indep_report.csv,
13f9889f6aa0,2011s,t1_2011s_cor05,ccap_2021_hires_lc.tif,edmonds_canopy_prob_2011s_t1_2011s_cor05.tif,forest_wetland,sample-test,best_f1,59,0.232283,0.7893,0.7052,0.7449,5096067,1360507,2130487,8587061,0.8104,254,203,qc_indep_sweep_2011s_t1_2011s_cor05_ccap_2021_hires_lc_sample-test.csv,phase4/qc/curves/13f9889f6aa0.csv
9e223c45cfdc,2011s,t1_2011s_cor05,ccap_2021_hires_lc.tif,edmonds_canopy_prob_2011s_t1_2011s_cor05.tif,forest_wetland,sample-selection,best_f1,53,0.208661,0.8203,0.7019,0.7565,3085836,676044,1310876,5072756,0.7962,254,202,qc_indep_sweep_2011s_t1_2011s_cor05_ccap_2021_hires_lc_sample-selection.csv,phase4/qc/curves/9e223c45cfdc.csv
13f9889f6aa0,2011s,t1_2011s_cor05,ccap_2021_hires_lc.tif,edmonds_canopy_prob_2011s_t1_2011s_cor05.tif,forest_wetland,sample-test,matched_p50,43,0.169291,0.9535,0.5185,0.6717,6156374,300200,5717982,12174556,0.8104,254,161,qc_indep_sweep_2011s_t1_2011s_cor05_ccap_2021_hires_lc_sample-test.csv,phase4/qc/curves/13f9889f6aa0.csv
9e223c45cfdc,2011s,t1_2011s_cor05,ccap_2021_hires_lc.tif,edmonds_canopy_prob_2011s_t1_2011s_cor05.tif,forest_wetland,sample-selection,matched_p50,40,0.15748,0.979,0.5058,0.667,3682866,79014,3598679,7360559,0.7962,254,163,qc_indep_sweep_2011s_t1_2011s_cor05_ccap_2021_hires_lc_sample-selection.csv,phase4/qc/curves/9e223c45cfdc.csv
13f9889f6aa0,2011s,t1_2011s_cor05,ccap_2021_hires_lc.tif,edmonds_canopy_prob_2011s_t1_2011s_cor05.tif,forest_wetland,sample-test,matched_p75,99,0.389763,0.7251,0.7503,0.7375,4681734,1774840,1558479,8015053,0.8104,254,104,qc_indep_sweep_2011s_t1_2011s_cor05_ccap_2021_hires_lc_sample-test.csv,phase4/qc/curves/13f9889f6aa0.csv
9e223c45cfdc,2011s,t1_2011s_cor05,ccap_2021_hires_lc.tif,edmonds_canopy_prob_2011s_t1_2011s_cor05.tif,forest_wetland,sample-selection,matched_p75,64,0.251968,0.7471,0.7516,0.7493,2810393,951487,928710,4690590,0.7962,254,139,qc_indep_sweep_2011s_t1_2011s_cor05_ccap_2021_hires_lc_sample-selection.csv,phase4/qc/curves/9e223c45cfdc.csv
13f9889f6aa0,2011s,t1_2011s_cor05,ccap_2021_hires_lc.tif,edmonds_canopy_prob_2011s_t1_2011s_cor05.tif,forest_wetland,sample-test,matched_p90,162,0.637795,0.3629,0.9016,0.5175,2343070,4113504,255686,6712260,0.8104,254,40,qc_indep_sweep_2011s_t1_2011s_cor05_ccap_2021_hires_lc_sample-test.csv,phase4/qc/curves/13f9889f6aa0.csv
9e223c45cfdc,2011s,t1_2011s_cor05,ccap_2021_hires_lc.tif,edmonds_canopy_prob_2011s_t1_2011s_cor05.tif,forest_wetland,sample-selection,matched_p90,198,0.779527,0.0004,0.917,0.0008,1503,3760377,136,3762016,0.7962,254,5,qc_indep_sweep_2011s_t1_2011s_cor05_ccap_2021_hires_lc_sample-selection.csv,phase4/qc/curves/9e223c45cfdc.csv
86812c5e024a,2011s,t1_2011s_cor05,ccap_2021_hires_lc.tif,edmonds_canopy_prob_2011s_t1_2011s_cor05.tif,forest_wetland_scrub,,scored_live,,0.5,0.6169,0.8044,0.6983,2420299,1503106,588400,4511805,,,,qc_indep_report.csv,
86812c5e024a,2011s,t1_2011s_cor05,ccap_2021_hires_lc.tif,edmonds_canopy_prob_2011s_t1_2011s_cor05.tif,forest_wetland_scrub,,scored_live,,0.240157,0.7646,0.7296,0.7467,5169986,1591792,1916369,8678147,,,,qc_indep_report.csv,
d14fec5d6e92,2011s,t1_2011s_cor05,ccap_2021_hires_lc.tif,edmonds_canopy_prob_2011s_t1_2011s_cor05.tif,forest_wetland,,scored_live,,0.5,0.6396,0.7997,0.7107,2405946,1355934,602753,4364633,,,,qc_indep_report.csv,
d14fec5d6e92,2011s,t1_2011s_cor05,ccap_2021_hires_lc.tif,edmonds_canopy_prob_2011s_t1_2011s_cor05.tif,forest_wetland,,scored_live,,0.240157,0.781,0.7116,0.7447,5042559,1414015,2043796,8500370,,,,qc_indep_report.csv,
f21757b2e603,2011s,t1_2011s_cor05,ccap_2021_hires_lc.tif,edmonds_canopy_prob_2011s_t1_2011s_cor05.tif,forest_only,,scored_live,,0.5,0.6396,0.7997,0.7107,2405946,1355934,602753,4364633,,,,qc_indep_report.csv,
f21757b2e603,2011s,t1_2011s_cor05,ccap_2021_hires_lc.tif,edmonds_canopy_prob_2011s_t1_2011s_cor05.tif,forest_only,,scored_live,,0.240157,0.7778,0.6964,0.7349,4934893,1409736,2151462,8496091,,,,qc_indep_report.csv,
9672584a4dee,2011s,t1_2011s_cor10,ccap_2021_hires_lc.tif,edmonds_canopy_prob_2011s_t1_2011s_cor10.tif,forest_wetland,sample-test,best_f1,57,0.224409,0.7996,0.7005,0.7468,5162469,1294105,2207189,8663763,0.8112,254,205,qc_indep_sweep_2011s_t1_2011s_cor10_ccap_2021_hires_lc_sample-test.csv,phase4/qc/curves/9672584a4dee.csv
aa512b99fed3,2011s,t1_2011s_cor10,ccap_2021_hires_lc.tif,edmonds_canopy_prob_2011s_t1_2011s_cor10.tif,forest_wetland,sample-selection,best_f1,53,0.208661,0.8279,0.7031,0.7604,3114461,647419,1315350,5077230,0.7967,254,205,qc_indep_sweep_2011s_t1_2011s_cor10_ccap_2021_hires_lc_sample-selection.csv,phase4/qc/curves/aa512b99fed3.csv
9672584a4dee,2011s,t1_2011s_cor10,ccap_2021_hires_lc.tif,edmonds_canopy_prob_2011s_t1_2011s_cor10.tif,forest_wetland,sample-test,matched_p50,43,0.169291,0.9594,0.5082,0.6645,6194325,262249,5993381,12449955,0.8112,254,163,qc_indep_sweep_2011s_t1_2011s_cor10_ccap_2021_hires_lc_sample-test.csv,phase4/qc/curves/9672584a4dee.csv
aa512b99fed3,2011s,t1_2011s_cor10,ccap_2021_hires_lc.tif,edmonds_canopy_prob_2011s_t1_2011s_cor10.tif,forest_wetland,sample-selection,matched_p50,41,0.161417,0.9776,0.5104,0.6706,3677677,84203,3528032,7289912,0.7967,254,165,qc_indep_sweep_2011s_t1_2011s_cor10_ccap_2021_hires_lc_sample-selection.csv,phase4/qc/curves/aa512b99fed3.csv
9672584a4dee,2011s,t1_2011s_cor10,ccap_2021_hires_lc.tif,edmonds_canopy_prob_2011s_t1_2011s_cor10.tif,forest_wetland,sample-test,matched_p75,88,0.346456,0.7285,0.75,0.7391,4703745,1752829,1568008,8024582,0.8112,254,116,qc_indep_sweep_2011s_t1_2011s_cor10_ccap_2021_hires_lc_sample-test.csv,phase4/qc/curves/9672584a4dee.csv
aa512b99fed3,2011s,t1_2011s_cor10,ccap_2021_hires_lc.tif,edmonds_canopy_prob_2011s_t1_2011s_cor10.tif,forest_wetland,sample-selection,matched_p75,61,0.240157,0.7553,0.7505,0.7529,2841332,920548,944637,4706517,0.7967,254,145,qc_indep_sweep_2011s_t1_2011s_cor10_ccap_2021_hires_lc_sample-selection.csv,phase4/qc/curves/aa512b99fed3.csv
9672584a4dee,2011s,t1_2011s_cor10,ccap_2021_hires_lc.tif,edmonds_canopy_prob_2011s_t1_2011s_cor10.tif,forest_wetland,sample-test,matched_p90,168,0.661417,0.35,0.9021,0.5043,2259656,4196918,245272,6701846,0.8112,254,35,qc_indep_sweep_2011s_t1_2011s_cor10_ccap_2021_hires_lc_sample-test.csv,phase4/qc/curves/9672584a4dee.csv
aa512b99fed3,2011s,t1_2011s_cor10,ccap_2021_hires_lc.tif,edmonds_canopy_prob_2011s_t1_2011s_cor10.tif,forest_wetland,sample-selection,matched_p90,190,0.748031,0.0104,0.9014,0.0206,39228,3722652,4289,3766169,0.7967,254,16,qc_indep_sweep_2011s_t1_2011s_cor10_ccap_2021_hires_lc_sample-selection.csv,phase4/qc/curves/aa512b99fed3.csv
3d8bffe0798f,2011s,t1_2011s_cor10,ccap_2021_hires_lc.tif,edmonds_canopy_prob_2011s_t1_2011s_cor10.tif,forest_wetland,,scored_live,,0.5,0.629,0.8017,0.7049,2366278,1395602,585220,4347100,,,,qc_indep_report.csv,
3d8bffe0798f,2011s,t1_2011s_cor10,ccap_2021_hires_lc.tif,edmonds_canopy_prob_2011s_t1_2011s_cor10.tif,forest_wetland,,scored_live,,0.228346,0.7925,0.7061,0.7468,5116752,1339822,2129700,8586274,,,,qc_indep_report.csv,
e5952c1ee713,2011s,t1_2011s_cor10,ccap_2021_hires_lc.tif,edmonds_canopy_prob_2011s_t1_2011s_cor10.tif,forest_wetland_scrub,,scored_live,,0.5,0.6063,0.806,0.692,2378787,1544618,572711,4496116,,,,qc_indep_report.csv,
e5952c1ee713,2011s,t1_2011s_cor10,ccap_2021_hires_lc.tif,edmonds_canopy_prob_2011s_t1_2011s_cor10.tif,forest_wetland_scrub,,scored_live,,0.228346,0.7754,0.7235,0.7486,5242889,1518889,2003563,8765341,,,,qc_indep_report.csv,
f867d4ff370e,2011s,t1_2011s_cor10,ccap_2021_hires_lc.tif,edmonds_canopy_prob_2011s_t1_2011s_cor10.tif,forest_only,,scored_live,,0.5,0.629,0.8017,0.7049,2366278,1395602,585220,4347100,,,,qc_indep_report.csv,
f867d4ff370e,2011s,t1_2011s_cor10,ccap_2021_hires_lc.tif,edmonds_canopy_prob_2011s_t1_2011s_cor10.tif,forest_only,,scored_live,,0.228346,0.7894,0.6911,0.737,5008176,1336453,2238276,8582905,,,,qc_indep_report.csv,
179af8be78ac,2011s,t1_2011s_in05,ccap_2021_hires_lc.tif,edmonds_canopy_prob_2011s_t1_2011s_in05.tif,forest_wetland,sample-selection,best_f1,50,0.19685,0.8202,0.715,0.764,3085320,676560,1229625,4991505,0.7988,254,207,qc_indep_sweep_2011s_t1_2011s_in05_ccap_2021_hires_lc_sample-selection.csv,phase4/qc/curves/179af8be78ac.csv
54f7a4ab6704,2011s,t1_2011s_in05,ccap_2016_hires_lc.tif,edmonds_canopy_prob_2011s_t1_2011s_in05.tif,forest_wetland,sample-test,best_f1,53,0.208661,0.7937,0.7583,0.7756,5414822,1407576,1725690,8548088,0.8529,254,212,qc_indep_sweep_2011s_t1_2011s_in05_ccap_2016_hires_lc_sample-test.csv,phase4/qc/curves/54f7a4ab6704.csv
71aa9bc086e2,2011s,t1_2011s_in05,ccap_2021_hires_lc.tif,edmonds_canopy_prob_2011s_t1_2011s_in05.tif,forest_wetland,sample-test,best_f1,53,0.208661,0.7909,0.7152,0.7512,5106727,1349847,2033785,8490359,0.8274,254,212,qc_indep_sweep_2011s_t1_2011s_in05_ccap_2021_hires_lc_sample-test.csv,phase4/qc/curves/71aa9bc086e2.csv
179af8be78ac,2011s,t1_2011s_in05,ccap_2021_hires_lc.tif,edmonds_canopy_prob_2011s_t1_2011s_in05.tif,forest_wetland,sample-selection,matched_p50,39,0.153543,0.9766,0.5197,0.6784,3673839,88041,3395548,7157428,0.7988,254,169,qc_indep_sweep_2011s_t1_2011s_in05_ccap_2021_hires_lc_sample-selection.csv,phase4/qc/curves/179af8be78ac.csv
54f7a4ab6704,2011s,t1_2011s_in05,ccap_2016_hires_lc.tif,edmonds_canopy_prob_2011s_t1_2011s_in05.tif,forest_wetland,sample-test,matched_p50,40,0.15748,0.9599,0.5212,0.6755,6548656,273742,6016719,12839117,0.8529,254,173,qc_indep_sweep_2011s_t1_2011s_in05_ccap_2016_hires_lc_sample-test.csv,phase4/qc/curves/54f7a4ab6704.csv
71aa9bc086e2,2011s,t1_2011s_in05,ccap_2021_hires_lc.tif,edmonds_canopy_prob_2011s_t1_2011s_in05.tif,forest_wetland,sample-test,matched_p50,41,0.161417,0.9535,0.5271,0.6789,6156561,300013,5524229,11980803,0.8274,254,172,qc_indep_sweep_2011s_t1_2011s_in05_ccap_2021_hires_lc_sample-test.csv,phase4/qc/curves/71aa9bc086e2.csv
179af8be78ac,2011s,t1_2011s_in05,ccap_2021_hires_lc.tif,edmonds_canopy_prob_2011s_t1_2011s_in05.tif,forest_wetland,sample-selection,matched_p75,55,0.216535,0.7683,0.7503,0.7592,2890128,871752,961913,4723793,0.7988,254,153,qc_indep_sweep_2011s_t1_2011s_in05_ccap_2021_hires_lc_sample-selection.csv,phase4/qc/curves/179af8be78ac.csv
54f7a4ab6704,2011s,t1_2011s_in05,ccap_2016_hires_lc.tif,edmonds_canopy_prob_2011s_t1_2011s_in05.tif,forest_wetland,sample-test,matched_p75,52,0.204724,0.8023,0.7504,0.7755,5473307,1349091,1820210,8642608,0.8529,254,161,qc_indep_sweep_2011s_t1_2011s_in05_ccap_2016_hires_lc_sample-test.csv,phase4/qc/curves/54f7a4ab6704.csv
71aa9bc086e2,2011s,t1_2011s_in05,ccap_2021_hires_lc.tif,edmonds_canopy_prob_2011s_t1_2011s_in05.tif,forest_wetland,sample-test,matched_p75,66,0.259842,0.7427,0.7511,0.7469,4795492,1661082,1588795,8045369,0.8274,254,147,qc_indep_sweep_2011s_t1_2011s_in05_ccap_2021_hires_lc_sample-test.csv,phase4/qc/curves/71aa9bc086e2.csv
179af8be78ac,2011s,t1_2011s_in05,ccap_2021_hires_lc.tif,edmonds_canopy_prob_2011s_t1_2011s_in05.tif,forest_wetland,sample-selection,matched_p90,192,0.755905,0.0053,0.9153,0.0106,20109,3741771,1860,3763740,0.7988,254,16,qc_indep_sweep_2011s_t1_2011s_in05_ccap_2021_hires_lc_sample-selection.csv,phase4/qc/curves/179af8be78ac.csv
54f7a4ab6704,2011s,t1_2011s_in05,ccap_2016_hires_lc.tif,edmonds_canopy_prob_2011s_t1_2011s_in05.tif,forest_wetland,sample-test,matched_p90,142,0.559055,0.535,0.9006,0.6713,3649994,3172404,402701,7225099,0.8529,254,71,qc_indep_sweep_2011s_t1_2011s_in05_ccap_2016_hires_lc_sample-test.csv,phase4/qc/curves/54f7a4ab6704.csv
71aa9bc086e2,2011s,t1_2011s_in05,ccap_2021_hires_lc.tif,edmonds_canopy_prob_2011s_t1_2011s_in05.tif,forest_wetland,sample-test,matched_p90,158,0.622047,0.4196,0.9014,0.5727,2709351,3747223,296507,6753081,0.8274,254,55,qc_indep_sweep_2011s_t1_2011s_in05_ccap_2021_hires_lc_sample-test.csv,phase4/qc/curves/71aa9bc086e2.csv
3bd486e14c50,2011s,t1_2011s_in05,ccap_2016_hires_lc.tif,edmonds_canopy_prob_2011s_t1_2011s_in05.tif,forest_only,,scored_live,,0.5,0.6567,0.8273,0.7322,4416107,2309041,921906,7647054,,,,qc_indep_report.csv,
3bdf944a6d84,2011s,t1_2011s_in05,ccap_2016_hires_lc.tif,edmonds_canopy_prob_2011s_t1_2011s_in05.tif,forest_wetland_scrub,,scored_live,,0.5,0.6112,0.862,0.7153,4601444,2927160,736569,8265173,,,,qc_indep_report.csv,
c4ca93fd4b73,2011s,t1_2011s_in05,ccap_2021_hires_lc.tif,edmonds_canopy_prob_2011s_t1_2011s_in05.tif,forest_wetland_scrub,,scored_live,,0.5,0.6051,0.8168,0.6952,2373975,1549430,532333,4455738,,,,qc_indep_report.csv,
c4ca93fd4b73,2011s,t1_2011s_in05,ccap_2021_hires_lc.tif,edmonds_canopy_prob_2011s_t1_2011s_in05.tif,forest_wetland_scrub,,scored_live,,0.216535,0.7594,0.7442,0.7517,5134623,1627155,1765290,8527068,,,,qc_indep_report.csv,
c695e40a915c,2011s,t1_2011s_in05,ccap_2016_hires_lc.tif,edmonds_canopy_prob_2011s_t1_2011s_in05.tif,forest_wetland,,scored_live,,0.5,0.6603,0.844,0.7409,4505036,2317362,832977,7655375,,,,qc_indep_report.csv,
c84a5ebe3498,2011s,t1_2011s_in05,ccap_2021_hires_lc.tif,edmonds_canopy_prob_2011s_t1_2011s_in05.tif,forest_only,,scored_live,,0.5,0.6274,0.8121,0.7079,2360217,1401663,546091,4307971,,,,qc_indep_report.csv,
c84a5ebe3498,2011s,t1_2011s_in05,ccap_2021_hires_lc.tif,edmonds_canopy_prob_2011s_t1_2011s_in05.tif,forest_only,,scored_live,,0.216535,0.7734,0.7112,0.741,4906962,1437667,1992951,8337580,,,,qc_indep_report.csv,
e37f8d983c6e,2011s,t1_2011s_in05,ccap_2021_hires_lc.tif,edmonds_canopy_prob_2011s_t1_2011s_in05.tif,forest_wetland,,scored_live,,0.5,0.6274,0.8121,0.7079,2360217,1401663,546091,4307971,,,,qc_indep_report.csv,
e37f8d983c6e,2011s,t1_2011s_in05,ccap_2021_hires_lc.tif,edmonds_canopy_prob_2011s_t1_2011s_in05.tif,forest_wetland,,scored_live,,0.216535,0.7765,0.7266,0.7507,5013456,1443118,1886457,8343031,,,,qc_indep_report.csv,
07fde91988dc,2011s,t1_2011s_in16,ccap_2021_hires_lc.tif,edmonds_canopy_prob_2011s_t1_2011s_in16.tif,forest_wetland,sample-test,best_f1,54,0.212598,0.7798,0.7249,0.7514,5035021,1421553,1910785,8367359,0.8299,254,227,qc_indep_sweep_2011s_t1_2011s_in16_ccap_2021_hires_lc_sample-test.csv,phase4/qc/curves/07fde91988dc.csv
235759ed2768,2011s,t1_2011s_in16,ccap_2016_hires_lc.tif,edmonds_canopy_prob_2011s_t1_2011s_in16.tif,forest_wetland,sample-test,best_f1,54,0.212598,0.7837,0.7697,0.7766,5346473,1475925,1599333,8421731,0.8626,254,227,qc_indep_sweep_2011s_t1_2011s_in16_ccap_2016_hires_lc_sample-test.csv,phase4/qc/curves/235759ed2768.csv
f325ffd8b121,2011s,t1_2011s_in16,ccap_2021_hires_lc.tif,edmonds_canopy_prob_2011s_t1_2011s_in16.tif,forest_wetland,sample-selection,best_f1,51,0.200787,0.7985,0.7257,0.7604,3003987,757893,1135722,4897602,0.8103,254,225,qc_indep_sweep_2011s_t1_2011s_in16_ccap_2021_hires_lc_sample-selection.csv,phase4/qc/curves/f325ffd8b121.csv
07fde91988dc,2011s,t1_2011s_in16,ccap_2021_hires_lc.tif,edmonds_canopy_prob_2011s_t1_2011s_in16.tif,forest_wetland,sample-test,matched_p50,44,0.173228,0.9553,0.5076,0.663,6168121,288453,5983362,12439936,0.8299,254,184,qc_indep_sweep_2011s_t1_2011s_in16_ccap_2021_hires_lc_sample-test.csv,phase4/qc/curves/07fde91988dc.csv
235759ed2768,2011s,t1_2011s_in16,ccap_2016_hires_lc.tif,edmonds_canopy_prob_2011s_t1_2011s_in16.tif,forest_wetland,sample-test,matched_p50,44,0.173228,0.9521,0.5346,0.6847,6495626,326772,5655857,12478255,0.8626,254,184,qc_indep_sweep_2011s_t1_2011s_in16_ccap_2016_hires_lc_sample-test.csv,phase4/qc/curves/235759ed2768.csv
f325ffd8b121,2011s,t1_2011s_in16,ccap_2021_hires_lc.tif,edmonds_canopy_prob_2011s_t1_2011s_in16.tif,forest_wetland,sample-selection,matched_p50,42,0.165354,0.9787,0.5075,0.6684,3681885,79995,3573256,7335136,0.8103,254,183,qc_indep_sweep_2011s_t1_2011s_in16_ccap_2021_hires_lc_sample-selection.csv,phase4/qc/curves/f325ffd8b121.csv
07fde91988dc,2011s,t1_2011s_in16,ccap_2021_hires_lc.tif,edmonds_canopy_prob_2011s_t1_2011s_in16.tif,forest_wetland,sample-test,matched_p75,58,0.228346,0.7461,0.7528,0.7494,4817454,1639120,1582044,8038618,0.8299,254,170,qc_indep_sweep_2011s_t1_2011s_in16_ccap_2021_hires_lc_sample-test.csv,phase4/qc/curves/07fde91988dc.csv
235759ed2768,2011s,t1_2011s_in16,ccap_2016_hires_lc.tif,edmonds_canopy_prob_2011s_t1_2011s_in16.tif,forest_wetland,sample-test,matched_p75,53,0.208661,0.7961,0.7577,0.7764,5431193,1391205,1736920,8559318,0.8626,254,175,qc_indep_sweep_2011s_t1_2011s_in16_ccap_2016_hires_lc_sample-test.csv,phase4/qc/curves/235759ed2768.csv
f325ffd8b121,2011s,t1_2011s_in16,ccap_2021_hires_lc.tif,edmonds_canopy_prob_2011s_t1_2011s_in16.tif,forest_wetland,sample-selection,matched_p75,53,0.208661,0.7637,0.7519,0.7578,2873063,888817,948025,4709905,0.8103,254,169,qc_indep_sweep_2011s_t1_2011s_in16_ccap_2021_hires_lc_sample-selection.csv,phase4/qc/curves/f325ffd8b121.csv
07fde91988dc,2011s,t1_2011s_in16,ccap_2021_hires_lc.tif,edmonds_canopy_prob_2011s_t1_2011s_in16.tif,forest_wetland,sample-test,matched_p90,152,0.598425,0.4666,0.9008,0.6148,3012845,3443729,331862,6788436,0.8299,254,76,qc_indep_sweep_2011s_t1_2011s_in16_ccap_2021_hires_lc_sample-test.csv,phase4/qc/curves/07fde91988dc.csv
235759ed2768,2011s,t1_2011s_in16,ccap_2016_hires_lc.tif,edmonds_canopy_prob_2011s_t1_2011s_in16.tif,forest_wetland,sample-test,matched_p90,131,0.515748,0.5747,0.9006,0.7016,3920795,2901603,432961,7255359,0.8626,254,97,qc_indep_sweep_2011s_t1_2011s_in16_ccap_2016_hires_lc_sample-test.csv,phase4/qc/curves/235759ed2768.csv
f325ffd8b121,2011s,t1_2011s_in16,ccap_2021_hires_lc.tif,edmonds_canopy_prob_2011s_t1_2011s_in16.tif,forest_wetland,sample-selection,matched_p90,175,0.688976,0.2219,0.9004,0.356,834670,2927210,92324,3854204,0.8103,254,16,qc_indep_sweep_2011s_t1_2011s_in16_ccap_2021_hires_lc_sample-selection.csv,phase4/qc/curves/f325ffd8b121.csv
20a6739a7693,2011s,t1_2011s_in16,ccap_2016_hires_lc.tif,edmonds_canopy_prob_2011s_t1_2011s_in16.tif,forest_wetland_scrub,,scored_live,,0.5,0.5782,0.8896,0.7009,4352708,3175896,540297,8068901,,,,qc_indep_report.csv,
69b5256a7f2c,2011s,t1_2011s_in16,ccap_2021_hires_lc.tif,edmonds_canopy_prob_2011s_t1_2011s_in16.tif,forest_wetland_scrub,,scored_live,,0.5,0.5482,0.8467,0.6655,2150951,1772454,389329,4312734,,,,qc_indep_report.csv,
69b5256a7f2c,2011s,t1_2011s_in16,ccap_2021_hires_lc.tif,edmonds_canopy_prob_2011s_t1_2011s_in16.tif,forest_wetland_scrub,,scored_live,,0.212598,0.7645,0.7442,0.7542,5169278,1592500,1776528,8538306,,,,qc_indep_report.csv,
89232a6ed0b4,2011s,t1_2011s_in16,ccap_2021_hires_lc.tif,edmonds_canopy_prob_2011s_t1_2011s_in16.tif,forest_wetland,,scored_live,,0.5,0.5695,0.8434,0.6799,2142561,1619319,397719,4159599,,,,qc_indep_report.csv,
89232a6ed0b4,2011s,t1_2011s_in16,ccap_2021_hires_lc.tif,edmonds_canopy_prob_2011s_t1_2011s_in16.tif,forest_wetland,,scored_live,,0.212598,0.7798,0.7249,0.7513,5035021,1421553,1910785,8367359,,,,qc_indep_report.csv,
cce13f95b382,2011s,t1_2011s_in16,ccap_2021_hires_lc.tif,edmonds_canopy_prob_2011s_t1_2011s_in16.tif,forest_only,,scored_live,,0.5,0.5695,0.8434,0.6799,2142561,1619319,397719,4159599,,,,qc_indep_report.csv,
cce13f95b382,2011s,t1_2011s_in16,ccap_2021_hires_lc.tif,edmonds_canopy_prob_2011s_t1_2011s_in16.tif,forest_only,,scored_live,,0.212598,0.7771,0.7098,0.7419,4930169,1414460,2015637,8360266,,,,qc_indep_report.csv,
cecca9d2461e,2011s,t1_2011s_in16,ccap_2016_hires_lc.tif,edmonds_canopy_prob_2011s_t1_2011s_in16.tif,forest_wetland,,scored_live,,0.5,0.6267,0.8739,0.7299,4275829,2546569,617176,7439574,,,,qc_indep_report.csv,
ee67411405e4,2011s,t1_2011s_in16,ccap_2016_hires_lc.tif,edmonds_canopy_prob_2011s_t1_2011s_in16.tif,forest_only,,scored_live,,0.5,0.623,0.8563,0.7213,4190051,2535097,702954,7428102,,,,qc_indep_report.csv,
14ac821e22a8,2011s,trend8_2011s,ccap_2016_hires_lc.tif,edmonds_canopy_prob_2011s_trend8_2011s.tif,forest_wetland,,best_f1,27,0.106299,0.8246,0.7655,0.7939,105695619,22480885,32386032,160562536,0.8683,254,222,qc_indep_sweep_2011s_trend8_2011s_ccap_2016_hires_lc.csv,phase4/qc/curves/14ac821e22a8.csv
2b8ac04cee1c,2011s,trend8_2011s,ccap_2021_hires_lc.tif,edmonds_canopy_prob_2011s_trend8_2011s.tif,forest_wetland,,best_f1,27,0.106299,0.8258,0.7164,0.7672,98916869,20870939,39164782,158952590,0.8292,254,222,qc_indep_sweep_2011s_trend8_2011s_ccap_2021_hires_lc.csv,phase4/qc/curves/2b8ac04cee1c.csv
14ac821e22a8,2011s,trend8_2011s,ccap_2016_hires_lc.tif,edmonds_canopy_prob_2011s_trend8_2011s.tif,forest_wetland,,matched_p50,12,0.047244,0.9701,0.5224,0.6791,124344648,3831856,113698292,241874796,0.8683,254,211,qc_indep_sweep_2011s_trend8_2011s_ccap_2016_hires_lc.csv,phase4/qc/curves/14ac821e22a8.csv
2b8ac04cee1c,2011s,trend8_2011s,ccap_2021_hires_lc.tif,edmonds_canopy_prob_2011s_trend8_2011s.tif,forest_wetland,,matched_p50,13,0.051181,0.9659,0.5246,0.6799,115698460,4089348,104835235,224623043,0.8292,254,210,qc_indep_sweep_2011s_trend8_2011s_ccap_2021_hires_lc.csv,phase4/qc/curves/2b8ac04cee1c.csv
14ac821e22a8,2011s,trend8_2011s,ccap_2016_hires_lc.tif,edmonds_canopy_prob_2011s_trend8_2011s.tif,forest_wetland,,matched_p75,25,0.098425,0.8363,0.7548,0.7934,107189740,20986764,34820482,162996986,0.8683,254,198,qc_indep_sweep_2011s_trend8_2011s_ccap_2016_hires_lc.csv,phase4/qc/curves/14ac821e22a8.csv
2b8ac04cee1c,2011s,trend8_2011s,ccap_2021_hires_lc.tif,edmonds_canopy_prob_2011s_trend8_2011s.tif,forest_wetland,,matched_p75,47,0.185039,0.7781,0.7504,0.764,93210083,26577725,30996521,150784329,0.8292,254,176,qc_indep_sweep_2011s_trend8_2011s_ccap_2021_hires_lc.csv,phase4/qc/curves/2b8ac04cee1c.csv
14ac821e22a8,2011s,trend8_2011s,ccap_2016_hires_lc.tif,edmonds_canopy_prob_2011s_trend8_2011s.tif,forest_wetland,,matched_p90,150,0.590551,0.5611,0.9009,0.6915,71919280,56257224,7908788,136085292,0.8683,254,73,qc_indep_sweep_2011s_trend8_2011s_ccap_2016_hires_lc.csv,phase4/qc/curves/14ac821e22a8.csv
2b8ac04cee1c,2011s,trend8_2011s,ccap_2021_hires_lc.tif,edmonds_canopy_prob_2011s_trend8_2011s.tif,forest_wetland,,matched_p90,182,0.716535,0.373,0.9008,0.5276,44684499,75103309,4920334,124708142,0.8292,254,38,qc_indep_sweep_2011s_trend8_2011s_ccap_2021_hires_lc.csv,phase4/qc/curves/2b8ac04cee1c.csv
14ac821e22a8,2011s,trend8_2011s,ccap_2016_hires_lc.tif,edmonds_canopy_prob_2011s_trend8_2011s.tif,forest_wetland,,scored_live,,0.4206,0.7186,0.8372,0.7734,92110715,36065789,17910528,146087032,,,,qc_indep_report.csv,
2b8ac04cee1c,2011s,trend8_2011s,ccap_2021_hires_lc.tif,edmonds_canopy_prob_2011s_trend8_2011s.tif,forest_wetland,,scored_live,,0.5,0.6904,0.7996,0.741,82699643,37088165,20729382,140517190,,,,qc_indep_report.csv,
5ffc8c3ccb68,2011s,trend8_2011s,ccap_2016_hires_lc.tif,edmonds_canopy_prob_2011s_trend8_2011s.tif,forest_wetland_scrub,,scored_live,,0.4206,0.6834,0.8618,0.7623,94818435,43922952,15202808,153944195,,,,qc_indep_report.csv,
b132c4057354,2011s,trend8_2011s,ccap_2021_hires_lc.tif,edmonds_canopy_prob_2011s_trend8_2011s.tif,forest_only,,scored_live,,0.5,0.6888,0.7875,0.7349,81448787,36798875,21980238,140227900,,,,qc_indep_report.csv,
b17c96e9dcf7,2011s,trend8_2011s,ccap_2021_hires_lc.tif,edmonds_canopy_prob_2011s_trend8_2011s.tif,forest_wetland_scrub,,scored_live,,0.5,0.6754,0.8144,0.7384,84232597,40489633,19196428,143918658,,,,qc_indep_report.csv,
d523818547e9,2011s,trend8_2011s,ccap_2016_hires_lc.tif,edmonds_canopy_prob_2011s_trend8_2011s.tif,forest_only,,scored_live,,0.4206,0.7173,0.8275,0.7685,91046466,35877004,18974777,145898247,,,,qc_indep_report.csv,
32befc71db51,2011s,wb18_2011s_base,ccap_2016_hires_lc.tif,edmonds_canopy_prob_2011s_wb18_2011s_base.tif,forest_wetland,sample-test,best_f1,27,0.106299,0.805,0.7268,0.7639,5491714,1330684,2064482,8886880,0.8266,254,248,qc_indep_sweep_2011s_wb18_2011s_base_ccap_2016_hires_lc_sample-test.csv,phase4/qc/curves/32befc71db51.csv
e35f1a54b62c,2011s,wb18_2011s_base,ccap_2021_hires_lc.tif,edmonds_canopy_prob_2011s_wb18_2011s_base.tif,forest_wetland,sample-test,best_f1,29,0.114173,0.8003,0.6965,0.7448,5166944,1289630,2251898,8708472,0.805,254,248,qc_indep_sweep_2011s_wb18_2011s_base_ccap_2021_hires_lc_sample-test.csv,phase4/qc/curves/e35f1a54b62c.csv
32befc71db51,2011s,wb18_2011s_base,ccap_2016_hires_lc.tif,edmonds_canopy_prob_2011s_wb18_2011s_base.tif,forest_wetland,sample-test,matched_p50,5,0.019685,0.9601,0.516,0.6713,6550240,272158,6143026,12965424,0.8266,254,244,qc_indep_sweep_2011s_wb18_2011s_base_ccap_2016_hires_lc_sample-test.csv,phase4/qc/curves/32befc71db51.csv
e35f1a54b62c,2011s,wb18_2011s_base,ccap_2021_hires_lc.tif,edmonds_canopy_prob_2011s_wb18_2011s_base.tif,forest_wetland,sample-test,matched_p50,6,0.023622,0.9516,0.5134,0.6669,6144136,312438,5824133,12280707,0.805,254,243,qc_indep_sweep_2011s_wb18_2011s_base_ccap_2021_hires_lc_sample-test.csv,phase4/qc/curves/e35f1a54b62c.csv
32befc71db51,2011s,wb18_2011s_base,ccap_2016_hires_lc.tif,edmonds_canopy_prob_2011s_wb18_2011s_base.tif,forest_wetland,sample-test,matched_p75,36,0.141732,0.7737,0.7514,0.7624,5278240,1544158,1746153,8568551,0.8266,254,213,qc_indep_sweep_2011s_wb18_2011s_base_ccap_2016_hires_lc_sample-test.csv,phase4/qc/curves/32befc71db51.csv
e35f1a54b62c,2011s,wb18_2011s_base,ccap_2021_hires_lc.tif,edmonds_canopy_prob_2011s_wb18_2011s_base.tif,forest_wetland,sample-test,matched_p75,61,0.240157,0.7204,0.75,0.7349,4651160,1805414,1550439,8007013,0.805,254,188,qc_indep_sweep_2011s_wb18_2011s_base_ccap_2021_hires_lc_sample-test.csv,phase4/qc/curves/e35f1a54b62c.csv
32befc71db51,2011s,wb18_2011s_base,ccap_2016_hires_lc.tif,edmonds_canopy_prob_2011s_wb18_2011s_base.tif,forest_wetland,sample-test,matched_p90,189,0.744094,0.3991,0.9003,0.5531,2723077,4099321,301556,7123954,0.8266,254,60,qc_indep_sweep_2011s_wb18_2011s_base_ccap_2016_hires_lc_sample-test.csv,phase4/qc/curves/32befc71db51.csv
e35f1a54b62c,2011s,wb18_2011s_base,ccap_2021_hires_lc.tif,edmonds_canopy_prob_2011s_wb18_2011s_base.tif,forest_wetland,sample-test,matched_p90,200,0.787401,0.2949,0.902,0.4445,1904112,4552462,206780,6663354,0.805,254,49,qc_indep_sweep_2011s_wb18_2011s_base_ccap_2021_hires_lc_sample-test.csv,phase4/qc/curves/e35f1a54b62c.csv
012e82b27f1b,2011s,wb18_2011s_base,ccap_2016_hires_lc.tif,edmonds_canopy_prob_2011s_wb18_2011s_base.tif,forest_only,,scored_live,,0.4206,0.6489,0.804,0.7182,4363768,2361380,1063733,7788881,,,,qc_indep_report.csv,
1fc3b24eb9e4,2011s,wb18_2011s_base,ccap_2016_hires_lc.tif,edmonds_canopy_prob_2011s_wb18_2011s_base.tif,forest_wetland_scrub,,scored_live,,0.4206,0.604,0.8378,0.7019,4547196,2981408,880305,8408909,,,,qc_indep_report.csv,
6b63c821634c,2011s,wb18_2011s_base,ccap_2016_hires_lc.tif,edmonds_canopy_prob_2011s_wb18_2011s_base.tif,forest_wetland,,scored_live,,0.4206,0.6528,0.8206,0.7271,4453908,2368490,973593,7795991,,,,qc_indep_report.csv,
9e19a4cf4812,2011s,wb18_2011s_base,ccap_2021_hires_lc.tif,edmonds_canopy_prob_2011s_wb18_2011s_base.tif,forest_wetland,,scored_live,,0.4206,0.6582,0.783,0.7152,4249628,2206946,1177873,7634447,,,,qc_indep_report.csv,
f40d847dcd62,2011s,wb18_2011s_base,ccap_2021_hires_lc.tif,edmonds_canopy_prob_2011s_wb18_2011s_base.tif,forest_wetland_scrub,,scored_live,,0.4206,0.6392,0.7964,0.7092,4322230,2439548,1105271,7867049,,,,qc_indep_report.csv,
ffbf1c10ad60,2011s,wb18_2011s_base,ccap_2021_hires_lc.tif,edmonds_canopy_prob_2011s_wb18_2011s_base.tif,forest_only,,scored_live,,0.4206,0.6538,0.7643,0.7047,4148106,2196523,1279395,7624024,,,,qc_indep_report.csv,
f8a769ee9cf9,2011s,wb18_2011s_base_s2,ccap_2021_hires_lc.tif,edmonds_canopy_prob_2011s_wb18_2011s_base_s2.tif,forest_wetland,sample-test,best_f1,36,0.141732,0.797,0.7017,0.7463,5145910,1310664,2187901,8644475,0.8067,254,245,qc_indep_sweep_2011s_wb18_2011s_base_s2_ccap_2021_hires_lc_sample-test.csv,phase4/qc/curves/f8a769ee9cf9.csv
f8a769ee9cf9,2011s,wb18_2011s_base_s2,ccap_2021_hires_lc.tif,edmonds_canopy_prob_2011s_wb18_2011s_base_s2.tif,forest_wetland,sample-test,matched_p50,8,0.031496,0.9507,0.5158,0.6688,6138238,318336,5762521,12219095,0.8067,254,238,qc_indep_sweep_2011s_wb18_2011s_base_s2_ccap_2021_hires_lc_sample-test.csv,phase4/qc/curves/f8a769ee9cf9.csv
f8a769ee9cf9,2011s,wb18_2011s_base_s2,ccap_2021_hires_lc.tif,edmonds_canopy_prob_2011s_wb18_2011s_base_s2.tif,forest_wetland,sample-test,matched_p75,66,0.259842,0.725,0.7501,0.7374,4681208,1775366,1559270,8015844,0.8067,254,180,qc_indep_sweep_2011s_wb18_2011s_base_s2_ccap_2021_hires_lc_sample-test.csv,phase4/qc/curves/f8a769ee9cf9.csv
f8a769ee9cf9,2011s,wb18_2011s_base_s2,ccap_2021_hires_lc.tif,edmonds_canopy_prob_2011s_wb18_2011s_base_s2.tif,forest_wetland,sample-test,matched_p90,190,0.748031,0.2995,0.9023,0.4497,1933754,4522820,209339,6665913,0.8067,254,56,qc_indep_sweep_2011s_wb18_2011s_base_s2_ccap_2021_hires_lc_sample-test.csv,phase4/qc/curves/f8a769ee9cf9.csv
1f535d031c80,2011s,wb18_2011s_base_s2,ccap_2021_hires_lc.tif,edmonds_canopy_prob_2011s_wb18_2011s_base_s2.tif,forest_wetland,,scored_live,,0.4206,0.6604,0.784,0.7169,4263921,2192653,1175007,7631581,,,,qc_indep_report.csv,
ad8657d0ee55,2011s,wb18_2011s_base_s2,ccap_2021_hires_lc.tif,edmonds_canopy_prob_2011s_wb18_2011s_base_s2.tif,forest_wetland_scrub,,scored_live,,0.4206,0.642,0.7981,0.7116,4340971,2420807,1097957,7859735,,,,qc_indep_report.csv,
e911961bb15e,2011s,wb18_2011s_base_s2,ccap_2021_hires_lc.tif,edmonds_canopy_prob_2011s_wb18_2011s_base_s2.tif,forest_only,,scored_live,,0.4206,0.6562,0.7654,0.7066,4163057,2181572,1275871,7620500,,,,qc_indep_report.csv,
ad81de1ffa5d,2011s,wb18_2011s_base_s3,ccap_2021_hires_lc.tif,edmonds_canopy_prob_2011s_wb18_2011s_base_s3.tif,forest_wetland,sample-test,best_f1,22,0.086614,0.7965,0.7017,0.7461,5142698,1313876,2186200,8642774,0.806,254,245,qc_indep_sweep_2011s_wb18_2011s_base_s3_ccap_2021_hires_lc_sample-test.csv,phase4/qc/curves/ad81de1ffa5d.csv
ad81de1ffa5d,2011s,wb18_2011s_base_s3,ccap_2021_hires_lc.tif,edmonds_canopy_prob_2011s_wb18_2011s_base_s3.tif,forest_wetland,sample-test,matched_p50,5,0.019685,0.9516,0.5154,0.6686,6144294,312280,5778234,12234808,0.806,254,241,qc_indep_sweep_2011s_wb18_2011s_base_s3_ccap_2021_hires_lc_sample-test.csv,phase4/qc/curves/ad81de1ffa5d.csv
ad81de1ffa5d,2011s,wb18_2011s_base_s3,ccap_2021_hires_lc.tif,edmonds_canopy_prob_2011s_wb18_2011s_base_s3.tif,forest_wetland,sample-test,matched_p75,39,0.153543,0.7273,0.7504,0.7386,4695653,1760921,1561979,8018553,0.806,254,207,qc_indep_sweep_2011s_wb18_2011s_base_s3_ccap_2021_hires_lc_sample-test.csv,phase4/qc/curves/ad81de1ffa5d.csv
ad81de1ffa5d,2011s,wb18_2011s_base_s3,ccap_2021_hires_lc.tif,edmonds_canopy_prob_2011s_wb18_2011s_base_s3.tif,forest_wetland,sample-test,matched_p90,190,0.748031,0.2976,0.902,0.4476,1921542,4535032,208789,6665363,0.806,254,56,qc_indep_sweep_2011s_wb18_2011s_base_s3_ccap_2021_hires_lc_sample-test.csv,phase4/qc/curves/ad81de1ffa5d.csv
7231c4e821d1,2011s,wb18_2011s_base_s3,ccap_2021_hires_lc.tif,edmonds_canopy_prob_2011s_wb18_2011s_base_s3.tif,forest_wetland_scrub,,scored_live,,0.4206,0.5884,0.8243,0.6867,3978520,2783258,847911,7609689,,,,qc_indep_report.csv,
9fbb5a274cbd,2011s,wb18_2011s_base_s3,ccap_2021_hires_lc.tif,edmonds_canopy_prob_2011s_wb18_2011s_base_s3.tif,forest_only,,scored_live,,0.4206,0.6021,0.7915,0.6839,3820354,2524275,1006077,7350706,,,,qc_indep_report.csv,
b858cd94b676,2011s,wb18_2011s_base_s3,ccap_2021_hires_lc.tif,edmonds_canopy_prob_2011s_wb18_2011s_base_s3.tif,forest_wetland,,scored_live,,0.4206,0.6067,0.8116,0.6943,3916931,2539643,909500,7366074,,,,qc_indep_report.csv,
855a73d56546,2011s,wb18_2011s_cor05,ccap_2021_hires_lc.tif,edmonds_canopy_prob_2011s_wb18_2011s_cor05.tif,forest_wetland,sample-test,best_f1,35,0.137795,0.7998,0.7022,0.7478,5163942,1292632,2190431,8647005,0.8034,254,244,qc_indep_sweep_2011s_wb18_2011s_cor05_ccap_2021_hires_lc_sample-test.csv,phase4/qc/curves/855a73d56546.csv
855a73d56546,2011s,wb18_2011s_cor05,ccap_2021_hires_lc.tif,edmonds_canopy_prob_2011s_wb18_2011s_cor05.tif,forest_wetland,sample-test,matched_p50,9,0.035433,0.9527,0.5135,0.6673,6151308,305266,5828388,12284962,0.8034,254,236,qc_indep_sweep_2011s_wb18_2011s_cor05_ccap_2021_hires_lc_sample-test.csv,phase4/qc/curves/855a73d56546.csv
855a73d56546,2011s,wb18_2011s_cor05,ccap_2021_hires_lc.tif,edmonds_canopy_prob_2011s_wb18_2011s_cor05.tif,forest_wetland,sample-test,matched_p75,60,0.23622,0.7268,0.7511,0.7388,4692780,1763794,1555083,8011657,0.8034,254,185,qc_indep_sweep_2011s_wb18_2011s_cor05_ccap_2021_hires_lc_sample-test.csv,phase4/qc/curves/855a73d56546.csv
855a73d56546,2011s,wb18_2011s_cor05,ccap_2021_hires_lc.tif,edmonds_canopy_prob_2011s_wb18_2011s_cor05.tif,forest_wetland,sample-test,matched_p90,196,0.771653,0.2678,0.9007,0.4129,1729218,4727356,190593,6647167,0.8034,254,49,qc_indep_sweep_2011s_wb18_2011s_cor05_ccap_2021_hires_lc_sample-test.csv,phase4/qc/curves/855a73d56546.csv
316c33a0aff0,2011s,wb18_2011s_cor05,ccap_2021_hires_lc.tif,edmonds_canopy_prob_2011s_wb18_2011s_cor05.tif,forest_wetland_scrub,,scored_live,,0.4206,0.633,0.8055,0.7089,4280522,2481256,1033784,7795562,,,,qc_indep_report.csv,
b12c42e66416,2011s,wb18_2011s_cor05,ccap_2021_hires_lc.tif,edmonds_canopy_prob_2011s_wb18_2011s_cor05.tif,forest_wetland,,scored_live,,0.4206,0.6513,0.7913,0.7145,4205378,2251196,1108928,7565502,,,,qc_indep_report.csv,
f766e44f53ce,2011s,wb18_2011s_cor05,ccap_2021_hires_lc.tif,edmonds_canopy_prob_2011s_wb18_2011s_cor05.tif,forest_only,,scored_live,,0.4206,0.6469,0.7723,0.7041,4104153,2240476,1210153,7554782,,,,qc_indep_report.csv,
70186a9885cb,2011s,wb18_2011s_in16,ccap_2021_hires_lc.tif,edmonds_canopy_prob_2011s_wb18_2011s_in16.tif,forest_wetland,sample-test,best_f1,22,0.086614,0.795,0.721,0.7562,5132894,1323680,1986074,8442648,0.8321,254,250,qc_indep_sweep_2011s_wb18_2011s_in16_ccap_2021_hires_lc_sample-test.csv,phase4/qc/curves/70186a9885cb.csv
b905174cdc2f,2011s,wb18_2011s_in16,ccap_2016_hires_lc.tif,edmonds_canopy_prob_2011s_wb18_2011s_in16.tif,forest_wetland,sample-test,best_f1,22,0.086614,0.7971,0.7639,0.7802,5438474,1383924,1680494,8502892,0.8646,254,250,qc_indep_sweep_2011s_wb18_2011s_in16_ccap_2016_hires_lc_sample-test.csv,phase4/qc/curves/b905174cdc2f.csv
70186a9885cb,2011s,wb18_2011s_in16,ccap_2021_hires_lc.tif,edmonds_canopy_prob_2011s_wb18_2011s_in16.tif,forest_wetland,sample-test,matched_p50,5,0.019685,0.9505,0.5274,0.6784,6136741,319833,5498750,11955324,0.8321,254,246,qc_indep_sweep_2011s_wb18_2011s_in16_ccap_2021_hires_lc_sample-test.csv,phase4/qc/curves/70186a9885cb.csv
b905174cdc2f,2011s,wb18_2011s_in16,ccap_2016_hires_lc.tif,edmonds_canopy_prob_2011s_wb18_2011s_in16.tif,forest_wetland,sample-test,matched_p50,4,0.015748,0.9628,0.5247,0.6792,6568679,253719,5950876,12773274,0.8646,254,247,qc_indep_sweep_2011s_wb18_2011s_in16_ccap_2016_hires_lc_sample-test.csv,phase4/qc/curves/b905174cdc2f.csv
70186a9885cb,2011s,wb18_2011s_in16,ccap_2021_hires_lc.tif,edmonds_canopy_prob_2011s_wb18_2011s_in16.tif,forest_wetland,sample-test,matched_p75,30,0.11811,0.7563,0.7514,0.7538,4882861,1573713,1615549,8072123,0.8321,254,221,qc_indep_sweep_2011s_wb18_2011s_in16_ccap_2021_hires_lc_sample-test.csv,phase4/qc/curves/70186a9885cb.csv
b905174cdc2f,2011s,wb18_2011s_in16,ccap_2016_hires_lc.tif,edmonds_canopy_prob_2011s_wb18_2011s_in16.tif,forest_wetland,sample-test,matched_p75,20,0.07874,0.8093,0.7524,0.7798,5521352,1301046,1817129,8639527,0.8646,254,231,qc_indep_sweep_2011s_wb18_2011s_in16_ccap_2016_hires_lc_sample-test.csv,phase4/qc/curves/b905174cdc2f.csv
70186a9885cb,2011s,wb18_2011s_in16,ccap_2021_hires_lc.tif,edmonds_canopy_prob_2011s_wb18_2011s_in16.tif,forest_wetland,sample-test,matched_p90,195,0.767716,0.4408,0.901,0.592,2846349,3610225,312755,6769329,0.8321,254,56,qc_indep_sweep_2011s_wb18_2011s_in16_ccap_2021_hires_lc_sample-test.csv,phase4/qc/curves/70186a9885cb.csv
b905174cdc2f,2011s,wb18_2011s_in16,ccap_2016_hires_lc.tif,edmonds_canopy_prob_2011s_wb18_2011s_in16.tif,forest_wetland,sample-test,matched_p90,146,0.574803,0.5743,0.9004,0.7013,3918246,2904152,433577,7255975,0.8646,254,105,qc_indep_sweep_2011s_wb18_2011s_in16_ccap_2016_hires_lc_sample-test.csv,phase4/qc/curves/b905174cdc2f.csv
1dafa250881f,2011s,wb18_2011s_in16,ccap_2016_hires_lc.tif,edmonds_canopy_prob_2011s_wb18_2011s_in16.tif,forest_wetland,,scored_live,,0.4206,0.6213,0.8803,0.7285,4238458,2583940,576311,7398709,,,,qc_indep_report.csv,
9d583d6b8547,2011s,wb18_2011s_in16,ccap_2016_hires_lc.tif,edmonds_canopy_prob_2011s_wb18_2011s_in16.tif,forest_wetland_scrub,,scored_live,,0.4206,0.5716,0.8938,0.6973,4303253,3225351,511516,8040120,,,,qc_indep_report.csv,
d8c2a347f0ab,2011s,wb18_2011s_in16,ccap_2021_hires_lc.tif,edmonds_canopy_prob_2011s_wb18_2011s_in16.tif,forest_wetland,,scored_live,,0.4206,0.6211,0.8329,0.7116,4010198,2446376,804571,7261145,,,,qc_indep_report.csv,
dfd85f1917b1,2011s,wb18_2011s_in16,ccap_2016_hires_lc.tif,edmonds_canopy_prob_2011s_wb18_2011s_in16.tif,forest_only,,scored_live,,0.4206,0.6174,0.8624,0.7196,4152293,2572855,662476,7387624,,,,qc_indep_report.csv,
e0f628fd7620,2011s,wb18_2011s_in16,ccap_2021_hires_lc.tif,edmonds_canopy_prob_2011s_wb18_2011s_in16.tif,forest_wetland_scrub,,scored_live,,0.4206,0.6002,0.8429,0.7011,4058201,2703577,756568,7518346,,,,qc_indep_report.csv,
e655edc3066f,2011s,wb18_2011s_in16,ccap_2021_hires_lc.tif,edmonds_canopy_prob_2011s_wb18_2011s_in16.tif,forest_only,,scored_live,,0.4206,0.6166,0.8125,0.7011,3911945,2432684,902824,7247453,,,,qc_indep_report.csv,
12a0e0825b4b,2011s,wb50_2011s_base,ccap_2021_hires_lc.tif,edmonds_canopy_prob_2011s_wb50_2011s_base.tif,forest_wetland,sample-test,best_f1,25,0.098425,0.7952,0.7255,0.7588,5134196,1322378,1942390,8398964,0.8162,254,243,qc_indep_sweep_2011s_wb50_2011s_base_ccap_2021_hires_lc_sample-test.csv,phase4/qc/curves/12a0e0825b4b.csv
12a0e0825b4b,2011s,wb50_2011s_base,ccap_2021_hires_lc.tif,edmonds_canopy_prob_2011s_wb50_2011s_base.tif,forest_wetland,sample-test,matched_p50,5,0.019685,0.9603,0.5048,0.6618,6200034,256540,6081335,12537909,0.8162,254,239,qc_indep_sweep_2011s_wb50_2011s_base_ccap_2021_hires_lc_sample-test.csv,phase4/qc/curves/12a0e0825b4b.csv
12a0e0825b4b,2011s,wb50_2011s_base,ccap_2021_hires_lc.tif,edmonds_canopy_prob_2011s_wb50_2011s_base.tif,forest_wetland,sample-test,matched_p75,34,0.133858,0.762,0.7518,0.7569,4920064,1536510,1624570,8081144,0.8162,254,210,qc_indep_sweep_2011s_wb50_2011s_base_ccap_2021_hires_lc_sample-test.csv,phase4/qc/curves/12a0e0825b4b.csv
12a0e0825b4b,2011s,wb50_2011s_base,ccap_2021_hires_lc.tif,edmonds_canopy_prob_2011s_wb50_2011s_base.tif,forest_wetland,sample-test,matched_p90,185,0.728346,0.3573,0.9,0.5115,2306699,4149875,256178,6712752,0.8162,254,59,qc_indep_sweep_2011s_wb50_2011s_base_ccap_2021_hires_lc_sample-test.csv,phase4/qc/curves/12a0e0825b4b.csv
0094fca6c8d0,2011s,wb50_2011s_base,ccap_2021_hires_lc.tif,edmonds_canopy_prob_2011s_wb50_2011s_base.tif,forest_wetland_scrub,,scored_live,,0.3794,0.633,0.8277,0.7174,4280500,2481278,890799,7652577,,,,qc_indep_report.csv,
4f4498ef2825,2011s,wb50_2011s_base,ccap_2021_hires_lc.tif,edmonds_canopy_prob_2011s_wb50_2011s_base.tif,forest_wetland,,scored_live,,0.3794,0.6529,0.8152,0.7251,4215781,2240793,955518,7412092,,,,qc_indep_report.csv,
d39b86ec5375,2011s,wb50_2011s_base,ccap_2021_hires_lc.tif,edmonds_canopy_prob_2011s_wb50_2011s_base.tif,forest_only,,scored_live,,0.3794,0.6487,0.7959,0.7148,4115903,2228726,1055396,7400025,,,,qc_indep_report.csv,
26320849ed17,2011s,wb50_2011s_base_s2,ccap_2021_hires_lc.tif,edmonds_canopy_prob_2011s_wb50_2011s_base_s2.tif,forest_wetland,sample-test,best_f1,31,0.122047,0.7906,0.7208,0.7541,5104477,1352097,1977174,8433748,0.8165,254,243,qc_indep_sweep_2011s_wb50_2011s_base_s2_ccap_2021_hires_lc_sample-test.csv,phase4/qc/curves/26320849ed17.csv
26320849ed17,2011s,wb50_2011s_base_s2,ccap_2021_hires_lc.tif,edmonds_canopy_prob_2011s_wb50_2011s_base_s2.tif,forest_wetland,sample-test,matched_p50,6,0.023622,0.9581,0.5057,0.6619,6185853,270721,6047378,12503952,0.8165,254,238,qc_indep_sweep_2011s_wb50_2011s_base_s2_ccap_2021_hires_lc_sample-test.csv,phase4/qc/curves/26320849ed17.csv
26320849ed17,2011s,wb50_2011s_base_s2,ccap_2021_hires_lc.tif,edmonds_canopy_prob_2011s_wb50_2011s_base_s2.tif,forest_wetland,sample-test,matched_p75,45,0.177165,0.7506,0.7515,0.7511,4846229,1610345,1602400,8058974,0.8165,254,199,qc_indep_sweep_2011s_wb50_2011s_base_s2_ccap_2021_hires_lc_sample-test.csv,phase4/qc/curves/26320849ed17.csv
26320849ed17,2011s,wb50_2011s_base_s2,ccap_2021_hires_lc.tif,edmonds_canopy_prob_2011s_wb50_2011s_base_s2.tif,forest_wetland,sample-test,matched_p90,183,0.720472,0.3789,0.9004,0.5334,2446658,4009916,270544,6727118,0.8165,254,61,qc_indep_sweep_2011s_wb50_2011s_base_s2_ccap_2021_hires_lc_sample-test.csv,phase4/qc/curves/26320849ed17.csv
6b141a20d5e8,2011s,wb50_2011s_base_s2,ccap_2021_hires_lc.tif,edmonds_canopy_prob_2011s_wb50_2011s_base_s2.tif,forest_wetland,,scored_live,,0.3794,0.6607,0.8069,0.7265,4265851,2190723,1020543,7477117,,,,qc_indep_report.csv,
76d226c06683,2011s,wb50_2011s_base_s2,ccap_2021_hires_lc.tif,edmonds_canopy_prob_2011s_wb50_2011s_base_s2.tif,forest_only,,scored_live,,0.3794,0.6566,0.788,0.7163,4165619,2179010,1120775,7465404,,,,qc_indep_report.csv,
d455aae24bdd,2011s,wb50_2011s_base_s2,ccap_2021_hires_lc.tif,edmonds_canopy_prob_2011s_wb50_2011s_base_s2.tif,forest_wetland_scrub,,scored_live,,0.3794,0.6413,0.8203,0.7198,4336651,2425127,949743,7711521,,,,qc_indep_report.csv,
a3a306f30682,2011s,wb50_2011s_base_s3,ccap_2021_hires_lc.tif,edmonds_canopy_prob_2011s_wb50_2011s_base_s3.tif,forest_wetland,sample-test,best_f1,30,0.11811,0.7883,0.7231,0.7543,5089702,1366872,1949338,8405912,0.8156,254,241,qc_indep_sweep_2011s_wb50_2011s_base_s3_ccap_2021_hires_lc_sample-test.csv,phase4/qc/curves/a3a306f30682.csv
a3a306f30682,2011s,wb50_2011s_base_s3,ccap_2021_hires_lc.tif,edmonds_canopy_prob_2011s_wb50_2011s_base_s3.tif,forest_wetland,sample-test,matched_p50,6,0.023622,0.9594,0.5036,0.6605,6194284,262290,6104738,12561312,0.8156,254,236,qc_indep_sweep_2011s_wb50_2011s_base_s3_ccap_2021_hires_lc_sample-test.csv,phase4/qc/curves/a3a306f30682.csv
a3a306f30682,2011s,wb50_2011s_base_s3,ccap_2021_hires_lc.tif,edmonds_canopy_prob_2011s_wb50_2011s_base_s3.tif,forest_wetland,sample-test,matched_p75,41,0.161417,0.753,0.7514,0.7522,4861868,1594706,1608585,8065159,0.8156,254,201,qc_indep_sweep_2011s_wb50_2011s_base_s3_ccap_2021_hires_lc_sample-test.csv,phase4/qc/curves/a3a306f30682.csv
a3a306f30682,2011s,wb50_2011s_base_s3,ccap_2021_hires_lc.tif,edmonds_canopy_prob_2011s_wb50_2011s_base_s3.tif,forest_wetland,sample-test,matched_p90,187,0.73622,0.3479,0.9016,0.5021,2246413,4210161,245112,6701686,0.8156,254,55,qc_indep_sweep_2011s_wb50_2011s_base_s3_ccap_2021_hires_lc_sample-test.csv,phase4/qc/curves/a3a306f30682.csv
41b173f5da91,2011s,wb50_2011s_base_s3,ccap_2021_hires_lc.tif,edmonds_canopy_prob_2011s_wb50_2011s_base_s3.tif,forest_only,,scored_live,,0.3794,0.6602,0.7875,0.7183,4188874,2155755,1130019,7474648,,,,qc_indep_report.csv,
d00cc98bdc65,2011s,wb50_2011s_base_s3,ccap_2021_hires_lc.tif,edmonds_canopy_prob_2011s_wb50_2011s_base_s3.tif,forest_wetland,,scored_live,,0.3794,0.6641,0.8061,0.7282,4287813,2168761,1031080,7487654,,,,qc_indep_report.csv,
f4a6ef6fd616,2011s,wb50_2011s_base_s3,ccap_2021_hires_lc.tif,edmonds_canopy_prob_2011s_wb50_2011s_base_s3.tif,forest_wetland_scrub,,scored_live,,0.3794,0.6456,0.8207,0.7227,4365274,2396504,953619,7715397,,,,qc_indep_report.csv,
dc039f2f4a71,2011s,wb50_2011s_cor05,ccap_2021_hires_lc.tif,edmonds_canopy_prob_2011s_wb50_2011s_cor05.tif,forest_wetland,sample-test,best_f1,31,0.122047,0.7995,0.7154,0.7551,5161854,1294720,2053948,8510522,0.8125,254,245,qc_indep_sweep_2011s_wb50_2011s_cor05_ccap_2021_hires_lc_sample-test.csv,phase4/qc/curves/dc039f2f4a71.csv
dc039f2f4a71,2011s,wb50_2011s_cor05,ccap_2021_hires_lc.tif,edmonds_canopy_prob_2011s_wb50_2011s_cor05.tif,forest_wetland,sample-test,matched_p50,8,0.031496,0.9641,0.5004,0.6589,6225073,231501,6214076,12670650,0.8125,254,238,qc_indep_sweep_2011s_wb50_2011s_cor05_ccap_2021_hires_lc_sample-test.csv,phase4/qc/curves/dc039f2f4a71.csv
dc039f2f4a71,2011s,wb50_2011s_cor05,ccap_2021_hires_lc.tif,edmonds_canopy_prob_2011s_wb50_2011s_cor05.tif,forest_wetland,sample-test,matched_p75,46,0.181102,0.7518,0.7511,0.7515,4854126,1602448,1608552,8065126,0.8125,254,200,qc_indep_sweep_2011s_wb50_2011s_cor05_ccap_2021_hires_lc_sample-test.csv,phase4/qc/curves/dc039f2f4a71.csv
dc039f2f4a71,2011s,wb50_2011s_cor05,ccap_2021_hires_lc.tif,edmonds_canopy_prob_2011s_wb50_2011s_cor05.tif,forest_wetland,sample-test,matched_p90,196,0.771653,0.3297,0.9008,0.4827,2128805,4327769,234409,6690983,0.8125,254,50,qc_indep_sweep_2011s_wb50_2011s_cor05_ccap_2021_hires_lc_sample-test.csv,phase4/qc/curves/dc039f2f4a71.csv
d55aa1946d21,2011s,wb50_2011s_cor05,ccap_2021_hires_lc.tif,edmonds_canopy_prob_2011s_wb50_2011s_cor05.tif,forest_only,,scored_live,,0.3794,0.6687,0.779,0.7196,4242797,2101832,1203972,7548601,,,,qc_indep_report.csv,
d6688d9a9dbd,2011s,wb50_2011s_cor05,ccap_2021_hires_lc.tif,edmonds_canopy_prob_2011s_wb50_2011s_cor05.tif,forest_wetland,,scored_live,,0.3794,0.6729,0.7976,0.73,4344311,2112263,1102458,7559032,,,,qc_indep_report.csv,
f31978d43193,2011s,wb50_2011s_cor05,ccap_2021_hires_lc.tif,edmonds_canopy_prob_2011s_wb50_2011s_cor05.tif,forest_wetland_scrub,,scored_live,,0.3794,0.6538,0.8117,0.7242,4420965,2340813,1025804,7787582,,,,qc_indep_report.csv,
1b9d32db4ce6,2012s,,ccap_2016_hires_lc_snohfull.tif,edmonds_canopy_prob_2012s_sectors_v1.tif,forest_wetland_scrub,,scored_live,,0.5,0.4398,0.7131,0.5441,30901527,39356003,12429968,82687498,,,,qc_indep_report.csv,
d527e151da90,2012s,,ccap_2016_hires_lc_snohfull.tif,edmonds_canopy_prob_2012s_sectors_v1.tif,forest_wetland,,scored_live,,0.5,0.4725,0.6985,0.5637,30268506,33792385,13062989,77123880,,,,qc_indep_report.csv,
e6592b3f74e3,2012s,,ccap_2016_hires_lc_snohfull.tif,edmonds_canopy_prob_2012s_sectors_v1.tif,forest_only,,scored_live,,0.5,0.4697,0.6885,0.5584,29832689,33683453,13498806,77014948,,,,qc_indep_report.csv,
1812628a0a43,2013,,ccap_2016_hires_lc.tif,edmonds_canopy_prob_2013_xsensor_rgb.tif,forest_wetland_scrub,,scored_live,,0.5209,0.6739,0.8793,0.763,863364639,417800487,118541937,1399707063,,,,qc_indep_report.csv,
2cfe8084167f,2013,,ccap_2016_hires_lc_snohfull.tif,edmonds_canopy_prob_2013_citywide_rgb.tif,forest_wetland,,scored_live,,0.5026,0.7399,0.8681,0.7989,1398861283,491713463,212505034,2103079780,,,,qc_indep_report.csv,
868b731e0ced,2013,,ccap_2016_hires_lc_snohfull.tif,edmonds_canopy_prob_2013_citywide_rgb.tif,forest_wetland_scrub,,scored_live,,0.5026,0.7061,0.8884,0.7868,1431572170,595872013,179794147,2207238330,,,,qc_indep_report.csv,
ca13edf71d1a,2013,,ccap_2016_hires_lc_snohfull.tif,edmonds_canopy_prob_2013_citywide_rgb.tif,forest_only,,scored_live,,0.5026,0.738,0.8573,0.7932,1381466989,490443941,229899328,2101810258,,,,qc_indep_report.csv,
de2eafaf4ef7,2013,,ccap_2016_hires_lc.tif,edmonds_canopy_prob_2013_xsensor_rgb.tif,forest_wetland,,scored_live,,0.5209,0.7094,0.8551,0.7755,839615974,343974223,142290602,1325880799,,,,qc_indep_report.csv,
fd3150fd2b10,2013,,ccap_2016_hires_lc.tif,edmonds_canopy_prob_2013_xsensor_rgb.tif,forest_only,,scored_live,,0.5209,0.7072,0.8441,0.7696,828867901,343150894,153038675,1325057470,,,,qc_indep_report.csv,
283a9bdc6653,2013,fullext_sectors_v1,ccap_2016_hires_lc_snohfull.tif,edmonds_canopy_prob_2013_fullext_sectors_v1.tif,forest_only,,scored_live,,0.5,0.6283,0.8788,0.7327,157234291,93018688,21682878,271935857,,,,qc_indep_report.csv,
5712aec35cc3,2013,fullext_sectors_v1,ccap_2016_hires_lc_snohfull.tif,edmonds_canopy_prob_2013_fullext_sectors_v1.tif,forest_wetland,,scored_live,,0.5,0.6311,0.8902,0.7386,159272984,93095415,19644185,272012584,,,,qc_indep_report.csv,
9f6f090c6dce,2013,fullext_sectors_v1,ccap_2016_hires_lc_snohfull.tif,edmonds_canopy_prob_2013_fullext_sectors_v1.tif,forest_wetland_scrub,,scored_live,,0.5,0.5863,0.9072,0.7123,162305894,114535532,16611275,293452701,,,,qc_indep_report.csv,
4f31ed3fa74a,2013,trend8_2013,ccap_2021_hires_lc.tif,edmonds_canopy_prob_2013_trend8_2013.tif,forest_wetland,,best_f1,37,0.145669,0.7885,0.7403,0.7637,872221993,233901778,305987874,1412111645,0.8116,254,235,qc_indep_sweep_2013_trend8_2013_ccap_2021_hires_lc.csv,phase4/qc/curves/4f31ed3fa74a.csv
7cb86320383b,2013,trend8_2013,ccap_2016_hires_lc.tif,edmonds_canopy_prob_2013_trend8_2013.tif,forest_wetland,,best_f1,36,0.141732,0.8017,0.7895,0.7955,948891922,234698275,253068953,1436659150,0.8588,254,235,qc_indep_sweep_2013_trend8_2013_ccap_2016_hires_lc.csv,phase4/qc/curves/7cb86320383b.csv
4f31ed3fa74a,2013,trend8_2013,ccap_2021_hires_lc.tif,edmonds_canopy_prob_2013_trend8_2013.tif,forest_wetland,,matched_p50,21,0.082677,0.9333,0.5133,0.6623,1032398927,73724844,978878861,2085002632,0.8116,254,215,qc_indep_sweep_2013_trend8_2013_ccap_2021_hires_lc.csv,phase4/qc/curves/4f31ed3fa74a.csv
7cb86320383b,2013,trend8_2013,ccap_2016_hires_lc.tif,edmonds_canopy_prob_2013_trend8_2013.tif,forest_wetland,,matched_p50,19,0.074803,0.9501,0.5101,0.6638,1124579616,59010581,1080157411,2263747608,0.8588,254,217,qc_indep_sweep_2013_trend8_2013_ccap_2016_hires_lc.csv,phase4/qc/curves/7cb86320383b.csv
4f31ed3fa74a,2013,trend8_2013,ccap_2021_hires_lc.tif,edmonds_canopy_prob_2013_trend8_2013.tif,forest_wetland,,matched_p75,39,0.153543,0.7748,0.7512,0.7628,856984997,249138774,283890884,1390014655,0.8116,254,197,qc_indep_sweep_2013_trend8_2013_ccap_2021_hires_lc.csv,phase4/qc/curves/4f31ed3fa74a.csv
7cb86320383b,2013,trend8_2013,ccap_2016_hires_lc.tif,edmonds_canopy_prob_2013_trend8_2013.tif,forest_wetland,,matched_p75,33,0.129921,0.8294,0.7577,0.7919,981692498,201897699,313972381,1497562578,0.8588,254,203,qc_indep_sweep_2013_trend8_2013_ccap_2016_hires_lc.csv,phase4/qc/curves/7cb86320383b.csv
4f31ed3fa74a,2013,trend8_2013,ccap_2021_hires_lc.tif,edmonds_canopy_prob_2013_trend8_2013.tif,forest_wetland,,matched_p90,164,0.645669,0.3495,0.9005,0.5035,386547498,719576273,42696941,1148820712,0.8116,254,72,qc_indep_sweep_2013_trend8_2013_ccap_2021_hires_lc.csv,phase4/qc/curves/4f31ed3fa74a.csv
7cb86320383b,2013,trend8_2013,ccap_2016_hires_lc.tif,edmonds_canopy_prob_2013_trend8_2013.tif,forest_wetland,,matched_p90,142,0.559055,0.5577,0.9023,0.6893,660045638,523544559,71490226,1255080423,0.8588,254,94,qc_indep_sweep_2013_trend8_2013_ccap_2016_hires_lc.csv,phase4/qc/curves/7cb86320383b.csv
2cdfbdb769b2,2013,trend8_2013,ccap_2021_hires_lc.tif,edmonds_canopy_prob_2013_trend8_2013.tif,forest_wetland_scrub,,scored_live,,0.5,0.6275,0.8355,0.7167,722650080,429048072,142328226,1294026378,,,,qc_indep_report.csv,
4f31ed3fa74a,2013,trend8_2013,ccap_2021_hires_lc.tif,edmonds_canopy_prob_2013_trend8_2013.tif,forest_wetland,,scored_live,,0.5,0.6404,0.8189,0.7187,708306704,397817067,156671602,1262795373,,,,qc_indep_report.csv,
634a766dd1f9,2013,trend8_2013,ccap_2016_hires_lc.tif,edmonds_canopy_prob_2013_trend8_2013.tif,forest_only,,scored_live,,0.447,0.6579,0.8592,0.7452,771073725,400945070,126331538,1298350333,,,,qc_indep_report.csv,
7cb86320383b,2013,trend8_2013,ccap_2016_hires_lc.tif,edmonds_canopy_prob_2013_trend8_2013.tif,forest_wetland,,scored_live,,0.447,0.6605,0.8711,0.7513,781722211,401867986,115683052,1299273249,,,,qc_indep_report.csv,
86f9484f4ebf,2013,trend8_2013,ccap_2016_hires_lc.tif,edmonds_canopy_prob_2013_trend8_2013.tif,forest_wetland_scrub,,scored_live,,0.447,0.6236,0.8903,0.7335,798928804,482236322,98476459,1379641585,,,,qc_indep_report.csv,
f717618a2fad,2013,trend8_2013,ccap_2021_hires_lc.tif,edmonds_canopy_prob_2013_trend8_2013.tif,forest_only,,scored_live,,0.5,0.6372,0.8043,0.7111,695719449,396183150,169258857,1261161456,,,,qc_indep_report.csv,
0345d4ef20c3,2015,,ccap_2016_hires_lc_snohfull.tif,edmonds_canopy_prob_2015_citywide_rgb.tif,forest_wetland,,scored_live,,0.5011,0.7401,0.8823,0.805,1399149644,491422381,186729102,2077301127,,,,qc_indep_report.csv,
5962d30a24e2,2015,,ccap_2016_hires_lc.tif,edmonds_canopy_prob_2015_xsensor_rgb.tif,forest_wetland,,scored_live,,0.576,0.6222,0.8835,0.7302,736434374,447155840,97106489,1280696703,,,,qc_indep_report.csv,
7aed88f6aa2f,2015,,ccap_2016_hires_lc.tif,edmonds_canopy_prob_2015_xsensor_rgb.tif,forest_wetland_scrub,,scored_live,,0.576,0.5872,0.9025,0.7115,752305928,528858914,81234935,1362399777,,,,qc_indep_report.csv,
7fb16ee20f79,2015,,ccap_2016_hires_lc.tif,edmonds_canopy_prob_2015_xsensor_rgb.tif,forest_only,,scored_live,,0.576,0.6192,0.8706,0.7237,725669555,446349288,107871308,1279890151,,,,qc_indep_report.csv,
80304bd60670,2015,,ccap_2016_hires_lc_snohfull.tif,edmonds_canopy_prob_2015_citywide_rgb.tif,forest_wetland_scrub,,scored_live,,0.5011,0.7064,0.903,0.7927,1432088624,595352455,153790122,2181231201,,,,qc_indep_report.csv,
dd640be06bc8,2015,,ccap_2016_hires_lc_snohfull.tif,edmonds_canopy_prob_2015_citywide_rgb.tif,forest_only,,scored_live,,0.5011,0.7379,0.871,0.7989,1381257476,490650778,204621270,2076529524,,,,qc_indep_report.csv,
f733fc9f1eac,2015,trend8_2015,ccap_2021_hires_lc.tif,edmonds_canopy_prob_2015_trend8_2015.tif,forest_wetland,,best_f1,34,0.133858,0.7685,0.7098,0.738,850083922,256040203,347519445,1453643570,0.7746,254,218,qc_indep_sweep_2015_trend8_2015_ccap_2021_hires_lc.csv,phase4/qc/curves/f733fc9f1eac.csv
fd32756701f0,2015,trend8_2015,ccap_2016_hires_lc.tif,edmonds_canopy_prob_2015_trend8_2015.tif,forest_wetland,,best_f1,33,0.129921,0.7894,0.7547,0.7717,934374294,249215920,303630746,1487220960,0.8229,254,218,qc_indep_sweep_2015_trend8_2015_ccap_2016_hires_lc.csv,phase4/qc/curves/fd32756701f0.csv
f733fc9f1eac,2015,trend8_2015,ccap_2021_hires_lc.tif,edmonds_canopy_prob_2015_trend8_2015.tif,forest_wetland,,matched_p50,25,0.098425,0.9061,0.5118,0.6542,1002295168,103828957,955919360,2062043485,0.7746,254,194,qc_indep_sweep_2015_trend8_2015_ccap_2021_hires_lc.csv,phase4/qc/curves/f733fc9f1eac.csv
fd32756701f0,2015,trend8_2015,ccap_2016_hires_lc.tif,edmonds_canopy_prob_2015_trend8_2015.tif,forest_wetland,,matched_p50,24,0.094488,0.9283,0.517,0.6641,1098738342,84851872,1026544594,2210134808,0.8229,254,195,qc_indep_sweep_2015_trend8_2015_ccap_2016_hires_lc.csv,phase4/qc/curves/fd32756701f0.csv
f733fc9f1eac,2015,trend8_2015,ccap_2021_hires_lc.tif,edmonds_canopy_prob_2015_trend8_2015.tif,forest_wetland,,matched_p75,43,0.169291,0.71,0.751,0.7299,785395344,320728781,260409633,1366533758,0.7746,254,176,qc_indep_sweep_2015_trend8_2015_ccap_2021_hires_lc.csv,phase4/qc/curves/f733fc9f1eac.csv
fd32756701f0,2015,trend8_2015,ccap_2016_hires_lc.tif,edmonds_canopy_prob_2015_trend8_2015.tif,forest_wetland,,matched_p75,33,0.129921,0.7894,0.7547,0.7717,934374294,249215920,303630746,1487220960,0.8229,254,186,qc_indep_sweep_2015_trend8_2015_ccap_2016_hires_lc.csv,phase4/qc/curves/fd32756701f0.csv
f733fc9f1eac,2015,trend8_2015,ccap_2021_hires_lc.tif,edmonds_canopy_prob_2015_trend8_2015.tif,forest_wetland,,matched_p90,176,0.692913,0.1242,0.9019,0.2183,137353260,968770865,14942497,1121066622,0.7746,254,43,qc_indep_sweep_2015_trend8_2015_ccap_2021_hires_lc.csv,phase4/qc/curves/f733fc9f1eac.csv
fd32756701f0,2015,trend8_2015,ccap_2016_hires_lc.tif,edmonds_canopy_prob_2015_trend8_2015.tif,forest_wetland,,matched_p90,140,0.551181,0.3664,0.901,0.5209,433632843,749957371,47649860,1231240074,0.8229,254,79,qc_indep_sweep_2015_trend8_2015_ccap_2016_hires_lc.csv,phase4/qc/curves/fd32756701f0.csv
06f99f4b8996,2015,trend8_2015,ccap_2016_hires_lc.tif,edmonds_canopy_prob_2015_trend8_2015.tif,forest_only,,scored_live,,0.5064,0.5347,0.8579,0.6588,626736810,545282033,103850162,1275869005,,,,qc_indep_report.csv,
a40a19507a95,2015,trend8_2015,ccap_2021_hires_lc.tif,edmonds_canopy_prob_2015_trend8_2015.tif,forest_only,,scored_live,,0.5,0.573,0.7936,0.6655,625628812,466274184,162723363,1254626359,,,,qc_indep_report.csv,
ac5144225080,2015,trend8_2015,ccap_2021_hires_lc.tif,edmonds_canopy_prob_2015_trend8_2015.tif,forest_wetland_scrub,,scored_live,,0.5,0.5689,0.8311,0.6754,655162768,496535663,133189407,1284887838,,,,qc_indep_report.csv,
f243811f8882,2015,trend8_2015,ccap_2016_hires_lc.tif,edmonds_canopy_prob_2015_trend8_2015.tif,forest_wetland_scrub,,scored_live,,0.5064,0.5055,0.8865,0.6439,647685121,633479721,82901851,1364066693,,,,qc_indep_report.csv,
f733fc9f1eac,2015,trend8_2015,ccap_2021_hires_lc.tif,edmonds_canopy_prob_2015_trend8_2015.tif,forest_wetland,,scored_live,,0.5,0.5773,0.81,0.6741,638586268,467537857,149765907,1255890032,,,,qc_indep_report.csv,
fd32756701f0,2015,trend8_2015,ccap_2016_hires_lc.tif,edmonds_canopy_prob_2015_trend8_2015.tif,forest_wetland,,scored_live,,0.5064,0.5386,0.8725,0.666,637471897,546118317,93115075,1276705289,,,,qc_indep_report.csv,
07284f161a36,2016,,ccap_2016_hires_lc_snohfull.tif,edmonds_canopy_prob_2016_fullext_sectors_v1.tif,forest_only,,scored_live,,0.5223,0.6138,0.9013,0.7303,21385977,13456345,2341822,37184144,,,,qc_indep_report.csv,
26cb2c2540ed,2016,,ccap_2016_hires_lc_snohfull.tif,edmonds_canopy_prob_2016.tif,forest_wetland,,scored_live,,0.509,0.6636,0.8736,0.7543,264226504,133969966,38245599,436442069,,,,qc_indep_report.csv,
2c20dec6fb1a,2016,,ccap_2016_hires_lc_snohfull.tif,edmonds_canopy_prob_2016_fullext_sectors_v1.tif,forest_wetland,,scored_live,,0.5223,0.6163,0.9119,0.7355,21638506,13472247,2089293,37200046,,,,qc_indep_report.csv,
2d707a2f86ea,2016,,ccap_2016_hires_lc_snohfull.tif,edmonds_canopy_prob_2016_fullext_sectors_v1.tif,forest_wetland_scrub,,scored_live,,0.5223,0.5722,0.927,0.7076,21994851,16446949,1732948,40174748,,,,qc_indep_report.csv,
36db98530e75,2016,,ccap_2016_hires_lc.tif,edmonds_canopy_prob_2016_corrected.tif,forest_only,,scored_live,,0.509,0.8707,0.7212,0.7889,343126350,50935500,132662107,526723957,,,,qc_indep_report.csv,
72eb56294561,2016,,ccap_2016_hires_lc.tif,edmonds_canopy_prob_2016_corrected.tif,forest_wetland_scrub,,scored_live,,0.509,0.8579,0.7789,0.8165,370588282,61407483,105200175,537195940,,,,qc_indep_report.csv,
d90956009c4a,2016,,ccap_2016_hires_lc_snohfull.tif,edmonds_canopy_prob_2016.tif,forest_only,,scored_live,,0.509,0.6613,0.8615,0.7482,260592723,133469127,41879380,435941230,,,,qc_indep_report.csv,
ee2f357594ab,2016,,ndvi_ref_2016.tif,edmonds_canopy_prob_2016.tif,canopy_only,,scored_live,,0.4615,0.5937,0.9593,0.7335,302167379,206790325,12820443,521778147,,,,qc_indep_report.csv,
f48f52e31105,2016,,ccap_2016_hires_lc_snohfull.tif,edmonds_canopy_prob_2016.tif,forest_wetland_scrub,,scored_live,,0.509,0.63,0.8998,0.7411,272154065,159841700,30318038,462313803,,,,qc_indep_report.csv,
f7886781dd62,2016,,ccap_2016_hires_lc.tif,edmonds_canopy_prob_2016_corrected.tif,forest_wetland,,scored_live,,0.509,0.8718,0.7296,0.7944,347141702,51054768,128646755,526843225,,,,qc_indep_report.csv,
43a9d14a7653,2016,nir_m06,ccap_2016_hires_lc_snohfull.tif,edmonds_canopy_prob_2016_nir_m06.tif,forest_only,,scored_live,,0.5939,0.6382,0.8818,0.7405,22235556,12606766,2981239,37823561,,,,qc_indep_report.csv,
56af0ffc1ade,2016,nir_m06,ccap_2016_hires_lc_snohfull.tif,edmonds_canopy_prob_2016_nir_m06.tif,forest_wetland_scrub,,scored_live,,0.5939,0.6007,0.9157,0.7255,23090366,15351434,2126429,40568229,,,,qc_indep_report.csv,
7447764b6105,2016,nir_m06,ccap_2016_hires_lc.tif,edmonds_canopy_prob_2016_nir_m06.tif,forest_only,,scored_live,,0.5939,0.5813,0.861,0.694,13477238,9706394,2176657,25360289,,,,qc_indep_report.csv,
95c8beb52e93,2016,nir_m06,ccap_2016_hires_lc.tif,edmonds_canopy_prob_2016_nir_m06.tif,forest_wetland_scrub,,scored_live,,0.5939,0.5425,0.9029,0.6778,14133870,11918769,1520025,27572664,,,,qc_indep_report.csv,
98469086212f,2016,nir_m06,ccap_2016_hires_lc_snohfull.tif,edmonds_canopy_prob_2016_nir_m06.tif,forest_wetland,,scored_live,,0.5939,0.6407,0.8921,0.7458,22495021,12615732,2721774,37832527,,,,qc_indep_report.csv,
ce6f0cdac550,2016,nir_m06,ccap_2016_hires_lc.tif,edmonds_canopy_prob_2016_nir_m06.tif,forest_wetland,,scored_live,,0.5939,0.5857,0.8775,0.7025,13736703,9715360,1917192,25369255,,,,qc_indep_report.csv,
337d65392c53,2016,t1_2016_add05,ccap_2021_hires_lc.tif,edmonds_canopy_prob_2016_t1_2016_add05.tif,forest_wetland,sample-selection,best_f1,42,0.165354,0.8178,0.7025,0.7557,3075962,685367,1302909,5064238,0.7956,254,230,qc_indep_sweep_2016_t1_2016_add05_ccap_2021_hires_lc_sample-selection.csv,phase4/qc/curves/337d65392c53.csv
45303ceb6965,2016,t1_2016_add05,ccap_2021_hires_lc.tif,edmonds_canopy_prob_2016_t1_2016_add05.tif,forest_wetland,sample-test,best_f1,46,0.181102,0.7977,0.7155,0.7544,5150964,1306491,2047880,8505335,0.8319,254,232,qc_indep_sweep_2016_t1_2016_add05_ccap_2021_hires_lc_sample-test.csv,phase4/qc/curves/45303ceb6965.csv
337d65392c53,2016,t1_2016_add05,ccap_2021_hires_lc.tif,edmonds_canopy_prob_2016_t1_2016_add05.tif,forest_wetland,sample-selection,matched_p50,26,0.102362,0.9823,0.501,0.6636,3694746,66583,3679845,7441174,0.7956,254,205,qc_indep_sweep_2016_t1_2016_add05_ccap_2021_hires_lc_sample-selection.csv,phase4/qc/curves/337d65392c53.csv
45303ceb6965,2016,t1_2016_add05,ccap_2021_hires_lc.tif,edmonds_canopy_prob_2016_t1_2016_add05.tif,forest_wetland,sample-test,matched_p50,28,0.110236,0.9637,0.5072,0.6646,6223347,234108,6046120,12503575,0.8319,254,205,qc_indep_sweep_2016_t1_2016_add05_ccap_2021_hires_lc_sample-test.csv,phase4/qc/curves/45303ceb6965.csv
337d65392c53,2016,t1_2016_add05,ccap_2021_hires_lc.tif,edmonds_canopy_prob_2016_t1_2016_add05.tif,forest_wetland,sample-selection,matched_p75,66,0.259842,0.7446,0.7501,0.7474,2800656,960673,932903,4694232,0.7956,254,165,qc_indep_sweep_2016_t1_2016_add05_ccap_2021_hires_lc_sample-selection.csv,phase4/qc/curves/337d65392c53.csv
45303ceb6965,2016,t1_2016_add05,ccap_2021_hires_lc.tif,edmonds_canopy_prob_2016_t1_2016_add05.tif,forest_wetland,sample-test,matched_p75,70,0.27559,0.7505,0.7502,0.7503,4846524,1610931,1614081,8071536,0.8319,254,163,qc_indep_sweep_2016_t1_2016_add05_ccap_2021_hires_lc_sample-test.csv,phase4/qc/curves/45303ceb6965.csv
337d65392c53,2016,t1_2016_add05,ccap_2021_hires_lc.tif,edmonds_canopy_prob_2016_t1_2016_add05.tif,forest_wetland,sample-selection,matched_p90,208,0.818897,0.0093,0.9035,0.0184,34985,3726344,3735,3765064,0.7956,254,23,qc_indep_sweep_2016_t1_2016_add05_ccap_2021_hires_lc_sample-selection.csv,phase4/qc/curves/337d65392c53.csv
45303ceb6965,2016,t1_2016_add05,ccap_2021_hires_lc.tif,edmonds_canopy_prob_2016_t1_2016_add05.tif,forest_wetland,sample-test,matched_p90,163,0.641732,0.433,0.9018,0.5851,2796399,3661056,304496,6761951,0.8319,254,70,qc_indep_sweep_2016_t1_2016_add05_ccap_2021_hires_lc_sample-test.csv,phase4/qc/curves/45303ceb6965.csv
0726289a877d,2016,t1_2016_add05,ccap_2021_hires_lc.tif,edmonds_canopy_prob_2016_t1_2016_add05.tif,forest_wetland_scrub,,scored_live,,0.5,0.6346,0.7987,0.7073,2489451,1433347,627259,4550057,,,,qc_indep_report.csv,
0726289a877d,2016,t1_2016_add05,ccap_2021_hires_lc.tif,edmonds_canopy_prob_2016_t1_2016_add05.tif,forest_wetland_scrub,,scored_live,,0.220472,0.7592,0.7585,0.7588,5134239,1628243,1634530,8397012,,,,qc_indep_report.csv,
639db7af3ef3,2016,t1_2016_add05,ccap_2021_hires_lc.tif,edmonds_canopy_prob_2016_t1_2016_add05.tif,forest_only,,scored_live,,0.5,0.6559,0.7915,0.7173,2466911,1294418,649799,4411128,,,,qc_indep_report.csv,
639db7af3ef3,2016,t1_2016_add05,ccap_2021_hires_lc.tif,edmonds_canopy_prob_2016_t1_2016_add05.tif,forest_only,,scored_live,,0.220472,0.7678,0.7198,0.743,4872146,1473324,1896623,8242093,,,,qc_indep_report.csv,
c1a203e06268,2016,t1_2016_add05,ccap_2021_hires_lc.tif,edmonds_canopy_prob_2016_t1_2016_add05.tif,forest_wetland,,scored_live,,0.5,0.6559,0.7915,0.7173,2466911,1294418,649799,4411128,,,,qc_indep_report.csv,
c1a203e06268,2016,t1_2016_add05,ccap_2021_hires_lc.tif,edmonds_canopy_prob_2016_t1_2016_add05.tif,forest_wetland,,scored_live,,0.220472,0.7712,0.7357,0.753,4979801,1477654,1788968,8246423,,,,qc_indep_report.csv,
53bb6cd7ed59,2016,t1_2016_add16,ccap_2021_hires_lc.tif,edmonds_canopy_prob_2016_t1_2016_add16.tif,forest_wetland,sample-selection,best_f1,47,0.185039,0.8284,0.6926,0.7544,3115997,645332,1383021,5144350,0.7936,254,215,qc_indep_sweep_2016_t1_2016_add16_ccap_2021_hires_lc_sample-selection.csv,phase4/qc/curves/53bb6cd7ed59.csv
924fbab80b9a,2016,t1_2016_add16,ccap_2021_hires_lc.tif,edmonds_canopy_prob_2016_t1_2016_add16.tif,forest_wetland,sample-test,best_f1,51,0.200787,0.7993,0.7051,0.7492,5161592,1295863,2159070,8616525,0.8163,254,218,qc_indep_sweep_2016_t1_2016_add16_ccap_2021_hires_lc_sample-test.csv,phase4/qc/curves/924fbab80b9a.csv
53bb6cd7ed59,2016,t1_2016_add16,ccap_2021_hires_lc.tif,edmonds_canopy_prob_2016_t1_2016_add16.tif,forest_wetland,sample-selection,matched_p50,35,0.137795,0.9742,0.5207,0.6786,3664116,97213,3373051,7134380,0.7936,254,181,qc_indep_sweep_2016_t1_2016_add16_ccap_2021_hires_lc_sample-selection.csv,phase4/qc/curves/53bb6cd7ed59.csv
924fbab80b9a,2016,t1_2016_add16,ccap_2021_hires_lc.tif,edmonds_canopy_prob_2016_t1_2016_add16.tif,forest_wetland,sample-test,matched_p50,36,0.141732,0.9587,0.5148,0.6699,6190580,266875,5833622,12291077,0.8163,254,183,qc_indep_sweep_2016_t1_2016_add16_ccap_2021_hires_lc_sample-test.csv,phase4/qc/curves/924fbab80b9a.csv
53bb6cd7ed59,2016,t1_2016_add16,ccap_2021_hires_lc.tif,edmonds_canopy_prob_2016_t1_2016_add16.tif,forest_wetland,sample-selection,matched_p75,73,0.287401,0.7349,0.7505,0.7426,2764344,996985,918987,4680316,0.7936,254,143,qc_indep_sweep_2016_t1_2016_add16_ccap_2021_hires_lc_sample-selection.csv,phase4/qc/curves/53bb6cd7ed59.csv
924fbab80b9a,2016,t1_2016_add16,ccap_2021_hires_lc.tif,edmonds_canopy_prob_2016_t1_2016_add16.tif,forest_wetland,sample-test,matched_p75,83,0.326771,0.7353,0.7505,0.7428,4747954,1709501,1578251,8035706,0.8163,254,136,qc_indep_sweep_2016_t1_2016_add16_ccap_2021_hires_lc_sample-test.csv,phase4/qc/curves/924fbab80b9a.csv
53bb6cd7ed59,2016,t1_2016_add16,ccap_2021_hires_lc.tif,edmonds_canopy_prob_2016_t1_2016_add16.tif,forest_wetland,sample-selection,matched_p90,197,0.77559,0.0048,0.9144,0.0096,18201,3743128,1704,3763033,0.7936,254,19,qc_indep_sweep_2016_t1_2016_add16_ccap_2021_hires_lc_sample-selection.csv,phase4/qc/curves/53bb6cd7ed59.csv
924fbab80b9a,2016,t1_2016_add16,ccap_2021_hires_lc.tif,edmonds_canopy_prob_2016_t1_2016_add16.tif,forest_wetland,sample-test,matched_p90,165,0.649606,0.3832,0.9016,0.5378,2474666,3982789,270219,6727674,0.8163,254,54,qc_indep_sweep_2016_t1_2016_add16_ccap_2021_hires_lc_sample-test.csv,phase4/qc/curves/924fbab80b9a.csv
89e10704ee35,2016,t1_2016_add16,ccap_2021_hires_lc.tif,edmonds_canopy_prob_2016_t1_2016_add16.tif,forest_wetland,,scored_live,,0.5,0.649,0.7884,0.7119,2441151,1320178,655307,4416636,,,,qc_indep_report.csv,
89e10704ee35,2016,t1_2016_add16,ccap_2021_hires_lc.tif,edmonds_canopy_prob_2016_t1_2016_add16.tif,forest_wetland,,scored_live,,0.224409,0.7752,0.7232,0.7483,5005771,1451684,1916213,8373668,,,,qc_indep_report.csv,
b3649f94f91b,2016,t1_2016_add16,ccap_2021_hires_lc.tif,edmonds_canopy_prob_2016_t1_2016_add16.tif,forest_only,,scored_live,,0.5,0.649,0.7884,0.7119,2441151,1320178,655307,4416636,,,,qc_indep_report.csv,
b3649f94f91b,2016,t1_2016_add16,ccap_2021_hires_lc.tif,edmonds_canopy_prob_2016_t1_2016_add16.tif,forest_only,,scored_live,,0.224409,0.7718,0.7075,0.7383,4897412,1448058,2024572,8370042,,,,qc_indep_report.csv,
c49dd3d2d52b,2016,t1_2016_add16,ccap_2021_hires_lc.tif,edmonds_canopy_prob_2016_t1_2016_add16.tif,forest_wetland_scrub,,scored_live,,0.5,0.6281,0.7957,0.702,2463970,1458828,632488,4555286,,,,qc_indep_report.csv,
c49dd3d2d52b,2016,t1_2016_add16,ccap_2021_hires_lc.tif,edmonds_canopy_prob_2016_t1_2016_add16.tif,forest_wetland_scrub,,scored_live,,0.224409,0.7637,0.7461,0.7548,5164628,1597854,1757356,8519838,,,,qc_indep_report.csv,
0bb68f6dc0b8,2016,t1_2016_base,ccap_2021_hires_lc.tif,edmonds_canopy_prob_2016_t1_2016_base.tif,forest_wetland,sample-selection,best_f1,69,0.271653,0.8165,0.6658,0.7335,3071078,690251,1541856,5303185,0.7675,254,200,qc_indep_sweep_2016_t1_2016_base_ccap_2021_hires_lc_sample-selection.csv,phase4/qc/curves/0bb68f6dc0b8.csv
282ecf5ad5ae,2016,t1_2016_base,ccap_2016_hires_lc.tif,edmonds_canopy_prob_2016_t1_2016_base.tif,forest_wetland,sample-test,best_f1,83,0.326771,0.8029,0.6986,0.7472,5478125,1344394,2363106,9185625,0.8215,254,221,qc_indep_sweep_2016_t1_2016_base_ccap_2016_hires_lc_sample-test.csv,phase4/qc/curves/282ecf5ad5ae.csv
44caf2abc57d,2016,t1_2016_base,ccap_2021_hires_lc.tif,edmonds_canopy_prob_2016_t1_2016_base.tif,forest_wetland,sample-test,best_f1,98,0.385826,0.7854,0.6754,0.7263,5071686,1385769,2437573,8895028,0.7957,254,221,qc_indep_sweep_2016_t1_2016_base_ccap_2021_hires_lc_sample-test.csv,phase4/qc/curves/44caf2abc57d.csv
59d4b7bc805d,2016,t1_2016_base,_chm2_canopy2m_binary.tif,edmonds_canopy_prob_2016_t1_2016_base.tif,canopy_only,sample-test,best_f1,77,0.303149,0.815,0.6697,0.7353,4830542,1096333,2381982,8308857,0.7992,254,221,qc_indep_sweep_2016_t1_2016_base__chm2_canopy2m_binary_sample-test.csv,phase4/qc/curves/59d4b7bc805d.csv
0bb68f6dc0b8,2016,t1_2016_base,ccap_2021_hires_lc.tif,edmonds_canopy_prob_2016_t1_2016_base.tif,forest_wetland,sample-selection,matched_p50,49,0.192913,0.9683,0.505,0.6638,3642128,119201,3570136,7331465,0.7675,254,152,qc_indep_sweep_2016_t1_2016_base_ccap_2021_hires_lc_sample-selection.csv,phase4/qc/curves/0bb68f6dc0b8.csv
282ecf5ad5ae,2016,t1_2016_base,ccap_2016_hires_lc.tif,edmonds_canopy_prob_2016_t1_2016_base.tif,forest_wetland,sample-test,matched_p50,50,0.19685,0.9534,0.5022,0.6579,6504827,317692,6447597,13270116,0.8215,254,172,qc_indep_sweep_2016_t1_2016_base_ccap_2016_hires_lc_sample-test.csv,phase4/qc/curves/282ecf5ad5ae.csv
44caf2abc57d,2016,t1_2016_base,ccap_2021_hires_lc.tif,edmonds_canopy_prob_2016_t1_2016_base.tif,forest_wetland,sample-test,matched_p50,52,0.204724,0.9399,0.5064,0.6582,6069162,388293,5915319,12372774,0.7957,254,170,qc_indep_sweep_2016_t1_2016_base_ccap_2021_hires_lc_sample-test.csv,phase4/qc/curves/44caf2abc57d.csv
59d4b7bc805d,2016,t1_2016_base,_chm2_canopy2m_binary.tif,edmonds_canopy_prob_2016_t1_2016_base.tif,canopy_only,sample-test,matched_p50,49,0.192913,0.9566,0.5105,0.6658,5669585,257290,5435314,11362189,0.7992,254,173,qc_indep_sweep_2016_t1_2016_base__chm2_canopy2m_binary_sample-test.csv,phase4/qc/curves/59d4b7bc805d.csv
0bb68f6dc0b8,2016,t1_2016_base,ccap_2021_hires_lc.tif,edmonds_canopy_prob_2016_t1_2016_base.tif,forest_wetland,sample-selection,matched_p75,131,0.515748,0.6355,0.7601,0.6922,2390308,1371021,754568,4515897,0.7675,254,70,qc_indep_sweep_2016_t1_2016_base_ccap_2021_hires_lc_sample-selection.csv,phase4/qc/curves/0bb68f6dc0b8.csv
282ecf5ad5ae,2016,t1_2016_base,ccap_2016_hires_lc.tif,edmonds_canopy_prob_2016_t1_2016_base.tif,forest_wetland,sample-test,matched_p75,129,0.507874,0.7207,0.7577,0.7387,4917152,1905367,1572439,8394958,0.8215,254,93,qc_indep_sweep_2016_t1_2016_base_ccap_2016_hires_lc_sample-test.csv,phase4/qc/curves/282ecf5ad5ae.csv
44caf2abc57d,2016,t1_2016_base,ccap_2021_hires_lc.tif,edmonds_canopy_prob_2016_t1_2016_base.tif,forest_wetland,sample-test,matched_p75,131,0.515748,0.6693,0.7582,0.711,4321775,2135680,1378053,7835508,0.7957,254,91,qc_indep_sweep_2016_t1_2016_base_ccap_2021_hires_lc_sample-test.csv,phase4/qc/curves/44caf2abc57d.csv
59d4b7bc805d,2016,t1_2016_base,_chm2_canopy2m_binary.tif,edmonds_canopy_prob_2016_t1_2016_base.tif,canopy_only,sample-test,matched_p75,131,0.515748,0.681,0.757,0.717,4036104,1890771,1295871,7222746,0.7992,254,91,qc_indep_sweep_2016_t1_2016_base__chm2_canopy2m_binary_sample-test.csv,phase4/qc/curves/59d4b7bc805d.csv
0bb68f6dc0b8,2016,t1_2016_base,ccap_2021_hires_lc.tif,edmonds_canopy_prob_2016_t1_2016_base.tif,forest_wetland,sample-selection,matched_p90,188,0.740157,0.0022,0.9006,0.0044,8307,3753022,917,3762246,0.7675,254,7,qc_indep_sweep_2016_t1_2016_base_ccap_2021_hires_lc_sample-selection.csv,phase4/qc/curves/0bb68f6dc0b8.csv
282ecf5ad5ae,2016,t1_2016_base,ccap_2016_hires_lc.tif,edmonds_canopy_prob_2016_t1_2016_base.tif,forest_wetland,sample-test,matched_p90,152,0.598425,0.3996,0.9025,0.5539,2726132,4096387,294495,7117014,0.8215,254,70,qc_indep_sweep_2016_t1_2016_base_ccap_2016_hires_lc_sample-test.csv,phase4/qc/curves/282ecf5ad5ae.csv
44caf2abc57d,2016,t1_2016_base,ccap_2021_hires_lc.tif,edmonds_canopy_prob_2016_t1_2016_base.tif,forest_wetland,sample-test,matched_p90,158,0.622047,0.3078,0.9004,0.4588,1987644,4469811,219817,6677272,0.7957,254,64,qc_indep_sweep_2016_t1_2016_base_ccap_2021_hires_lc_sample-test.csv,phase4/qc/curves/44caf2abc57d.csv
59d4b7bc805d,2016,t1_2016_base,_chm2_canopy2m_binary.tif,edmonds_canopy_prob_2016_t1_2016_base.tif,canopy_only,sample-test,matched_p90,161,0.633858,0.2707,0.9038,0.4166,1604349,4322526,170703,6097578,0.7992,254,61,qc_indep_sweep_2016_t1_2016_base__chm2_canopy2m_binary_sample-test.csv,phase4/qc/curves/59d4b7bc805d.csv
2b21cd092fd4,2016,t1_2016_base,ccap_2016_hires_lc.tif,edmonds_canopy_prob_2016_t1_2016_base.tif,forest_wetland,,scored_live,,0.5,0.741,0.7424,0.7417,5055639,1766880,1753856,8576375,,,,qc_indep_report.csv,
8226fbc9e262,2016,t1_2016_base,_chm2_canopy2m_binary.tif,edmonds_canopy_prob_2016_t1_2016_base.tif,canopy_only,,scored_live,,0.5,0.7512,0.7118,0.731,4452236,1474639,1802835,7729710,,,,qc_indep_report.csv,
9b1ac05931f4,2016,t1_2016_base,ccap_2016_hires_lc.tif,edmonds_canopy_prob_2016_t1_2016_base.tif,forest_only,,scored_live,,0.5,0.7377,0.7286,0.7331,4961161,1763979,1848334,8573474,,,,qc_indep_report.csv,
9ea6e037d794,2016,t1_2016_base,ccap_2021_hires_lc.tif,edmonds_canopy_prob_2016_t1_2016_base.tif,forest_wetland_scrub,,scored_live,,0.5,0.6975,0.7244,0.7107,2736196,1186602,1040933,4963731,,,,qc_indep_report.csv,
9ea6e037d794,2016,t1_2016_base,ccap_2021_hires_lc.tif,edmonds_canopy_prob_2016_t1_2016_base.tif,forest_wetland_scrub,,scored_live,,0.405511,0.7675,0.7003,0.7324,5190110,1572372,2220819,8983301,,,,qc_indep_report.csv,
a2333a94f657,2016,t1_2016_base,ccap_2021_hires_lc.tif,edmonds_canopy_prob_2016_t1_2016_base.tif,forest_only,,scored_live,,0.5,0.7205,0.7175,0.719,2710191,1051138,1066938,4828267,,,,qc_indep_report.csv,
a2333a94f657,2016,t1_2016_base,ccap_2021_hires_lc.tif,edmonds_canopy_prob_2016_t1_2016_base.tif,forest_only,,scored_live,,0.405511,0.7765,0.6649,0.7164,4927264,1418206,2483665,8829135,,,,qc_indep_report.csv,
f4c7ab131e7b,2016,t1_2016_base,ccap_2021_hires_lc.tif,edmonds_canopy_prob_2016_t1_2016_base.tif,forest_wetland,,scored_live,,0.5,0.7205,0.7175,0.719,2710191,1051138,1066938,4828267,,,,qc_indep_report.csv,
f4c7ab131e7b,2016,t1_2016_base,ccap_2021_hires_lc.tif,edmonds_canopy_prob_2016_t1_2016_base.tif,forest_wetland,,scored_live,,0.405511,0.7798,0.6795,0.7262,5035501,1421954,2375428,8832883,,,,qc_indep_report.csv,
f9a12d9a75b2,2016,t1_2016_base,ccap_2016_hires_lc.tif,edmonds_canopy_prob_2016_t1_2016_base.tif,forest_wetland_scrub,,scored_live,,0.5,0.6949,0.7684,0.7298,5232157,2297056,1577338,9106551,,,,qc_indep_report.csv,
0101ae007167,2016,t1_2016_in05,ccap_2021_hires_lc.tif,edmonds_canopy_prob_2016_t1_2016_in05.tif,forest_wetland,sample-test,best_f1,36,0.141732,0.7899,0.7161,0.7512,5100518,1356937,2022197,8479652,0.819,254,220,qc_indep_sweep_2016_t1_2016_in05_ccap_2021_hires_lc_sample-test.csv,phase4/qc/curves/0101ae007167.csv
17615f0c83de,2016,t1_2016_in05,ccap_2021_hires_lc.tif,edmonds_canopy_prob_2016_t1_2016_in05.tif,forest_wetland,sample-selection,best_f1,32,0.125984,0.8307,0.6947,0.7566,3124573,636756,1373266,5134595,0.8018,254,217,qc_indep_sweep_2016_t1_2016_in05_ccap_2021_hires_lc_sample-selection.csv,phase4/qc/curves/17615f0c83de.csv
ab2827d2676c,2016,t1_2016_in05,ccap_2016_hires_lc.tif,edmonds_canopy_prob_2016_t1_2016_in05.tif,forest_wetland,sample-test,best_f1,36,0.141732,0.7874,0.7542,0.7705,5372185,1450334,1750530,8573049,0.8553,254,220,qc_indep_sweep_2016_t1_2016_in05_ccap_2016_hires_lc_sample-test.csv,phase4/qc/curves/ab2827d2676c.csv
0101ae007167,2016,t1_2016_in05,ccap_2021_hires_lc.tif,edmonds_canopy_prob_2016_t1_2016_in05.tif,forest_wetland,sample-test,matched_p50,24,0.094488,0.962,0.5077,0.6647,6212382,245073,6023612,12481067,0.819,254,197,qc_indep_sweep_2016_t1_2016_in05_ccap_2021_hires_lc_sample-test.csv,phase4/qc/curves/0101ae007167.csv
17615f0c83de,2016,t1_2016_in05,ccap_2021_hires_lc.tif,edmonds_canopy_prob_2016_t1_2016_in05.tif,forest_wetland,sample-selection,matched_p50,23,0.090551,0.9757,0.5169,0.6758,3669821,91508,3430045,7191374,0.8018,254,195,qc_indep_sweep_2016_t1_2016_in05_ccap_2021_hires_lc_sample-selection.csv,phase4/qc/curves/17615f0c83de.csv
ab2827d2676c,2016,t1_2016_in05,ccap_2016_hires_lc.tif,edmonds_canopy_prob_2016_t1_2016_in05.tif,forest_wetland,sample-test,matched_p50,24,0.094488,0.9519,0.5308,0.6815,6494597,327922,5741397,12563916,0.8553,254,197,qc_indep_sweep_2016_t1_2016_in05_ccap_2016_hires_lc_sample-test.csv,phase4/qc/curves/ab2827d2676c.csv
0101ae007167,2016,t1_2016_in05,ccap_2021_hires_lc.tif,edmonds_canopy_prob_2016_t1_2016_in05.tif,forest_wetland,sample-test,matched_p75,44,0.173228,0.7441,0.7504,0.7473,4805148,1652307,1598246,8055701,0.819,254,177,qc_indep_sweep_2016_t1_2016_in05_ccap_2021_hires_lc_sample-test.csv,phase4/qc/curves/0101ae007167.csv
17615f0c83de,2016,t1_2016_in05,ccap_2021_hires_lc.tif,edmonds_canopy_prob_2016_t1_2016_in05.tif,forest_wetland,sample-selection,matched_p75,40,0.15748,0.7467,0.7518,0.7492,2808480,952849,927413,4688742,0.8018,254,178,qc_indep_sweep_2016_t1_2016_in05_ccap_2021_hires_lc_sample-selection.csv,phase4/qc/curves/17615f0c83de.csv
ab2827d2676c,2016,t1_2016_in05,ccap_2016_hires_lc.tif,edmonds_canopy_prob_2016_t1_2016_in05.tif,forest_wetland,sample-test,matched_p75,36,0.141732,0.7874,0.7542,0.7705,5372185,1450334,1750530,8573049,0.8553,254,185,qc_indep_sweep_2016_t1_2016_in05_ccap_2016_hires_lc_sample-test.csv,phase4/qc/curves/ab2827d2676c.csv
0101ae007167,2016,t1_2016_in05,ccap_2021_hires_lc.tif,edmonds_canopy_prob_2016_t1_2016_in05.tif,forest_wetland,sample-test,matched_p90,161,0.633858,0.4297,0.901,0.5819,2774531,3682924,304820,6762275,0.819,254,60,qc_indep_sweep_2016_t1_2016_in05_ccap_2021_hires_lc_sample-test.csv,phase4/qc/curves/0101ae007167.csv
17615f0c83de,2016,t1_2016_in05,ccap_2021_hires_lc.tif,edmonds_canopy_prob_2016_t1_2016_in05.tif,forest_wetland,sample-selection,matched_p90,188,0.740157,0.0588,0.9002,0.1104,221291,3540038,24543,3785872,0.8018,254,14,qc_indep_sweep_2016_t1_2016_in05_ccap_2021_hires_lc_sample-selection.csv,phase4/qc/curves/17615f0c83de.csv
ab2827d2676c,2016,t1_2016_in05,ccap_2016_hires_lc.tif,edmonds_canopy_prob_2016_t1_2016_in05.tif,forest_wetland,sample-test,matched_p90,139,0.547244,0.5466,0.9005,0.6803,3729362,3093157,412038,7234557,0.8553,254,82,qc_indep_sweep_2016_t1_2016_in05_ccap_2016_hires_lc_sample-test.csv,phase4/qc/curves/ab2827d2676c.csv
017c37f88776,2016,t1_2016_in05,ccap_2016_hires_lc.tif,edmonds_canopy_prob_2016_t1_2016_in05.tif,forest_wetland_scrub,,scored_live,,0.5,0.5897,0.8807,0.7064,4439797,3089416,601547,8130760,,,,qc_indep_report.csv,
166713822e6c,2016,t1_2016_in05,ccap_2016_hires_lc.tif,edmonds_canopy_prob_2016_t1_2016_in05.tif,forest_wetland,,scored_live,,0.5,0.6329,0.8565,0.7279,4317982,2504537,723362,7545881,,,,qc_indep_report.csv,
39f0ec989043,2016,t1_2016_in05,ccap_2016_hires_lc.tif,edmonds_canopy_prob_2016_t1_2016_in05.tif,forest_only,,scored_live,,0.5,0.6296,0.8399,0.7197,4234403,2490737,806941,7532081,,,,qc_indep_report.csv,
5b074fa52fa7,2016,t1_2016_in05,ccap_2021_hires_lc.tif,edmonds_canopy_prob_2016_t1_2016_in05.tif,forest_wetland,,scored_live,,0.5,0.6062,0.8206,0.6973,2280119,1481210,498361,4259690,,,,qc_indep_report.csv,
5b074fa52fa7,2016,t1_2016_in05,ccap_2021_hires_lc.tif,edmonds_canopy_prob_2016_t1_2016_in05.tif,forest_wetland,,scored_live,,0.145669,0.781,0.7233,0.751,5043152,1414303,1929717,8387172,,,,qc_indep_report.csv,
b78ff958b25d,2016,t1_2016_in05,ccap_2021_hires_lc.tif,edmonds_canopy_prob_2016_t1_2016_in05.tif,forest_only,,scored_live,,0.5,0.6062,0.8206,0.6973,2280119,1481210,498361,4259690,,,,qc_indep_report.csv,
b78ff958b25d,2016,t1_2016_in05,ccap_2021_hires_lc.tif,edmonds_canopy_prob_2016_t1_2016_in05.tif,forest_only,,scored_live,,0.145669,0.7781,0.7081,0.7415,4937658,1407812,2035211,8380681,,,,qc_indep_report.csv,
bcdb5b736f2a,2016,t1_2016_in05,ccap_2021_hires_lc.tif,edmonds_canopy_prob_2016_t1_2016_in05.tif,forest_wetland_scrub,,scored_live,,0.5,0.5855,0.8266,0.6855,2296830,1625968,481650,4404448,,,,qc_indep_report.csv,
bcdb5b736f2a,2016,t1_2016_in05,ccap_2021_hires_lc.tif,edmonds_canopy_prob_2016_t1_2016_in05.tif,forest_wetland_scrub,,scored_live,,0.145669,0.7701,0.7468,0.7583,5207460,1555022,1765409,8527891,,,,qc_indep_report.csv,
0c1b9e4ae7cc,2016,t1_2016_in16,ccap_2021_hires_lc.tif,edmonds_canopy_prob_2016_t1_2016_in16.tif,forest_wetland,sample-test,best_f1,35,0.137795,0.7724,0.7205,0.7455,4987630,1469825,1934692,8392147,0.8236,254,233,qc_indep_sweep_2016_t1_2016_in16_ccap_2021_hires_lc_sample-test.csv,phase4/qc/curves/0c1b9e4ae7cc.csv
b15504952362,2016,t1_2016_in16,ccap_2021_hires_lc.tif,edmonds_canopy_prob_2016_t1_2016_in16.tif,forest_wetland,sample-selection,best_f1,31,0.122047,0.8103,0.706,0.7546,3047828,713501,1269164,5030493,0.7999,254,232,qc_indep_sweep_2016_t1_2016_in16_ccap_2021_hires_lc_sample-selection.csv,phase4/qc/curves/b15504952362.csv
ead2ab15d4f9,2016,t1_2016_in16,ccap_2016_hires_lc.tif,edmonds_canopy_prob_2016_t1_2016_in16.tif,forest_wetland,sample-test,best_f1,36,0.141732,0.7669,0.7726,0.7697,5232081,1590438,1539962,8362481,0.8611,254,233,qc_indep_sweep_2016_t1_2016_in16_ccap_2016_hires_lc_sample-test.csv,phase4/qc/curves/ead2ab15d4f9.csv
f035d0766a4c,2016,t1_2016_in16,_chm2_canopy2m_binary.tif,edmonds_canopy_prob_2016_t1_2016_in16.tif,canopy_only,sample-test,best_f1,40,0.15748,0.8125,0.8165,0.8145,4815442,1111433,1082291,7009166,0.9069,254,233,qc_indep_sweep_2016_t1_2016_in16__chm2_canopy2m_binary_sample-test.csv,phase4/qc/curves/f035d0766a4c.csv
0c1b9e4ae7cc,2016,t1_2016_in16,ccap_2021_hires_lc.tif,edmonds_canopy_prob_2016_t1_2016_in16.tif,forest_wetland,sample-test,matched_p50,25,0.098425,0.9388,0.524,0.6726,6061971,395484,5505763,11963218,0.8236,254,209,qc_indep_sweep_2016_t1_2016_in16_ccap_2021_hires_lc_sample-test.csv,phase4/qc/curves/0c1b9e4ae7cc.csv
b15504952362,2016,t1_2016_in16,ccap_2021_hires_lc.tif,edmonds_canopy_prob_2016_t1_2016_in16.tif,forest_wetland,sample-selection,matched_p50,24,0.094488,0.9564,0.5302,0.6822,3597306,164023,3187301,6948630,0.7999,254,209,qc_indep_sweep_2016_t1_2016_in16_ccap_2021_hires_lc_sample-selection.csv,phase4/qc/curves/b15504952362.csv
ead2ab15d4f9,2016,t1_2016_in16,ccap_2016_hires_lc.tif,edmonds_canopy_prob_2016_t1_2016_in16.tif,forest_wetland,sample-test,matched_p50,24,0.094488,0.9554,0.5071,0.6625,6518058,304461,6336651,13159170,0.8611,254,210,qc_indep_sweep_2016_t1_2016_in16_ccap_2016_hires_lc_sample-test.csv,phase4/qc/curves/ead2ab15d4f9.csv
f035d0766a4c,2016,t1_2016_in16,_chm2_canopy2m_binary.tif,edmonds_canopy_prob_2016_t1_2016_in16.tif,canopy_only,sample-test,matched_p50,23,0.090551,0.98,0.5139,0.6742,5808059,118816,5494709,11421584,0.9069,254,211,qc_indep_sweep_2016_t1_2016_in16__chm2_canopy2m_binary_sample-test.csv,phase4/qc/curves/f035d0766a4c.csv
0c1b9e4ae7cc,2016,t1_2016_in16,ccap_2021_hires_lc.tif,edmonds_canopy_prob_2016_t1_2016_in16.tif,forest_wetland,sample-test,matched_p75,41,0.161417,0.7351,0.7521,0.7435,4746609,1710846,1564383,8021838,0.8236,254,193,qc_indep_sweep_2016_t1_2016_in16_ccap_2021_hires_lc_sample-test.csv,phase4/qc/curves/0c1b9e4ae7cc.csv
b15504952362,2016,t1_2016_in16,ccap_2021_hires_lc.tif,edmonds_canopy_prob_2016_t1_2016_in16.tif,forest_wetland,sample-selection,matched_p75,37,0.145669,0.7395,0.753,0.7462,2781623,979706,912426,4673755,0.7999,254,190,qc_indep_sweep_2016_t1_2016_in16_ccap_2021_hires_lc_sample-selection.csv,phase4/qc/curves/b15504952362.csv
ead2ab15d4f9,2016,t1_2016_in16,ccap_2016_hires_lc.tif,edmonds_canopy_prob_2016_t1_2016_in16.tif,forest_wetland,sample-test,matched_p75,34,0.133858,0.7848,0.754,0.7691,5354124,1468395,1746923,8569442,0.8611,254,200,qc_indep_sweep_2016_t1_2016_in16_ccap_2016_hires_lc_sample-test.csv,phase4/qc/curves/ead2ab15d4f9.csv
f035d0766a4c,2016,t1_2016_in16,_chm2_canopy2m_binary.tif,edmonds_canopy_prob_2016_t1_2016_in16.tif,canopy_only,sample-test,matched_p75,32,0.125984,0.8713,0.7506,0.8064,5163896,762979,1716161,7643036,0.9069,254,202,qc_indep_sweep_2016_t1_2016_in16__chm2_canopy2m_binary_sample-test.csv,phase4/qc/curves/f035d0766a4c.csv
0c1b9e4ae7cc,2016,t1_2016_in16,ccap_2021_hires_lc.tif,edmonds_canopy_prob_2016_t1_2016_in16.tif,forest_wetland,sample-test,matched_p90,168,0.661417,0.4618,0.9014,0.6107,2981895,3475560,326125,6783580,0.8236,254,66,qc_indep_sweep_2016_t1_2016_in16_ccap_2021_hires_lc_sample-test.csv,phase4/qc/curves/0c1b9e4ae7cc.csv
ead2ab15d4f9,2016,t1_2016_in16,ccap_2016_hires_lc.tif,edmonds_canopy_prob_2016_t1_2016_in16.tif,forest_wetland,sample-test,matched_p90,138,0.543307,0.572,0.9015,0.6999,3902653,2919866,426466,7248985,0.8611,254,96,qc_indep_sweep_2016_t1_2016_in16_ccap_2016_hires_lc_sample-test.csv,phase4/qc/curves/ead2ab15d4f9.csv
f035d0766a4c,2016,t1_2016_in16,_chm2_canopy2m_binary.tif,edmonds_canopy_prob_2016_t1_2016_in16.tif,canopy_only,sample-test,matched_p90,129,0.507874,0.6873,0.9003,0.7795,4073753,1853122,451295,6378170,0.9069,254,105,qc_indep_sweep_2016_t1_2016_in16__chm2_canopy2m_binary_sample-test.csv,phase4/qc/curves/f035d0766a4c.csv
019bc0d8dd2b,2016,t1_2016_in16,ccap_2021_hires_lc.tif,edmonds_canopy_prob_2016_t1_2016_in16.tif,forest_only,,scored_live,,0.5,0.597,0.8307,0.6947,2245401,1515928,457758,4219087,,,,qc_indep_report.csv,
019bc0d8dd2b,2016,t1_2016_in16,ccap_2021_hires_lc.tif,edmonds_canopy_prob_2016_t1_2016_in16.tif,forest_only,,scored_live,,0.133858,0.7799,0.6969,0.7361,4948518,1396952,2152529,8497999,,,,qc_indep_report.csv,
62609b05f647,2016,t1_2016_in16,ccap_2021_hires_lc.tif,edmonds_canopy_prob_2016_t1_2016_in16.tif,forest_wetland,,scored_live,,0.5,0.597,0.8307,0.6947,2245401,1515928,457758,4219087,,,,qc_indep_report.csv,
62609b05f647,2016,t1_2016_in16,ccap_2021_hires_lc.tif,edmonds_canopy_prob_2016_t1_2016_in16.tif,forest_wetland,,scored_live,,0.133858,0.7825,0.7116,0.7454,5053014,1404441,2048033,8505488,,,,qc_indep_report.csv,
75e4ac04a45f,2016,t1_2016_in16,_chm2_canopy2m_binary.tif,edmonds_canopy_prob_2016_t1_2016_in16.tif,canopy_only,,scored_live,,0.5,0.6999,0.8901,0.7836,4148228,1778647,512318,6439193,,,,qc_indep_report.csv,
8d4d4d4586dc,2016,t1_2016_in16,ccap_2016_hires_lc.tif,edmonds_canopy_prob_2016_t1_2016_in16.tif,forest_wetland,,scored_live,,0.5,0.6284,0.8687,0.7293,4287590,2534929,648256,7470775,,,,qc_indep_report.csv,
c1fa8c144ad7,2016,t1_2016_in16,ccap_2016_hires_lc.tif,edmonds_canopy_prob_2016_t1_2016_in16.tif,forest_only,,scored_live,,0.5,0.6249,0.8514,0.7208,4202319,2522821,733527,7458667,,,,qc_indep_report.csv,
ec95a3a6e060,2016,t1_2016_in16,ccap_2016_hires_lc.tif,edmonds_canopy_prob_2016_t1_2016_in16.tif,forest_wetland_scrub,,scored_live,,0.5,0.5856,0.8932,0.7074,4408777,3120436,527069,8056282,,,,qc_indep_report.csv,
f614ed057b3c,2016,t1_2016_in16,ccap_2021_hires_lc.tif,edmonds_canopy_prob_2016_t1_2016_in16.tif,forest_wetland_scrub,,scored_live,,0.5,0.5764,0.8365,0.6825,2261079,1661719,442080,4364878,,,,qc_indep_report.csv,
f614ed057b3c,2016,t1_2016_in16,ccap_2021_hires_lc.tif,edmonds_canopy_prob_2016_t1_2016_in16.tif,forest_wetland_scrub,,scored_live,,0.133858,0.7729,0.7361,0.7541,5227041,1535441,1874006,8636488,,,,qc_indep_report.csv,
46050675c240,2016,t1_2016_nir,ccap_2021_hires_lc.tif,edmonds_canopy_prob_2016_t1_2016_nir.tif,forest_wetland,sample-test,best_f1,38,0.149606,0.7879,0.7171,0.7509,5087939,1369516,2007027,8464482,0.8277,254,248,qc_indep_sweep_2016_t1_2016_nir_ccap_2021_hires_lc_sample-test.csv,phase4/qc/curves/46050675c240.csv
8e4a621978c4,2016,t1_2016_nir,ccap_2021_hires_lc.tif,edmonds_canopy_prob_2016_t1_2016_nir.tif,forest_wetland,sample-selection,best_f1,35,0.137795,0.8206,0.7087,0.7606,3086559,674770,1268507,5029836,0.7999,254,243,qc_indep_sweep_2016_t1_2016_nir_ccap_2021_hires_lc_sample-selection.csv,phase4/qc/curves/8e4a621978c4.csv
46050675c240,2016,t1_2016_nir,ccap_2021_hires_lc.tif,edmonds_canopy_prob_2016_t1_2016_nir.tif,forest_wetland,sample-test,matched_p50,26,0.102362,0.9548,0.5103,0.6651,6165613,291842,5916736,12374191,0.8277,254,223,qc_indep_sweep_2016_t1_2016_nir_ccap_2021_hires_lc_sample-test.csv,phase4/qc/curves/46050675c240.csv
8e4a621978c4,2016,t1_2016_nir,ccap_2021_hires_lc.tif,edmonds_canopy_prob_2016_t1_2016_nir.tif,forest_wetland,sample-selection,matched_p50,25,0.098425,0.972,0.5223,0.6795,3656114,105215,3343875,7105204,0.7999,254,219,qc_indep_sweep_2016_t1_2016_nir_ccap_2021_hires_lc_sample-selection.csv,phase4/qc/curves/8e4a621978c4.csv
46050675c240,2016,t1_2016_nir,ccap_2021_hires_lc.tif,edmonds_canopy_prob_2016_t1_2016_nir.tif,forest_wetland,sample-test,matched_p75,46,0.181102,0.7429,0.7503,0.7466,4797232,1660223,1596233,8053688,0.8277,254,203,qc_indep_sweep_2016_t1_2016_nir_ccap_2021_hires_lc_sample-test.csv,phase4/qc/curves/46050675c240.csv
8e4a621978c4,2016,t1_2016_nir,ccap_2021_hires_lc.tif,edmonds_canopy_prob_2016_t1_2016_nir.tif,forest_wetland,sample-selection,matched_p75,42,0.165354,0.7575,0.7544,0.7559,2849247,912082,927838,4689167,0.7999,254,202,qc_indep_sweep_2016_t1_2016_nir_ccap_2021_hires_lc_sample-selection.csv,phase4/qc/curves/8e4a621978c4.csv
46050675c240,2016,t1_2016_nir,ccap_2021_hires_lc.tif,edmonds_canopy_prob_2016_t1_2016_nir.tif,forest_wetland,sample-test,matched_p90,162,0.637795,0.4297,0.9008,0.5818,2774582,3682873,305542,6762997,0.8277,254,87,qc_indep_sweep_2016_t1_2016_nir_ccap_2021_hires_lc_sample-test.csv,phase4/qc/curves/46050675c240.csv
8e4a621978c4,2016,t1_2016_nir,ccap_2021_hires_lc.tif,edmonds_canopy_prob_2016_t1_2016_nir.tif,forest_wetland,sample-selection,matched_p90,236,0.929133,0.0014,0.9199,0.0027,5179,3756150,451,3761780,0.7999,254,8,qc_indep_sweep_2016_t1_2016_nir_ccap_2021_hires_lc_sample-selection.csv,phase4/qc/curves/8e4a621978c4.csv
5e5ba85ac362,2016,t1_2016_nir,ccap_2021_hires_lc.tif,edmonds_canopy_prob_2016_t1_2016_nir.tif,forest_wetland,,scored_live,,0.5,0.6169,0.8254,0.7061,2320304,1441025,490981,4252310,,,,qc_indep_report.csv,
5e5ba85ac362,2016,t1_2016_nir,ccap_2021_hires_lc.tif,edmonds_canopy_prob_2016_t1_2016_nir.tif,forest_wetland,,scored_live,,0.165354,0.7594,0.7388,0.749,4903512,1553943,1733742,8191197,,,,qc_indep_report.csv,
7d6e4337e937,2016,t1_2016_nir,ccap_2021_hires_lc.tif,edmonds_canopy_prob_2016_t1_2016_nir.tif,forest_wetland_scrub,,scored_live,,0.5,0.5954,0.8308,0.6937,2335487,1587311,475798,4398596,,,,qc_indep_report.csv,
7d6e4337e937,2016,t1_2016_nir,ccap_2021_hires_lc.tif,edmonds_canopy_prob_2016_t1_2016_nir.tif,forest_wetland_scrub,,scored_live,,0.165354,0.7478,0.7619,0.7548,5056665,1705817,1580589,8343071,,,,qc_indep_report.csv,
f921af0668d3,2016,t1_2016_nir,ccap_2021_hires_lc.tif,edmonds_canopy_prob_2016_t1_2016_nir.tif,forest_only,,scored_live,,0.5,0.6169,0.8254,0.7061,2320304,1441025,490981,4252310,,,,qc_indep_report.csv,
f921af0668d3,2016,t1_2016_nir,ccap_2021_hires_lc.tif,edmonds_canopy_prob_2016_t1_2016_nir.tif,forest_only,,scored_live,,0.165354,0.7561,0.7229,0.7391,4797986,1547484,1839268,8184738,,,,qc_indep_report.csv,
91f251bde672,2016,trend8_2016,ccap_2016_hires_lc.tif,edmonds_canopy_prob_2016_trend8_2016.tif,forest_wetland,,best_f1,41,0.161417,0.8089,0.7803,0.7943,103688435,24497738,29200419,157386592,0.8725,254,229,qc_indep_sweep_2016_trend8_2016_ccap_2016_hires_lc.csv,phase4/qc/curves/91f251bde672.csv
9536536fd441,2016,trend8_2016,ccap_2021_hires_lc.tif,edmonds_canopy_prob_2016_trend8_2016.tif,forest_wetland,,best_f1,42,0.165354,0.805,0.7357,0.7688,96431216,23359948,34648804,154439968,0.8304,254,229,qc_indep_sweep_2016_trend8_2016_ccap_2021_hires_lc.csv,phase4/qc/curves/9536536fd441.csv
91f251bde672,2016,trend8_2016,ccap_2016_hires_lc.tif,edmonds_canopy_prob_2016_trend8_2016.tif,forest_wetland,,matched_p50,18,0.070866,0.9668,0.5086,0.6666,123927493,4258680,119732400,247918573,0.8725,254,212,qc_indep_sweep_2016_trend8_2016_ccap_2016_hires_lc.csv,phase4/qc/curves/91f251bde672.csv
9536536fd441,2016,trend8_2016,ccap_2021_hires_lc.tif,edmonds_canopy_prob_2016_trend8_2016.tif,forest_wetland,,matched_p50,20,0.07874,0.9577,0.5165,0.6711,114724017,5067147,107375253,227166417,0.8304,254,210,qc_indep_sweep_2016_trend8_2016_ccap_2021_hires_lc.csv,phase4/qc/curves/9536536fd441.csv
91f251bde672,2016,trend8_2016,ccap_2016_hires_lc.tif,edmonds_canopy_prob_2016_trend8_2016.tif,forest_wetland,,matched_p75,37,0.145669,0.8334,0.7552,0.7923,106827627,21358546,34633934,162820107,0.8725,254,193,qc_indep_sweep_2016_trend8_2016_ccap_2016_hires_lc.csv,phase4/qc/curves/91f251bde672.csv
9536536fd441,2016,trend8_2016,ccap_2021_hires_lc.tif,edmonds_canopy_prob_2016_trend8_2016.tif,forest_wetland,,matched_p75,46,0.181102,0.7855,0.7515,0.7681,94091007,25700157,31118799,150909963,0.8304,254,184,qc_indep_sweep_2016_trend8_2016_ccap_2021_hires_lc.csv,phase4/qc/curves/9536536fd441.csv
91f251bde672,2016,trend8_2016,ccap_2016_hires_lc.tif,edmonds_canopy_prob_2016_trend8_2016.tif,forest_wetland,,matched_p90,146,0.574803,0.6012,0.9014,0.7213,77063419,51122754,8428219,136614392,0.8725,254,84,qc_indep_sweep_2016_trend8_2016_ccap_2016_hires_lc.csv,phase4/qc/curves/91f251bde672.csv
9536536fd441,2016,trend8_2016,ccap_2021_hires_lc.tif,edmonds_canopy_prob_2016_trend8_2016.tif,forest_wetland,,matched_p90,185,0.728346,0.4035,0.9014,0.5574,48332121,71459043,5285195,125076359,0.8304,254,45,qc_indep_sweep_2016_trend8_2016_ccap_2021_hires_lc.csv,phase4/qc/curves/9536536fd441.csv
304ab1033ea2,2016,trend8_2016,ccap_2021_hires_lc.tif,edmonds_canopy_prob_2016_trend8_2016.tif,forest_only,,scored_live,,0.5,0.664,0.8077,0.7288,78519797,39731159,18690846,136941802,,,,qc_indep_report.csv,
456404279106,2016,trend8_2016,ccap_2016_hires_lc.tif,edmonds_canopy_prob_2016_trend8_2016.tif,forest_wetland_scrub,,scored_live,,0.5223,0.6157,0.902,0.7318,85424254,53328475,9276214,148028943,,,,qc_indep_report.csv,
5a30ebebe2aa,2016,trend8_2016,ccap_2021_hires_lc.tif,edmonds_canopy_prob_2016_trend8_2016.tif,forest_wetland_scrub,,scored_live,,0.5,0.655,0.8404,0.7362,81695065,43030996,15515578,140241639,,,,qc_indep_report.csv,
91f251bde672,2016,trend8_2016,ccap_2016_hires_lc.tif,edmonds_canopy_prob_2016_trend8_2016.tif,forest_wetland,,scored_live,,0.5223,0.6514,0.8817,0.7493,83499306,44686867,11201162,139387335,,,,qc_indep_report.csv,
9536536fd441,2016,trend8_2016,ccap_2021_hires_lc.tif,edmonds_canopy_prob_2016_trend8_2016.tif,forest_wetland,,scored_live,,0.5,0.6669,0.8218,0.7363,79885918,39905246,17324725,137115889,,,,qc_indep_report.csv,
f222ba0a3c39,2016,trend8_2016,ccap_2016_hires_lc.tif,edmonds_canopy_prob_2016_trend8_2016.tif,forest_only,,scored_live,,0.5223,0.6487,0.8695,0.743,82345801,44587121,12354667,139287589,,,,qc_indep_report.csv,
07866189e002,2016,wb18_2016_base,ccap_2021_hires_lc.tif,edmonds_canopy_prob_2016_wb18_2016_base.tif,forest_wetland,sample-test,best_f1,44,0.173228,0.7923,0.7163,0.7524,5116218,1341237,2026766,8484221,0.8154,254,248,qc_indep_sweep_2016_wb18_2016_base_ccap_2021_hires_lc_sample-test.csv,phase4/qc/curves/07866189e002.csv
e2492430d2ce,2016,wb18_2016_base,ccap_2016_hires_lc.tif,edmonds_canopy_prob_2016_wb18_2016_base.tif,forest_wetland,sample-test,best_f1,42,0.165354,0.7904,0.7462,0.7677,5392377,1430142,1833763,8656282,0.8424,254,248,qc_indep_sweep_2016_wb18_2016_base_ccap_2016_hires_lc_sample-test.csv,phase4/qc/curves/e2492430d2ce.csv
07866189e002,2016,wb18_2016_base,ccap_2021_hires_lc.tif,edmonds_canopy_prob_2016_wb18_2016_base.tif,forest_wetland,sample-test,matched_p50,5,0.019685,0.9521,0.5132,0.6669,6147851,309604,5830832,12288287,0.8154,254,244,qc_indep_sweep_2016_wb18_2016_base_ccap_2021_hires_lc_sample-test.csv,phase4/qc/curves/07866189e002.csv
e2492430d2ce,2016,wb18_2016_base,ccap_2016_hires_lc.tif,edmonds_canopy_prob_2016_wb18_2016_base.tif,forest_wetland,sample-test,matched_p50,4,0.015748,0.9516,0.516,0.6692,6492486,330033,6089820,12912339,0.8424,254,245,qc_indep_sweep_2016_wb18_2016_base_ccap_2016_hires_lc_sample-test.csv,phase4/qc/curves/e2492430d2ce.csv
07866189e002,2016,wb18_2016_base,ccap_2021_hires_lc.tif,edmonds_canopy_prob_2016_wb18_2016_base.tif,forest_wetland,sample-test,matched_p75,71,0.279527,0.7428,0.7505,0.7466,4796765,1660690,1594743,8052198,0.8154,254,178,qc_indep_sweep_2016_wb18_2016_base_ccap_2021_hires_lc_sample-test.csv,phase4/qc/curves/07866189e002.csv
e2492430d2ce,2016,wb18_2016_base,ccap_2016_hires_lc.tif,edmonds_canopy_prob_2016_wb18_2016_base.tif,forest_wetland,sample-test,matched_p75,44,0.173228,0.7858,0.7505,0.7677,5360828,1461691,1782156,8604675,0.8424,254,205,qc_indep_sweep_2016_wb18_2016_base_ccap_2016_hires_lc_sample-test.csv,phase4/qc/curves/e2492430d2ce.csv
07866189e002,2016,wb18_2016_base,ccap_2021_hires_lc.tif,edmonds_canopy_prob_2016_wb18_2016_base.tif,forest_wetland,sample-test,matched_p90,196,0.771653,0.3334,0.9029,0.487,2153049,4304406,231436,6688891,0.8154,254,53,qc_indep_sweep_2016_wb18_2016_base_ccap_2021_hires_lc_sample-test.csv,phase4/qc/curves/07866189e002.csv
e2492430d2ce,2016,wb18_2016_base,ccap_2016_hires_lc.tif,edmonds_canopy_prob_2016_wb18_2016_base.tif,forest_wetland,sample-test,matched_p90,185,0.728346,0.4645,0.9021,0.6132,3168908,3653611,343736,7166255,0.8424,254,64,qc_indep_sweep_2016_wb18_2016_base_ccap_2016_hires_lc_sample-test.csv,phase4/qc/curves/e2492430d2ce.csv
027b8643685a,2016,wb18_2016_base,ccap_2021_hires_lc.tif,edmonds_canopy_prob_2016_wb18_2016_base.tif,forest_wetland,,scored_live,,0.5223,0.6626,0.7927,0.7218,4278734,2178721,1118706,7576161,,,,qc_indep_report.csv,
246a104a873e,2016,wb18_2016_base,ccap_2021_hires_lc.tif,edmonds_canopy_prob_2016_wb18_2016_base.tif,forest_only,,scored_live,,0.5223,0.6584,0.774,0.7115,4177751,2167719,1219689,7565159,,,,qc_indep_report.csv,
5d22e1de125e,2016,wb18_2016_base,ccap_2016_hires_lc.tif,edmonds_canopy_prob_2016_wb18_2016_base.tif,forest_only,,scored_live,,0.5223,0.6558,0.8171,0.7276,4410159,2314981,987281,7712421,,,,qc_indep_report.csv,
b2544d4320d6,2016,wb18_2016_base,ccap_2016_hires_lc.tif,edmonds_canopy_prob_2016_wb18_2016_base.tif,forest_wetland,,scored_live,,0.5223,0.6596,0.8338,0.7365,4500440,2322079,897000,7719519,,,,qc_indep_report.csv,
d0ce451c6294,2016,wb18_2016_base,ccap_2021_hires_lc.tif,edmonds_canopy_prob_2016_wb18_2016_base.tif,forest_wetland_scrub,,scored_live,,0.5223,0.6471,0.8107,0.7197,4375894,2386588,1021546,7784028,,,,qc_indep_report.csv,
dc74102096ed,2016,wb18_2016_base,ccap_2016_hires_lc.tif,edmonds_canopy_prob_2016_wb18_2016_base.tif,forest_wetland_scrub,,scored_live,,0.5223,0.6155,0.8586,0.717,4634127,2895086,763313,8292526,,,,qc_indep_report.csv,
18fa4d81b256,2016,wb18_2016_in05,ccap_2021_hires_lc.tif,edmonds_canopy_prob_2016_wb18_2016_in05.tif,forest_wetland,sample-test,best_f1,32,0.125984,0.8008,0.7154,0.7557,5171228,1286227,2057478,8514933,0.8295,254,245,qc_indep_sweep_2016_wb18_2016_in05_ccap_2021_hires_lc_sample-test.csv,phase4/qc/curves/18fa4d81b256.csv
cea5ed9bd613,2016,wb18_2016_in05,ccap_2016_hires_lc.tif,edmonds_canopy_prob_2016_wb18_2016_in05.tif,forest_wetland,sample-test,best_f1,32,0.125984,0.7966,0.7518,0.7736,5434794,1387725,1793912,8616431,0.8576,254,245,qc_indep_sweep_2016_wb18_2016_in05_ccap_2016_hires_lc_sample-test.csv,phase4/qc/curves/cea5ed9bd613.csv
18fa4d81b256,2016,wb18_2016_in05,ccap_2021_hires_lc.tif,edmonds_canopy_prob_2016_wb18_2016_in05.tif,forest_wetland,sample-test,matched_p50,5,0.019685,0.9607,0.504,0.6611,6203823,253632,6105526,12562981,0.8295,254,241,qc_indep_sweep_2016_wb18_2016_in05_ccap_2021_hires_lc_sample-test.csv,phase4/qc/curves/18fa4d81b256.csv
cea5ed9bd613,2016,wb18_2016_in05,ccap_2016_hires_lc.tif,edmonds_canopy_prob_2016_wb18_2016_in05.tif,forest_wetland,sample-test,matched_p50,4,0.015748,0.9612,0.5061,0.6631,6558119,264400,6400476,13222995,0.8576,254,242,qc_indep_sweep_2016_wb18_2016_in05_ccap_2016_hires_lc_sample-test.csv,phase4/qc/curves/cea5ed9bd613.csv
18fa4d81b256,2016,wb18_2016_in05,ccap_2021_hires_lc.tif,edmonds_canopy_prob_2016_wb18_2016_in05.tif,forest_wetland,sample-test,matched_p75,47,0.185039,0.7509,0.7509,0.7509,4848858,1608597,1608898,8066353,0.8295,254,199,qc_indep_sweep_2016_wb18_2016_in05_ccap_2021_hires_lc_sample-test.csv,phase4/qc/curves/18fa4d81b256.csv
cea5ed9bd613,2016,wb18_2016_in05,ccap_2016_hires_lc.tif,edmonds_canopy_prob_2016_wb18_2016_in05.tif,forest_wetland,sample-test,matched_p75,32,0.125984,0.7966,0.7518,0.7736,5434794,1387725,1793912,8616431,0.8576,254,214,qc_indep_sweep_2016_wb18_2016_in05_ccap_2016_hires_lc_sample-test.csv,phase4/qc/curves/cea5ed9bd613.csv
18fa4d81b256,2016,wb18_2016_in05,ccap_2021_hires_lc.tif,edmonds_canopy_prob_2016_wb18_2016_in05.tif,forest_wetland,sample-test,matched_p90,195,0.767716,0.4327,0.9006,0.5845,2793882,3663573,308250,6765705,0.8295,254,51,qc_indep_sweep_2016_wb18_2016_in05_ccap_2021_hires_lc_sample-test.csv,phase4/qc/curves/18fa4d81b256.csv
cea5ed9bd613,2016,wb18_2016_in05,ccap_2016_hires_lc.tif,edmonds_canopy_prob_2016_wb18_2016_in05.tif,forest_wetland,sample-test,matched_p90,171,0.673228,0.5473,0.9001,0.6807,3733868,3088651,414308,7236827,0.8576,254,75,qc_indep_sweep_2016_wb18_2016_in05_ccap_2016_hires_lc_sample-test.csv,phase4/qc/curves/cea5ed9bd613.csv
1f3d0e1e8f3c,2016,wb18_2016_in05,ccap_2021_hires_lc.tif,edmonds_canopy_prob_2016_wb18_2016_in05.tif,forest_wetland_scrub,,scored_live,,0.5223,0.6018,0.8396,0.7011,4069440,2693042,777623,7540105,,,,qc_indep_report.csv,
2e160286784f,2016,wb18_2016_in05,ccap_2021_hires_lc.tif,edmonds_canopy_prob_2016_wb18_2016_in05.tif,forest_wetland,,scored_live,,0.5223,0.6183,0.8237,0.7064,3992726,2464729,854337,7311792,,,,qc_indep_report.csv,
656a12e09406,2016,wb18_2016_in05,ccap_2021_hires_lc.tif,edmonds_canopy_prob_2016_wb18_2016_in05.tif,forest_only,,scored_live,,0.5223,0.6145,0.8045,0.6968,3899464,2446006,947599,7293069,,,,qc_indep_report.csv,
6b52601697ea,2016,wb18_2016_in05,ccap_2016_hires_lc.tif,edmonds_canopy_prob_2016_wb18_2016_in05.tif,forest_wetland,,scored_live,,0.5223,0.6178,0.8696,0.7224,4215216,2607303,631847,7454366,,,,qc_indep_report.csv,
9348a77cbd68,2016,wb18_2016_in05,ccap_2016_hires_lc.tif,edmonds_canopy_prob_2016_wb18_2016_in05.tif,forest_wetland_scrub,,scored_live,,0.5223,0.5723,0.8889,0.6963,4308740,3220473,538323,8067536,,,,qc_indep_report.csv,
e354b01e9786,2016,wb18_2016_in05,ccap_2016_hires_lc.tif,edmonds_canopy_prob_2016_wb18_2016_in05.tif,forest_only,,scored_live,,0.5223,0.6144,0.8525,0.7141,4132128,2593012,714935,7440075,,,,qc_indep_report.csv,
38dbb5de02f6,2016,wb18_2016_in16,ccap_2021_hires_lc.tif,edmonds_canopy_prob_2016_wb18_2016_in16.tif,forest_wetland,sample-test,best_f1,20,0.07874,0.7929,0.7148,0.7518,5119929,1337526,2043257,8500712,0.8247,254,249,qc_indep_sweep_2016_wb18_2016_in16_ccap_2021_hires_lc_sample-test.csv,phase4/qc/curves/38dbb5de02f6.csv
5ebeacd83763,2016,wb18_2016_in16,ccap_2016_hires_lc.tif,edmonds_canopy_prob_2016_wb18_2016_in16.tif,forest_wetland,sample-test,best_f1,21,0.082677,0.7902,0.7626,0.7762,5391402,1431117,1678613,8501132,0.8643,254,249,qc_indep_sweep_2016_wb18_2016_in16_ccap_2016_hires_lc_sample-test.csv,phase4/qc/curves/5ebeacd83763.csv
38dbb5de02f6,2016,wb18_2016_in16,ccap_2021_hires_lc.tif,edmonds_canopy_prob_2016_wb18_2016_in16.tif,forest_wetland,sample-test,matched_p50,4,0.015748,0.9507,0.5194,0.6718,6139362,318093,5680499,12137954,0.8247,254,246,qc_indep_sweep_2016_wb18_2016_in16_ccap_2021_hires_lc_sample-test.csv,phase4/qc/curves/38dbb5de02f6.csv
5ebeacd83763,2016,wb18_2016_in16,ccap_2016_hires_lc.tif,edmonds_canopy_prob_2016_wb18_2016_in16.tif,forest_wetland,sample-test,matched_p50,3,0.011811,0.9599,0.5105,0.6666,6549275,273244,6278807,13101326,0.8643,254,247,qc_indep_sweep_2016_wb18_2016_in16_ccap_2016_hires_lc_sample-test.csv,phase4/qc/curves/5ebeacd83763.csv
38dbb5de02f6,2016,wb18_2016_in16,ccap_2021_hires_lc.tif,edmonds_canopy_prob_2016_wb18_2016_in16.tif,forest_wetland,sample-test,matched_p75,31,0.122047,0.7443,0.7521,0.7482,4806451,1651004,1584228,8041683,0.8247,254,219,qc_indep_sweep_2016_wb18_2016_in16_ccap_2021_hires_lc_sample-test.csv,phase4/qc/curves/38dbb5de02f6.csv
5ebeacd83763,2016,wb18_2016_in16,ccap_2016_hires_lc.tif,edmonds_canopy_prob_2016_wb18_2016_in16.tif,forest_wetland,sample-test,matched_p75,19,0.074803,0.8007,0.7521,0.7757,5462744,1359775,1800187,8622706,0.8643,254,231,qc_indep_sweep_2016_wb18_2016_in16_ccap_2016_hires_lc_sample-test.csv,phase4/qc/curves/5ebeacd83763.csv
38dbb5de02f6,2016,wb18_2016_in16,ccap_2021_hires_lc.tif,edmonds_canopy_prob_2016_wb18_2016_in16.tif,forest_wetland,sample-test,matched_p90,191,0.751968,0.4512,0.9011,0.6013,2913552,3543903,319604,6777059,0.8247,254,59,qc_indep_sweep_2016_wb18_2016_in16_ccap_2021_hires_lc_sample-test.csv,phase4/qc/curves/38dbb5de02f6.csv
5ebeacd83763,2016,wb18_2016_in16,ccap_2016_hires_lc.tif,edmonds_canopy_prob_2016_wb18_2016_in16.tif,forest_wetland,sample-test,matched_p90,131,0.515748,0.5885,0.9001,0.7117,4015159,2807360,445824,7268343,0.8643,254,119,qc_indep_sweep_2016_wb18_2016_in16_ccap_2016_hires_lc_sample-test.csv,phase4/qc/curves/5ebeacd83763.csv
5095126e5ddf,2016,wb18_2016_in16,ccap_2021_hires_lc.tif,edmonds_canopy_prob_2016_wb18_2016_in16.tif,forest_wetland_scrub,,scored_live,,0.5223,0.5632,0.8584,0.6802,3808600,2953882,628050,7390532,,,,qc_indep_report.csv,
606ad3ef2d93,2016,wb18_2016_in16,ccap_2021_hires_lc.tif,edmonds_canopy_prob_2016_wb18_2016_in16.tif,forest_only,,scored_live,,0.5223,0.5783,0.8272,0.6807,3669842,2675628,766808,7112278,,,,qc_indep_report.csv,
a9fccd9e1c10,2016,wb18_2016_in16,ccap_2016_hires_lc.tif,edmonds_canopy_prob_2016_wb18_2016_in16.tif,forest_wetland_scrub,,scored_live,,0.5223,0.5398,0.916,0.6793,4063911,3465302,372739,7901952,,,,qc_indep_report.csv,
bdb7509117cd,2016,wb18_2016_in16,ccap_2016_hires_lc.tif,edmonds_canopy_prob_2016_wb18_2016_in16.tif,forest_only,,scored_live,,0.5223,0.5827,0.8832,0.7021,3918456,2806684,518194,7243334,,,,qc_indep_report.csv,
c88b2df0e9a6,2016,wb18_2016_in16,ccap_2021_hires_lc.tif,edmonds_canopy_prob_2016_wb18_2016_in16.tif,forest_wetland,,scored_live,,0.5223,0.5823,0.8475,0.6903,3760131,2697324,676519,7133974,,,,qc_indep_report.csv,
dd8e90f2abec,2016,wb18_2016_in16,ccap_2016_hires_lc.tif,edmonds_canopy_prob_2016_wb18_2016_in16.tif,forest_wetland,,scored_live,,0.5223,0.5861,0.9013,0.7103,3998610,2823909,438040,7260559,,,,qc_indep_report.csv,
b64cc922d474,2016,wb50_2016_base,ccap_2021_hires_lc.tif,edmonds_canopy_prob_2016_wb50_2016_base.tif,forest_wetland,sample-test,best_f1,31,0.122047,0.7971,0.7171,0.755,5147488,1309967,2030916,8488371,0.8187,254,239,qc_indep_sweep_2016_wb50_2016_base_ccap_2021_hires_lc_sample-test.csv,phase4/qc/curves/b64cc922d474.csv
b64cc922d474,2016,wb50_2016_base,ccap_2021_hires_lc.tif,edmonds_canopy_prob_2016_wb50_2016_base.tif,forest_wetland,sample-test,matched_p50,5,0.019685,0.9481,0.5218,0.6732,6122587,334868,5610197,12067652,0.8187,254,235,qc_indep_sweep_2016_wb50_2016_base_ccap_2021_hires_lc_sample-test.csv,phase4/qc/curves/b64cc922d474.csv
b64cc922d474,2016,wb50_2016_base,ccap_2021_hires_lc.tif,edmonds_canopy_prob_2016_wb50_2016_base.tif,forest_wetland,sample-test,matched_p75,47,0.185039,0.7513,0.7507,0.751,4851609,1605846,1611050,8068505,0.8187,254,193,qc_indep_sweep_2016_wb50_2016_base_ccap_2021_hires_lc_sample-test.csv,phase4/qc/curves/b64cc922d474.csv
b64cc922d474,2016,wb50_2016_base,ccap_2021_hires_lc.tif,edmonds_canopy_prob_2016_wb50_2016_base.tif,forest_wetland,sample-test,matched_p90,183,0.720472,0.3798,0.9001,0.5342,2452326,4005129,272103,6729558,0.8187,254,57,qc_indep_sweep_2016_wb50_2016_base_ccap_2021_hires_lc_sample-test.csv,phase4/qc/curves/b64cc922d474.csv
0ea3b4bf6e57,2016,wb50_2016_base,ccap_2021_hires_lc.tif,edmonds_canopy_prob_2016_wb50_2016_base.tif,forest_wetland,,scored_live,,0.5223,0.6075,0.8316,0.7021,3923143,2534312,794444,7251899,,,,qc_indep_report.csv,
6b222e314592,2016,wb50_2016_base,ccap_2021_hires_lc.tif,edmonds_canopy_prob_2016_wb50_2016_base.tif,forest_wetland_scrub,,scored_live,,0.5223,0.5921,0.8488,0.6976,4004221,2758261,713366,7475848,,,,qc_indep_report.csv,
ea24f041f598,2016,wb50_2016_base,ccap_2021_hires_lc.tif,edmonds_canopy_prob_2016_wb50_2016_base.tif,forest_only,,scored_live,,0.5223,0.6026,0.8106,0.6913,3824027,2521443,893560,7239030,,,,qc_indep_report.csv,
af1f3bb23444,2016,wb50_2016_in05,ccap_2021_hires_lc.tif,edmonds_canopy_prob_2016_wb50_2016_in05.tif,forest_wetland,sample-test,best_f1,24,0.094488,0.8066,0.7161,0.7587,5208479,1248976,2064505,8521960,0.8241,254,244,qc_indep_sweep_2016_wb50_2016_in05_ccap_2021_hires_lc_sample-test.csv,phase4/qc/curves/af1f3bb23444.csv
af1f3bb23444,2016,wb50_2016_in05,ccap_2021_hires_lc.tif,edmonds_canopy_prob_2016_wb50_2016_in05.tif,forest_wetland,sample-test,matched_p50,4,0.015748,0.9576,0.5137,0.6687,6183767,273688,5854195,12311650,0.8241,254,241,qc_indep_sweep_2016_wb50_2016_in05_ccap_2021_hires_lc_sample-test.csv,phase4/qc/curves/af1f3bb23444.csv
af1f3bb23444,2016,wb50_2016_in05,ccap_2021_hires_lc.tif,edmonds_canopy_prob_2016_wb50_2016_in05.tif,forest_wetland,sample-test,matched_p75,38,0.149606,0.7579,0.7516,0.7548,4894263,1563192,1617151,8074606,0.8241,254,207,qc_indep_sweep_2016_wb50_2016_in05_ccap_2021_hires_lc_sample-test.csv,phase4/qc/curves/af1f3bb23444.csv
af1f3bb23444,2016,wb50_2016_in05,ccap_2021_hires_lc.tif,edmonds_canopy_prob_2016_wb50_2016_in05.tif,forest_wetland,sample-test,matched_p90,187,0.73622,0.4216,0.901,0.5744,2722345,3735110,299135,6756590,0.8241,254,52,qc_indep_sweep_2016_wb50_2016_in05_ccap_2021_hires_lc_sample-test.csv,phase4/qc/curves/af1f3bb23444.csv
3554e79cf4de,2016,wb50_2016_in05,ccap_2021_hires_lc.tif,edmonds_canopy_prob_2016_wb50_2016_in05.tif,forest_wetland_scrub,,scored_live,,0.5223,0.5944,0.8519,0.7002,4019424,2743058,698972,7461454,,,,qc_indep_report.csv,
e6b80df40506,2016,wb50_2016_in05,ccap_2021_hires_lc.tif,edmonds_canopy_prob_2016_wb50_2016_in05.tif,forest_only,,scored_live,,0.5223,0.6069,0.8161,0.6961,3850853,2494617,867543,7213013,,,,qc_indep_report.csv,
f9c7aec26026,2016,wb50_2016_in05,ccap_2021_hires_lc.tif,edmonds_canopy_prob_2016_wb50_2016_in05.tif,forest_wetland,,scored_live,,0.5223,0.6104,0.8354,0.7054,3941554,2515901,776842,7234297,,,,qc_indep_report.csv,
01204cbcde3e,2017,,ccap_2016_hires_lc_snohfull.tif,edmonds_canopy_prob_2017_citywide_rgb.tif,forest_wetland,,scored_live,,0.4986,0.7058,0.9007,0.7914,5325011188,2219991537,586869296,8131872021,,,,qc_indep_report.csv,
1deb6aff4baa,2017,,ccap_2016_hires_lc.tif,edmonds_canopy_prob_2017_xsensor_train.tif,forest_wetland,,scored_live,,0.4759,0.7784,0.8083,0.7931,3685287564,1049044118,874283318,5608615000,,,,qc_indep_report.csv,
4ebb3987d7a7,2017,,ccap_2016_hires_lc_snohfull.tif,edmonds_canopy_prob_2017_citywide_rgb.tif,forest_wetland_scrub,,scored_live,,0.4986,0.673,0.9212,0.7778,5445741963,2645945046,466138521,8557825530,,,,qc_indep_report.csv,
a16643239be2,2017,,ccap_2016_hires_lc_snohfull.tif,edmonds_canopy_prob_2017_citywide_rgb.tif,forest_only,,scored_live,,0.4986,0.704,0.8898,0.7861,5260187277,2211440045,651693207,8123320529,,,,qc_indep_report.csv,
acf408688bfd,2017,,ccap_2016_hires_lc.tif,edmonds_canopy_prob_2017_xsensor_train.tif,forest_wetland_scrub,,scored_live,,0.4759,0.7495,0.8423,0.7932,3840664948,1283970958,718905934,5843541840,,,,qc_indep_report.csv,
da12efdf8459,2017,,ccap_2016_hires_lc.tif,edmonds_canopy_prob_2017_xsensor_train.tif,forest_only,,scored_live,,0.4759,0.7767,0.7985,0.7874,3641000378,1047045287,918570504,5606616169,,,,qc_indep_report.csv,
657602804aac,2017,heal_2017,ccap_2016_hires_lc.tif,edmonds_canopy_prob_2017_heal_2017.tif,forest_wetland,,best_f1,41,0.161417,0.8009,0.8104,0.8056,3791773450,942558232,886963171,5621294853,0.8407,254,185,qc_indep_sweep_2017_heal_2017_ccap_2016_hires_lc.csv,phase4/qc/curves/657602804aac.csv
efb2813b8a46,2017,heal_2017,ccap_2021_hires_lc.tif,edmonds_canopy_prob_2017_heal_2017.tif,forest_wetland,,best_f1,41,0.161417,0.7962,0.7529,0.7739,3522601420,901900090,1156135201,5580636711,0.7865,254,185,qc_indep_sweep_2017_heal_2017_ccap_2021_hires_lc.csv,phase4/qc/curves/efb2813b8a46.csv
657602804aac,2017,heal_2017,ccap_2016_hires_lc.tif,edmonds_canopy_prob_2017_heal_2017.tif,forest_wetland,,matched_p50,40,0.15748,0.8539,0.7502,0.7987,4042853174,691478508,1346297170,6080628852,0.8407,254,125,qc_indep_sweep_2017_heal_2017_ccap_2016_hires_lc.csv,phase4/qc/curves/657602804aac.csv
efb2813b8a46,2017,heal_2017,ccap_2021_hires_lc.tif,edmonds_canopy_prob_2017_heal_2017.tif,forest_wetland,,matched_p50,40,0.15748,0.8502,0.698,0.7666,3761763654,662737856,1627386690,6051888200,0.7865,254,110,qc_indep_sweep_2017_heal_2017_ccap_2021_hires_lc.csv,phase4/qc/curves/efb2813b8a46.csv
657602804aac,2017,heal_2017,ccap_2016_hires_lc.tif,edmonds_canopy_prob_2017_heal_2017.tif,forest_wetland,,matched_p75,40,0.15748,0.8539,0.7502,0.7987,4042853174,691478508,1346297170,6080628852,0.8407,254,112,qc_indep_sweep_2017_heal_2017_ccap_2016_hires_lc.csv,phase4/qc/curves/657602804aac.csv
efb2813b8a46,2017,heal_2017,ccap_2021_hires_lc.tif,edmonds_canopy_prob_2017_heal_2017.tif,forest_wetland,,matched_p75,41,0.161417,0.7962,0.7529,0.7739,3522601420,901900090,1156135201,5580636711,0.7865,254,99,qc_indep_sweep_2017_heal_2017_ccap_2021_hires_lc.csv,phase4/qc/curves/efb2813b8a46.csv
657602804aac,2017,heal_2017,ccap_2016_hires_lc.tif,edmonds_canopy_prob_2017_heal_2017.tif,forest_wetland,,matched_p90,127,0.5,0.3145,0.9252,0.4694,1488905585,3245426097,120447772,4854779454,0.8407,254,13,qc_indep_sweep_2017_heal_2017_ccap_2016_hires_lc.csv,phase4/qc/curves/657602804aac.csv
efb2813b8a46,2017,heal_2017,ccap_2021_hires_lc.tif,edmonds_canopy_prob_2017_heal_2017.tif,forest_wetland,,matched_p90,131,0.515748,0.0087,0.9003,0.0173,38588763,4385912747,4271872,4428773382,0.7865,254,6,qc_indep_sweep_2017_heal_2017_ccap_2021_hires_lc.csv,phase4/qc/curves/efb2813b8a46.csv
4dee40818707,2017,heal_2017,ccap_2016_hires_lc.tif,edmonds_canopy_prob_2017_heal_2017.tif,forest_wetland_scrub,,scored_live,,0.4986,0.2962,0.9432,0.4508,1517867948,3606767958,91485409,5216121315,,,,qc_indep_report.csv,
657602804aac,2017,heal_2017,ccap_2016_hires_lc.tif,edmonds_canopy_prob_2017_heal_2017.tif,forest_wetland,,scored_live,,0.4986,0.3145,0.9252,0.4694,1488905585,3245426097,120447772,4854779454,,,,qc_indep_report.csv,
73b8d2634b50,2017,heal_2017,ccap_2021_hires_lc.tif,edmonds_canopy_prob_2017_heal_2017.tif,forest_wetland_scrub,,scored_live,,0.4986,0.3073,0.8797,0.4555,1415699983,3191093479,193653374,4800446836,,,,qc_indep_report.csv,
87d7080f49ad,2017,heal_2017,ccap_2021_hires_lc.tif,edmonds_canopy_prob_2017_heal_2017.tif,forest_only,,scored_live,,0.4986,0.3141,0.8524,0.459,1371845667,2995770010,237507690,4605123367,,,,qc_indep_report.csv,
95a56c004d64,2017,heal_2017,ccap_2016_hires_lc.tif,edmonds_canopy_prob_2017_heal_2017.tif,forest_only,,scored_live,,0.4986,0.3127,0.9109,0.4656,1466013127,3222032538,143340230,4831385895,,,,qc_indep_report.csv,
efb2813b8a46,2017,heal_2017,ccap_2021_hires_lc.tif,edmonds_canopy_prob_2017_heal_2017.tif,forest_wetland,,scored_live,,0.4986,0.3154,0.867,0.4625,1395279046,3029222464,214074311,4638575821,,,,qc_indep_report.csv,
77dd08bf8bed,2017,of_2017,ccap_2021_hires_lc.tif,edmonds_canopy_prob_2017_of_2017.tif,forest_wetland,,best_f1,57,0.224409,0.8173,0.7324,0.7725,3616065495,808436015,1321125135,5745626645,0.7962,254,252,qc_indep_sweep_2017_of_2017_ccap_2021_hires_lc.csv,phase4/qc/curves/77dd08bf8bed.csv
77dd08bf8bed,2017,of_2017,ccap_2021_hires_lc.tif,edmonds_canopy_prob_2017_of_2017.tif,forest_wetland,,matched_p50,55,0.216535,0.8812,0.6429,0.7435,3899088641,525412869,2165483354,6589984864,0.7962,254,198,qc_indep_sweep_2017_of_2017_ccap_2021_hires_lc.csv,phase4/qc/curves/77dd08bf8bed.csv
77dd08bf8bed,2017,of_2017,ccap_2021_hires_lc.tif,edmonds_canopy_prob_2017_of_2017.tif,forest_wetland,,matched_p75,60,0.23622,0.7878,0.7531,0.77,3485472589,939028921,1142860431,5567361941,0.7962,254,193,qc_indep_sweep_2017_of_2017_ccap_2021_hires_lc.csv,phase4/qc/curves/77dd08bf8bed.csv
77dd08bf8bed,2017,of_2017,ccap_2021_hires_lc.tif,edmonds_canopy_prob_2017_of_2017.tif,forest_wetland,,matched_p90,139,0.547244,0.0466,0.901,0.0886,206034318,4218467192,22636278,4447137788,0.7962,254,114,qc_indep_sweep_2017_of_2017_ccap_2021_hires_lc.csv,phase4/qc/curves/77dd08bf8bed.csv
77dd08bf8bed,2017,of_2017,ccap_2021_hires_lc.tif,edmonds_canopy_prob_2017_of_2017.tif,forest_wetland,,scored_live,,0.5,0.7394,0.7819,0.7601,3271464484,1153037026,912409651,5336911161,,,,qc_indep_report.csv,
bfb94de6a60b,2017,of_2017,ccap_2021_hires_lc.tif,edmonds_canopy_prob_2017_of_2017.tif,forest_only,,scored_live,,0.5,0.737,0.7693,0.7528,3218853901,1148761776,965020234,5332635911,,,,qc_indep_report.csv,
d80eb0544e5d,2017,of_2017,ccap_2021_hires_lc.tif,edmonds_canopy_prob_2017_of_2017.tif,forest_wetland_scrub,,scored_live,,0.5,0.7284,0.802,0.7634,3355559918,1251233544,828314217,5435107679,,,,qc_indep_report.csv,
51da78ca2773,2017k,of_2017k,ccap_2021_hires_lc.tif,edmonds_canopy_prob_2017k_of_2017k.tif,forest_wetland,,best_f1,34,0.133858,0.8159,0.75,0.7816,902475090,203640989,300836645,1406952724,0.8223,254,222,qc_indep_sweep_2017k_of_2017k_ccap_2021_hires_lc.csv,phase4/qc/curves/51da78ca2773.csv
51da78ca2773,2017k,of_2017k,ccap_2021_hires_lc.tif,edmonds_canopy_prob_2017k_of_2017k.tif,forest_wetland,,matched_p50,20,0.07874,0.9305,0.5258,0.6719,1029255264,76860815,928346676,2034462755,0.8223,254,200,qc_indep_sweep_2017k_of_2017k_ccap_2021_hires_lc.csv,phase4/qc/curves/51da78ca2773.csv
51da78ca2773,2017k,of_2017k,ccap_2021_hires_lc.tif,edmonds_canopy_prob_2017k_of_2017k.tif,forest_wetland,,matched_p75,34,0.133858,0.8159,0.75,0.7816,902475090,203640989,300836645,1406952724,0.8223,254,182,qc_indep_sweep_2017k_of_2017k_ccap_2021_hires_lc.csv,phase4/qc/curves/51da78ca2773.csv
51da78ca2773,2017k,of_2017k,ccap_2021_hires_lc.tif,edmonds_canopy_prob_2017k_of_2017k.tif,forest_wetland,,matched_p90,170,0.669291,0.3813,0.9002,0.5357,421779209,684336870,46771116,1152887195,0.8223,254,41,qc_indep_sweep_2017k_of_2017k_ccap_2021_hires_lc.csv,phase4/qc/curves/51da78ca2773.csv
51da78ca2773,2017k,of_2017k,ccap_2021_hires_lc.tif,edmonds_canopy_prob_2017k_of_2017k.tif,forest_wetland,,scored_live,,0.5,0.6816,0.8286,0.7479,753982219,352133860,156018829,1262134908,,,,qc_indep_report.csv,
c1f0502b2239,2017k,of_2017k,ccap_2021_hires_lc.tif,edmonds_canopy_prob_2017k_of_2017k.tif,forest_wetland_scrub,,scored_live,,0.5,0.6675,0.8448,0.7458,768732556,382957823,141268492,1292958871,,,,qc_indep_report.csv,
eae57e321fb4,2017k,of_2017k,ccap_2021_hires_lc.tif,edmonds_canopy_prob_2017k_of_2017k.tif,forest_only,,scored_live,,0.5,0.6794,0.8152,0.7411,741814506,350080447,168186542,1260081495,,,,qc_indep_report.csv,
49ba3c0af71e,2017n,of_2017n,ccap_2021_hires_lc.tif,edmonds_canopy_prob_2017n_of_2017n.tif,forest_wetland,,best_f1,61,0.240157,0.7912,0.6508,0.7142,8799676,2321750,4722436,15843862,0.7012,254,184,qc_indep_sweep_2017n_of_2017n_ccap_2021_hires_lc.csv,phase4/qc/curves/49ba3c0af71e.csv
49ba3c0af71e,2017n,of_2017n,ccap_2021_hires_lc.tif,edmonds_canopy_prob_2017n_of_2017n.tif,forest_wetland,,matched_p50,40,0.15748,0.8982,0.5004,0.6428,9989203,1132223,9972051,21093477,0.7012,254,145,qc_indep_sweep_2017n_of_2017n_ccap_2021_hires_lc.csv,phase4/qc/curves/49ba3c0af71e.csv
49ba3c0af71e,2017n,of_2017n,ccap_2021_hires_lc.tif,edmonds_canopy_prob_2017n_of_2017n.tif,forest_wetland,,matched_p75,122,0.480314,0.1982,0.7632,0.3147,2204482,8916944,684064,11805490,0.7012,254,63,qc_indep_sweep_2017n_of_2017n_ccap_2021_hires_lc.csv,phase4/qc/curves/49ba3c0af71e.csv
49ba3c0af71e,2017n,of_2017n,ccap_2021_hires_lc.tif,edmonds_canopy_prob_2017n_of_2017n.tif,forest_wetland,,matched_p90,125,0.492125,0.0949,0.9393,0.1724,1055650,10065776,68231,11189657,0.7012,254,60,qc_indep_sweep_2017n_of_2017n_ccap_2021_hires_lc.csv,phase4/qc/curves/49ba3c0af71e.csv
14684312674f,2017n,of_2017n,ccap_2021_hires_lc.tif,edmonds_canopy_prob_2017n_of_2017n.tif,forest_wetland_scrub,,scored_live,,0.5,0.0736,0.9657,0.1368,852635,10726935,30310,11609880,,,,qc_indep_report.csv,
49ba3c0af71e,2017n,of_2017n,ccap_2021_hires_lc.tif,edmonds_canopy_prob_2017n_of_2017n.tif,forest_wetland,,scored_live,,0.5,0.076,0.9576,0.1408,845533,10275893,37412,11158838,,,,qc_indep_report.csv,
d410e4ce4c77,2017n,of_2017n,ccap_2021_hires_lc.tif,edmonds_canopy_prob_2017n_of_2017n.tif,forest_only,,scored_live,,0.5,0.0756,0.9397,0.1399,829694,10148738,53251,11031683,,,,qc_indep_report.csv,
0b157d79812c,2017s,of_2017s,ccap_2021_hires_lc.tif,edmonds_canopy_prob_2017s_of_2017s.tif,forest_wetland,,best_f1,37,0.145669,0.7987,0.7137,0.7538,95671810,24119354,38385076,158176240,0.8191,254,225,qc_indep_sweep_2017s_of_2017s_ccap_2021_hires_lc.csv,phase4/qc/curves/0b157d79812c.csv
0b157d79812c,2017s,of_2017s,ccap_2021_hires_lc.tif,edmonds_canopy_prob_2017s_of_2017s.tif,forest_wetland,,matched_p50,26,0.102362,0.9506,0.5113,0.6649,113874832,5916332,108848917,228640081,0.8191,254,200,qc_indep_sweep_2017s_of_2017s_ccap_2021_hires_lc.csv,phase4/qc/curves/0b157d79812c.csv
0b157d79812c,2017s,of_2017s,ccap_2021_hires_lc.tif,edmonds_canopy_prob_2017s_of_2017s.tif,forest_wetland,,matched_p75,42,0.165354,0.7462,0.751,0.7486,89390841,30400323,29630914,149422078,0.8191,254,184,qc_indep_sweep_2017s_of_2017s_ccap_2021_hires_lc.csv,phase4/qc/curves/0b157d79812c.csv
0b157d79812c,2017s,of_2017s,ccap_2021_hires_lc.tif,edmonds_canopy_prob_2017s_of_2017s.tif,forest_wetland,,matched_p90,142,0.559055,0.3599,0.9011,0.5143,43110937,76680227,4733861,124525025,0.8191,254,84,qc_indep_sweep_2017s_of_2017s_ccap_2021_hires_lc.csv,phase4/qc/curves/0b157d79812c.csv
07f2e4ad3ae4,2017s,of_2017s,ccap_2021_hires_lc.tif,edmonds_canopy_prob_2017s_of_2017s.tif,forest_only,,scored_live,,0.5,0.5511,0.8277,0.6617,65168946,53082010,13562691,131813647,,,,qc_indep_report.csv,
0b157d79812c,2017s,of_2017s,ccap_2021_hires_lc.tif,edmonds_canopy_prob_2017s_of_2017s.tif,forest_wetland,,scored_live,,0.5,0.555,0.8445,0.6698,66487849,53303315,12243788,132034952,,,,qc_indep_report.csv,
b8e4c2c77063,2017s,of_2017s,ccap_2021_hires_lc.tif,edmonds_canopy_prob_2017s_of_2017s.tif,forest_wetland_scrub,,scored_live,,0.5,0.5437,0.8612,0.6666,67807605,56918456,10924032,135650093,,,,qc_indep_report.csv,
2deb6089b7be,2018s,,ccap_2016_hires_lc_snohfull.tif,edmonds_canopy_prob_2018s_sectors_v1.tif,forest_only,,scored_live,,0.5,0.4581,0.7908,0.5801,60462576,71522912,15998665,147984153,,,,qc_indep_report.csv,
71ccafac5e80,2018s,,ccap_2016_hires_lc_snohfull.tif,edmonds_canopy_prob_2018s_sectors_v1.tif,forest_wetland_scrub,,scored_live,,0.5,0.4295,0.8192,0.5635,62637396,83200773,13823845,159662014,,,,qc_indep_report.csv,
90dc29dfb752,2018s,,ccap_2016_hires_lc_snohfull.tif,edmonds_canopy_prob_2018s_sectors_v1.tif,forest_wetland,,scored_live,,0.5,0.4611,0.8024,0.5857,61352242,71706639,15108999,148167880,,,,qc_indep_report.csv,
0127d1189e4f,2018s,fullext_sectors_v1,ccap_2021_hires_lc.tif,edmonds_canopy_prob_2018s_fullext_sectors_v1.tif,forest_wetland,,scored_live,,0.5,0.6459,0.7849,0.7086,55451002,30397137,15192275,101040414,,,,qc_indep_report.csv,
bd5e4e6a3024,2018s,fullext_sectors_v1,ccap_2021_hires_lc.tif,edmonds_canopy_prob_2018s_fullext_sectors_v1.tif,forest_only,,scored_live,,0.5,0.6428,0.7736,0.7022,54650528,30369391,15992749,101012668,,,,qc_indep_report.csv,
c00760704df0,2018s,fullext_sectors_v1,ccap_2021_hires_lc.tif,edmonds_canopy_prob_2018s_fullext_sectors_v1.tif,forest_wetland_scrub,,scored_live,,0.5,0.6322,0.8078,0.7093,57064162,33194840,13579115,103838117,,,,qc_indep_report.csv,
34c5643b5b6c,2019,,ccap_2021_hires_lc.tif,edmonds_canopy_prob_2019_citywide_rgb.tif,forest_wetland,,scored_live,,0.332,0.6346,0.8242,0.7171,701986172,404127441,149713408,1255827021,,,,qc_indep_report.csv,
61167fd77179,2019,,ccap_2021_hires_lc.tif,edmonds_canopy_prob_2019_citywide_rgb.tif,forest_only,,scored_live,,0.332,0.6314,0.8094,0.7094,689376914,402515594,162322666,1254215174,,,,qc_indep_report.csv,
8ab169ae22e7,2019,,ccap_2021_hires_lc.tif,edmonds_canopy_prob_2019_citywide_rgb.tif,forest_wetland_scrub,,scored_live,,0.332,0.6259,0.8464,0.7196,720844998,430842804,130854582,1282542384,,,,qc_indep_report.csv,
1168d44cc6e4,2019,pilot_e2_fine,ccap_2021_hires_lc.tif,edmonds_canopy_prob_2019_pilot_e2_fine.tif,forest_wetland,,scored_live,,0.332,0.6492,0.8365,0.731,718113420,388000193,140337259,1246450872,,,,qc_indep_report.csv,
40317428cee6,2019,pilot_e2_fine,ccap_2021_hires_lc.tif,edmonds_canopy_prob_2019_pilot_e2_fine.tif,forest_wetland_scrub,,scored_live,,0.332,0.6383,0.8563,0.7314,735080675,416607127,123370004,1275057806,,,,qc_indep_report.csv,
45ffa906cd59,2019,pilot_e2_fine,ccap_2021_hires_lc.tif,edmonds_canopy_prob_2019_pilot_e2_fine.tif,forest_only,,scored_live,,0.332,0.6461,0.8218,0.7234,705469922,386422586,152980757,1244873265,,,,qc_indep_report.csv,
48135ad489f3,2019,trend8_2019,ccap_2016_hires_lc.tif,edmonds_canopy_prob_2019_trend8_2019.tif,forest_wetland,,best_f1,26,0.102362,0.7832,0.7647,0.7739,927024349,256555169,285242644,1468822162,0.8374,254,247,qc_indep_sweep_2019_trend8_2019_ccap_2016_hires_lc.csv,phase4/qc/curves/48135ad489f3.csv
fe90bb21a580,2019,trend8_2019,ccap_2021_hires_lc.tif,edmonds_canopy_prob_2019_trend8_2019.tif,forest_wetland,,best_f1,26,0.102362,0.7962,0.7265,0.7598,880721369,225392244,331545624,1437659237,0.8093,254,247,qc_indep_sweep_2019_trend8_2019_ccap_2021_hires_lc.csv,phase4/qc/curves/fe90bb21a580.csv
48135ad489f3,2019,trend8_2019,ccap_2016_hires_lc.tif,edmonds_canopy_prob_2019_trend8_2019.tif,forest_wetland,,matched_p50,16,0.062992,0.924,0.511,0.6581,1093656183,89923335,1046514463,2230093981,0.8374,254,232,qc_indep_sweep_2019_trend8_2019_ccap_2016_hires_lc.csv,phase4/qc/curves/48135ad489f3.csv
fe90bb21a580,2019,trend8_2019,ccap_2021_hires_lc.tif,edmonds_canopy_prob_2019_trend8_2019.tif,forest_wetland,,matched_p50,17,0.066929,0.925,0.5273,0.6717,1023128202,82985411,917030129,2023143742,0.8093,254,231,qc_indep_sweep_2019_trend8_2019_ccap_2021_hires_lc.csv,phase4/qc/curves/fe90bb21a580.csv
48135ad489f3,2019,trend8_2019,ccap_2016_hires_lc.tif,edmonds_canopy_prob_2019_trend8_2019.tif,forest_wetland,,matched_p75,25,0.098425,0.7989,0.7501,0.7737,945544604,238034914,314996063,1498575581,0.8374,254,223,qc_indep_sweep_2019_trend8_2019_ccap_2016_hires_lc.csv,phase4/qc/curves/48135ad489f3.csv
fe90bb21a580,2019,trend8_2019,ccap_2021_hires_lc.tif,edmonds_canopy_prob_2019_trend8_2019.tif,forest_wetland,,matched_p75,29,0.114173,0.752,0.7582,0.7551,831838631,274274982,265322842,1371436455,0.8093,254,219,qc_indep_sweep_2019_trend8_2019_ccap_2021_hires_lc.csv,phase4/qc/curves/fe90bb21a580.csv
48135ad489f3,2019,trend8_2019,ccap_2016_hires_lc.tif,edmonds_canopy_prob_2019_trend8_2019.tif,forest_wetland,,matched_p90,134,0.527559,0.4975,0.9008,0.641,588786205,594793313,64817220,1248396738,0.8374,254,114,qc_indep_sweep_2019_trend8_2019_ccap_2016_hires_lc.csv,phase4/qc/curves/48135ad489f3.csv
fe90bb21a580,2019,trend8_2019,ccap_2021_hires_lc.tif,edmonds_canopy_prob_2019_trend8_2019.tif,forest_wetland,,matched_p90,159,0.625984,0.3206,0.9006,0.4729,354620568,751493045,39134227,1145247840,0.8093,254,89,qc_indep_sweep_2019_trend8_2019_ccap_2021_hires_lc.csv,phase4/qc/curves/fe90bb21a580.csv
005166b12e38,2019,trend8_2019,ccap_2021_hires_lc.tif,edmonds_canopy_prob_2019_trend8_2019.tif,forest_wetland_scrub,,scored_live,,0.5,0.5571,0.8642,0.6775,641564622,510123180,100824236,1252512038,,,,qc_indep_report.csv,
48135ad489f3,2019,trend8_2019,ccap_2016_hires_lc.tif,edmonds_canopy_prob_2019_trend8_2019.tif,forest_wetland,,scored_live,,0.332,0.6095,0.8688,0.7164,721363058,462216460,108973907,1292553425,,,,qc_indep_report.csv,
597c90636bde,2019,trend8_2019,ccap_2021_hires_lc.tif,edmonds_canopy_prob_2019_trend8_2019.tif,forest_only,,scored_live,,0.5,0.5621,0.8267,0.6692,613708254,478184254,128680604,1220573112,,,,qc_indep_report.csv,
9b69c247c29b,2019,trend8_2019,ccap_2016_hires_lc.tif,edmonds_canopy_prob_2019_trend8_2019.tif,forest_wetland_scrub,,scored_live,,0.332,0.5779,0.8916,0.7013,740354008,540800217,89982957,1371137182,,,,qc_indep_report.csv,
e52906c87684,2019,trend8_2019,ccap_2016_hires_lc.tif,edmonds_canopy_prob_2019_trend8_2019.tif,forest_only,,scored_live,,0.332,0.6063,0.8558,0.7098,710603851,461404907,119733114,1291741872,,,,qc_indep_report.csv,
fe90bb21a580,2019,trend8_2019,ccap_2021_hires_lc.tif,edmonds_canopy_prob_2019_trend8_2019.tif,forest_wetland,,scored_live,,0.5,0.5656,0.8428,0.6769,625667006,480446607,116721852,1222835465,,,,qc_indep_report.csv,
33a7006c664c,2019n,,ccap_2021_hires_lc.tif,edmonds_canopy_prob_2019n_p2nir.tif,forest_wetland,,scored_live,,0.495,0.6499,0.854,0.7381,18203853,9805111,3112290,31121254,,,,qc_indep_report.csv,
8a35550fab98,2019n,,ccap_2021_hires_lc.tif,edmonds_canopy_prob_2019n_p2nir.tif,forest_only,,scored_live,,0.495,0.6475,0.8402,0.7314,17910447,9750237,3405696,31066380,,,,qc_indep_report.csv,
cbb26dc3c621,2019n,,ccap_2021_hires_lc.tif,edmonds_canopy_prob_2019n_p2nir.tif,forest_wetland_scrub,,scored_live,,0.495,0.6336,0.8668,0.7321,18477574,10683462,2838569,31999605,,,,qc_indep_report.csv,
7c6b9e7cc49e,2019n,nir_m06,ccap_2021_hires_lc.tif,edmonds_canopy_prob_2019n_nir_m06.tif,forest_only,,scored_live,,0.5008,0.465,0.7973,0.5874,2908638,3346180,739554,6994372,,,,qc_indep_report.csv,
ccbfcaf160e8,2019n,nir_m06,ccap_2021_hires_lc.tif,edmonds_canopy_prob_2019n_nir_m06.tif,forest_wetland_scrub,,scored_live,,0.5008,0.4565,0.839,0.5913,3060699,3644122,587493,7292314,,,,qc_indep_report.csv,
cdeb1379721b,2019n,nir_m06,ccap_2021_hires_lc.tif,edmonds_canopy_prob_2019n_nir_m06.tif,forest_wetland,,scored_live,,0.5008,0.4709,0.8189,0.598,2987655,3357202,660537,7005394,,,,qc_indep_report.csv,
062873e4c92c,2019n,pilot_e2_coarse,ccap_2021_hires_lc.tif,edmonds_canopy_prob_2019n_pilot_e2_coarse.tif,forest_wetland,,scored_live,,0.4951,0.6915,0.7858,0.7356,21362985,9528573,5822338,36713896,,,,qc_indep_report.csv,
3a5b32a1b8cb,2019n,pilot_e2_coarse,ccap_2021_hires_lc.tif,edmonds_canopy_prob_2019n_pilot_e2_coarse.tif,forest_only,,scored_live,,0.4951,0.6887,0.7725,0.7282,21000989,9493313,6184334,36678636,,,,qc_indep_report.csv,
ac03454176e5,2019n,pilot_e2_coarse,ccap_2021_hires_lc.tif,edmonds_canopy_prob_2019n_pilot_e2_coarse.tif,forest_wetland_scrub,,scored_live,,0.4951,0.6792,0.8036,0.7362,21845660,10318670,5339663,37503993,,,,qc_indep_report.csv,
03f2f6f56c45,2019n,t1_2019n_base,ccap_2021_hires_lc.tif,edmonds_canopy_prob_2019n_t1_2019n_base.tif,forest_wetland,sample-selection,best_f1,81,0.318897,0.821,0.6695,0.7376,795794,173498,392781,1362073,0.7951,254,218,qc_indep_sweep_2019n_t1_2019n_base_ccap_2021_hires_lc_sample-selection.csv,phase4/qc/curves/03f2f6f56c45.csv
50cffc0c3217,2019n,t1_2019n_base,ccap_2021_hires_lc.tif,edmonds_canopy_prob_2019n_t1_2019n_base.tif,forest_wetland,sample-test,best_f1,97,0.381889,0.79,0.6866,0.7347,1315804,349833,600612,2266249,0.8038,254,220,qc_indep_sweep_2019n_t1_2019n_base_ccap_2021_hires_lc_sample-test.csv,phase4/qc/curves/50cffc0c3217.csv
03f2f6f56c45,2019n,t1_2019n_base,ccap_2021_hires_lc.tif,edmonds_canopy_prob_2019n_t1_2019n_base.tif,forest_wetland,sample-selection,matched_p50,40,0.15748,0.9716,0.5107,0.6695,941812,27480,902517,1871809,0.7951,254,179,qc_indep_sweep_2019n_t1_2019n_base_ccap_2021_hires_lc_sample-selection.csv,phase4/qc/curves/03f2f6f56c45.csv
50cffc0c3217,2019n,t1_2019n_base,ccap_2021_hires_lc.tif,edmonds_canopy_prob_2019n_t1_2019n_base.tif,forest_wetland,sample-test,matched_p50,40,0.15748,0.9479,0.5136,0.6663,1578823,86814,1494971,3160608,0.8038,254,181,qc_indep_sweep_2019n_t1_2019n_base_ccap_2021_hires_lc_sample-test.csv,phase4/qc/curves/50cffc0c3217.csv
03f2f6f56c45,2019n,t1_2019n_base,ccap_2021_hires_lc.tif,edmonds_canopy_prob_2019n_t1_2019n_base.tif,forest_wetland,sample-selection,matched_p75,129,0.507874,0.6564,0.7609,0.7048,636210,333082,199932,1169224,0.7951,254,90,qc_indep_sweep_2019n_t1_2019n_base_ccap_2021_hires_lc_sample-selection.csv,phase4/qc/curves/03f2f6f56c45.csv
50cffc0c3217,2019n,t1_2019n_base,ccap_2021_hires_lc.tif,edmonds_canopy_prob_2019n_t1_2019n_base.tif,forest_wetland,sample-test,matched_p75,129,0.507874,0.6749,0.7638,0.7166,1124194,541443,347695,2013332,0.8038,254,92,qc_indep_sweep_2019n_t1_2019n_base_ccap_2021_hires_lc_sample-test.csv,phase4/qc/curves/50cffc0c3217.csv
03f2f6f56c45,2019n,t1_2019n_base,ccap_2021_hires_lc.tif,edmonds_canopy_prob_2019n_t1_2019n_base.tif,forest_wetland,sample-selection,matched_p90,161,0.633858,0.2218,0.9008,0.356,215032,754260,23692,992984,0.7951,254,58,qc_indep_sweep_2019n_t1_2019n_base_ccap_2021_hires_lc_sample-selection.csv,phase4/qc/curves/03f2f6f56c45.csv
50cffc0c3217,2019n,t1_2019n_base,ccap_2021_hires_lc.tif,edmonds_canopy_prob_2019n_t1_2019n_base.tif,forest_wetland,sample-test,matched_p90,160,0.629921,0.3081,0.9034,0.4595,513218,1152419,54907,1720544,0.8038,254,61,qc_indep_sweep_2019n_t1_2019n_base_ccap_2021_hires_lc_sample-test.csv,phase4/qc/curves/50cffc0c3217.csv
5c1a8f7a4d92,2019n,t1_2019n_base,ccap_2021_hires_lc.tif,edmonds_canopy_prob_2019n_t1_2019n_base.tif,forest_only,,scored_live,,0.5,0.7462,0.7141,0.7298,723332,245960,289602,1258894,,,,qc_indep_report.csv,
5c1a8f7a4d92,2019n,t1_2019n_base,ccap_2021_hires_lc.tif,edmonds_canopy_prob_2019n_t1_2019n_base.tif,forest_only,,scored_live,,0.488188,0.7528,0.6953,0.7229,1232200,404557,540035,2176792,,,,qc_indep_report.csv,
82853e7d7747,2019n,t1_2019n_base,ccap_2021_hires_lc.tif,edmonds_canopy_prob_2019n_t1_2019n_base.tif,forest_wetland,,scored_live,,0.5,0.7462,0.7141,0.7298,723332,245960,289602,1258894,,,,qc_indep_report.csv,
82853e7d7747,2019n,t1_2019n_base,ccap_2021_hires_lc.tif,edmonds_canopy_prob_2019n_t1_2019n_base.tif,forest_wetland,,scored_live,,0.488188,0.7567,0.7112,0.7332,1260363,405274,511872,2177509,,,,qc_indep_report.csv,
c069466722a3,2019n,t1_2019n_base,ccap_2021_hires_lc.tif,edmonds_canopy_prob_2019n_t1_2019n_base.tif,forest_wetland_scrub,,scored_live,,0.5,0.7232,0.7218,0.7225,731134,279817,281800,1292751,,,,qc_indep_report.csv,
c069466722a3,2019n,t1_2019n_base,ccap_2021_hires_lc.tif,edmonds_canopy_prob_2019n_t1_2019n_base.tif,forest_wetland_scrub,,scored_live,,0.488188,0.7371,0.7255,0.7313,1285828,458560,486407,2230795,,,,qc_indep_report.csv,
db86a9ec08d4,2019n,t1_2019n_nir,ccap_2021_hires_lc.tif,edmonds_canopy_prob_2019n_t1_2019n_nir.tif,forest_wetland,sample-test,best_f1,68,0.267716,0.7938,0.6961,0.7418,1322197,343440,577218,2242855,0.8105,254,219,qc_indep_sweep_2019n_t1_2019n_nir_ccap_2021_hires_lc_sample-test.csv,phase4/qc/curves/db86a9ec08d4.csv
edb2f243abfd,2019n,t1_2019n_nir,ccap_2021_hires_lc.tif,edmonds_canopy_prob_2019n_t1_2019n_nir.tif,forest_wetland,sample-selection,best_f1,65,0.255905,0.8152,0.684,0.7439,790138,179154,364996,1334288,0.8031,254,220,qc_indep_sweep_2019n_t1_2019n_nir_ccap_2021_hires_lc_sample-selection.csv,phase4/qc/curves/edb2f243abfd.csv
db86a9ec08d4,2019n,t1_2019n_nir,ccap_2021_hires_lc.tif,edmonds_canopy_prob_2019n_t1_2019n_nir.tif,forest_wetland,sample-test,matched_p50,38,0.149606,0.9538,0.5137,0.6678,1588655,76982,1503700,3169337,0.8105,254,182,qc_indep_sweep_2019n_t1_2019n_nir_ccap_2021_hires_lc_sample-test.csv,phase4/qc/curves/db86a9ec08d4.csv
edb2f243abfd,2019n,t1_2019n_nir,ccap_2021_hires_lc.tif,edmonds_canopy_prob_2019n_t1_2019n_nir.tif,forest_wetland,sample-selection,matched_p50,38,0.149606,0.9732,0.5137,0.6725,943317,25975,892959,1862251,0.8031,254,183,qc_indep_sweep_2019n_t1_2019n_nir_ccap_2021_hires_lc_sample-selection.csv,phase4/qc/curves/edb2f243abfd.csv
db86a9ec08d4,2019n,t1_2019n_nir,ccap_2021_hires_lc.tif,edmonds_canopy_prob_2019n_t1_2019n_nir.tif,forest_wetland,sample-test,matched_p75,126,0.496062,0.7146,0.7507,0.7322,1190286,475351,395296,2060933,0.8105,254,94,qc_indep_sweep_2019n_t1_2019n_nir_ccap_2021_hires_lc_sample-test.csv,phase4/qc/curves/db86a9ec08d4.csv
edb2f243abfd,2019n,t1_2019n_nir,ccap_2021_hires_lc.tif,edmonds_canopy_prob_2019n_t1_2019n_nir.tif,forest_wetland,sample-selection,matched_p75,128,0.503937,0.6733,0.7582,0.7132,652611,316681,208162,1177454,0.8031,254,93,qc_indep_sweep_2019n_t1_2019n_nir_ccap_2021_hires_lc_sample-selection.csv,phase4/qc/curves/edb2f243abfd.csv
db86a9ec08d4,2019n,t1_2019n_nir,ccap_2021_hires_lc.tif,edmonds_canopy_prob_2019n_t1_2019n_nir.tif,forest_wetland,sample-test,matched_p90,157,0.61811,0.3376,0.9013,0.4912,562339,1103298,61560,1727197,0.8105,254,63,qc_indep_sweep_2019n_t1_2019n_nir_ccap_2021_hires_lc_sample-test.csv,phase4/qc/curves/db86a9ec08d4.csv
edb2f243abfd,2019n,t1_2019n_nir,ccap_2021_hires_lc.tif,edmonds_canopy_prob_2019n_t1_2019n_nir.tif,forest_wetland,sample-selection,matched_p90,157,0.61811,0.2586,0.9014,0.4019,250687,718605,27435,996727,0.8031,254,64,qc_indep_sweep_2019n_t1_2019n_nir_ccap_2021_hires_lc_sample-selection.csv,phase4/qc/curves/edb2f243abfd.csv
71361cdec3fd,2019n,t1_2019n_nir,ccap_2021_hires_lc.tif,edmonds_canopy_prob_2019n_t1_2019n_nir.tif,forest_wetland_scrub,,scored_live,,0.5,0.6847,0.7518,0.7167,692231,318720,228490,1239441,,,,qc_indep_report.csv,
71361cdec3fd,2019n,t1_2019n_nir,ccap_2021_hires_lc.tif,edmonds_canopy_prob_2019n_t1_2019n_nir.tif,forest_wetland_scrub,,scored_live,,0.417322,0.7314,0.7418,0.7366,1275797,468591,444129,2188517,,,,qc_indep_report.csv,
9244d4e0122f,2019n,t1_2019n_nir,ccap_2021_hires_lc.tif,edmonds_canopy_prob_2019n_t1_2019n_nir.tif,forest_only,,scored_live,,0.5,0.7079,0.7453,0.7261,686179,283113,234542,1203834,,,,qc_indep_report.csv,
9244d4e0122f,2019n,t1_2019n_nir,ccap_2021_hires_lc.tif,edmonds_canopy_prob_2019n_t1_2019n_nir.tif,forest_only,,scored_live,,0.417322,0.747,0.7109,0.7285,1222632,414125,497294,2134051,,,,qc_indep_report.csv,
e1ebbef39c27,2019n,t1_2019n_nir,ccap_2021_hires_lc.tif,edmonds_canopy_prob_2019n_t1_2019n_nir.tif,forest_wetland,,scored_live,,0.5,0.7079,0.7453,0.7261,686179,283113,234542,1203834,,,,qc_indep_report.csv,
e1ebbef39c27,2019n,t1_2019n_nir,ccap_2021_hires_lc.tif,edmonds_canopy_prob_2019n_t1_2019n_nir.tif,forest_wetland,,scored_live,,0.417322,0.751,0.7273,0.739,1250937,414700,468989,2134626,,,,qc_indep_report.csv,
02cf17931f86,2019n,wb18_2019n_base,ccap_2016_hires_lc.tif,edmonds_canopy_prob_2019n_wb18_2019n_base.tif,forest_wetland,sample-test,best_f1,53,0.208661,0.7874,0.6635,0.7202,1385837,374097,702942,2462876,0.7712,254,246,qc_indep_sweep_2019n_wb18_2019n_base_ccap_2016_hires_lc_sample-test.csv,phase4/qc/curves/02cf17931f86.csv
55f102d35e6e,2019n,wb18_2019n_base,ccap_2021_hires_lc.tif,edmonds_canopy_prob_2019n_wb18_2019n_base.tif,forest_wetland,sample-test,best_f1,60,0.23622,0.7924,0.6572,0.7185,1319866,345771,688589,2354226,0.767,254,246,qc_indep_sweep_2019n_wb18_2019n_base_ccap_2021_hires_lc_sample-test.csv,phase4/qc/curves/55f102d35e6e.csv
02cf17931f86,2019n,wb18_2019n_base,ccap_2016_hires_lc.tif,edmonds_canopy_prob_2019n_wb18_2019n_base.tif,forest_wetland,sample-test,matched_p50,11,0.043307,0.9321,0.5102,0.6595,1640520,119414,1574844,3334778,0.7712,254,236,qc_indep_sweep_2019n_wb18_2019n_base_ccap_2016_hires_lc_sample-test.csv,phase4/qc/curves/02cf17931f86.csv
55f102d35e6e,2019n,wb18_2019n_base,ccap_2021_hires_lc.tif,edmonds_canopy_prob_2019n_wb18_2019n_base.tif,forest_wetland,sample-test,matched_p50,12,0.047244,0.9423,0.5013,0.6544,1569525,96112,1561496,3227133,0.767,254,235,qc_indep_sweep_2019n_wb18_2019n_base_ccap_2021_hires_lc_sample-test.csv,phase4/qc/curves/55f102d35e6e.csv
02cf17931f86,2019n,wb18_2019n_base,ccap_2016_hires_lc.tif,edmonds_canopy_prob_2019n_wb18_2019n_base.tif,forest_wetland,sample-test,matched_p75,113,0.444881,0.632,0.7511,0.6864,1112295,647639,368623,2128557,0.7712,254,134,qc_indep_sweep_2019n_wb18_2019n_base_ccap_2016_hires_lc_sample-test.csv,phase4/qc/curves/02cf17931f86.csv
55f102d35e6e,2019n,wb18_2019n_base,ccap_2021_hires_lc.tif,edmonds_canopy_prob_2019n_wb18_2019n_base.tif,forest_wetland,sample-test,matched_p75,126,0.496062,0.6032,0.7507,0.6689,1004675,660962,333635,1999272,0.767,254,121,qc_indep_sweep_2019n_wb18_2019n_base_ccap_2021_hires_lc_sample-test.csv,phase4/qc/curves/55f102d35e6e.csv
02cf17931f86,2019n,wb18_2019n_base,ccap_2016_hires_lc.tif,edmonds_canopy_prob_2019n_wb18_2019n_base.tif,forest_wetland,sample-test,matched_p90,190,0.748031,0.1918,0.9022,0.3164,337613,1422321,36590,1796524,0.7712,254,57,qc_indep_sweep_2019n_wb18_2019n_base_ccap_2016_hires_lc_sample-test.csv,phase4/qc/curves/02cf17931f86.csv
55f102d35e6e,2019n,wb18_2019n_base,ccap_2021_hires_lc.tif,edmonds_canopy_prob_2019n_wb18_2019n_base.tif,forest_wetland,sample-test,matched_p90,192,0.755905,0.1861,0.9017,0.3085,309946,1355691,33794,1699431,0.767,254,55,qc_indep_sweep_2019n_wb18_2019n_base_ccap_2021_hires_lc_sample-test.csv,phase4/qc/curves/55f102d35e6e.csv
42e9bba5b548,2019n,wb18_2019n_base,ccap_2016_hires_lc.tif,edmonds_canopy_prob_2019n_wb18_2019n_base.tif,forest_wetland_scrub,,scored_live,,0.4951,0.5417,0.7862,0.6414,1052123,889961,286187,2228271,,,,qc_indep_report.csv,
66048714e16a,2019n,wb18_2019n_base,ccap_2021_hires_lc.tif,edmonds_canopy_prob_2019n_wb18_2019n_base.tif,forest_only,,scored_live,,0.4951,0.5972,0.7303,0.6571,977428,659329,360882,1997639,,,,qc_indep_report.csv,
6cda7f97b461,2019n,wb18_2019n_base,ccap_2021_hires_lc.tif,edmonds_canopy_prob_2019n_wb18_2019n_base.tif,forest_wetland,,scored_live,,0.4951,0.6032,0.7507,0.6689,1004675,660962,333635,1999272,,,,qc_indep_report.csv,
8e7185da861d,2019n,wb18_2019n_base,ccap_2016_hires_lc.tif,edmonds_canopy_prob_2019n_wb18_2019n_base.tif,forest_wetland,,scored_live,,0.4951,0.5843,0.7684,0.6638,1028374,731560,309936,2069870,,,,qc_indep_report.csv,
9af1b8963c36,2019n,wb18_2019n_base,ccap_2016_hires_lc.tif,edmonds_canopy_prob_2019n_wb18_2019n_base.tif,forest_only,,scored_live,,0.4951,0.5791,0.7507,0.6538,1004690,730180,333620,2068490,,,,qc_indep_report.csv,
e8fc3e286ca7,2019n,wb18_2019n_base,ccap_2021_hires_lc.tif,edmonds_canopy_prob_2019n_wb18_2019n_base.tif,forest_wetland_scrub,,scored_live,,0.4951,0.5877,0.766,0.6651,1025133,719255,313177,2057565,,,,qc_indep_report.csv,
6cb8fea54201,2019n,wb18_2019n_in16,ccap_2021_hires_lc.tif,edmonds_canopy_prob_2019n_wb18_2019n_in16.tif,forest_wetland,sample-test,best_f1,27,0.106299,0.7812,0.7323,0.756,1301274,364363,475733,2141370,0.8402,254,246,qc_indep_sweep_2019n_wb18_2019n_in16_ccap_2021_hires_lc_sample-test.csv,phase4/qc/curves/6cb8fea54201.csv
d8d98fcbe76c,2019n,wb18_2019n_in16,ccap_2016_hires_lc.tif,edmonds_canopy_prob_2019n_wb18_2019n_in16.tif,forest_wetland,sample-test,best_f1,27,0.106299,0.7748,0.7673,0.7711,1363585,396349,413422,2173356,0.8629,254,246,qc_indep_sweep_2019n_wb18_2019n_in16_ccap_2016_hires_lc_sample-test.csv,phase4/qc/curves/d8d98fcbe76c.csv
6cb8fea54201,2019n,wb18_2019n_in16,ccap_2021_hires_lc.tif,edmonds_canopy_prob_2019n_wb18_2019n_in16.tif,forest_wetland,sample-test,matched_p50,6,0.023622,0.9522,0.5091,0.6634,1586022,79615,1529569,3195206,0.8402,254,241,qc_indep_sweep_2019n_wb18_2019n_in16_ccap_2021_hires_lc_sample-test.csv,phase4/qc/curves/6cb8fea54201.csv
d8d98fcbe76c,2019n,wb18_2019n_in16,ccap_2016_hires_lc.tif,edmonds_canopy_prob_2019n_wb18_2019n_in16.tif,forest_wetland,sample-test,matched_p50,5,0.019685,0.9539,0.5045,0.66,1678802,81132,1648557,3408491,0.8629,254,242,qc_indep_sweep_2019n_wb18_2019n_in16_ccap_2016_hires_lc_sample-test.csv,phase4/qc/curves/d8d98fcbe76c.csv
6cb8fea54201,2019n,wb18_2019n_in16,ccap_2021_hires_lc.tif,edmonds_canopy_prob_2019n_wb18_2019n_in16.tif,forest_wetland,sample-test,matched_p75,33,0.129921,0.7596,0.7507,0.7551,1265205,400432,420187,2085824,0.8402,254,214,qc_indep_sweep_2019n_wb18_2019n_in16_ccap_2021_hires_lc_sample-test.csv,phase4/qc/curves/6cb8fea54201.csv
d8d98fcbe76c,2019n,wb18_2019n_in16,ccap_2016_hires_lc.tif,edmonds_canopy_prob_2019n_wb18_2019n_in16.tif,forest_wetland,sample-test,matched_p75,24,0.094488,0.7877,0.7539,0.7705,1386347,373587,452436,2212370,0.8629,254,223,qc_indep_sweep_2019n_wb18_2019n_in16_ccap_2016_hires_lc_sample-test.csv,phase4/qc/curves/d8d98fcbe76c.csv
6cb8fea54201,2019n,wb18_2019n_in16,ccap_2021_hires_lc.tif,edmonds_canopy_prob_2019n_wb18_2019n_in16.tif,forest_wetland,sample-test,matched_p90,185,0.728346,0.4953,0.9017,0.6394,824910,840727,89909,1755546,0.8402,254,62,qc_indep_sweep_2019n_wb18_2019n_in16_ccap_2021_hires_lc_sample-test.csv,phase4/qc/curves/6cb8fea54201.csv
d8d98fcbe76c,2019n,wb18_2019n_in16,ccap_2016_hires_lc.tif,edmonds_canopy_prob_2019n_wb18_2019n_in16.tif,forest_wetland,sample-test,matched_p90,150,0.590551,0.5865,0.9004,0.7103,1032164,727770,114188,1874122,0.8629,254,97,qc_indep_sweep_2019n_wb18_2019n_in16_ccap_2016_hires_lc_sample-test.csv,phase4/qc/curves/d8d98fcbe76c.csv
2da61c221b16,2019n,wb18_2019n_in16,ccap_2016_hires_lc.tif,edmonds_canopy_prob_2019n_wb18_2019n_in16.tif,forest_only,,scored_live,,0.4951,0.6149,0.8645,0.7186,1066781,668089,167257,1902127,,,,qc_indep_report.csv,
4e8f79bccb31,2019n,wb18_2019n_in16,ccap_2021_hires_lc.tif,edmonds_canopy_prob_2019n_wb18_2019n_in16.tif,forest_only,,scored_live,,0.4951,0.6189,0.8209,0.7057,1013040,623717,220998,1857755,,,,qc_indep_report.csv,
556ed5439787,2019n,wb18_2019n_in16,ccap_2021_hires_lc.tif,edmonds_canopy_prob_2019n_wb18_2019n_in16.tif,forest_wetland,,scored_live,,0.4951,0.6236,0.8418,0.7165,1038767,626870,195271,1860908,,,,qc_indep_report.csv,
6bb50e1b5d9f,2019n,wb18_2019n_in16,ccap_2021_hires_lc.tif,edmonds_canopy_prob_2019n_wb18_2019n_in16.tif,forest_wetland_scrub,,scored_live,,0.4951,0.6028,0.8521,0.7061,1051583,692805,182455,1926843,,,,qc_indep_report.csv,
6d2978a0ac59,2019n,wb18_2019n_in16,ccap_2016_hires_lc.tif,edmonds_canopy_prob_2019n_wb18_2019n_in16.tif,forest_wetland,,scored_live,,0.4951,0.6191,0.8829,0.7278,1089560,670374,144478,1904412,,,,qc_indep_report.csv,
70f96cef5d7f,2019n,wb18_2019n_in16,ccap_2016_hires_lc.tif,edmonds_canopy_prob_2019n_wb18_2019n_in16.tif,forest_wetland_scrub,,scored_live,,0.4951,0.569,0.8955,0.6959,1105053,837031,128985,2071069,,,,qc_indep_report.csv,
4f039885dcc1,2019s,pilot_e2_medium,ccap_2021_hires_lc.tif,edmonds_canopy_prob_2019s_pilot_e2_medium.tif,forest_only,,scored_live,,0.4816,0.6292,0.7589,0.688,74403845,43847109,23642999,141893953,,,,qc_indep_report.csv,
739dbad6992b,2019s,pilot_e2_medium,ccap_2021_hires_lc.tif,edmonds_canopy_prob_2019s_pilot_e2_medium.tif,forest_wetland,,scored_live,,0.4816,0.6331,0.7735,0.6963,75843572,43947590,22203272,141994434,,,,qc_indep_report.csv,
b794489f1fce,2019s,pilot_e2_medium,ccap_2021_hires_lc.tif,edmonds_canopy_prob_2019s_pilot_e2_medium.tif,forest_wetland_scrub,,scored_live,,0.4816,0.626,0.7964,0.701,78081744,46644315,19965100,144691159,,,,qc_indep_report.csv,
1bab6db468ef,2019s,wb18_2019s_base,ccap_2021_hires_lc.tif,edmonds_canopy_prob_2019s_wb18_2019s_base.tif,forest_wetland,sample-test,best_f1,52,0.204724,0.7914,0.6514,0.7147,5110696,1346759,2734503,9191958,0.7602,254,235,qc_indep_sweep_2019s_wb18_2019s_base_ccap_2021_hires_lc_sample-test.csv,phase4/qc/curves/1bab6db468ef.csv
3f6d751a239f,2019s,wb18_2019s_base,ccap_2016_hires_lc.tif,edmonds_canopy_prob_2019s_wb18_2019s_base.tif,forest_wetland,sample-test,best_f1,47,0.185039,0.8056,0.6633,0.7276,5496554,1325963,2789866,9612383,0.7692,254,235,qc_indep_sweep_2019s_wb18_2019s_base_ccap_2016_hires_lc_sample-test.csv,phase4/qc/curves/3f6d751a239f.csv
1bab6db468ef,2019s,wb18_2019s_base,ccap_2021_hires_lc.tif,edmonds_canopy_prob_2019s_wb18_2019s_base.tif,forest_wetland,sample-test,matched_p50,15,0.059055,0.9404,0.5019,0.6545,6072290,385165,6025315,12482770,0.7602,254,221,qc_indep_sweep_2019s_wb18_2019s_base_ccap_2021_hires_lc_sample-test.csv,phase4/qc/curves/1bab6db468ef.csv
3f6d751a239f,2019s,wb18_2019s_base,ccap_2016_hires_lc.tif,edmonds_canopy_prob_2019s_wb18_2019s_base.tif,forest_wetland,sample-test,matched_p50,11,0.043307,0.9529,0.5011,0.6568,6501114,321403,6471851,13294368,0.7692,254,225,qc_indep_sweep_2019s_wb18_2019s_base_ccap_2016_hires_lc_sample-test.csv,phase4/qc/curves/3f6d751a239f.csv
1bab6db468ef,2019s,wb18_2019s_base,ccap_2021_hires_lc.tif,edmonds_canopy_prob_2019s_wb18_2019s_base.tif,forest_wetland,sample-test,matched_p75,111,0.437007,0.5943,0.7507,0.6634,3837453,2620002,1274071,7731526,0.7602,254,125,qc_indep_sweep_2019s_wb18_2019s_base_ccap_2021_hires_lc_sample-test.csv,phase4/qc/curves/1bab6db468ef.csv
3f6d751a239f,2019s,wb18_2019s_base,ccap_2016_hires_lc.tif,edmonds_canopy_prob_2019s_wb18_2019s_base.tif,forest_wetland,sample-test,matched_p75,89,0.350393,0.633,0.7501,0.6866,4318438,2504079,1438641,8261158,0.7692,254,147,qc_indep_sweep_2019s_wb18_2019s_base_ccap_2016_hires_lc_sample-test.csv,phase4/qc/curves/3f6d751a239f.csv
1bab6db468ef,2019s,wb18_2019s_base,ccap_2021_hires_lc.tif,edmonds_canopy_prob_2019s_wb18_2019s_base.tif,forest_wetland,sample-test,matched_p90,182,0.716535,0.1783,0.9,0.2976,1151433,5306022,127961,6585416,0.7602,254,51,qc_indep_sweep_2019s_wb18_2019s_base_ccap_2021_hires_lc_sample-test.csv,phase4/qc/curves/1bab6db468ef.csv
3f6d751a239f,2019s,wb18_2019s_base,ccap_2016_hires_lc.tif,edmonds_canopy_prob_2019s_wb18_2019s_base.tif,forest_wetland,sample-test,matched_p90,183,0.720472,0.1609,0.9028,0.2732,1097937,5724580,118243,6940760,0.7692,254,50,qc_indep_sweep_2019s_wb18_2019s_base_ccap_2016_hires_lc_sample-test.csv,phase4/qc/curves/3f6d751a239f.csv
4b7bb3edf657,2019s,wb18_2019s_base,ccap_2016_hires_lc.tif,edmonds_canopy_prob_2019s_wb18_2019s_base.tif,forest_wetland_scrub,,scored_live,,0.3527,0.5846,0.769,0.6642,4401620,3127591,1322572,8851783,,,,qc_indep_report.csv,
5ca2e2f6537c,2019s,wb18_2019s_base,ccap_2021_hires_lc.tif,edmonds_canopy_prob_2019s_wb18_2019s_base.tif,forest_wetland_scrub,,scored_live,,0.3527,0.6301,0.7444,0.6825,4260809,2501673,1463383,8225865,,,,qc_indep_report.csv,
7c015687f20d,2019s,wb18_2019s_base,ccap_2021_hires_lc.tif,edmonds_canopy_prob_2019s_wb18_2019s_base.tif,forest_only,,scored_live,,0.3527,0.641,0.7106,0.674,4067611,2277859,1656581,8002051,,,,qc_indep_report.csv,
92b07ffe3cdd,2019s,wb18_2019s_base,ccap_2021_hires_lc.tif,edmonds_canopy_prob_2019s_wb18_2019s_base.tif,forest_wetland,,scored_live,,0.3527,0.6467,0.7296,0.6857,4176133,2281322,1548059,8005514,,,,qc_indep_report.csv,
adf0ef4856c0,2019s,wb18_2019s_base,ccap_2016_hires_lc.tif,edmonds_canopy_prob_2019s_wb18_2019s_base.tif,forest_wetland,,scored_live,,0.3527,0.6302,0.7511,0.6854,4299532,2522985,1424660,8247177,,,,qc_indep_report.csv,
d9c45fb40a29,2019s,wb18_2019s_base,ccap_2016_hires_lc.tif,edmonds_canopy_prob_2019s_wb18_2019s_base.tif,forest_only,,scored_live,,0.3527,0.6254,0.7348,0.6757,4206024,2519114,1518168,8243306,,,,qc_indep_report.csv,
4afaf9a84ec0,2019s,wb18_2019s_in16,ccap_2016_hires_lc.tif,edmonds_canopy_prob_2019s_wb18_2019s_in16.tif,forest_wetland,sample-test,best_f1,26,0.102362,0.7828,0.764,0.7733,5340464,1482053,1650037,8472554,0.8644,254,249,qc_indep_sweep_2019s_wb18_2019s_in16_ccap_2016_hires_lc_sample-test.csv,phase4/qc/curves/4afaf9a84ec0.csv
c055c189f5c2,2019s,wb18_2019s_in16,ccap_2021_hires_lc.tif,edmonds_canopy_prob_2019s_wb18_2019s_in16.tif,forest_wetland,sample-test,best_f1,27,0.106299,0.7762,0.7277,0.7512,5012348,1445107,1875670,8333125,0.8346,254,249,qc_indep_sweep_2019s_wb18_2019s_in16_ccap_2021_hires_lc_sample-test.csv,phase4/qc/curves/c055c189f5c2.csv
4afaf9a84ec0,2019s,wb18_2019s_in16,ccap_2016_hires_lc.tif,edmonds_canopy_prob_2019s_wb18_2019s_in16.tif,forest_wetland,sample-test,matched_p50,6,0.023622,0.9639,0.5066,0.6641,6576218,246299,6405296,13227813,0.8644,254,244,qc_indep_sweep_2019s_wb18_2019s_in16_ccap_2016_hires_lc_sample-test.csv,phase4/qc/curves/4afaf9a84ec0.csv
c055c189f5c2,2019s,wb18_2019s_in16,ccap_2021_hires_lc.tif,edmonds_canopy_prob_2019s_wb18_2019s_in16.tif,forest_wetland,sample-test,matched_p50,7,0.027559,0.9585,0.5021,0.659,6189542,267913,6138489,12595944,0.8346,254,243,qc_indep_sweep_2019s_wb18_2019s_in16_ccap_2021_hires_lc_sample-test.csv,phase4/qc/curves/c055c189f5c2.csv
4afaf9a84ec0,2019s,wb18_2019s_in16,ccap_2016_hires_lc.tif,edmonds_canopy_prob_2019s_wb18_2019s_in16.tif,forest_wetland,sample-test,matched_p75,24,0.094488,0.7957,0.7515,0.773,5428905,1393612,1795436,8617953,0.8644,254,226,qc_indep_sweep_2019s_wb18_2019s_in16_ccap_2016_hires_lc_sample-test.csv,phase4/qc/curves/4afaf9a84ec0.csv
c055c189f5c2,2019s,wb18_2019s_in16,ccap_2021_hires_lc.tif,edmonds_canopy_prob_2019s_wb18_2019s_in16.tif,forest_wetland,sample-test,matched_p75,33,0.129921,0.7466,0.7525,0.7495,4821197,1636258,1585593,8043048,0.8346,254,217,qc_indep_sweep_2019s_wb18_2019s_in16_ccap_2021_hires_lc_sample-test.csv,phase4/qc/curves/c055c189f5c2.csv
4afaf9a84ec0,2019s,wb18_2019s_in16,ccap_2016_hires_lc.tif,edmonds_canopy_prob_2019s_wb18_2019s_in16.tif,forest_wetland,sample-test,matched_p90,112,0.440944,0.5883,0.9001,0.7115,4013626,2808891,445334,7267851,0.8644,254,138,qc_indep_sweep_2019s_wb18_2019s_in16_ccap_2016_hires_lc_sample-test.csv,phase4/qc/curves/4afaf9a84ec0.csv
c055c189f5c2,2019s,wb18_2019s_in16,ccap_2021_hires_lc.tif,edmonds_canopy_prob_2019s_wb18_2019s_in16.tif,forest_wetland,sample-test,matched_p90,173,0.681102,0.4855,0.9004,0.6308,3135140,3322315,346933,6804388,0.8346,254,77,qc_indep_sweep_2019s_wb18_2019s_in16_ccap_2021_hires_lc_sample-test.csv,phase4/qc/curves/c055c189f5c2.csv
2534c49afff9,2019s,wb18_2019s_in16,ccap_2021_hires_lc.tif,edmonds_canopy_prob_2019s_wb18_2019s_in16.tif,forest_only,,scored_live,,0.3527,0.6156,0.8192,0.703,3905997,2439473,862104,7207574,,,,qc_indep_report.csv,
3bab3a295103,2019s,wb18_2019s_in16,ccap_2016_hires_lc.tif,edmonds_canopy_prob_2019s_wb18_2019s_in16.tif,forest_wetland_scrub,,scored_live,,0.3527,0.5671,0.8955,0.6944,4270029,3259182,498072,8027283,,,,qc_indep_report.csv,
4065e6921e61,2019s,wb18_2019s_in16,ccap_2016_hires_lc.tif,edmonds_canopy_prob_2019s_wb18_2019s_in16.tif,forest_wetland,,scored_live,,0.3527,0.618,0.8843,0.7275,4216587,2605930,551514,7374031,,,,qc_indep_report.csv,
792271a0b081,2019s,wb18_2019s_in16,ccap_2016_hires_lc.tif,edmonds_canopy_prob_2019s_wb18_2019s_in16.tif,forest_only,,scored_live,,0.3527,0.6137,0.8656,0.7182,4127217,2597921,640884,7366022,,,,qc_indep_report.csv,
891249127bd9,2019s,wb18_2019s_in16,ccap_2021_hires_lc.tif,edmonds_canopy_prob_2019s_wb18_2019s_in16.tif,forest_wetland_scrub,,scored_live,,0.3527,0.599,0.8496,0.7026,4050996,2711486,717105,7479587,,,,qc_indep_report.csv,
ff9cbb98bc6e,2019s,wb18_2019s_in16,ccap_2021_hires_lc.tif,edmonds_canopy_prob_2019s_wb18_2019s_in16.tif,forest_wetland,,scored_live,,0.3527,0.6205,0.8403,0.7139,4006792,2450663,761309,7218764,,,,qc_indep_report.csv,
4c058b552d66,2020,heal_2020,ccap_2021_hires_lc.tif,edmonds_canopy_prob_2020_heal_2020.tif,forest_wetland,,best_f1,29,0.114173,0.7416,0.7456,0.7436,3081561105,1073765779,1051205608,5206532492,0.7774,254,211,qc_indep_sweep_2020_heal_2020_ccap_2021_hires_lc.csv,phase4/qc/curves/4c058b552d66.csv
bceefac11247,2020,heal_2020,ccap_2016_hires_lc.tif,edmonds_canopy_prob_2020_heal_2020.tif,forest_wetland,,best_f1,29,0.114173,0.7229,0.7759,0.7485,3206767376,1229474130,925999337,5362240843,0.7975,254,211,qc_indep_sweep_2020_heal_2020_ccap_2016_hires_lc.csv,phase4/qc/curves/bceefac11247.csv
4c058b552d66,2020,heal_2020,ccap_2021_hires_lc.tif,edmonds_canopy_prob_2020_heal_2020.tif,forest_wetland,,matched_p50,28,0.110236,0.815,0.6229,0.7061,3386410764,768916120,2049961894,6205288778,0.7774,254,184,qc_indep_sweep_2020_heal_2020_ccap_2021_hires_lc.csv,phase4/qc/curves/4c058b552d66.csv
bceefac11247,2020,heal_2020,ccap_2016_hires_lc.tif,edmonds_canopy_prob_2020_heal_2020.tif,forest_wetland,,matched_p50,28,0.110236,0.793,0.6471,0.7126,3517721749,918519757,1918650909,6354892415,0.7975,254,184,qc_indep_sweep_2020_heal_2020_ccap_2016_hires_lc.csv,phase4/qc/curves/bceefac11247.csv
4c058b552d66,2020,heal_2020,ccap_2021_hires_lc.tif,edmonds_canopy_prob_2020_heal_2020.tif,forest_wetland,,matched_p75,30,0.11811,0.7036,0.7779,0.7389,2923775912,1231550972,834805301,4990132185,0.7774,254,182,qc_indep_sweep_2020_heal_2020_ccap_2021_hires_lc.csv,phase4/qc/curves/4c058b552d66.csv
bceefac11247,2020,heal_2020,ccap_2016_hires_lc.tif,edmonds_canopy_prob_2020_heal_2020.tif,forest_wetland,,matched_p75,29,0.114173,0.7229,0.7759,0.7485,3206767376,1229474130,925999337,5362240843,0.7975,254,183,qc_indep_sweep_2020_heal_2020_ccap_2016_hires_lc.csv,phase4/qc/curves/bceefac11247.csv
4c058b552d66,2020,heal_2020,ccap_2021_hires_lc.tif,edmonds_canopy_prob_2020_heal_2020.tif,forest_wetland,,matched_p90,168,0.661417,0.1479,0.9,0.2541,614663156,3540663728,68290034,4223616918,0.7774,254,44,qc_indep_sweep_2020_heal_2020_ccap_2021_hires_lc.csv,phase4/qc/curves/4c058b552d66.csv
bceefac11247,2020,heal_2020,ccap_2016_hires_lc.tif,edmonds_canopy_prob_2020_heal_2020.tif,forest_wetland,,matched_p90,154,0.606299,0.4557,0.9013,0.6053,2021613398,2414628108,221399135,4657640641,0.7975,254,58,qc_indep_sweep_2020_heal_2020_ccap_2016_hires_lc.csv,phase4/qc/curves/bceefac11247.csv
0fd7e7ae8a1c,2020,heal_2020,ccap_2021_hires_lc.tif,edmonds_canopy_prob_2020_heal_2020.tif,forest_only,,scored_live,,0.4197,0.6167,0.8088,0.6998,2531937733,1573518108,598398608,4703854449,,,,qc_indep_report.csv,
2ce5ede3bb7a,2020,heal_2020,ccap_2021_hires_lc.tif,edmonds_canopy_prob_2020_heal_2020.tif,forest_wetland_scrub,,scored_live,,0.4197,0.6058,0.8378,0.7032,2622620491,1706742192,507715850,4837078533,,,,qc_indep_report.csv,
4b4bab56d47b,2020,heal_2020,ccap_2016_hires_lc.tif,edmonds_canopy_prob_2020_heal_2020.tif,forest_only,,scored_live,,0.4197,0.6019,0.845,0.703,2645008456,1749071209,485327885,4879407550,,,,qc_indep_report.csv,
4c058b552d66,2020,heal_2020,ccap_2021_hires_lc.tif,edmonds_canopy_prob_2020_heal_2020.tif,forest_wetland,,scored_live,,0.4197,0.6184,0.8209,0.7054,2569825724,1585501160,560510617,4715837501,,,,qc_indep_report.csv,
804af92ae9e3,2020,heal_2020,ccap_2016_hires_lc.tif,edmonds_canopy_prob_2020_heal_2020.tif,forest_wetland_scrub,,scored_live,,0.4197,0.5768,0.8867,0.6989,2775703443,2036257898,354632898,5166594239,,,,qc_indep_report.csv,
bceefac11247,2020,heal_2020,ccap_2016_hires_lc.tif,edmonds_canopy_prob_2020_heal_2020.tif,forest_wetland,,scored_live,,0.4197,0.604,0.856,0.7083,2679669154,1756572352,450667187,4886908693,,,,qc_indep_report.csv,
78c9944728d2,2020,of_2020,ccap_2021_hires_lc.tif,edmonds_canopy_prob_2020_of_2020.tif,forest_wetland,,best_f1,18,0.070866,0.6842,0.7936,0.7349,2843061093,1312265791,739364383,4894691267,0.7488,254,228,qc_indep_sweep_2020_of_2020_ccap_2021_hires_lc.csv,phase4/qc/curves/78c9944728d2.csv
78c9944728d2,2020,of_2020,ccap_2021_hires_lc.tif,edmonds_canopy_prob_2020_of_2020.tif,forest_wetland,,matched_p50,17,0.066929,0.7509,0.6119,0.6743,3120161328,1035165556,1978970812,6134297696,0.7488,254,212,qc_indep_sweep_2020_of_2020_ccap_2021_hires_lc.csv,phase4/qc/curves/78c9944728d2.csv
78c9944728d2,2020,of_2020,ccap_2021_hires_lc.tif,edmonds_canopy_prob_2020_of_2020.tif,forest_wetland,,matched_p75,18,0.070866,0.6842,0.7936,0.7349,2843061093,1312265791,739364383,4894691267,0.7488,254,206,qc_indep_sweep_2020_of_2020_ccap_2021_hires_lc.csv,phase4/qc/curves/78c9944728d2.csv
78c9944728d2,2020,of_2020,ccap_2021_hires_lc.tif,edmonds_canopy_prob_2020_of_2020.tif,forest_wetland,,matched_p90,187,0.73622,0.2709,0.9028,0.4168,1125809684,3029517200,121188169,4276515053,0.7488,254,34,qc_indep_sweep_2020_of_2020_ccap_2021_hires_lc.csv,phase4/qc/curves/78c9944728d2.csv
0a2492b016b1,2020,of_2020,ccap_2021_hires_lc.tif,edmonds_canopy_prob_2020_of_2020.tif,forest_wetland_scrub,,scored_live,,0.5,0.5681,0.8535,0.6822,2459593630,1869769053,422272288,4751634971,,,,qc_indep_report.csv,
4cfeaab120a5,2020,of_2020,ccap_2021_hires_lc.tif,edmonds_canopy_prob_2020_of_2020.tif,forest_only,,scored_live,,0.5,0.5804,0.8269,0.6821,2382987850,1722467991,498878068,4604333909,,,,qc_indep_report.csv,
78c9944728d2,2020,of_2020,ccap_2021_hires_lc.tif,edmonds_canopy_prob_2020_of_2020.tif,forest_wetland,,scored_live,,0.5,0.5819,0.839,0.6872,2417837781,1737489103,464028137,4619355021,,,,qc_indep_report.csv,
1f54f9e72dc3,2020,t1_2020_add05,ccap_2021_hires_lc.tif,edmonds_canopy_prob_2020_t1_2020_add05.tif,forest_wetland,sample-test,best_f1,30,0.11811,0.7786,0.7186,0.7474,185669778,52793951,72706024,311169753,0.7972,254,234,qc_indep_sweep_2020_t1_2020_add05_ccap_2021_hires_lc_sample-test.csv,phase4/qc/curves/1f54f9e72dc3.csv
e12a81bd20c8,2020,t1_2020_add05,ccap_2021_hires_lc.tif,edmonds_canopy_prob_2020_t1_2020_add05.tif,forest_wetland,sample-selection,best_f1,30,0.11811,0.7394,0.7471,0.7432,102841242,36240267,34812932,173894441,0.8064,254,233,qc_indep_sweep_2020_t1_2020_add05_ccap_2021_hires_lc_sample-selection.csv,phase4/qc/curves/e12a81bd20c8.csv
1f54f9e72dc3,2020,t1_2020_add05,ccap_2021_hires_lc.tif,edmonds_canopy_prob_2020_t1_2020_add05.tif,forest_wetland,sample-test,matched_p50,29,0.114173,0.9025,0.5845,0.7095,215222837,23240892,152982420,391446149,0.7972,254,206,qc_indep_sweep_2020_t1_2020_add05_ccap_2021_hires_lc_sample-test.csv,phase4/qc/curves/1f54f9e72dc3.csv
e12a81bd20c8,2020,t1_2020_add05,ccap_2021_hires_lc.tif,edmonds_canopy_prob_2020_t1_2020_add05.tif,forest_wetland,sample-selection,matched_p50,29,0.114173,0.8832,0.6127,0.7235,122833452,16248057,77638816,216720325,0.8064,254,205,qc_indep_sweep_2020_t1_2020_add05_ccap_2021_hires_lc_sample-selection.csv,phase4/qc/curves/e12a81bd20c8.csv
1f54f9e72dc3,2020,t1_2020_add05,ccap_2021_hires_lc.tif,edmonds_canopy_prob_2020_t1_2020_add05.tif,forest_wetland,sample-test,matched_p75,31,0.122047,0.6871,0.7889,0.7345,163849284,74614445,43845809,282309538,0.7972,254,204,qc_indep_sweep_2020_t1_2020_add05_ccap_2021_hires_lc_sample-test.csv,phase4/qc/curves/1f54f9e72dc3.csv
e12a81bd20c8,2020,t1_2020_add05,ccap_2021_hires_lc.tif,edmonds_canopy_prob_2020_t1_2020_add05.tif,forest_wetland,sample-selection,matched_p75,31,0.122047,0.6496,0.7979,0.7161,90345481,48736028,22883358,161964867,0.8064,254,203,qc_indep_sweep_2020_t1_2020_add05_ccap_2021_hires_lc_sample-selection.csv,phase4/qc/curves/e12a81bd20c8.csv
1f54f9e72dc3,2020,t1_2020_add05,ccap_2021_hires_lc.tif,edmonds_canopy_prob_2020_t1_2020_add05.tif,forest_wetland,sample-test,matched_p90,154,0.606299,0.2228,0.9006,0.3572,53117933,185345796,5862250,244325979,0.7972,254,81,qc_indep_sweep_2020_t1_2020_add05_ccap_2021_hires_lc_sample-test.csv,phase4/qc/curves/1f54f9e72dc3.csv
e12a81bd20c8,2020,t1_2020_add05,ccap_2021_hires_lc.tif,edmonds_canopy_prob_2020_t1_2020_add05.tif,forest_wetland,sample-selection,matched_p90,146,0.574803,0.2738,0.9014,0.4201,38086533,100994976,4168250,143249759,0.8064,254,88,qc_indep_sweep_2020_t1_2020_add05_ccap_2021_hires_lc_sample-selection.csv,phase4/qc/curves/e12a81bd20c8.csv
05e4798cec19,2020,t1_2020_add05,ccap_2021_hires_lc.tif,edmonds_canopy_prob_2020_t1_2020_add05.tif,forest_wetland_scrub,,scored_live,,0.5,0.4531,0.8743,0.5969,65720454,79330934,9450308,154501696,,,,qc_indep_report.csv,
05e4798cec19,2020,t1_2020_add05,ccap_2021_hires_lc.tif,edmonds_canopy_prob_2020_t1_2020_add05.tif,forest_wetland_scrub,,scored_live,,0.11811,0.7687,0.743,0.7556,191981044,57754594,66394758,316130396,,,,qc_indep_report.csv,
49164baaf264,2020,t1_2020_add05,ccap_2021_hires_lc.tif,edmonds_canopy_prob_2020_t1_2020_add05.tif,forest_wetland,,scored_live,,0.5,0.4661,0.8624,0.6051,64827260,74254249,10343502,149425011,,,,qc_indep_report.csv,
49164baaf264,2020,t1_2020_add05,ccap_2021_hires_lc.tif,edmonds_canopy_prob_2020_t1_2020_add05.tif,forest_wetland,,scored_live,,0.11811,0.7786,0.7186,0.7474,185669778,52793951,72706024,311169753,,,,qc_indep_report.csv,
9066ae577d98,2020,t1_2020_add05,ccap_2021_hires_lc.tif,edmonds_canopy_prob_2020_t1_2020_add05.tif,forest_only,,scored_live,,0.5,0.4661,0.8624,0.6051,64827260,74254249,10343502,149425011,,,,qc_indep_report.csv,
9066ae577d98,2020,t1_2020_add05,ccap_2021_hires_lc.tif,edmonds_canopy_prob_2020_t1_2020_add05.tif,forest_only,,scored_live,,0.11811,0.7758,0.7036,0.7379,181792122,52535451,76583680,310911253,,,,qc_indep_report.csv,
5a82948bc617,2020,t1_2020_add16,ccap_2021_hires_lc.tif,edmonds_canopy_prob_2020_t1_2020_add16.tif,forest_wetland,sample-test,best_f1,28,0.110236,0.7005,0.7664,0.732,167035676,71428053,50912915,289376644,0.7739,254,176,qc_indep_sweep_2020_t1_2020_add16_ccap_2021_hires_lc_sample-test.csv,phase4/qc/curves/5a82948bc617.csv
b65557fb3b0f,2020,t1_2020_add16,ccap_2021_hires_lc.tif,edmonds_canopy_prob_2020_t1_2020_add16.tif,forest_wetland,sample-selection,best_f1,28,0.110236,0.6656,0.7828,0.7195,92571783,46509726,25683237,164764746,0.7801,254,176,qc_indep_sweep_2020_t1_2020_add16_ccap_2021_hires_lc_sample-selection.csv,phase4/qc/curves/b65557fb3b0f.csv
5a82948bc617,2020,t1_2020_add16,ccap_2021_hires_lc.tif,edmonds_canopy_prob_2020_t1_2020_add16.tif,forest_wetland,sample-test,matched_p50,27,0.106299,0.8502,0.5465,0.6653,202729978,35733751,168255602,406719331,0.7739,254,150,qc_indep_sweep_2020_t1_2020_add16_ccap_2021_hires_lc_sample-test.csv,phase4/qc/curves/5a82948bc617.csv
b65557fb3b0f,2020,t1_2020_add16,ccap_2021_hires_lc.tif,edmonds_canopy_prob_2020_t1_2020_add16.tif,forest_wetland,sample-selection,matched_p50,27,0.106299,0.801,0.6098,0.6924,111403519,27677990,71290101,210371610,0.7801,254,150,qc_indep_sweep_2020_t1_2020_add16_ccap_2021_hires_lc_sample-selection.csv,phase4/qc/curves/b65557fb3b0f.csv
5a82948bc617,2020,t1_2020_add16,ccap_2021_hires_lc.tif,edmonds_canopy_prob_2020_t1_2020_add16.tif,forest_wetland,sample-test,matched_p75,28,0.110236,0.7005,0.7664,0.732,167035676,71428053,50912915,289376644,0.7739,254,149,qc_indep_sweep_2020_t1_2020_add16_ccap_2021_hires_lc_sample-test.csv,phase4/qc/curves/5a82948bc617.csv
b65557fb3b0f,2020,t1_2020_add16,ccap_2021_hires_lc.tif,edmonds_canopy_prob_2020_t1_2020_add16.tif,forest_wetland,sample-selection,matched_p75,28,0.110236,0.6656,0.7828,0.7195,92571783,46509726,25683237,164764746,0.7801,254,149,qc_indep_sweep_2020_t1_2020_add16_ccap_2021_hires_lc_sample-selection.csv,phase4/qc/curves/b65557fb3b0f.csv
5a82948bc617,2020,t1_2020_add16,ccap_2021_hires_lc.tif,edmonds_canopy_prob_2020_t1_2020_add16.tif,forest_wetland,sample-test,matched_p90,161,0.633858,0.1971,0.9033,0.3236,47000188,191463541,5030739,243494468,0.7739,254,16,qc_indep_sweep_2020_t1_2020_add16_ccap_2021_hires_lc_sample-test.csv,phase4/qc/curves/5a82948bc617.csv
b65557fb3b0f,2020,t1_2020_add16,ccap_2021_hires_lc.tif,edmonds_canopy_prob_2020_t1_2020_add16.tif,forest_wetland,sample-selection,matched_p90,159,0.625984,0.2551,0.9029,0.3978,35476536,103604973,3815091,142896600,0.7801,254,18,qc_indep_sweep_2020_t1_2020_add16_ccap_2021_hires_lc_sample-selection.csv,phase4/qc/curves/b65557fb3b0f.csv
79186f224301,2020,t1_2020_add16,ccap_2021_hires_lc.tif,edmonds_canopy_prob_2020_t1_2020_add16.tif,forest_wetland_scrub,,scored_live,,0.5,0.5198,0.8562,0.6469,75404929,69646459,12665953,157717341,,,,qc_indep_report.csv,
79186f224301,2020,t1_2020_add16,ccap_2021_hires_lc.tif,edmonds_canopy_prob_2020_t1_2020_add16.tif,forest_wetland_scrub,,scored_live,,0.110236,0.6868,0.787,0.7335,171521957,78213681,46426634,296162272,,,,qc_indep_report.csv,
bdd56b61f87b,2020,t1_2020_add16,ccap_2021_hires_lc.tif,edmonds_canopy_prob_2020_t1_2020_add16.tif,forest_only,,scored_live,,0.5,0.5334,0.8423,0.6532,74184503,64897006,13886379,152967888,,,,qc_indep_report.csv,
bdd56b61f87b,2020,t1_2020_add16,ccap_2021_hires_lc.tif,edmonds_canopy_prob_2020_t1_2020_add16.tif,forest_only,,scored_live,,0.110236,0.6971,0.7495,0.7224,163341719,70985854,54606872,288934445,,,,qc_indep_report.csv,
c98b2dcde215,2020,t1_2020_add16,ccap_2021_hires_lc.tif,edmonds_canopy_prob_2020_t1_2020_add16.tif,forest_wetland,,scored_live,,0.5,0.5334,0.8423,0.6532,74184503,64897006,13886379,152967888,,,,qc_indep_report.csv,
c98b2dcde215,2020,t1_2020_add16,ccap_2021_hires_lc.tif,edmonds_canopy_prob_2020_t1_2020_add16.tif,forest_wetland,,scored_live,,0.110236,0.7005,0.7664,0.732,167035676,71428053,50912915,289376644,,,,qc_indep_report.csv,
706d2a0ddf83,2020,t1_2020_base,ccap_2021_hires_lc.tif,edmonds_canopy_prob_2020_t1_2020_base.tif,forest_wetland,sample-selection,best_f1,26,0.102362,0.66,0.7506,0.7024,91797327,47284182,30501363,169582872,0.7655,254,228,qc_indep_sweep_2020_t1_2020_base_ccap_2021_hires_lc_sample-selection.csv,phase4/qc/curves/706d2a0ddf83.csv
cd1b7c272e35,2020,t1_2020_base,ccap_2021_hires_lc.tif,edmonds_canopy_prob_2020_t1_2020_base.tif,forest_wetland,sample-test,best_f1,26,0.102362,0.7039,0.7383,0.7207,167848662,70615067,59485795,297949524,0.7552,254,231,qc_indep_sweep_2020_t1_2020_base_ccap_2021_hires_lc_sample-test.csv,phase4/qc/curves/cd1b7c272e35.csv
706d2a0ddf83,2020,t1_2020_base,ccap_2021_hires_lc.tif,edmonds_canopy_prob_2020_t1_2020_base.tif,forest_wetland,sample-selection,matched_p50,25,0.098425,0.8198,0.5139,0.6318,114025801,25055708,107866361,246947870,0.7655,254,204,qc_indep_sweep_2020_t1_2020_base_ccap_2021_hires_lc_sample-selection.csv,phase4/qc/curves/706d2a0ddf83.csv
cd1b7c272e35,2020,t1_2020_base,ccap_2021_hires_lc.tif,edmonds_canopy_prob_2020_t1_2020_base.tif,forest_wetland,sample-test,matched_p50,26,0.102362,0.7039,0.7383,0.7207,167848662,70615067,59485795,297949524,0.7552,254,206,qc_indep_sweep_2020_t1_2020_base_ccap_2021_hires_lc_sample-test.csv,phase4/qc/curves/cd1b7c272e35.csv
706d2a0ddf83,2020,t1_2020_base,ccap_2021_hires_lc.tif,edmonds_canopy_prob_2020_t1_2020_base.tif,forest_wetland,sample-selection,matched_p75,26,0.102362,0.66,0.7506,0.7024,91797327,47284182,30501363,169582872,0.7655,254,203,qc_indep_sweep_2020_t1_2020_base_ccap_2021_hires_lc_sample-selection.csv,phase4/qc/curves/706d2a0ddf83.csv
cd1b7c272e35,2020,t1_2020_base,ccap_2021_hires_lc.tif,edmonds_canopy_prob_2020_t1_2020_base.tif,forest_wetland,sample-test,matched_p75,27,0.106299,0.6402,0.7999,0.7112,152670431,85793298,38194449,276658178,0.7552,254,205,qc_indep_sweep_2020_t1_2020_base_ccap_2021_hires_lc_sample-test.csv,phase4/qc/curves/cd1b7c272e35.csv
706d2a0ddf83,2020,t1_2020_base,ccap_2021_hires_lc.tif,edmonds_canopy_prob_2020_t1_2020_base.tif,forest_wetland,sample-selection,matched_p90,164,0.645669,0.2746,0.9019,0.421,38192220,100889289,4152829,143234338,0.7655,254,65,qc_indep_sweep_2020_t1_2020_base_ccap_2021_hires_lc_sample-selection.csv,phase4/qc/curves/706d2a0ddf83.csv
cd1b7c272e35,2020,t1_2020_base,ccap_2021_hires_lc.tif,edmonds_canopy_prob_2020_t1_2020_base.tif,forest_wetland,sample-test,matched_p90,169,0.665354,0.231,0.9009,0.3677,55081861,183381868,6058518,244522247,0.7552,254,63,qc_indep_sweep_2020_t1_2020_base_ccap_2021_hires_lc_sample-test.csv,phase4/qc/curves/cd1b7c272e35.csv
0321e3881a0f,2020,t1_2020_base,ccap_2021_hires_lc.tif,edmonds_canopy_prob_2020_t1_2020_base.tif,forest_wetland_scrub,,scored_live,,0.5,0.4906,0.859,0.6245,71168857,73882531,11683664,156735052,,,,qc_indep_report.csv,
0321e3881a0f,2020,t1_2020_base,ccap_2021_hires_lc.tif,edmonds_canopy_prob_2020_t1_2020_base.tif,forest_wetland_scrub,,scored_live,,0.102362,0.6923,0.7605,0.7248,172881563,76854075,54452894,304188532,,,,qc_indep_report.csv,
05aa06c68046,2020,t1_2020_base,ccap_2021_hires_lc.tif,edmonds_canopy_prob_2020_t1_2020_base.tif,forest_wetland,,scored_live,,0.5,0.5039,0.846,0.6316,70089993,68991516,12762528,151844037,,,,qc_indep_report.csv,
05aa06c68046,2020,t1_2020_base,ccap_2021_hires_lc.tif,edmonds_canopy_prob_2020_t1_2020_base.tif,forest_wetland,,scored_live,,0.102362,0.7039,0.7383,0.7207,167848662,70615067,59485795,297949524,,,,qc_indep_report.csv,
28c7ebb038d0,2020,t1_2020_base,ccap_2021_hires_lc.tif,edmonds_canopy_prob_2020_t1_2020_base.tif,forest_only,,scored_live,,0.5,0.5039,0.846,0.6316,70089993,68991516,12762528,151844037,,,,qc_indep_report.csv,
28c7ebb038d0,2020,t1_2020_base,ccap_2021_hires_lc.tif,edmonds_canopy_prob_2020_t1_2020_base.tif,forest_only,,scored_live,,0.102362,0.7006,0.7222,0.7112,164170393,70157180,63164064,297491637,,,,qc_indep_report.csv,
57423be5a018,2020,t1_2020_in05,ccap_2021_hires_lc.tif,edmonds_canopy_prob_2020_t1_2020_in05.tif,forest_wetland,sample-selection,best_f1,20,0.07874,0.6279,0.7877,0.6988,87335463,51746046,23538572,162620081,0.7591,254,223,qc_indep_sweep_2020_t1_2020_in05_ccap_2021_hires_lc_sample-selection.csv,phase4/qc/curves/57423be5a018.csv
9595f4c2dc6b,2020,t1_2020_in05,ccap_2021_hires_lc.tif,edmonds_canopy_prob_2020_t1_2020_in05.tif,forest_wetland,sample-test,best_f1,20,0.07874,0.6753,0.7702,0.7196,161044153,77419576,48062212,286525941,0.7491,254,222,qc_indep_sweep_2020_t1_2020_in05_ccap_2021_hires_lc_sample-test.csv,phase4/qc/curves/9595f4c2dc6b.csv
57423be5a018,2020,t1_2020_in05,ccap_2021_hires_lc.tif,edmonds_canopy_prob_2020_t1_2020_in05.tif,forest_wetland,sample-selection,matched_p50,19,0.074803,0.7547,0.5432,0.6317,104965367,34116142,88260777,227342286,0.7591,254,205,qc_indep_sweep_2020_t1_2020_in05_ccap_2021_hires_lc_sample-selection.csv,phase4/qc/curves/57423be5a018.csv
9595f4c2dc6b,2020,t1_2020_in05,ccap_2021_hires_lc.tif,edmonds_canopy_prob_2020_t1_2020_in05.tif,forest_wetland,sample-test,matched_p50,20,0.07874,0.6753,0.7702,0.7196,161044153,77419576,48062212,286525941,0.7491,254,203,qc_indep_sweep_2020_t1_2020_in05_ccap_2021_hires_lc_sample-test.csv,phase4/qc/curves/9595f4c2dc6b.csv
57423be5a018,2020,t1_2020_in05,ccap_2021_hires_lc.tif,edmonds_canopy_prob_2020_t1_2020_in05.tif,forest_wetland,sample-selection,matched_p75,20,0.07874,0.6279,0.7877,0.6988,87335463,51746046,23538572,162620081,0.7591,254,204,qc_indep_sweep_2020_t1_2020_in05_ccap_2021_hires_lc_sample-selection.csv,phase4/qc/curves/57423be5a018.csv
9595f4c2dc6b,2020,t1_2020_in05,ccap_2021_hires_lc.tif,edmonds_canopy_prob_2020_t1_2020_in05.tif,forest_wetland,sample-test,matched_p75,20,0.07874,0.6753,0.7702,0.7196,161044153,77419576,48062212,286525941,0.7491,254,203,qc_indep_sweep_2020_t1_2020_in05_ccap_2021_hires_lc_sample-test.csv,phase4/qc/curves/9595f4c2dc6b.csv
57423be5a018,2020,t1_2020_in05,ccap_2021_hires_lc.tif,edmonds_canopy_prob_2020_t1_2020_in05.tif,forest_wetland,sample-selection,matched_p90,173,0.681102,0.3127,0.9003,0.4642,43495872,95585637,4816048,143897557,0.7591,254,51,qc_indep_sweep_2020_t1_2020_in05_ccap_2021_hires_lc_sample-selection.csv,phase4/qc/curves/57423be5a018.csv
9595f4c2dc6b,2020,t1_2020_in05,ccap_2021_hires_lc.tif,edmonds_canopy_prob_2020_t1_2020_in05.tif,forest_wetland,sample-test,matched_p90,178,0.700787,0.2769,0.901,0.4236,66037868,172425861,7257819,245721548,0.7491,254,45,qc_indep_sweep_2020_t1_2020_in05_ccap_2021_hires_lc_sample-test.csv,phase4/qc/curves/9595f4c2dc6b.csv
1f5c0c88fd37,2020,t1_2020_in05,ccap_2021_hires_lc.tif,edmonds_canopy_prob_2020_t1_2020_in05.tif,forest_wetland,,scored_live,,0.5,0.5308,0.8419,0.6511,73825653,65255856,13867701,152949210,,,,qc_indep_report.csv,
1f5c0c88fd37,2020,t1_2020_in05,ccap_2021_hires_lc.tif,edmonds_canopy_prob_2020_t1_2020_in05.tif,forest_wetland,,scored_live,,0.07874,0.6753,0.7702,0.7196,161044153,77419576,48062212,286525941,,,,qc_indep_report.csv,
629654eb4c2e,2020,t1_2020_in05,ccap_2021_hires_lc.tif,edmonds_canopy_prob_2020_t1_2020_in05.tif,forest_wetland_scrub,,scored_live,,0.5,0.5174,0.8558,0.6449,75050112,70001276,12643242,157694630,,,,qc_indep_report.csv,
629654eb4c2e,2020,t1_2020_in05,ccap_2021_hires_lc.tif,edmonds_canopy_prob_2020_t1_2020_in05.tif,forest_wetland_scrub,,scored_live,,0.07874,0.6614,0.7899,0.72,165177027,84558611,43929338,293664976,,,,qc_indep_report.csv,
a9758233b54d,2020,t1_2020_in05,ccap_2021_hires_lc.tif,edmonds_canopy_prob_2020_t1_2020_in05.tif,forest_only,,scored_live,,0.5,0.5308,0.8419,0.6511,73825653,65255856,13867701,152949210,,,,qc_indep_report.csv,
a9758233b54d,2020,t1_2020_in05,ccap_2021_hires_lc.tif,edmonds_canopy_prob_2020_t1_2020_in05.tif,forest_only,,scored_live,,0.07874,0.6719,0.7529,0.7101,157443347,76884226,51663018,285990591,,,,qc_indep_report.csv,
9c398cbbc467,2020,t1_2020_in16,ccap_2021_hires_lc.tif,edmonds_canopy_prob_2020_t1_2020_in16.tif,forest_wetland,sample-test,best_f1,18,0.070866,0.6592,0.7968,0.7215,157190645,81273084,40092643,278556372,0.7693,254,204,qc_indep_sweep_2020_t1_2020_in16_ccap_2021_hires_lc_sample-test.csv,phase4/qc/curves/9c398cbbc467.csv
f1fdbdaf1b5f,2020,t1_2020_in16,ccap_2021_hires_lc.tif,edmonds_canopy_prob_2020_t1_2020_in16.tif,forest_wetland,sample-selection,best_f1,18,0.070866,0.6132,0.811,0.6984,85283317,53798192,19870937,158952446,0.7718,254,203,qc_indep_sweep_2020_t1_2020_in16_ccap_2021_hires_lc_sample-selection.csv,phase4/qc/curves/f1fdbdaf1b5f.csv
9c398cbbc467,2020,t1_2020_in16,ccap_2021_hires_lc.tif,edmonds_canopy_prob_2020_t1_2020_in16.tif,forest_wetland,sample-test,matched_p50,17,0.066929,0.7728,0.6221,0.6893,184276031,54187698,111950378,350414107,0.7693,254,188,qc_indep_sweep_2020_t1_2020_in16_ccap_2021_hires_lc_sample-test.csv,phase4/qc/curves/9c398cbbc467.csv
f1fdbdaf1b5f,2020,t1_2020_in16,ccap_2021_hires_lc.tif,edmonds_canopy_prob_2020_t1_2020_in16.tif,forest_wetland,sample-selection,matched_p50,17,0.066929,0.7129,0.6656,0.6884,99156374,39925135,49822610,188904119,0.7718,254,187,qc_indep_sweep_2020_t1_2020_in16_ccap_2021_hires_lc_sample-selection.csv,phase4/qc/curves/f1fdbdaf1b5f.csv
9c398cbbc467,2020,t1_2020_in16,ccap_2021_hires_lc.tif,edmonds_canopy_prob_2020_t1_2020_in16.tif,forest_wetland,sample-test,matched_p75,18,0.070866,0.6592,0.7968,0.7215,157190645,81273084,40092643,278556372,0.7693,254,187,qc_indep_sweep_2020_t1_2020_in16_ccap_2021_hires_lc_sample-test.csv,phase4/qc/curves/9c398cbbc467.csv
f1fdbdaf1b5f,2020,t1_2020_in16,ccap_2021_hires_lc.tif,edmonds_canopy_prob_2020_t1_2020_in16.tif,forest_wetland,sample-selection,matched_p75,18,0.070866,0.6132,0.811,0.6984,85283317,53798192,19870937,158952446,0.7718,254,186,qc_indep_sweep_2020_t1_2020_in16_ccap_2021_hires_lc_sample-selection.csv,phase4/qc/curves/f1fdbdaf1b5f.csv
9c398cbbc467,2020,t1_2020_in16,ccap_2021_hires_lc.tif,edmonds_canopy_prob_2020_t1_2020_in16.tif,forest_wetland,sample-test,matched_p90,163,0.641732,0.2987,0.9026,0.4488,71219938,167243791,7687298,246151027,0.7693,254,42,qc_indep_sweep_2020_t1_2020_in16_ccap_2021_hires_lc_sample-test.csv,phase4/qc/curves/9c398cbbc467.csv
f1fdbdaf1b5f,2020,t1_2020_in16,ccap_2021_hires_lc.tif,edmonds_canopy_prob_2020_t1_2020_in16.tif,forest_wetland,sample-selection,matched_p90,160,0.629921,0.3135,0.9021,0.4653,43601952,95479557,4731342,143812851,0.7718,254,44,qc_indep_sweep_2020_t1_2020_in16_ccap_2021_hires_lc_sample-selection.csv,phase4/qc/curves/f1fdbdaf1b5f.csv
652bb27a0d73,2020,t1_2020_in16,ccap_2021_hires_lc.tif,edmonds_canopy_prob_2020_t1_2020_in16.tif,forest_wetland_scrub,,scored_live,,0.5,0.5121,0.8598,0.6419,74286281,70765107,12118108,157169496,,,,qc_indep_report.csv,
652bb27a0d73,2020,t1_2020_in16,ccap_2021_hires_lc.tif,edmonds_canopy_prob_2020_t1_2020_in16.tif,forest_wetland_scrub,,scored_live,,0.070866,0.6439,0.815,0.7194,160795239,88940399,36488049,286223687,,,,qc_indep_report.csv,
8cad8d860cf8,2020,t1_2020_in16,ccap_2021_hires_lc.tif,edmonds_canopy_prob_2020_t1_2020_in16.tif,forest_wetland,,scored_live,,0.5,0.5255,0.8459,0.6483,73092359,65989150,13312030,152393539,,,,qc_indep_report.csv,
8cad8d860cf8,2020,t1_2020_in16,ccap_2021_hires_lc.tif,edmonds_canopy_prob_2020_t1_2020_in16.tif,forest_wetland,,scored_live,,0.070866,0.6592,0.7968,0.7215,157190645,81273084,40092643,278556372,,,,qc_indep_report.csv,
929c6ec824b9,2020,t1_2020_in16,ccap_2021_hires_lc.tif,edmonds_canopy_prob_2020_t1_2020_in16.tif,forest_only,,scored_live,,0.5,0.5255,0.8459,0.6483,73092359,65989150,13312030,152393539,,,,qc_indep_report.csv,
929c6ec824b9,2020,t1_2020_in16,ccap_2021_hires_lc.tif,edmonds_canopy_prob_2020_t1_2020_in16.tif,forest_only,,scored_live,,0.070866,0.6557,0.7788,0.712,153653540,80674033,43629748,277957321,,,,qc_indep_report.csv,
439978a1c68f,2020,wb18_2020_base,ccap_2016_hires_lc.tif,edmonds_canopy_prob_2020_wb18_2020_base.tif,forest_wetland,sample-test,best_f1,8,0.031496,0.7479,0.7555,0.7517,188456752,63528571,60990351,312975674,0.8006,254,252,qc_indep_sweep_2020_wb18_2020_base_ccap_2016_hires_lc_sample-test.csv,phase4/qc/curves/439978a1c68f.csv
b4c68c6c0ca6,2020,wb18_2020_base,ccap_2021_hires_lc.tif,edmonds_canopy_prob_2020_wb18_2020_base.tif,forest_wetland,sample-test,best_f1,8,0.031496,0.7655,0.7318,0.7483,182552732,55910997,66894371,305358100,0.7825,254,252,qc_indep_sweep_2020_wb18_2020_base_ccap_2021_hires_lc_sample-test.csv,phase4/qc/curves/b4c68c6c0ca6.csv
439978a1c68f,2020,wb18_2020_base,ccap_2016_hires_lc.tif,edmonds_canopy_prob_2020_wb18_2020_base.tif,forest_wetland,sample-test,matched_p50,6,0.023622,0.8469,0.6106,0.7096,213406357,38578966,136068977,388054300,0.8006,254,247,qc_indep_sweep_2020_wb18_2020_base_ccap_2016_hires_lc_sample-test.csv,phase4/qc/curves/439978a1c68f.csv
b4c68c6c0ca6,2020,wb18_2020_base,ccap_2021_hires_lc.tif,edmonds_canopy_prob_2020_wb18_2020_base.tif,forest_wetland,sample-test,matched_p50,6,0.023622,0.8752,0.5972,0.71,208704423,29759306,140770911,379234640,0.7825,254,247,qc_indep_sweep_2020_wb18_2020_base_ccap_2021_hires_lc_sample-test.csv,phase4/qc/curves/b4c68c6c0ca6.csv
439978a1c68f,2020,wb18_2020_base,ccap_2016_hires_lc.tif,edmonds_canopy_prob_2020_wb18_2020_base.tif,forest_wetland,sample-test,matched_p75,8,0.031496,0.7479,0.7555,0.7517,188456752,63528571,60990351,312975674,0.8006,254,245,qc_indep_sweep_2020_wb18_2020_base_ccap_2016_hires_lc_sample-test.csv,phase4/qc/curves/439978a1c68f.csv
b4c68c6c0ca6,2020,wb18_2020_base,ccap_2021_hires_lc.tif,edmonds_canopy_prob_2020_wb18_2020_base.tif,forest_wetland,sample-test,matched_p75,9,0.035433,0.7396,0.7527,0.7461,176374238,62089491,57960838,296424567,0.7825,254,242,qc_indep_sweep_2020_wb18_2020_base_ccap_2021_hires_lc_sample-test.csv,phase4/qc/curves/b4c68c6c0ca6.csv
439978a1c68f,2020,wb18_2020_base,ccap_2016_hires_lc.tif,edmonds_canopy_prob_2020_wb18_2020_base.tif,forest_wetland,sample-test,matched_p90,188,0.740157,0.352,0.901,0.5062,88688101,163297222,9742633,261727956,0.8006,254,60,qc_indep_sweep_2020_wb18_2020_base_ccap_2016_hires_lc_sample-test.csv,phase4/qc/curves/439978a1c68f.csv
b4c68c6c0ca6,2020,wb18_2020_base,ccap_2021_hires_lc.tif,edmonds_canopy_prob_2020_wb18_2020_base.tif,forest_wetland,sample-test,matched_p90,223,0.877952,0.1363,0.9005,0.2368,32507967,205955762,3590739,242054468,0.7825,254,23,qc_indep_sweep_2020_wb18_2020_base_ccap_2021_hires_lc_sample-test.csv,phase4/qc/curves/b4c68c6c0ca6.csv
29e9fc89f60e,2020,wb18_2020_base,ccap_2021_hires_lc.tif,edmonds_canopy_prob_2020_wb18_2020_base.tif,forest_wetland,,scored_live,,0.4197,0.5599,0.8227,0.6663,133512019,104951710,28780582,267244311,,,,qc_indep_report.csv,
312ebbcf87da,2020,wb18_2020_base,ccap_2016_hires_lc.tif,edmonds_canopy_prob_2020_wb18_2020_base.tif,forest_only,,scored_live,,0.4197,0.5467,0.8368,0.6613,135805528,112586261,26487073,274878862,,,,qc_indep_report.csv,
6e01764bf5d1,2020,wb18_2020_base,ccap_2021_hires_lc.tif,edmonds_canopy_prob_2020_wb18_2020_base.tif,forest_only,,scored_live,,0.4197,0.556,0.8028,0.657,130295425,104032148,31997176,266324749,,,,qc_indep_report.csv,
8d97c7ba04f9,2020,wb18_2020_base,ccap_2021_hires_lc.tif,edmonds_canopy_prob_2020_wb18_2020_base.tif,forest_wetland_scrub,,scored_live,,0.4197,0.5453,0.8392,0.6611,136191066,113544572,26101535,275837173,,,,qc_indep_report.csv,
c49b68a480c3,2020,wb18_2020_base,ccap_2016_hires_lc.tif,edmonds_canopy_prob_2020_wb18_2020_base.tif,forest_wetland_scrub,,scored_live,,0.4197,0.5165,0.885,0.6523,143622126,134459912,18670475,296752513,,,,qc_indep_report.csv,
fd1979917482,2020,wb18_2020_base,ccap_2016_hires_lc.tif,edmonds_canopy_prob_2020_wb18_2020_base.tif,forest_wetland,,scored_live,,0.4197,0.5503,0.8544,0.6694,138657696,113327627,23634905,275620228,,,,qc_indep_report.csv,
035aa84f9553,2020,wb18_2020_in16,ccap_2021_hires_lc.tif,edmonds_canopy_prob_2020_wb18_2020_in16.tif,forest_wetland,sample-test,best_f1,3,0.011811,0.7422,0.7633,0.7526,176992387,61471342,54879421,293343150,0.7857,254,250,qc_indep_sweep_2020_wb18_2020_in16_ccap_2021_hires_lc_sample-test.csv,phase4/qc/curves/035aa84f9553.csv
912f90299113,2020,wb18_2020_in16,ccap_2016_hires_lc.tif,edmonds_canopy_prob_2020_wb18_2020_in16.tif,forest_wetland,sample-test,best_f1,3,0.011811,0.7286,0.7918,0.7589,183604221,68381102,48267587,300252910,0.8087,254,250,qc_indep_sweep_2020_wb18_2020_in16_ccap_2016_hires_lc_sample-test.csv,phase4/qc/curves/912f90299113.csv
035aa84f9553,2020,wb18_2020_in16,ccap_2021_hires_lc.tif,edmonds_canopy_prob_2020_wb18_2020_in16.tif,forest_wetland,sample-test,matched_p50,2,0.007874,0.7883,0.698,0.7404,187981217,50482512,81335336,319799065,0.7857,254,249,qc_indep_sweep_2020_wb18_2020_in16_ccap_2021_hires_lc_sample-test.csv,phase4/qc/curves/035aa84f9553.csv
912f90299113,2020,wb18_2020_in16,ccap_2016_hires_lc.tif,edmonds_canopy_prob_2020_wb18_2020_in16.tif,forest_wetland,sample-test,matched_p50,2,0.007874,0.7749,0.725,0.7491,195255994,56729329,74060559,326045882,0.8087,254,249,qc_indep_sweep_2020_wb18_2020_in16_ccap_2016_hires_lc_sample-test.csv,phase4/qc/curves/912f90299113.csv
035aa84f9553,2020,wb18_2020_in16,ccap_2021_hires_lc.tif,edmonds_canopy_prob_2020_wb18_2020_in16.tif,forest_wetland,sample-test,matched_p75,3,0.011811,0.7422,0.7633,0.7526,176992387,61471342,54879421,293343150,0.7857,254,248,qc_indep_sweep_2020_wb18_2020_in16_ccap_2021_hires_lc_sample-test.csv,phase4/qc/curves/035aa84f9553.csv
912f90299113,2020,wb18_2020_in16,ccap_2016_hires_lc.tif,edmonds_canopy_prob_2020_wb18_2020_in16.tif,forest_wetland,sample-test,matched_p75,3,0.011811,0.7286,0.7918,0.7589,183604221,68381102,48267587,300252910,0.8087,254,248,qc_indep_sweep_2020_wb18_2020_in16_ccap_2016_hires_lc_sample-test.csv,phase4/qc/curves/912f90299113.csv
035aa84f9553,2020,wb18_2020_in16,ccap_2021_hires_lc.tif,edmonds_canopy_prob_2020_wb18_2020_in16.tif,forest_wetland,sample-test,matched_p90,189,0.744094,0.2778,0.9,0.4246,66251368,172212361,7361375,245825104,0.7857,254,61,qc_indep_sweep_2020_wb18_2020_in16_ccap_2021_hires_lc_sample-test.csv,phase4/qc/curves/035aa84f9553.csv
912f90299113,2020,wb18_2020_in16,ccap_2016_hires_lc.tif,edmonds_canopy_prob_2020_wb18_2020_in16.tif,forest_wetland,sample-test,matched_p90,155,0.610236,0.4331,0.9006,0.5849,109132727,142852596,12041657,264026980,0.8087,254,96,qc_indep_sweep_2020_wb18_2020_in16_ccap_2016_hires_lc_sample-test.csv,phase4/qc/curves/912f90299113.csv
f49746d67852,2020,wb50_2020_base,ccap_2021_hires_lc.tif,edmonds_canopy_prob_2020_wb50_2020_base.tif,forest_wetland,sample-test,best_f1,5,0.019685,0.7199,0.7424,0.731,171680223,66783506,59555249,298018978,0.7749,254,241,qc_indep_sweep_2020_wb50_2020_base_ccap_2021_hires_lc_sample-test.csv,phase4/qc/curves/f49746d67852.csv
f49746d67852,2020,wb50_2020_base,ccap_2021_hires_lc.tif,edmonds_canopy_prob_2020_wb50_2020_base.tif,forest_wetland,sample-test,matched_p50,4,0.015748,0.8038,0.6602,0.725,191685909,46777820,98650768,337114497,0.7749,254,238,qc_indep_sweep_2020_wb50_2020_base_ccap_2021_hires_lc_sample-test.csv,phase4/qc/curves/f49746d67852.csv
f49746d67852,2020,wb50_2020_base,ccap_2021_hires_lc.tif,edmonds_canopy_prob_2020_wb50_2020_base.tif,forest_wetland,sample-test,matched_p75,6,0.023622,0.6779,0.7709,0.7214,161643039,76820690,48036903,286500632,0.7749,254,236,qc_indep_sweep_2020_wb50_2020_base_ccap_2021_hires_lc_sample-test.csv,phase4/qc/curves/f49746d67852.csv
f49746d67852,2020,wb50_2020_base,ccap_2021_hires_lc.tif,edmonds_canopy_prob_2020_wb50_2020_base.tif,forest_wetland,sample-test,matched_p90,185,0.728346,0.2392,0.9009,0.3781,57051049,181412680,6272884,244736613,0.7749,254,57,qc_indep_sweep_2020_wb50_2020_base_ccap_2021_hires_lc_sample-test.csv,phase4/qc/curves/f49746d67852.csv
1fe355087547,2020,wb50_2020_base,ccap_2021_hires_lc.tif,edmonds_canopy_prob_2020_wb50_2020_base.tif,forest_wetland,,scored_live,,0.4354,0.5297,0.827,0.6458,126320555,112143174,26417177,264880906,,,,qc_indep_report.csv,
4e03add8dfcb,2020,wb50_2020_base,ccap_2021_hires_lc.tif,edmonds_canopy_prob_2020_wb50_2020_base.tif,forest_only,,scored_live,,0.4354,0.5262,0.8073,0.6371,123305263,111022310,29432469,263760042,,,,qc_indep_report.csv,
97a9dc01d35c,2020,wb50_2020_base,ccap_2021_hires_lc.tif,edmonds_canopy_prob_2020_wb50_2020_base.tif,forest_wetland_scrub,,scored_live,,0.4354,0.5144,0.8411,0.6384,128461936,121273702,24275796,274011434,,,,qc_indep_report.csv,
2da26da1df45,2020s,,ccap_2021_hires_lc.tif,edmonds_canopy_prob_2020s_sectors_v1.tif,forest_wetland,,scored_live,,0.5,0.5483,0.8172,0.6563,183193114,150947052,40972226,375112392,,,,qc_indep_report.csv,
30a4caeb0570,2020s,,ccap_2021_hires_lc.tif,edmonds_canopy_prob_2020s_sectors_v1.tif,forest_wetland_scrub,,scored_live,,0.5,0.5298,0.8314,0.6472,186370723,165411221,37794617,389576561,,,,qc_indep_report.csv,
83cda0659609,2020s,,ccap_2021_hires_lc.tif,edmonds_canopy_prob_2020s_sectors_v1.tif,forest_only,,scored_live,,0.5,0.5463,0.8062,0.6513,180731680,150095690,43433660,374261030,,,,qc_indep_report.csv,
03dac3991e7f,2021,,ccap_2021_hires_lc.tif,edmonds_canopy_prob_2021_citywide_rgb.tif,forest_wetland_scrub,,scored_live,,0.4013,0.5926,0.8938,0.7127,682477619,469221081,81082833,1232781533,,,,qc_indep_report.csv,
1dd62816dc7a,2021,,ccap_2021_hires_lc.tif,edmonds_canopy_prob_2021_citywide_rgb.tif,forest_wetland,,scored_live,,0.4013,0.6059,0.8778,0.7169,670243285,435881020,93317167,1199441472,,,,qc_indep_report.csv,
64eecc0c8661,2021,,ccap_2021_hires_lc.tif,edmonds_canopy_prob_2021_citywide_rgb.tif,forest_only,,scored_live,,0.4013,0.6028,0.862,0.7095,658163214,433739921,105397238,1197300373,,,,qc_indep_report.csv,
47c966893a21,2021,trend8_2021,ccap_2016_hires_lc.tif,edmonds_canopy_prob_2021_trend8_2021.tif,forest_wetland,,best_f1,27,0.106299,0.7874,0.7749,0.7811,931902584,251688058,270747532,1454338174,0.8465,254,216,qc_indep_sweep_2021_trend8_2021_ccap_2016_hires_lc.csv,phase4/qc/curves/47c966893a21.csv
e1db5afaea4b,2021,trend8_2021,ccap_2021_hires_lc.tif,edmonds_canopy_prob_2021_trend8_2021.tif,forest_wetland,,best_f1,28,0.110236,0.8057,0.7594,0.7818,891175283,214949022,282359414,1388483719,0.8391,254,216,qc_indep_sweep_2021_trend8_2021_ccap_2021_hires_lc.csv,phase4/qc/curves/e1db5afaea4b.csv
47c966893a21,2021,trend8_2021,ccap_2016_hires_lc.tif,edmonds_canopy_prob_2021_trend8_2021.tif,forest_wetland,,matched_p50,13,0.051181,0.9455,0.5056,0.6588,1119101747,64488895,1094493045,2278083687,0.8465,254,204,qc_indep_sweep_2021_trend8_2021_ccap_2016_hires_lc.csv,phase4/qc/curves/47c966893a21.csv
e1db5afaea4b,2021,trend8_2021,ccap_2021_hires_lc.tif,edmonds_canopy_prob_2021_trend8_2021.tif,forest_wetland,,matched_p50,14,0.055118,0.9551,0.5227,0.6757,1056450085,49674220,964531270,2070655575,0.8391,254,203,qc_indep_sweep_2021_trend8_2021_ccap_2021_hires_lc.csv,phase4/qc/curves/e1db5afaea4b.csv
47c966893a21,2021,trend8_2021,ccap_2016_hires_lc.tif,edmonds_canopy_prob_2021_trend8_2021.tif,forest_wetland,,matched_p75,25,0.098425,0.8076,0.754,0.7799,955861892,227728750,311835205,1495425847,0.8465,254,192,qc_indep_sweep_2021_trend8_2021_ccap_2016_hires_lc.csv,phase4/qc/curves/47c966893a21.csv
e1db5afaea4b,2021,trend8_2021,ccap_2021_hires_lc.tif,edmonds_canopy_prob_2021_trend8_2021.tif,forest_wetland,,matched_p75,27,0.106299,0.8157,0.7502,0.7816,902234721,203889584,300415395,1406539700,0.8391,254,190,qc_indep_sweep_2021_trend8_2021_ccap_2021_hires_lc.csv,phase4/qc/curves/e1db5afaea4b.csv
47c966893a21,2021,trend8_2021,ccap_2016_hires_lc.tif,edmonds_canopy_prob_2021_trend8_2021.tif,forest_wetland,,matched_p90,136,0.535433,0.5412,0.9005,0.6761,640611921,542978721,70778504,1254369146,0.8465,254,81,qc_indep_sweep_2021_trend8_2021_ccap_2016_hires_lc.csv,phase4/qc/curves/47c966893a21.csv
e1db5afaea4b,2021,trend8_2021,ccap_2021_hires_lc.tif,edmonds_canopy_prob_2021_trend8_2021.tif,forest_wetland,,matched_p90,163,0.641732,0.4212,0.9006,0.5739,465872371,640251934,51415855,1157540160,0.8391,254,54,qc_indep_sweep_2021_trend8_2021_ccap_2021_hires_lc.csv,phase4/qc/curves/e1db5afaea4b.csv
47c966893a21,2021,trend8_2021,ccap_2016_hires_lc.tif,edmonds_canopy_prob_2021_trend8_2021.tif,forest_wetland,,scored_live,,0.4013,0.6226,0.879,0.7289,736864411,446726231,101407104,1284997746,,,,qc_indep_report.csv,
512aa952bfb6,2021,trend8_2021,ccap_2021_hires_lc.tif,edmonds_canopy_prob_2021_trend8_2021.tif,forest_only,,scored_live,,0.5,0.6121,0.8486,0.7112,668323593,423579542,119198877,1211102012,,,,qc_indep_report.csv,
526a889a6d19,2021,trend8_2021,ccap_2021_hires_lc.tif,edmonds_canopy_prob_2021_trend8_2021.tif,forest_wetland_scrub,,scored_live,,0.5,0.6047,0.8843,0.7182,696429271,455269429,91093199,1242791899,,,,qc_indep_report.csv,
61e0ac329f8e,2021,trend8_2021,ccap_2016_hires_lc.tif,edmonds_canopy_prob_2021_trend8_2021.tif,forest_only,,scored_live,,0.4013,0.6194,0.866,0.7222,725932121,446087124,112339394,1284358639,,,,qc_indep_report.csv,
9535068adf10,2021,trend8_2021,ccap_2016_hires_lc.tif,edmonds_canopy_prob_2021_trend8_2021.tif,forest_wetland_scrub,,scored_live,,0.4013,0.5863,0.896,0.7088,751116200,530049398,87155315,1368320913,,,,qc_indep_report.csv,
e1db5afaea4b,2021,trend8_2021,ccap_2021_hires_lc.tif,edmonds_canopy_prob_2021_trend8_2021.tif,forest_wetland,,scored_live,,0.5,0.6157,0.8647,0.7193,680988346,425135959,106534124,1212658429,,,,qc_indep_report.csv,
3827574a77b7,2021s,,ccap_2021_hires_lc.tif,edmonds_canopy_prob_2021s_fullext_sectors_v1.tif,forest_wetland,,scored_live,,0.4998,0.6568,0.8276,0.7324,56381514,29466625,11748623,97596762,,,,qc_indep_report.csv,
5e7940848325,2021s,,ccap_2021_hires_lc.tif,edmonds_canopy_prob_2021s_fullext_sectors_v1.tif,forest_wetland_scrub,,scored_live,,0.4998,0.638,0.8452,0.7271,57581416,32677586,10548721,100807723,,,,qc_indep_report.csv,
b4d426a9a0d0,2021s,,ccap_2021_hires_lc.tif,edmonds_canopy_prob_2021s_fullext_sectors_v1.tif,forest_only,,scored_live,,0.4998,0.6539,0.816,0.726,55591726,29428193,12538411,97558330,,,,qc_indep_report.csv,
baa8885c09d8,2021s,,ccap_2021_hires_lc.tif,edmonds_canopy_prob_2021s_p2nir.tif,forest_only,,scored_live,,0.499,0.6818,0.8384,0.752,249852825,116587151,48143677,414583653,,,,qc_indep_report.csv,
f3bdd32cdceb,2021s,,ccap_2021_hires_lc.tif,edmonds_canopy_prob_2021s_p2nir.tif,forest_wetland_scrub,,scored_live,,0.499,0.6707,0.8698,0.7574,259203997,127274272,38792505,425270774,,,,qc_indep_report.csv,
fcf4e6483bd7,2021s,,ccap_2021_hires_lc.tif,edmonds_canopy_prob_2021s_p2nir.tif,forest_wetland,,scored_live,,0.499,0.6851,0.8547,0.7606,254704750,117095171,43291752,415091673,,,,qc_indep_report.csv,
9e4d3411cdb2,2021s,noise_ens5,ccap_2021_hires_lc.tif,edmonds_canopy_prob_2021s_noise_ens5.tif,forest_wetland_scrub,,scored_live,,0.477,0.6241,0.8491,0.7194,56328496,33930506,10008568,100267570,,,,qc_indep_report.csv,
a6b2c378b751,2021s,noise_ens5,ccap_2021_hires_lc.tif,edmonds_canopy_prob_2021s_noise_ens5.tif,forest_only,,scored_live,,0.477,0.641,0.8215,0.7201,54497101,30522818,11839963,96859882,,,,qc_indep_report.csv,
b5c4f00f8693,2021s,noise_ens5,ccap_2021_hires_lc.tif,edmonds_canopy_prob_2021s_noise_ens5.tif,forest_wetland,,scored_live,,0.477,0.6439,0.8332,0.7264,55273574,30574565,11063490,96911629,,,,qc_indep_report.csv,
575fc85de387,2021s,noise_r1,ccap_2021_hires_lc.tif,edmonds_canopy_prob_2021s_noise_r1.tif,forest_wetland_scrub,,scored_live,,0.44,0.6217,0.85,0.7181,56116912,34142090,9901303,100160305,,,,qc_indep_report.csv,
bbde78baf5fe,2021s,noise_r1,ccap_2021_hires_lc.tif,edmonds_canopy_prob_2021s_noise_r1.tif,forest_wetland,,scored_live,,0.44,0.6402,0.8325,0.7238,54960637,30887502,11057578,96905717,,,,qc_indep_report.csv,
fa91b1524651,2021s,noise_r1,ccap_2021_hires_lc.tif,edmonds_canopy_prob_2021s_noise_r1.tif,forest_only,,scored_live,,0.44,0.6372,0.8206,0.7174,54171611,30848308,11846604,96866523,,,,qc_indep_report.csv,
879dc86c8ada,2021s,noise_r2,ccap_2021_hires_lc.tif,edmonds_canopy_prob_2021s_noise_r2.tif,forest_wetland,,scored_live,,0.4993,0.6545,0.8265,0.7305,56186069,29662070,11795474,97643613,,,,qc_indep_report.csv,
a2166b71e3b9,2021s,noise_r2,ccap_2021_hires_lc.tif,edmonds_canopy_prob_2021s_noise_r2.tif,forest_wetland_scrub,,scored_live,,0.4993,0.6349,0.843,0.7243,57307920,32951082,10673623,100932625,,,,qc_indep_report.csv,
d45659f5c346,2021s,noise_r2,ccap_2021_hires_lc.tif,edmonds_canopy_prob_2021s_noise_r2.tif,forest_only,,scored_live,,0.4993,0.6517,0.8151,0.7243,55409864,29610055,12571679,97591598,,,,qc_indep_report.csv,
54c429865106,2021s,noise_r3,ccap_2021_hires_lc.tif,edmonds_canopy_prob_2021s_noise_r3.tif,forest_only,,scored_live,,0.499,0.6656,0.8068,0.7294,56593368,28426551,13554249,98574168,,,,qc_indep_report.csv,
c4f9c522097b,2021s,noise_r3,ccap_2021_hires_lc.tif,edmonds_canopy_prob_2021s_noise_r3.tif,forest_wetland_scrub,,scored_live,,0.499,0.6507,0.8372,0.7323,58729554,31529448,11418063,101677065,,,,qc_indep_report.csv,
d1ad862f94fa,2021s,noise_r3,ccap_2021_hires_lc.tif,edmonds_canopy_prob_2021s_noise_r3.tif,forest_wetland,,scored_live,,0.499,0.6685,0.8181,0.7358,57386837,28461302,12760780,98608919,,,,qc_indep_report.csv,
53b2c61d4cbb,2021s,noise_r4,ccap_2021_hires_lc.tif,edmonds_canopy_prob_2021s_noise_r4.tif,forest_only,,scored_live,,0.49,0.6535,0.8166,0.726,55564130,29455789,12480821,97500740,,,,qc_indep_report.csv,
53f2677c9087,2021s,noise_r4,ccap_2021_hires_lc.tif,edmonds_canopy_prob_2021s_noise_r4.tif,forest_wetland,,scored_live,,0.49,0.6563,0.8281,0.7323,56346003,29502136,11698948,97547087,,,,qc_indep_report.csv,
e99d359bc761,2021s,noise_r4,ccap_2021_hires_lc.tif,edmonds_canopy_prob_2021s_noise_r4.tif,forest_wetland_scrub,,scored_live,,0.49,0.6367,0.8445,0.726,57466414,32792588,10578537,100837539,,,,qc_indep_report.csv,
1581906286a2,2021s,noise_r5,ccap_2021_hires_lc.tif,edmonds_canopy_prob_2021s_noise_r5.tif,forest_only,,scored_live,,0.457,0.6522,0.8146,0.7244,55452545,29567374,12620498,97640417,,,,qc_indep_report.csv,
805397ce0875,2021s,noise_r5,ccap_2021_hires_lc.tif,edmonds_canopy_prob_2021s_noise_r5.tif,forest_wetland,,scored_live,,0.457,0.655,0.826,0.7306,56226584,29621555,11846459,97694598,,,,qc_indep_report.csv,
e88b42e3648e,2021s,noise_r5,ccap_2021_hires_lc.tif,edmonds_canopy_prob_2021s_noise_r5.tif,forest_wetland_scrub,,scored_live,,0.457,0.6359,0.8431,0.725,57394089,32864913,10678954,100937956,,,,qc_indep_report.csv,
2d49969d0195,2022,,ccap_2021_hires_lc.tif,edmonds_canopy_prob_2022_citywide_rgb.tif,forest_wetland,,scored_live,,0.4988,0.6818,0.8012,0.7367,2833066330,1322214465,702896919,4858177714,,,,qc_indep_report.csv,
6584aedcae72,2022,,ccap_2021_hires_lc.tif,edmonds_canopy_prob_2022_citywide_rgb.tif,forest_wetland_scrub,,scored_live,,0.4988,0.6686,0.8186,0.736,2894707672,1434607953,641255577,4970571202,,,,qc_indep_report.csv,
e1238c87ed2d,2022,,ccap_2021_hires_lc.tif,edmonds_canopy_prob_2022_citywide_rgb.tif,forest_only,,scored_live,,0.4988,0.6797,0.7891,0.7303,2790288846,1315120889,745674403,4851084138,,,,qc_indep_report.csv,
a0f0358edef6,2022,heal_2022,ccap_2021_hires_lc.tif,edmonds_canopy_prob_2022_heal_2022.tif,forest_wetland,,best_f1,23,0.090551,0.7626,0.7452,0.7538,3169003873,986276922,1083350788,5238631583,0.7976,254,201,qc_indep_sweep_2022_heal_2022_ccap_2021_hires_lc.csv,phase4/qc/curves/a0f0358edef6.csv
a7c48c5e5a09,2022,heal_2022,ccap_2016_hires_lc.tif,edmonds_canopy_prob_2022_heal_2022.tif,forest_wetland,,best_f1,22,0.086614,0.7667,0.7477,0.7571,3401331397,1034853693,1147977858,5584162948,0.807,254,201,qc_indep_sweep_2022_heal_2022_ccap_2016_hires_lc.csv,phase4/qc/curves/a7c48c5e5a09.csv
a0f0358edef6,2022,heal_2022,ccap_2021_hires_lc.tif,edmonds_canopy_prob_2022_heal_2022.tif,forest_wetland,,matched_p50,20,0.07874,0.8687,0.6015,0.7108,3609652481,545628314,2391302491,6546583286,0.7976,254,182,qc_indep_sweep_2022_heal_2022_ccap_2021_hires_lc.csv,phase4/qc/curves/a0f0358edef6.csv
a7c48c5e5a09,2022,heal_2022,ccap_2016_hires_lc.tif,edmonds_canopy_prob_2022_heal_2022.tif,forest_wetland,,matched_p50,19,0.074803,0.8957,0.5175,0.656,3973444023,462741067,3704411115,8140596205,0.807,254,183,qc_indep_sweep_2022_heal_2022_ccap_2016_hires_lc.csv,phase4/qc/curves/a7c48c5e5a09.csv
a0f0358edef6,2022,heal_2022,ccap_2021_hires_lc.tif,edmonds_canopy_prob_2022_heal_2022.tif,forest_wetland,,matched_p75,24,0.094488,0.7452,0.7586,0.7518,3096427534,1058853261,985462164,5140742959,0.7976,254,178,qc_indep_sweep_2022_heal_2022_ccap_2021_hires_lc.csv,phase4/qc/curves/a0f0358edef6.csv
a7c48c5e5a09,2022,heal_2022,ccap_2016_hires_lc.tif,edmonds_canopy_prob_2022_heal_2022.tif,forest_wetland,,matched_p75,23,0.090551,0.7405,0.7725,0.7562,3284922227,1151262863,967432434,5403617524,0.807,254,179,qc_indep_sweep_2022_heal_2022_ccap_2016_hires_lc.csv,phase4/qc/curves/a7c48c5e5a09.csv
a0f0358edef6,2022,heal_2022,ccap_2021_hires_lc.tif,edmonds_canopy_prob_2022_heal_2022.tif,forest_wetland,,matched_p90,157,0.61811,0.3055,0.9001,0.4562,1269383062,2885897733,140951296,4296232091,0.7976,254,45,qc_indep_sweep_2022_heal_2022_ccap_2021_hires_lc.csv,phase4/qc/curves/a0f0358edef6.csv
a7c48c5e5a09,2022,heal_2022,ccap_2016_hires_lc.tif,edmonds_canopy_prob_2022_heal_2022.tif,forest_wetland,,matched_p90,152,0.598425,0.3803,0.9019,0.535,1687088380,2749096710,183462047,4619647137,0.807,254,50,qc_indep_sweep_2022_heal_2022_ccap_2016_hires_lc.csv,phase4/qc/curves/a7c48c5e5a09.csv
2cc967d4e035,2022,heal_2022,ccap_2021_hires_lc.tif,edmonds_canopy_prob_2022_heal_2022.tif,forest_only,,scored_live,,0.4988,0.6342,0.8053,0.7096,2603730338,1501679397,629682138,4735091873,,,,qc_indep_report.csv,
37afe5d636f9,2022,heal_2022,ccap_2021_hires_lc.tif,edmonds_canopy_prob_2022_heal_2022.tif,forest_wetland_scrub,,scored_live,,0.4988,0.6266,0.839,0.7174,2712711566,1616604059,520700910,4850016535,,,,qc_indep_report.csv,
a0f0358edef6,2022,heal_2022,ccap_2021_hires_lc.tif,edmonds_canopy_prob_2022_heal_2022.tif,forest_wetland,,scored_live,,0.4988,0.6372,0.8188,0.7167,2647633602,1507647193,585778874,4741059669,,,,qc_indep_report.csv,
a7370eca1caa,2022,heal_2022,ccap_2016_hires_lc.tif,edmonds_canopy_prob_2022_heal_2022.tif,forest_wetland_scrub,,scored_live,,0.4988,0.5814,0.8652,0.6955,2797607167,2014296308,435805309,5247708784,,,,qc_indep_report.csv,
a7c48c5e5a09,2022,heal_2022,ccap_2016_hires_lc.tif,edmonds_canopy_prob_2022_heal_2022.tif,forest_wetland,,scored_live,,0.4988,0.6151,0.8438,0.7115,2728503481,1707681609,504908995,4941094085,,,,qc_indep_report.csv,
f151285649a2,2022,heal_2022,ccap_2016_hires_lc.tif,edmonds_canopy_prob_2022_heal_2022.tif,forest_only,,scored_live,,0.4988,0.6121,0.8319,0.7053,2689768041,1704255190,543644435,4937667666,,,,qc_indep_report.csv,
d11d69cb719f,2022,of_2022,ccap_2021_hires_lc.tif,edmonds_canopy_prob_2022_of_2022.tif,forest_wetland,,best_f1,26,0.102362,0.7649,0.7326,0.7484,3178272712,977008083,1160281877,5315562672,0.7848,254,203,qc_indep_sweep_2022_of_2022_ccap_2021_hires_lc.csv,phase4/qc/curves/d11d69cb719f.csv
d11d69cb719f,2022,of_2022,ccap_2021_hires_lc.tif,edmonds_canopy_prob_2022_of_2022.tif,forest_wetland,,matched_p50,17,0.066929,0.905,0.5049,0.6482,3760606964,394673831,3687570678,7842851473,0.7848,254,187,qc_indep_sweep_2022_of_2022_ccap_2021_hires_lc.csv,phase4/qc/curves/d11d69cb719f.csv
d11d69cb719f,2022,of_2022,ccap_2021_hires_lc.tif,edmonds_canopy_prob_2022_of_2022.tif,forest_wetland,,matched_p75,34,0.133858,0.743,0.7511,0.7471,3087480420,1067800375,1022989430,5178270225,0.7848,254,170,qc_indep_sweep_2022_of_2022_ccap_2021_hires_lc.csv,phase4/qc/curves/d11d69cb719f.csv
d11d69cb719f,2022,of_2022,ccap_2021_hires_lc.tif,edmonds_canopy_prob_2022_of_2022.tif,forest_wetland,,matched_p90,165,0.649606,0.2012,0.9009,0.329,836150567,3319130228,92022952,4247303747,0.7848,254,39,qc_indep_sweep_2022_of_2022_ccap_2021_hires_lc.csv,phase4/qc/curves/d11d69cb719f.csv
b5df49b63bcc,2022,of_2022,ccap_2021_hires_lc.tif,edmonds_canopy_prob_2022_of_2022.tif,forest_wetland_scrub,,scored_live,,0.5,0.616,0.8321,0.7079,2666815302,1662500323,538002450,4867318075,,,,qc_indep_report.csv,
cd4eea48d19e,2022,of_2022,ccap_2021_hires_lc.tif,edmonds_canopy_prob_2022_of_2022.tif,forest_only,,scored_live,,0.5,0.625,0.8006,0.702,2565871359,1539538376,638946393,4744356128,,,,qc_indep_report.csv,
d11d69cb719f,2022,of_2022,ccap_2021_hires_lc.tif,edmonds_canopy_prob_2022_of_2022.tif,forest_wetland,,scored_live,,0.5,0.6274,0.8135,0.7084,2607024301,1548256494,597793451,4753074246,,,,qc_indep_report.csv,
1d9bc0e45875,2023,,ccap_2021_hires_lc.tif,edmonds_canopy_prob_2023_citywide_rgb.tif,forest_wetland,,scored_live,,0.5103,0.651,0.8506,0.7375,720039590,386083624,126476913,1232600127,,,,qc_indep_report.csv,
2d6416ca176e,2023,,ccap_2021_hires_lc.tif,edmonds_canopy_prob_2023_citywide_rgb.tif,forest_wetland_scrub,,scored_live,,0.5103,0.6401,0.8708,0.7378,737156022,414541539,109360481,1261058042,,,,qc_indep_report.csv,
a0ba5c6dadab,2023,,ccap_2021_hires_lc.tif,edmonds_canopy_prob_2023_citywide_rgb.tif,forest_only,,scored_live,,0.5103,0.6478,0.8356,0.7298,707353285,384548768,139163218,1231065271,,,,qc_indep_report.csv,
950f83e6ca5f,2023,heal_2023,ccap_2021_hires_lc.tif,edmonds_canopy_prob_2023_heal_2023.tif,forest_wetland,,best_f1,35,0.137795,0.7926,0.7593,0.7756,876679552,229443662,277903148,1384026362,0.8375,254,229,qc_indep_sweep_2023_heal_2023_ccap_2021_hires_lc.csv,phase4/qc/curves/950f83e6ca5f.csv
da0663e2b3f6,2023,heal_2023,ccap_2016_hires_lc.tif,edmonds_canopy_prob_2023_heal_2023.tif,forest_wetland,,best_f1,34,0.133858,0.7678,0.7708,0.7693,908788419,274801025,270259276,1453848720,0.8379,254,229,qc_indep_sweep_2023_heal_2023_ccap_2016_hires_lc.csv,phase4/qc/curves/da0663e2b3f6.csv
950f83e6ca5f,2023,heal_2023,ccap_2021_hires_lc.tif,edmonds_canopy_prob_2023_heal_2023.tif,forest_wetland,,matched_p50,18,0.070866,0.9472,0.5162,0.6682,1047751238,58371976,981974624,2088097838,0.8375,254,212,qc_indep_sweep_2023_heal_2023_ccap_2021_hires_lc.csv,phase4/qc/curves/950f83e6ca5f.csv
da0663e2b3f6,2023,heal_2023,ccap_2016_hires_lc.tif,edmonds_canopy_prob_2023_heal_2023.tif,forest_wetland,,matched_p50,17,0.066929,0.9292,0.5082,0.6571,1099836637,83752807,1064349797,2247939241,0.8379,254,213,qc_indep_sweep_2023_heal_2023_ccap_2016_hires_lc.csv,phase4/qc/curves/da0663e2b3f6.csv
950f83e6ca5f,2023,heal_2023,ccap_2021_hires_lc.tif,edmonds_canopy_prob_2023_heal_2023.tif,forest_wetland,,matched_p75,34,0.133858,0.8009,0.7514,0.7753,885877616,220245598,293170079,1399293293,0.8375,254,196,qc_indep_sweep_2023_heal_2023_ccap_2021_hires_lc.csv,phase4/qc/curves/950f83e6ca5f.csv
da0663e2b3f6,2023,heal_2023,ccap_2016_hires_lc.tif,edmonds_canopy_prob_2023_heal_2023.tif,forest_wetland,,matched_p75,32,0.125984,0.7841,0.7538,0.7686,928026390,255563054,303095586,1486685030,0.8379,254,198,qc_indep_sweep_2023_heal_2023_ccap_2016_hires_lc.csv,phase4/qc/curves/da0663e2b3f6.csv
950f83e6ca5f,2023,heal_2023,ccap_2021_hires_lc.tif,edmonds_canopy_prob_2023_heal_2023.tif,forest_wetland,,matched_p90,166,0.653543,0.4636,0.9004,0.6121,512820320,593302894,56745551,1162868765,0.8375,254,64,qc_indep_sweep_2023_heal_2023_ccap_2021_hires_lc.csv,phase4/qc/curves/950f83e6ca5f.csv
da0663e2b3f6,2023,heal_2023,ccap_2016_hires_lc.tif,edmonds_canopy_prob_2023_heal_2023.tif,forest_wetland,,matched_p90,142,0.559055,0.5284,0.9,0.6659,625447820,558141624,69495742,1253085186,0.8379,254,88,qc_indep_sweep_2023_heal_2023_ccap_2016_hires_lc.csv,phase4/qc/curves/da0663e2b3f6.csv
3c82201c0a90,2023,heal_2023,ccap_2021_hires_lc.tif,edmonds_canopy_prob_2023_heal_2023.tif,forest_only,,scored_live,,0.5103,0.6055,0.8496,0.7071,661154418,430747635,117047539,1208949592,,,,qc_indep_report.csv,
4e6824394e51,2023,heal_2023,ccap_2016_hires_lc.tif,edmonds_canopy_prob_2023_heal_2023.tif,forest_wetland_scrub,,scored_live,,0.5103,0.5493,0.9043,0.6835,703728700,577435521,74473257,1355637478,,,,qc_indep_report.csv,
8e467f46bd30,2023,heal_2023,ccap_2021_hires_lc.tif,edmonds_canopy_prob_2023_heal_2023.tif,forest_wetland_scrub,,scored_live,,0.5103,0.5974,0.8842,0.713,688073358,463624203,90128599,1241826160,,,,qc_indep_report.csv,
950f83e6ca5f,2023,heal_2023,ccap_2021_hires_lc.tif,edmonds_canopy_prob_2023_heal_2023.tif,forest_wetland,,scored_live,,0.5103,0.609,0.8656,0.715,673594344,432528870,104607613,1210730827,,,,qc_indep_report.csv,
d8b041970d1b,2023,heal_2023,ccap_2016_hires_lc.tif,edmonds_canopy_prob_2023_heal_2023.tif,forest_only,,scored_live,,0.5103,0.579,0.872,0.6959,678555625,493462435,99646332,1271664392,,,,qc_indep_report.csv,
da0663e2b3f6,2023,heal_2023,ccap_2016_hires_lc.tif,edmonds_canopy_prob_2023_heal_2023.tif,forest_wetland,,scored_live,,0.5103,0.5823,0.8856,0.7026,689165590,494423854,89036367,1272625811,,,,qc_indep_report.csv,
542e3532abcc,2023n,,ccap_2021_hires_lc.tif,edmonds_canopy_prob_2023n.tif,forest_wetland_scrub,,scored_live,,0.404,0.6393,0.8751,0.7388,18643584,10517452,2659867,31820903,,,,qc_indep_report.csv,
6d246005f09b,2023n,,ccap_2021_hires_lc.tif,edmonds_canopy_prob_2023n.tif,forest_only,,scored_live,,0.404,0.6541,0.8493,0.739,18092797,9567887,3210654,30871338,,,,qc_indep_report.csv,
c3af142a7cab,2023n,,ccap_2021_hires_lc.tif,edmonds_canopy_prob_2023n.tif,forest_wetland,,scored_live,,0.404,0.6564,0.863,0.7457,18384862,9624102,2918589,30927553,,,,qc_indep_report.csv,
888cac016e30,2024,,ccap_2021_hires_lc.tif,edmonds_canopy_prob_2024_citywide_rgb.tif,forest_wetland,,scored_live,,0.5043,0.617,0.8239,0.7056,2729862881,1694645647,583470930,5007979458,,,,qc_indep_report.csv,
e51c43111c02,2024,,ccap_2021_hires_lc.tif,edmonds_canopy_prob_2024_citywide_rgb.tif,forest_only,,scored_live,,0.5043,0.6156,0.8115,0.7001,2688735194,1678887484,624598617,4992221295,,,,qc_indep_report.csv,
f88ea2b5eb73,2024,,ccap_2021_hires_lc.tif,edmonds_canopy_prob_2024_citywide_rgb.tif,forest_wetland_scrub,,scored_live,,0.5043,0.6036,0.8393,0.7022,2780834537,1825965935,532499274,5139299746,,,,qc_indep_report.csv,
42144bc00d42,2024,fullext_sectors_v1,ccap_2021_hires_lc.tif,edmonds_canopy_prob_2024_fullext_sectors_v1.tif,forest_wetland_scrub,,scored_live,,0.5,0.6248,0.807,0.7043,409827716,246074776,98000228,753902720,,,,qc_indep_report.csv,
423111da5288,2024,fullext_sectors_v1,ccap_2021_hires_lc.tif,edmonds_canopy_prob_2024_fullext_sectors_v1.tif,forest_wetland,,scored_live,,0.5,0.64,0.786,0.7055,399149697,224490366,108678247,732318310,,,,qc_indep_report.csv,
f79bf0bf1c21,2024,fullext_sectors_v1,ccap_2021_hires_lc.tif,edmonds_canopy_prob_2024_fullext_sectors_v1.tif,forest_only,,scored_live,,0.5,0.6372,0.7751,0.6994,393610280,224152750,114217664,731980694,,,,qc_indep_report.csv,
7155b9466840,2024,trend8_2024,ccap_2021_hires_lc.tif,edmonds_canopy_prob_2024_trend8_2024.tif,forest_wetland,,best_f1,14,0.055118,0.6955,0.7524,0.7228,3077127863,1347380665,1012374625,5436883153,0.7449,254,193,qc_indep_sweep_2024_trend8_2024_ccap_2021_hires_lc.csv,phase4/qc/curves/7155b9466840.csv
7d9f9a5a47ac,2024,trend8_2024,ccap_2016_hires_lc.tif,edmonds_canopy_prob_2024_trend8_2024.tif,forest_wetland,,best_f1,14,0.055118,0.6665,0.7716,0.7152,3155386020,1578952954,934116468,5668455442,0.7487,254,193,qc_indep_sweep_2024_trend8_2024_ccap_2016_hires_lc.csv,phase4/qc/curves/7d9f9a5a47ac.csv
7155b9466840,2024,trend8_2024,ccap_2021_hires_lc.tif,edmonds_canopy_prob_2024_trend8_2024.tif,forest_wetland,,matched_p50,13,0.051181,0.7739,0.6671,0.7166,3424038398,1000470130,1708383876,6132892404,0.7449,254,181,qc_indep_sweep_2024_trend8_2024_ccap_2021_hires_lc.csv,phase4/qc/curves/7155b9466840.csv
7d9f9a5a47ac,2024,trend8_2024,ccap_2016_hires_lc.tif,edmonds_canopy_prob_2024_trend8_2024.tif,forest_wetland,,matched_p50,13,0.051181,0.7417,0.6841,0.7117,3511278335,1223060639,1621143939,6355482913,0.7487,254,181,qc_indep_sweep_2024_trend8_2024_ccap_2016_hires_lc.csv,phase4/qc/curves/7d9f9a5a47ac.csv
7155b9466840,2024,trend8_2024,ccap_2021_hires_lc.tif,edmonds_canopy_prob_2024_trend8_2024.tif,forest_wetland,,matched_p75,14,0.055118,0.6955,0.7524,0.7228,3077127863,1347380665,1012374625,5436883153,0.7449,254,180,qc_indep_sweep_2024_trend8_2024_ccap_2021_hires_lc.csv,phase4/qc/curves/7155b9466840.csv
7d9f9a5a47ac,2024,trend8_2024,ccap_2016_hires_lc.tif,edmonds_canopy_prob_2024_trend8_2024.tif,forest_wetland,,matched_p75,14,0.055118,0.6665,0.7716,0.7152,3155386020,1578952954,934116468,5668455442,0.7487,254,180,qc_indep_sweep_2024_trend8_2024_ccap_2016_hires_lc.csv,phase4/qc/curves/7d9f9a5a47ac.csv
7155b9466840,2024,trend8_2024,ccap_2021_hires_lc.tif,edmonds_canopy_prob_2024_trend8_2024.tif,forest_wetland,,matched_p90,170,0.669291,0.0009,0.9088,0.0018,3957709,4420550819,397145,4424905673,0.7449,254,24,qc_indep_sweep_2024_trend8_2024_ccap_2021_hires_lc.csv,phase4/qc/curves/7155b9466840.csv
7d9f9a5a47ac,2024,trend8_2024,ccap_2016_hires_lc.tif,edmonds_canopy_prob_2024_trend8_2024.tif,forest_wetland,,matched_p90,135,0.531496,0.1996,0.9,0.3267,944903806,3789435168,105028906,4839367880,0.7487,254,44,qc_indep_sweep_2024_trend8_2024_ccap_2016_hires_lc.csv,phase4/qc/curves/7d9f9a5a47ac.csv
09e3dd902871,2024,trend8_2024,ccap_2021_hires_lc.tif,edmonds_canopy_prob_2024_trend8_2024.tif,forest_wetland_scrub,,scored_live,,0.5,0.3737,0.8734,0.5234,1721683773,2885116699,249524060,4856324532,,,,qc_indep_report.csv,
284a8233633a,2024,trend8_2024,ccap_2016_hires_lc.tif,edmonds_canopy_prob_2024_trend8_2024.tif,forest_wetland_scrub,,scored_live,,0.5043,0.2961,0.9026,0.4459,1517626610,3607016378,163742387,5288385375,,,,qc_indep_report.csv,
2a4ffbe5564c,2024,trend8_2024,ccap_2021_hires_lc.tif,edmonds_canopy_prob_2024_trend8_2024.tif,forest_only,,scored_live,,0.5,0.3784,0.8384,0.5215,1652614154,2715008524,318593679,4686216357,,,,qc_indep_report.csv,
7155b9466840,2024,trend8_2024,ccap_2021_hires_lc.tif,edmonds_canopy_prob_2024_trend8_2024.tif,forest_wetland,,scored_live,,0.5,0.3806,0.8543,0.5266,1684086557,2740421971,287121276,4711629804,,,,qc_indep_report.csv,
7d9f9a5a47ac,2024,trend8_2024,ccap_2016_hires_lc.tif,edmonds_canopy_prob_2024_trend8_2024.tif,forest_wetland,,scored_live,,0.5043,0.3138,0.8837,0.4631,1485746140,3248592834,195622857,4929961831,,,,qc_indep_report.csv,
d60c8df64ffd,2024,trend8_2024,ccap_2016_hires_lc.tif,edmonds_canopy_prob_2024_trend8_2024.tif,forest_only,,scored_live,,0.5043,0.3115,0.8686,0.4586,1460517606,3227535260,220851391,4908904257,,,,qc_indep_report.csv,
