point_id,label,crown_idx,crown_id,offcrown,off_grid,terminal_absent_epochs,terminal_laundered,terminal_laundered_posterior,terminal_censored,laundered_crown_obs1,laundered_crown_obs0,laundered_crown_missing,raw_trajectory,viterbi_trajectory,posterior_trajectory,crown_obs,n_epochs_touched,impossible_triples_raw,impossible_triples_healed,impossible_triples_posterior,healed_to_canopy,healed_to_ignore
1,nochange,0,,1,0,0,0,0,0,0,0,0,CCCCCCCCCCCC,,,,0,0,0,0,0,0
10,nochange,0,,1,0,0,0,0,0,0,0,0,............,,,,0,0,0,0,0,0
100,nochange,0,,1,0,0,0,0,0,0,0,0,............,,,,0,0,0,0,0,0
1000,nochange,0,,1,0,0,0,0,0,0,0,0,CCCCCCC.CCCC,,,,0,1,0,0,0,0
1001,nochange,0,,1,0,0,0,0,0,0,0,0,.C..C...CC..,,,,0,0,0,0,0,0
1002,nochange,0,,1,0,0,0,0,0,0,0,0,............,,,,0,0,0,0,0,0
1003,nochange,0,,1,0,0,0,0,0,0,0,0,............,,,,0,0,0,0,0,0
1004,nochange,0,,1,0,0,0,0,0,0,0,0,............,,,,0,0,0,0,0,0
1005,nochange,0,,1,0,0,0,0,0,0,0,0,...C........,,,,0,0,0,0,0,0
1006,nochange,0,,1,0,0,0,0,0,0,0,0,.x..........,,,,0,0,0,0,0,0
1007,nochange,0,,1,0,0,0,0,0,0,0,0,....C.......,,,,0,0,0,0,0,0
1008,nochange,0,,1,0,0,0,0,0,0,0,0,............,,,,0,0,0,0,0,0
1009,nochange,0,,1,0,0,0,0,0,0,0,0,............,,,,0,0,0,0,0,0
101,nochange,184357,EDM_0184356,0,0,0,0,0,0,0,0,0,CCCCCCCCCCCC,CCCCCCCCCCCC,CCCCCCCCCCCC,CCCCCCCCCCCC,0,0,0,0,0,0
1010,nochange,0,,1,0,0,0,0,0,0,0,0,............,,,,0,0,0,0,0,0
1011,nochange,0,,1,0,0,0,0,0,0,0,0,............,,,,0,0,0,0,0,0
1012,nochange,0,,1,0,0,0,0,0,0,0,0,............,,,,0,0,0,0,0,0
1013,nochange,57695,EDM_0057694,0,0,0,0,0,0,0,0,0,CCCCCCCCC..C,CCCCCCCCCCCC,CCCCCCCCCCCC,CCCCCCCCCCCC,2,0,0,0,2,0
1014,nochange,0,,1,0,0,0,0,0,0,0,0,............,,,,0,0,0,0,0,0
1015,nochange,0,,1,0,0,0,0,0,0,0,0,CCCCCCCCCC.C,,,,0,1,0,0,0,0
1016,nochange,2310,EDM_0002309,0,0,0,0,0,0,0,0,0,CCCCCCCCCCCC,CCCCCCCCCCCC,CCCCCCCCCCCC,CCCCCCCCCCCC,0,0,0,0,0,0
1017,nochange,0,,1,0,0,0,0,0,0,0,0,..CCC.C.....,,,,0,1,0,0,0,0
1018,loss,0,,1,0,0,0,0,0,0,0,0,CCCCCC..C.C.,,,,0,1,0,0,0,0
1019,nochange,0,,1,0,0,0,0,0,0,0,0,.CCC......CC,,,,0,0,0,0,0,0
102,nochange,99345,EDM_0099344,0,0,0,0,0,0,0,0,0,CCCCCCCCCCCC,CCCCCCCCCCCC,CCCCCCCCCCCC,CCCCCCCCCCCC,0,0,0,0,0,0
1020,nochange,0,,1,0,0,0,0,0,0,0,0,............,,,,0,0,0,0,0,0
1021,nochange,0,,1,0,0,0,0,0,0,0,0,CCC.C......C,,,,0,1,0,0,0,0
1022,nochange,0,,1,0,0,0,0,0,0,0,0,............,,,,0,0,0,0,0,0
1024,nochange,0,,1,0,0,0,0,0,0,0,0,............,,,,0,0,0,0,0,0
1025,nochange,0,,1,0,0,0,0,0,0,0,0,............,,,,0,0,0,0,0,0
1026,nochange,0,,1,0,0,0,0,0,0,0,0,............,,,,0,0,0,0,0,0
1027,nochange,0,,1,0,0,0,0,0,0,0,0,CC....C.C...,,,,0,1,0,0,0,0
1028,nochange,0,,1,0,0,0,0,0,0,0,0,.CC.........,,,,0,0,0,0,0,0
1029,nochange,202102,EDM_0202101,0,0,0,0,0,0,0,0,0,CCC.CCCCCCCC,CCCCCCCCCCCC,CCCCCCCCCCCC,CCCCCCCCCCCC,1,1,0,0,1,0
103,nochange,55066,EDM_0055065,0,0,0,0,0,0,0,0,0,CCCCCCCCCCCC,CCCCCCCCCCCC,CCCCCCCCCCCC,CCCCCCCCCCCC,0,0,0,0,0,0
1030,nochange,0,,1,0,0,0,0,0,0,0,0,............,,,,0,0,0,0,0,0
1031,nochange,0,,1,0,0,0,0,0,0,0,0,CC.C.......C,,,,0,1,0,0,0,0
1032,nochange,0,,1,0,0,0,0,0,0,0,0,........C...,,,,0,0,0,0,0,0
1033,nochange,0,,1,0,0,0,0,0,0,0,0,............,,,,0,0,0,0,0,0
1034,nochange,0,,1,0,0,0,0,0,0,0,0,CCCCC.C.CCCC,,,,0,2,0,0,0,0
1035,nochange,0,,1,0,0,0,0,0,0,0,0,.C..........,,,,0,0,0,0,0,0
1036,nochange,202501,EDM_0202500,0,0,3,3,3,0,3,0,0,...C..CCC...,CCCCCCCCCCCC,CCCCCCCCCCCC,CCCCCCCCCCCC,8,0,0,0,8,0
1037,nochange,0,,1,0,0,0,0,0,0,0,0,.....CC.CC..,,,,0,1,0,0,0,0
1038,nochange,0,,1,0,0,0,0,0,0,0,0,............,,,,0,0,0,0,0,0
1039,nochange,0,,1,0,0,0,0,0,0,0,0,............,,,,0,0,0,0,0,0
1040,nochange,0,,1,0,0,0,0,0,0,0,0,CCCCCCC.CC.C,,,,0,2,0,0,0,0
1041,nochange,0,,1,0,0,0,0,0,0,0,0,.......x....,,,,0,0,0,0,0,0
1042,nochange,0,,1,0,0,0,0,0,0,0,0,............,,,,0,0,0,0,0,0
1043,nochange,0,,1,0,0,0,0,0,0,0,0,..C.........,,,,0,0,0,0,0,0
1044,nochange,0,,1,0,0,0,0,0,0,0,0,.C..........,,,,0,0,0,0,0,0
1045,nochange,0,,1,0,0,0,0,0,0,0,0,............,,,,0,0,0,0,0,0
1046,nochange,140547,EDM_0140546,0,0,2,2,2,0,1,0,1,CCCCCCCCCC..,CCCCCCCCCCCC,CCCCCCCCCCCC,CCCCCCCCCCxC,2,0,0,0,2,0
1047,nochange,0,,1,0,0,0,0,0,0,0,0,............,,,,0,0,0,0,0,0
1048,nochange,0,,1,0,0,0,0,0,0,0,0,............,,,,0,0,0,0,0,0
1049,nochange,0,,1,0,0,0,0,0,0,0,0,............,,,,0,0,0,0,0,0
105,nochange,0,,1,0,0,0,0,0,0,0,0,............,,,,0,0,0,0,0,0
1050,nochange,0,,1,0,0,0,0,0,0,0,0,............,,,,0,0,0,0,0,0
1051,nochange,7523,EDM_0007522,0,0,1,1,1,0,1,0,0,CCCCC.CCCCC.,CCCCCCCCCCCC,CCCCCCCCCCCC,CCCCCxCCCCCC,2,1,0,0,2,0
1052,nochange,0,,1,0,0,0,0,0,0,0,0,CCCCCCC.C...,,,,0,1,0,0,0,0
1053,nochange,0,,1,0,0,0,0,0,0,0,0,............,,,,0,0,0,0,0,0
1054,nochange,0,,1,0,0,0,0,0,0,0,0,............,,,,0,0,0,0,0,0
1055,nochange,0,,1,0,0,0,0,0,0,0,0,............,,,,0,0,0,0,0,0
1056,nochange,0,,1,0,0,0,0,0,0,0,0,............,,,,0,0,0,0,0,0
1057,nochange,0,,1,0,0,0,0,0,0,0,0,............,,,,0,0,0,0,0,0
1058,nochange,121097,EDM_0121096,0,0,1,1,1,0,0,0,1,CCCCCCCCCCC.,CCCCCCCCCCCC,CCCCCCCCCCCC,CCCCCCCCCCCx,1,0,0,0,1,0
1059,nochange,0,,1,0,0,0,0,0,0,0,0,C.CCCC..CC.C,,,,0,2,0,0,0,0
106,nochange,0,,1,0,0,0,0,0,0,0,0,............,,,,0,0,0,0,0,0
1060,nochange,0,,1,0,0,0,0,0,0,0,0,............,,,,0,0,0,0,0,0
1061,nochange,0,,1,0,0,0,0,0,0,0,0,............,,,,0,0,0,0,0,0
1062,nochange,78149,EDM_0078148,0,0,0,0,0,0,0,0,0,CCCCCCCCCCCC,CCCCCCCCCCCC,CCCCCCCCCCCC,CCCCCCCCCCCC,0,0,0,0,0,0
1063,nochange,0,,1,0,0,0,0,0,0,0,0,............,,,,0,0,0,0,0,0
1064,nochange,0,,1,0,0,0,0,0,0,0,0,............,,,,0,0,0,0,0,0
1065,nochange,0,,1,0,0,0,0,0,0,0,0,............,,,,0,0,0,0,0,0
1066,nochange,0,,1,0,0,0,0,0,0,0,0,............,,,,0,0,0,0,0,0
1067,nochange,0,,1,0,0,0,0,0,0,0,0,............,,,,0,0,0,0,0,0
1068,nochange,0,,1,0,0,0,0,0,0,0,0,............,,,,0,0,0,0,0,0
1069,nochange,0,,1,0,0,0,0,0,0,0,0,............,,,,0,0,0,0,0,0
107,nochange,0,,1,0,0,0,0,0,0,0,0,C.CC.CCCCCCC,,,,0,2,0,0,0,0
1070,nochange,0,,1,0,0,0,0,0,0,0,0,CCCC........,,,,0,0,0,0,0,0
1071,nochange,0,,1,0,0,0,0,0,0,0,0,............,,,,0,0,0,0,0,0
1072,nochange,0,,1,0,0,0,0,0,0,0,0,............,,,,0,0,0,0,0,0
1073,nochange,96877,EDM_0096876,0,0,0,0,0,0,0,0,0,CCCCCCCCCCCC,CCCCCCCCCCCC,CCCCCCCCCCCC,CCCCCCCCCCCC,0,0,0,0,0,0
1074,nochange,0,,1,0,0,0,0,0,0,0,0,............,,,,0,0,0,0,0,0
1075,nochange,0,,1,0,0,0,0,0,0,0,0,............,,,,0,0,0,0,0,0
1077,nochange,0,,1,0,0,0,0,0,0,0,0,............,,,,0,0,0,0,0,0
1078,nochange,0,,1,0,0,0,0,0,0,0,0,....C.......,,,,0,0,0,0,0,0
1079,nochange,0,,1,0,0,0,0,0,0,0,0,..CCCCCCC...,,,,0,0,0,0,0,0
108,nochange,0,,1,0,0,0,0,0,0,0,0,............,,,,0,0,0,0,0,0
1080,nochange,0,,1,0,0,0,0,0,0,0,0,............,,,,0,0,0,0,0,0
1081,nochange,0,,1,0,0,0,0,0,0,0,0,............,,,,0,0,0,0,0,0
1082,nochange,0,,1,0,0,0,0,0,0,0,0,............,,,,0,0,0,0,0,0
1083,nochange,0,,1,0,0,0,0,0,0,0,0,............,,,,0,0,0,0,0,0
1084,nochange,0,,1,0,0,0,0,0,0,0,0,............,,,,0,0,0,0,0,0
1085,nochange,0,,1,0,0,0,0,0,0,0,0,............,,,,0,0,0,0,0,0
1086,nochange,0,,1,0,0,0,0,0,0,0,0,....C.C.....,,,,0,1,0,0,0,0
1087,nochange,0,,1,0,0,0,0,0,0,0,0,............,,,,0,0,0,0,0,0
1088,nochange,0,,1,0,0,0,0,0,0,0,0,............,,,,0,0,0,0,0,0
1089,nochange,0,,1,0,0,0,0,0,0,0,0,C...........,,,,0,0,0,0,0,0
109,nochange,60143,EDM_0060142,0,0,4,4,1,0,0,4,0,...C...C....,CCCCCCCCCCCC,CCCCCCCCC...,xxxxxxxC....,10,0,0,0,10,0
1090,nochange,0,,1,0,0,0,0,0,0,0,0,CCC.CC..CCCC,,,,0,1,0,0,0,0
1091,nochange,0,,1,0,0,0,0,0,0,0,0,....C.C.....,,,,0,1,0,0,0,0
1092,nochange,0,,1,0,0,0,0,0,0,0,0,............,,,,0,0,0,0,0,0
1093,nochange,0,,1,0,0,0,0,0,0,0,0,............,,,,0,0,0,0,0,0
1094,nochange,24518,EDM_0024517,0,0,1,1,1,0,1,0,0,CCCCCCCCCCC.,CCCCCCCCCCCC,CCCCCCCCCCCC,CCCCCCCCCCCC,1,0,0,0,1,0
1096,nochange,0,,1,0,0,0,0,0,0,0,0,............,,,,0,0,0,0,0,0
1097,nochange,0,,1,0,0,0,0,0,0,0,0,............,,,,0,0,0,0,0,0
1098,nochange,0,,1,0,0,0,0,0,0,0,0,............,,,,0,0,0,0,0,0
1099,nochange,89942,EDM_0089941,0,0,12,0,0,0,0,0,0,............,AAAAAAAAAAAA,............,............,0,0,0,0,0,0
11,nochange,0,,1,0,0,0,0,0,0,0,0,............,,,,0,0,0,0,0,0
110,nochange,26781,EDM_0026780,0,0,0,0,0,0,0,0,0,CCCCCCCCCCCC,CCCCCCCCCCCC,CCCCCCCCCCCC,CCCCCCCCCCCC,0,0,0,0,0,0
1100,nochange,0,,1,0,0,0,0,0,0,0,0,C...........,,,,0,0,0,0,0,0
1101,nochange,0,,1,0,0,0,0,0,0,0,0,............,,,,0,0,0,0,0,0
1102,nochange,0,,1,0,0,0,0,0,0,0,0,............,,,,0,0,0,0,0,0
1103,nochange,0,,1,0,0,0,0,0,0,0,0,............,,,,0,0,0,0,0,0
1104,nochange,0,,1,0,0,0,0,0,0,0,0,.C......C...,,,,0,0,0,0,0,0
1105,nochange,0,,1,0,0,0,0,0,0,0,0,C...........,,,,0,0,0,0,0,0
1106,nochange,206610,EDM_0206609,0,0,0,0,0,0,0,0,0,.CCCCCCCCCCC,CCCCCCCCCCCC,CCCCCCCCCCCC,CCCCCCCCCCCC,1,0,0,0,1,0
1107,nochange,0,,1,0,0,0,0,0,0,0,0,....C...C.C.,,,,0,1,0,0,0,0
1108,nochange,0,,1,0,0,0,0,0,0,0,0,............,,,,0,0,0,0,0,0
1109,nochange,0,,1,0,0,0,0,0,0,0,0,C...........,,,,0,0,0,0,0,0
111,loss,203210,EDM_0203209,0,0,2,2,2,0,0,2,0,CCCCCCCCCC..,CCCCCCCCCCCC,CCCCCCCCCCCC,CCCCCCCCCC..,2,0,0,0,2,0
1110,nochange,0,,1,0,0,0,0,0,0,0,0,......C.....,,,,0,0,0,0,0,0
1111,nochange,0,,1,0,0,0,0,0,0,0,0,............,,,,0,0,0,0,0,0
1112,nochange,0,,1,0,0,0,0,0,0,0,0,............,,,,0,0,0,0,0,0
1113,loss,0,,1,0,0,0,0,0,0,0,0,CCCCC...CCC.,,,,0,0,0,0,0,0
1114,nochange,0,,1,0,0,0,0,0,0,0,0,............,,,,0,0,0,0,0,0
1116,nochange,128183,EDM_0128182,0,0,0,0,0,0,0,0,0,.CC.C.CCC..C,CCCCCCCCCCCC,CCCCCCCCCCCC,.CC.CCCCCCCC,5,2,0,0,5,0
1117,nochange,153220,EDM_0153219,0,0,3,3,3,0,3,0,0,..C..CCCC...,CCCCCCCCCCCC,CCCCCCCCCCCC,..C..CCCCCCC,7,0,0,0,7,0
1118,nochange,0,,1,0,0,0,0,0,0,0,0,C...C.C.CC.C,,,,0,3,0,0,0,0
1119,nochange,0,,1,0,0,0,0,0,0,0,0,.C..C......C,,,,0,0,0,0,0,0
112,nochange,0,,1,0,0,0,0,0,0,0,0,C...........,,,,0,0,0,0,0,0
1120,nochange,0,,1,0,0,0,0,0,0,0,0,............,,,,0,0,0,0,0,0
1121,nochange,0,,1,0,0,0,0,0,0,0,0,............,,,,0,0,0,0,0,0
1122,nochange,219657,EDM_0219656,0,0,0,0,0,0,0,0,0,.....C..CCCC,CCCCCCCCCCCC,CCCCCCCCCCCC,.....CC.CCCC,7,0,0,0,7,0
1123,loss,0,,1,0,0,0,0,0,0,0,0,....C.......,,,,0,0,0,0,0,0
1124,nochange,0,,1,0,0,0,0,0,0,0,0,...........C,,,,0,0,0,0,0,0
1125,nochange,0,,1,0,0,0,0,0,0,0,0,C.CC..CCCCC.,,,,0,1,0,0,0,0
1126,nochange,0,,1,0,0,0,0,0,0,0,0,............,,,,0,0,0,0,0,0
1127,nochange,0,,1,0,0,0,0,0,0,0,0,............,,,,0,0,0,0,0,0
1128,nochange,0,,1,0,0,0,0,0,0,0,0,............,,,,0,0,0,0,0,0
1129,nochange,0,,1,0,0,0,0,0,0,0,0,.....C.C...C,,,,0,1,0,0,0,0
113,nochange,0,,1,0,0,0,0,0,0,0,0,............,,,,0,0,0,0,0,0
1130,nochange,0,,1,0,0,0,0,0,0,0,0,............,,,,0,0,0,0,0,0
1131,nochange,0,,1,0,0,0,0,0,0,0,0,C.......C...,,,,0,0,0,0,0,0
1132,nochange,0,,1,0,0,0,0,0,0,0,0,.......x....,,,,0,0,0,0,0,0
1133,nochange,0,,1,0,0,0,0,0,0,0,0,........CC..,,,,0,0,0,0,0,0
1134,nochange,0,,1,0,0,0,0,0,0,0,0,............,,,,0,0,0,0,0,0
1135,nochange,0,,1,0,0,0,0,0,0,0,0,C.C.........,,,,0,1,0,0,0,0
1136,nochange,0,,1,0,0,0,0,0,0,0,0,............,,,,0,0,0,0,0,0
1137,nochange,0,,1,0,0,0,0,0,0,0,0,............,,,,0,0,0,0,0,0
1138,nochange,0,,1,0,0,0,0,0,0,0,0,............,,,,0,0,0,0,0,0
1139,nochange,0,,1,0,0,0,0,0,0,0,0,...C....C...,,,,0,0,0,0,0,0
1140,nochange,0,,1,0,0,0,0,0,0,0,0,...C..C...C.,,,,0,0,0,0,0,0
1141,nochange,0,,1,0,0,0,0,0,0,0,0,............,,,,0,0,0,0,0,0
1142,nochange,0,,1,0,0,0,0,0,0,0,0,....C...C..C,,,,0,0,0,0,0,0
1143,nochange,0,,1,0,0,0,0,0,0,0,0,C.C.........,,,,0,1,0,0,0,0
1144,nochange,0,,1,0,0,0,0,0,0,0,0,............,,,,0,0,0,0,0,0
1145,nochange,0,,1,0,0,0,0,0,0,0,0,.C..........,,,,0,0,0,0,0,0
1146,nochange,0,,1,0,0,0,0,0,0,0,0,........C...,,,,0,0,0,0,0,0
1147,nochange,0,,1,0,0,0,0,0,0,0,0,............,,,,0,0,0,0,0,0
1148,nochange,0,,1,0,0,0,0,0,0,0,0,..........C.,,,,0,0,0,0,0,0
1149,nochange,0,,1,0,0,0,0,0,0,0,0,C..........C,,,,0,0,0,0,0,0
115,nochange,0,,1,0,0,0,0,0,0,0,0,............,,,,0,0,0,0,0,0
1150,nochange,0,,1,0,0,0,0,0,0,0,0,............,,,,0,0,0,0,0,0
1151,nochange,0,,1,0,0,0,0,0,0,0,0,............,,,,0,0,0,0,0,0
1152,nochange,0,,1,0,0,0,0,0,0,0,0,.C..C.......,,,,0,0,0,0,0,0
1153,nochange,0,,1,0,0,0,0,0,0,0,0,............,,,,0,0,0,0,0,0
1154,nochange,75558,EDM_0075557,0,0,2,2,2,0,0,2,0,..C.C..C.C..,CCCCCCCCCCCC,CCCCCCCCCCCC,..C.C..C.C..,8,2,0,0,8,0
1155,nochange,0,,1,0,0,0,0,0,0,0,0,CCCC.C..C..C,,,,0,1,0,0,0,0
1156,nochange,0,,1,0,0,0,0,0,0,0,0,............,,,,0,0,0,0,0,0
1157,nochange,0,,1,0,0,0,0,0,0,0,0,............,,,,0,0,0,0,0,0
1158,nochange,0,,1,0,0,0,0,0,0,0,0,............,,,,0,0,0,0,0,0
1159,nochange,0,,1,0,0,0,0,0,0,0,0,.C..C.......,,,,0,0,0,0,0,0
116,nochange,4019,EDM_0004018,0,0,0,0,0,0,0,0,0,CCCCCCCCCCCC,CCCCCCCCCCCC,CCCCCCCCCCCC,CCCCCCCCCCCC,0,0,0,0,0,0
1160,nochange,0,,1,0,0,0,0,0,0,0,0,.C...C......,,,,0,0,0,0,0,0
1161,nochange,0,,1,0,0,0,0,0,0,0,0,............,,,,0,0,0,0,0,0
1162,nochange,0,,1,0,0,0,0,0,0,0,0,CCCCCCCCCCCC,,,,0,0,0,0,0,0
1163,nochange,0,,1,0,0,0,0,0,0,0,0,C..........C,,,,0,0,0,0,0,0
1164,nochange,0,,1,0,0,0,0,0,0,0,0,............,,,,0,0,0,0,0,0
1165,nochange,0,,1,0,0,0,0,0,0,0,0,............,,,,0,0,0,0,0,0
1166,nochange,0,,1,0,0,0,0,0,0,0,0,............,,,,0,0,0,0,0,0
1167,nochange,0,,1,0,0,0,0,0,0,0,0,............,,,,0,0,0,0,0,0
1168,nochange,0,,1,0,0,0,0,0,0,0,0,............,,,,0,0,0,0,0,0
1169,nochange,0,,1,0,0,0,0,0,0,0,0,.......x....,,,,0,0,0,0,0,0
117,nochange,0,,1,0,0,0,0,0,0,0,0,CCCCC.......,,,,0,0,0,0,0,0
1170,nochange,0,,1,0,0,0,0,0,0,0,0,.C.........C,,,,0,0,0,0,0,0
1171,nochange,0,,1,0,0,0,0,0,0,0,0,............,,,,0,0,0,0,0,0
1172,nochange,0,,1,0,0,0,0,0,0,0,0,C..........C,,,,0,0,0,0,0,0
1173,nochange,0,,1,0,0,0,0,0,0,0,0,............,,,,0,0,0,0,0,0
1174,nochange,0,,1,0,0,0,0,0,0,0,0,.CCC..C.C..C,,,,0,1,0,0,0,0
1175,nochange,0,,1,0,0,0,0,0,0,0,0,CCCCCCC..C.C,,,,0,1,0,0,0,0
1177,nochange,0,,1,0,0,0,0,0,0,0,0,............,,,,0,0,0,0,0,0
1178,nochange,0,,1,0,0,0,0,0,0,0,0,...C.CCC....,,,,0,1,0,0,0,0
1179,nochange,0,,1,0,0,0,0,0,0,0,0,............,,,,0,0,0,0,0,0
118,nochange,0,,1,0,0,0,0,0,0,0,0,CCCCCC...C.C,,,,0,1,0,0,0,0
1180,nochange,102316,EDM_0102315,0,0,1,1,1,0,0,1,0,....C.CCCCC.,CCCCCCCCCCCC,CCCCCCCCCCCC,C.xxC.CCCCC.,6,1,0,0,6,0
1181,nochange,0,,1,0,0,0,0,0,0,0,0,............,,,,0,0,0,0,0,0
1182,nochange,0,,1,0,0,0,0,0,0,0,0,............,,,,0,0,0,0,0,0
1183,nochange,0,,1,0,0,0,0,0,0,0,0,...C..C.C...,,,,0,1,0,0,0,0
1184,nochange,0,,1,0,0,0,0,0,0,0,0,....C.......,,,,0,0,0,0,0,0
1185,nochange,137863,EDM_0137862,0,0,0,0,0,0,0,0,0,CCCCCCCCCCCC,CCCCCCCCCCCC,CCCCCCCCCCCC,xCCCCCCCCCCC,0,0,0,0,0,0
1186,nochange,0,,1,0,0,0,0,0,0,0,0,...........C,,,,0,0,0,0,0,0
1187,nochange,24627,EDM_0024626,0,0,0,0,0,0,0,0,0,.C.CC.CCCCCC,CCCCCCCCCCCC,CCCCCCCCCCCC,CCCCCCCCCCCC,3,2,0,0,3,0
1188,nochange,0,,1,0,0,0,0,0,0,0,0,............,,,,0,0,0,0,0,0
1189,nochange,0,,1,0,0,0,0,0,0,0,0,............,,,,0,0,0,0,0,0
119,nochange,0,,1,0,0,0,0,0,0,0,0,............,,,,0,0,0,0,0,0
1190,nochange,0,,1,0,0,0,0,0,0,0,0,............,,,,0,0,0,0,0,0
1191,nochange,112689,EDM_0112688,0,0,0,0,0,0,0,0,0,CCCCCCCCCCCC,CCCCCCCCCCCC,CCCCCCCCCCCC,CCCCCCCCCCCC,0,0,0,0,0,0
1192,nochange,0,,1,0,0,0,0,0,0,0,0,............,,,,0,0,0,0,0,0
1193,nochange,0,,1,0,0,0,0,0,0,0,0,C...........,,,,0,0,0,0,0,0
1194,nochange,0,,1,0,0,0,0,0,0,0,0,............,,,,0,0,0,0,0,0
1195,nochange,0,,1,0,0,0,0,0,0,0,0,............,,,,0,0,0,0,0,0
1196,nochange,0,,1,0,0,0,0,0,0,0,0,............,,,,0,0,0,0,0,0
1197,nochange,0,,1,0,0,0,0,0,0,0,0,............,,,,0,0,0,0,0,0
1198,nochange,0,,1,0,0,0,0,0,0,0,0,............,,,,0,0,0,0,0,0
1199,nochange,0,,1,0,0,0,0,0,0,0,0,............,,,,0,0,0,0,0,0
12,nochange,0,,1,0,0,0,0,0,0,0,0,............,,,,0,0,0,0,0,0
120,nochange,64567,EDM_0064566,0,0,0,0,0,0,0,0,0,CCCCCCCCCCCC,CCCCCCCCCCCC,CCCCCCCCCCCC,CCCCCCCCCCCC,0,0,0,0,0,0
1200,nochange,0,,1,0,0,0,0,0,0,0,0,CCCCCCC.C.CC,,,,0,2,0,0,0,0
1201,nochange,0,,1,0,0,0,0,0,0,0,0,............,,,,0,0,0,0,0,0
1202,nochange,97077,EDM_0097076,0,0,0,0,0,0,0,0,0,CCCCCCCCCCCC,CCCCCCCCCCCC,CCCCCCCCCCCC,CCCCCCCCCCCC,0,0,0,0,0,0
1203,nochange,0,,1,0,0,0,0,0,0,0,0,CCCCC.C.CCCC,,,,0,2,0,0,0,0
1204,nochange,0,,1,0,0,0,0,0,0,0,0,............,,,,0,0,0,0,0,0
1205,nochange,207003,EDM_0207002,0,0,3,3,3,0,0,2,1,..C....CC...,CCCCCCCCCCCC,CCCCCCCCCCCC,.xC..xxCC..x,9,0,0,0,9,0
1206,loss,0,,1,0,0,0,0,0,0,0,0,CCCCCC......,,,,0,0,0,0,0,0
1207,nochange,18113,EDM_0018112,0,0,0,0,0,0,0,0,0,C.C.C.CCCCCC,CCCCCCCCCCCC,CCCCCCCCCCCC,CCCxC.CCCCCC,3,3,0,0,3,0
1208,nochange,0,,1,0,0,0,0,0,0,0,0,CCC.CC......,,,,0,1,0,0,0,0
1209,nochange,210561,EDM_0210560,0,0,0,0,0,0,0,0,0,.CCCCCCCC..C,CCCCCCCCCCCC,CCCCCCCCCCCC,xCCxCCCCCxCC,3,0,0,0,3,0
121,nochange,0,,1,0,0,0,0,0,0,0,0,.CCCCCC.C.CC,,,,0,2,0,0,0,0
1210,nochange,0,,1,0,0,0,0,0,0,0,0,C...........,,,,0,0,0,0,0,0
1211,nochange,0,,1,0,0,0,0,0,0,0,0,............,,,,0,0,0,0,0,0
1212,nochange,0,,1,0,0,0,0,0,0,0,0,............,,,,0,0,0,0,0,0
1213,nochange,124193,EDM_0124192,0,0,0,0,0,0,0,0,0,CCCCCC.C.C.C,CCCCCCCCCCCC,CCCCCCCCCCCC,CCCCCCCC.C.C,3,3,0,0,3,0
1214,nochange,0,,1,0,0,0,0,0,0,0,0,............,,,,0,0,0,0,0,0
1215,nochange,0,,1,0,0,0,0,0,0,0,0,............,,,,0,0,0,0,0,0
1216,nochange,0,,1,0,0,0,0,0,0,0,0,.C....C.....,,,,0,0,0,0,0,0
1217,nochange,219598,EDM_0219597,0,0,0,0,0,0,0,0,0,.CC.CCCC.CCC,CCCCCCCCCCCC,CCCCCCCCCCCC,.CC.CCCC.CCC,3,2,0,0,3,0
1218,nochange,0,,1,0,0,0,0,0,0,0,0,............,,,,0,0,0,0,0,0
1219,nochange,0,,1,0,0,0,0,0,0,0,0,CC.C....C...,,,,0,1,0,0,0,0
122,nochange,219846,EDM_0219845,0,0,0,0,0,0,0,0,0,CCCCCCCCCCCC,CCCCCCCCCCCC,CCCCCCCCCCCC,CCCCCCCCCCCC,0,0,0,0,0,0
1220,nochange,0,,1,0,0,0,0,0,0,0,0,............,,,,0,0,0,0,0,0
1221,nochange,0,,1,0,0,0,0,0,0,0,0,......C.CCCC,,,,0,1,0,0,0,0
1222,nochange,0,,1,0,0,0,0,0,0,0,0,............,,,,0,0,0,0,0,0
1223,nochange,0,,1,0,0,0,0,0,0,0,0,............,,,,0,0,0,0,0,0
1224,nochange,0,,1,0,0,0,0,0,0,0,0,CCCCCCC.C.CC,,,,0,2,0,0,0,0
1225,nochange,0,,1,0,0,0,0,0,0,0,0,CCCCCCC.C.CC,,,,0,2,0,0,0,0
1226,nochange,0,,1,0,0,0,0,0,0,0,0,............,,,,0,0,0,0,0,0
1227,nochange,0,,1,0,0,0,0,0,0,0,0,............,,,,0,0,0,0,0,0
1228,nochange,0,,1,0,0,0,0,0,0,0,0,............,,,,0,0,0,0,0,0
1229,nochange,0,,1,0,0,0,0,0,0,0,0,............,,,,0,0,0,0,0,0
123,nochange,0,,1,0,0,0,0,0,0,0,0,.CCC..C.CCCC,,,,0,1,0,0,0,0
1230,nochange,218879,EDM_0218878,0,0,0,0,0,0,0,0,0,CCC.CC.C.CCC,CCCCCCCCCCCC,CCCCCCCCCCCC,CCCCCCCCxxCC,3,3,0,0,3,0
1231,nochange,0,,1,0,0,0,0,0,0,0,0,CC......C.CC,,,,0,1,0,0,0,0
1232,nochange,0,,1,0,0,0,0,0,0,0,0,............,,,,0,0,0,0,0,0
1233,nochange,120685,EDM_0120684,0,0,0,0,0,0,0,0,0,CCC.CCCCC.CC,CCCCCCCCCCCC,CCCCCCCCCCCC,CCC.CCCCCCCC,2,2,0,0,2,0
1234,nochange,0,,1,0,0,0,0,0,0,0,0,.CC.CC..C..C,,,,0,1,0,0,0,0
1235,nochange,0,,1,0,0,0,0,0,0,0,0,............,,,,0,0,0,0,0,0
1236,nochange,0,,1,0,0,0,0,0,0,0,0,............,,,,0,0,0,0,0,0
1237,nochange,0,,1,0,0,0,0,0,0,0,0,......C...C.,,,,0,0,0,0,0,0
1238,nochange,0,,1,0,0,0,0,0,0,0,0,C......CC...,,,,0,0,0,0,0,0
1239,nochange,0,,1,0,0,0,0,0,0,0,0,............,,,,0,0,0,0,0,0
124,nochange,0,,1,0,0,0,0,0,0,0,0,CCCCCCC.CCCC,,,,0,1,0,0,0,0
1240,nochange,0,,1,0,0,0,0,0,0,0,0,............,,,,0,0,0,0,0,0
1241,nochange,0,,1,0,0,0,0,0,0,0,0,............,,,,0,0,0,0,0,0
1242,nochange,0,,1,0,0,0,0,0,0,0,0,............,,,,0,0,0,0,0,0
1243,nochange,0,,1,0,0,0,0,0,0,0,0,...C....CCCC,,,,0,0,0,0,0,0
1244,nochange,0,,1,0,0,0,0,0,0,0,0,..C.........,,,,0,0,0,0,0,0
1245,nochange,0,,1,0,0,0,0,0,0,0,0,....C....C..,,,,0,0,0,0,0,0
1246,nochange,0,,1,0,0,0,0,0,0,0,0,CCCCC.C.C...,,,,0,2,0,0,0,0
1248,nochange,0,,1,0,0,0,0,0,0,0,0,............,,,,0,0,0,0,0,0
1249,nochange,0,,1,0,0,0,0,0,0,0,0,............,,,,0,0,0,0,0,0
125,nochange,107698,EDM_0107697,0,0,0,0,0,0,0,0,0,CCCCCCCCCCCC,CCCCCCCCCCCC,CCCCCCCCCCCC,CCCCCCCCCCCC,0,0,0,0,0,0
1250,nochange,0,,1,0,0,0,0,0,0,0,0,............,,,,0,0,0,0,0,0
126,nochange,0,,1,0,0,0,0,0,0,0,0,CC.CC.C.C...,,,,0,3,0,0,0,0
127,nochange,0,,1,0,0,0,0,0,0,0,0,............,,,,0,0,0,0,0,0
128,nochange,0,,1,0,0,0,0,0,0,0,0,............,,,,0,0,0,0,0,0
129,nochange,0,,1,0,0,0,0,0,0,0,0,............,,,,0,0,0,0,0,0
13,nochange,0,,1,0,0,0,0,0,0,0,0,............,,,,0,0,0,0,0,0
130,nochange,0,,1,0,0,0,0,0,0,0,0,............,,,,0,0,0,0,0,0
131,loss,0,,1,0,0,0,0,0,0,0,0,CCCCC.CC....,,,,0,1,0,0,0,0
132,nochange,21130,EDM_0021129,0,0,0,0,0,0,0,0,0,CCCCCCCCCCCC,CCCCCCCCCCCC,CCCCCCCCCCCC,CCCCCCCCCCCC,0,0,0,0,0,0
133,nochange,106816,EDM_0106815,0,0,0,0,0,0,0,0,0,CCCCCCCCCCCC,CCCCCCCCCCCC,CCCCCCCCCCCC,CCCCCCCCCCCC,0,0,0,0,0,0
134,nochange,0,,1,0,0,0,0,0,0,0,0,............,,,,0,0,0,0,0,0
135,nochange,58161,EDM_0058160,0,0,0,0,0,0,0,0,0,CCCCCCCCCCCC,CCCCCCCCCCCC,CCCCCCCCCCCC,CCCCCCCCCCCC,0,0,0,0,0,0
136,nochange,216091,EDM_0216090,0,0,0,0,0,0,0,0,0,CCCCCCCCCCCC,CCCCCCCCCCCC,CCCCCCCCCCCC,CCCCCCCCCCCC,0,0,0,0,0,0
137,nochange,26902,EDM_0026901,0,0,0,0,0,0,0,0,0,CCCCCCCCCCCC,CCCCCCCCCCCC,CCCCCCCCCCCC,CCCCCCCCCCCC,0,0,0,0,0,0
138,nochange,0,,1,0,0,0,0,0,0,0,0,............,,,,0,0,0,0,0,0
139,nochange,0,,1,0,0,0,0,0,0,0,0,............,,,,0,0,0,0,0,0
14,nochange,0,,1,0,0,0,0,0,0,0,0,...C........,,,,0,0,0,0,0,0
140,nochange,113880,EDM_0113879,0,0,0,0,0,0,0,0,0,CCCCCCCCCCCC,CCCCCCCCCCCC,CCCCCCCCCCCC,CCCCCCCCCCCC,0,0,0,0,0,0
141,nochange,0,,1,0,0,0,0,0,0,0,0,............,,,,0,0,0,0,0,0
142,nochange,71197,EDM_0071196,0,0,0,0,0,0,0,0,0,CCCCCCCCCCCC,CCCCCCCCCCCC,CCCCCCCCCCCC,CCCCCCCCCCCC,0,0,0,0,0,0
143,nochange,112735,EDM_0112734,0,0,0,0,0,0,0,0,0,CCCCCCCCCCCC,CCCCCCCCCCCC,CCCCCCCCCCCC,CCCCCCCCCCCC,0,0,0,0,0,0
144,nochange,209145,EDM_0209144,0,0,0,0,0,0,0,0,0,C.CCCCCCCCCC,CCCCCCCCCCCC,CCCCCCCCCCCC,CxCCCCCCCCCC,1,1,0,0,1,0
145,nochange,6362,EDM_0006361,0,0,0,0,0,0,0,0,0,CCCCCCCCCCCC,CCCCCCCCCCCC,CCCCCCCCCCCC,CCCCCCCCCCCC,0,0,0,0,0,0
146,nochange,176620,EDM_0176619,0,0,0,0,0,0,0,0,0,CCCCCCCCCCCC,CCCCCCCCCCCC,CCCCCCCCCCCC,CCCCCCCCCCCC,0,0,0,0,0,0
147,nochange,73810,EDM_0073809,0,0,0,0,0,0,0,0,0,CCCCCCCCCCCC,CCCCCCCCCCCC,CCCCCCCCCCCC,CCCCCCCCCCCC,0,0,0,0,0,0
148,nochange,0,,1,0,0,0,0,0,0,0,0,.CC.CCC.CCCC,,,,0,2,0,0,0,0
149,nochange,209920,EDM_0209919,0,0,0,0,0,0,0,0,0,CCCCCCCCCCCC,CCCCCCCCCCCC,CCCCCCCCCCCC,CCCCCCCCCCCC,0,0,0,0,0,0
15,loss,0,,1,0,0,0,0,0,0,0,0,C.C.........,,,,0,1,0,0,0,0
150,nochange,3737,EDM_0003736,0,0,0,0,0,0,0,0,0,CCCCCCCCCCCC,CCCCCCCCCCCC,CCCCCCCCCCCC,CCCCCCCCCCCC,0,0,0,0,0,0
151,nochange,29775,EDM_0029774,0,0,0,0,0,0,0,0,0,CCCCCCCCCCCC,CCCCCCCCCCCC,CCCCCCCCCCCC,CCCCCCCCCCCC,0,0,0,0,0,0
152,nochange,0,,1,0,0,0,0,0,0,0,0,............,,,,0,0,0,0,0,0
153,nochange,183692,EDM_0183691,0,0,0,0,0,0,0,0,0,CCCCCCCCCCCC,CCCCCCCCCCCC,CCCCCCCCCCCC,CCCCCCCCCCCC,0,0,0,0,0,0
154,nochange,0,,1,0,0,0,0,0,0,0,0,............,,,,0,0,0,0,0,0
155,nochange,0,,1,0,0,0,0,0,0,0,0,............,,,,0,0,0,0,0,0
156,nochange,97039,EDM_0097038,0,0,0,0,0,0,0,0,0,CCCCCCCCCCCC,CCCCCCCCCCCC,CCCCCCCCCCCC,CCCCCCCCCCCC,0,0,0,0,0,0
157,nochange,0,,1,0,0,0,0,0,0,0,0,CCCCC.......,,,,0,0,0,0,0,0
158,nochange,0,,1,0,0,0,0,0,0,0,0,CCCCCCCCCCCC,,,,0,0,0,0,0,0
159,nochange,155390,EDM_0155389,0,0,0,0,0,0,0,0,0,CCCCCCCCCCCC,CCCCCCCCCCCC,CCCCCCCCCCCC,CCCCCCCCCCCC,0,0,0,0,0,0
16,loss,180398,EDM_0180397,0,0,4,4,4,0,0,3,1,CCCCCCCC....,CCCCCCCCCCCC,CCCCCCCCCCCC,CCCCCCCCx...,4,0,0,0,4,0
160,nochange,0,,1,0,0,0,0,0,0,0,0,CCCCCCC.CCCC,,,,0,1,0,0,0,0
161,nochange,17264,EDM_0017263,0,0,0,0,0,0,0,0,0,CCCCCCCCCC.C,CCCCCCCCCCCC,CCCCCCCCCCCC,CCCCCCCCCCCC,1,1,0,0,1,0
162,nochange,213881,EDM_0213880,0,0,0,0,0,0,0,0,0,CCCCCCCCCC.C,CCCCCCCCCCCC,CCCCCCCCCCCC,CCCCCCCCCCxC,1,1,0,0,1,0
163,nochange,0,,1,0,0,0,0,0,0,0,0,............,,,,0,0,0,0,0,0
164,nochange,0,,1,0,0,0,0,0,0,0,0,C.C..CCCCCCC,,,,0,1,0,0,0,0
165,nochange,59341,EDM_0059340,0,0,0,0,0,0,0,0,0,CCCCCCCCCCCC,CCCCCCCCCCCC,CCCCCCCCCCCC,CCCCCCCCCCCC,0,0,0,0,0,0
166,nochange,0,,1,0,0,0,0,0,0,0,0,............,,,,0,0,0,0,0,0
167,nochange,27112,EDM_0027111,0,0,0,0,0,0,0,0,0,CCCCCCCCCCCC,CCCCCCCCCCCC,CCCCCCCCCCCC,CCCCCCCCCCCC,0,0,0,0,0,0
168,nochange,0,,1,0,0,0,0,0,0,0,0,............,,,,0,0,0,0,0,0
169,nochange,0,,1,0,0,0,0,0,0,0,0,............,,,,0,0,0,0,0,0
17,nochange,180967,EDM_0180966,0,0,0,0,0,0,0,0,0,CCCCCCCCC..C,CCCCCCCCCCCC,CCCCCCCCCCCC,CCCCCCCCCxxC,2,0,0,0,2,0
170,nochange,100178,EDM_0100177,0,0,0,0,0,0,0,0,0,CCCCCCCCCCCC,CCCCCCCCCCCC,CCCCCCCCCCCC,CCCCCCCCCCCC,0,0,0,0,0,0
171,nochange,0,,1,0,0,0,0,0,0,0,0,CCCCCCCCCCCC,,,,0,0,0,0,0,0
172,nochange,30680,EDM_0030679,0,0,0,0,0,0,0,0,0,CCCCCCCCCCCC,CCCCCCCCCCCC,CCCCCCCCCCCC,CCCCCCCCCCCC,0,0,0,0,0,0
173,nochange,107796,EDM_0107795,0,0,0,0,0,0,0,0,0,CCCCCCCCC.CC,CCCCCCCCCCCC,CCCCCCCCCCCC,CCCCCCCCCCCC,1,1,0,0,1,0
174,nochange,0,,1,0,0,0,0,0,0,0,0,............,,,,0,0,0,0,0,0
175,nochange,2219,EDM_0002218,0,0,0,0,0,0,0,0,0,CCCCCCCCCCCC,CCCCCCCCCCCC,CCCCCCCCCCCC,CCCCCCCCCCCC,0,0,0,0,0,0
176,nochange,21211,EDM_0021210,0,0,0,0,0,0,0,0,0,CCCCCCCCCCCC,CCCCCCCCCCCC,CCCCCCCCCCCC,CCCCCCCCCCCC,0,0,0,0,0,0
177,nochange,0,,1,0,0,0,0,0,0,0,0,............,,,,0,0,0,0,0,0
178,nochange,0,,1,0,0,0,0,0,0,0,0,............,,,,0,0,0,0,0,0
179,nochange,110270,EDM_0110269,0,0,0,0,0,0,0,0,0,CCCCCCCCCCCC,CCCCCCCCCCCC,CCCCCCCCCCCC,CCCCCCCCCCCC,0,0,0,0,0,0
18,nochange,0,,1,0,0,0,0,0,0,0,0,..C.CCC.C..C,,,,0,2,0,0,0,0
180,nochange,99797,EDM_0099796,0,0,0,0,0,0,0,0,0,CCCCCCCCCCCC,CCCCCCCCCCCC,CCCCCCCCCCCC,CCCCCCCCCCCC,0,0,0,0,0,0
181,nochange,76040,EDM_0076039,0,0,0,0,0,0,0,0,0,CCCCCCCCCCCC,CCCCCCCCCCCC,CCCCCCCCCCCC,CCCCCCCCCCCC,0,0,0,0,0,0
182,nochange,193870,EDM_0193869,0,0,0,0,0,0,0,0,0,CCC.C.CCC..C,CCCCCCCCCCCC,CCCCCCCCCCCC,CCCCCCCCCCCC,4,2,0,0,4,0
183,nochange,0,,1,0,0,0,0,0,0,0,0,............,,,,0,0,0,0,0,0
184,nochange,15198,EDM_0015197,0,0,0,0,0,0,0,0,0,CCCCCCCCCCCC,CCCCCCCCCCCC,CCCCCCCCCCCC,CCCCCCCCCCCC,0,0,0,0,0,0
185,nochange,0,,1,0,0,0,0,0,0,0,0,............,,,,0,0,0,0,0,0
186,nochange,152046,EDM_0152045,0,0,0,0,0,0,0,0,0,CCC.CCCC.CCC,CCCCCCCCCCCC,CCCCCCCCCCCC,CCCCCCCCCCCC,2,2,0,0,2,0
187,nochange,6205,EDM_0006204,0,0,0,0,0,0,0,0,0,CCCCCCCCCCCC,CCCCCCCCCCCC,CCCCCCCCCCCC,CCCCCCCCCCCC,0,0,0,0,0,0
188,nochange,0,,1,0,0,0,0,0,0,0,0,............,,,,0,0,0,0,0,0
189,nochange,0,,1,0,0,0,0,0,0,0,0,CCCCCCC.CCCC,,,,0,1,0,0,0,0
19,nochange,118282,EDM_0118281,0,0,0,0,0,0,0,0,0,CCCCCCCCCCCC,CCCCCCCCCCCC,CCCCCCCCCCCC,CCCCCCCCCCCC,0,0,0,0,0,0
190,nochange,27981,EDM_0027980,0,0,0,0,0,0,0,0,0,CCCCCCCCCCCC,CCCCCCCCCCCC,CCCCCCCCCCCC,CCCCCCCCCCCC,0,0,0,0,0,0
191,nochange,0,,1,0,0,0,0,0,0,0,0,CCCCCCCCCC.C,,,,0,1,0,0,0,0
192,nochange,112570,EDM_0112569,0,0,0,0,0,0,0,0,0,CCCCCCCCCCCC,CCCCCCCCCCCC,CCCCCCCCCCCC,CCCCCCCCCCCC,0,0,0,0,0,0
193,nochange,0,,1,0,0,0,0,0,0,0,0,CCCCCCCCCCCC,,,,0,0,0,0,0,0
194,nochange,137517,EDM_0137516,0,0,0,0,0,0,0,0,0,CCCCCCCCCCCC,CCCCCCCCCCCC,CCCCCCCCCCCC,CCCCCCCCCCCC,0,0,0,0,0,0
195,nochange,0,,1,0,0,0,0,0,0,0,0,CCCCCCC.CCCC,,,,0,1,0,0,0,0
197,gain,84604,EDM_0084603,0,0,0,0,0,0,0,0,0,CCCCCCCC...C,CCCCCCCCCCCC,CCCCCCCCCCCC,CCCCCCCCCCCC,3,0,0,0,3,0
198,loss,207164,EDM_0207163,0,0,3,3,3,0,0,3,0,CCCCCCCCC...,CCCCCCCCCCCC,CCCCCCCCCCCC,CCCCCCCCC...,3,0,0,0,3,0
199,nochange,0,,1,0,0,0,0,0,0,0,0,............,,,,0,0,0,0,0,0
2,nochange,55730,EDM_0055729,0,0,4,0,0,0,0,0,0,.......C....,AAAAAAAAAAAA,............,.......C....,1,0,0,0,0,0
20,nochange,3884,EDM_0003883,0,0,0,0,0,0,0,0,0,CCCCCCCCCCCC,CCCCCCCCCCCC,CCCCCCCCCCCC,CxCCxCCCCCCC,0,0,0,0,0,0
200,nochange,0,,1,0,0,0,0,0,0,0,0,CCCC........,,,,0,0,0,0,0,0
201,nochange,118888,EDM_0118887,0,0,1,1,1,0,1,0,0,CC..CC.CCCC.,CCCCCCCCCCCC,CCCCCCCCCCCC,CCCCCCxCCCCC,4,1,0,0,4,0
202,nochange,205473,EDM_0205472,0,0,0,0,0,0,0,0,0,CCCCCCCCCCCC,CCCCCCCCCCCC,CCCCCCCCCCCC,CCCCCCCCCCCC,0,0,0,0,0,0
203,nochange,0,,1,0,0,0,0,0,0,0,0,............,,,,0,0,0,0,0,0
204,loss,0,,1,0,0,0,0,0,0,0,0,C.C.CC......,,,,0,2,0,0,0,0
205,nochange,35192,EDM_0035191,0,0,0,0,0,0,0,0,0,CCCCCCCCCCCC,CCCCCCCCCCCC,CCCCCCCCCCCC,CCCCCCCCCCCC,0,0,0,0,0,0
206,nochange,0,,1,0,0,0,0,0,0,0,0,............,,,,0,0,0,0,0,0
207,nochange,0,,1,0,0,0,0,0,0,0,0,CCCCCCCCCCCC,,,,0,0,0,0,0,0
208,nochange,68610,EDM_0068609,0,0,0,0,0,0,0,0,0,CCCCCCCCCCCC,CCCCCCCCCCCC,CCCCCCCCCCCC,CCCCCCCCCCCC,0,0,0,0,0,0
209,nochange,5413,EDM_0005412,0,0,0,0,0,0,0,0,0,CCCCCCCCCCCC,CCCCCCCCCCCC,CCCCCCCCCCCC,CCCCCCCCCCCC,0,0,0,0,0,0
21,nochange,174500,EDM_0174499,0,0,0,0,0,0,0,0,0,CCCCCCCCCCCC,CCCCCCCCCCCC,CCCCCCCCCCCC,CCCCCCCCCCCC,0,0,0,0,0,0
210,nochange,119846,EDM_0119845,0,0,0,0,0,0,0,0,0,CCCCCCCCCCCC,CCCCCCCCCCCC,CCCCCCCCCCCC,CCCCCCCCCCCC,0,0,0,0,0,0
211,nochange,0,,1,0,0,0,0,0,0,0,0,............,,,,0,0,0,0,0,0
212,nochange,23570,EDM_0023569,0,0,0,0,0,0,0,0,0,CCCCCCCCCCCC,CCCCCCCCCCCC,CCCCCCCCCCCC,CCCCCCCCCCCC,0,0,0,0,0,0
213,nochange,0,,1,0,0,0,0,0,0,0,0,CC.C.CC.C..C,,,,0,3,0,0,0,0
214,nochange,0,,1,0,0,0,0,0,0,0,0,CCCCCCCCCCCC,,,,0,0,0,0,0,0
215,nochange,0,,1,0,0,0,0,0,0,0,0,............,,,,0,0,0,0,0,0
216,nochange,102681,EDM_0102680,0,0,0,0,0,0,0,0,0,CCCCCCCCCCCC,CCCCCCCCCCCC,CCCCCCCCCCCC,CCCCCCCCCCCC,0,0,0,0,0,0
217,nochange,0,,1,0,0,0,0,0,0,0,0,CCCCC.......,,,,0,0,0,0,0,0
218,nochange,0,,1,0,0,0,0,0,0,0,0,CCCCCCCCCCCC,,,,0,0,0,0,0,0
219,nochange,202390,EDM_0202389,0,0,0,0,0,0,0,0,0,CCCCCCCCCCCC,CCCCCCCCCCCC,CCCCCCCCCCCC,CCCCCCCCCCCC,0,0,0,0,0,0
22,nochange,217362,EDM_0217361,0,0,0,0,0,0,0,0,0,CCCCCCCCCCCC,CCCCCCCCCCCC,CCCCCCCCCCCC,CCCCCCCCCCCC,0,0,0,0,0,0
220,loss,0,,1,0,0,0,0,0,0,0,0,CCCCCC......,,,,0,0,0,0,0,0
222,nochange,3723,EDM_0003722,0,0,0,0,0,0,0,0,0,CCCCCCCCCCCC,CCCCCCCCCCCC,CCCCCCCCCCCC,CCCCCCCCCCCC,0,0,0,0,0,0
223,nochange,67097,EDM_0067096,0,0,0,0,0,0,0,0,0,CCCCCCCCCCCC,CCCCCCCCCCCC,CCCCCCCCCCCC,CCCCCCCCCCCC,0,0,0,0,0,0
224,nochange,0,,1,0,0,0,0,0,0,0,0,........CC..,,,,0,0,0,0,0,0
225,nochange,0,,1,0,0,0,0,0,0,0,0,............,,,,0,0,0,0,0,0
226,nochange,387,EDM_0000386,0,0,0,0,0,0,0,0,0,CCCCCCCCCCCC,CCCCCCCCCCCC,CCCCCCCCCCCC,CCCCCCCCCCCC,0,0,0,0,0,0
227,nochange,0,,1,0,0,0,0,0,0,0,0,CCCCCCCCCCCC,,,,0,0,0,0,0,0
228,nochange,215875,EDM_0215874,0,0,0,0,0,0,0,0,0,CCCCCCCCCCCC,CCCCCCCCCCCC,CCCCCCCCCCCC,CCCCCCCCCCCC,0,0,0,0,0,0
229,nochange,206450,EDM_0206449,0,0,0,0,0,0,0,0,0,CCCCCCCCCCCC,CCCCCCCCCCCC,CCCCCCCCCCCC,CCCCCCCCCCCC,0,0,0,0,0,0
23,nochange,23264,EDM_0023263,0,0,0,0,0,0,0,0,0,CCCCCCCCCCCC,CCCCCCCCCCCC,CCCCCCCCCCCC,CCCCCCCCCCCC,0,0,0,0,0,0
230,nochange,0,,1,0,0,0,0,0,0,0,0,CCCCCCC.CCCC,,,,0,1,0,0,0,0
231,nochange,138682,EDM_0138681,0,0,0,0,0,0,0,0,0,CCCCCCCCCCCC,CCCCCCCCCCCC,CCCCCCCCCCCC,CCCCCCCCCCCC,0,0,0,0,0,0
232,nochange,216931,EDM_0216930,0,0,0,0,0,0,0,0,0,CCCCCCCCCCCC,CCCCCCCCCCCC,CCCCCCCCCCCC,CCCCCCCCCCCC,0,0,0,0,0,0
233,nochange,0,,1,0,0,0,0,0,0,0,0,............,,,,0,0,0,0,0,0
234,nochange,106634,EDM_0106633,0,0,0,0,0,0,0,0,0,CCCCCCCCCCCC,CCCCCCCCCCCC,CCCCCCCCCCCC,CCCCCCCCCCCC,0,0,0,0,0,0
235,nochange,0,,1,0,0,0,0,0,0,0,0,CCCCCCC.CCCC,,,,0,1,0,0,0,0
236,nochange,0,,1,0,0,0,0,0,0,0,0,CCCCCCCCCCCC,,,,0,0,0,0,0,0
237,nochange,0,,1,0,0,0,0,0,0,0,0,............,,,,0,0,0,0,0,0
238,nochange,0,,1,0,0,0,0,0,0,0,0,CCCCC.CC....,,,,0,1,0,0,0,0
239,nochange,0,,1,0,0,0,0,0,0,0,0,............,,,,0,0,0,0,0,0
24,nochange,105454,EDM_0105453,0,0,0,0,0,0,0,0,0,CCCCCCCCCCCC,CCCCCCCCCCCC,CCCCCCCCCCCC,CCCCCCCCCCCC,0,0,0,0,0,0
240,nochange,0,,1,0,0,0,0,0,0,0,0,...C........,,,,0,0,0,0,0,0
241,nochange,28402,EDM_0028401,0,0,0,0,0,0,0,0,0,CCCCCCCCCCCC,CCCCCCCCCCCC,CCCCCCCCCCCC,CCCCCCCCCCCC,0,0,0,0,0,0
242,nochange,33612,EDM_0033611,0,0,0,0,0,0,0,0,0,CCCCC.CCCCCC,CCCCCCCCCCCC,CCCCCCCCCCCC,CCCCCCCCCCCC,1,1,0,0,1,0
243,nochange,50861,EDM_0050860,0,0,0,0,0,0,0,0,0,CCCCCCCCCCCC,CCCCCCCCCCCC,CCCCCCCCCCCC,CCCCCCCCCCCC,0,0,0,0,0,0
244,nochange,0,,1,0,0,0,0,0,0,0,0,............,,,,0,0,0,0,0,0
245,nochange,0,,1,0,0,0,0,0,0,0,0,............,,,,0,0,0,0,0,0
246,nochange,0,,1,0,0,0,0,0,0,0,0,CCCCCCCCCCCC,,,,0,0,0,0,0,0
248,nochange,0,,1,0,0,0,0,0,0,0,0,CCCCCCC.CCCC,,,,0,1,0,0,0,0
249,nochange,17373,EDM_0017372,0,0,0,0,0,0,0,0,0,CCCCCCCCCCCC,CCCCCCCCCCCC,CCCCCCCCCCCC,CCCCCCCCCCCC,0,0,0,0,0,0
25,nochange,116446,EDM_0116445,0,0,0,0,0,0,0,0,0,CCCCCCCCCCCC,CCCCCCCCCCCC,CCCCCCCCCCCC,CCCCCCCCCCCC,0,0,0,0,0,0
250,loss,0,,1,0,0,0,0,0,0,0,0,C.CC..C.....,,,,0,1,0,0,0,0
251,nochange,51569,EDM_0051568,0,0,0,0,0,0,0,0,0,CCCCCCCCCCCC,CCCCCCCCCCCC,CCCCCCCCCCCC,CCCCCCCCCCCC,0,0,0,0,0,0
252,nochange,0,,1,0,0,0,0,0,0,0,0,CCCCCCC.CCC.,,,,0,1,0,0,0,0
253,nochange,73490,EDM_0073489,0,0,0,0,0,0,0,0,0,CCCCCCCCCCCC,CCCCCCCCCCCC,CCCCCCCCCCCC,CCCCCCCCCCCC,0,0,0,0,0,0
254,nochange,0,,1,0,0,0,0,0,0,0,0,............,,,,0,0,0,0,0,0
255,nochange,165820,EDM_0165819,0,0,0,0,0,0,0,0,0,CCCCCCCCCCCC,CCCCCCCCCCCC,CCCCCCCCCCCC,CCCCCCCCCCCC,0,0,0,0,0,0
256,nochange,0,,1,0,0,0,0,0,0,0,0,CCCCCCC.CCCC,,,,0,1,0,0,0,0
257,nochange,107446,EDM_0107445,0,0,0,0,0,0,0,0,0,CCCCCCCCCCCC,CCCCCCCCCCCC,CCCCCCCCCCCC,CCCCCCCCCCCC,0,0,0,0,0,0
258,nochange,118817,EDM_0118816,0,0,0,0,0,0,0,0,0,CCCCCCCCCCCC,CCCCCCCCCCCC,CCCCCCCCCCCC,CCCCCCCCCCCC,0,0,0,0,0,0
259,nochange,0,,1,0,0,0,0,0,0,0,0,.....C......,,,,0,0,0,0,0,0
26,nochange,0,,1,0,0,0,0,0,0,0,0,CCCCCCCCCCCC,,,,0,0,0,0,0,0
260,nochange,0,,1,0,0,0,0,0,0,0,0,............,,,,0,0,0,0,0,0
261,nochange,0,,1,0,0,0,0,0,0,0,0,............,,,,0,0,0,0,0,0
262,nochange,30922,EDM_0030921,0,0,0,0,0,0,0,0,0,CCCCCCCCCCCC,CCCCCCCCCCCC,CCCCCCCCCCCC,CCCCCCCCCCCC,0,0,0,0,0,0
264,nochange,0,,1,0,0,0,0,0,0,0,0,............,,,,0,0,0,0,0,0
265,nochange,0,,1,0,0,0,0,0,0,0,0,.C..........,,,,0,0,0,0,0,0
266,nochange,0,,1,0,0,0,0,0,0,0,0,.C..........,,,,0,0,0,0,0,0
267,nochange,0,,1,0,0,0,0,0,0,0,0,............,,,,0,0,0,0,0,0
268,nochange,24425,EDM_0024424,0,0,0,0,0,0,0,0,0,CCCCCCCCCCCC,CCCCCCCCCCCC,CCCCCCCCCCCC,CCCCCCCCCCCC,0,0,0,0,0,0
269,nochange,0,,1,0,0,0,0,0,0,0,0,............,,,,0,0,0,0,0,0
27,nochange,6373,EDM_0006372,0,0,0,0,0,0,0,0,0,CCCCCCCCC.CC,CCCCCCCCCCCC,CCCCCCCCCCCC,CCCCCCCCCCCC,1,1,0,0,1,0
270,nochange,51392,EDM_0051391,0,0,0,0,0,0,0,0,0,CCCCCCCCCCCC,CCCCCCCCCCCC,CCCCCCCCCCCC,CCCCCCCCCCCC,0,0,0,0,0,0
271,nochange,0,,1,0,0,0,0,0,0,0,0,............,,,,0,0,0,0,0,0
272,nochange,0,,1,0,0,0,0,0,0,0,0,............,,,,0,0,0,0,0,0
273,nochange,0,,1,0,0,0,0,0,0,0,0,............,,,,0,0,0,0,0,0
274,nochange,0,,1,0,0,0,0,0,0,0,0,............,,,,0,0,0,0,0,0
275,nochange,0,,1,0,0,0,0,0,0,0,0,CCCCCC..CCCC,,,,0,0,0,0,0,0
276,nochange,183862,EDM_0183861,0,0,0,0,0,0,0,0,0,CCCCCCCCCCCC,CCCCCCCCCCCC,CCCCCCCCCCCC,CCCCCCCCCCCC,0,0,0,0,0,0
278,nochange,97844,EDM_0097843,0,0,0,0,0,0,0,0,0,CCCCCCCCCCCC,CCCCCCCCCCCC,CCCCCCCCCCCC,CCCCCCCCCCCC,0,0,0,0,0,0
279,loss,0,,1,0,0,0,0,0,0,0,0,CCCCCC......,,,,0,0,0,0,0,0
28,loss,0,,1,0,0,0,0,0,0,0,0,CCCCC...C...,,,,0,0,0,0,0,0
280,nochange,0,,1,0,0,0,0,0,0,0,0,CCCCCCCCCCCC,,,,0,0,0,0,0,0
281,nochange,93228,EDM_0093227,0,0,0,0,0,0,0,0,0,CCC.CC.CCCCC,CCCCCCCCCCCC,CCCCCCCCCCCC,CCCCCCCCCCCC,2,2,0,0,2,0
282,nochange,0,,1,0,0,0,0,0,0,0,0,.C..C.C.....,,,,0,1,0,0,0,0
283,nochange,32155,EDM_0032154,0,0,0,0,0,0,0,0,0,CCCCCCCCCCCC,CCCCCCCCCCCC,CCCCCCCCCCCC,CCCCCCCCCCCC,0,0,0,0,0,0
284,nochange,180898,EDM_0180897,0,0,0,0,0,0,0,0,0,CCCCCCCCCCCC,CCCCCCCCCCCC,CCCCCCCCCCCC,CCCCCCCCCCCC,0,0,0,0,0,0
285,nochange,121369,EDM_0121368,0,0,0,0,0,0,0,0,0,CCCCCCCCCCCC,CCCCCCCCCCCC,CCCCCCCCCCCC,CCCCCCCCCCCC,0,0,0,0,0,0
286,nochange,0,,1,0,0,0,0,0,0,0,0,............,,,,0,0,0,0,0,0
287,nochange,7943,EDM_0007942,0,0,0,0,0,0,0,0,0,CCCCCCCCCCCC,CCCCCCCCCCCC,CCCCCCCCCCCC,CCCCCCCCCCCC,0,0,0,0,0,0
288,nochange,0,,1,0,0,0,0,0,0,0,0,CCCCCCC.CCCC,,,,0,1,0,0,0,0
289,nochange,0,,1,0,0,0,0,0,0,0,0,CCCC........,,,,0,0,0,0,0,0
29,nochange,165873,EDM_0165872,0,0,0,0,0,0,0,0,0,CCCCCCCCCCCC,CCCCCCCCCCCC,CCCCCCCCCCCC,CCCCCCCCCCCC,0,0,0,0,0,0
290,loss,0,,1,0,0,0,0,0,0,0,0,..CCCC......,,,,0,0,0,0,0,0
291,nochange,16293,EDM_0016292,0,0,0,0,0,0,0,0,0,CCCCCCCCCCCC,CCCCCCCCCCCC,CCCCCCCCCCCC,CCCCCCCCCCCC,0,0,0,0,0,0
292,loss,0,,1,0,0,0,0,0,0,0,0,.CCCC.C.....,,,,0,1,0,0,0,0
294,nochange,28589,EDM_0028588,0,0,0,0,0,0,0,0,0,CCCCCCCCCCCC,CCCCCCCCCCCC,CCCCCCCCCCCC,CCCCCCCCCCCC,0,0,0,0,0,0
295,nochange,0,,1,0,0,0,0,0,0,0,0,CCCCCCC.CC.C,,,,0,2,0,0,0,0
296,nochange,0,,1,0,0,0,0,0,0,0,0,......C.C..C,,,,0,1,0,0,0,0
297,nochange,0,,1,0,0,0,0,0,0,0,0,CCCCC.C.CCCC,,,,0,2,0,0,0,0
298,nochange,110951,EDM_0110950,0,0,0,0,0,0,0,0,0,CCCCCCCCCCCC,CCCCCCCCCCCC,CCCCCCCCCCCC,CCCCCCCCCCCC,0,0,0,0,0,0
299,nochange,0,,1,0,0,0,0,0,0,0,0,CC..........,,,,0,0,0,0,0,0
3,nochange,121752,EDM_0121751,0,0,0,0,0,0,0,0,0,.CC.CCCCCCCC,CCCCCCCCCCCC,CCCCCCCCCCCC,.CC.CCCCCCCC,2,1,0,0,2,0
30,nochange,0,,1,0,0,0,0,0,0,0,0,............,,,,0,0,0,0,0,0
300,nochange,65066,EDM_0065065,0,0,0,0,0,0,0,0,0,CCCCCCCCCCCC,CCCCCCCCCCCC,CCCCCCCCCCCC,CCCCCCCCCCCC,0,0,0,0,0,0
301,nochange,71596,EDM_0071595,0,0,0,0,0,0,0,0,0,CCCCCCCCCCCC,CCCCCCCCCCCC,CCCCCCCCCCCC,CCCCCCCCCCCC,0,0,0,0,0,0
302,nochange,112796,EDM_0112795,0,0,0,0,0,0,0,0,0,CCCCCCCCCCCC,CCCCCCCCCCCC,CCCCCCCCCCCC,CCCCCCCCCCCC,0,0,0,0,0,0
303,nochange,0,,1,0,0,0,0,0,0,0,0,............,,,,0,0,0,0,0,0
304,loss,0,,1,0,0,0,0,0,0,0,0,CCCCC.......,,,,0,0,0,0,0,0
305,nochange,110222,EDM_0110221,0,0,0,0,0,0,0,0,0,CCCCCCCCCCCC,CCCCCCCCCCCC,CCCCCCCCCCCC,CCCCCCCCCCCC,0,0,0,0,0,0
306,nochange,0,,1,0,0,0,0,0,0,0,0,CCCCCCC.C.CC,,,,0,2,0,0,0,0
307,nochange,0,,1,0,0,0,0,0,0,0,0,.C...C......,,,,0,0,0,0,0,0
308,nochange,104409,EDM_0104408,0,0,0,0,0,0,0,0,0,CCCCCCCCCCCC,CCCCCCCCCCCC,CCCCCCCCCCCC,CCCCCCCCCCCC,0,0,0,0,0,0
309,nochange,0,,1,0,0,0,0,0,0,0,0,............,,,,0,0,0,0,0,0
31,nochange,0,,1,0,0,0,0,0,0,0,0,C.C..CC.CC..,,,,0,2,0,0,0,0
310,nochange,0,,1,0,0,0,0,0,0,0,0,CCCC........,,,,0,0,0,0,0,0
311,nochange,0,,1,0,0,0,0,0,0,0,0,............,,,,0,0,0,0,0,0
312,nochange,0,,1,0,0,0,0,0,0,0,0,............,,,,0,0,0,0,0,0
313,nochange,174525,EDM_0174524,0,0,0,0,0,0,0,0,0,CCCCCCCCCCCC,CCCCCCCCCCCC,CCCCCCCCCCCC,CCCCCCCCCCCC,0,0,0,0,0,0
314,nochange,210527,EDM_0210526,0,0,0,0,0,0,0,0,0,CCCCCCCCCCCC,CCCCCCCCCCCC,CCCCCCCCCCCC,CCCCCCCCCCCC,0,0,0,0,0,0
315,nochange,0,,1,0,0,0,0,0,0,0,0,..C..C......,,,,0,0,0,0,0,0
316,nochange,107377,EDM_0107376,0,0,0,0,0,0,0,0,0,CCCCCCCCCCCC,CCCCCCCCCCCC,CCCCCCCCCCCC,CCCCCCCCCCCC,0,0,0,0,0,0
317,nochange,137310,EDM_0137309,0,0,0,0,0,0,0,0,0,CCCCCCCCCCCC,CCCCCCCCCCCC,CCCCCCCCCCCC,CCCCCCCCCCCC,0,0,0,0,0,0
318,nochange,69858,EDM_0069857,0,0,0,0,0,0,0,0,0,CCCCCCCCCCCC,CCCCCCCCCCCC,CCCCCCCCCCCC,CCCCCCCCCCCC,0,0,0,0,0,0
319,nochange,0,,1,0,0,0,0,0,0,0,0,............,,,,0,0,0,0,0,0
32,nochange,0,,1,0,0,0,0,0,0,0,0,............,,,,0,0,0,0,0,0
320,nochange,0,,1,0,0,0,0,0,0,0,0,CCCCCCCCCCCC,,,,0,0,0,0,0,0
321,nochange,0,,1,0,0,0,0,0,0,0,0,............,,,,0,0,0,0,0,0
322,nochange,0,,1,0,0,0,0,0,0,0,0,............,,,,0,0,0,0,0,0
323,nochange,30440,EDM_0030439,0,0,0,0,0,0,0,0,0,CCCCCCCCCCCC,CCCCCCCCCCCC,CCCCCCCCCCCC,CCCCCCCCCCCC,0,0,0,0,0,0
324,nochange,138132,EDM_0138131,0,0,0,0,0,0,0,0,0,CCCCCCCCCCCC,CCCCCCCCCCCC,CCCCCCCCCCCC,CCCCCCCCCCCC,0,0,0,0,0,0
325,nochange,0,,1,0,0,0,0,0,0,0,0,CCCCCCC.CCCC,,,,0,1,0,0,0,0
326,loss,58071,EDM_0058070,0,0,4,4,4,0,0,4,0,CCC...CC....,CCCCCCCCCCCC,CCCCCCCCCCCC,xCx...CC....,7,0,0,0,7,0
327,nochange,118849,EDM_0118848,0,0,0,0,0,0,0,0,0,CCCCCCCCCCCC,CCCCCCCCCCCC,CCCCCCCCCCCC,CCCCCCCCCCCC,0,0,0,0,0,0
328,nochange,64727,EDM_0064726,0,0,0,0,0,0,0,0,0,CCCCCCCCCCCC,CCCCCCCCCCCC,CCCCCCCCCCCC,CCCCCCCCCCCC,0,0,0,0,0,0
329,nochange,158751,EDM_0158750,0,0,0,0,0,0,0,0,0,CCCCCCCCCCCC,CCCCCCCCCCCC,CCCCCCCCCCCC,CCCCCCCCCCCC,0,0,0,0,0,0
33,nochange,0,,1,0,0,0,0,0,0,0,0,CCCCCCCCCCCC,,,,0,0,0,0,0,0
330,nochange,97023,EDM_0097022,0,0,0,0,0,0,0,0,0,CCCCCCCCCCCC,CCCCCCCCCCCC,CCCCCCCCCCCC,CCCCCCCCCCCC,0,0,0,0,0,0
331,nochange,0,,1,0,0,0,0,0,0,0,0,............,,,,0,0,0,0,0,0
332,nochange,0,,1,0,0,0,0,0,0,0,0,............,,,,0,0,0,0,0,0
333,nochange,0,,1,0,0,0,0,0,0,0,0,............,,,,0,0,0,0,0,0
334,nochange,173719,EDM_0173718,0,0,0,0,0,0,0,0,0,CCCCCCCCCCCC,CCCCCCCCCCCC,CCCCCCCCCCCC,CCCCCCCCCCCC,0,0,0,0,0,0
335,nochange,51857,EDM_0051856,0,0,0,0,0,0,0,0,0,CCCCCCCCCCCC,CCCCCCCCCCCC,CCCCCCCCCCCC,CCCCCCCCCCCC,0,0,0,0,0,0
336,nochange,0,,1,0,0,0,0,0,0,0,0,CCCCCCCCCCCC,,,,0,0,0,0,0,0
337,nochange,0,,1,0,0,0,0,0,0,0,0,............,,,,0,0,0,0,0,0
338,nochange,0,,1,0,0,0,0,0,0,0,0,............,,,,0,0,0,0,0,0
339,nochange,0,,1,0,0,0,0,0,0,0,0,............,,,,0,0,0,0,0,0
34,nochange,0,,1,0,0,0,0,0,0,0,0,.CCCCCC.C..C,,,,0,1,0,0,0,0
340,nochange,149665,EDM_0149664,0,0,0,0,0,0,0,0,0,CCCCCCCCCCCC,CCCCCCCCCCCC,CCCCCCCCCCCC,CCCCCCCCCCCC,0,0,0,0,0,0
341,nochange,0,,1,0,0,0,0,0,0,0,0,............,,,,0,0,0,0,0,0
342,nochange,0,,1,0,0,0,0,0,0,0,0,............,,,,0,0,0,0,0,0
343,nochange,113274,EDM_0113273,0,0,0,0,0,0,0,0,0,CCCCCCCCCCCC,CCCCCCCCCCCC,CCCCCCCCCCCC,CCCCCCCCCCCC,0,0,0,0,0,0
344,nochange,0,,1,0,0,0,0,0,0,0,0,.CCC.C..CCCC,,,,0,1,0,0,0,0
345,nochange,0,,1,0,0,0,0,0,0,0,0,............,,,,0,0,0,0,0,0
347,nochange,0,,1,0,0,0,0,0,0,0,0,............,,,,0,0,0,0,0,0
348,nochange,93263,EDM_0093262,0,0,0,0,0,0,0,0,0,CCCCCCCCCCCC,CCCCCCCCCCCC,CCCCCCCCCCCC,CCCCCCCCCCCC,0,0,0,0,0,0
349,nochange,69272,EDM_0069271,0,0,0,0,0,0,0,0,0,CCCCCCCCCCCC,CCCCCCCCCCCC,CCCCCCCCCCCC,CCCCCCCCCCCC,0,0,0,0,0,0
35,nochange,0,,1,0,0,0,0,0,0,0,0,CCCCCCCCCCCC,,,,0,0,0,0,0,0
350,nochange,115277,EDM_0115276,0,0,0,0,0,0,0,0,0,CCCCCCCCCCCC,CCCCCCCCCCCC,CCCCCCCCCCCC,CCCCCCCCCCCC,0,0,0,0,0,0
351,nochange,103274,EDM_0103273,0,0,0,0,0,0,0,0,0,CCC.CCCCCC.C,CCCCCCCCCCCC,CCCCCCCCCCCC,CCCxCCCCCCxC,2,2,0,0,2,0
353,nochange,0,,1,0,0,0,0,0,0,0,0,............,,,,0,0,0,0,0,0
354,nochange,18780,EDM_0018779,0,0,0,0,0,0,0,0,0,CCCCCCCCCCCC,CCCCCCCCCCCC,CCCCCCCCCCCC,CCCCCCCCCCCC,0,0,0,0,0,0
355,nochange,0,,1,0,0,0,0,0,0,0,0,CCCCCCCCCCCC,,,,0,0,0,0,0,0
356,loss,0,,1,0,0,0,0,0,0,0,0,............,,,,0,0,0,0,0,0
357,nochange,0,,1,0,0,0,0,0,0,0,0,............,,,,0,0,0,0,0,0
359,nochange,115692,EDM_0115691,0,0,0,0,0,0,0,0,0,CCCCCCCCCCCC,CCCCCCCCCCCC,CCCCCCCCCCCC,CCCCCCCCCCCC,0,0,0,0,0,0
36,nochange,0,,1,0,0,0,0,0,0,0,0,CCCCCCCCCCCC,,,,0,0,0,0,0,0
360,nochange,0,,1,0,0,0,0,0,0,0,0,............,,,,0,0,0,0,0,0
361,nochange,0,,1,0,0,0,0,0,0,0,0,CCCCCCC.CCCC,,,,0,1,0,0,0,0
362,nochange,138102,EDM_0138101,0,0,0,0,0,0,0,0,0,CCCCCCCCCCCC,CCCCCCCCCCCC,CCCCCCCCCCCC,CCCCCCCCCCCC,0,0,0,0,0,0
363,nochange,99428,EDM_0099427,0,0,0,0,0,0,0,0,0,CCCCCCCCCCCC,CCCCCCCCCCCC,CCCCCCCCCCCC,CCCCCCCCCCCC,0,0,0,0,0,0
364,nochange,18990,EDM_0018989,0,0,0,0,0,0,0,0,0,CCCCCCCCCCCC,CCCCCCCCCCCC,CCCCCCCCCCCC,CCCCCCCCCCCC,0,0,0,0,0,0
365,nochange,209470,EDM_0209469,0,0,0,0,0,0,0,0,0,C.CCC.CCC..C,CCCCCCCCCCCC,CCCCCCCCCCCC,CCCCCCCCCCCC,4,2,0,0,4,0
366,nochange,1756,EDM_0001755,0,0,0,0,0,0,0,0,0,CCCCCCCCCCCC,CCCCCCCCCCCC,CCCCCCCCCCCC,CCCCCCCCCCCC,0,0,0,0,0,0
367,nochange,36556,EDM_0036555,0,0,0,0,0,0,0,0,0,CCCCCCCCCCCC,CCCCCCCCCCCC,CCCCCCCCCCCC,CCCCCCCCCCCC,0,0,0,0,0,0
368,nochange,104993,EDM_0104992,0,0,0,0,0,0,0,0,0,CCCCCCCCCCCC,CCCCCCCCCCCC,CCCCCCCCCCCC,CCCCCCCCCCCC,0,0,0,0,0,0
369,nochange,111276,EDM_0111275,0,0,0,0,0,0,0,0,0,CCCCCCCCCCCC,CCCCCCCCCCCC,CCCCCCCCCCCC,CCCCCCCCCCCC,0,0,0,0,0,0
37,loss,0,,1,0,0,0,0,0,0,0,0,CCCCCCC.....,,,,0,0,0,0,0,0
370,nochange,57046,EDM_0057045,0,0,0,0,0,0,0,0,0,CCCCCCCCCCCC,CCCCCCCCCCCC,CCCCCCCCCCCC,CCCCCCCCCCCC,0,0,0,0,0,0
371,nochange,20025,EDM_0020024,0,0,0,0,0,0,0,0,0,CCCCCCCCCCCC,CCCCCCCCCCCC,CCCCCCCCCCCC,CCCCCCCCCCCC,0,0,0,0,0,0
372,nochange,0,,1,0,0,0,0,0,0,0,0,CCCCCCCCCCCC,,,,0,0,0,0,0,0
373,nochange,0,,1,0,0,0,0,0,0,0,0,............,,,,0,0,0,0,0,0
374,nochange,120010,EDM_0120009,0,0,0,0,0,0,0,0,0,CCCCCCCCCCCC,CCCCCCCCCCCC,CCCCCCCCCCCC,CCCCCCCCCCCC,0,0,0,0,0,0
375,nochange,0,,1,0,0,0,0,0,0,0,0,............,,,,0,0,0,0,0,0
377,nochange,0,,1,0,0,0,0,0,0,0,0,............,,,,0,0,0,0,0,0
378,nochange,105187,EDM_0105186,0,0,0,0,0,0,0,0,0,CCCCCCCCCCCC,CCCCCCCCCCCC,CCCCCCCCCCCC,CCCCCCCCCCCC,0,0,0,0,0,0
379,nochange,0,,1,0,0,0,0,0,0,0,0,CCCCCCCCC.CC,,,,0,1,0,0,0,0
38,nochange,0,,1,0,0,0,0,0,0,0,0,............,,,,0,0,0,0,0,0
380,nochange,0,,1,0,0,0,0,0,0,0,0,............,,,,0,0,0,0,0,0
381,nochange,176957,EDM_0176956,0,0,0,0,0,0,0,0,0,CCCCCCCCCCCC,CCCCCCCCCCCC,CCCCCCCCCCCC,CCCCCCCCCCCC,0,0,0,0,0,0
382,nochange,119176,EDM_0119175,0,0,0,0,0,0,0,0,0,CCCCCCCCCCCC,CCCCCCCCCCCC,CCCCCCCCCCCC,CCCCCCCCCCCC,0,0,0,0,0,0
383,nochange,0,,1,0,0,0,0,0,0,0,0,CCCCC.C.CC..,,,,0,2,0,0,0,0
384,nochange,1756,EDM_0001755,0,0,0,0,0,0,0,0,0,CCCCCCCCCCCC,CCCCCCCCCCCC,CCCCCCCCCCCC,CCCCCCCCCCCC,0,0,0,0,0,0
385,loss,91684,EDM_0091683,0,0,1,1,1,0,0,1,0,CCC.CCCCCCC.,CCCCCCCCCCCC,CCCCCCCCCCCC,xCC.CCCCCCx.,2,1,0,0,2,0
386,nochange,0,,1,0,0,0,0,0,0,0,0,........C...,,,,0,0,0,0,0,0
387,nochange,142074,EDM_0142073,0,0,0,0,0,0,0,0,0,CCCCCCCCCCCC,CCCCCCCCCCCC,CCCCCCCCCCCC,CCCCCCCCCCCC,0,0,0,0,0,0
388,nochange,0,,1,0,0,0,0,0,0,0,0,............,,,,0,0,0,0,0,0
389,nochange,0,,1,0,0,0,0,0,0,0,0,............,,,,0,0,0,0,0,0
39,nochange,50849,EDM_0050848,0,0,0,0,0,0,0,0,0,CCCCCCCCCCCC,CCCCCCCCCCCC,CCCCCCCCCCCC,CCCCCCCCCCCC,0,0,0,0,0,0
390,nochange,73451,EDM_0073450,0,0,0,0,0,0,0,0,0,CCCCCCCCCCCC,CCCCCCCCCCCC,CCCCCCCCCCCC,CCCCCCCCCCCC,0,0,0,0,0,0
391,nochange,0,,1,0,0,0,0,0,0,0,0,CCCCCCCCCCCC,,,,0,0,0,0,0,0
392,nochange,0,,1,0,0,0,0,0,0,0,0,............,,,,0,0,0,0,0,0
393,nochange,0,,1,0,0,0,0,0,0,0,0,C.CC..C.CCCC,,,,0,2,0,0,0,0
394,nochange,121092,EDM_0121091,0,0,0,0,0,0,0,0,0,CCCCCCCCCCCC,CCCCCCCCCCCC,CCCCCCCCCCCC,CCCCCCCCCCCC,0,0,0,0,0,0
395,nochange,137923,EDM_0137922,0,0,0,0,0,0,0,0,0,CCC.CCCCCCCC,CCCCCCCCCCCC,CCCCCCCCCCCC,CCC.CCCCCCCC,1,1,0,0,1,0
396,nochange,176421,EDM_0176420,0,0,0,0,0,0,0,0,0,CCCCCCCCCCCC,CCCCCCCCCCCC,CCCCCCCCCCCC,CCCCCCCCCCCC,0,0,0,0,0,0
397,nochange,0,,1,0,0,0,0,0,0,0,0,........C...,,,,0,0,0,0,0,0
398,nochange,0,,1,0,0,0,0,0,0,0,0,......C.....,,,,0,0,0,0,0,0
399,nochange,0,,1,0,0,0,0,0,0,0,0,............,,,,0,0,0,0,0,0
4,nochange,0,,1,0,0,0,0,0,0,0,0,............,,,,0,0,0,0,0,0
40,nochange,162336,EDM_0162335,0,0,0,0,0,0,0,0,0,CCCCC.CCCCCC,CCCCCCCCCCCC,CCCCCCCCCCCC,CCCCCCCCCCCC,1,1,0,0,1,0
400,nochange,0,,1,0,0,0,0,0,0,0,0,............,,,,0,0,0,0,0,0
401,nochange,0,,1,0,0,0,0,0,0,0,0,............,,,,0,0,0,0,0,0
402,nochange,0,,1,0,0,0,0,0,0,0,0,............,,,,0,0,0,0,0,0
403,nochange,50798,EDM_0050797,0,0,0,0,0,0,0,0,0,CCCCCCCCCCCC,CCCCCCCCCCCC,CCCCCCCCCCCC,CCCCCCCCCCCC,0,0,0,0,0,0
404,loss,0,,1,0,0,0,0,0,0,0,0,CCCCCCC...C.,,,,0,0,0,0,0,0
405,nochange,166275,EDM_0166274,0,0,0,0,0,0,0,0,0,CCCCCCCCCCCC,CCCCCCCCCCCC,CCCCCCCCCCCC,CCCCCCCCCCCC,0,0,0,0,0,0
406,nochange,0,,1,0,0,0,0,0,0,0,0,............,,,,0,0,0,0,0,0
407,nochange,0,,1,0,0,0,0,0,0,0,0,............,,,,0,0,0,0,0,0
408,nochange,0,,1,0,0,0,0,0,0,0,0,............,,,,0,0,0,0,0,0
409,nochange,25052,EDM_0025051,0,0,0,0,0,0,0,0,0,CCCCCCCCCCCC,CCCCCCCCCCCC,CCCCCCCCCCCC,CCCCCCCCCCCC,0,0,0,0,0,0
41,nochange,52610,EDM_0052609,0,0,0,0,0,0,0,0,0,CCCCCCCCCCCC,CCCCCCCCCCCC,CCCCCCCCCCCC,CCCCCCCCCCCC,0,0,0,0,0,0
410,nochange,33395,EDM_0033394,0,0,0,0,0,0,0,0,0,CCCCCCCCCCCC,CCCCCCCCCCCC,CCCCCCCCCCCC,CCCCCCCCCCCC,0,0,0,0,0,0
411,nochange,106989,EDM_0106988,0,0,0,0,0,0,0,0,0,CCCCCCCCCCCC,CCCCCCCCCCCC,CCCCCCCCCCCC,CCCCCCCCCCCC,0,0,0,0,0,0
413,nochange,0,,1,0,0,0,0,0,0,0,0,CCCCCC......,,,,0,0,0,0,0,0
414,nochange,0,,1,0,0,0,0,0,0,0,0,............,,,,0,0,0,0,0,0
415,nochange,36029,EDM_0036028,0,0,0,0,0,0,0,0,0,CCCCCCCCCCCC,CCCCCCCCCCCC,CCCCCCCCCCCC,CCCCCCCCCCCC,0,0,0,0,0,0
416,nochange,0,,1,0,0,0,0,0,0,0,0,............,,,,0,0,0,0,0,0
417,nochange,68862,EDM_0068861,0,0,0,0,0,0,0,0,0,CCCCC.CCCCCC,CCCCCCCCCCCC,CCCCCCCCCCCC,CCCCCxCCCCCC,1,1,0,0,1,0
418,nochange,71297,EDM_0071296,0,0,0,0,0,0,0,0,0,CCCCCCCCCCCC,CCCCCCCCCCCC,CCCCCCCCCCCC,CCCCCCCCCCCC,0,0,0,0,0,0
419,nochange,109503,EDM_0109502,0,0,0,0,0,0,0,0,0,CCCCCCCCCCCC,CCCCCCCCCCCC,CCCCCCCCCCCC,CCCCCCCCCCCC,0,0,0,0,0,0
42,nochange,219707,EDM_0219706,0,0,0,0,0,0,0,0,0,CCCCCCCCCCCC,CCCCCCCCCCCC,CCCCCCCCCCCC,CCCCCCCCCCCC,0,0,0,0,0,0
420,nochange,177234,EDM_0177233,0,0,0,0,0,0,0,0,0,C.C.CC.CCCCC,CCCCCCCCCCCC,CCCCCCCCCCCC,CxCxCCxCCCCC,3,3,0,0,3,0
421,nochange,28190,EDM_0028189,0,0,0,0,0,0,0,0,0,CCCCCCCCCCCC,CCCCCCCCCCCC,CCCCCCCCCCCC,CCCCCCCCCCCC,0,0,0,0,0,0
422,nochange,17235,EDM_0017234,0,0,0,0,0,0,0,0,0,CCCCCCCCCCCC,CCCCCCCCCCCC,CCCCCCCCCCCC,CCCCCCCCCCCC,0,0,0,0,0,0
423,nochange,114041,EDM_0114040,0,0,0,0,0,0,0,0,0,CCCCCCCCCCCC,CCCCCCCCCCCC,CCCCCCCCCCCC,CCCCCCCCCCCC,0,0,0,0,0,0
424,nochange,184032,EDM_0184031,0,0,0,0,0,0,0,0,0,CCCCCCCCCCCC,CCCCCCCCCCCC,CCCCCCCCCCCC,CCCCCCCCCCCC,0,0,0,0,0,0
425,nochange,76408,EDM_0076407,0,0,0,0,0,0,0,0,0,CCCCCCCCCCCC,CCCCCCCCCCCC,CCCCCCCCCCCC,CCCCCCCCCCCC,0,0,0,0,0,0
426,nochange,0,,1,0,0,0,0,0,0,0,0,............,,,,0,0,0,0,0,0
427,nochange,0,,1,0,0,0,0,0,0,0,0,............,,,,0,0,0,0,0,0
428,nochange,92174,EDM_0092173,0,0,0,0,0,0,0,0,0,CCCCCCCCCCCC,CCCCCCCCCCCC,CCCCCCCCCCCC,CCCCCCCCCCCC,0,0,0,0,0,0
429,nochange,0,,1,0,0,0,0,0,0,0,0,............,,,,0,0,0,0,0,0
43,nochange,213568,EDM_0213567,0,0,0,0,0,0,0,0,0,CCCCCCCCCCCC,CCCCCCCCCCCC,CCCCCCCCCCCC,CCCCCCCCCCCC,0,0,0,0,0,0
430,nochange,0,,1,0,0,0,0,0,0,0,0,CCCCCCC.CCCC,,,,0,1,0,0,0,0
431,nochange,147918,EDM_0147917,0,0,0,0,0,0,0,0,0,CCCCCCCCCCCC,CCCCCCCCCCCC,CCCCCCCCCCCC,CCCCCCCCCCCC,0,0,0,0,0,0
432,nochange,0,,1,0,0,0,0,0,0,0,0,............,,,,0,0,0,0,0,0
433,loss,0,,1,0,0,0,0,0,0,0,0,.CCCC.......,,,,0,0,0,0,0,0
434,nochange,0,,1,0,0,0,0,0,0,0,0,CCCCCCCCCC.C,,,,0,1,0,0,0,0
435,nochange,205563,EDM_0205562,0,0,0,0,0,0,0,0,0,CCCCCCCCCCCC,CCCCCCCCCCCC,CCCCCCCCCCCC,CCCCCCCCCCCC,0,0,0,0,0,0
436,nochange,0,,1,0,0,0,0,0,0,0,0,CCCCCCC.CCCC,,,,0,1,0,0,0,0
437,nochange,83401,EDM_0083400,0,0,0,0,0,0,0,0,0,CCCC.C.CCC.C,CCCCCCCCCCCC,CCCCCCCCCCCC,CCCCCCCCCCCC,3,3,0,0,3,0
438,nochange,94,EDM_0000093,0,0,0,0,0,0,0,0,0,CCCCCCCCCCCC,CCCCCCCCCCCC,CCCCCCCCCCCC,CCCCCCCCCCCC,0,0,0,0,0,0
439,nochange,0,,1,0,0,0,0,0,0,0,0,CCCCC.CCCCCC,,,,0,1,0,0,0,0
44,nochange,0,,1,0,0,0,0,0,0,0,0,............,,,,0,0,0,0,0,0
440,nochange,0,,1,0,0,0,0,0,0,0,0,............,,,,0,0,0,0,0,0
441,loss,0,,1,0,0,0,0,0,0,0,0,..CC..C.....,,,,0,0,0,0,0,0
442,nochange,0,,1,0,0,0,0,0,0,0,0,CCCCCCC.CCCC,,,,0,1,0,0,0,0
443,nochange,0,,1,0,0,0,0,0,0,0,0,............,,,,0,0,0,0,0,0
444,nochange,0,,1,0,0,0,0,0,0,0,0,CC.........C,,,,0,0,0,0,0,0
445,nochange,180987,EDM_0180986,0,0,0,0,0,0,0,0,0,CCCCC.CCC.CC,CCCCCCCCCCCC,CCCCCCCCCCCC,CCCCCCCCCCCC,2,2,0,0,2,0
446,nochange,0,,1,0,0,0,0,0,0,0,0,............,,,,0,0,0,0,0,0
447,nochange,0,,1,0,0,0,0,0,0,0,0,...........C,,,,0,0,0,0,0,0
448,nochange,0,,1,0,0,0,0,0,0,0,0,............,,,,0,0,0,0,0,0
449,nochange,0,,1,0,0,0,0,0,0,0,0,............,,,,0,0,0,0,0,0
45,nochange,158750,EDM_0158749,0,0,0,0,0,0,0,0,0,CCCCCCCCCCCC,CCCCCCCCCCCC,CCCCCCCCCCCC,CCCCCCCCCCCC,0,0,0,0,0,0
450,nochange,0,,1,0,0,0,0,0,0,0,0,..CC........,,,,0,0,0,0,0,0
451,nochange,0,,1,0,0,0,0,0,0,0,0,CCCCCCC.CCCC,,,,0,1,0,0,0,0
452,nochange,99313,EDM_0099312,0,0,0,0,0,0,0,0,0,.CCCCCCCCCCC,CCCCCCCCCCCC,CCCCCCCCCCCC,.CCCCCCCCCCC,1,0,0,0,1,0
455,nochange,0,,1,0,0,0,0,0,0,0,0,C.....C.C..C,,,,0,1,0,0,0,0
456,nochange,0,,1,0,0,0,0,0,0,0,0,..C.C.C.C.C.,,,,0,4,0,0,0,0
457,nochange,0,,1,0,0,0,0,0,0,0,0,............,,,,0,0,0,0,0,0
458,nochange,0,,1,0,0,0,0,0,0,0,0,CC..........,,,,0,0,0,0,0,0
459,nochange,0,,1,0,0,0,0,0,0,0,0,............,,,,0,0,0,0,0,0
46,nochange,107700,EDM_0107699,0,0,0,0,0,0,0,0,0,CCCCCCCCCCCC,CCCCCCCCCCCC,CCCCCCCCCCCC,CCCCCCCCCCCC,0,0,0,0,0,0
460,nochange,0,,1,0,0,0,0,0,0,0,0,............,,,,0,0,0,0,0,0
461,nochange,24474,EDM_0024473,0,0,0,0,0,0,0,0,0,CCCCCCCCCCCC,CCCCCCCCCCCC,CCCCCCCCCCCC,CCCCCCCCCCCC,0,0,0,0,0,0
462,nochange,0,,1,0,0,0,0,0,0,0,0,C.CC.......C,,,,0,1,0,0,0,0
463,nochange,165812,EDM_0165811,0,0,0,0,0,0,0,0,0,CCCCCCCCCCCC,CCCCCCCCCCCC,CCCCCCCCCCCC,CCCCCxCCCCCC,0,0,0,0,0,0
464,nochange,0,,1,0,0,0,0,0,0,0,0,CCCCCCC.CCCC,,,,0,1,0,0,0,0
465,nochange,0,,1,0,0,0,0,0,0,0,0,CCCCCCC.CCCC,,,,0,1,0,0,0,0
466,nochange,0,,1,0,0,0,0,0,0,0,0,............,,,,0,0,0,0,0,0
467,nochange,101605,EDM_0101604,0,0,0,0,0,0,0,0,0,.CCCCCCCCCCC,CCCCCCCCCCCC,CCCCCCCCCCCC,xCCCCCCCCCCC,1,0,0,0,1,0
468,nochange,97394,EDM_0097393,0,0,0,0,0,0,0,0,0,CCCCCCCCCCCC,CCCCCCCCCCCC,CCCCCCCCCCCC,CCCCCCCCCCCC,0,0,0,0,0,0
469,loss,0,,1,0,0,0,0,0,0,0,0,CCCCCC......,,,,0,0,0,0,0,0
47,nochange,104371,EDM_0104370,0,0,0,0,0,0,0,0,0,CCCCCCCCCCCC,CCCCCCCCCCCC,CCCCCCCCCCCC,CCCCCCCCCCCC,0,0,0,0,0,0
470,nochange,206163,EDM_0206162,0,0,0,0,0,0,0,0,0,CCCCCCCCCCCC,CCCCCCCCCCCC,CCCCCCCCCCCC,CCCCCCCCCCCC,0,0,0,0,0,0
471,nochange,205888,EDM_0205887,0,0,0,0,0,0,0,0,0,CCCCCCCCCCCC,CCCCCCCCCCCC,CCCCCCCCCCCC,CCCCCCCCCCCC,0,0,0,0,0,0
472,nochange,0,,1,0,0,0,0,0,0,0,0,............,,,,0,0,0,0,0,0
473,nochange,35067,EDM_0035066,0,0,0,0,0,0,0,0,0,CCCCCCCCCCCC,CCCCCCCCCCCC,CCCCCCCCCCCC,CCCCCCCCCCCC,0,0,0,0,0,0
474,nochange,109838,EDM_0109837,0,0,0,0,0,0,0,0,0,CCCCCCCCCCCC,CCCCCCCCCCCC,CCCCCCCCCCCC,CCCCCCCCCCCC,0,0,0,0,0,0
475,nochange,35033,EDM_0035032,0,0,0,0,0,0,0,0,0,CCCCCCCCCCCC,CCCCCCCCCCCC,CCCCCCCCCCCC,CCCCCCCCCCCx,0,0,0,0,0,0
477,nochange,26838,EDM_0026837,0,0,0,0,0,0,0,0,0,CCCCCCCCCCCC,CCCCCCCCCCCC,CCCCCCCCCCCC,CCCCCCCCCCCC,0,0,0,0,0,0
478,nochange,0,,1,0,0,0,0,0,0,0,0,CCCCCCCCCCCC,,,,0,0,0,0,0,0
479,nochange,36393,EDM_0036392,0,0,0,0,0,0,0,0,0,CCCCCCCCCCCC,CCCCCCCCCCCC,CCCCCCCCCCCC,CCCCCCCCCCCC,0,0,0,0,0,0
48,nochange,110689,EDM_0110688,0,0,0,0,0,0,0,0,0,CCCCCCCCCCCC,CCCCCCCCCCCC,CCCCCCCCCCCC,CCCCCCCCCCCC,0,0,0,0,0,0
480,nochange,35380,EDM_0035379,0,0,0,0,0,0,0,0,0,CCCCCCCCCCCC,CCCCCCCCCCCC,CCCCCCCCCCCC,CCCCCCCCCCCC,0,0,0,0,0,0
481,nochange,0,,1,0,0,0,0,0,0,0,0,............,,,,0,0,0,0,0,0
482,nochange,0,,1,0,0,0,0,0,0,0,0,............,,,,0,0,0,0,0,0
483,nochange,93920,EDM_0093919,0,0,0,0,0,0,0,0,0,.CCCCCCCCCCC,CCCCCCCCCCCC,CCCCCCCCCCCC,.CCCCCCCCCCC,1,0,0,0,1,0
484,nochange,0,,1,0,0,0,0,0,0,0,0,CCCCCCC.CCCC,,,,0,1,0,0,0,0
485,nochange,32167,EDM_0032166,0,0,0,0,0,0,0,0,0,CCCCCCCCCCCC,CCCCCCCCCCCC,CCCCCCCCCCCC,CCCCCCCCCCCC,0,0,0,0,0,0
486,nochange,48786,EDM_0048785,0,0,0,0,0,0,0,0,0,CCCCCCCCCCCC,CCCCCCCCCCCC,CCCCCCCCCCCC,CCCCCCCCCCCC,0,0,0,0,0,0
487,nochange,99227,EDM_0099226,0,0,0,0,0,0,0,0,0,CCCCCCCCCCCC,CCCCCCCCCCCC,CCCCCCCCCCCC,CCCCCCCCCCCC,0,0,0,0,0,0
488,nochange,162623,EDM_0162622,0,0,0,0,0,0,0,0,0,CCCCCCCCCCCC,CCCCCCCCCCCC,CCCCCCCCCCCC,CCCCCCCCCCCC,0,0,0,0,0,0
489,nochange,0,,1,0,0,0,0,0,0,0,0,............,,,,0,0,0,0,0,0
49,nochange,0,,1,0,0,0,0,0,0,0,0,CCCCCCC.CCCC,,,,0,1,0,0,0,0
490,loss,0,,1,0,0,0,0,0,0,0,0,CCCCC.......,,,,0,0,0,0,0,0
491,nochange,1951,EDM_0001950,0,0,0,0,0,0,0,0,0,CCCCCCCCCCCC,CCCCCCCCCCCC,CCCCCCCCCCCC,CCCCCCCCCCCC,0,0,0,0,0,0
492,nochange,0,,1,0,0,0,0,0,0,0,0,....C.......,,,,0,0,0,0,0,0
493,nochange,0,,1,0,0,0,0,0,0,0,0,CCCCCCCCCCCC,,,,0,0,0,0,0,0
494,nochange,0,,1,0,0,0,0,0,0,0,0,CCCC.CC.CCCC,,,,0,2,0,0,0,0
495,nochange,0,,1,0,0,0,0,0,0,0,0,CCCCCCC.CCCC,,,,0,1,0,0,0,0
496,nochange,0,,1,0,0,0,0,0,0,0,0,CCCCCCCCCCCC,,,,0,0,0,0,0,0
497,nochange,51407,EDM_0051406,0,0,0,0,0,0,0,0,0,CCCCCCCCCCCC,CCCCCCCCCCCC,CCCCCCCCCCCC,CCCCCCCCCCCC,0,0,0,0,0,0
498,nochange,0,,1,0,0,0,0,0,0,0,0,CCCCCC......,,,,0,0,0,0,0,0
499,nochange,0,,1,0,0,0,0,0,0,0,0,CCCCCCC.CCCC,,,,0,1,0,0,0,0
5,nochange,0,,1,0,0,0,0,0,0,0,0,............,,,,0,0,0,0,0,0
50,nochange,59389,EDM_0059388,0,0,0,0,0,0,0,0,0,CCCCCCCCCCCC,CCCCCCCCCCCC,CCCCCCCCCCCC,CCCCCCCCCCCC,0,0,0,0,0,0
500,nochange,118494,EDM_0118493,0,0,0,0,0,0,0,0,0,CCCCCCCCCCCC,CCCCCCCCCCCC,CCCCCCCCCCCC,CCCCCCCCCCCC,0,0,0,0,0,0
501,nochange,162424,EDM_0162423,0,0,0,0,0,0,0,0,0,CCCCCCCCCCCC,CCCCCCCCCCCC,CCCCCCCCCCCC,CCCCCCCCCCCC,0,0,0,0,0,0
502,nochange,73639,EDM_0073638,0,0,0,0,0,0,0,0,0,CCCCCCCCCCCC,CCCCCCCCCCCC,CCCCCCCCCCCC,CCCCCCCCCCCC,0,0,0,0,0,0
503,nochange,0,,1,0,0,0,0,0,0,0,0,CCCC..C.C..C,,,,0,1,0,0,0,0
504,nochange,116686,EDM_0116685,0,0,0,0,0,0,0,0,0,CCCCCCCCCCCC,CCCCCCCCCCCC,CCCCCCCCCCCC,CCCxCCCCCCCC,0,0,0,0,0,0
505,nochange,0,,1,0,0,0,0,0,0,0,0,............,,,,0,0,0,0,0,0
506,nochange,0,,1,0,0,0,0,0,0,0,0,............,,,,0,0,0,0,0,0
507,loss,0,,1,0,0,0,0,0,0,0,0,CCCCCC......,,,,0,0,0,0,0,0
508,nochange,210440,EDM_0210439,0,0,0,0,0,0,0,0,0,CCCCCCCCCCCC,CCCCCCCCCCCC,CCCCCCCCCCCC,CCCCCCCCCCCC,0,0,0,0,0,0
509,nochange,53793,EDM_0053792,0,0,0,0,0,0,0,0,0,CCCCCCCCCCCC,CCCCCCCCCCCC,CCCCCCCCCCCC,CCCCCCCCCCCC,0,0,0,0,0,0
51,nochange,0,,1,0,0,0,0,0,0,0,0,............,,,,0,0,0,0,0,0
510,nochange,0,,1,0,0,0,0,0,0,0,0,CCCCCCCCCCCC,,,,0,0,0,0,0,0
511,nochange,0,,1,0,0,0,0,0,0,0,0,............,,,,0,0,0,0,0,0
512,nochange,6286,EDM_0006285,0,0,0,0,0,0,0,0,0,CCCCCCCCCCCC,CCCCCCCCCCCC,CCCCCCCCCCCC,CCCCCCCCCCCC,0,0,0,0,0,0
513,nochange,0,,1,0,0,0,0,0,0,0,0,............,,,,0,0,0,0,0,0
514,nochange,95449,EDM_0095448,0,0,0,0,0,0,0,0,0,CCCCCCCCCCCC,CCCCCCCCCCCC,CCCCCCCCCCCC,CCCCCCCCCCCC,0,0,0,0,0,0
515,nochange,217343,EDM_0217342,0,0,0,0,0,0,0,0,0,CCCCCCCCCCCC,CCCCCCCCCCCC,CCCCCCCCCCCC,CCCCCCCCCCCC,0,0,0,0,0,0
516,nochange,0,,1,0,0,0,0,0,0,0,0,............,,,,0,0,0,0,0,0
517,nochange,68841,EDM_0068840,0,0,0,0,0,0,0,0,0,CCCCCCCCCCCC,CCCCCCCCCCCC,CCCCCCCCCCCC,CCCCCCCCCCCC,0,0,0,0,0,0
518,nochange,102712,EDM_0102711,0,0,0,0,0,0,0,0,0,CCCCCCCCCCCC,CCCCCCCCCCCC,CCCCCCCCCCCC,CCCCCCCCCCCC,0,0,0,0,0,0
519,loss,115155,EDM_0115154,0,0,3,3,3,0,0,3,0,CCCCC.CCC...,CCCCCCCCCCCC,CCCCCCCCCCCC,CCCCC.CCC...,4,1,0,0,4,0
52,nochange,109635,EDM_0109634,0,0,0,0,0,0,0,0,0,CCCCCCCCCCCC,CCCCCCCCCCCC,CCCCCCCCCCCC,CCCCCCCCCCCC,0,0,0,0,0,0
520,nochange,177241,EDM_0177240,0,0,0,0,0,0,0,0,0,CCCCCCCCC.CC,CCCCCCCCCCCC,CCCCCCCCCCCC,CCCCCCCCCCCC,1,1,0,0,1,0
521,nochange,0,,1,0,0,0,0,0,0,0,0,CCCCCCCCCCCC,,,,0,0,0,0,0,0
522,nochange,0,,1,0,0,0,0,0,0,0,0,............,,,,0,0,0,0,0,0
523,nochange,0,,1,0,0,0,0,0,0,0,0,............,,,,0,0,0,0,0,0
524,nochange,0,,1,0,0,0,0,0,0,0,0,...C........,,,,0,0,0,0,0,0
525,nochange,0,,1,0,0,0,0,0,0,0,0,CCCCCCC.CCCC,,,,0,1,0,0,0,0
526,nochange,0,,1,0,0,0,0,0,0,0,0,............,,,,0,0,0,0,0,0
527,nochange,26887,EDM_0026886,0,0,0,0,0,0,0,0,0,CCCCCCCCCCCC,CCCCCCCCCCCC,CCCCCCCCCCCC,CCCCCCCCCCCC,0,0,0,0,0,0
528,nochange,708,EDM_0000707,0,0,0,0,0,0,0,0,0,CCCCCCCCCCCC,CCCCCCCCCCCC,CCCCCCCCCCCC,CCCCCCCCCCCC,0,0,0,0,0,0
529,nochange,5349,EDM_0005348,0,0,0,0,0,0,0,0,0,CCCCCCCCCCCC,CCCCCCCCCCCC,CCCCCCCCCCCC,CCCCCCCCCCCC,0,0,0,0,0,0
53,nochange,0,,1,0,0,0,0,0,0,0,0,............,,,,0,0,0,0,0,0
530,nochange,0,,1,0,0,0,0,0,0,0,0,............,,,,0,0,0,0,0,0
531,nochange,0,,1,0,0,0,0,0,0,0,0,............,,,,0,0,0,0,0,0
532,nochange,0,,1,0,0,0,0,0,0,0,0,CCCCCCCCCCCC,,,,0,0,0,0,0,0
533,nochange,67342,EDM_0067341,0,0,0,0,0,0,0,0,0,CCCCCCCCCCCC,CCCCCCCCCCCC,CCCCCCCCCCCC,CCCCCCCCCCCC,0,0,0,0,0,0
534,nochange,110307,EDM_0110306,0,0,0,0,0,0,0,0,0,CCCCCCCCCCCC,CCCCCCCCCCCC,CCCCCCCCCCCC,CCCCCCCCCCCC,0,0,0,0,0,0
535,nochange,137191,EDM_0137190,0,0,0,0,0,0,0,0,0,CCCCCCCCCCCC,CCCCCCCCCCCC,CCCCCCCCCCCC,CCCCCCCCCCCC,0,0,0,0,0,0
536,nochange,0,,1,0,0,0,0,0,0,0,0,............,,,,0,0,0,0,0,0
537,nochange,0,,1,0,0,0,0,0,0,0,0,............,,,,0,0,0,0,0,0
538,nochange,209189,EDM_0209188,0,0,0,0,0,0,0,0,0,CCCCCCCCCCCC,CCCCCCCCCCCC,CCCCCCCCCCCC,CCCCCCCCCCCC,0,0,0,0,0,0
539,nochange,0,,1,0,0,0,0,0,0,0,0,............,,,,0,0,0,0,0,0
54,nochange,158506,EDM_0158505,0,0,0,0,0,0,0,0,0,.CCCCCCCCCCC,CCCCCCCCCCCC,CCCCCCCCCCCC,CCCCCCCCCCCC,1,0,0,0,1,0
540,nochange,0,,1,0,0,0,0,0,0,0,0,............,,,,0,0,0,0,0,0
541,nochange,0,,1,0,0,0,0,0,0,0,0,CCCCCCCCCCCC,,,,0,0,0,0,0,0
542,nochange,0,,1,0,0,0,0,0,0,0,0,CCCCCCCCCCCC,,,,0,0,0,0,0,0
543,nochange,109744,EDM_0109743,0,0,0,0,0,0,0,0,0,CCCCCCCCCCCC,CCCCCCCCCCCC,CCCCCCCCCCCC,CCCCCCCCCCCC,0,0,0,0,0,0
544,nochange,0,,1,0,0,0,0,0,0,0,0,............,,,,0,0,0,0,0,0
545,nochange,0,,1,0,0,0,0,0,0,0,0,CCCCCCCCCCCC,,,,0,0,0,0,0,0
546,nochange,141167,EDM_0141166,0,0,0,0,0,0,0,0,0,CCCCCCCCCCCC,CCCCCCCCCCCC,CCCCCCCCCCCC,CCCCCCCCCCCC,0,0,0,0,0,0
547,nochange,152165,EDM_0152164,0,0,0,0,0,0,0,0,0,CCCC.CCCCCCC,CCCCCCCCCCCC,CCCCCCCCCCCC,CCCCxCCCCCCC,1,1,0,0,1,0
548,nochange,0,,1,0,0,0,0,0,0,0,0,............,,,,0,0,0,0,0,0
55,nochange,220301,EDM_0220300,0,0,0,0,0,0,0,0,0,CCCCCCCCCCCC,CCCCCCCCCCCC,CCCCCCCCCCCC,CCCCCCCCCCCC,0,0,0,0,0,0
550,nochange,0,,1,0,0,0,0,0,0,0,0,...........C,,,,0,0,0,0,0,0
551,nochange,23547,EDM_0023546,0,0,0,0,0,0,0,0,0,CCCCCCCCCCCC,CCCCCCCCCCCC,CCCCCCCCCCCC,CCCCCCCCCCCC,0,0,0,0,0,0
552,nochange,0,,1,0,0,0,0,0,0,0,0,............,,,,0,0,0,0,0,0
553,nochange,169837,EDM_0169836,0,0,0,0,0,0,0,0,0,CCCCCCCCCCCC,CCCCCCCCCCCC,CCCCCCCCCCCC,CCCCCCCCCCCC,0,0,0,0,0,0
554,nochange,0,,1,0,0,0,0,0,0,0,0,............,,,,0,0,0,0,0,0
555,nochange,216343,EDM_0216342,0,0,0,0,0,0,0,0,0,CCCCCCCCCCCC,CCCCCCCCCCCC,CCCCCCCCCCCC,CCCCCCCCCCCC,0,0,0,0,0,0
556,nochange,0,,1,0,0,0,0,0,0,0,0,CCC..C.C....,,,,0,1,0,0,0,0
557,nochange,17464,EDM_0017463,0,0,0,0,0,0,0,0,0,CCCCCCCCCCCC,CCCCCCCCCCCC,CCCCCCCCCCCC,CCCCCCCCCCCC,0,0,0,0,0,0
558,nochange,0,,1,0,0,0,0,0,0,0,0,............,,,,0,0,0,0,0,0
559,nochange,115492,EDM_0115491,0,0,0,0,0,0,0,0,0,CCCCCCCCCCCC,CCCCCCCCCCCC,CCCCCCCCCCCC,CCCCCCCCCCCC,0,0,0,0,0,0
56,nochange,0,,1,0,0,0,0,0,0,0,0,CC....C.CCCC,,,,0,1,0,0,0,0
561,nochange,173747,EDM_0173746,0,0,0,0,0,0,0,0,0,CCCCCCCCCCCC,CCCCCCCCCCCC,CCCCCCCCCCCC,CCCCCCCCCCCC,0,0,0,0,0,0
562,nochange,2301,EDM_0002300,0,0,0,0,0,0,0,0,0,CCCCCCCCCCCC,CCCCCCCCCCCC,CCCCCCCCCCCC,CCCCCCCCCCCC,0,0,0,0,0,0
563,nochange,0,,1,0,0,0,0,0,0,0,0,CCCCCCC.CCCC,,,,0,1,0,0,0,0
564,nochange,0,,1,0,0,0,0,0,0,0,0,CCC.C.......,,,,0,1,0,0,0,0
565,nochange,0,,1,0,0,0,0,0,0,0,0,CCCCC.CCCCCC,,,,0,1,0,0,0,0
566,nochange,97472,EDM_0097471,0,0,0,0,0,0,0,0,0,CCCCCCCCCCCC,CCCCCCCCCCCC,CCCCCCCCCCCC,CCCCCCCCCCCC,0,0,0,0,0,0
567,nochange,0,,1,0,0,0,0,0,0,0,0,............,,,,0,0,0,0,0,0
568,nochange,8120,EDM_0008119,0,0,0,0,0,0,0,0,0,CCCCCCCCCCCC,CCCCCCCCCCCC,CCCCCCCCCCCC,CCCCCCCCCCCC,0,0,0,0,0,0
569,nochange,110542,EDM_0110541,0,0,0,0,0,0,0,0,0,CCCCCCCCCCCC,CCCCCCCCCCCC,CCCCCCCCCCCC,CCCCCCCCCCxC,0,0,0,0,0,0
57,nochange,115619,EDM_0115618,0,0,0,0,0,0,0,0,0,CCCCCCCCCCCC,CCCCCCCCCCCC,CCCCCCCCCCCC,CCCCCCCCCCCC,0,0,0,0,0,0
570,nochange,109589,EDM_0109588,0,0,0,0,0,0,0,0,0,CCCCCCCCCCCC,CCCCCCCCCCCC,CCCCCCCCCCCC,CCCCCCCCCCCC,0,0,0,0,0,0
571,nochange,0,,1,0,0,0,0,0,0,0,0,............,,,,0,0,0,0,0,0
572,nochange,0,,1,0,0,0,0,0,0,0,0,CCCC..C.CCCC,,,,0,1,0,0,0,0
573,nochange,113867,EDM_0113866,0,0,0,0,0,0,0,0,0,CCCCCCCCC.CC,CCCCCCCCCCCC,CCCCCCCCCCCC,CCCCCCCCCCCC,1,1,0,0,1,0
574,nochange,0,,1,0,0,0,0,0,0,0,0,............,,,,0,0,0,0,0,0
575,nochange,0,,1,0,0,0,0,0,0,0,0,............,,,,0,0,0,0,0,0
577,nochange,0,,1,0,0,0,0,0,0,0,0,............,,,,0,0,0,0,0,0
578,nochange,53285,EDM_0053284,0,0,0,0,0,0,0,0,0,CCCCCCCCCCCC,CCCCCCCCCCCC,CCCCCCCCCCCC,CCCCCCCCCCCC,0,0,0,0,0,0
579,nochange,0,,1,0,0,0,0,0,0,0,0,CCCCCCCCCCCC,,,,0,0,0,0,0,0
58,nochange,57277,EDM_0057276,0,0,0,0,0,0,0,0,0,CCCCCCCCCCCC,CCCCCCCCCCCC,CCCCCCCCCCCC,CCCCCCCCCCCC,0,0,0,0,0,0
580,nochange,0,,1,0,0,0,0,0,0,0,0,............,,,,0,0,0,0,0,0
581,nochange,26895,EDM_0026894,0,0,0,0,0,0,0,0,0,CCCCCCCCCCCC,CCCCCCCCCCCC,CCCCCCCCCCCC,CCCCCCCCCCCC,0,0,0,0,0,0
582,nochange,18533,EDM_0018532,0,0,0,0,0,0,0,0,0,CCCCCCCCCCCC,CCCCCCCCCCCC,CCCCCCCCCCCC,CCCCCCCCCCCC,0,0,0,0,0,0
583,nochange,118550,EDM_0118549,0,0,0,0,0,0,0,0,0,CCCCCCCCCCCC,CCCCCCCCCCCC,CCCCCCCCCCCC,CCCCCCCCCCCC,0,0,0,0,0,0
584,nochange,0,,1,0,0,0,0,0,0,0,0,CCCCCC..C..C,,,,0,0,0,0,0,0
585,nochange,0,,1,0,0,0,0,0,0,0,0,CCCCC.CCC.CC,,,,0,2,0,0,0,0
586,loss,0,,1,0,0,0,0,0,0,0,0,CCCCCC...C..,,,,0,0,0,0,0,0
587,nochange,0,,1,0,0,0,0,0,0,0,0,............,,,,0,0,0,0,0,0
588,nochange,74630,EDM_0074629,0,0,0,0,0,0,0,0,0,CCCCCCCCCCCC,CCCCCCCCCCCC,CCCCCCCCCCCC,CCCCCCCCCCCC,0,0,0,0,0,0
589,nochange,0,,1,0,0,0,0,0,0,0,0,............,,,,0,0,0,0,0,0
59,nochange,0,,1,0,0,0,0,0,0,0,0,......C.....,,,,0,0,0,0,0,0
590,nochange,0,,1,0,0,0,0,0,0,0,0,............,,,,0,0,0,0,0,0
591,nochange,176460,EDM_0176459,0,0,0,0,0,0,0,0,0,CCCCCCCCCCCC,CCCCCCCCCCCC,CCCCCCCCCCCC,CCCCCCCCCCCC,0,0,0,0,0,0
592,nochange,181877,EDM_0181876,0,0,0,0,0,0,0,0,0,CCC.C.CCC.CC,CCCCCCCCCCCC,CCCCCCCCCCCC,CCCxCCCCCCCC,3,3,0,0,3,0
593,loss,191217,EDM_0191216,0,0,4,4,4,0,0,4,0,CCCCCCCC....,CCCCCCCCCCCC,CCCCCCCCCCCC,CCCCCCCC....,4,0,0,0,4,0
594,nochange,25787,EDM_0025786,0,0,1,1,1,0,1,0,0,CCCCCCCCCCC.,CCCCCCCCCCCC,CCCCCCCCCCCC,CCCCCCCCCCCC,1,0,0,0,1,0
595,nochange,0,,1,0,0,0,0,0,0,0,0,........C...,,,,0,0,0,0,0,0
596,nochange,0,,1,0,0,0,0,0,0,0,0,CCC.C.C.CC.C,,,,0,4,0,0,0,0
597,nochange,31317,EDM_0031316,0,0,0,0,0,0,0,0,0,CCCCCCCCCCCC,CCCCCCCCCCCC,CCCCCCCCCCCC,CCCCCCCCCCCC,0,0,0,0,0,0
598,nochange,0,,1,0,0,0,0,0,0,0,0,CCCCCCCCCCCC,,,,0,0,0,0,0,0
599,nochange,0,,1,0,0,0,0,0,0,0,0,............,,,,0,0,0,0,0,0
6,nochange,17091,EDM_0017090,0,0,0,0,0,0,0,0,0,CCCCCCCCCCCC,CCCCCCCCCCCC,CCCCCCCCCCCC,CCCCCCCCCCCC,0,0,0,0,0,0
60,nochange,113155,EDM_0113154,0,0,0,0,0,0,0,0,0,CCCCCCCCCCCC,CCCCCCCCCCCC,CCCCCCCCCCCC,CCCCCCCCCCCC,0,0,0,0,0,0
600,nochange,16263,EDM_0016262,0,0,0,0,0,0,0,0,0,CCCCCCCCCCCC,CCCCCCCCCCCC,CCCCCCCCCCCC,CCCCCCCCCCCC,0,0,0,0,0,0
601,nochange,219556,EDM_0219555,0,0,0,0,0,0,0,0,0,CCCCCCCCCCCC,CCCCCCCCCCCC,CCCCCCCCCCCC,CCCCCCCCCCCC,0,0,0,0,0,0
602,nochange,0,,1,0,0,0,0,0,0,0,0,CCCCCCCCCCCC,,,,0,0,0,0,0,0
603,nochange,0,,1,0,0,0,0,0,0,0,0,...C........,,,,0,0,0,0,0,0
604,loss,55976,EDM_0055975,0,0,4,4,4,0,3,0,1,CCCCCCCC....,CCCCCCCCCCCC,CCCCCCCCCCCC,CCCCCCCCCCxC,4,0,0,0,4,0
605,nochange,0,,1,0,0,0,0,0,0,0,0,............,,,,0,0,0,0,0,0
606,nochange,0,,1,0,0,0,0,0,0,0,0,CCCC....C...,,,,0,0,0,0,0,0
607,nochange,0,,1,0,0,0,0,0,0,0,0,............,,,,0,0,0,0,0,0
608,nochange,0,,1,0,0,0,0,0,0,0,0,CCCC........,,,,0,0,0,0,0,0
609,nochange,0,,1,0,0,0,0,0,0,0,0,............,,,,0,0,0,0,0,0
61,nochange,67114,EDM_0067113,0,0,0,0,0,0,0,0,0,CCCCCCCCCCCC,CCCCCCCCCCCC,CCCCCCCCCCCC,CCCCCCCCCCCC,0,0,0,0,0,0
610,nochange,56258,EDM_0056257,0,0,0,0,0,0,0,0,0,CCCCCCCCCCCC,CCCCCCCCCCCC,CCCCCCCCCCCC,CCCCCCCCCCCC,0,0,0,0,0,0
611,nochange,0,,1,0,0,0,0,0,0,0,0,CCC.........,,,,0,0,0,0,0,0
612,nochange,2154,EDM_0002153,0,0,0,0,0,0,0,0,0,CCCCCCCCCCCC,CCCCCCCCCCCC,CCCCCCCCCCCC,CCCCCCCCCCCC,0,0,0,0,0,0
613,nochange,15962,EDM_0015961,0,0,0,0,0,0,0,0,0,CCCCCCCCCCCC,CCCCCCCCCCCC,CCCCCCCCCCCC,CCCCCCCCCCCC,0,0,0,0,0,0
615,nochange,0,,1,0,0,0,0,0,0,0,0,............,,,,0,0,0,0,0,0
616,nochange,0,,1,0,0,0,0,0,0,0,0,............,,,,0,0,0,0,0,0
617,nochange,0,,1,0,0,0,0,0,0,0,0,............,,,,0,0,0,0,0,0
618,nochange,137483,EDM_0137482,0,0,0,0,0,0,0,0,0,CCCCCCCCCCCC,CCCCCCCCCCCC,CCCCCCCCCCCC,CCCCCCCCCCCC,0,0,0,0,0,0
619,nochange,183782,EDM_0183781,0,0,0,0,0,0,0,0,0,CCCCCCCCCCCC,CCCCCCCCCCCC,CCCCCCCCCCCC,CCCCCCCCCCCC,0,0,0,0,0,0
62,nochange,0,,1,0,0,0,0,0,0,0,0,............,,,,0,0,0,0,0,0
620,nochange,0,,1,0,0,0,0,0,0,0,0,............,,,,0,0,0,0,0,0
621,nochange,219022,EDM_0219021,0,0,0,0,0,0,0,0,0,CCCCCCCCCCCC,CCCCCCCCCCCC,CCCCCCCCCCCC,CCCCCCCCCCCC,0,0,0,0,0,0
622,nochange,64906,EDM_0064905,0,0,0,0,0,0,0,0,0,CCCCCCCCCCCC,CCCCCCCCCCCC,CCCCCCCCCCCC,CCCCCCCCCCCC,0,0,0,0,0,0
623,nochange,67555,EDM_0067554,0,0,0,0,0,0,0,0,0,CCCCCCCCCCCC,CCCCCCCCCCCC,CCCCCCCCCCCC,CCCCCCCCCCCC,0,0,0,0,0,0
624,nochange,0,,1,0,0,0,0,0,0,0,0,............,,,,0,0,0,0,0,0
625,nochange,0,,1,0,0,0,0,0,0,0,0,............,,,,0,0,0,0,0,0
626,nochange,32641,EDM_0032640,0,0,0,0,0,0,0,0,0,CCCCCCCCCCCC,CCCCCCCCCCCC,CCCCCCCCCCCC,CCCCCCCCCCCC,0,0,0,0,0,0
627,nochange,0,,1,0,0,0,0,0,0,0,0,CCCCCC..C..C,,,,0,0,0,0,0,0
628,nochange,23486,EDM_0023485,0,0,0,0,0,0,0,0,0,CCCCCCCCCCCC,CCCCCCCCCCCC,CCCCCCCCCCCC,CCCCCCCCCCCC,0,0,0,0,0,0
629,nochange,0,,1,0,0,0,0,0,0,0,0,....C.C.....,,,,0,1,0,0,0,0
63,nochange,0,,1,0,0,0,0,0,0,0,0,CCCCCCCCCCCC,,,,0,0,0,0,0,0
630,nochange,0,,1,0,0,0,0,0,0,0,0,............,,,,0,0,0,0,0,0
631,nochange,0,,1,0,0,0,0,0,0,0,0,............,,,,0,0,0,0,0,0
632,nochange,0,,1,0,0,0,0,0,0,0,0,............,,,,0,0,0,0,0,0
633,nochange,0,,1,0,0,0,0,0,0,0,0,...C.CC.....,,,,0,1,0,0,0,0
634,nochange,209882,EDM_0209881,0,0,0,0,0,0,0,0,0,CCCCCCCCCCCC,CCCCCCCCCCCC,CCCCCCCCCCCC,CCCCCCCCCCCC,0,0,0,0,0,0
635,nochange,0,,1,0,0,0,0,0,0,0,0,CCCCCCC.CCCC,,,,0,1,0,0,0,0
636,nochange,0,,1,0,0,0,0,0,0,0,0,............,,,,0,0,0,0,0,0
637,nochange,108025,EDM_0108024,0,0,0,0,0,0,0,0,0,CCCCCCCCCCCC,CCCCCCCCCCCC,CCCCCCCCCCCC,CCCCCCCCCCCC,0,0,0,0,0,0
638,nochange,118800,EDM_0118799,0,0,0,0,0,0,0,0,0,CCCCCCCCCCCC,CCCCCCCCCCCC,CCCCCCCCCCCC,CCCCCCCCCCCC,0,0,0,0,0,0
639,nochange,183900,EDM_0183899,0,0,0,0,0,0,0,0,0,CCCCCCCCCCCC,CCCCCCCCCCCC,CCCCCCCCCCCC,CCCCCCCCCCCC,0,0,0,0,0,0
64,nochange,369,EDM_0000368,0,0,0,0,0,0,0,0,0,CCCCCCCCCCCC,CCCCCCCCCCCC,CCCCCCCCCCCC,CCCCCCCCCCCC,0,0,0,0,0,0
640,nochange,0,,1,0,0,0,0,0,0,0,0,.C..CCC.C.CC,,,,0,2,0,0,0,0
641,nochange,0,,1,0,0,0,0,0,0,0,0,............,,,,0,0,0,0,0,0
642,nochange,215590,EDM_0215589,0,0,0,0,0,0,0,0,0,CCCCCCCCCCCC,CCCCCCCCCCCC,CCCCCCCCCCCC,CCCCCCCCCCCC,0,0,0,0,0,0
643,nochange,0,,1,0,0,0,0,0,0,0,0,CCCCCCCCCCCC,,,,0,0,0,0,0,0
644,nochange,0,,1,0,0,0,0,0,0,0,0,CCCCCCCCCCCC,,,,0,0,0,0,0,0
645,nochange,215708,EDM_0215707,0,0,0,0,0,0,0,0,0,CCCCCCCCCCCC,CCCCCCCCCCCC,CCCCCCCCCCCC,CCCCCCCCCCCC,0,0,0,0,0,0
646,nochange,0,,1,0,0,0,0,0,0,0,0,............,,,,0,0,0,0,0,0
647,nochange,0,,1,0,0,0,0,0,0,0,0,..C...C.....,,,,0,0,0,0,0,0
648,nochange,0,,1,0,0,0,0,0,0,0,0,CCCCCCCCCCCC,,,,0,0,0,0,0,0
649,nochange,0,,1,0,0,0,0,0,0,0,0,............,,,,0,0,0,0,0,0
65,loss,191217,EDM_0191216,0,0,4,4,4,0,0,4,0,CCCCCCCC....,CCCCCCCCCCCC,CCCCCCCCCCCC,CCCCCCCC....,4,0,0,0,4,0
650,nochange,0,,1,0,0,0,0,0,0,0,0,CCCCCCC.CCCC,,,,0,1,0,0,0,0
651,nochange,0,,1,0,0,0,0,0,0,0,0,............,,,,0,0,0,0,0,0
652,nochange,0,,1,0,0,0,0,0,0,0,0,CCCCCCCCCCCC,,,,0,0,0,0,0,0
653,nochange,116355,EDM_0116354,0,0,0,0,0,0,0,0,0,CCCCCCCCCCCC,CCCCCCCCCCCC,CCCCCCCCCCCC,CCCCCCCCCCCC,0,0,0,0,0,0
654,nochange,0,,1,0,0,0,0,0,0,0,0,CCCCCC.CCCCC,,,,0,1,0,0,0,0
655,nochange,166575,EDM_0166574,0,0,0,0,0,0,0,0,0,CCCCCCCCCCCC,CCCCCCCCCCCC,CCCCCCCCCCCC,CCCCCCCCCCCC,0,0,0,0,0,0
656,loss,0,,1,0,0,0,0,0,0,0,0,CCCCCCC.....,,,,0,0,0,0,0,0
658,nochange,60563,EDM_0060562,0,0,0,0,0,0,0,0,0,CCCCCCCCCCCC,CCCCCCCCCCCC,CCCCCCCCCCCC,CCCCCCCCCCCC,0,0,0,0,0,0
659,nochange,0,,1,0,0,0,0,0,0,0,0,............,,,,0,0,0,0,0,0
66,nochange,118810,EDM_0118809,0,0,0,0,0,0,0,0,0,CCCCCCCCCCCC,CCCCCCCCCCCC,CCCCCCCCCCCC,CCCCCCCCCCCC,0,0,0,0,0,0
660,nochange,158770,EDM_0158769,0,0,0,0,0,0,0,0,0,CCCCCCCCCCCC,CCCCCCCCCCCC,CCCCCCCCCCCC,CCCCCCCCCCCC,0,0,0,0,0,0
661,nochange,0,,1,0,0,0,0,0,0,0,0,............,,,,0,0,0,0,0,0
662,nochange,0,,1,0,0,0,0,0,0,0,0,CCCCCCC.CC.C,,,,0,2,0,0,0,0
663,nochange,60532,EDM_0060531,0,0,0,0,0,0,0,0,0,CCCCCCCCCCCC,CCCCCCCCCCCC,CCCCCCCCCCCC,CCCCCCCCCCCC,0,0,0,0,0,0
664,nochange,36029,EDM_0036028,0,0,0,0,0,0,0,0,0,CCCCCCCCCCCC,CCCCCCCCCCCC,CCCCCCCCCCCC,CCCCCCCCCCCC,0,0,0,0,0,0
665,nochange,59544,EDM_0059543,0,0,0,0,0,0,0,0,0,CCCCCCCCCCCC,CCCCCCCCCCCC,CCCCCCCCCCCC,CCCCCCCCCCCC,0,0,0,0,0,0
666,nochange,3801,EDM_0003800,0,0,0,0,0,0,0,0,0,CCCCCCCCCCCC,CCCCCCCCCCCC,CCCCCCCCCCCC,CCCCCCCCCCCC,0,0,0,0,0,0
667,nochange,0,,1,0,0,0,0,0,0,0,0,............,,,,0,0,0,0,0,0
668,nochange,0,,1,0,0,0,0,0,0,0,0,............,,,,0,0,0,0,0,0
669,nochange,0,,1,0,0,0,0,0,0,0,0,............,,,,0,0,0,0,0,0
67,nochange,144586,EDM_0144585,0,0,0,0,0,0,0,0,0,CCCCCCCCCCCC,CCCCCCCCCCCC,CCCCCCCCCCCC,CCCCCCCCCCCC,0,0,0,0,0,0
670,nochange,121747,EDM_0121746,0,0,0,0,0,0,0,0,0,..CCCCCCCCCC,CCCCCCCCCCCC,CCCCCCCCCCCC,.CCxCCCCCCCC,2,0,0,0,2,0
671,nochange,0,,1,0,0,0,0,0,0,0,0,CCCCC.CCCCCC,,,,0,1,0,0,0,0
672,nochange,0,,1,0,0,0,0,0,0,0,0,............,,,,0,0,0,0,0,0
673,nochange,0,,1,0,0,0,0,0,0,0,0,............,,,,0,0,0,0,0,0
674,nochange,15032,EDM_0015031,0,0,0,0,0,0,0,0,0,CCCCCCCCCCCC,CCCCCCCCCCCC,CCCCCCCCCCCC,CCCCCCCCCCCC,0,0,0,0,0,0
675,nochange,0,,1,0,0,0,0,0,0,0,0,............,,,,0,0,0,0,0,0
676,nochange,0,,1,0,0,0,0,0,0,0,0,CCCCCCC.CCCC,,,,0,1,0,0,0,0
677,nochange,159339,EDM_0159338,0,0,0,0,0,0,0,0,0,CCCCCCCCCCCC,CCCCCCCCCCCC,CCCCCCCCCCCC,CCCCCCCCCCCC,0,0,0,0,0,0
678,nochange,282,EDM_0000281,0,0,0,0,0,0,0,0,0,CCCCCCCCCCCC,CCCCCCCCCCCC,CCCCCCCCCCCC,CCCCCCCCCCCC,0,0,0,0,0,0
679,nochange,107062,EDM_0107061,0,0,0,0,0,0,0,0,0,CCCCCCCCCCCC,CCCCCCCCCCCC,CCCCCCCCCCCC,CCCCCCCCCCCC,0,0,0,0,0,0
68,nochange,0,,1,0,0,0,0,0,0,0,0,............,,,,0,0,0,0,0,0
680,nochange,0,,1,0,0,0,0,0,0,0,0,............,,,,0,0,0,0,0,0
681,nochange,0,,1,0,0,0,0,0,0,0,0,............,,,,0,0,0,0,0,0
682,nochange,209487,EDM_0209486,0,0,0,0,0,0,0,0,0,CCCCCCCCCCCC,CCCCCCCCCCCC,CCCCCCCCCCCC,CCCCCCCCCCCC,0,0,0,0,0,0
683,nochange,0,,1,0,0,0,0,0,0,0,0,............,,,,0,0,0,0,0,0
684,nochange,0,,1,0,0,0,0,0,0,0,0,............,,,,0,0,0,0,0,0
685,nochange,53564,EDM_0053563,0,0,0,0,0,0,0,0,0,CCCCCCCCCCCC,CCCCCCCCCCCC,CCCCCCCCCCCC,CCCCCCCCCCCC,0,0,0,0,0,0
686,nochange,0,,1,0,0,0,0,0,0,0,0,....C.......,,,,0,0,0,0,0,0
687,nochange,0,,1,0,0,0,0,0,0,0,0,.C..CCCCCCCC,,,,0,0,0,0,0,0
688,nochange,93116,EDM_0093115,0,0,0,0,0,0,0,0,0,CCCCCCCCC.CC,CCCCCCCCCCCC,CCCCCCCCCCCC,CCCCCCCCCCCC,1,1,0,0,1,0
689,nochange,0,,1,0,0,0,0,0,0,0,0,CCCCCCC.CCCC,,,,0,1,0,0,0,0
69,nochange,0,,1,0,0,0,0,0,0,0,0,............,,,,0,0,0,0,0,0
690,nochange,0,,1,0,0,0,0,0,0,0,0,C.C.....CC.C,,,,0,2,0,0,0,0
691,nochange,0,,1,0,0,0,0,0,0,0,0,CCCC..C.CCCC,,,,0,1,0,0,0,0
693,nochange,25827,EDM_0025826,0,0,0,0,0,0,0,0,0,CCCCCCCCCCCC,CCCCCCCCCCCC,CCCCCCCCCCCC,CCCCCCCCCCCC,0,0,0,0,0,0
694,loss,0,,1,0,0,0,0,0,0,0,0,CCCCCCCCCCC.,,,,0,0,0,0,0,0
695,nochange,0,,1,0,0,0,0,0,0,0,0,CCCCCCC.CCCC,,,,0,1,0,0,0,0
696,nochange,0,,1,0,0,0,0,0,0,0,0,............,,,,0,0,0,0,0,0
697,nochange,0,,1,0,0,0,0,0,0,0,0,....C.......,,,,0,0,0,0,0,0
698,nochange,0,,1,0,0,0,0,0,0,0,0,............,,,,0,0,0,0,0,0
699,nochange,170367,EDM_0170366,0,0,0,0,0,0,0,0,0,CCCCCCCCCCCC,CCCCCCCCCCCC,CCCCCCCCCCCC,CCCCCCCCCCCC,0,0,0,0,0,0
7,nochange,60078,EDM_0060077,0,0,0,0,0,0,0,0,0,CCCCCCCCCCCC,CCCCCCCCCCCC,CCCCCCCCCCCC,CCCCCCCCCCCC,0,0,0,0,0,0
70,nochange,0,,1,0,0,0,0,0,0,0,0,CCCCCCCCCCCC,,,,0,0,0,0,0,0
700,loss,0,,1,0,0,0,0,0,0,0,0,.CC.CCC.....,,,,0,1,0,0,0,0
701,nochange,0,,1,0,0,0,0,0,0,0,0,............,,,,0,0,0,0,0,0
702,nochange,0,,1,0,0,0,0,0,0,0,0,............,,,,0,0,0,0,0,0
703,nochange,0,,1,0,0,0,0,0,0,0,0,.CC.....C...,,,,0,0,0,0,0,0
704,nochange,0,,1,0,0,0,0,0,0,0,0,............,,,,0,0,0,0,0,0
705,nochange,0,,1,0,0,0,0,0,0,0,0,............,,,,0,0,0,0,0,0
706,nochange,0,,1,0,0,0,0,0,0,0,0,..C.........,,,,0,0,0,0,0,0
707,nochange,0,,1,0,0,0,0,0,0,0,0,CCCCC.CCCCCC,,,,0,1,0,0,0,0
708,nochange,0,,1,0,0,0,0,0,0,0,0,....C.CCCCCC,,,,0,1,0,0,0,0
709,nochange,0,,1,0,0,0,0,0,0,0,0,............,,,,0,0,0,0,0,0
71,nochange,0,,1,0,0,0,0,0,0,0,0,............,,,,0,0,0,0,0,0
710,nochange,206480,EDM_0206479,0,0,0,0,0,0,0,0,0,CCCCCCC.CCCC,CCCCCCCCCCCC,CCCCCCCCCCCC,CCCCCCCCCCCC,1,1,0,0,1,0
711,nochange,0,,1,0,0,0,0,0,0,0,0,............,,,,0,0,0,0,0,0
712,nochange,0,,1,0,0,0,0,0,0,0,0,C.....CCC...,,,,0,0,0,0,0,0
713,nochange,0,,1,0,0,0,0,0,0,0,0,............,,,,0,0,0,0,0,0
714,nochange,0,,1,0,0,0,0,0,0,0,0,............,,,,0,0,0,0,0,0
715,nochange,0,,1,0,0,0,0,0,0,0,0,............,,,,0,0,0,0,0,0
716,nochange,100475,EDM_0100474,0,0,0,0,0,0,0,0,0,.CC.CCCC...C,CCCCCCCCCCCC,CCCCCCCCCCCC,xCC.CCCCx..C,5,1,0,0,5,0
717,nochange,0,,1,0,0,0,0,0,0,0,0,..C.........,,,,0,0,0,0,0,0
718,nochange,0,,1,0,0,0,0,0,0,0,0,............,,,,0,0,0,0,0,0
719,nochange,0,,1,0,0,0,0,0,0,0,0,............,,,,0,0,0,0,0,0
72,nochange,0,,1,0,0,0,0,0,0,0,0,CCCCCCC.CCCC,,,,0,1,0,0,0,0
720,nochange,197960,EDM_0197959,0,0,0,0,0,0,0,0,0,.CCC.CC....C,CCCCCCCCCCCC,CCCCCCCCCCCC,.CCC.CCx...C,6,1,0,0,6,0
721,nochange,8188,EDM_0008187,0,0,0,0,0,0,0,0,0,CCCCCCCCCCCC,CCCCCCCCCCCC,CCCCCCCCCCCC,CCCCCCCCCCCC,0,0,0,0,0,0
722,nochange,0,,1,0,0,0,0,0,0,0,0,CCCCC.C.C..C,,,,0,2,0,0,0,0
723,nochange,0,,1,0,0,0,0,0,0,0,0,CCCCCCCCCCCC,,,,0,0,0,0,0,0
724,nochange,0,,1,0,0,0,0,0,0,0,0,............,,,,0,0,0,0,0,0
725,nochange,0,,1,0,0,0,0,0,0,0,0,............,,,,0,0,0,0,0,0
726,nochange,0,,1,0,0,0,0,0,0,0,0,............,,,,0,0,0,0,0,0
727,nochange,0,,1,0,0,0,0,0,0,0,0,.C.......C..,,,,0,0,0,0,0,0
728,nochange,190341,EDM_0190340,0,0,0,0,0,0,0,0,0,CCCCCCCCCCCC,CCCCCCCCCCCC,CCCCCCCCCCCC,CCCCCCCCCCCC,0,0,0,0,0,0
729,nochange,0,,1,0,0,0,0,0,0,0,0,C..C....C...,,,,0,0,0,0,0,0
73,nochange,183888,EDM_0183887,0,0,0,0,0,0,0,0,0,CC...CCCCCCC,CCCCCCCCCCCC,CCCCCCCCCCCC,CCxxxCCCCCCC,3,0,0,0,3,0
730,nochange,0,,1,0,0,0,0,0,0,0,0,............,,,,0,0,0,0,0,0
731,nochange,0,,1,0,0,0,0,0,0,0,0,...C........,,,,0,0,0,0,0,0
732,nochange,0,,1,0,0,0,0,0,0,0,0,............,,,,0,0,0,0,0,0
734,nochange,44115,EDM_0044114,0,0,0,0,0,0,0,0,0,CCCCCCCCCCCC,CCCCCCCCCCCC,CCCCCCCCCCCC,CCCCCCCCCCCC,0,0,0,0,0,0
735,nochange,54136,EDM_0054135,0,0,0,0,0,0,0,0,0,CCCCCCCCCCCC,CCCCCCCCCCCC,CCCCCCCCCCCC,CCCCCCCCCCCC,0,0,0,0,0,0
736,nochange,0,,1,0,0,0,0,0,0,0,0,......C.C...,,,,0,1,0,0,0,0
737,loss,129267,EDM_0129266,0,0,2,2,2,0,1,0,1,C...C.CCCC..,CCCCCCCCCCCC,CCCCCCCCCCCC,CCCCCCCCCCxC,6,1,0,0,6,0
738,nochange,0,,1,0,0,0,0,0,0,0,0,..CCC...C...,,,,0,0,0,0,0,0
739,nochange,0,,1,0,0,0,0,0,0,0,0,...C........,,,,0,0,0,0,0,0
74,nochange,180866,EDM_0180865,0,0,1,1,1,0,1,0,0,.C...CCC.CC.,CCCCCCCCCCCC,CCCCCCCCCCCC,CCCCCCCCCCCC,6,1,0,0,6,0
740,nochange,0,,1,0,0,0,0,0,0,0,0,C.C.........,,,,0,1,0,0,0,0
741,nochange,195280,EDM_0195279,0,0,3,3,3,0,1,1,1,.....CCCC...,CCCCCCCCCCCC,CCCCCCCCCCCC,.xC.xCCCCC.x,8,0,0,0,8,0
742,nochange,0,,1,0,0,0,0,0,0,0,0,............,,,,0,0,0,0,0,0
743,nochange,0,,1,0,0,0,0,0,0,0,0,...C.CC.C..C,,,,0,2,0,0,0,0
744,nochange,0,,1,0,0,0,0,0,0,0,0,........C..C,,,,0,0,0,0,0,0
745,nochange,0,,1,0,0,0,0,0,0,0,0,............,,,,0,0,0,0,0,0
746,nochange,43402,EDM_0043401,0,0,0,0,0,0,0,0,0,CCCCCCCCC..C,CCCCCCCCCCCC,CCCCCCCCCCCC,CCCCCCCCCCCC,2,0,0,0,2,0
747,nochange,66738,EDM_0066737,0,0,5,0,1,0,0,0,0,..C.CCC.....,CCCCCCCAAAAA,CCCCCCCC....,.CCxCCC.....,3,1,0,0,3,0
748,nochange,0,,1,0,0,0,0,0,0,0,0,............,,,,0,0,0,0,0,0
749,loss,0,,1,0,0,0,0,0,0,0,0,.CC.CCC.C...,,,,0,2,0,0,0,0
75,nochange,0,,1,0,0,0,0,0,0,0,0,............,,,,0,0,0,0,0,0
750,nochange,91087,EDM_0091086,0,0,0,0,0,0,0,0,0,CCCCCCCCCCCC,CCCCCCCCCCCC,CCCCCCCCCCCC,CCCCCCCCCCCC,0,0,0,0,0,0
751,nochange,0,,1,0,0,0,0,0,0,0,0,............,,,,0,0,0,0,0,0
752,nochange,206503,EDM_0206502,0,0,0,0,0,0,0,0,0,..CC.C.CCCCC,CCCCCCCCCCCC,CCCCCCCCCCCC,.CCCCCCCCCCC,4,2,0,0,4,0
753,nochange,0,,1,0,0,0,0,0,0,0,0,...C........,,,,0,0,0,0,0,0
754,nochange,0,,1,0,0,0,0,0,0,0,0,........C..C,,,,0,0,0,0,0,0
755,nochange,0,,1,0,0,0,0,0,0,0,0,............,,,,0,0,0,0,0,0
756,nochange,162123,EDM_0162122,0,0,0,0,0,0,0,0,0,CCC.CCCCCCCC,CCCCCCCCCCCC,CCCCCCCCCCCC,CCC.CCCCCCCC,1,1,0,0,1,0
757,nochange,0,,1,0,0,0,0,0,0,0,0,............,,,,0,0,0,0,0,0
758,nochange,0,,1,0,0,0,0,0,0,0,0,............,,,,0,0,0,0,0,0
759,nochange,0,,1,0,0,0,0,0,0,0,0,.C..........,,,,0,0,0,0,0,0
76,nochange,0,,1,0,0,0,0,0,0,0,0,............,,,,0,0,0,0,0,0
761,nochange,0,,1,0,0,0,0,0,0,0,0,...CC.C.C.CC,,,,0,3,0,0,0,0
762,nochange,0,,1,0,0,0,0,0,0,0,0,...C........,,,,0,0,0,0,0,0
763,nochange,0,,1,0,0,0,0,0,0,0,0,............,,,,0,0,0,0,0,0
764,nochange,187562,EDM_0187561,0,0,0,0,0,0,0,0,0,CCCCCCCCCCCC,CCCCCCCCCCCC,CCCCCCCCCCCC,CCCCCCCCCCCC,0,0,0,0,0,0
765,nochange,95014,EDM_0095013,0,0,4,0,0,0,0,0,0,.......C....,AAAAAAAAAAAA,............,.....C.C....,1,0,0,0,0,0
766,nochange,0,,1,0,0,0,0,0,0,0,0,............,,,,0,0,0,0,0,0
767,nochange,0,,1,0,0,0,0,0,0,0,0,............,,,,0,0,0,0,0,0
768,nochange,0,,1,0,0,0,0,0,0,0,0,.CC.C.C.C..C,,,,0,3,0,0,0,0
769,nochange,132272,EDM_0132271,0,0,0,0,0,0,0,0,0,CCCCCCCCCCCC,CCCCCCCCCCCC,CCCCCCCCCCCC,CCCCCCCCCCCC,0,0,0,0,0,0
77,nochange,18776,EDM_0018775,0,0,0,0,0,0,0,0,0,CCCCCCCCCCCC,CCCCCCCCCCCC,CCCCCCCCCCCC,CCCCCCCCCCCC,0,0,0,0,0,0
770,nochange,7564,EDM_0007563,0,0,0,0,0,0,0,0,0,CCCCCCCCCCCC,CCCCCCCCCCCC,CCCCCCCCCCCC,CCCCCCCCCCCC,0,0,0,0,0,0
771,nochange,0,,1,0,0,0,0,0,0,0,0,.C.C..C.C.CC,,,,0,3,0,0,0,0
772,nochange,0,,1,0,0,0,0,0,0,0,0,C.....C.C...,,,,0,1,0,0,0,0
773,nochange,212947,EDM_0212946,0,0,0,0,0,0,0,0,0,CCCCCCCCCCCC,CCCCCCCCCCCC,CCCCCCCCCCCC,CCCCCCCCCCCC,0,0,0,0,0,0
774,nochange,0,,1,0,0,0,0,0,0,0,0,.CCCCCCCCCCC,,,,0,0,0,0,0,0
775,nochange,0,,1,0,0,0,0,0,0,0,0,............,,,,0,0,0,0,0,0
776,nochange,0,,1,0,0,0,0,0,0,0,0,............,,,,0,0,0,0,0,0
777,nochange,0,,1,0,0,0,0,0,0,0,0,CCCC....C...,,,,0,0,0,0,0,0
778,nochange,0,,1,0,0,0,0,0,0,0,0,C...CCC.C..C,,,,0,1,0,0,0,0
779,nochange,0,,1,0,0,0,0,0,0,0,0,............,,,,0,0,0,0,0,0
78,loss,5134,EDM_0005133,0,0,2,2,2,0,0,2,0,CCCCCCCCCC..,CCCCCCCCCCCC,CCCCCCCCCCCC,CCCCCCCCCC..,2,0,0,0,2,0
780,nochange,0,,1,0,0,0,0,0,0,0,0,............,,,,0,0,0,0,0,0
781,nochange,0,,1,0,0,0,0,0,0,0,0,............,,,,0,0,0,0,0,0
782,nochange,0,,1,0,0,0,0,0,0,0,0,............,,,,0,0,0,0,0,0
783,nochange,0,,1,0,0,0,0,0,0,0,0,CCCCCCC.C.C.,,,,0,2,0,0,0,0
784,nochange,0,,1,0,0,0,0,0,0,0,0,CCCCCCCCCCCC,,,,0,0,0,0,0,0
785,nochange,0,,1,0,0,0,0,0,0,0,0,CCCCCCCCCCCC,,,,0,0,0,0,0,0
786,nochange,0,,1,0,0,0,0,0,0,0,0,............,,,,0,0,0,0,0,0
787,nochange,0,,1,0,0,0,0,0,0,0,0,.........C.C,,,,0,1,0,0,0,0
788,nochange,0,,1,0,0,0,0,0,0,0,0,............,,,,0,0,0,0,0,0
789,nochange,0,,1,0,0,0,0,0,0,0,0,.CC..C..CC.C,,,,0,1,0,0,0,0
79,nochange,31086,EDM_0031085,0,0,0,0,0,0,0,0,0,CCCCCCCCCCCC,CCCCCCCCCCCC,CCCCCCCCCCCC,CCCCCCCCCCCC,0,0,0,0,0,0
790,nochange,0,,1,0,0,0,0,0,0,0,0,............,,,,0,0,0,0,0,0
791,nochange,0,,1,0,0,0,0,0,0,0,0,............,,,,0,0,0,0,0,0
792,nochange,0,,1,0,0,0,0,0,0,0,0,............,,,,0,0,0,0,0,0
793,nochange,0,,1,0,0,0,0,0,0,0,0,............,,,,0,0,0,0,0,0
794,nochange,0,,1,0,0,0,0,0,0,0,0,...C.....CCC,,,,0,0,0,0,0,0
795,nochange,213158,EDM_0213157,0,0,0,0,0,0,0,0,0,CCCCCCCCCCCC,CCCCCCCCCCCC,CCCCCCCCCCCC,CCCCCCCCCCCC,0,0,0,0,0,0
796,nochange,0,,1,0,0,0,0,0,0,0,0,............,,,,0,0,0,0,0,0
797,nochange,0,,1,0,0,0,0,0,0,0,0,CCCCCCCCCCCC,,,,0,0,0,0,0,0
798,nochange,137365,EDM_0137364,0,0,0,0,0,0,0,0,0,..C.C..CCCCC,CCCCCCCCCCCC,CCCCCCCCCCCC,CCC.CCCCCCCC,5,1,0,0,5,0
799,nochange,0,,1,0,0,0,0,0,0,0,0,............,,,,0,0,0,0,0,0
8,loss,170219,EDM_0170218,0,0,0,0,0,0,0,0,0,CCCCCCCCCCCC,CCCCCCCCCCCC,CCCCCCCCCCCC,CCCCCCCCCCCC,0,0,0,0,0,0
80,nochange,72142,EDM_0072141,0,0,0,0,0,0,0,0,0,CCCCCCCCCC.C,CCCCCCCCCCCC,CCCCCCCCCCCC,CCCCCCCCCCCC,1,1,0,0,1,0
800,nochange,197514,EDM_0197513,0,0,0,0,0,0,0,0,0,CCCCCCCCCCCC,CCCCCCCCCCCC,CCCCCCCCCCCC,CCCCCCCCCCCC,0,0,0,0,0,0
801,nochange,32188,EDM_0032187,0,0,0,0,0,0,0,0,0,CCCCCCCCCCCC,CCCCCCCCCCCC,CCCCCCCCCCCC,CCCCCCCCCCCC,0,0,0,0,0,0
802,nochange,0,,1,0,0,0,0,0,0,0,0,C...........,,,,0,0,0,0,0,0
803,nochange,0,,1,0,0,0,0,0,0,0,0,CC..........,,,,0,0,0,0,0,0
804,nochange,0,,1,0,0,0,0,0,0,0,0,.C..........,,,,0,0,0,0,0,0
805,nochange,141262,EDM_0141261,0,0,0,0,0,0,0,0,0,CCCCCCCCCCCC,CCCCCCCCCCCC,CCCCCCCCCCCC,CCCCCCCCCCCC,0,0,0,0,0,0
806,nochange,0,,1,0,0,0,0,0,0,0,0,............,,,,0,0,0,0,0,0
807,nochange,0,,1,0,0,0,0,0,0,0,0,............,,,,0,0,0,0,0,0
808,nochange,0,,1,0,0,0,0,0,0,0,0,............,,,,0,0,0,0,0,0
809,nochange,0,,1,0,0,0,0,0,0,0,0,CCCCCCC.C.CC,,,,0,2,0,0,0,0
81,nochange,102935,EDM_0102934,0,0,0,0,0,0,0,0,0,CCCCCCCCCCCC,CCCCCCCCCCCC,CCCCCCCCCCCC,CCCCCCCCCCCC,0,0,0,0,0,0
810,nochange,0,,1,0,0,0,0,0,0,0,0,CCC.........,,,,0,0,0,0,0,0
811,nochange,0,,1,0,0,0,0,0,0,0,0,............,,,,0,0,0,0,0,0
812,nochange,0,,1,0,0,0,0,0,0,0,0,............,,,,0,0,0,0,0,0
813,nochange,0,,1,0,0,0,0,0,0,0,0,............,,,,0,0,0,0,0,0
814,nochange,0,,1,0,0,0,0,0,0,0,0,CCCCCCCCCCCC,,,,0,0,0,0,0,0
815,loss,0,,1,0,0,0,0,0,0,0,0,CCCCCCC.CCC.,,,,0,1,0,0,0,0
816,nochange,0,,1,0,0,0,0,0,0,0,0,............,,,,0,0,0,0,0,0
817,nochange,0,,1,0,0,0,0,0,0,0,0,.C..........,,,,0,0,0,0,0,0
818,nochange,0,,1,0,0,0,0,0,0,0,0,............,,,,0,0,0,0,0,0
819,nochange,0,,1,0,0,0,0,0,0,0,0,CCCCC...C..C,,,,0,0,0,0,0,0
82,nochange,111465,EDM_0111464,0,0,0,0,0,0,0,0,0,CCCCCCCCCCCC,CCCCCCCCCCCC,CCCCCCCCCCCC,xCCxCCCCCCCC,0,0,0,0,0,0
820,nochange,0,,1,0,0,0,0,0,0,0,0,............,,,,0,0,0,0,0,0
821,nochange,38546,EDM_0038545,0,0,0,0,0,0,0,0,0,CCCCCCCCCCCC,CCCCCCCCCCCC,CCCCCCCCCCCC,CCCCCCCCCCCC,0,0,0,0,0,0
822,nochange,81021,EDM_0081020,0,0,0,0,0,0,0,0,0,..CCCCCCCCCC,CCCCCCCCCCCC,CCCCCCCCCCCC,x.CCxCCCCCCC,2,0,0,0,2,0
823,nochange,11708,EDM_0011707,0,0,0,0,0,0,0,0,0,CCCCCCCCCCCC,CCCCCCCCCCCC,CCCCCCCCCCCC,CCCCCCCCCCCC,0,0,0,0,0,0
824,nochange,125759,EDM_0125758,0,0,0,0,0,0,0,0,0,CCCCCCCCCCCC,CCCCCCCCCCCC,CCCCCCCCCCCC,CCCCCCCCCCCC,0,0,0,0,0,0
825,nochange,0,,1,0,0,0,0,0,0,0,0,..C.C.C.....,,,,0,2,0,0,0,0
826,nochange,187345,EDM_0187344,0,0,0,0,0,0,0,0,0,CCCCCCCCCCCC,CCCCCCCCCCCC,CCCCCCCCCCCC,CCCCCCCCCCCC,0,0,0,0,0,0
827,nochange,125553,EDM_0125552,0,0,0,0,0,0,0,0,0,CCCCCCCCCCCC,CCCCCCCCCCCC,CCCCCCCCCCCC,CCCCCCCCCCCC,0,0,0,0,0,0
828,nochange,200018,EDM_0200017,0,0,0,0,0,0,0,0,0,CCCCCCCCCCCC,CCCCCCCCCCCC,CCCCCCCCCCCC,CCCCCCCCCCCC,0,0,0,0,0,0
829,nochange,0,,1,0,0,0,0,0,0,0,0,CCCCCCCCCCCC,,,,0,0,0,0,0,0
83,nochange,0,,1,0,0,0,0,0,0,0,0,CCCCCCC.CC.C,,,,0,2,0,0,0,0
830,nochange,200924,EDM_0200923,0,0,0,0,0,0,0,0,0,CCCCCCCCCCCC,CCCCCCCCCCCC,CCCCCCCCCCCC,CCCCCCCCCCxC,0,0,0,0,0,0
831,nochange,0,,1,0,0,0,0,0,0,0,0,CCCCCCC.CCC.,,,,0,1,0,0,0,0
832,nochange,134648,EDM_0134647,0,0,1,1,1,0,1,0,0,CCCCC.CCCCC.,CCCCCCCCCCCC,CCCCCCCCCCCC,CCCxCxCCCCCC,2,1,0,0,2,0
833,nochange,126024,EDM_0126023,0,0,0,0,0,0,0,0,0,CCCCCCCCCC.C,CCCCCCCCCCCC,CCCCCCCCCCCC,CCCCCCCCCCCC,1,1,0,0,1,0
834,nochange,83249,EDM_0083248,0,0,0,0,0,0,0,0,0,CCCCCC.CC.CC,CCCCCCCCCCCC,CCCCCCCCCCCC,CCCCCCCCCxCC,2,2,0,0,2,0
835,nochange,193862,EDM_0193861,0,0,0,0,0,0,0,0,0,CCCCCCCCCCCC,CCCCCCCCCCCC,CCCCCCCCCCCC,CCCCCCCCCCCC,0,0,0,0,0,0
836,nochange,0,,1,0,0,0,0,0,0,0,0,CCCCCCCCCCCC,,,,0,0,0,0,0,0
837,nochange,38832,EDM_0038831,0,0,0,0,0,0,0,0,0,CCCCCCCCC.CC,CCCCCCCCCCCC,CCCCCCCCCCCC,CCCCCCCCCCCC,1,1,0,0,1,0
838,nochange,0,,1,0,0,0,0,0,0,0,0,CCCCCCCCCCCC,,,,0,0,0,0,0,0
839,nochange,123568,EDM_0123567,0,0,0,0,0,0,0,0,0,CCCCCCCCC.CC,CCCCCCCCCCCC,CCCCCCCCCCCC,CCCCCCCCCCCC,1,1,0,0,1,0
84,nochange,0,,1,0,0,0,0,0,0,0,0,...C.C......,,,,0,1,0,0,0,0
840,nochange,34998,EDM_0034997,0,0,0,0,0,0,0,0,0,CCCCCCCCCCCC,CCCCCCCCCCCC,CCCCCCCCCCCC,CCCCCCCCCCCC,0,0,0,0,0,0
841,nochange,197489,EDM_0197488,0,0,0,0,0,0,0,0,0,CCCCCCCCCCCC,CCCCCCCCCCCC,CCCCCCCCCCCC,CCCCCCCCCCCC,0,0,0,0,0,0
842,nochange,199666,EDM_0199665,0,0,0,0,0,0,0,0,0,CCCCCCCCCCCC,CCCCCCCCCCCC,CCCCCCCCCCCC,CCCCCCCCCCCC,0,0,0,0,0,0
843,nochange,135202,EDM_0135201,0,0,0,0,0,0,0,0,0,C.C.C.CC...C,CCCCCCCCCCCC,CCCCCCCCCCCC,CCCCCCCCxCCC,6,3,0,0,6,0
844,nochange,11671,EDM_0011670,0,0,0,0,0,0,0,0,0,CCCCCCCCC.CC,CCCCCCCCCCCC,CCCCCCCCCCCC,CCCCCCCCCCCC,1,1,0,0,1,0
845,nochange,191466,EDM_0191465,0,0,0,0,0,0,0,0,0,CCC.C.CCC.CC,CCCCCCCCCCCC,CCCCCCCCCCCC,CCCCCCCCCCCC,3,3,0,0,3,0
846,nochange,78563,EDM_0078562,0,0,0,0,0,0,0,0,0,CCCCCCCCCCCC,CCCCCCCCCCCC,CCCCCCCCCCCC,CCCCCCCCCCCC,0,0,0,0,0,0
847,nochange,193506,EDM_0193505,0,0,0,0,0,0,0,0,0,CCCCCCCCCCCC,CCCCCCCCCCCC,CCCCCCCCCCCC,CCCCCCCCCCCC,0,0,0,0,0,0
848,nochange,134233,EDM_0134232,0,0,0,0,0,0,0,0,0,CCCCCCCCCCCC,CCCCCCCCCCCC,CCCCCCCCCCCC,CCCCCCCCCCCC,0,0,0,0,0,0
849,nochange,196818,EDM_0196817,0,0,2,2,2,0,2,0,0,.CCCC.CCCC..,CCCCCCCCCCCC,CCCCCCCCCCCC,CCCCCCCCCCCC,4,1,0,0,4,0
85,nochange,0,,1,0,0,0,0,0,0,0,0,............,,,,0,0,0,0,0,0
850,nochange,135021,EDM_0135020,0,0,0,0,0,0,0,0,0,CCCCCCCCCCCC,CCCCCCCCCCCC,CCCCCCCCCCCC,CCCCCCCCCCCC,0,0,0,0,0,0
851,nochange,0,,1,0,0,0,0,0,0,0,0,CCCCCCCCC.CC,,,,0,1,0,0,0,0
852,gain,0,,1,0,0,0,0,0,0,0,0,C..CCC..C.CC,,,,0,1,0,0,0,0
853,nochange,0,,1,0,0,0,0,0,0,0,0,CCCCC...C.CC,,,,0,1,0,0,0,0
854,nochange,121379,EDM_0121378,0,0,0,0,0,0,0,0,0,.CCCCCCCCC.C,CCCCCCCCCCCC,CCCCCCCCCCCC,.CCCCCCCCCxC,2,1,0,0,2,0
855,nochange,76396,EDM_0076395,0,0,0,0,0,0,0,0,0,CCCCCCCCCCCC,CCCCCCCCCCCC,CCCCCCCCCCCC,CCCCCCCCCCCC,0,0,0,0,0,0
856,nochange,0,,1,0,0,0,0,0,0,0,0,...CC.C.CC..,,,,0,2,0,0,0,0
857,nochange,200596,EDM_0200595,0,0,4,4,4,0,2,1,1,.C..CCCC....,CCCCCCCCCCCC,CCCCCCCCCCCC,xCCCCCCCxC.C,7,0,0,0,7,0
858,nochange,75752,EDM_0075751,0,0,0,0,0,0,0,0,0,C..CCCCCCCCC,CCCCCCCCCCCC,CCCCCCCCCCCC,CCCCCCCCCCCC,2,0,0,0,2,0
859,nochange,85867,EDM_0085866,0,0,0,0,0,0,0,0,0,CCCCCCCCCCCC,CCCCCCCCCCCC,CCCCCCCCCCCC,CCCCCCCCCCCC,0,0,0,0,0,0
86,nochange,62064,EDM_0062063,0,0,0,0,0,0,0,0,0,CCCCCCCCCCCC,CCCCCCCCCCCC,CCCCCCCCCCCC,CCCCCCCCCCCC,0,0,0,0,0,0
860,nochange,11934,EDM_0011933,0,0,0,0,0,0,0,0,0,CCCCCCCCCCCC,CCCCCCCCCCCC,CCCCCCCCCCCC,CCCCCCCCCCCC,0,0,0,0,0,0
861,nochange,35510,EDM_0035509,0,0,0,0,0,0,0,0,0,CCCCCCCCCCCC,CCCCCCCCCCCC,CCCCCCCCCCCC,CCCCCCCCCCCC,0,0,0,0,0,0
862,nochange,42600,EDM_0042599,0,0,0,0,0,0,0,0,0,CCCCCCCCCCCC,CCCCCCCCCCCC,CCCCCCCCCCCC,CCCCCCCCCCCC,0,0,0,0,0,0
863,nochange,38235,EDM_0038234,0,0,0,0,0,0,0,0,0,CCCCCCCCCCCC,CCCCCCCCCCCC,CCCCCCCCCCCC,CCCCCCCCCCCC,0,0,0,0,0,0
864,nochange,187730,EDM_0187729,0,0,0,0,0,0,0,0,0,....CCCCC.CC,CCCCCCCCCCCC,CCCCCCCCCCCC,.xx.CCCCCxCC,5,1,0,0,5,0
865,nochange,83420,EDM_0083419,0,0,0,0,0,0,0,0,0,CCCCCCCCCCCC,CCCCCCCCCCCC,CCCCCCCCCCCC,CCCCCCCCCCCC,0,0,0,0,0,0
866,nochange,0,,1,0,0,0,0,0,0,0,0,CCC.CCC.C..C,,,,0,2,0,0,0,0
867,nochange,35291,EDM_0035290,0,0,0,0,0,0,0,0,0,CCCCCCCCCCCC,CCCCCCCCCCCC,CCCCCCCCCCCC,CCCCCCCCCCCC,0,0,0,0,0,0
868,nochange,13369,EDM_0013368,0,0,0,0,0,0,0,0,0,CCCCCCCCCCCC,CCCCCCCCCCCC,CCCCCCCCCCCC,CCCxCCCCCCCC,0,0,0,0,0,0
869,nochange,0,,1,0,0,0,0,0,0,0,0,..C.CC.CCCCC,,,,0,2,0,0,0,0
87,nochange,0,,1,0,0,0,0,0,0,0,0,............,,,,0,0,0,0,0,0
870,nochange,186892,EDM_0186891,0,0,0,0,0,0,0,0,0,CCCCCCCCCCCC,CCCCCCCCCCCC,CCCCCCCCCCCC,CCCCCCCCCCCC,0,0,0,0,0,0
871,nochange,0,,1,0,0,0,0,0,0,0,0,CCCCCCCC...C,,,,0,0,0,0,0,0
872,nochange,197806,EDM_0197805,0,0,0,0,0,0,0,0,0,CCCCCCCCCCCC,CCCCCCCCCCCC,CCCCCCCCCCCC,CCCCCCCCCCCx,0,0,0,0,0,0
873,nochange,42438,EDM_0042437,0,0,0,0,0,0,0,0,0,CCCCCCCCCCCC,CCCCCCCCCCCC,CCCCCCCCCCCC,CCCCCCCCCCCC,0,0,0,0,0,0
874,nochange,0,,1,0,0,0,0,0,0,0,0,CCCCCCC.CCCC,,,,0,1,0,0,0,0
875,nochange,40523,EDM_0040522,0,0,0,0,0,0,0,0,0,CCCCCCCCCCCC,CCCCCCCCCCCC,CCCCCCCCCCCC,CCCCCCCCCCCC,0,0,0,0,0,0
876,nochange,39489,EDM_0039488,0,0,0,0,0,0,0,0,0,CCCCCCCCCCCC,CCCCCCCCCCCC,CCCCCCCCCCCC,CCCCCCCCCCCC,0,0,0,0,0,0
877,nochange,187751,EDM_0187750,0,0,0,0,0,0,0,0,0,CCCCCC.CCCCC,CCCCCCCCCCCC,CCCCCCCCCCCC,CCCCCCCCCCCC,1,1,0,0,1,0
878,nochange,44779,EDM_0044778,0,0,0,0,0,0,0,0,0,CCCCCCCCCCCC,CCCCCCCCCCCC,CCCCCCCCCCCC,CCCCCCCCCCCC,0,0,0,0,0,0
879,nochange,47921,EDM_0047920,0,0,0,0,0,0,0,0,0,CCCCCCCCCCCC,CCCCCCCCCCCC,CCCCCCCCCCCC,CCCCCCCCCCCC,0,0,0,0,0,0
88,nochange,0,,1,0,0,0,0,0,0,0,0,............,,,,0,0,0,0,0,0
880,nochange,0,,1,0,0,0,0,0,0,0,0,C..CC......C,,,,0,0,0,0,0,0
881,nochange,129112,EDM_0129111,0,0,0,0,0,0,0,0,0,CCCCCCCCCCCC,CCCCCCCCCCCC,CCCCCCCCCCCC,CCCCCCCCCCCC,0,0,0,0,0,0
882,nochange,78642,EDM_0078641,0,0,0,0,0,0,0,0,0,CCCCCCCCCCCC,CCCCCCCCCCCC,CCCCCCCCCCCC,CCCCCCCCCCCC,0,0,0,0,0,0
883,nochange,10462,EDM_0010461,0,0,0,0,0,0,0,0,0,CCCCCCCCCCCC,CCCCCCCCCCCC,CCCCCCCCCCCC,CCCCCCCCCCCC,0,0,0,0,0,0
884,nochange,9171,EDM_0009170,0,0,0,0,0,0,0,0,0,.CCCC.CC..CC,CCCCCCCCCCCC,CCCCCCCCCCCC,CCCCCCCCCCCC,4,1,0,0,4,0
885,nochange,0,,1,0,0,0,0,0,0,0,0,CCCCCCCCCCCC,,,,0,0,0,0,0,0
886,nochange,124497,EDM_0124496,0,0,0,0,0,0,0,0,0,CCCCCCCCCCCC,CCCCCCCCCCCC,CCCCCCCCCCCC,CCCCCCCCCCCC,0,0,0,0,0,0
887,nochange,129307,EDM_0129306,0,0,0,0,0,0,0,0,0,CCCCCC.CCCCC,CCCCCCCCCCCC,CCCCCCCCCCCC,CCCCCCCCCCCC,1,1,0,0,1,0
888,nochange,190496,EDM_0190495,0,0,0,0,0,0,0,0,0,CCCCCCCCCCCC,CCCCCCCCCCCC,CCCCCCCCCCCC,CCCCCCCCCCCC,0,0,0,0,0,0
889,nochange,86137,EDM_0086136,0,0,0,0,0,0,0,0,0,CCCCCCCCCCCC,CCCCCCCCCCCC,CCCCCCCCCCCC,CCCCCCCCCCCC,0,0,0,0,0,0
89,nochange,210401,EDM_0210400,0,0,0,0,0,0,0,0,0,CCCCCCCCCCCC,CCCCCCCCCCCC,CCCCCCCCCCCC,CCCCCCCCCCCC,0,0,0,0,0,0
890,nochange,45184,EDM_0045183,0,0,0,0,0,0,0,0,0,CCCCCCCCCCCC,CCCCCCCCCCCC,CCCCCCCCCCCC,CCCCCCCCCCCC,0,0,0,0,0,0
891,nochange,197912,EDM_0197911,0,0,0,0,0,0,0,0,0,CCCCCCCCCCCC,CCCCCCCCCCCC,CCCCCCCCCCCC,xCCxCCCCxCCC,0,0,0,0,0,0
893,nochange,122228,EDM_0122227,0,0,0,0,0,0,0,0,0,CCCCCCCCCCCC,CCCCCCCCCCCC,CCCCCCCCCCCC,CCCCCCCCCCCC,0,0,0,0,0,0
894,nochange,41098,EDM_0041097,0,0,0,0,0,0,0,0,0,CCCCCCCCCCCC,CCCCCCCCCCCC,CCCCCCCCCCCC,CCCCCCCCCCCC,0,0,0,0,0,0
895,nochange,83166,EDM_0083165,0,0,0,0,0,0,0,0,0,CCCCCCCCCC.C,CCCCCCCCCCCC,CCCCCCCCCCCC,CCCCCCCCCCCC,1,1,0,0,1,0
896,nochange,0,,1,0,0,0,0,0,0,0,0,.CC.CCC.CCCC,,,,0,2,0,0,0,0
897,nochange,38155,EDM_0038154,0,0,0,0,0,0,0,0,0,CCCCCCCCCCCC,CCCCCCCCCCCC,CCCCCCCCCCCC,CCCCCCCCCCCC,0,0,0,0,0,0
898,nochange,0,,1,0,0,0,0,0,0,0,0,CCCCCCCCCCCC,,,,0,0,0,0,0,0
899,nochange,0,,1,0,0,0,0,0,0,0,0,.C..C.......,,,,0,0,0,0,0,0
9,loss,0,,1,0,0,0,0,0,0,0,0,.CCCCC......,,,,0,0,0,0,0,0
90,nochange,116801,EDM_0116800,0,0,0,0,0,0,0,0,0,CCCCCCCCCCCC,CCCCCCCCCCCC,CCCCCCCCCCCC,CCCCCCCCCCCC,0,0,0,0,0,0
900,nochange,0,,1,0,0,0,0,0,0,0,0,.CCCCC..CCC.,,,,0,0,0,0,0,0
901,nochange,0,,1,0,0,0,0,0,0,0,0,C.CCC...CC.C,,,,0,2,0,0,0,0
902,nochange,76331,EDM_0076330,0,0,0,0,0,0,0,0,0,CCCCCCCCCCCC,CCCCCCCCCCCC,CCCCCCCCCCCC,CCCCCCCCCCCC,0,0,0,0,0,0
903,nochange,184053,EDM_0184052,0,0,0,0,0,0,0,0,0,CCCCC.CCCCCC,CCCCCCCCCCCC,CCCCCCCCCCCC,CCCCCCCCCCCC,1,1,0,0,1,0
904,nochange,129300,EDM_0129299,0,0,0,0,0,0,0,0,0,CCCCCCCCCCCC,CCCCCCCCCCCC,CCCCCCCCCCCC,CCCCCCxCCCCC,0,0,0,0,0,0
905,nochange,85810,EDM_0085809,0,0,0,0,0,0,0,0,0,CCCCCCCCCCCC,CCCCCCCCCCCC,CCCCCCCCCCCC,CCCCCCCCCCCC,0,0,0,0,0,0
906,nochange,129710,EDM_0129709,0,0,0,0,0,0,0,0,0,CCCCCCCCCCCC,CCCCCCCCCCCC,CCCCCCCCCCCC,CCCCCCCCCCCC,0,0,0,0,0,0
907,nochange,40478,EDM_0040477,0,0,0,0,0,0,0,0,0,CC.CC.CCCC.C,CCCCCCCCCCCC,CCCCCCCCCCCC,CCCCCCCCCCxC,3,3,0,0,3,0
908,nochange,85255,EDM_0085254,0,0,0,0,0,0,0,0,0,CCCCCCCCCCCC,CCCCCCCCCCCC,CCCCCCCCCCCC,CCCCCCCCCCCC,0,0,0,0,0,0
91,nochange,15297,EDM_0015296,0,0,0,0,0,0,0,0,0,CCCCCCCCCCCC,CCCCCCCCCCCC,CCCCCCCCCCCC,CCCCCCCCCCCC,0,0,0,0,0,0
910,nochange,47086,EDM_0047085,0,0,0,0,0,0,0,0,0,CCCCC.CCCCCC,CCCCCCCCCCCC,CCCCCCCCCCCC,CCCCC.CCCCCC,1,1,0,0,1,0
911,nochange,0,,1,0,0,0,0,0,0,0,0,CCCCC.C.CC.C,,,,0,3,0,0,0,0
912,nochange,198113,EDM_0198112,0,0,0,0,0,0,0,0,0,CCCCCCCCCCCC,CCCCCCCCCCCC,CCCCCCCCCCCC,CCCCCCCCCCCC,0,0,0,0,0,0
913,nochange,49121,EDM_0049120,0,0,0,0,0,0,0,0,0,CCCCCCCCCCCC,CCCCCCCCCCCC,CCCCCCCCCCCC,CCCCCCCCCCCC,0,0,0,0,0,0
914,nochange,0,,1,0,0,0,0,0,0,0,0,CCCCC.C.C..C,,,,0,2,0,0,0,0
915,nochange,186994,EDM_0186993,0,0,0,0,0,0,0,0,0,CCCCCCCCCCCC,CCCCCCCCCCCC,CCCCCCCCCCCC,CCCCCCCCCCCC,0,0,0,0,0,0
916,nochange,9072,EDM_0009071,0,0,0,0,0,0,0,0,0,CCCCCCCCCCCC,CCCCCCCCCCCC,CCCCCCCCCCCC,CCCCCCCCCCCC,0,0,0,0,0,0
917,nochange,0,,1,0,0,0,0,0,0,0,0,CCCCCCC.CCCC,,,,0,1,0,0,0,0
918,nochange,120979,EDM_0120978,0,0,0,0,0,0,0,0,0,CCC.C.CC.CCC,CCCCCCCCCCCC,CCCCCCCCCCCC,CCC.CCCC.CCC,3,3,0,0,3,0
919,nochange,136949,EDM_0136948,0,0,0,0,0,0,0,0,0,CCCCCCCCCCCC,CCCCCCCCCCCC,CCCCCCCCCCCC,CCCCCCCCCCCC,0,0,0,0,0,0
92,nochange,109908,EDM_0109907,0,0,0,0,0,0,0,0,0,CCCCCCCCCCCC,CCCCCCCCCCCC,CCCCCCCCCCCC,CCCCCCCCCCCC,0,0,0,0,0,0
920,nochange,0,,1,0,0,0,0,0,0,0,0,CCCCC.C.CC.C,,,,0,3,0,0,0,0
921,nochange,0,,1,0,0,0,0,0,0,0,0,CCCCCCC.CCCC,,,,0,1,0,0,0,0
922,nochange,79205,EDM_0079204,0,0,0,0,0,0,0,0,0,CCC.CC.CCC.C,CCCCCCCCCCCC,CCCCCCCCCCCC,CCC.CC.CCC.C,3,3,0,0,3,0
923,loss,0,,1,0,0,0,0,0,0,0,0,CCCCCC..CC..,,,,0,0,0,0,0,0
924,nochange,11922,EDM_0011921,0,0,0,0,0,0,0,0,0,CCCCCCCCCCCC,CCCCCCCCCCCC,CCCCCCCCCCCC,CCCCCCCCCCCC,0,0,0,0,0,0
925,nochange,122489,EDM_0122488,0,0,0,0,0,0,0,0,0,CCCCCCCCCCCC,CCCCCCCCCCCC,CCCCCCCCCCCC,CCCCCCCCCCCC,0,0,0,0,0,0
926,nochange,0,,1,0,0,0,0,0,0,0,0,CCCCCCC.CCCC,,,,0,1,0,0,0,0
927,nochange,0,,1,0,0,0,0,0,0,0,0,CCCCCCC.CCCC,,,,0,1,0,0,0,0
928,nochange,122870,EDM_0122869,0,0,0,0,0,0,0,0,0,CCCCCCCCCCCC,CCCCCCCCCCCC,CCCCCCCCCCCC,CCCCCCCCCCCC,0,0,0,0,0,0
929,nochange,0,,1,0,0,0,0,0,0,0,0,.CC.C.C.C...,,,,0,3,0,0,0,0
93,nochange,0,,1,0,0,0,0,0,0,0,0,.CC...C.CCCC,,,,0,1,0,0,0,0
930,nochange,123435,EDM_0123434,0,0,0,0,0,0,0,0,0,CCCCCCCCCCCC,CCCCCCCCCCCC,CCCCCCCCCCCC,CCCxCCCCCCCC,0,0,0,0,0,0
931,nochange,44385,EDM_0044384,0,0,1,1,1,0,1,0,0,CCC.CCCCCCC.,CCCCCCCCCCCC,CCCCCCCCCCCC,CCCCCCCCCCCC,2,1,0,0,2,0
932,nochange,45019,EDM_0045018,0,0,0,0,0,0,0,0,0,CCCCCCCCCCCC,CCCCCCCCCCCC,CCCCCCCCCCCC,CCCCCCCCCCCC,0,0,0,0,0,0
933,nochange,0,,1,0,0,0,0,0,0,0,0,CCCCCCC.C.CC,,,,0,2,0,0,0,0
935,nochange,131547,EDM_0131546,0,0,0,0,0,0,0,0,0,CCCCCCCCC.CC,CCCCCCCCCCCC,CCCCCCCCCCCC,CCCCCCCCCCCC,1,1,0,0,1,0
936,nochange,0,,1,0,0,0,0,0,0,0,0,CC.CC..CC..C,,,,0,1,0,0,0,0
937,nochange,0,,1,0,0,0,0,0,0,0,0,CCCCCCCCCCCC,,,,0,0,0,0,0,0
938,nochange,127159,EDM_0127158,0,0,0,0,0,0,0,0,0,CCCCCCCCCCCC,CCCCCCCCCCCC,CCCCCCCCCCCC,CCCCCCCCCCCx,0,0,0,0,0,0
939,nochange,46493,EDM_0046492,0,0,0,0,0,0,0,0,0,CCCCCCCCC.CC,CCCCCCCCCCCC,CCCCCCCCCCCC,CCCCCCCCCCCC,1,1,0,0,1,0
94,nochange,0,,1,0,0,0,0,0,0,0,0,............,,,,0,0,0,0,0,0
940,nochange,49491,EDM_0049490,0,0,0,0,0,0,0,0,0,CCCCCCCCCCCC,CCCCCCCCCCCC,CCCCCCCCCCCC,CCCCCCCCCCCC,0,0,0,0,0,0
941,nochange,194902,EDM_0194901,0,0,0,0,0,0,0,0,0,CCCCCCCCCCCC,CCCCCCCCCCCC,CCCCCCCCCCCC,CCCCCCCCCCCC,0,0,0,0,0,0
942,nochange,44655,EDM_0044654,0,0,0,0,0,0,0,0,0,CCCCCCCCCCCC,CCCCCCCCCCCC,CCCCCCCCCCCC,CCCCCCCCCCCC,0,0,0,0,0,0
943,nochange,132765,EDM_0132764,0,0,0,0,0,0,0,0,0,CCCCCCCCCCCC,CCCCCCCCCCCC,CCCCCCCCCCCC,CCCCCCCCCCCC,0,0,0,0,0,0
944,nochange,200646,EDM_0200645,0,0,0,0,0,0,0,0,0,CCCCCCCCCCCC,CCCCCCCCCCCC,CCCCCCCCCCCC,CCCCCCCCCCCC,0,0,0,0,0,0
945,nochange,77074,EDM_0077073,0,0,1,1,1,0,1,0,0,CCCCCCCCCCC.,CCCCCCCCCCCC,CCCCCCCCCCCC,CCCCCCCCCCCC,1,0,0,0,1,0
946,nochange,0,,1,0,0,0,0,0,0,0,0,.CCC..C.....,,,,0,0,0,0,0,0
947,nochange,193585,EDM_0193584,0,0,0,0,0,0,0,0,0,CCCCCCCCCCCC,CCCCCCCCCCCC,CCCCCCCCCCCC,CCCCCCCCCCCC,0,0,0,0,0,0
948,nochange,190132,EDM_0190131,0,0,0,0,0,0,0,0,0,CCCCCCCCCCCC,CCCCCCCCCCCC,CCCCCCCCCCCC,CCCCCCCCCCCC,0,0,0,0,0,0
949,nochange,0,,1,0,0,0,0,0,0,0,0,CCCCCCCCCCCC,,,,0,0,0,0,0,0
95,nochange,0,,1,0,0,0,0,0,0,0,0,CCCCCCC.CCCC,,,,0,1,0,0,0,0
950,nochange,45035,EDM_0045034,0,0,0,0,0,0,0,0,0,CCCCCCCCCCCC,CCCCCCCCCCCC,CCCCCCCCCCCC,CCCCCCCCCCCC,0,0,0,0,0,0
951,nochange,48749,EDM_0048748,0,0,0,0,0,0,0,0,0,CCCCCCCCCCCC,CCCCCCCCCCCC,CCCCCCCCCCCC,CCCCCCCCCCCC,0,0,0,0,0,0
952,nochange,40963,EDM_0040962,0,0,0,0,0,0,0,0,0,CCCCCCCCCCCC,CCCCCCCCCCCC,CCCCCCCCCCCC,CCCCCCCCCCCC,0,0,0,0,0,0
953,nochange,129630,EDM_0129629,0,0,0,0,0,0,0,0,0,CCCCCCCCCCCC,CCCCCCCCCCCC,CCCCCCCCCCCC,CCCCCCCCCCCC,0,0,0,0,0,0
954,nochange,80125,EDM_0080124,0,0,0,0,0,0,0,0,0,CCCCCCCCCCCC,CCCCCCCCCCCC,CCCCCCCCCCCC,CCCCCCCCCCCC,0,0,0,0,0,0
955,nochange,186839,EDM_0186838,0,0,0,0,0,0,0,0,0,CCCCCCCCCCCC,CCCCCCCCCCCC,CCCCCCCCCCCC,CCCCCCCCCCCC,0,0,0,0,0,0
956,nochange,0,,1,0,0,0,0,0,0,0,0,CCC.C...CCCC,,,,0,1,0,0,0,0
957,nochange,0,,1,0,0,0,0,0,0,0,0,.CCCCCCCCCCC,,,,0,0,0,0,0,0
958,nochange,132870,EDM_0132869,0,0,1,1,1,0,1,0,0,CCCCCC.C.CC.,CCCCCCCCCCCC,CCCCCCCCCCCC,CCCCCCCCCCCC,3,2,0,0,3,0
959,nochange,191329,EDM_0191328,0,0,0,0,0,0,0,0,0,CCCCCCCCCCCC,CCCCCCCCCCCC,CCCCCCCCCCCC,CCCCCCCCCCCC,0,0,0,0,0,0
96,nochange,213257,EDM_0213256,0,0,0,0,0,0,0,0,0,CCCCCCCCCCCC,CCCCCCCCCCCC,CCCCCCCCCCCC,CCCCCCCCCCCC,0,0,0,0,0,0
960,nochange,0,,1,0,0,0,0,0,0,0,0,CCCCCCC.CC.C,,,,0,2,0,0,0,0
961,nochange,193643,EDM_0193642,0,0,0,0,0,0,0,0,0,CCCCCCCCCCCC,CCCCCCCCCCCC,CCCCCCCCCCCC,CCCCCCCCCCCC,0,0,0,0,0,0
962,nochange,193640,EDM_0193639,0,0,0,0,0,0,0,0,0,CCCCCCCCCCCC,CCCCCCCCCCCC,CCCCCCCCCCCC,CCCCCCCCCCCC,0,0,0,0,0,0
963,nochange,186997,EDM_0186996,0,0,0,0,0,0,0,0,0,CCCCCCCCCCCC,CCCCCCCCCCCC,CCCCCCCCCCCC,CCCCCCCCCCCC,0,0,0,0,0,0
964,nochange,0,,1,0,0,0,0,0,0,0,0,CCCCCCCCCCCC,,,,0,0,0,0,0,0
965,nochange,47908,EDM_0047907,0,0,0,0,0,0,0,0,0,CCCCCCCCCCCC,CCCCCCCCCCCC,CCCCCCCCCCCC,CCCCCCCCCCCC,0,0,0,0,0,0
966,nochange,44609,EDM_0044608,0,0,0,0,0,0,0,0,0,CCCCCCCCCCCC,CCCCCCCCCCCC,CCCCCCCCCCCC,CCCCCCCCCCCC,0,0,0,0,0,0
968,nochange,122430,EDM_0122429,0,0,0,0,0,0,0,0,0,CCCCCCCCCCCC,CCCCCCCCCCCC,CCCCCCCCCCCC,CCCCCCCCCCCC,0,0,0,0,0,0
969,nochange,79821,EDM_0079820,0,0,0,0,0,0,0,0,0,CCC.CCCCCC.C,CCCCCCCCCCCC,CCCCCCCCCCCC,CCCxCCCCCCxC,2,2,0,0,2,0
97,nochange,0,,1,0,0,0,0,0,0,0,0,............,,,,0,0,0,0,0,0
970,nochange,0,,1,0,0,0,0,0,0,0,0,CCCCCCC.CCCC,,,,0,1,0,0,0,0
971,nochange,197666,EDM_0197665,0,0,0,0,0,0,0,0,0,CCCCCCCCCCCC,CCCCCCCCCCCC,CCCCCCCCCCCC,CCCCCCCCCCCC,0,0,0,0,0,0
972,nochange,198151,EDM_0198150,0,0,0,0,0,0,0,0,0,CCCCCCCCCCCC,CCCCCCCCCCCC,CCCCCCCCCCCC,CCCCCxCCCCCC,0,0,0,0,0,0
973,nochange,0,,1,0,0,0,0,0,0,0,0,CCCCCCC.CCCC,,,,0,1,0,0,0,0
974,nochange,134635,EDM_0134634,0,0,0,0,0,0,0,0,0,CCCCCCCCCCCC,CCCCCCCCCCCC,CCCCCCCCCCCC,CCCCCCCCCCCC,0,0,0,0,0,0
975,nochange,0,,1,0,0,0,0,0,0,0,0,CCCCCCCCCCCC,,,,0,0,0,0,0,0
976,nochange,194248,EDM_0194247,0,0,0,0,0,0,0,0,0,CCCCCCCCCCCC,CCCCCCCCCCCC,CCCCCCCCCCCC,CCCCCCCCCCCC,0,0,0,0,0,0
977,nochange,0,,1,0,0,0,0,0,0,0,0,CCCCCCC.C..C,,,,0,1,0,0,0,0
978,nochange,0,,1,0,0,0,0,0,0,0,0,....C.......,,,,0,0,0,0,0,0
979,nochange,191179,EDM_0191178,0,0,0,0,0,0,0,0,0,CCCCCCCCCCCC,CCCCCCCCCCCC,CCCCCCCCCCCC,CCCCCCCCCCCC,0,0,0,0,0,0
98,nochange,0,,1,0,0,0,0,0,0,0,0,............,,,,0,0,0,0,0,0
980,nochange,0,,1,0,0,0,0,0,0,0,0,CCCCCCCCCCCC,,,,0,0,0,0,0,0
981,nochange,39184,EDM_0039183,0,0,0,0,0,0,0,0,0,CCCCCCCCCCCC,CCCCCCCCCCCC,CCCCCCCCCCCC,CCCCCCCCCCCC,0,0,0,0,0,0
982,nochange,41791,EDM_0041790,0,0,0,0,0,0,0,0,0,CCCCCCCCCCCC,CCCCCCCCCCCC,CCCCCCCCCCCC,CCCCCCCCCCCC,0,0,0,0,0,0
983,nochange,122195,EDM_0122194,0,0,0,0,0,0,0,0,0,CCCCCCCCCCCC,CCCCCCCCCCCC,CCCCCCCCCCCC,CCCCCCCCCCCC,0,0,0,0,0,0
984,nochange,123983,EDM_0123982,0,0,0,0,0,0,0,0,0,CCCCCCCCCCCC,CCCCCCCCCCCC,CCCCCCCCCCCC,CCCCCCCCCCCC,0,0,0,0,0,0
985,nochange,44860,EDM_0044859,0,0,0,0,0,0,0,0,0,CCCCCCCCCCCC,CCCCCCCCCCCC,CCCCCCCCCCCC,CCCCCCCCCCCC,0,0,0,0,0,0
986,nochange,134293,EDM_0134292,0,0,0,0,0,0,0,0,0,CCCCCCCCCCCC,CCCCCCCCCCCC,CCCCCCCCCCCC,CCCCCCCCCCCC,0,0,0,0,0,0
987,nochange,0,,1,0,0,0,0,0,0,0,0,CCCCC...CC.C,,,,0,1,0,0,0,0
989,nochange,48965,EDM_0048964,0,0,0,0,0,0,0,0,0,CCCCCCCCCCCC,CCCCCCCCCCCC,CCCCCCCCCCCC,CCCCCCCCCCCC,0,0,0,0,0,0
99,nochange,0,,1,0,0,0,0,0,0,0,0,............,,,,0,0,0,0,0,0
990,nochange,132897,EDM_0132896,0,0,0,0,0,0,0,0,0,CC...C.C.CCC,CCCCCCCCCCCC,CCCCCCCCCCCC,CCCxCCCCCCCC,5,2,0,0,5,0
991,nochange,190068,EDM_0190067,0,0,0,0,0,0,0,0,0,CCCCCCCCCCCC,CCCCCCCCCCCC,CCCCCCCCCCCC,CCCCCCCCCCCC,0,0,0,0,0,0
992,nochange,75996,EDM_0075995,0,0,0,0,0,0,0,0,0,CCCCCCCCCCCC,CCCCCCCCCCCC,CCCCCCCCCCCC,CCCCCCCCCCCC,0,0,0,0,0,0
993,nochange,196333,EDM_0196332,0,0,3,3,3,0,1,1,1,CC.CC.CCC...,CCCCCCCCCCCC,CCCCCCCCCCCC,xCCCCCCCCC.x,5,2,0,0,5,0
995,nochange,0,,1,0,0,0,0,0,0,0,0,CCCCCCCCCCCC,,,,0,0,0,0,0,0
996,nochange,197418,EDM_0197417,0,0,0,0,0,0,0,0,0,CCCCCCCCCCCC,CCCCCCCCCCCC,CCCCCCCCCCCC,CCCCCCCCCCCC,0,0,0,0,0,0
997,nochange,10120,EDM_0010119,0,0,0,0,0,0,0,0,0,CCCCCCCCCCCC,CCCCCCCCCCCC,CCCCCCCCCCCC,CCCCCCCCCCCC,0,0,0,0,0,0
998,nochange,0,,1,0,0,0,0,0,0,0,0,CC..C....C.C,,,,0,1,0,0,0,0
999,nochange,196933,EDM_0196932,0,0,0,0,0,0,0,0,0,C.CCCCCCCCCC,CCCCCCCCCCCC,CCCCCCCCCCCC,CxCCCCCCCCCC,1,1,0,0,1,0
# gain_has_terminal_absence,0
# gain_laundered,0
# gain_laundered_crown_missing,0
# gain_laundered_crown_obs0,0
# gain_laundered_crown_obs1,0
# gain_laundered_points,0
# gain_laundered_posterior,0
# gain_n,1
# gain_term_censored,0
# gain_to_canopy,1
# gain_to_ignore,0
# gain_touched,1
# gain_triples_fixed,0
# gain_triples_fixed_posterior,0
# gain_triples_healed,0
# gain_triples_posterior,0
# gain_triples_raw,0
# loss_has_terminal_absence,11
# loss_laundered,33
# loss_laundered_crown_missing,3
# loss_laundered_crown_obs0,26
# loss_laundered_crown_obs1,4
# loss_laundered_points,11
# loss_laundered_posterior,33
# loss_n,12
# loss_term_censored,0
# loss_to_canopy,11
# loss_to_ignore,0
# loss_touched,11
# loss_triples_fixed,3
# loss_triples_fixed_posterior,3
# loss_triples_healed,0
# loss_triples_posterior,0
# loss_triples_raw,3
# nochange_has_terminal_absence,25
# nochange_laundered,40
# nochange_laundered_crown_missing,6
# nochange_laundered_crown_obs0,12
# nochange_laundered_crown_obs1,22
# nochange_laundered_points,21
# nochange_laundered_posterior,38
# nochange_n,475
# nochange_term_censored,0
# nochange_to_canopy,97
# nochange_to_ignore,0
# nochange_touched,99
# nochange_triples_fixed,111
# nochange_triples_fixed_posterior,111
# nochange_triples_healed,0
# nochange_triples_posterior,0
# nochange_triples_raw,111
# offcrown_n,726
# offcrown_triples_raw_nochange,216
# offcrown_triples_raw_loss,11
# offcrown_triples_raw_gain,1
# off_grid,0
# npz,..\phase4\qc\crown_state_v2_posterior.npz
# stack,D:\edmonds-pipeline\heal_stack_2m.npz
# placebo_seed,-1
# permutation,"[0, 1, 2, 3, 4, 5, 6, 7, 8, 9, 10, 11]"
# rates_ref,ccap_2021_hires_lc.tif
# rates_policy,scored_live
# dropped_tags,""
# n_crowns,222435
