source,row,field,bucket,today,exported,ratio,explanation
tracker,1,Journal/Source,format,Neural Computing & Applications,Neural Computing and Applications,,the two cells normalise equal
tracker,3,Journal/Source,format,Methods in Ecology & Evolution,Methods in Ecology and Evolution,,the two cells normalise equal
tracker,4,Title,format,Individual tree-crown detection in RGB imagery using semi-supervised deep learning neural networks,Individual Tree-Crown Detection in RGB Imagery Using Semi-Supervised Deep Learning Neural Networks,,the two cells normalise equal
tracker,5,Title,format,Accurate delineation of individual tree crowns in tropical forests from aerial RGB imagery using Mask R-CNN,Accurate delineation of individual tree crowns in tropical forests from aerial RGB imagery using Mask R‐CNN,,the two cells normalise equal
tracker,5,Journal/Source,format,Remote Sensing in Ecology & Conservation,Remote Sensing in Ecology and Conservation,,the two cells normalise equal
tracker,8,Title,explained,Tree crown detection and delineation in a temperate deciduous forest from UAV RGB imagery: Effects of spatial resolution and species characteristics,Tree Crown Detection and Delineation in a Temperate Deciduous Forest from UAV RGB Imagery Using Deep Learning Approaches: Effects of Spatial Resolution and Species Characteristics,0.9046,discrepancies: claimed='Tree crown detection and delineation in a temperate deciduous forest from UAV RGB imagery: Effects of spatial resolution and species characteristics' registry='Tree Crown Detection and Delineation in a Temperate Deciduous Forest from UAV RGB Imagery Using Deep Learning Approaches: Effects of Spatial Resolution and Species Characteristics'
tracker,8,Feeds,format,report LIT_HUNT_FINAL_2026-09-06.md#§2c.,report LIT_HUNT_FINAL_2026-09-06.md#§2c,,the two cells normalise equal
tracker,9,Author(s),explained,"Zhao, Y. et al.","Zhao, H. et al.",,"discrepancies: claimed='Zhao, Y. et al.' registry='Zhao, H. et al.'"
tracker,9,Title,format,A systematic review of individual tree crown detection and delineation with convolutional neural networks (CNN),A Systematic Review of Individual Tree Crown Detection and Delineation with Convolutional Neural Networks (CNN),,the two cells normalise equal
tracker,11,Journal/Source,format,PLOS ONE,PLOS One,,the two cells normalise equal
tracker,13,Journal/Source,explained,ISPRS Open J. Photogramm. Remote Sens.,ISPRS Open Journal of Photogrammetry and Remote Sensing,0.7778,discrepancies: claimed='ISPRS Open J. Photogramm. Remote Sens.' registry='ISPRS Open Journal of Photogrammetry and Remote Sensing'
tracker,14,Title,format,"Relative radiometric normalization using several automatically chosen reference images for multi-sensor, multi-temporal series","RELATIVE RADIOMETRIC NORMALIZATION USING SEVERAL AUTOMATICALLY CHOSEN REFERENCE IMAGES FOR MULTI-SENSOR, MULTI-TEMPORAL SERIES",,the two cells normalise equal
tracker,14,Journal/Source,explained,ISPRS Annals,"ISPRS Annals of the Photogrammetry, Remote Sensing and Spatial Information Sciences",0.2553,"discrepancies: claimed='ISPRS Annals' registry='ISPRS Annals of the Photogrammetry, Remote Sensing and Spatial Information Sciences'"
tracker,15,Title,explained,Automatic relative radiometric normalization of bi-temporal satellite images using coarse-to-fine PIF selection and fuzzy integral fusion,Automatic Relative Radiometric Normalization of Bi-Temporal Satellite Images Using a Coarse-to-Fine Pseudo-Invariant Features Selection and Fuzzy Integral Fusion Strategies,0.8867,discrepancies: claimed='Automatic relative radiometric normalization of bi-temporal satellite images using coarse-to-fine PIF selection and fuzzy integral fusion' registry='Automatic Relative Radiometric Normalization of Bi-Temporal Satellite Images Using a Coarse-to-Fine Pseudo-Invariant Features Selection and Fuzzy Integral Fusion Strategies'
tracker,16,Title,format,A survey of active learning algorithms for supervised remote sensing image classification,A Survey of Active Learning Algorithms for Supervised Remote Sensing Image Classification,,the two cells normalise equal
tracker,16,Journal/Source,explained,IEEE J. Selected Topics in Signal Processing,IEEE Journal of Selected Topics in Signal Processing,0.9053,discrepancies: claimed='IEEE J. Selected Topics in Signal Processing' registry='IEEE Journal of Selected Topics in Signal Processing'
tracker,18,Journal/Source,explained,Int. J. Remote Sensing,International Journal of Remote Sensing,0.678,discrepancies: claimed='Int. J. Remote Sensing' registry='International Journal of Remote Sensing'
tracker,18,Feeds,format,report LIT_HUNT_MASTER_2026-09-06.md#§4.,report LIT_HUNT_MASTER_2026-09-06.md#§4,,the two cells normalise equal
tracker,21,Author(s),explained,"Dai, X. & Khorram, S.","Xiaolong Dai & Khorram, S.",,"discrepancies: claimed='Dai, X. & Khorram, S.' registry='Xiaolong Dai & Khorram, S.'"
tracker,21,Journal/Source,explained,IEEE Trans. Geoscience & Remote Sensing,IEEE Transactions on Geoscience and Remote Sensing,0.8372,discrepancies: claimed='IEEE Trans. Geoscience & Remote Sensing' registry='IEEE Transactions on Geoscience and Remote Sensing'
tracker,26,Title,format,Image misregistration error in change measurements,Image Misregistration Error in Change Measurements,,the two cells normalise equal
tracker,26,Journal/Source,explained,Photogrammetric Eng. & Remote Sensing,Photogrammetric Engineering &amp; Remote Sensing,0.85,discrepancies: claimed='Photogrammetric Eng. & Remote Sensing' registry='Photogrammetric Engineering &amp; Remote Sensing'
tracker,32,Author(s),explained,"Wang, M. & Fan, H.","Wang, Z. et al.",,"discrepancies: claimed='Wang, M. & Fan, H.' registry='Wang, Z. et al.'"
tracker,32,Title,format,Application and evaluation of a deep learning architecture to urban tree canopy mapping,Application and Evaluation of a Deep Learning Architecture to Urban Tree Canopy Mapping,,the two cells normalise equal
tracker,32,Feeds,format,report LIT_HUNT_MASTER_2026-09-06.md#§3.,report LIT_HUNT_MASTER_2026-09-06.md#§3,,the two cells normalise equal
tracker,34,Title,explained,Deep Siamese domain adaptation CNN for cross-domain change detection in multispectral images,Deep Siamese Domain Adaptation Convolutional Neural Network for Cross-domain Change Detection in Multispectral Images,0.8804,discrepancies: claimed='Deep Siamese domain adaptation CNN for cross-domain change detection in multispectral images' registry='Deep Siamese Domain Adaptation Convolutional Neural Network for Cross-domain Change Detection in Multispectral Images'
tracker,34,Journal/Source,explained,IEEE IGARSS,arXiv,0.25,discrepancies: claimed='IEEE IGARSS' registry='arXiv'
tracker,41,Title,explained,Universal Language Model Fine-tuning for Text Classification (ULMFiT),Universal Language Model Fine-tuning for Text Classification,0.9449,discrepancies: claimed='Universal Language Model Fine-tuning for Text Classification (ULMFiT)' registry='Universal Language Model Fine-tuning for Text Classification'
tracker,41,Journal/Source,explained,ACL,Proceedings of the 56th Annual Meeting of the Association for Computational Linguistics (Volume 1: Long Papers),0.0541,discrepancies: claimed='ACL' registry='Proceedings of the 56th Annual Meeting of the Association for Computational Linguistics (Volume 1: Long Papers)'
tracker,42,Author(s),explained,"Burmeister, J. et al.","Burmeister, J.M. et al.",,"discrepancies: claimed='Burmeister, J. et al.' registry='Burmeister, J.M. et al.'"
tracker,42,Title,format,Fine-tuning DeepForest for forest tree detection in high-resolution UAV imagery,Fine-Tuning DeepForest for Forest Tree Detection in High-Resolution UAV Imagery,,the two cells normalise equal
tracker,42,Journal/Source,explained,ISPRS Archives,"The International Archives of the Photogrammetry, Remote Sensing and Spatial Information Sciences",0.2,"discrepancies: claimed='ISPRS Archives' registry='The International Archives of the Photogrammetry, Remote Sensing and Spatial Information Sciences'"
tracker,43,Title,format,AutoLR: Layer-wise pruning and auto-tuning of learning rates in fine-tuning of deep networks,AutoLR: Layer-wise Pruning and Auto-tuning of Learning Rates in Fine-tuning of Deep Networks,,the two cells normalise equal
tracker,43,Journal/Source,explained,arXiv preprint,arXiv,0.5263,discrepancies: claimed='arXiv preprint' registry='arXiv'
tracker,43,Feeds,format,report LIT_HUNT_FINAL_2026-09-06.md#§3c.,report LIT_HUNT_FINAL_2026-09-06.md#§3c,,the two cells normalise equal
tracker,51,Title,format,Applicability of Green-Red Vegetation Index for remote sensing of vegetation phenology,Applicability of Green-Red Vegetation Index for Remote Sensing of Vegetation Phenology,,the two cells normalise equal
tracker,58,Title,format,"Cross-validation strategies for data with temporal, spatial, hierarchical, or phylogenetic structure","Cross‐validation strategies for data with temporal, spatial, hierarchical, or phylogenetic structure",,the two cells normalise equal
tracker,60,Year,explained,2019,2018,,discrepancies: claimed='2019' registry='2018'
tracker,60,Title,explained,blockCV: An R package for generating spatially or environmentally separated folds for k-fold cross-validation of species distribution models,block CV : An r package for generating spatially or environmentally separated folds for k ‐fold cross‐validation of species distribution models,0.9857,discrepancies: claimed='blockCV: An R package for generating spatially or environmentally separated folds for k-fold cross-validation of species distribution models' registry='block CV : An r package for generating spatially or environmentally separated folds for k ‐fold cross‐validation of species distribution models'
tracker,60,Journal/Source,format,Methods in Ecology & Evolution,Methods in Ecology and Evolution,,the two cells normalise equal
tracker,61,Journal/Source,explained,arXiv preprint,arXiv,0.5263,discrepancies: claimed='arXiv preprint' registry='arXiv'
tracker,62,Title,format,Historical urban tree canopy cover change in two post-industrial cities,Historical Urban Tree Canopy Cover Change in Two Post-Industrial Cities,,the two cells normalise equal
tracker,63,Title,format,"Urban tree cover change in Detroit and Atlanta, USA, 1951-2010","Urban tree cover change in Detroit and Atlanta, USA, 1951–2010",,the two cells normalise equal
tracker,64,Title,format,Growing canopy on a college campus: understanding urban forest change through archival records and aerial photography,Growing Canopy on a College Campus: Understanding Urban Forest Change through Archival Records and Aerial Photography,,the two cells normalise equal
tracker,68,Journal/Source,explained,"Journal of Environmental Management 356, 120542",Journal of Environmental Management,0.8642,"discrepancies: claimed='Journal of Environmental Management 356, 120542' registry='Journal of Environmental Management'"
tracker,69,Journal/Source,explained,"Remote Sensing of Environment 148, 42-57",Remote Sensing of Environment,0.8529,"discrepancies: claimed='Remote Sensing of Environment 148, 42-57' registry='Remote Sensing of Environment'"
tracker,70,Journal/Source,explained,"Remote Sensing of Environment 129, 122-131",Remote Sensing of Environment,0.8286,"discrepancies: claimed='Remote Sensing of Environment 129, 122-131' registry='Remote Sensing of Environment'"
tracker,70,Feeds,format,report LIT_HUNT_FINAL_2026-09-06.md#§5.,report LIT_HUNT_FINAL_2026-09-06.md#§5,,the two cells normalise equal
tracker,71,Journal/Source,explained,"Remote Sensing of Environment 231, 111199",Remote Sensing of Environment,0.8406,"discrepancies: claimed='Remote Sensing of Environment 231, 111199' registry='Remote Sensing of Environment'"
tracker,72,Journal/Source,explained,"International Journal of Remote Sensing 35, 4923-4939",International Journal of Remote Sensing,0.8571,"discrepancies: claimed='International Journal of Remote Sensing 35, 4923-4939' registry='International Journal of Remote Sensing'"
tracker,72,Feeds,format,report LIT_HUNT_FINAL_2026-09-06.md#§3a.,report LIT_HUNT_FINAL_2026-09-06.md#§3a,,the two cells normalise equal
tracker,73,Journal/Source,explained,"Remote Sensing of Environment 168, 126-133",Remote Sensing of Environment,0.8286,"discrepancies: claimed='Remote Sensing of Environment 168, 126-133' registry='Remote Sensing of Environment'"
tracker,74,Journal/Source,explained,"Remote Sensing of Environment 300, 113881",Remote Sensing of Environment,0.8406,"discrepancies: claimed='Remote Sensing of Environment 300, 113881' registry='Remote Sensing of Environment'"
tracker,75,Author(s),explained,"Radoux, J., Waldner, F. & Bogaert, P.","Radoux, J. et al.",,"discrepancies: claimed='Radoux, J., Waldner, F. & Bogaert, P.' registry='Radoux, J. et al.'"
tracker,75,Title,format,How response designs and class proportions affect the accuracy of validation data,How Response Designs and Class Proportions Affect the Accuracy of Validation Data,,the two cells normalise equal
tracker,75,Journal/Source,explained,"Remote Sensing 12(2), 257",Remote Sensing,0.7568,"discrepancies: claimed='Remote Sensing 12(2), 257' registry='Remote Sensing'"
tracker,76,Author(s),explained,"Pontius, R.G. Jr. & Millones, M.","Pontius, R.G. & Millones, M.",,"discrepancies: claimed='Pontius, R.G. Jr. & Millones, M.' registry='Pontius, R.G. & Millones, M.'"
tracker,76,Journal/Source,explained,"International Journal of Remote Sensing 32, 4407-4429",International Journal of Remote Sensing,0.8571,"discrepancies: claimed='International Journal of Remote Sensing 32, 4407-4429' registry='International Journal of Remote Sensing'"
tracker,77,Author(s),explained,"McCombs, J.W., Herold, N.D., Burkhalter, S.G. & Robinson, C.J.","McCombs, J.W. et al.",,"discrepancies: claimed='McCombs, J.W., Herold, N.D., Burkhalter, S.G. & Robinson, C.J.' registry='McCombs, J.W. et al.'"
tracker,77,Title,format,Accuracy assessment of NOAA Coastal Change Analysis Program 2006-2010 land cover and land cover change data,Accuracy Assessment of NOAA Coastal Change Analysis Program 2006-2010 Land Cover and Land Cover Change Data,,the two cells normalise equal
tracker,77,Journal/Source,explained,"Photogrammetric Engineering & Remote Sensing 82(9), 711-718",Photogrammetric Engineering &amp; Remote Sensing,0.8317,"discrepancies: claimed='Photogrammetric Engineering & Remote Sensing 82(9), 711-718' registry='Photogrammetric Engineering &amp; Remote Sensing'"
tracker,78,Journal/Source,explained,GIScience & Remote Sensing 60,GIScience &amp; Remote Sensing,0.8727,discrepancies: claimed='GIScience & Remote Sensing 60' registry='GIScience &amp; Remote Sensing'
tracker,79,Journal/Source,explained,"Remote Sensing of Environment 114, 2271-2285",Remote Sensing of Environment,0.8056,"discrepancies: claimed='Remote Sensing of Environment 114, 2271-2285' registry='Remote Sensing of Environment'"
tracker,79,Feeds,format,report LIT_HUNT_FINAL_2026-09-06.md#§5.,report LIT_HUNT_FINAL_2026-09-06.md#§5,,the two cells normalise equal
tracker,80,Title,format,Global and local assessment of image classification quality on an overall and per-class basis without ground reference data,Global and Local Assessment of Image Classification Quality on an Overall and Per-Class Basis without Ground Reference Data,,the two cells normalise equal
tracker,80,Journal/Source,explained,"Remote Sensing 14(21), 5380",Remote Sensing,0.7179,"discrepancies: claimed='Remote Sensing 14(21), 5380' registry='Remote Sensing'"
tracker,81,Author(s),explained,"Gutierrez-Velez, V.H. et al.","Gutiérrez-Vélez, V.H. et al.",,"discrepancies: claimed='Gutierrez-Velez, V.H. et al.' registry='Gutiérrez-Vélez, V.H. et al.'"
tracker,81,Journal/Source,explained,GIScience & Remote Sensing 61,GIScience &amp; Remote Sensing,0.8727,discrepancies: claimed='GIScience & Remote Sensing 61' registry='GIScience &amp; Remote Sensing'
tracker,82,Journal/Source,explained,Environmental Monitoring and Assessment 193,Environmental Monitoring and Assessment,0.9512,discrepancies: claimed='Environmental Monitoring and Assessment 193' registry='Environmental Monitoring and Assessment'
tracker,83,Title,format,"Tree canopy extent and height change in Europe, 2001-2021, quantified using Landsat data archive","Tree canopy extent and height change in Europe, 2001–2021, quantified using Landsat data archive",,the two cells normalise equal
tracker,83,Journal/Source,explained,"Remote Sensing of Environment 298, 113797",Remote Sensing of Environment,0.8406,"discrepancies: claimed='Remote Sensing of Environment 298, 113797' registry='Remote Sensing of Environment'"
tracker,84,Author(s),explained,"Moudry, V. et al.","Moudrý, V. et al.",,"discrepancies: claimed='Moudry, V. et al.' registry='Moudrý, V. et al.'"
tracker,84,Journal/Source,explained,Ecosphere 15,Ecosphere,0.8571,discrepancies: claimed='Ecosphere 15' registry='Ecosphere'
tracker,85,Author(s),explained,"Ferraz, A., Saatchi, S., Mallet, C. & Meyer, V.","Ferraz, A. et al.",,"discrepancies: claimed='Ferraz, A., Saatchi, S., Mallet, C. & Meyer, V.' registry='Ferraz, A. et al.'"
tracker,85,Journal/Source,explained,"Remote Sensing of Environment 183, 318-333",Remote Sensing of Environment,0.8286,"discrepancies: claimed='Remote Sensing of Environment 183, 318-333' registry='Remote Sensing of Environment'"
tracker,86,Author(s),explained,"Hamraz, H., Contreras, M.A. & Zhang, J.","Hamraz, H. et al.",,"discrepancies: claimed='Hamraz, H., Contreras, M.A. & Zhang, J.' registry='Hamraz, H. et al.'"
tracker,86,Journal/Source,explained,Scientific Reports 7,Scientific Reports,0.9474,discrepancies: claimed='Scientific Reports 7' registry='Scientific Reports'
tracker,87,Author(s),explained,"Clark, A., Phinn, S. & Scarth, P.","Clark, A. et al.",,"discrepancies: claimed='Clark, A., Phinn, S. & Scarth, P.' registry='Clark, A. et al.'"
tracker,87,Title,format,Pre-processing training data improves accuracy and generalisability of convolutional neural network based landscape semantic segmentation,Pre-Processing Training Data Improves Accuracy and Generalisability of Convolutional Neural Network Based Landscape Semantic Segmentation,,the two cells normalise equal
tracker,87,Journal/Source,explained,"Land 12(7), 1268",Land,0.4444,"discrepancies: claimed='Land 12(7), 1268' registry='Land'"
tracker,88,Journal/Source,explained,"ISPRS Journal of Photogrammetry and Remote Sensing 198, 1-15",ISPRS Journal of Photogrammetry and Remote Sensing,0.9174,"discrepancies: claimed='ISPRS Journal of Photogrammetry and Remote Sensing 198, 1-15' registry='ISPRS Journal of Photogrammetry and Remote Sensing'"
tracker,89,Title,format,Pseudo-labeling and confirmation bias in deep semi-supervised learning,Pseudo-Labeling and Confirmation Bias in Deep Semi-Supervised Learning,,the two cells normalise equal
tracker,89,Journal/Source,explained,"2020 International Joint Conference on Neural Networks (IJCNN), 1-8",2020 International Joint Conference on Neural Networks (IJCNN),0.9677,"discrepancies: claimed='2020 International Joint Conference on Neural Networks (IJCNN), 1-8' registry='2020 International Joint Conference on Neural Networks (IJCNN)'"
tracker,90,Journal/Source,explained,"International Journal of Remote Sensing 30, 5345-5364",International Journal of Remote Sensing,0.8571,"discrepancies: claimed='International Journal of Remote Sensing 30, 5345-5364' registry='International Journal of Remote Sensing'"
tracker,91,Author(s),explained,"Moraes, D., Campagnolo, M.L. & Caetano, M.","Moraes, D. et al.",,"discrepancies: claimed='Moraes, D., Campagnolo, M.L. & Caetano, M.' registry='Moraes, D. et al.'"
tracker,91,Journal/Source,explained,European Journal of Remote Sensing 57,European Journal of Remote Sensing,0.9577,discrepancies: claimed='European Journal of Remote Sensing 57' registry='European Journal of Remote Sensing'
tracker,92,Title,format,Human-annotated label noise and their impact on ConvNets for remote sensing image scene classification,Human-Annotated Label Noise and Their Impact on ConvNets for Remote Sensing Image Scene Classification,,the two cells normalise equal
tracker,92,Journal/Source,explained,"IEEE JSTARS 18, 1500-1514",IEEE Journal of Selected Topics in Applied Earth Observations and Remote Sensing,0.2692,"discrepancies: claimed='IEEE JSTARS 18, 1500-1514' registry='IEEE Journal of Selected Topics in Applied Earth Observations and Remote Sensing'"
tracker,92,Feeds,format,report LIT_HUNT_MASTER_2026-09-06.md#§8.,report LIT_HUNT_MASTER_2026-09-06.md#§8,,the two cells normalise equal
tracker,93,Author(s),explained,"Tang, Y., Zhang, G., Liu, J.K. & Qin, R.","Tang, Y. et al.",,"discrepancies: claimed='Tang, Y., Zhang, G., Liu, J.K. & Qin, R.' registry='Tang, Y. et al.'"
tracker,93,Journal/Source,explained,"International Journal of Remote Sensing 46, 1913-1937",International Journal of Remote Sensing,0.8571,"discrepancies: claimed='International Journal of Remote Sensing 46, 1913-1937' registry='International Journal of Remote Sensing'"
tracker,93,Feeds,format,report LIT_HUNT_MASTER_2026-09-06.md#§4.,report LIT_HUNT_MASTER_2026-09-06.md#§4,,the two cells normalise equal
tracker,94,Journal/Source,explained,"Remote Sensing of Environment 305, 114099",Remote Sensing of Environment,0.8406,"discrepancies: claimed='Remote Sensing of Environment 305, 114099' registry='Remote Sensing of Environment'"
tracker,95,Author(s),explained,"Allred, B.W., McCord, S.E. & Morford, S.L.","Allred, B.W. et al.",,"discrepancies: claimed='Allred, B.W., McCord, S.E. & Morford, S.L.' registry='Allred, B.W. et al.'"
tracker,95,Journal/Source,explained,Scientific Data 12,Scientific Data,0.9091,discrepancies: claimed='Scientific Data 12' registry='Scientific Data'
tracker,96,Journal/Source,explained,"International Journal of Remote Sensing 41, 5228-5256",International Journal of Remote Sensing,0.8571,"discrepancies: claimed='International Journal of Remote Sensing 41, 5228-5256' registry='International Journal of Remote Sensing'"
tracker,97,Author(s),explained,"Zhang, H., Yang, C. & Fan, X.","Zhang, H. et al.",,"discrepancies: claimed='Zhang, H., Yang, C. & Fan, X.' registry='Zhang, H. et al.'"
tracker,97,Title,format,MTCDNet: Multimodal feature fusion-based tree crown detection network using UAV-acquired optical imagery and LiDAR data,MTCDNet: Multimodal Feature Fusion-Based Tree Crown Detection Network Using UAV-Acquired Optical Imagery and LiDAR Data,,the two cells normalise equal
tracker,97,Journal/Source,explained,"Remote Sensing 17(12), 1996",Remote Sensing,0.7179,"discrepancies: claimed='Remote Sensing 17(12), 1996' registry='Remote Sensing'"
tracker,98,Author(s),explained,"Sierra, S., Ramo, R., Padilla, M. & Cobo, A.","Sierra, S. et al.",,"discrepancies: claimed='Sierra, S., Ramo, R., Padilla, M. & Cobo, A.' registry='Sierra, S. et al.'"
tracker,98,Title,format,"Assessing the impact of LiDAR density and input features on forest canopy height estimation through XGBoost, CNN, and CNN + Transformer approaches","Assessing the Impact of LiDAR Density and Input Features on Forest Canopy Height Estimation Through XGBoost, CNN, and CNN + Transformer Approaches",,the two cells normalise equal
tracker,98,Journal/Source,explained,"Remote Sensing 18(4), 584",Remote Sensing,0.7568,"discrepancies: claimed='Remote Sensing 18(4), 584' registry='Remote Sensing'"
tracker,99,Journal/Source,explained,"Remote Sensing of Environment 238, 111261",Remote Sensing of Environment,0.8406,"discrepancies: claimed='Remote Sensing of Environment 238, 111261' registry='Remote Sensing of Environment'"
tracker,99,Feeds,format,report LIT_HUNT_MASTER_2026-09-06.md#§8.,report LIT_HUNT_MASTER_2026-09-06.md#§8,,the two cells normalise equal
tracker,100,Journal/Source,explained,"Remote Sensing of Environment 269, 112806",Remote Sensing of Environment,0.8406,"discrepancies: claimed='Remote Sensing of Environment 269, 112806' registry='Remote Sensing of Environment'"
tracker,101,Journal/Source,explained,"Remote Sensing of Environment 311, 114289",Remote Sensing of Environment,0.8406,"discrepancies: claimed='Remote Sensing of Environment 311, 114289' registry='Remote Sensing of Environment'"
tracker,102,Journal/Source,explained,"International Journal of Digital Earth 14, 52-70",International Journal of Digital Earth,0.8941,"discrepancies: claimed='International Journal of Digital Earth 14, 52-70' registry='International Journal of Digital Earth'"
tracker,103,Title,format,Assessing interpreter's disagreements in land cover reference data collection from historical Landsat time series in Amazon,Assessing interpreter’s disagreements in land cover reference data collection from historical Landsat time series in Amazon,,the two cells normalise equal
tracker,103,Journal/Source,explained,"International Journal of Remote Sensing 45, 5192-5223",International Journal of Remote Sensing,0.8571,"discrepancies: claimed='International Journal of Remote Sensing 45, 5192-5223' registry='International Journal of Remote Sensing'"
tracker,104,Journal/Source,explained,"Urban Forestry & Urban Greening 20, 160-171",Urban Forestry &amp; Urban Greening,0.7945,"discrepancies: claimed='Urban Forestry & Urban Greening 20, 160-171' registry='Urban Forestry &amp; Urban Greening'"
tracker,105,Title,format,Geospatial methods for tree canopy assessment: A case study of an urbanized college campus,Geospatial Methods for Tree Canopy Assessment: A Case Study of an Urbanized College Campus,,the two cells normalise equal
tracker,105,Journal/Source,explained,"Arboriculture & Urban Forestry 46, 51-65",Arboriculture &amp; Urban Forestry,0.8116,"discrepancies: claimed='Arboriculture & Urban Forestry 46, 51-65' registry='Arboriculture &amp; Urban Forestry'"
tracker,106,Journal/Source,explained,Landscape Ecology 41,Landscape Ecology,0.9189,discrepancies: claimed='Landscape Ecology 41' registry='Landscape Ecology'
tracker,106,Feeds,format,report LIT_HUNT_MASTER_2026-09-06.md#§3.,report LIT_HUNT_MASTER_2026-09-06.md#§3,,the two cells normalise equal
tracker,107,Author(s),explained,"Luo, M., Zan, Y., Khoshelham, K. & Ji, S.","Luo, M. et al.",,"discrepancies: claimed='Luo, M., Zan, Y., Khoshelham, K. & Ji, S.' registry='Luo, M. et al.'"
tracker,107,Journal/Source,explained,"ISPRS Journal of Photogrammetry and Remote Sensing 230, 126-146",ISPRS Journal of Photogrammetry and Remote Sensing,0.8929,"discrepancies: claimed='ISPRS Journal of Photogrammetry and Remote Sensing 230, 126-146' registry='ISPRS Journal of Photogrammetry and Remote Sensing'"
tracker,108,Journal/Source,explained,"International Journal of Remote Sensing 47, 4934-4964",International Journal of Remote Sensing,0.8571,"discrepancies: claimed='International Journal of Remote Sensing 47, 4934-4964' registry='International Journal of Remote Sensing'"
tracker,109,Title,format,"Reconstructing a century of urban growth through deep learning-based colorization and segmentation of historical aerial and satellite imagery: Les Sables-d'Olonne, France (1920-2024)","Reconstructing a Century of Urban Growth Through Deep Learning-Based Colorization and Segmentation of Historical Aerial and Satellite Imagery: Les Sables-d’Olonne, France (1920–2024)",,the two cells normalise equal
tracker,109,Journal/Source,explained,"Remote Sensing 18, 1517",Remote Sensing,0.7778,"discrepancies: claimed='Remote Sensing 18, 1517' registry='Remote Sensing'"
tracker,110,Title,explained,D2FT-Net: Frequency-spatial dual domain fine-tuning of vision foundation models for remote sensing domain generalization semantic segmentation,D 2 FT-Net: Frequency–Spatial Dual Domain Fine-Tuning of Vision Foundation Models for Remote Sensing Domain Generalization Semantic Segmentation,0.9859,discrepancies: claimed='D2FT-Net: Frequency-spatial dual domain fine-tuning of vision foundation models for remote sensing domain generalization semantic segmentation' registry='D 2 FT-Net: Frequency–Spatial Dual Domain Fine-Tuning of Vision Foundation Models for Remote Sensing Domain Generalization Semantic Segmentation'
tracker,110,Journal/Source,explained,"IEEE Transactions on Geoscience and Remote Sensing 64, 5621016",IEEE Transactions on Geoscience and Remote Sensing,0.9009,"discrepancies: claimed='IEEE Transactions on Geoscience and Remote Sensing 64, 5621016' registry='IEEE Transactions on Geoscience and Remote Sensing'"
tracker,111,Year,explained,2025,2026,,discrepancies: claimed='2025' registry='2026'
tracker,111,Title,format,CrossEarth: Geospatial vision foundation model for domain generalizable remote sensing semantic segmentation,CrossEarth: Geospatial Vision Foundation Model for Domain Generalizable Remote Sensing Semantic Segmentation,,the two cells normalise equal
tracker,111,Journal/Source,explained,arXiv:2410.22629 (PREPRINT - not peer reviewed),IEEE Transactions on Pattern Analysis and Machine Intelligence,0.2286,discrepancies: claimed='arXiv:2410.22629 (PREPRINT - not peer reviewed)' registry='IEEE Transactions on Pattern Analysis and Machine Intelligence'
tracker,111,DOI/URL,explained,https://arxiv.org/abs/2410.22629,https://doi.org/10.1109/tpami.2025.3649001,,discrepancies: claimed=None registry='10.1109/tpami.2025.3649001'
tracker,114,Author(s),explained,"Wang, Q., Fink, O., Van Gool, L. & Dai, D.","Wang, Q. et al.",,"discrepancies: claimed='Wang, Q., Fink, O., Van Gool, L. & Dai, D.' registry='Wang, Q. et al.'"
tracker,114,Title,format,Continual test-time domain adaptation,Continual Test-Time Domain Adaptation,,the two cells normalise equal
tracker,114,Journal/Source,explained,"Proceedings of the IEEE/CVF CVPR 2022, 7191-7201",2022 IEEE/CVF Conference on Computer Vision and Pattern Recognition (CVPR),0.2353,"discrepancies: claimed='Proceedings of the IEEE/CVF CVPR 2022, 7191-7201' registry='2022 IEEE/CVF Conference on Computer Vision and Pattern Recognition (CVPR)'"
tracker,114,Feeds,format,report LIT_HUNT_MASTER_2026-09-06.md#§3.,report LIT_HUNT_MASTER_2026-09-06.md#§3,,the two cells normalise equal
tracker,115,Author(s),explained,"Wang, P., Yao, W., Shao, J. & He, Z.","Wang, P. et al.",,"discrepancies: claimed='Wang, P., Yao, W., Shao, J. & He, Z.' registry='Wang, P. et al.'"
tracker,115,Journal/Source,explained,"ISPRS Journal of Photogrammetry and Remote Sensing 229, 422-435",ISPRS Journal of Photogrammetry and Remote Sensing,0.8929,"discrepancies: claimed='ISPRS Journal of Photogrammetry and Remote Sensing 229, 422-435' registry='ISPRS Journal of Photogrammetry and Remote Sensing'"
tracker,115,Feeds,format,report LIT_HUNT_MASTER_2026-09-06.md#§8.,report LIT_HUNT_MASTER_2026-09-06.md#§8,,the two cells normalise equal
tracker,116,Journal/Source,explained,"Earth-Science Reviews 263, 105070",Earth-Science Reviews,0.7925,"discrepancies: claimed='Earth-Science Reviews 263, 105070' registry='Earth-Science Reviews'"
tracker,118,Author(s),explained,"Ding, Z., Han, X., Liu, P. & Niethammer, M.","Ding, Z. et al.",,"discrepancies: claimed='Ding, Z., Han, X., Liu, P. & Niethammer, M.' registry='Ding, Z. et al.'"
tracker,118,Title,format,Local temperature scaling for probability calibration,Local Temperature Scaling for Probability Calibration,,the two cells normalise equal
tracker,118,Journal/Source,explained,"Proceedings of the IEEE/CVF ICCV 2021, 6869-6879",2021 IEEE/CVF International Conference on Computer Vision (ICCV),0.2569,"discrepancies: claimed='Proceedings of the IEEE/CVF ICCV 2021, 6869-6879' registry='2021 IEEE/CVF International Conference on Computer Vision (ICCV)'"
tracker,119,Journal/Source,explained,"Scientific Reports 14, 16166",Scientific Reports,0.8,"discrepancies: claimed='Scientific Reports 14, 16166' registry='Scientific Reports'"
tracker,121,Title,format,Conformal prediction for image segmentation using morphological prediction sets,Conformal Prediction for Image Segmentation Using Morphological Prediction Sets,,the two cells normalise equal
tracker,121,Journal/Source,explained,"MICCAI 2025, Lecture Notes in Computer Science, 78-88",Lecture Notes in Computer Science,0.7857,"discrepancies: claimed='MICCAI 2025, Lecture Notes in Computer Science, 78-88' registry='Lecture Notes in Computer Science'"
tracker,123,Author(s),explained,"Lu, K., Kluger, D.M., Bates, S. & Wang, S.","Lu, K. et al.",,"discrepancies: claimed='Lu, K., Kluger, D.M., Bates, S. & Wang, S.' registry='Lu, K. et al.'"
tracker,123,Title,format,Conformal prediction sets for instance segmentation,Conformal Prediction Sets for Instance Segmentation,,the two cells normalise equal
tracker,123,Journal/Source,explained,arXiv:2602.10045 (PREPRINT),arXiv,0.3333,discrepancies: claimed='arXiv:2602.10045 (PREPRINT)' registry='arXiv'
tracker,123,DOI/URL,explained,https://arxiv.org/abs/2602.10045,https://doi.org/10.48550/arxiv.2602.10045,,discrepancies: claimed=None registry='10.48550/arXiv.2602.10045'
tracker,123,Feeds,format,report LIT_HUNT_FINAL_2026-09-06.md#§5.,report LIT_HUNT_FINAL_2026-09-06.md#§5,,the two cells normalise equal
tracker,125,Author(s),explained,"Barber, R.F., Candes, E.J., Ramdas, A. & Tibshirani, R.J.","Barber, R.F. et al.",,"discrepancies: claimed='Barber, R.F., Candes, E.J., Ramdas, A. & Tibshirani, R.J.' registry='Barber, R.F. et al.'"
tracker,125,Journal/Source,explained,The Annals of Statistics 51(2),The Annals of Statistics,0.9057,discrepancies: claimed='The Annals of Statistics 51(2)' registry='The Annals of Statistics'
tracker,126,Journal/Source,explained,"Neural Computing and Applications 35, 18187-18199",Neural Computing and Applications,0.8148,"discrepancies: claimed='Neural Computing and Applications 35, 18187-18199' registry='Neural Computing and Applications'"
tracker,128,Author(s),explained,"Serov, E., Koldasbayeva, D. & Zaytsev, A.","Serov, E. et al.",,"discrepancies: claimed='Serov, E., Koldasbayeva, D. & Zaytsev, A.' registry='Serov, E. et al.'"
tracker,128,Journal/Source,explained,Scientific Reports 16,Scientific Reports,0.9231,discrepancies: claimed='Scientific Reports 16' registry='Scientific Reports'
tracker,129,Journal/Source,explained,"Machine Learning 92, 349-376",Machine Learning,0.7442,"discrepancies: claimed='Machine Learning 92, 349-376' registry='Machine Learning'"
tracker,130,Title,format,Conformal prediction: A gentle introduction,Conformal Prediction: A Gentle Introduction,,the two cells normalise equal
tracker,130,Journal/Source,explained,"Foundations and Trends in Machine Learning 16(4), 494-591",Foundations and Trends® in Machine Learning,0.8571,"discrepancies: claimed='Foundations and Trends in Machine Learning 16(4), 494-591' registry='Foundations and Trends® in Machine Learning'"
tracker,134,Author(s),explained,"Capliez, E., Ienco, D., Gaetano, R., Baghdadi, N. & Hadj Salah, A.","Capliez, E. et al.",,"discrepancies: claimed='Capliez, E., Ienco, D., Gaetano, R., Baghdadi, N. & Hadj Salah, A.' registry='Capliez, E. et al.'"
tracker,134,Title,format,Temporal-domain adaptation for satellite image time-series land-cover mapping with adversarial learning and spatially aware self-training,Temporal-Domain Adaptation for Satellite Image Time-Series Land-Cover Mapping With Adversarial Learning and Spatially Aware Self-Training,,the two cells normalise equal
tracker,134,Journal/Source,explained,"IEEE JSTARS 16, 3645-3675",IEEE Journal of Selected Topics in Applied Earth Observations and Remote Sensing,0.2692,"discrepancies: claimed='IEEE JSTARS 16, 3645-3675' registry='IEEE Journal of Selected Topics in Applied Earth Observations and Remote Sensing'"
tracker,135,Journal/Source,explained,"International Journal of Applied Earth Observation and Geoinformation 137, 104426",International Journal of Applied Earth Observation and Geoinformation,0.9262,"discrepancies: claimed='International Journal of Applied Earth Observation and Geoinformation 137, 104426' registry='International Journal of Applied Earth Observation and Geoinformation'"
tracker,136,Title,format,FDA: Fourier domain adaptation for semantic segmentation,FDA: Fourier Domain Adaptation for Semantic Segmentation,,the two cells normalise equal
tracker,136,Journal/Source,explained,"Proceedings of the IEEE/CVF CVPR 2020, 4084-4094",2020 IEEE/CVF Conference on Computer Vision and Pattern Recognition (CVPR),0.2353,"discrepancies: claimed='Proceedings of the IEEE/CVF CVPR 2020, 4084-4094' registry='2020 IEEE/CVF Conference on Computer Vision and Pattern Recognition (CVPR)'"
tracker,136,Feeds,format,report LIT_HUNT_MASTER_2026-09-06.md#§8.,report LIT_HUNT_MASTER_2026-09-06.md#§8,,the two cells normalise equal
tracker,137,Author(s),explained,"Brigato, L., Barz, B., Iocchi, L. & Denzler, J.","Brigato, L. et al.",,"discrepancies: claimed='Brigato, L., Barz, B., Iocchi, L. & Denzler, J.' registry='Brigato, L. et al.'"
tracker,137,Title,format,Tune it or don't use it: Benchmarking data-efficient image classification,Tune It or Don’t Use It: Benchmarking Data-Efficient Image Classification,,the two cells normalise equal
tracker,137,Journal/Source,explained,"2nd Visual Inductive Priors for Data-Efficient Deep Learning Workshop, ICCV 2021 (arXiv:2108.13122)",2021 IEEE/CVF International Conference on Computer Vision Workshops (ICCVW),0.2722,"discrepancies: claimed='2nd Visual Inductive Priors for Data-Efficient Deep Learning Workshop, ICCV 2021 (arXiv:2108.13122)' registry='2021 IEEE/CVF International Conference on Computer Vision Workshops (ICCVW)'"
tracker,137,DOI/URL,explained,https://arxiv.org/abs/2108.13122,https://doi.org/10.1109/iccvw54120.2021.00125,,discrepancies: claimed=None registry='10.1109/iccvw54120.2021.00125'
tracker,138,Author(s),explained,"Vogeler, J.C., Braaten, J.D., Slesak, R.A. & Falkowski, M.J.","Vogeler, J.C. et al.",,"discrepancies: claimed='Vogeler, J.C., Braaten, J.D., Slesak, R.A. & Falkowski, M.J.' registry='Vogeler, J.C. et al.'"
tracker,138,Title,format,Extracting the full value of the Landsat archive: Inter-sensor harmonization for the mapping of Minnesota forest canopy cover (1973-2015),Extracting the full value of the Landsat archive: Inter-sensor harmonization for the mapping of Minnesota forest canopy cover (1973–2015),,the two cells normalise equal
tracker,138,Journal/Source,explained,"Remote Sensing of Environment 209, 363-374",Remote Sensing of Environment,0.8286,"discrepancies: claimed='Remote Sensing of Environment 209, 363-374' registry='Remote Sensing of Environment'"
tracker,139,Author(s),explained,"Li, W., Sun, K. & Wei, J.","Li, W. et al.",,"discrepancies: claimed='Li, W., Sun, K. & Wei, J.' registry='Li, W. et al.'"
tracker,139,Title,format,Adapting cross-sensor high-resolution remote sensing imagery for land use classification,Adapting Cross-Sensor High-Resolution Remote Sensing Imagery for Land Use Classification,,the two cells normalise equal
tracker,139,Journal/Source,explained,"Remote Sensing 17, 927",Remote Sensing,0.8,"discrepancies: claimed='Remote Sensing 17, 927' registry='Remote Sensing'"
tracker,139,Feeds,format,report LIT_HUNT_FINAL_2026-09-06.md#§5.,report LIT_HUNT_FINAL_2026-09-06.md#§5,,the two cells normalise equal
tracker,140,Author(s),explained,"Li, Y., Wang, N., Shi, J., Hou, X. & Liu, J.","Li, Y. et al.",,"discrepancies: claimed='Li, Y., Wang, N., Shi, J., Hou, X. & Liu, J.' registry='Li, Y. et al.'"
tracker,140,Title,format,Adaptive batch normalization for practical domain adaptation,Adaptive Batch Normalization for practical domain adaptation,,the two cells normalise equal
tracker,140,Journal/Source,explained,"Pattern Recognition 80, 109-117",Pattern Recognition,0.7755,"discrepancies: claimed='Pattern Recognition 80, 109-117' registry='Pattern Recognition'"
tracker,140,Feeds,format,report LIT_HUNT_MASTER_2026-09-06.md#§2.,report LIT_HUNT_MASTER_2026-09-06.md#§2,,the two cells normalise equal
tracker,141,Author(s),explained,"Chang, W.-G., You, T., Seo, S., Kwak, S. & Han, B.","Chang, W.G. et al.",,"discrepancies: claimed='Chang, W.-G., You, T., Seo, S., Kwak, S. & Han, B.' registry='Chang, W.G. et al.'"
tracker,141,Title,format,Domain-specific batch normalization for unsupervised domain adaptation,Domain-Specific Batch Normalization for Unsupervised Domain Adaptation,,the two cells normalise equal
tracker,141,Journal/Source,explained,"Proceedings of the IEEE/CVF CVPR 2019, 7346-7354",2019 IEEE/CVF Conference on Computer Vision and Pattern Recognition (CVPR),0.2353,"discrepancies: claimed='Proceedings of the IEEE/CVF CVPR 2019, 7346-7354' registry='2019 IEEE/CVF Conference on Computer Vision and Pattern Recognition (CVPR)'"
tracker,141,Feeds,format,report LIT_HUNT_FINAL_2026-09-06.md#§5.,report LIT_HUNT_FINAL_2026-09-06.md#§5,,the two cells normalise equal
tracker,142,Author(s),explained,"Liang, C., Li, W., Dong, Y. & Fu, W.","Liang, C. et al.",,"discrepancies: claimed='Liang, C., Li, W., Dong, Y. & Fu, W.' registry='Liang, C. et al.'"
tracker,142,Title,format,Single domain generalization method for remote sensing image segmentation via category consistency on domain randomization,Single Domain Generalization Method for Remote Sensing Image Segmentation via Category Consistency on Domain Randomization,,the two cells normalise equal
tracker,142,Journal/Source,explained,"IEEE Transactions on Geoscience and Remote Sensing 62, 1-16",IEEE Transactions on Geoscience and Remote Sensing,0.9259,"discrepancies: claimed='IEEE Transactions on Geoscience and Remote Sensing 62, 1-16' registry='IEEE Transactions on Geoscience and Remote Sensing'"
tracker,143,Author(s),explained,"Yaras, C., Kassaw, K., Huang, B., Bradbury, K. & Malof, J.M.","Yaras, C. et al.",,"discrepancies: claimed='Yaras, C., Kassaw, K., Huang, B., Bradbury, K. & Malof, J.M.' registry='Yaras, C. et al.'"
tracker,143,Title,format,Randomized histogram matching: A simple augmentation for unsupervised domain adaptation in overhead imagery,Randomized Histogram Matching: A Simple Augmentation for Unsupervised Domain Adaptation in Overhead Imagery,,the two cells normalise equal
tracker,143,Journal/Source,explained,"IEEE JSTARS 17, 1988-1998",IEEE Journal of Selected Topics in Applied Earth Observations and Remote Sensing,0.2692,"discrepancies: claimed='IEEE JSTARS 17, 1988-1998' registry='IEEE Journal of Selected Topics in Applied Earth Observations and Remote Sensing'"
tracker,144,Title,format,Boosting domain generalization in remote sensing image segmentation via style mapping and general prototypical contrast,Boosting Domain Generalization in Remote Sensing Image Segmentation via Style Mapping and General Prototypical Contrast,,the two cells normalise equal
tracker,144,Journal/Source,explained,"International Journal of Computer Vision 133, 8526-8545",International Journal of Computer Vision,0.8511,"discrepancies: claimed='International Journal of Computer Vision 133, 8526-8545' registry='International Journal of Computer Vision'"
tracker,144,Feeds,format,report LIT_HUNT_MASTER_2026-09-06.md#§8.,report LIT_HUNT_MASTER_2026-09-06.md#§8,,the two cells normalise equal
tracker,145,Author(s),explained,"Iizuka, R., Xia, J. & Yokoya, N.","Iizuka, R. et al.",,"discrepancies: claimed='Iizuka, R., Xia, J. & Yokoya, N.' registry='Iizuka, R. et al.'"
tracker,145,Title,format,Frequency-based optimal style mix for domain generalization in semantic segmentation of remote sensing images,Frequency-Based Optimal Style Mix for Domain Generalization in Semantic Segmentation of Remote Sensing Images,,the two cells normalise equal
tracker,145,Journal/Source,explained,"IEEE Transactions on Geoscience and Remote Sensing 62, 1-14",IEEE Transactions on Geoscience and Remote Sensing,0.9259,"discrepancies: claimed='IEEE Transactions on Geoscience and Remote Sensing 62, 1-14' registry='IEEE Transactions on Geoscience and Remote Sensing'"
tracker,146,Author(s),explained,"Rafi, T.H., Mahjabin, R., Ghosh, E., Ko, Y.-W. & Lee, J.-G.","Rafi, T.H. et al.",,"discrepancies: claimed='Rafi, T.H., Mahjabin, R., Ghosh, E., Ko, Y.-W. & Lee, J.-G.' registry='Rafi, T.H. et al.'"
tracker,146,Journal/Source,explained,Artificial Intelligence Review 57,Artificial Intelligence Review,0.9524,discrepancies: claimed='Artificial Intelligence Review 57' registry='Artificial Intelligence Review'
tracker,147,Author(s),explained,"Kokubu, Y., Hara, S. & Tani, A.","Kokubu, Y. et al.",,"discrepancies: claimed='Kokubu, Y., Hara, S. & Tani, A.' registry='Kokubu, Y. et al.'"
tracker,147,Title,format,Mapping seasonal tree canopy cover and leaf area using Worldview-2/3 satellite imagery: A megacity-scale case study in Tokyo urban area,Mapping Seasonal Tree Canopy Cover and Leaf Area Using Worldview-2/3 Satellite Imagery: A Megacity-Scale Case Study in Tokyo Urban Area,,the two cells normalise equal
tracker,147,Journal/Source,explained,"Remote Sensing 12, 1505",Remote Sensing,0.7778,"discrepancies: claimed='Remote Sensing 12, 1505' registry='Remote Sensing'"
tracker,148,Author(s),explained,"Kou, R., Fang, B., Chen, G. & Wang, L.","Kou, R. et al.",,"discrepancies: claimed='Kou, R., Fang, B., Chen, G. & Wang, L.' registry='Kou, R. et al.'"
tracker,148,Title,format,Progressive domain adaptation for change detection using season-varying remote sensing images,Progressive Domain Adaptation for Change Detection Using Season-Varying Remote Sensing Images,,the two cells normalise equal
tracker,148,Journal/Source,explained,"Remote Sensing 12, 3815",Remote Sensing,0.7778,"discrepancies: claimed='Remote Sensing 12, 3815' registry='Remote Sensing'"
tracker,149,Author(s),explained,"Lasko, K., Pan, C.G. & Griffin, S.P.","Lasko, K. et al.",,"discrepancies: claimed='Lasko, K., Pan, C.G. & Griffin, S.P.' registry='Lasko, K. et al.'"
tracker,149,Journal/Source,explained,"Ecological Informatics 96, 103809",Ecological Informatics,0.8148,"discrepancies: claimed='Ecological Informatics 96, 103809' registry='Ecological Informatics'"
tracker,150,Author(s),explained,"Bo, Z.-Y., Lu, W., Chen, H., Chen, S.-B. & Luo, B.","Bo, Z.Y. et al.",,"discrepancies: claimed='Bo, Z.-Y., Lu, W., Chen, H., Chen, S.-B. & Luo, B.' registry='Bo, Z.Y. et al.'"
tracker,150,Title,format,SARU: A shadow-aware and removal unified framework for remote sensing images with new benchmarks,SARU: A Shadow-Aware and Removal Unified Framework for remote sensing images with new benchmarks,,the two cells normalise equal
tracker,150,Journal/Source,explained,"ISPRS Journal of Photogrammetry and Remote Sensing 239, 39-53",ISPRS Journal of Photogrammetry and Remote Sensing,0.9091,"discrepancies: claimed='ISPRS Journal of Photogrammetry and Remote Sensing 239, 39-53' registry='ISPRS Journal of Photogrammetry and Remote Sensing'"
tracker,150,Feeds,format,report LIT_HUNT_FINAL_2026-09-06.md#§4.,report LIT_HUNT_FINAL_2026-09-06.md#§4,,the two cells normalise equal
tracker,152,Author(s),explained,"Khoee, A.G., Yu, Y. & Feldt, R.","Khoee, A.G. et al.",,"discrepancies: claimed='Khoee, A.G., Yu, Y. & Feldt, R.' registry='Khoee, A.G. et al.'"
tracker,152,Journal/Source,explained,Artificial Intelligence Review 57(10),Artificial Intelligence Review,0.9091,discrepancies: claimed='Artificial Intelligence Review 57(10)' registry='Artificial Intelligence Review'
tracker,153,Author(s),explained,"Baek, C., Jiang, Y., Raghunathan, A. & Kolter, J.Z.","Baek, C. et al.",,"discrepancies: claimed='Baek, C., Jiang, Y., Raghunathan, A. & Kolter, J.Z.' registry='Baek, C. et al.'"
tracker,153,Title,format,Agreement-on-the-line: Predicting the performance of neural networks under distribution shift,Agreement-On-The-Line: Predicting the Performance of Neural Networks Under Distribution Shift,,the two cells normalise equal
tracker,153,Journal/Source,explained,Advances in Neural Information Processing Systems 35 (NeurIPS 2022) (arXiv:2206.13089),Advances in Neural Information Processing Systems 35,0.7761,discrepancies: claimed='Advances in Neural Information Processing Systems 35 (NeurIPS 2022) (arXiv:2206.13089)' registry='Advances in Neural Information Processing Systems 35'
tracker,153,DOI/URL,explained,https://arxiv.org/abs/2206.13089,https://doi.org/10.52202/068431-1401,,discrepancies: claimed=None registry='10.52202/068431-1401'
tracker,155,Journal/Source,explained,"Proceedings of ICML 2022, PMLR 162 (arXiv:2203.05482)",arXiv,0.1818,"discrepancies: claimed='Proceedings of ICML 2022, PMLR 162 (arXiv:2203.05482)' registry='arXiv'"
tracker,155,DOI/URL,explained,https://arxiv.org/abs/2203.05482,https://doi.org/10.48550/arxiv.2203.05482,,discrepancies: claimed=None registry='10.48550/arXiv.2203.05482'
tracker,156,Journal/Source,explained,"Proceedings of the IEEE/CVF CVPR 2022, 7949-7961",2022 IEEE/CVF Conference on Computer Vision and Pattern Recognition (CVPR),0.2353,"discrepancies: claimed='Proceedings of the IEEE/CVF CVPR 2022, 7949-7961' registry='2022 IEEE/CVF Conference on Computer Vision and Pattern Recognition (CVPR)'"
tracker,157,Title,format,Reverse classification accuracy: Predicting segmentation performance in the absence of ground truth,Reverse Classification Accuracy: Predicting Segmentation Performance in the Absence of Ground Truth,,the two cells normalise equal
tracker,157,Journal/Source,explained,"IEEE Transactions on Medical Imaging 36(8), 1597-1606",IEEE Transactions on Medical Imaging,0.8276,"discrepancies: claimed='IEEE Transactions on Medical Imaging 36(8), 1597-1606' registry='IEEE Transactions on Medical Imaging'"
tracker,158,Author(s),explained,"Cosarinsky, L. et al.","Cosarinsky, M. et al.",,"discrepancies: claimed='Cosarinsky, L. et al.' registry='Cosarinsky, M. et al.'"
tracker,158,Year,explained,2025,2026,,discrepancies: claimed='2025' registry='2026'
tracker,158,Title,format,ConfIC-RCA: Statistically grounded efficient estimation of segmentation quality,ConfIC-RCA: Statistically Grounded Efficient Estimation of Segmentation Quality,,the two cells normalise equal
tracker,158,Journal/Source,explained,IEEE Transactions on Medical Imaging (arXiv:2503.04522),IEEE Transactions on Medical Imaging,0.809,discrepancies: claimed='IEEE Transactions on Medical Imaging (arXiv:2503.04522)' registry='IEEE Transactions on Medical Imaging'
tracker,158,DOI/URL,explained,https://arxiv.org/abs/2503.04522,https://doi.org/10.1109/tmi.2026.3679618,,discrepancies: claimed=None registry='10.1109/tmi.2026.3679618'
tracker,159,Author(s),explained,"Gao, H., Tang, Y., Jing, L., Li, H. & Ding, H.","Gao, H. et al.",,"discrepancies: claimed='Gao, H., Tang, Y., Jing, L., Li, H. & Ding, H.' registry='Gao, H. et al.'"
tracker,159,Title,format,A novel unsupervised segmentation quality evaluation method for remote sensing images,A Novel Unsupervised Segmentation Quality Evaluation Method for Remote Sensing Images,,the two cells normalise equal
tracker,159,Journal/Source,explained,"Sensors 17(10), 2427",Sensors,0.56,"discrepancies: claimed='Sensors 17(10), 2427' registry='Sensors'"
tracker,160,Author(s),explained,"Costa, H., Foody, G.M. & Boyd, D.S.","Costa, H. et al.",,"discrepancies: claimed='Costa, H., Foody, G.M. & Boyd, D.S.' registry='Costa, H. et al.'"
tracker,160,Journal/Source,explained,"Remote Sensing of Environment 205, 338-351",Remote Sensing of Environment,0.8286,"discrepancies: claimed='Remote Sensing of Environment 205, 338-351' registry='Remote Sensing of Environment'"
tracker,161,Author(s),explained,"Keddie, S.H., Baerenbold, O., Keogh, R.H. & Bradley, J.","Keddie, S.H. et al.",,"discrepancies: claimed='Keddie, S.H., Baerenbold, O., Keogh, R.H. & Bradley, J.' registry='Keddie, S.H. et al.'"
tracker,161,Journal/Source,explained,BMC Medical Research Methodology 23,BMC Medical Research Methodology,0.9552,discrepancies: claimed='BMC Medical Research Methodology 23' registry='BMC Medical Research Methodology'
tracker,162,Author(s),explained,"Okkaoglu, Y., Welton, N.J. & Jones, H.E.","Okkaoglu, Y. et al.",,"discrepancies: claimed='Okkaoglu, Y., Welton, N.J. & Jones, H.E.' registry='Okkaoglu, Y. et al.'"
tracker,162,Journal/Source,explained,BMC Medical Research Methodology 24,BMC Medical Research Methodology,0.9552,discrepancies: claimed='BMC Medical Research Methodology 24' registry='BMC Medical Research Methodology'
tracker,163,Title,format,About the pitfall of erroneous validation data in the estimation of confusion matrices,About the Pitfall of Erroneous Validation Data in the Estimation of Confusion Matrices,,the two cells normalise equal
tracker,163,Journal/Source,explained,"Remote Sensing 12(24), 4128",Remote Sensing,0.7179,"discrepancies: claimed='Remote Sensing 12(24), 4128' registry='Remote Sensing'"
tracker,164,Author(s),explained,"Persson, H.J., Ekstrom, M. & Stahl, G.","Persson, H.J. et al.",,"discrepancies: claimed='Persson, H.J., Ekstrom, M. & Stahl, G.' registry='Persson, H.J. et al.'"
tracker,164,Journal/Source,explained,"Remote Sensing of Environment 283, 113302",Remote Sensing of Environment,0.8406,"discrepancies: claimed='Remote Sensing of Environment 283, 113302' registry='Remote Sensing of Environment'"
tracker,166,Author(s),explained,"Huang, C., Ding, Y., Xiao, K., Liu, R. & Sun, Y.","Huang, C. et al.",,"discrepancies: claimed='Huang, C., Ding, Y., Xiao, K., Liu, R. & Sun, Y.' registry='Huang, C. et al.'"
tracker,166,Title,format,Ladder-side-tuning of visual foundation model for city-scale individual tree detection from high-resolution remote sensing images,Ladder-Side-Tuning of Visual Foundation Model for City-Scale Individual Tree Detection from High-Resolution Remote Sensing Images,,the two cells normalise equal
tracker,166,Journal/Source,explained,"Remote Sensing 18(5), 819",Remote Sensing,0.7568,"discrepancies: claimed='Remote Sensing 18(5), 819' registry='Remote Sensing'"
tracker,167,Journal/Source,explained,"Urban Forestry & Urban Greening 13(1), 152-157",Urban Forestry &amp; Urban Greening,0.7733,"discrepancies: claimed='Urban Forestry & Urban Greening 13(1), 152-157' registry='Urban Forestry &amp; Urban Greening'"
tracker,167,Feeds,format,report LIT_HUNT_FINAL_2026-09-06.md#§5.,report LIT_HUNT_FINAL_2026-09-06.md#§5,,the two cells normalise equal
tracker,168,Journal/Source,explained,"Urban Forestry & Urban Greening 16, 221-230",Urban Forestry &amp; Urban Greening,0.7945,"discrepancies: claimed='Urban Forestry & Urban Greening 16, 221-230' registry='Urban Forestry &amp; Urban Greening'"
tracker,168,Feeds,format,report LIT_HUNT_MASTER_2026-09-06.md#§3.,report LIT_HUNT_MASTER_2026-09-06.md#§3,,the two cells normalise equal
tracker,169,Journal/Source,explained,"Remote Sensing of Environment 236, 111492",Remote Sensing of Environment,0.8406,"discrepancies: claimed='Remote Sensing of Environment 236, 111492' registry='Remote Sensing of Environment'"
tracker,170,Title,format,Area change estimates from sampling with partial replacement,Area Change Estimates from Sampling with Partial Replacement,,the two cells normalise equal
tracker,170,Journal/Source,explained,"Forest Science 13(1), 72-77",Forest Science,0.7179,"discrepancies: claimed='Forest Science 13(1), 72-77' registry='Forest Science'"
tracker,171,Author(s),explained,"Branch, F., Santana, I. & Hegde, J.","Branch, F. et al.",,"discrepancies: claimed='Branch, F., Santana, I. & Hegde, J.' registry='Branch, F. et al.'"
tracker,171,Title,format,Biasing influence of 'mental shortcuts' on diagnostic decision-making: Radiologists can overlook breast cancer in mammograms when prior diagnostic information is available,Biasing Influence of ‘Mental Shortcuts’ on Diagnostic Decision-Making: Radiologists Can Overlook Breast Cancer in Mammograms When Prior Diagnostic Information Is Available,,the two cells normalise equal
tracker,171,Journal/Source,explained,"Diagnostics 12(1), 105",Diagnostics,0.7097,"discrepancies: claimed='Diagnostics 12(1), 105' registry='Diagnostics'"
tracker,172,Author(s),format,"Mas, J.-F. et al.","Mas, J.F. et al.",,the two cells normalise equal
tracker,172,Journal/Source,explained,"European Journal of Remote Sensing 50(1), 626-635",European Journal of Remote Sensing,0.8395,"discrepancies: claimed='European Journal of Remote Sensing 50(1), 626-635' registry='European Journal of Remote Sensing'"
tracker,173,Author(s),explained,"Pesonen, A. et al.",Pesonen,,"discrepancies: claimed='Pesonen, A. et al.' registry='Pesonen'"
tracker,175,Title,format,Improving the consistency of multitemporal land cover maps using a hidden Markov model,Improving the Consistency of Multitemporal Land Cover Maps Using a Hidden Markov Model,,the two cells normalise equal
tracker,175,Journal/Source,explained,"IEEE Transactions on Geoscience and Remote Sensing 54(2), 703-713",IEEE Transactions on Geoscience and Remote Sensing,0.885,"discrepancies: claimed='IEEE Transactions on Geoscience and Remote Sensing 54(2), 703-713' registry='IEEE Transactions on Geoscience and Remote Sensing'"
tracker,176,Journal/Source,explained,"Remote Sensing of Environment 305, 114101",Remote Sensing of Environment,0.8406,"discrepancies: claimed='Remote Sensing of Environment 305, 114101' registry='Remote Sensing of Environment'"
tracker,176,Feeds,format,report LIT_HUNT_FINAL_2026-09-06.md#§3a.,report LIT_HUNT_FINAL_2026-09-06.md#§3a,,the two cells normalise equal
tracker,179,Title,format,"Change detection using Landsat time series: A review of frequencies, preprocessing, algorithms, and applications","Change detection using landsat time series: A review of frequencies, preprocessing, algorithms, and applications",,the two cells normalise equal
tracker,179,Journal/Source,explained,"ISPRS Journal of Photogrammetry and Remote Sensing 130, 370-384",ISPRS Journal of Photogrammetry and Remote Sensing,0.8929,"discrepancies: claimed='ISPRS Journal of Photogrammetry and Remote Sensing 130, 370-384' registry='ISPRS Journal of Photogrammetry and Remote Sensing'"
tracker,180,Author(s),explained,"Zhang, L., Rupnik, E. & Pierrot-Deseilligny, M.","Zhang, L. et al.",,"discrepancies: claimed='Zhang, L., Rupnik, E. & Pierrot-Deseilligny, M.' registry='Zhang, L. et al.'"
tracker,180,Journal/Source,explained,"ISPRS Journal of Photogrammetry and Remote Sensing 182, 176-189",ISPRS Journal of Photogrammetry and Remote Sensing,0.8929,"discrepancies: claimed='ISPRS Journal of Photogrammetry and Remote Sensing 182, 176-189' registry='ISPRS Journal of Photogrammetry and Remote Sensing'"
tracker,181,Journal/Source,explained,"Preventive Veterinary Medicine 59(4), 241-256",Preventive Veterinary Medicine,0.8219,"discrepancies: claimed='Preventive Veterinary Medicine 59(4), 241-256' registry='Preventive Veterinary Medicine'"
tracker,182,Author(s),explained,"Hilbert, D.R., Roman, L.A., Koeser, A.K., Vogt, J. & van Doorn, N.S.","Hilbert, D. et al.",,"discrepancies: claimed='Hilbert, D.R., Roman, L.A., Koeser, A.K., Vogt, J. & van Doorn, N.S.' registry='Hilbert, D. et al.'"
tracker,182,Title,format,Urban tree mortality: a literature review,Urban Tree Mortality: A Literature Review,,the two cells normalise equal
tracker,182,Journal/Source,explained,"Arboriculture & Urban Forestry 45(5), 167-200",Arboriculture &amp; Urban Forestry,0.7671,"discrepancies: claimed='Arboriculture & Urban Forestry 45(5), 167-200' registry='Arboriculture &amp; Urban Forestry'"
tracker,183,Author(s),explained,"Pires, M.C., Colosimo, E.A., Veloso, G.A. & Ferreira, R.S.B.","Pires, M.C. et al.",,"discrepancies: claimed='Pires, M.C., Colosimo, E.A., Veloso, G.A. & Ferreira, R.S.B.' registry='Pires, M.C. et al.'"
tracker,183,Journal/Source,explained,"Journal of Applied Statistics 48(5), 907-923",Journal of Applied Statistics,0.8169,"discrepancies: claimed='Journal of Applied Statistics 48(5), 907-923' registry='Journal of Applied Statistics'"
tracker,184,Author(s),explained,"Deng, Y., Zeng, D. & Wang, Y.","Deng, Y. et al.",,"discrepancies: claimed='Deng, Y., Zeng, D. & Wang, Y.' registry='Deng, Y. et al.'"
tracker,184,Journal/Source,explained,The Annals of Applied Statistics 20(1),The Annals of Applied Statistics,0.9275,discrepancies: claimed='The Annals of Applied Statistics 20(1)' registry='The Annals of Applied Statistics'
tracker,185,Journal/Source,explained,"Remote Sensing Letters 4(8), 783-792",Remote Sensing Letters,0.7857,"discrepancies: claimed='Remote Sensing Letters 4(8), 783-792' registry='Remote Sensing Letters'"
tracker,188,Journal/Source,explained,"Remote Sensing Letters 3(2), 111-120",Remote Sensing Letters,0.7857,"discrepancies: claimed='Remote Sensing Letters 3(2), 111-120' registry='Remote Sensing Letters'"
tracker,189,Author(s),explained,"McRoberts, R.E., Stehman, S.V., Liknes, G.C., Naesset, E., Sannier, C. & Walters, B.F.","McRoberts, R.E. et al.",,"discrepancies: claimed='McRoberts, R.E., Stehman, S.V., Liknes, G.C., Naesset, E., Sannier, C. & Walters, B.F.' registry='McRoberts, R.E. et al.'"
tracker,189,Journal/Source,explained,"ISPRS Journal of Photogrammetry and Remote Sensing 142, 292-300",ISPRS Journal of Photogrammetry and Remote Sensing,0.8929,"discrepancies: claimed='ISPRS Journal of Photogrammetry and Remote Sensing 142, 292-300' registry='ISPRS Journal of Photogrammetry and Remote Sensing'"
tracker,189,Feeds,format,report LIT_HUNT_MASTER_2026-09-06.md#§8.,report LIT_HUNT_MASTER_2026-09-06.md#§8,,the two cells normalise equal
tracker,190,Author(s),explained,"Pontius, R.G. Jr., Krithivasan, R., Sauls, L., Yan, Y. & Zhang, Y.","Pontius, R.G. et al.",,"discrepancies: claimed='Pontius, R.G. Jr., Krithivasan, R., Sauls, L., Yan, Y. & Zhang, Y.' registry='Pontius, R.G. et al.'"
tracker,190,Journal/Source,explained,"Journal of Land Use Science 12(4), 218-230",Journal of Land Use Science,0.806,"discrepancies: claimed='Journal of Land Use Science 12(4), 218-230' registry='Journal of Land Use Science'"
tracker,191,Author(s),explained,"Zheng, Z., Zhong, Y., Ma, A. & Zhang, L.","Zheng, Z. et al.",,"discrepancies: claimed='Zheng, Z., Zhong, Y., Ma, A. & Zhang, L.' registry='Zheng, Z. et al.'"
tracker,191,Title,format,Single-temporal supervised learning for universal remote sensing change detection,Single-Temporal Supervised Learning for Universal Remote Sensing Change Detection,,the two cells normalise equal
tracker,191,Journal/Source,explained,"International Journal of Computer Vision 132(12), 5582-5602",International Journal of Computer Vision,0.8247,"discrepancies: claimed='International Journal of Computer Vision 132(12), 5582-5602' registry='International Journal of Computer Vision'"
tracker,192,Author(s),explained,"Peng, D., Liu, M., Zhang, Y. & Guan, H.","Peng, D. et al.",,"discrepancies: claimed='Peng, D., Liu, M., Zhang, Y. & Guan, H.' registry='Peng, D. et al.'"
tracker,192,Title,format,Toward label-efficient deep learning change detection for remote sensing imagery: a comprehensive review,Toward Label‐Efficient Deep Learning Change Detection for Remote Sensing Imagery: A Comprehensive Review,,the two cells normalise equal
tracker,192,Journal/Source,explained,"The Photogrammetric Record 40(191), e70021",The Photogrammetric Record,0.7879,"discrepancies: claimed='The Photogrammetric Record 40(191), e70021' registry='The Photogrammetric Record'"
tracker,192,Feeds,format,report LIT_HUNT_MASTER_2026-09-06.md#§8.,report LIT_HUNT_MASTER_2026-09-06.md#§8,,the two cells normalise equal
tracker,195,Author(s),format,"Techapinyawat, L., et al.","Techapinyawat, L. et al.",,the two cells normalise equal
tracker,195,Title,format,Integrated urban land cover analysis using deep learning and post-classification correction,Integrated urban land cover analysis using deep learning and post‐classification correction,,the two cells normalise equal
tracker,196,Author(s),format,"Liu, Y., et al.","Liu, Y. et al.",,the two cells normalise equal
tracker,196,Journal/Source,explained,Remote Sensing 15(2):519,Remote Sensing,0.7568,discrepancies: claimed='Remote Sensing 15(2):519' registry='Remote Sensing'
tracker,197,Author(s),explained,"Yoo, S., et al.","Yoo, J. et al.",,"discrepancies: claimed='Yoo, S., et al.' registry='Yoo, J. et al.'"
tracker,197,Journal/Source,explained,Remote Sensing 18(12):1899,Remote Sensing,0.7179,discrepancies: claimed='Remote Sensing 18(12):1899' registry='Remote Sensing'
tracker,197,Feeds,format,report LIT_HUNT_MASTER_2026-09-06.md#§8.,report LIT_HUNT_MASTER_2026-09-06.md#§8,,the two cells normalise equal
tracker,198,Journal/Source,explained,Remote Sensing 10(4):581,Remote Sensing,0.7568,discrepancies: claimed='Remote Sensing 10(4):581' registry='Remote Sensing'
tracker,199,Author(s),format,"Wagner, F.H., et al.","Wagner, F.H. et al.",,the two cells normalise equal
tracker,199,Journal/Source,explained,Remote Sensing of Environment 302:114099,Remote Sensing of Environment,0.8406,discrepancies: claimed='Remote Sensing of Environment 302:114099' registry='Remote Sensing of Environment'
tracker,200,Author(s),format,"Chen, Y., et al.","Chen, Y. et al.",,the two cells normalise equal
tracker,200,Journal/Source,explained,ISPRS Archives XL-3:67-72,"The International Archives of the Photogrammetry, Remote Sensing and Spatial Information Sciences",0.2479,"discrepancies: claimed='ISPRS Archives XL-3:67-72' registry='The International Archives of the Photogrammetry, Remote Sensing and Spatial Information Sciences'"
tracker,201,Author(s),format,"Mboga, N., et al.","Mboga, N. et al.",,the two cells normalise equal
tracker,201,Journal/Source,explained,ISPRS Journal of Photogrammetry and Remote Sensing 167:385-395,ISPRS Journal of Photogrammetry and Remote Sensing,0.8929,discrepancies: claimed='ISPRS Journal of Photogrammetry and Remote Sensing 167:385-395' registry='ISPRS Journal of Photogrammetry and Remote Sensing'
tracker,202,Author(s),explained,"Tian, Y., et al.","Tian, J. et al.",,"discrepancies: claimed='Tian, Y., et al.' registry='Tian, J. et al.'"
tracker,202,Journal/Source,explained,ISPRS Annals X-G-2025:885-892,"ISPRS Annals of the Photogrammetry, Remote Sensing and Spatial Information Sciences",0.3243,"discrepancies: claimed='ISPRS Annals X-G-2025:885-892' registry='ISPRS Annals of the Photogrammetry, Remote Sensing and Spatial Information Sciences'"
tracker,203,Author(s),explained,"Kostrzewa, J.","Kostrzewa, A.",,"discrepancies: claimed='Kostrzewa, J.' registry='Kostrzewa, A.'"
tracker,203,Title,explained,Convolutional Neural Networks for Land Use and Land Cover Multi-class Maps from Historical Aerial Imagery,Convolutional Neural Networks for Land Use and Land Cover Multi-class Maps from Historical Aerial Photographs,0.9252,discrepancies: claimed='Convolutional Neural Networks for Land Use and Land Cover Multi-class Maps from Historical Aerial Imagery' registry='Convolutional Neural Networks for Land Use and Land Cover Multi-class Maps from Historical Aerial Photographs'
tracker,203,Journal/Source,explained,Photogrammetric Engineering & Remote Sensing,Photogrammetric Engineering &amp; Remote Sensing,0.9545,discrepancies: claimed='Photogrammetric Engineering & Remote Sensing' registry='Photogrammetric Engineering &amp; Remote Sensing'
tracker,204,Journal/Source,explained,Remote Sensing of Environment 112(3):1025-1036,Remote Sensing of Environment,0.7838,discrepancies: claimed='Remote Sensing of Environment 112(3):1025-1036' registry='Remote Sensing of Environment'
tracker,204,Feeds,format,report LIT_HUNT_FINAL_2026-09-06.md#§3c.,report LIT_HUNT_FINAL_2026-09-06.md#§3c,,the two cells normalise equal
tracker,205,Author(s),explained,"Ryadi, G., et al.","Ryadi, G.Y.I. et al.",,"discrepancies: claimed='Ryadi, G., et al.' registry='Ryadi, G.Y.I. et al.'"
tracker,205,Journal/Source,explained,Sensors 23(11):5150,Sensors,0.56,discrepancies: claimed='Sensors 23(11):5150' registry='Sensors'
tracker,206,Author(s),explained,"Chen, C., et al.","Chen, L. et al.",,"discrepancies: claimed='Chen, C., et al.' registry='Chen, L. et al.'"
tracker,206,Title,explained,Radiometric Normalization Using a Pseudo-Invariant Polygon Features-Based Algorithm with Contemporaneous Imagery,Radiometric Normalization Using a Pseudo−Invariant Polygon Features−Based Algorithm with Contemporaneous Sentinel−2A and Landsat−8 OLI Imagery,0.8661,discrepancies: claimed='Radiometric Normalization Using a Pseudo-Invariant Polygon Features-Based Algorithm with Contemporaneous Imagery' registry='Radiometric Normalization Using a Pseudo−Invariant Polygon Features−Based Algorithm with Contemporaneous Sentinel−2A and Landsat−8 OLI Imagery'
tracker,206,Journal/Source,explained,Applied Sciences 13(4):2525,Applied Sciences,0.7619,discrepancies: claimed='Applied Sciences 13(4):2525' registry='Applied Sciences'
tracker,208,Author(s),explained,"Burgert, T., Stoll, O., Rota, P. & Demir, B.","Burgert, T. et al.",,"discrepancies: claimed='Burgert, T., Stoll, O., Rota, P. & Demir, B.' registry='Burgert, T. et al.'"
tracker,208,Journal/Source,explained,arXiv:2509.20234,Advances in Neural Information Processing Systems 38,0.1765,discrepancies: claimed='arXiv:2509.20234' registry='Advances in Neural Information Processing Systems 38'
tracker,208,DOI/URL,explained,https://arxiv.org/abs/2509.20234,https://doi.org/10.52202/085713-2033,,discrepancies: claimed=None registry='10.52202/085713-2033'
tracker,209,Author(s),explained,"Ranabhat, R.N., Wang, L., Patel, A.K. & Santosh, K.C.","Ranabhat, R.N. et al.",,"discrepancies: claimed='Ranabhat, R.N., Wang, L., Patel, A.K. & Santosh, K.C.' registry='Ranabhat, R.N. et al.'"
tracker,209,Year,explained,2025,2026,,discrepancies: claimed='2025' registry='2026'
tracker,209,Journal/Source,explained,arXiv:2509.11355,Communications in Computer and Information Science,0.1212,discrepancies: claimed='arXiv:2509.11355' registry='Communications in Computer and Information Science'
tracker,209,DOI/URL,explained,https://arxiv.org/abs/2509.11355,https://doi.org/10.1007/978-3-032-21582-6_2,,discrepancies: claimed=None registry='10.1007/978-3-032-21582-6_2'
tracker,210,Author(s),explained,"Bogaert, P., Lamarche, C. & Defourny, P.","Bogaert, P. et al.",,"discrepancies: claimed='Bogaert, P., Lamarche, C. & Defourny, P.' registry='Bogaert, P. et al.'"
tracker,210,Title,format,Hidden Markov Models for Annual Land Cover Mapping — Increasing Temporal Consistency and Completeness,Hidden Markov Models for Annual Land Cover Mapping—Increasing Temporal Consistency and Completeness,,the two cells normalise equal
tracker,211,Author(s),explained,"Gong, W., Fang, S., Yang, G. & Ge, M.","Gong, W. et al.",,"discrepancies: claimed='Gong, W., Fang, S., Yang, G. & Ge, M.' registry='Gong, W. et al.'"
tracker,212,Journal/Source,format,PLOS ONE,PLoS ONE,,the two cells normalise equal
tracker,213,Author(s),explained,"Perantoni, G., Weikmann, G. & Bruzzone, L.","Perantoni, G. et al.",,"discrepancies: claimed='Perantoni, G., Weikmann, G. & Bruzzone, L.' registry='Perantoni, G. et al.'"
tracker,213,Year,explained,2025,2024,,discrepancies: claimed='2025' registry='2024'
tracker,213,Journal/Source,explained,arXiv preprint,IGARSS 2024 - 2024 IEEE International Geoscience and Remote Sensing Symposium,0.1573,discrepancies: claimed='arXiv preprint' registry='IGARSS 2024 - 2024 IEEE International Geoscience and Remote Sensing Symposium'
tracker,213,DOI/URL,explained,https://arxiv.org/abs/2510.07008,https://doi.org/10.1109/igarss53475.2024.10642432,,discrepancies: claimed=None registry='10.1109/igarss53475.2024.10642432'
tracker,214,Author(s),explained,"Sulla-Menashe, D., Gray, J.M., Abercrombie, S.P. & Friedl, M.A.","Sulla-Menashe, D. et al.",,"discrepancies: claimed='Sulla-Menashe, D., Gray, J.M., Abercrombie, S.P. & Friedl, M.A.' registry='Sulla-Menashe, D. et al.'"
tracker,214,Title,explained,Hierarchical mapping of annual global land cover 2001 to present: MODIS Collection 6,Hierarchical mapping of annual global land cover 2001 to present: The MODIS Collection 6 Land Cover product,0.8783,discrepancies: claimed='Hierarchical mapping of annual global land cover 2001 to present: MODIS Collection 6' registry='Hierarchical mapping of annual global land cover 2001 to present: The MODIS Collection 6 Land Cover product'
tracker,216,Author(s),explained,"Yang, G., Fang, S., Gong, W., Zhao, Y. & Ge, M.","Yang, G. et al.",,"discrepancies: claimed='Yang, G., Fang, S., Gong, W., Zhao, Y. & Ge, M.' registry='Yang, G. et al.'"
tracker,217,Title,explained,Continuous Change Detection and Classification Using Hidden Markov Model: Beijing,Continuous Change Detection and Classification Using Hidden Markov Model: A Case Study for Monitoring Urban Encroachment onto Farmland in Beijing,0.7143,discrepancies: claimed='Continuous Change Detection and Classification Using Hidden Markov Model: Beijing' registry='Continuous Change Detection and Classification Using Hidden Markov Model: A Case Study for Monitoring Urban Encroachment onto Farmland in Beijing'
tracker,219,Author(s),explained,"Benedek, C., Shadaydeh, M., Kato, Z., Sziranyi, T. & Zerubia, J.","Benedek, C. et al.",,"discrepancies: claimed='Benedek, C., Shadaydeh, M., Kato, Z., Sziranyi, T. & Zerubia, J.' registry='Benedek, C. et al.'"
tracker,220,Author(s),explained,"Hoberg, T., Rottensteiner, F., Feitosa, R.Q. & Heipke, C.","Hoberg, T. et al.",,"discrepancies: claimed='Hoberg, T., Rottensteiner, F., Feitosa, R.Q. & Heipke, C.' registry='Hoberg, T. et al.'"
tracker,221,Author(s),explained,"Hoberg, T., Rottensteiner, F. & Heipke, C.","Hoberg, T. et al.",,"discrepancies: claimed='Hoberg, T., Rottensteiner, F. & Heipke, C.' registry='Hoberg, T. et al.'"
tracker,221,Title,format,Context Models for CRF-Based Classification of Multitemporal Remote Sensing Data,CONTEXT MODELS FOR CRF-BASED CLASSIFICATION OF MULTITEMPORAL REMOTE SENSING DATA,,the two cells normalise equal
tracker,222,Author(s),explained,"Liu, C., Song, W., Lu, C. & Xia, J.","Liu, C. et al.",,"discrepancies: claimed='Liu, C., Song, W., Lu, C. & Xia, J.' registry='Liu, C. et al.'"
tracker,222,Title,explained,Spatial-Temporal Hidden Markov Model for Land Cover Classification,Spatial-Temporal Hidden Markov Model for Land Cover Classification Using Multitemporal Satellite Images,0.7811,discrepancies: claimed='Spatial-Temporal Hidden Markov Model for Land Cover Classification' registry='Spatial-Temporal Hidden Markov Model for Land Cover Classification Using Multitemporal Satellite Images'
tracker,224,Author(s),explained,"Cohen, W.B., Yang, Z., Healey, S.P., Kennedy, R.E. & Gorelick, N.","Cohen, W.B. et al.",,"discrepancies: claimed='Cohen, W.B., Yang, Z., Healey, S.P., Kennedy, R.E. & Gorelick, N.' registry='Cohen, W.B. et al.'"
tracker,225,Title,explained,"Comparative Global Assessment and Optimization of LandTrendr, CCDC, and BFAST for Urban Land Cover Change Detection","Comparative Global Assessment and Optimization of LandTrendr, CCDC, and BFAST Algorithms for Enhanced Urban Land Cover Change Detection Using Landsat Time Series",0.8309,"discrepancies: claimed='Comparative Global Assessment and Optimization of LandTrendr, CCDC, and BFAST for Urban Land Cover Change Detection' registry='Comparative Global Assessment and Optimization of LandTrendr, CCDC, and BFAST Algorithms for Enhanced Urban Land Cover Change Detection Using Landsat Time Series'"
tracker,227,Year,explained,2012,2011,,discrepancies: claimed='2012' registry='2011'
tracker,228,Author(s),explained,"Reiche, J., de Bruin, S., Hoekman, D., Verbesselt, J. & Herold, M.","Reiche, J. et al.",,"discrepancies: claimed='Reiche, J., de Bruin, S., Hoekman, D., Verbesselt, J. & Herold, M.' registry='Reiche, J. et al.'"
tracker,230,Author(s),explained,"Rodman, K.C., Andrus, R.A., Veblen, T.T. & Hart, S.J.","Rodman, K.C. et al.",,"discrepancies: claimed='Rodman, K.C., Andrus, R.A., Veblen, T.T. & Hart, S.J.' registry='Rodman, K.C. et al.'"
tracker,230,Title,format,"Disturbance detection in Landsat time series is influenced by tree mortality agent and severity, not by prior disturbance","Disturbance detection in landsat time series is influenced by tree mortality agent and severity, not by prior disturbance",,the two cells normalise equal
tracker,231,Author(s),explained,"Verbesselt, J., Hyndman, R., Newnham, G. & Culvenor, D.","Verbesselt, J. et al.",,"discrepancies: claimed='Verbesselt, J., Hyndman, R., Newnham, G. & Culvenor, D.' registry='Verbesselt, J. et al.'"
tracker,232,Author(s),explained,"Wendelberger, L.J., Reich, B.J., Wilson, A.G. & Gray, J.M.","Wendelberger, L.J. et al.",,"discrepancies: claimed='Wendelberger, L.J., Reich, B.J., Wilson, A.G. & Gray, J.M.' registry='Wendelberger, L.J. et al.'"
tracker,236,Year,explained,2017,2018,,discrepancies: claimed='2017' registry='2018'
tracker,236,Journal/Source,format,Science of the Total Environment,Science of The Total Environment,,the two cells normalise equal
tracker,238,Author(s),explained,"Rosa, I.M.D., Purves, D., Souza, C. Jr. & Ewers, R.M.","Rosa, I.M.D. et al.",,"discrepancies: claimed='Rosa, I.M.D., Purves, D., Souza, C. Jr. & Ewers, R.M.' registry='Rosa, I.M.D. et al.'"
tracker,238,Journal/Source,format,PLOS ONE,PLoS ONE,,the two cells normalise equal
tracker,241,Author(s),explained,"Kalinicheva, E., Helen, F., Mermoz, S., Mouret, F. & Planells, M.",Kalinicheva & Planells,,"discrepancies: claimed='Kalinicheva, E., Helen, F., Mermoz, S., Mouret, F. & Planells, M.' registry='Kalinicheva & Planells'"
tracker,243,Author(s),explained,"Lang, N., Jetz, W., Schindler, K. & Wegner, J.D.","Lang, N. et al.",,"discrepancies: claimed='Lang, N., Jetz, W., Schindler, K. & Wegner, J.D.' registry='Lang, N. et al.'"
tracker,243,Journal/Source,explained,Nature Ecology & Evolution,Nature Ecology &amp; Evolution,0.9231,discrepancies: claimed='Nature Ecology & Evolution' registry='Nature Ecology &amp; Evolution'
tracker,244,Author(s),explained,"Lopez-Paz, D., Bottou, L., Schölkopf, B. & Vapnik, V.",Lopez-Paz & Vapnik,,"discrepancies: claimed='Lopez-Paz, D., Bottou, L., Schölkopf, B. & Vapnik, V.' registry='Lopez-Paz & Vapnik'"
tracker,245,Author(s),explained,"Pauls, J. et al.",Pauls,,"discrepancies: claimed='Pauls, J. et al.' registry='Pauls'"
tracker,246,Author(s),explained,"Song, J., Chen, H. & Yokoya, N.","Song, J. et al.",,"discrepancies: claimed='Song, J., Chen, H. & Yokoya, N.' registry='Song, J. et al.'"
tracker,249,Author(s),explained,"Zhou, Q., Tollerud, H., Barber, C., Smith, K. & Zelenak, D.","Zhou, Q. et al.",,"discrepancies: claimed='Zhou, Q., Tollerud, H., Barber, C., Smith, K. & Zelenak, D.' registry='Zhou, Q. et al.'"
tracker,249,Title,explained,Training Data Selection for Annual Land Cover Classification for LCMAP,"Training Data Selection for Annual Land Cover Classification for the Land Change Monitoring, Assessment, and Projection (LCMAP) Initiative",0.6863,"discrepancies: claimed='Training Data Selection for Annual Land Cover Classification for LCMAP' registry='Training Data Selection for Annual Land Cover Classification for the Land Change Monitoring, Assessment, and Projection (LCMAP) Initiative'"
tracker,251,Author(s),explained,"Chen, H., Yang, W., Liu, L. & Xia, G.S.","Chen, H. et al.",,"discrepancies: claimed='Chen, H., Yang, W., Liu, L. & Xia, G.S.' registry='Chen, H. et al.'"
tracker,252,Title,explained,Semantic Segmentation of Aerial Imagery via Multi-Scale Shuffling CNNs with Deep Supervision,SEMANTIC SEGMENTATION OF AERIAL IMAGERY VIA MULTI-SCALE SHUFFLING CONVOLUTIONAL NEURAL NETWORKS WITH DEEP SUPERVISION,0.8804,discrepancies: claimed='Semantic Segmentation of Aerial Imagery via Multi-Scale Shuffling CNNs with Deep Supervision' registry='SEMANTIC SEGMENTATION OF AERIAL IMAGERY VIA MULTI-SCALE SHUFFLING CONVOLUTIONAL NEURAL NETWORKS WITH DEEP SUPERVISION'
tracker,253,Author(s),explained,"Lee, C.Y., Xie, S., Gallagher, P., Zhang, Z. & Tu, Z.","Lee, C.Y. et al.",,"discrepancies: claimed='Lee, C.Y., Xie, S., Gallagher, P., Zhang, Z. & Tu, Z.' registry='Lee, C.Y. et al.'"
tracker,253,Year,explained,2015,2014,,discrepancies: claimed='2015' registry='2014'
tracker,253,Journal/Source,explained,International Conference on Artificial Intelligence and Statistics 2015,arXiv,0.0789,discrepancies: claimed='International Conference on Artificial Intelligence and Statistics 2015' registry='arXiv'
tracker,253,DOI/URL,explained,https://arxiv.org/abs/1409.5185,https://doi.org/10.48550/arxiv.1409.5185,,discrepancies: claimed=None registry='10.48550/arXiv.1409.5185'
tracker,254,Author(s),explained,"Ma, S., Tang, J. & Guo, F.","Ma, S. et al.",,"discrepancies: claimed='Ma, S., Tang, J. & Guo, F.' registry='Ma, S. et al.'"
tracker,255,Author(s),explained,"Mobsite, S., Hostache, R., Berti-Équille, L., Roux, E., Catry, T. & Guérin, J.","Mobsite, S. et al.",,"discrepancies: claimed='Mobsite, S., Hostache, R., Berti-Équille, L., Roux, E., Catry, T. & Guérin, J.' registry='Mobsite, S. et al.'"
tracker,256,Author(s),explained,"Touvron, H., Vedaldi, A., Douze, M. & Jégou, H.",Touvron & Jégou,,"discrepancies: claimed='Touvron, H., Vedaldi, A., Douze, M. & Jégou, H.' registry='Touvron & Jégou'"
tracker,257,Author(s),explained,"Zhao, H., Shi, J., Qi, X., Wang, X. & Jia, J.","Zhao, H. et al.",,"discrepancies: claimed='Zhao, H., Shi, J., Qi, X., Wang, X. & Jia, J.' registry='Zhao, H. et al.'"
tracker,257,Journal/Source,explained,IEEE/CVF Conference on Computer Vision and Pattern Recognition 2017,2017 IEEE Conference on Computer Vision and Pattern Recognition (CVPR),0.8741,discrepancies: claimed='IEEE/CVF Conference on Computer Vision and Pattern Recognition 2017' registry='2017 IEEE Conference on Computer Vision and Pattern Recognition (CVPR)'
tracker,259,Title,explained,Detecting Long-Term Urban Forest Cover Change and Impacts of Natural Disasters,Detecting Long-Term Urban Forest Cover Change and Impacts of Natural Disasters Using High-Resolution Aerial Images and LiDAR Data,0.7536,discrepancies: claimed='Detecting Long-Term Urban Forest Cover Change and Impacts of Natural Disasters' registry='Detecting Long-Term Urban Forest Cover Change and Impacts of Natural Disasters Using High-Resolution Aerial Images and LiDAR Data'
tracker,260,Author(s),explained,"Coupland, K., Hamilton, D. & Griess, V.C.","Coupland, K. et al.",,"discrepancies: claimed='Coupland, K., Hamilton, D. & Griess, V.C.' registry='Coupland, K. et al.'"
tracker,261,Author(s),explained,"MacFaden, S.W., O'Neil-Dunne, J.P.M., Royar, A.R., Lu, J.W.T. & Rundle, A.G.","MacFaden, S.W. et al.",,"discrepancies: claimed=""MacFaden, S.W., O'Neil-Dunne, J.P.M., Royar, A.R., Lu, J.W.T. & Rundle, A.G."" registry='MacFaden, S.W. et al.'"
tracker,262,Journal/Source,explained,Urban Forestry & Urban Greening,Urban Forestry &amp; Urban Greening,0.9355,discrepancies: claimed='Urban Forestry & Urban Greening' registry='Urban Forestry &amp; Urban Greening'
tracker,263,Author(s),explained,"O'Neil-Dunne, J.P.M., MacFaden, S.W. & Royar, A.R.","O'Neil-Dunne, J. et al.",,"discrepancies: claimed=""O'Neil-Dunne, J.P.M., MacFaden, S.W. & Royar, A.R."" registry=""O'Neil-Dunne, J. et al."""
tracker,263,Title,explained,"A Versatile, Production-Oriented Approach to High-Resolution Tree-Canopy Mapping","A Versatile, Production-Oriented Approach to High-Resolution Tree-Canopy Mapping in Urban and Suburban Landscapes Using GEOBIA and Data Fusion",0.7182,"discrepancies: claimed='A Versatile, Production-Oriented Approach to High-Resolution Tree-Canopy Mapping' registry='A Versatile, Production-Oriented Approach to High-Resolution Tree-Canopy Mapping in Urban and Suburban Landscapes Using GEOBIA and Data Fusion'"
tracker,264,Journal/Source,explained,ISPRS Open J. Photogramm. Remote Sens.,ISPRS Open Journal of Photogrammetry and Remote Sensing,0.7778,discrepancies: claimed='ISPRS Open J. Photogramm. Remote Sens.' registry='ISPRS Open Journal of Photogrammetry and Remote Sensing'
tracker,266,Author(s),explained,"Câmara, G. et al.","Camara, G. et al.",,"discrepancies: claimed='Câmara, G. et al.' registry='Camara, G. et al.'"
tracker,268,Author(s),explained,"Li, N., Liu, C. & Pfeifer, N.","Li, N. et al.",,"discrepancies: claimed='Li, N., Liu, C. & Pfeifer, N.' registry='Li, N. et al.'"
tracker,269,Author(s),explained,"Papadopoulos, S., Koukiou, G. & Anastassopoulos, V.","Papadopoulos, S. et al.",,"discrepancies: claimed='Papadopoulos, S., Koukiou, G. & Anastassopoulos, V.' registry='Papadopoulos, S. et al.'"
tracker,269,Title,format,Decision Fusion at Pixel Level of Multi-Band Data for Land Cover Classification — A Review,Decision Fusion at Pixel Level of Multi-Band Data for Land Cover Classification—A Review,,the two cells normalise equal
tracker,270,Author(s),explained,"Wu, C., Du, B., Cui, X. & Zhang, L.","Wu, C. et al.",,"discrepancies: claimed='Wu, C., Du, B., Cui, X. & Zhang, L.' registry='Wu, C. et al.'"
tracker,271,Journal/Source,format,Computing in Civil Engineering 2005,Computing in Civil Engineering (2005),,the two cells normalise equal
tracker,272,Author(s),explained,"Hecht, R., Meinel, G. & Buchroithner, M.","Hecht, R. et al.",,"discrepancies: claimed='Hecht, R., Meinel, G. & Buchroithner, M.' registry='Hecht, R. et al.'"
tracker,272,Title,format,Automatic identification of building types based on topographic databases — a comparison of different data sources,Automatic identification of building types based on topographic databases – a comparison of different data sources,,the two cells normalise equal
tracker,273,Journal/Source,explained,Arboriculture & Urban Forestry,Arboriculture &amp; Urban Forestry,0.9333,discrepancies: claimed='Arboriculture & Urban Forestry' registry='Arboriculture &amp; Urban Forestry'
tracker,275,Author(s),explained,"Sun, Y., Hua, Y., Mou, L. & Zhu, X.X.","Sun, Y. et al.",,"discrepancies: claimed='Sun, Y., Hua, Y., Mou, L. & Zhu, X.X.' registry='Sun, Y. et al.'"
tracker,276,Author(s),explained,"Yi, S., Li, X., Liu, Y., Dong, X. & Tu, W.","Yi, S. et al.",,"discrepancies: claimed='Yi, S., Li, X., Liu, Y., Dong, X. & Tu, W.' registry='Yi, S. et al.'"
tracker,277,Author(s),explained,"Li, Z., Zhang, X., Liu, W., Zhao, T., Ai, W., Wang, J. & Liu, L.","Li, Z. et al.",,"discrepancies: claimed='Li, Z., Zhang, X., Liu, W., Zhao, T., Ai, W., Wang, J. & Liu, L.' registry='Li, Z. et al.'"
tracker,278,Author(s),explained,"Reis, M.S., Dutra, L.V., Escada, M.I.S. & Sant'Anna, S.J.S.","Reis, M.S. et al.",,"discrepancies: claimed=""Reis, M.S., Dutra, L.V., Escada, M.I.S. & Sant'Anna, S.J.S."" registry='Reis, M.S. et al.'"
tracker,279,Title,explained,The 30 m Annual Land Cover Dataset and Its Dynamics in China from 1990 to 2019 (CLCD),The 30 m annual land cover dataset and its dynamics in China from 1990 to 2019,0.9689,discrepancies: claimed='The 30 m Annual Land Cover Dataset and Its Dynamics in China from 1990 to 2019 (CLCD)' registry='The 30 m annual land cover dataset and its dynamics in China from 1990 to 2019'
tracker,281,Author(s),explained,"Gräler, Pebesma & Heuvelink","Gräler, B. et al.",,"discrepancies: claimed='Gräler, Pebesma & Heuvelink' registry='Gräler, B. et al.'"
tracker,283,Author(s),explained,"Ross, Tasoulis & Adams","Ross, G.J. et al.",,"discrepancies: claimed='Ross, Tasoulis & Adams' registry='Ross, G.J. et al.'"
tracker,288,Author(s),explained,Chakraborty & Khurshid,"Chakraborty, A.B. & Khurshid, A.",,"discrepancies: claimed='Chakraborty & Khurshid' registry='Chakraborty, A.B. & Khurshid, A.'"
tracker,288,Journal/Source,format,Cadernos do IME — Série Estatística,Cadernos do IME - Série Estatística,,the two cells normalise equal
tracker,289,Author(s),explained,"Ramani, S., Blu, T. & Unser, M.","Ramani, S. et al.",,"discrepancies: claimed='Ramani, S., Blu, T. & Unser, M.' registry='Ramani, S. et al.'"
tracker,289,Title,format,Monte-Carlo SURE: A Black-Box Optimization of Regularization Parameters for General Denoising Algorithms,Monte-Carlo Sure: A Black-Box Optimization of Regularization Parameters for General Denoising Algorithms,,the two cells normalise equal
tracker,292,Author(s),explained,"Liu, Reda, Shih, Wang, Tao & Catanzaro","Liu, G. et al.",,"discrepancies: claimed='Liu, Reda, Shih, Wang, Tao & Catanzaro' registry='Liu, G. et al.'"
tracker,292,Journal/Source,explained,European Conference on Computer Vision 2018,Lecture Notes in Computer Science,0.5,discrepancies: claimed='European Conference on Computer Vision 2018' registry='Lecture Notes in Computer Science'
tracker,294,Author(s),explained,"Sinopoli, Schenato, Franceschetti, Poolla, Jordan & Sastry","Sinopoli, B. et al.",,"discrepancies: claimed='Sinopoli, Schenato, Franceschetti, Poolla, Jordan & Sastry' registry='Sinopoli, B. et al.'"
tracker,295,Author(s),explained,"Przewiezlikowski, M., Smieja, M., Struski, L. & Tabor, J.","Likowski, M.P. et al.",,"discrepancies: claimed='Przewiezlikowski, M., Smieja, M., Struski, L. & Tabor, J.' registry='Likowski, M.P. et al.'"
tracker,295,Journal/Source,explained,IEEE/CVF Winter Conference on Applications of Computer Vision 2022,2022 IEEE/CVF Winter Conference on Applications of Computer Vision (WACV),0.9051,discrepancies: claimed='IEEE/CVF Winter Conference on Applications of Computer Vision 2022' registry='2022 IEEE/CVF Winter Conference on Applications of Computer Vision (WACV)'
tracker,295,DOI/URL,explained,https://arxiv.org/abs/2110.14010,https://doi.org/10.1109/wacv51458.2022.00297,,discrepancies: claimed=None registry='10.1109/wacv51458.2022.00297'
tracker,296,Author(s),explained,Bloch,"Bloch, I.",,"discrepancies: claimed='Bloch' registry='Bloch, I.'"
tracker,296,Title,format,Mathematical morphology on bipolar fuzzy sets: General algebraic framework,Mathematical morphology on bipolar fuzzy sets: general algebraic framework,,the two cells normalise equal
tracker,297,Author(s),explained,Eldar,"Eldar, Y.C.",,"discrepancies: claimed='Eldar' registry='Eldar, Y.C.'"
tracker,297,DOI/URL,explained,https://arxiv.org/abs/0804.3010,https://doi.org/10.1109/tsp.2008.2008212,,discrepancies: claimed=None registry='10.1109/tsp.2008.2008212'
tracker,298,Author(s),explained,"Chaux, Duval, Benazza-Benyahia & Pesquet","Chaux, C. et al.",,"discrepancies: claimed='Chaux, Duval, Benazza-Benyahia & Pesquet' registry='Chaux, C. et al.'"
tracker,298,DOI/URL,explained,https://arxiv.org/abs/0712.2317,https://doi.org/10.1109/tsp.2008.921757,,discrepancies: claimed=None registry='10.1109/tsp.2008.921757'
tracker,301,Author(s),explained,Efron,"Efron, B.",,"discrepancies: claimed='Efron' registry='Efron, B.'"
tracker,303,Author(s),explained,"Valavi, Elith, Lahoz-Monfort & Guillera-Arroita","Valavi, R. et al.",,"discrepancies: claimed='Valavi, Elith, Lahoz-Monfort & Guillera-Arroita' registry='Valavi, R. et al.'"
tracker,304,Author(s),explained,Chan & Esedoglu,"Chan, T.F. & Esedoglu, S.",,"discrepancies: claimed='Chan & Esedoglu' registry='Chan, T.F. & Esedoglu, S.'"
tracker,304,Title,explained,Aspects of Total Variation Regularized L¹ Function Approximation,Aspects of Total Variation Regularized L 1 Function Approximation,0.9922,discrepancies: claimed='Aspects of Total Variation Regularized L¹ Function Approximation' registry='Aspects of Total Variation Regularized L 1 Function Approximation'
tracker,305,Author(s),explained,"Duval, Aujol & Gousseau","Duval, V. et al.",,"discrepancies: claimed='Duval, Aujol & Gousseau' registry='Duval, V. et al.'"
tracker,305,Journal/Source,explained,Multiscale Modeling & Simulation,Multiscale Modeling &amp; Simulation,0.9375,discrepancies: claimed='Multiscale Modeling & Simulation' registry='Multiscale Modeling &amp; Simulation'
tracker,307,Author(s),explained,Allard,"Allard, W.K.",,"discrepancies: claimed='Allard' registry='Allard, W.K.'"
tracker,307,Title,format,"Total variation regularization for image denoising, I: Geometric theory","Total Variation Regularization for Image Denoising, I. Geometric Theory",,the two cells normalise equal
tracker,308,Author(s),explained,Kolmogorov & Boykov,"Kolmogorov, V. & Boykov, Y.",,"discrepancies: claimed='Kolmogorov & Boykov' registry='Kolmogorov, V. & Boykov, Y.'"
tracker,308,Title,format,"What Metrics Can Be Approximated by Geo-Cuts, or Global Optimization of Length/Area and Flux","What metrics can be approximated by geo-cuts, or global optimization of length/area and flux",,the two cells normalise equal
tracker,308,Journal/Source,explained,IEEE International Conference on Computer Vision 2005,Tenth IEEE International Conference on Computer Vision (ICCV'05) Volume 1,0.8226,"discrepancies: claimed='IEEE International Conference on Computer Vision 2005' registry=""Tenth IEEE International Conference on Computer Vision (ICCV'05) Volume 1"""
tracker,310,Author(s),explained,Gallagher & Wise,"Gallagher, N. & Wise, G.",,"discrepancies: claimed='Gallagher & Wise' registry='Gallagher, N. & Wise, G.'"
tracker,310,Journal/Source,explained,"IEEE Trans. Acoustics, Speech, and Signal Processing","IEEE Transactions on Acoustics, Speech, and Signal Processing",0.9074,"discrepancies: claimed='IEEE Trans. Acoustics, Speech, and Signal Processing' registry='IEEE Transactions on Acoustics, Speech, and Signal Processing'"
tracker,312,Author(s),explained,Baddeley & Turner,"Baddeley, A. & Turner, R.",,"discrepancies: claimed='Baddeley & Turner' registry='Baddeley, A. & Turner, R.'"
tracker,312,Title,format,spatstat: An R Package for Analyzing Spatial Point Patterns,spatstat : An R Package for Analyzing Spatial Point Patterns,,the two cells normalise equal
tracker,313,Author(s),explained,"Hauer, Miller & Ouimet","Hauer, R. et al.",,"discrepancies: claimed='Hauer, Miller & Ouimet' registry='Hauer, R. et al.'"
tracker,313,Journal/Source,explained,Journal of Arboriculture,Arboriculture &amp; Urban Forestry,0.4643,discrepancies: claimed='Journal of Arboriculture' registry='Arboriculture &amp; Urban Forestry'
tracker,313,DOI/URL,explained,"N/A — J. Arboriculture 20(2), no DOI",https://doi.org/10.48044/jauf.1994.017,,discrepancies: claimed=None registry='10.48044/jauf.1994.017'
tracker,314,Author(s),explained,"Hughes, Guttorp & Charles","Hughes, J.P. et al.",,"discrepancies: claimed='Hughes, Guttorp & Charles' registry='Hughes, J.P. et al.'"
tracker,314,Journal/Source,format,Journal of the Royal Statistical Society: Series C (Applied Statistics),Journal of the Royal Statistical Society Series C: Applied Statistics,,the two cells normalise equal
tracker,315,Author(s),explained,"Verburg, de Nijs, Ritsema van Eck, Visser & de Jong","Verburg, P.H. et al.",,"discrepancies: claimed='Verburg, de Nijs, Ritsema van Eck, Visser & de Jong' registry='Verburg, P.H. et al.'"
tracker,316,Author(s),explained,Bell & Hinojosa,"Bell, E.J. & Hinojosa, R.C.",,"discrepancies: claimed='Bell & Hinojosa' registry='Bell, E.J. & Hinojosa, R.C.'"
tracker,316,DOI/URL,explained,https://doi.org/10.1016/0038-0121(77,https://doi.org/10.1016/0038-0121(77)90041-6,,discrepancies: claimed='https://doi.org/10.1016/0038-0121(77' registry='10.1016/0038-0121(77)90041-6'
tracker,318,Author(s),explained,Hasegawa & Takada,"Hasegawa, S.F. & Takada, T.",,"discrepancies: claimed='Hasegawa & Takada' registry='Hasegawa, S.F. & Takada, T.'"
tracker,319,Author(s),explained,"Burnicki, Brown & Goovaerts","Burnicki, A.C. et al.",,"discrepancies: claimed='Burnicki, Brown & Goovaerts' registry='Burnicki, A.C. et al.'"
tracker,319,Title,format,Simulating error propagation in land-cover change analysis: the implications of temporal dependence,Simulating error propagation in land-cover change analysis: The implications of temporal dependence,,the two cells normalise equal
tracker,320,Author(s),explained,Burnicki,"Burnicki, A.C.",,"discrepancies: claimed='Burnicki' registry='Burnicki, A.C.'"
tracker,320,Title,format,Spatio-temporal errors in land-cover change analysis: implications for accuracy assessment,Spatio-temporal errors in land–cover change analysis: implications for accuracy assessment,,the two cells normalise equal
tracker,321,Author(s),explained,Geyer & Thompson,"Geyer, C.J. & Thompson, E.A.",,"discrepancies: claimed='Geyer & Thompson' registry='Geyer, C.J. & Thompson, E.A.'"
tracker,321,Journal/Source,format,Journal of the Royal Statistical Society: Series B (Statistical Methodology),Journal of the Royal Statistical Society Series B: Statistical Methodology,,the two cells normalise equal
tracker,322,Author(s),explained,Wolters & Dean,"Wolters, M.A. & Dean, C.B.",,"discrepancies: claimed='Wolters & Dean' registry='Wolters, M.A. & Dean, C.B.'"
tracker,322,Year,explained,2017,2016,,discrepancies: claimed='2017' registry='2016'
tracker,323,Author(s),explained,Wolters,"Wolters, M.A.",,"discrepancies: claimed='Wolters' registry='Wolters, M.A.'"
tracker,324,Author(s),explained,"Conway, Khatib, Tetreult & Almas","Conway, T. et al.",,"discrepancies: claimed='Conway, Khatib, Tetreult & Almas' registry='Conway, T. et al.'"
tracker,324,Title,format,"A Private Tree By-Law's Contribution to Maintaining a Diverse Urban Forest: Exploring Homeowners' Replanting Compliance and the Role of Construction Activities in Toronto, Canada","A Private Tree By-Law’s Contribution to Maintaining a Diverse Urban Forest: Exploring Homeowners’ Replanting Compliance and the Role of Construction Activities in Toronto, Canada",,the two cells normalise equal
tracker,324,Journal/Source,explained,Arboriculture & Urban Forestry,Arboriculture &amp; Urban Forestry,0.9333,discrepancies: claimed='Arboriculture & Urban Forestry' registry='Arboriculture &amp; Urban Forestry'
tracker,325,Author(s),explained,"Roman, Fristensky, Lundgren, Cerwinka & Lubar","Roman, L.A. et al.",,"discrepancies: claimed='Roman, Fristensky, Lundgren, Cerwinka & Lubar' registry='Roman, L.A. et al.'"
tracker,326,Author(s),explained,"Ock, Shandas, Ribeiro & Young","Ock, Y. et al.",,"discrepancies: claimed='Ock, Shandas, Ribeiro & Young' registry='Ock, Y. et al.'"
tracker,329,Author(s),explained,"Girard, Charpiat & Tarabalka","Girard, N. et al.",,"discrepancies: claimed='Girard, Charpiat & Tarabalka' registry='Girard, N. et al.'"
tracker,329,Year,explained,2019b,2019,,discrepancies: claimed='2019b' registry='2019'
tracker,329,Title,format,"Aligning and Updating Cadaster Maps with Aerial Images by Multi-Task, Multi-Resolution Deep Learning","Aligning and Updating Cadaster Maps with Aerial Images by Multi-task, Multi-resolution Deep Learning",,the two cells normalise equal
tracker,329,Journal/Source,explained,Asian Conference on Computer Vision 2018,Lecture Notes in Computer Science,0.5205,discrepancies: claimed='Asian Conference on Computer Vision 2018' registry='Lecture Notes in Computer Science'
tracker,330,Author(s),explained,"Zampieri, Charpiat, Girard & Tarabalka","Zampieri, A. et al.",,"discrepancies: claimed='Zampieri, Charpiat, Girard & Tarabalka' registry='Zampieri, A. et al.'"
tracker,330,Journal/Source,explained,European Conference on Computer Vision 2018,Lecture Notes in Computer Science,0.5,discrepancies: claimed='European Conference on Computer Vision 2018' registry='Lecture Notes in Computer Science'
tracker,331,Author(s),explained,"Kaiser, Wegner, Lucchi, Jaggi, Hofmann & Schindler","Kaiser, P. et al.",,"discrepancies: claimed='Kaiser, Wegner, Lucchi, Jaggi, Hofmann & Schindler' registry='Kaiser, P. et al.'"
tracker,332,Author(s),explained,"Le Folgoc, Delingette, Criminisi & Ayache","Le Folgoc, L. et al.",,"discrepancies: claimed='Le Folgoc, Delingette, Criminisi & Ayache' registry='Le Folgoc, L. et al.'"
tracker,333,Author(s),explained,"Parisot, Wells, Chemouny, Duffau & Paragios","Parisot, S. et al.",,"discrepancies: claimed='Parisot, Wells, Chemouny, Duffau & Paragios' registry='Parisot, S. et al.'"
tracker,333,Journal/Source,explained,IEEE International Conference on Computer Vision 2013,2013 IEEE International Conference on Computer Vision,0.9057,discrepancies: claimed='IEEE International Conference on Computer Vision 2013' registry='2013 IEEE International Conference on Computer Vision'
tracker,334,Author(s),explained,Risholm et al.,"Risholm, P. et al.",,"discrepancies: claimed='Risholm et al.' registry='Risholm, P. et al.'"
tracker,334,Title,format,Probabilistic Non-Rigid Registration of Prostate Images: Modeling and Quantifying Uncertainty,Probabilistic non-rigid registration of prostate images: Modeling and quantifying uncertainty,,the two cells normalise equal
tracker,334,Journal/Source,explained,IEEE International Symposium on Biomedical Imaging 2011,2011 IEEE International Symposium on Biomedical Imaging: From Nano to Macro,0.7907,discrepancies: claimed='IEEE International Symposium on Biomedical Imaging 2011' registry='2011 IEEE International Symposium on Biomedical Imaging: From Nano to Macro'
tracker,335,Author(s),explained,"Hood, Varner, van Mantgem & Cansler","Hood, S.M. et al.",,"discrepancies: claimed='Hood, Varner, van Mantgem & Cansler' registry='Hood, S.M. et al.'"
tracker,336,Author(s),explained,"Reilly, Zuspan & Yang","Reilly, M.J. et al.",,"discrepancies: claimed='Reilly, Zuspan & Yang' registry='Reilly, M.J. et al.'"
tracker,336,Title,explained,Characterizing postfire delayed tree mortality with remote sensing: sizing up the elephant in the room,Characterizing post-fire delayed tree mortality with remote sensing: sizing up the elephant in the room,0.9951,discrepancies: claimed='Characterizing postfire delayed tree mortality with remote sensing: sizing up the elephant in the room' registry='Characterizing post-fire delayed tree mortality with remote sensing: sizing up the elephant in the room'
tracker,337,Author(s),explained,"Barker, Gray & Fried","Barker, J.S. et al.",,"discrepancies: claimed='Barker, Gray & Fried' registry='Barker, J.S. et al.'"
tracker,338,Author(s),explained,"Laurance, Camargo, Luizão et al.","Laurance, W.F. et al.",,"discrepancies: claimed='Laurance, Camargo, Luizão et al.' registry='Laurance, W.F. et al.'"
tracker,339,Author(s),explained,"D'Angelo, Andrade, Laurance, Fearnside & Laurance","D'Angelo, S.A. et al.",,"discrepancies: claimed=""D'Angelo, Andrade, Laurance, Fearnside & Laurance"" registry=""D'Angelo, S.A. et al."""
tracker,340,Author(s),explained,"Mesquita, Delamônica & Laurance","Mesquita, R.C.G. et al.",,"discrepancies: claimed='Mesquita, Delamônica & Laurance' registry='Mesquita, R.C.G. et al.'"
tracker,340,DOI/URL,explained,https://doi.org/10.1016/s0006-3207(99,https://doi.org/10.1016/s0006-3207(99)00086-5,,discrepancies: claimed='https://doi.org/10.1016/s0006-3207(99' registry='10.1016/s0006-3207(99)00086-5'
tracker,341,Author(s),explained,"Laurance, W.F., Ferreira, L.V., Rankin-de Merona, J.M. & Laurance, S.G.","Laurance, W.F. et al.",,"discrepancies: claimed='Laurance, W.F., Ferreira, L.V., Rankin-de Merona, J.M. & Laurance, S.G.' registry='Laurance, W.F. et al.'"
tracker,341,Title,format,Rain forest fragmentation and the dynamics of Amazonian tree communities,RAIN FOREST FRAGMENTATION AND THE DYNAMICS OF AMAZONIAN TREE COMMUNITIES,,the two cells normalise equal
tracker,341,DOI/URL,explained,https://doi.org/10.1890/0012-9658(1998,https://doi.org/10.1890/0012-9658(1998)079[2032:rffatd]2.0.co;2,,discrepancies: claimed='https://doi.org/10.1890/0012-9658(1998' registry='10.1890/0012-9658(1998)079[2032:rffatd]2.0.co;2'
tracker,342,Author(s),explained,Leung & Yan,"LEUNG, Y. & YAN, J.",,"discrepancies: claimed='Leung & Yan' registry='LEUNG, Y. & YAN, J.'"
tracker,343,Author(s),explained,Goodchild & Hunter,"GOODCHILD, M.F. & HUNTER, G.J.",,"discrepancies: claimed='Goodchild & Hunter' registry='GOODCHILD, M.F. & HUNTER, G.J.'"
tracker,344,Author(s),explained,"Townshend, Justice, Gurney & McManus","Townshend, J.R.G. et al.",,"discrepancies: claimed='Townshend, Justice, Gurney & McManus' registry='Townshend, J.R.G. et al.'"
tracker,345,Author(s),explained,Verbyla & Boles,"Verbyla, D.L. & Boles, S.H.",,"discrepancies: claimed='Verbyla & Boles' registry='Verbyla, D.L. & Boles, S.H.'"
tracker,346,Author(s),explained,"Salas, Boles, Frolking, Xiao & Li","Salas, W.A. et al.",,"discrepancies: claimed='Salas, Boles, Frolking, Xiao & Li' registry='Salas, W.A. et al.'"
tracker,347,Title,explained,A general framework for error analysis in measurement-based GIS [editorial introduction to the series],A general framework for error analysis in measurement-based GIS,0.773,discrepancies: claimed='A general framework for error analysis in measurement-based GIS [editorial introduction to the series]' registry='A general framework for error analysis in measurement-based GIS'
tracker,348,Author(s),explained,Efron,"Efron, B.",,"discrepancies: claimed='Efron' registry='Efron, B.'"
tracker,348,Title,explained,The Estimation of Prediction Error: Covariance Penalties and Cross-Validation,The Estimation of Prediction Error,1,discrepancies: claimed='The Estimation of Prediction Error: Covariance Penalties and Cross-Validation' registry='The Estimation of Prediction Error'
tracker,349,Author(s),explained,Besag,"Besag, J.",,"discrepancies: claimed='Besag' registry='Besag, J.'"
tracker,349,Journal/Source,format,Journal of the Royal Statistical Society: Series B (Statistical Methodology),Journal of the Royal Statistical Society Series B: Statistical Methodology,,the two cells normalise equal
tracker,350,Author(s),explained,"Takada, Miyamoto & Hasegawa","Takada, T. et al.",,"discrepancies: claimed='Takada, Miyamoto & Hasegawa' registry='Takada, T. et al.'"
tracker,350,Year,explained,2010,2009,,discrepancies: claimed='2010' registry='2009'
tracker,351,Author(s),explained,"Leung, Ma & Goodchild","Leung, Y. et al.",,"discrepancies: claimed='Leung, Ma & Goodchild' registry='Leung, Y. et al.'"
tracker,352,Author(s),explained,"Leung, Ma & Goodchild","Leung, Y. et al.",,"discrepancies: claimed='Leung, Ma & Goodchild' registry='Leung, Y. et al.'"
tracker,352,Title,explained,… Part 4: Error analysis in length and area measurements,A general framework for error analysis in measurement-based GIS Part 4: Error analysis in length and area measurements,0.6235,discrepancies: claimed='… Part 4: Error analysis in length and area measurements' registry='A general framework for error analysis in measurement-based GIS Part 4: Error analysis in length and area measurements'
tracker,353,Author(s),explained,Shi,"SHI, W.",,"discrepancies: claimed='Shi' registry='SHI, W.'"
tracker,354,Author(s),explained,"Steenberg, Robinson & Millward","Steenberg, J.W.N. et al.",,"discrepancies: claimed='Steenberg, Robinson & Millward' registry='Steenberg, J.W.N. et al.'"
tracker,355,Author(s),explained,"Guo, Morgenroth & Conway","Guo, T. et al.",,"discrepancies: claimed='Guo, Morgenroth & Conway' registry='Guo, T. et al.'"
tracker,355,Journal/Source,explained,Urban Forestry & Urban Greening,Urban Forestry &amp; Urban Greening,0.9355,discrepancies: claimed='Urban Forestry & Urban Greening' registry='Urban Forestry &amp; Urban Greening'
tracker,356,Author(s),explained,"Broaddus, Krull, Weigert, Schmidt & Myers","Broaddus, C. et al.",,"discrepancies: claimed='Broaddus, Krull, Weigert, Schmidt & Myers' registry='Broaddus, C. et al.'"
tracker,356,Journal/Source,explained,IEEE International Symposium on Biomedical Imaging 2020,2020 IEEE 17th International Symposium on Biomedical Imaging (ISBI),0.85,discrepancies: claimed='IEEE International Symposium on Biomedical Imaging 2020' registry='2020 IEEE 17th International Symposium on Biomedical Imaging (ISBI)'
tracker,357,Author(s),explained,"Bellettini, Caselles & Novaga","Bellettini, G. et al.",,"discrepancies: claimed='Bellettini, Caselles & Novaga' registry='Bellettini, G. et al.'"
tracker,357,Title,explained,The Total Variation Flow in R^N,The Total Variation Flow in RN,0.9836,discrepancies: claimed='The Total Variation Flow in R^N' registry='The Total Variation Flow in RN'
tracker,358,Author(s),explained,"Morgenroth, O'Neil-Dunne & Apiolaza","Morgenroth, J. et al.",,"discrepancies: claimed=""Morgenroth, O'Neil-Dunne & Apiolaza"" registry='Morgenroth, J. et al.'"
tracker,359,Author(s),explained,"Guo, Morgenroth, Conway & Xu","Guo, T. et al.",,"discrepancies: claimed='Guo, Morgenroth, Conway & Xu' registry='Guo, T. et al.'"
tracker,359,Journal/Source,format,Science of the Total Environment,Science of The Total Environment,,the two cells normalise equal
tracker,360,Author(s),explained,"Steenberg, Robinson & Duinker","Steenberg, J.W. et al.",,"discrepancies: claimed='Steenberg, Robinson & Duinker' registry='Steenberg, J.W. et al.'"
tracker,361,Author(s),explained,"Warfield, Zou & Wells","Warfield, S.K. et al.",,"discrepancies: claimed='Warfield, Zou & Wells' registry='Warfield, S.K. et al.'"
tracker,362,Author(s),explained,Efron,"Efron, B.",,"discrepancies: claimed='Efron' registry='Efron, B.'"
tracker,362,Title,explained,How Biased is the Apparent Error Rate of a Prediction Rule? *JASA,How Biased is the Apparent Error Rate of a Prediction Rule?,0.9587,discrepancies: claimed='How Biased is the Apparent Error Rate of a Prediction Rule? *JASA' registry='How Biased is the Apparent Error Rate of a Prediction Rule?'
tracker,363,Author(s),explained,Leung & Yan,"LEUNG, Y. & YAN, J.",,"discrepancies: claimed='Leung & Yan' registry='LEUNG, Y. & YAN, J.'"
tracker,364,Author(s),explained,Stow,"Stow, D.A.",,"discrepancies: claimed='Stow' registry='Stow, D.A.'"
tracker,365,Author(s),explained,"Burnicki, Brown & Goovaerts","Burnicki, A.C. et al.",,"discrepancies: claimed='Burnicki, Brown & Goovaerts' registry='Burnicki, A.C. et al.'"
tracker,366,Title,explained,Computation of the perimeter of measurable sets via their covariogram,COMPUTATION OF THE PERIMETER OF MEASURABLE SETS VIA THEIR COVARIOGRAM. APPLICATIONS TO RANDOM SETS,0.8313,discrepancies: claimed='Computation of the perimeter of measurable sets via their covariogram' registry='COMPUTATION OF THE PERIMETER OF MEASURABLE SETS VIA THEIR COVARIOGRAM. APPLICATIONS TO RANDOM SETS'
tracker,366,Journal/Source,explained,Image Analysis & Stereology,Image Analysis &amp; Stereology,0.9259,discrepancies: claimed='Image Analysis & Stereology' registry='Image Analysis &amp; Stereology'
tracker,371,Author(s),explained,"Kats, E., Goldberger, J. & Greenspan, H.","Kats, E. et al.",,"discrepancies: claimed='Kats, E., Goldberger, J. & Greenspan, H.' registry='Kats, E. et al.'"
tracker,371,Title,format,Soft labeling by distilling anatomical knowledge for improved MS lesion segmentation,Soft Labeling by Distilling Anatomical Knowledge for Improved MS Lesion Segmentation,,the two cells normalise equal
tracker,371,Journal/Source,explained,IEEE International Symposium on Biomedical Imaging 2019,2019 IEEE 16th International Symposium on Biomedical Imaging (ISBI 2019),0.88,discrepancies: claimed='IEEE International Symposium on Biomedical Imaging 2019' registry='2019 IEEE 16th International Symposium on Biomedical Imaging (ISBI 2019)'
tracker,372,Author(s),explained,"Gros, C., Lemay, A. & Cohen-Adad, J.","Gros, C. et al.",,"discrepancies: claimed='Gros, C., Lemay, A. & Cohen-Adad, J.' registry='Gros, C. et al.'"
tracker,372,Journal/Source,explained,arXiv preprint,Medical Image Analysis,0.2222,discrepancies: claimed='arXiv preprint' registry='Medical Image Analysis'
tracker,372,DOI/URL,explained,https://arxiv.org/abs/2011.09041,https://doi.org/10.1016/j.media.2021.102038,,discrepancies: claimed=None registry='10.1016/j.media.2021.102038'
tracker,373,Author(s),explained,"Zhu, J., Huang, H.-C. & Wu, J.","Zhu, J. et al.",,"discrepancies: claimed='Zhu, J., Huang, H.-C. & Wu, J.' registry='Zhu, J. et al.'"
tracker,373,Journal/Source,format,"Journal of Agricultural, Biological and Environmental Statistics","Journal of Agricultural, Biological, and Environmental Statistics",,the two cells normalise equal
tracker,374,Author(s),explained,"Hughes, J., Haran, M. & Caragea, P.C.","Hughes, J. et al.",,"discrepancies: claimed='Hughes, J., Haran, M. & Caragea, P.C.' registry='Hughes, J. et al.'"
tracker,375,Title,format,ngspatial: A package for fitting the centered autologistic and sparse spatial generalized linear mixed models for areal data,ngspatial: A Package for Fitting the Centered Autologistic and Sparse Spatial Generalized Linear Mixed Models for Areal Data,,the two cells normalise equal
tracker,376,Title,format,Statistical models for earthquake occurrences and residual analysis for point processes,Statistical Models for Earthquake Occurrences and Residual Analysis for Point Processes,,the two cells normalise equal
tracker,377,Author(s),explained,"Zhuang, J., Ogata, Y. & Vere-Jones, D.","Zhuang, J. et al.",,"discrepancies: claimed='Zhuang, J., Ogata, Y. & Vere-Jones, D.' registry='Zhuang, J. et al.'"
tracker,377,Title,format,Stochastic declustering of space-time earthquake occurrences,Stochastic Declustering of Space-Time Earthquake Occurrences,,the two cells normalise equal
tracker,378,Title,format,A review of self-exciting spatio-temporal point processes and their applications,A Review of Self-Exciting Spatio-Temporal Point Processes and Their Applications,,the two cells normalise equal
tracker,380,Author(s),format,"Hawkes, A.G.","HAWKES, A.G.",,the two cells normalise equal
tracker,383,Author(s),explained,"Israel, R.B., Rosenthal, J.S. & Wei, J.Z.","Israel, R.B. et al.",,"discrepancies: claimed='Israel, R.B., Rosenthal, J.S. & Wei, J.Z.' registry='Israel, R.B. et al.'"
tracker,383,Title,format,"Finding generators for Markov chains via empirical transition matrices, with applications to credit ratings","Finding Generators for Markov Chains via Empirical Transition Matrices, with Applications to Credit Ratings",,the two cells normalise equal
tracker,385,Author(s),explained,"Charitos, T., de Waal, P.R. & van der Gaag, L.C.","Charitos, T. et al.",,"discrepancies: claimed='Charitos, T., de Waal, P.R. & van der Gaag, L.C.' registry='Charitos, T. et al.'"
tracker,385,Year,explained,2008,2007,,discrepancies: claimed='2008' registry='2007'
tracker,385,Title,format,Computing short-interval transition matrices of a discrete-time Markov chain from partially observed data,Computing short‐interval transition matrices of a discrete‐time Markov chain from partially observed data,,the two cells normalise equal
tracker,386,Title,format,The representation of social processes by Markov models,The Representation of Social Processes by Markov Models,,the two cells normalise equal
tracker,387,Author(s),explained,"Reynolds, M.R. Jr. & Stoumbos, Z.G.","REYNOLDS, M.R. & STOUMBOS, Z.G.",,"discrepancies: claimed='Reynolds, M.R. Jr. & Stoumbos, Z.G.' registry='REYNOLDS, M.R. & STOUMBOS, Z.G.'"
tracker,388,Title,format,Fast initial response for CUSUM quality-control schemes: Give your CUSUM a head start,Fast Initial Response for CUSUM Quality-Control Schemes: Give Your CUSUM A Head Start,,the two cells normalise equal
tracker,389,Author(s),explained,"Kaiser, M.S., Lahiri, S.N. & Nordman, D.J.","Kaiser, M.S. et al.",,"discrepancies: claimed='Kaiser, M.S., Lahiri, S.N. & Nordman, D.J.' registry='Kaiser, M.S. et al.'"
tracker,389,Journal/Source,explained,Annals of Statistics,The Annals of Statistics,0.9091,discrepancies: claimed='Annals of Statistics' registry='The Annals of Statistics'
tracker,390,Journal/Source,explained,Annals of Statistics,The Annals of Statistics,0.9091,discrepancies: claimed='Annals of Statistics' registry='The Annals of Statistics'
tracker,391,Journal/Source,explained,Annals of Statistics,The Annals of Statistics,0.9091,discrepancies: claimed='Annals of Statistics' registry='The Annals of Statistics'
tracker,395,Author(s),explained,"Liu, D., Song, K., Townshend, J.R.G. & Gong, P.","Liu, D. et al.",,"discrepancies: claimed='Liu, D., Song, K., Townshend, J.R.G. & Gong, P.' registry='Liu, D. et al.'"
tracker,396,Author(s),explained,"Solberg, A.H.S., Taxt, T. & Jain, A.K.","Solberg, A.H.S. et al.",,"discrepancies: claimed='Solberg, A.H.S., Taxt, T. & Jain, A.K.' registry='Solberg, A.H.S. et al.'"
tracker,397,Author(s),explained,"Reynolds, M.R. Jr. & Stoumbos, Z.G.","Reynolds, M.R. & Stoumbos, Z.G.",,"discrepancies: claimed='Reynolds, M.R. Jr. & Stoumbos, Z.G.' registry='Reynolds, M.R. & Stoumbos, Z.G.'"
tracker,397,Title,format,A CUSUM chart for monitoring a proportion when inspecting continuously,A CUSUM Chart for Monitoring a Proportion When Inspecting Continuously,,the two cells normalise equal
tracker,398,Author(s),explained,"Zhu, J., Zheng, Y., Carroll, A.L. & Aukema, B.H.","Zhu, J. et al.",,"discrepancies: claimed='Zhu, J., Zheng, Y., Carroll, A.L. & Aukema, B.H.' registry='Zhu, J. et al.'"
tracker,398,Journal/Source,format,"Journal of Agricultural, Biological and Environmental Statistics","Journal of Agricultural, Biological, and Environmental Statistics",,the two cells normalise equal
tracker,400,Title,format,Markov chain Monte Carlo for a spatial-temporal autologistic regression model,Markov chain Monte Carlo for a Spatial-Temporal Autologistic Regression Model,,the two cells normalise equal
tracker,401,Journal/Source,format,"Journal of Agricultural, Biological and Environmental Statistics","Journal of Agricultural, Biological, and Environmental Statistics",,the two cells normalise equal
tracker,402,Author(s),format,"Brook, D. & Evans, D.A.","BROOK, D. & EVANS, D.A.",,the two cells normalise equal
tracker,404,Title,format,A spatial-temporal modeling approach to reconstructing land-cover change trajectories from multi-temporal satellite imagery,A Spatial-Temporal Modeling Approach to Reconstructing Land-Cover Change Trajectories from Multi-temporal Satellite Imagery,,the two cells normalise equal
tracker,404,Journal/Source,explained,Annals of the American Association of Geographers,Annals of the Association of American Geographers,0.8163,discrepancies: claimed='Annals of the American Association of Geographers' registry='Annals of the Association of American Geographers'
tracker,405,Author(s),explained,"Cai, S., Liu, D., Sulla-Menashe, D. & Friedl, M.A.","Cai, S. et al.",,"discrepancies: claimed='Cai, S., Liu, D., Sulla-Menashe, D. & Friedl, M.A.' registry='Cai, S. et al.'"
tracker,406,Title,format,A Markov random field approach to spatio-temporal contextual image classification,A markov random field approach to spatio-temporal contextual image classification,,the two cells normalise equal
tracker,407,Title,format,The analysis of panel data under a Markov assumption,The Analysis of Panel Data under a Markov Assumption,,the two cells normalise equal
tracker,408,Title,format,Multi-state models for panel data: the msm package for R,Multi-State Models for Panel Data: The msm Package for R,,the two cells normalise equal
tracker,409,Year,explained,2002,2001,,discrepancies: claimed='2002' registry='2001'
tracker,410,Author(s),explained,"Bureau, A., Shiboski, S. & Hughes, J.P.","Bureau, A. et al.",,"discrepancies: claimed='Bureau, A., Shiboski, S. & Hughes, J.P.' registry='Bureau, A. et al.'"
tracker,411,Title,format,Bias correction of two-state latent Markov process parameter estimates under misclassification,Bias correction of two‐state latent Markov process parameter estimates under misclassification,,the two cells normalise equal
tracker,412,Title,explained,Markov chains with measurement error: estimating the 'true' course of a marker of the progression of HIV disease,Markov Chains With Measurement Error: Estimating the `True' Course of a Marker of the Progression of Human Immunodeficiency Virus Disease,0.8971,"discrepancies: claimed=""Markov chains with measurement error: estimating the 'true' course of a marker of the progression of HIV disease"" registry=""Markov Chains With Measurement Error: Estimating the `True' Course of a Marker of the Progression of Human Immunodeficiency Virus Disease"""
tracker,413,Author(s),explained,"Gasparrini, A., Armstrong, B. & Kenward, M.G.","Gasparrini, A. et al.",,"discrepancies: claimed='Gasparrini, A., Armstrong, B. & Kenward, M.G.' registry='Gasparrini, A. et al.'"
tracker,413,Title,format,Distributed lag non-linear models,Distributed lag non‐linear models,,the two cells normalise equal
tracker,414,Title,format,Distributed lag linear and non-linear models in R: the package dlnm,Distributed Lag Linear and Non-Linear Models in R : The Package dlnm,,the two cells normalise equal
tracker,415,Year,explained,2014,2013,,discrepancies: claimed='2014' registry='2013'
tracker,415,Title,format,Modeling exposure–lag–response associations with distributed lag non-linear models,Modeling exposure–lag–response associations with distributed lag non‐linear models,,the two cells normalise equal
tracker,416,Author(s),explained,"Gasparrini, A., Scheipl, F., Armstrong, B. & Kenward, M.G.","Gasparrini, A. et al.",,"discrepancies: claimed='Gasparrini, A., Scheipl, F., Armstrong, B. & Kenward, M.G.' registry='Gasparrini, A. et al.'"
tracker,416,Title,format,A penalized framework for distributed lag non-linear models,A Penalized Framework for Distributed Lag Non-Linear Models,,the two cells normalise equal
tracker,417,Title,format,The distributed lag between capital appropriations and expenditures,The Distributed Lag Between Capital Appropriations and Expenditures,,the two cells normalise equal
tracker,418,Author(s),explained,"Truccolo, W., Eden, U.T., Fellows, M.R., Donoghue, J.P. & Brown, E.N.","Truccolo, W. et al.",,"discrepancies: claimed='Truccolo, W., Eden, U.T., Fellows, M.R., Donoghue, J.P. & Brown, E.N.' registry='Truccolo, W. et al.'"
tracker,418,Title,format,"A point process framework for relating neural spiking activity to spiking history, neural ensemble, and extrinsic covariate effects","A Point Process Framework for Relating Neural Spiking Activity to Spiking History, Neural Ensemble, and Extrinsic Covariate Effects",,the two cells normalise equal
tracker,420,Author(s),explained,"Browning, R., Sulem, D., Mengersen, K., Rivoirard, V. & Rousseau, J.","Browning, R. et al.",,"discrepancies: claimed='Browning, R., Sulem, D., Mengersen, K., Rivoirard, V. & Rousseau, J.' registry='Browning, R. et al.'"
tracker,421,Author(s),explained,"Lu, C.-W. & Reynolds, M.R. Jr.","Lu, C.W. & Reynolds, M.R.",,"discrepancies: claimed='Lu, C.-W. & Reynolds, M.R. Jr.' registry='Lu, C.W. & Reynolds, M.R.'"
tracker,421,Title,format,CUSUM charts for monitoring an autocorrelated process,Cusum Charts for Monitoring an Autocorrelated Process,,the two cells normalise equal
tracker,422,Title,format,SPC procedures for monitoring autocorrelated processes,SPC Procedures for Monitoring Autocorrelated Processes,,the two cells normalise equal
tracker,422,Journal/Source,explained,Quality Technology & Quantitative Management,Quality Technology &amp; Quantitative Management,0.9545,discrepancies: claimed='Quality Technology & Quantitative Management' registry='Quality Technology &amp; Quantitative Management'
tracker,424,Journal/Source,explained,Annals of Statistics,The Annals of Statistics,0.9091,discrepancies: claimed='Annals of Statistics' registry='The Annals of Statistics'
tracker,425,Title,format,Asymptotically optimal quickest change detection in distributed sensor systems,Asymptotically Optimal Quickest Change Detection in Distributed Sensor Systems,,the two cells normalise equal
tracker,426,Title,format,Controlling the false discovery rate: a practical and powerful approach to multiple testing,Controlling the False Discovery Rate: A Practical and Powerful Approach to Multiple Testing,,the two cells normalise equal
tracker,426,Journal/Source,format,Journal of the Royal Statistical Society: Series B (Statistical Methodology),Journal of the Royal Statistical Society Series B: Statistical Methodology,,the two cells normalise equal
tracker,427,Author(s),explained,"Steiner, S.H., Cook, R.J., Farewell, V.T. & Treasure, T.","Steiner, S.H.",,"discrepancies: claimed='Steiner, S.H., Cook, R.J., Farewell, V.T. & Treasure, T.' registry='Steiner, S.H.'"
tracker,428,DOI/URL,explained,https://doi.org/10.1016/s0304-4076(98,https://doi.org/10.1016/s0304-4076(98)00084-0,,discrepancies: claimed='https://doi.org/10.1016/s0304-4076(98' registry='10.1016/s0304-4076(98)00084-0'
tracker,429,Author(s),explained,"Platanios, E.A., Blum, A. & Mitchell, T.",Platanios & Mitchell,,"discrepancies: claimed='Platanios, E.A., Blum, A. & Mitchell, T.' registry='Platanios & Mitchell'"
tracker,430,Author(s),explained,"Platanios, E.A., Dubey, A. & Mitchell, T.",Platanios & Mitchell,,"discrepancies: claimed='Platanios, E.A., Dubey, A. & Mitchell, T.' registry='Platanios & Mitchell'"
tracker,433,Author(s),explained,"Raykar, V.C. et al.",Raykar,,"discrepancies: claimed='Raykar, V.C. et al.' registry='Raykar'"
tracker,435,Title,format,Maximum likelihood estimation of observer error-rates using the EM algorithm,Maximum Likelihood Estimation of Observer Error-Rates Using the EM Algorithm,,the two cells normalise equal
tracker,436,Title,format,Assessment of diagnostic tests when disease verification is subject to selection bias,Assessment of Diagnostic Tests When Disease Verification is Subject to Selection Bias,,the two cells normalise equal
tracker,437,Author(s),explained,"Mousavi, S. & Reynolds, M.R. Jr.","Mousavi, S. & Reynolds, M.R.",,"discrepancies: claimed='Mousavi, S. & Reynolds, M.R. Jr.' registry='Mousavi, S. & Reynolds, M.R.'"
tracker,437,Title,format,A CUSUM chart for monitoring a proportion with autocorrelated binary observations,A CUSUM Chart for Monitoring a Proportion with Autocorrelated Binary Observations,,the two cells normalise equal
tracker,438,Title,format,Estimating the error rates of diagnostic tests,Estimating the Error Rates of Diagnostic Tests,,the two cells normalise equal
tracker,439,Title,format,Time-series modeling for statistical process control,Time-Series Modeling for Statistical Process Control,,the two cells normalise equal
tracker,439,Journal/Source,explained,Journal of Business & Economic Statistics,Journal of Business &amp; Economic Statistics,0.9512,discrepancies: claimed='Journal of Business & Economic Statistics' registry='Journal of Business &amp; Economic Statistics'
tracker,440,Title,format,Some statistical process control methods for autocorrelated data,Some Statistical Process Control Methods for Autocorrelated Data,,the two cells normalise equal
tracker,441,Author(s),explained,"Lu, C.-W. & Reynolds, M.R. Jr.","Lu, C.W. & Reynolds, M.R.",,"discrepancies: claimed='Lu, C.-W. & Reynolds, M.R. Jr.' registry='Lu, C.W. & Reynolds, M.R.'"
tracker,441,Title,format,Control charts for monitoring the mean and variance of autocorrelated processes,Control Charts for Monitoring the Mean and Variance of Autocorrelated Processes,,the two cells normalise equal
tracker,443,Author(s),explained,van den Hout,"van den Hout, A.",,"discrepancies: claimed='van den Hout' registry='van den Hout, A.'"
tracker,443,Year,explained,2017,2016,,discrepancies: claimed='2017' registry='2016'
tracker,444,Author(s),explained,"Li, B., Liu, X., Zhuang, H., Shi, Q., Zeng, L., Cai, Y., Zhang, H., Cai, Y., Wu, C. & Xu, X.","Li, B. et al.",,"discrepancies: claimed='Li, B., Liu, X., Zhuang, H., Shi, Q., Zeng, L., Cai, Y., Zhang, H., Cai, Y., Wu, C. & Xu, X.' registry='Li, B. et al.'"
tracker,445,Author(s),explained,"Artikanur, S.D. et al.",Salis Deris Artikanur et al.,,"discrepancies: claimed='Artikanur, S.D. et al.' registry='Salis Deris Artikanur et al.'"
tracker,445,Title,explained,Evaluating Accuracy and Temporal Consistency of Machine Learning Models for LULC Mapping in the Cimanuk Watershed,Evaluating Accuracy and Temporal Consistency of Machine Learning Models for Land Use/Land Cover Mapping in the Cimanuk Watershed,0.9378,discrepancies: claimed='Evaluating Accuracy and Temporal Consistency of Machine Learning Models for LULC Mapping in the Cimanuk Watershed' registry='Evaluating Accuracy and Temporal Consistency of Machine Learning Models for Land Use/Land Cover Mapping in the Cimanuk Watershed'
tracker,445,Journal/Source,explained,J. Nat. Resour. Environ. Manag.,Jurnal Pengelolaan Sumberdaya Alam dan Lingkungan (Journal of Natural Resources and Environmental Management),0.391,discrepancies: claimed='J. Nat. Resour. Environ. Manag.' registry='Jurnal Pengelolaan Sumberdaya Alam dan Lingkungan (Journal of Natural Resources and Environmental Management)'
tracker,446,Author(s),explained,"Van den Broeck, W.A.J., Goedemé, T. & Loopmans, M.","Van den Broeck, W.A.J. et al.",,"discrepancies: claimed='Van den Broeck, W.A.J., Goedemé, T. & Loopmans, M.' registry='Van den Broeck, W.A.J. et al.'"
tracker,447,Journal/Source,explained,GIScience & Remote Sensing,GIScience &amp; Remote Sensing,0.9231,discrepancies: claimed='GIScience & Remote Sensing' registry='GIScience &amp; Remote Sensing'
tracker,449,Author(s),explained,"Pearse, G.D., Watt, M.S., Soewarto, J. & Tan, A.Y.S.","Pearse, G.D. et al.",,"discrepancies: claimed='Pearse, G.D., Watt, M.S., Soewarto, J. & Tan, A.Y.S.' registry='Pearse, G.D. et al.'"
tracker,450,Title,format,Computing Geodesics and Minimal Surfaces via Graph Cuts,Computing geodesics and minimal surfaces via graph cuts,,the two cells normalise equal
tracker,450,Journal/Source,explained,IEEE International Conference on Computer Vision 2003,Proceedings Ninth IEEE International Conference on Computer Vision,0.8067,discrepancies: claimed='IEEE International Conference on Computer Vision 2003' registry='Proceedings Ninth IEEE International Conference on Computer Vision'
tracker,451,Author(s),explained,"Vicente, Kolmogorov & Rother","Vicente, S. et al.",,"discrepancies: claimed='Vicente, Kolmogorov & Rother' registry='Vicente, S. et al.'"
tracker,451,Journal/Source,explained,IEEE/CVF Conference on Computer Vision and Pattern Recognition 2008,2008 IEEE Conference on Computer Vision and Pattern Recognition,0.8923,discrepancies: claimed='IEEE/CVF Conference on Computer Vision and Pattern Recognition 2008' registry='2008 IEEE Conference on Computer Vision and Pattern Recognition'
tracker,452,Author(s),explained,Boykov & Jolly,"Boykov, Y.Y. & Jolly, M.P.",,"discrepancies: claimed='Boykov & Jolly' registry='Boykov, Y.Y. & Jolly, M.P.'"
tracker,452,Year,explained,2001,2002,,discrepancies: claimed='2001' registry='2002'
tracker,452,Title,explained,Interactive Graph Cuts for Optimal Boundary & Region Segmentation of Objects in N-D Images,Interactive graph cuts for optimal boundary &amp; region segmentation of objects in N-D images,0.9778,discrepancies: claimed='Interactive Graph Cuts for Optimal Boundary & Region Segmentation of Objects in N-D Images' registry='Interactive graph cuts for optimal boundary &amp; region segmentation of objects in N-D images'
tracker,452,Journal/Source,explained,IEEE International Conference on Computer Vision 2001,Proceedings Eighth IEEE International Conference on Computer Vision. ICCV 2001,0.8154,discrepancies: claimed='IEEE International Conference on Computer Vision 2001' registry='Proceedings Eighth IEEE International Conference on Computer Vision. ICCV 2001'
tracker,453,Author(s),explained,Kolmogorov & Zabih,"Kolmogorov, V. & Zabih, R.",,"discrepancies: claimed='Kolmogorov & Zabih' registry='Kolmogorov, V. & Zabih, R.'"
tracker,453,Title,format,What Energy Functions Can Be Minimized via Graph Cuts?,What energy functions can be minimized via graph cuts?,,the two cells normalise equal
tracker,454,Author(s),explained,Sinop & Grady,"Sinop, A.K. & Grady, L.",,"discrepancies: claimed='Sinop & Grady' registry='Sinop, A.K. & Grady, L.'"
tracker,454,Journal/Source,explained,IEEE International Conference on Computer Vision 2007,2007 IEEE 11th International Conference on Computer Vision,0.8649,discrepancies: claimed='IEEE International Conference on Computer Vision 2007' registry='2007 IEEE 11th International Conference on Computer Vision'
tracker,455,Author(s),explained,"Couprie, Grady, Najman & Talbot","Couprie, C. et al.",,"discrepancies: claimed='Couprie, Grady, Najman & Talbot' registry='Couprie, C. et al.'"
tracker,456,Author(s),explained,Blakemore,"Blakemore, M.",,"discrepancies: claimed='Blakemore' registry='Blakemore, M.'"
tracker,456,Title,explained,Generalisation and Error in Spatial Databases,"Part 4: Mathematical, Algorithmic and Data Structure Issues: Generalisation and Error in Spatial Data Bases",0.604,"discrepancies: claimed='Generalisation and Error in Spatial Databases' registry='Part 4: Mathematical, Algorithmic and Data Structure Issues: Generalisation and Error in Spatial Data Bases'"
tracker,457,Author(s),explained,Hall,"Hall, P.",,"discrepancies: claimed='Hall' registry='Hall, P.'"
tracker,457,Title,format,Resampling a Coverage Pattern,Resampling a coverage pattern,,the two cells normalise equal
tracker,459,Journal/Source,explained,Resampling Methods for Dependent Data (ch. 12),Springer Series in Statistics,0.3611,discrepancies: claimed='Resampling Methods for Dependent Data (ch. 12)' registry='Springer Series in Statistics'
tracker,460,Author(s),explained,"Locke, D.H., Ossola, A., Schmit, J.P. & Grove, J.M.","Locke, D.H. et al.",,"discrepancies: claimed='Locke, D.H., Ossola, A., Schmit, J.P. & Grove, J.M.' registry='Locke, D.H. et al.'"
manifest,Abercrombie_2016_improving-consistency,stem,structural,Abercrombie_2016_improving-consistency,Abercrombie_2016_improving-consistency-multitemporal-land,,M7: works.key is authoritative and the file stem is derived from it
manifest,Abercrombie_2016_improving-consistency,venue,explained,IEEE TGRS,IEEE Transactions on Geoscience and Remote Sensing,0.3051,discrepancies: claimed='IEEE TGRS' registry='IEEE Transactions on Geoscience and Remote Sensing'
manifest,Abercrombie_2016_improving-consistency,doi,format,10.1109/TGRS.2015.2463689,10.1109/tgrs.2015.2463689,,"the same DOI, spelled differently"
manifest,Allard_2007_total-variation-regularization-image,title,explained,Total variation regularization for image denoising; I,"Total Variation Regularization for Image Denoising, I. Geometric Theory",0.8595,"discrepancies: claimed='Total variation regularization for image denoising; I' registry='Total Variation Regularization for Image Denoising, I. Geometric Theory'"
manifest,Allard_2007_total-variation-regularization-image,authors,explained,Allard,"Allard, W.K.",,"discrepancies: claimed='Allard' registry='Allard, W.K.'"
manifest,Allard_2007_total-variation-regularization-image,venue,filled,,SIAM Journal on Mathematical Analysis,,the legacy cell was empty; the registry record supplies a value
manifest,Almon_1965_distributed-lag-between-capital,stem,structural,Almon_1965_distributed-lag-between-capital,Almon_1965_distributed-lag-capital-appropriations,,M7: works.key is authoritative and the file stem is derived from it
manifest,Almon_1965_distributed-lag-between-capital,title,format,The distributed lag between capital appropriations and expenditures,The Distributed Lag Between Capital Appropriations and Expenditures,,the two cells normalise equal
manifest,Almon_1965_distributed-lag-between-capital,source_route,structural,unknown (pre-manifest),held-in-place,,now the route the file version records; 'unknown (pre-manifest)' rows are files bound in place by P3
manifest,Almon_1965_distributed-lag-between-capital,obtained_date,structural,2026-09-13,2026-09-14,,"now when the database actually obtained the file (the file version's obtained_at), not the date the manifest row was written; only an acquired file has one, a file bound in place keeps the legacy date"
manifest,Alwan_1988_time-series-modeling-statistical-process,stem,structural,Alwan_1988_time-series-modeling-statistical-process,Alwan_1988_time-series-modeling-statistical,,M7: works.key is authoritative and the file stem is derived from it
manifest,Alwan_1988_time-series-modeling-statistical-process,title,format,Time-series modeling for statistical process control,Time-Series Modeling for Statistical Process Control,,the two cells normalise equal
manifest,Alwan_1988_time-series-modeling-statistical-process,venue,explained,J. Business & Economic Statistics,Journal of Business &amp; Economic Statistics,0.8219,discrepancies: claimed='J. Business & Economic Statistics' registry='Journal of Business &amp; Economic Statistics'
manifest,Averkov_2009_confirmation-matheron-s-conjecture,venue,explained,J. Eur. Math. Soc.,Journal of the European Mathematical Society,0.4828,discrepancies: claimed='J. Eur. Math. Soc.' registry='Journal of the European Mathematical Society'
manifest,Baddeley_2005_spatstat-r-package-analyzing-spatial,stem,structural,Baddeley_2005_spatstat-r-package-analyzing-spatial,Baddeley_2005_spatstat-r-package-analyzing,,M7: works.key is authoritative and the file stem is derived from it
manifest,Baddeley_2005_spatstat-r-package-analyzing-spatial,title,format,spatstat: An R Package for Analyzing Spatial Point Patterns,spatstat : An R Package for Analyzing Spatial Point Patterns,,the two cells normalise equal
manifest,Baddeley_2005_spatstat-r-package-analyzing-spatial,authors,explained,Baddeley & Turner,"Baddeley, A. & Turner, R.",,"discrepancies: claimed='Baddeley & Turner' registry='Baddeley, A. & Turner, R.'"
manifest,Baddeley_2005_spatstat-r-package-analyzing-spatial,venue,explained,J. Stat. Software,Journal of Statistical Software,0.6522,discrepancies: claimed='J. Stat. Software' registry='Journal of Statistical Software'
manifest,Barker_2022_effects-crown-scorch-post-fire,stem,structural,Barker_2022_effects-crown-scorch-post-fire,Barker_2022_effects-crown-scorch-post,,M7: works.key is authoritative and the file stem is derived from it
manifest,Barker_2022_effects-crown-scorch-post-fire,authors,explained,"Barker, Gray & Fried","Barker, J.S. et al.",,"discrepancies: claimed='Barker, Gray & Fried' registry='Barker, J.S. et al.'"
manifest,Batson_2019_noise2self-blind-denoising-self,authors,explained,"Batson, J. & Royer, L.",Batson & Royer,,"discrepancies: claimed='Batson, J. & Royer, L.' registry='Batson & Royer'"
manifest,Batson_2019_noise2self-blind-denoising-self,arxiv,explained,1901.11365,,,discrepancies: claimed='1901.11365' registry=None
manifest,Begg_1983_assessment-diagnostic-tests-when-disease,stem,structural,Begg_1983_assessment-diagnostic-tests-when-disease,Begg_1983_assessment-diagnostic-tests-when,,M7: works.key is authoritative and the file stem is derived from it
manifest,Begg_1983_assessment-diagnostic-tests-when-disease,title,format,Assessment of diagnostic tests when disease verification is subject to selection bias,Assessment of Diagnostic Tests When Disease Verification is Subject to Selection Bias,,the two cells normalise equal
manifest,Bell_1977_markov-analysis-land-use-change,stem,structural,Bell_1977_markov-analysis-land-use-change,Bell_1977_markov-analysis-land-use,,M7: works.key is authoritative and the file stem is derived from it
manifest,Bell_1977_markov-analysis-land-use-change,authors,explained,Bell & Hinojosa,"Bell, E.J. & Hinojosa, R.C.",,"discrepancies: claimed='Bell & Hinojosa' registry='Bell, E.J. & Hinojosa, R.C.'"
manifest,Bell_1977_markov-analysis-land-use-change,source_route,structural,unknown (pre-manifest),held-in-place,,now the route the file version records; 'unknown (pre-manifest)' rows are files bound in place by P3
manifest,Bell_1977_markov-analysis-land-use-change,obtained_date,structural,2026-09-13,2026-09-14,,"now when the database actually obtained the file (the file version's obtained_at), not the date the manifest row was written; only an acquired file has one, a file bound in place keeps the legacy date"
manifest,Bellettini_2002_total-variation-flow,stem,structural,Bellettini_2002_total-variation-flow,Bellettini_2002_total-variation-flow-rn,,M7: works.key is authoritative and the file stem is derived from it
manifest,Bellettini_2002_total-variation-flow,title,explained,The Total Variation Flow in R^N,The Total Variation Flow in RN,0.9836,discrepancies: claimed='The Total Variation Flow in R^N' registry='The Total Variation Flow in RN'
manifest,Bellettini_2002_total-variation-flow,authors,explained,"Bellettini, Caselles & Novaga","Bellettini, G. et al.",,"discrepancies: claimed='Bellettini, Caselles & Novaga' registry='Bellettini, G. et al.'"
manifest,Bellettini_2002_total-variation-flow,venue,explained,J. Differential Equations,Journal of Differential Equations,0.8421,discrepancies: claimed='J. Differential Equations' registry='Journal of Differential Equations'
manifest,Benedek_2009_change-detection-optical-aerial-images,stem,structural,Benedek_2009_change-detection-optical-aerial-images,Benedek_2009_change-detection-optical-aerial,,M7: works.key is authoritative and the file stem is derived from it
manifest,Benedek_2009_change-detection-optical-aerial-images,venue,explained,IEEE TGRS,IEEE Transactions on Geoscience and Remote Sensing,0.3051,discrepancies: claimed='IEEE TGRS' registry='IEEE Transactions on Geoscience and Remote Sensing'
manifest,Benedek_2009_change-detection-optical-aerial-images,doi,format,10.1109/TGRS.2009.2022633,10.1109/tgrs.2009.2022633,,"the same DOI, spelled differently"
manifest,Benedek_2015_multilayer-markov-random-field-models,stem,structural,Benedek_2015_multilayer-markov-random-field-models,Benedek_2015_multilayer-markov-random-field,,M7: works.key is authoritative and the file stem is derived from it
manifest,Benedek_2015_multilayer-markov-random-field-models,authors,explained,"Benedek, C., Shadaydeh, M., Kato, Z., Sziranyi, T. & Zerubia, J.","Benedek, C. et al.",,"discrepancies: claimed='Benedek, C., Shadaydeh, M., Kato, Z., Sziranyi, T. & Zerubia, J.' registry='Benedek, C. et al.'"
manifest,Benedek_2015_multilayer-markov-random-field-models,venue,explained,ISPRS J.,ISPRS Journal of Photogrammetry and Remote Sensing,0.2456,discrepancies: claimed='ISPRS J.' registry='ISPRS Journal of Photogrammetry and Remote Sensing'
manifest,Benjamini_1995_controlling-false-discovery-rate,title,format,Controlling the false discovery rate: a practical and powerful approach to multiple testing,Controlling the False Discovery Rate: A Practical and Powerful Approach to Multiple Testing,,the two cells normalise equal
manifest,Benjamini_1995_controlling-false-discovery-rate,venue,explained,J. R. Stat. Soc. B,Journal of the Royal Statistical Society Series B: Statistical Methodology,0.3218,discrepancies: claimed='J. R. Stat. Soc. B' registry='Journal of the Royal Statistical Society Series B: Statistical Methodology'
manifest,Benjamini_1995_controlling-false-discovery-rate,verified_against_extract,structural,no,yes,,"now the admission binding verdict, not a hand-entered yes/no/loose"
manifest,Besag_1974_spatial-interaction-statistical-analysis,authors,explained,Besag,"Besag, J.",,"discrepancies: claimed='Besag' registry='Besag, J.'"
manifest,Besag_1974_spatial-interaction-statistical-analysis,venue,explained,J. R. Stat. Soc. B,Journal of the Royal Statistical Society Series B: Statistical Methodology,0.3218,discrepancies: claimed='J. R. Stat. Soc. B' registry='Journal of the Royal Statistical Society Series B: Statistical Methodology'
manifest,Blackman_2020_detecting-long-term-urban-forest,stem,structural,Blackman_2020_detecting-long-term-urban-forest,Blackman_2020_detecting-long-term-urban,,M7: works.key is authoritative and the file stem is derived from it
manifest,Blackman_2020_detecting-long-term-urban-forest,title,explained,Detecting Long-Term Urban Forest Cover Change and Impacts of Natural Disasters,Detecting Long-Term Urban Forest Cover Change and Impacts of Natural Disasters Using High-Resolution Aerial Images and LiDAR Data,0.7536,discrepancies: claimed='Detecting Long-Term Urban Forest Cover Change and Impacts of Natural Disasters' registry='Detecting Long-Term Urban Forest Cover Change and Impacts of Natural Disasters Using High-Resolution Aerial Images and LiDAR Data'
manifest,Blakemore_1984_generalisation-error-spatial,stem,structural,Blakemore_1984_generalisation-error-spatial,Blakemore_1984_part-4-mathematical-algorithmic,,M7: works.key is authoritative and the file stem is derived from it
manifest,Blakemore_1984_generalisation-error-spatial,title,explained,Generalisation and Error in Spatial Databases,"Part 4: Mathematical, Algorithmic and Data Structure Issues: Generalisation and Error in Spatial Data Bases",0.604,"discrepancies: claimed='Generalisation and Error in Spatial Databases' registry='Part 4: Mathematical, Algorithmic and Data Structure Issues: Generalisation and Error in Spatial Data Bases'"
manifest,Bloch_2012_mathematical-morphology-bipolar-fuzzy,title,format,Mathematical morphology on bipolar fuzzy sets: General algebraic framework,Mathematical morphology on bipolar fuzzy sets: general algebraic framework,,the two cells normalise equal
manifest,Bogaert_2022_hidden-markov-models-annual-land,stem,structural,Bogaert_2022_hidden-markov-models-annual-land,Bogaert_2022_hidden-markov-models-annual,,M7: works.key is authoritative and the file stem is derived from it
manifest,Bogaert_2022_hidden-markov-models-annual-land,title,format,Hidden Markov Models for Annual Land Cover Mapping — Increasing Temporal Consistency and Completeness,Hidden Markov Models for Annual Land Cover Mapping—Increasing Temporal Consistency and Completeness,,the two cells normalise equal
manifest,Bogaert_2022_hidden-markov-models-annual-land,authors,explained,"Bogaert, P., Lamarche, C. & Defourny, P.","Bogaert, P. et al.",,"discrepancies: claimed='Bogaert, P., Lamarche, C. & Defourny, P.' registry='Bogaert, P. et al.'"
manifest,Bogaert_2022_hidden-markov-models-annual-land,venue,explained,IEEE TGRS,IEEE Transactions on Geoscience and Remote Sensing,0.3051,discrepancies: claimed='IEEE TGRS' registry='IEEE Transactions on Geoscience and Remote Sensing'
manifest,Bogaert_2022_hidden-markov-models-annual-land,doi,format,10.1109/TGRS.2021.3123738,10.1109/tgrs.2021.3123738,,"the same DOI, spelled differently"
manifest,Boykov_2001_interactive-graph-cuts-optimal-boundary,stem,structural,Boykov_2001_interactive-graph-cuts-optimal-boundary,Boykov_2002_interactive-graph-cuts-optimal,,M7: works.key is authoritative and the file stem is derived from it
manifest,Boykov_2001_interactive-graph-cuts-optimal-boundary,title,explained,Interactive Graph Cuts for Optimal Boundary & Region Segmentation of Objects in N-D Images,Interactive graph cuts for optimal boundary &amp; region segmentation of objects in N-D images,0.9778,discrepancies: claimed='Interactive Graph Cuts for Optimal Boundary & Region Segmentation of Objects in N-D Images' registry='Interactive graph cuts for optimal boundary &amp; region segmentation of objects in N-D images'
manifest,Boykov_2001_interactive-graph-cuts-optimal-boundary,year,explained,2001,2002,,discrepancies: claimed='2001' registry='2002'
manifest,Boykov_2001_interactive-graph-cuts-optimal-boundary,venue,explained,ICCV,Proceedings Eighth IEEE International Conference on Computer Vision. ICCV 2001,0.0988,discrepancies: claimed='ICCV' registry='Proceedings Eighth IEEE International Conference on Computer Vision. ICCV 2001'
manifest,Boykov_2003_computing-geodesics-minimal-surfaces,title,format,Computing Geodesics and Minimal Surfaces via Graph Cuts,Computing geodesics and minimal surfaces via graph cuts,,the two cells normalise equal
manifest,Boykov_2003_computing-geodesics-minimal-surfaces,authors,explained,"Boykov, Y. & Kolmogorov, V.",Boykov & Kolmogorov,,"discrepancies: claimed='Boykov, Y. & Kolmogorov, V.' registry='Boykov & Kolmogorov'"
manifest,Boykov_2003_computing-geodesics-minimal-surfaces,venue,explained,ICCV,Proceedings Ninth IEEE International Conference on Computer Vision,0.1143,discrepancies: claimed='ICCV' registry='Proceedings Ninth IEEE International Conference on Computer Vision'
manifest,Broaddus_2020_removing-structured-noise-self,authors,explained,"Broaddus, Krull, Weigert, Schmidt & Myers","Broaddus, C. et al.",,"discrepancies: claimed='Broaddus, Krull, Weigert, Schmidt & Myers' registry='Broaddus, C. et al.'"
manifest,Broaddus_2020_removing-structured-noise-self,venue,explained,IEEE ISBI 2020,2020 IEEE 17th International Symposium on Biomedical Imaging (ISBI),0.2278,discrepancies: claimed='IEEE ISBI 2020' registry='2020 IEEE 17th International Symposium on Biomedical Imaging (ISBI)'
manifest,Brook_1972_approach-probability-distribution-cusum,authors,format,"Brook, D. & Evans, D.A.","BROOK, D. & EVANS, D.A.",,the two cells normalise equal
manifest,Browning_2021_simple-discrete-time-self-exciting,stem,structural,Browning_2021_simple-discrete-time-self-exciting,Browning_2021_simple-discrete-time-self,,M7: works.key is authoritative and the file stem is derived from it
manifest,Browning_2021_simple-discrete-time-self-exciting,authors,explained,"Browning, R., Sulem, D., Mengersen, K., Rivoirard, V. & Rousseau, J.","Browning, R. et al.",,"discrepancies: claimed='Browning, R., Sulem, D., Mengersen, K., Rivoirard, V. & Rousseau, J.' registry='Browning, R. et al.'"
manifest,Bureau_2003_applications-continuous-time-hidden,authors,explained,"Bureau, A., Shiboski, S. & Hughes, J.P.","Bureau, A. et al.",,"discrepancies: claimed='Bureau, A., Shiboski, S. & Hughes, J.P.' registry='Bureau, A. et al.'"
manifest,Bureau_2003_applications-continuous-time-hidden,venue,explained,Statist. Med.,Statistics in Medicine,0.6667,discrepancies: claimed='Statist. Med.' registry='Statistics in Medicine'
manifest,Burnicki_2007_simulating-error-propagation-land,title,format,Simulating error propagation in land-cover change analysis: the implications of temporal dependence,Simulating error propagation in land-cover change analysis: The implications of temporal dependence,,the two cells normalise equal
manifest,Burnicki_2007_simulating-error-propagation-land,authors,explained,"Burnicki, Brown & Goovaerts","Burnicki, A.C. et al.",,"discrepancies: claimed='Burnicki, Brown & Goovaerts' registry='Burnicki, A.C. et al.'"
manifest,Burnicki_2007_simulating-error-propagation-land,venue,explained,Comput. Environ. Urban Syst.,"Computers, Environment and Urban Systems",0.7812,"discrepancies: claimed='Comput. Environ. Urban Syst.' registry='Computers, Environment and Urban Systems'"
manifest,Burnicki_2010_propagating-error-land-cover-change,stem,structural,Burnicki_2010_propagating-error-land-cover-change,Burnicki_2010_propagating-error-land-cover,,M7: works.key is authoritative and the file stem is derived from it
manifest,Burnicki_2010_propagating-error-land-cover-change,authors,explained,"Burnicki, Brown & Goovaerts","Burnicki, A.C. et al.",,"discrepancies: claimed='Burnicki, Brown & Goovaerts' registry='Burnicki, A.C. et al.'"
manifest,Burnicki_2010_propagating-error-land-cover-change,venue,explained,Int. J. GIS,International Journal of Geographical Information Science,0.2727,discrepancies: claimed='Int. J. GIS' registry='International Journal of Geographical Information Science'
manifest,Burnicki_2011_spatio-temporal-errors-land-cover,stem,structural,Burnicki_2011_spatio-temporal-errors-land-cover,Burnicki_2011_spatio-temporal-errors-land,,M7: works.key is authoritative and the file stem is derived from it
manifest,Burnicki_2011_spatio-temporal-errors-land-cover,title,format,Spatio-temporal errors in land-cover change analysis: implications for accuracy assessment,Spatio-temporal errors in land–cover change analysis: implications for accuracy assessment,,the two cells normalise equal
manifest,Burnicki_2011_spatio-temporal-errors-land-cover,authors,explained,Burnicki,"Burnicki, A.C.",,"discrepancies: claimed='Burnicki' registry='Burnicki, A.C.'"
manifest,Burnicki_2011_spatio-temporal-errors-land-cover,venue,explained,Int. J. Remote Sensing,International Journal of Remote Sensing,0.678,discrepancies: claimed='Int. J. Remote Sensing' registry='International Journal of Remote Sensing'
manifest,Cabo_1995_line-transects-covariance-functions-set,stem,structural,Cabo_1995_line-transects-covariance-functions-set,Cabo_1995_line-transects-covariance-functions,,M7: works.key is authoritative and the file stem is derived from it
manifest,Cabo_1995_line-transects-covariance-functions-set,venue,explained,Adv. Appl. Prob.,Advances in Applied Probability,0.5909,discrepancies: claimed='Adv. Appl. Prob.' registry='Advances in Applied Probability'
manifest,Cabo_1995_line-transects-covariance-functions-set,doi,format,10.1017/S0001867800027063,10.1017/s0001867800027063,,"the same DOI, spelled differently"
manifest,Cai_2014_enhancing-modis-land-cover-product,stem,structural,Cai_2014_enhancing-modis-land-cover-product,Cai_2014_enhancing-modis-land-cover,,M7: works.key is authoritative and the file stem is derived from it
manifest,Cai_2014_enhancing-modis-land-cover-product,authors,explained,"Cai, S., Liu, D., Sulla-Menashe, D. & Friedl, M.A.","Cai, S. et al.",,"discrepancies: claimed='Cai, S., Liu, D., Sulla-Menashe, D. & Friedl, M.A.' registry='Cai, S. et al.'"
manifest,Camara_2024_bayesian-inference-post-processing,authors,explained,"Câmara, G. et al.","Camara, G. et al.",,"discrepancies: claimed='Câmara, G. et al.' registry='Camara, G. et al.'"
manifest,Caragea_2009_autologistic-models-interpretable,stem,structural,Caragea_2009_autologistic-models-interpretable,Caragea_2009_autologistic-models-interpretable-parameters,,M7: works.key is authoritative and the file stem is derived from it
manifest,Caragea_2009_autologistic-models-interpretable,venue,explained,J. Agric. Biol. Environ. Stat.,"Journal of Agricultural, Biological, and Environmental Statistics",0.5682,"discrepancies: claimed='J. Agric. Biol. Environ. Stat.' registry='Journal of Agricultural, Biological, and Environmental Statistics'"
manifest,Chakraborty_2017_effect-misclassification-due,stem,structural,Chakraborty_2017_effect-misclassification-due,Chakraborty_2017_effect-misclassification-due-measurement,,M7: works.key is authoritative and the file stem is derived from it
manifest,Chakraborty_2017_effect-misclassification-due,venue,explained,Cadernos do IME,Cadernos do IME - Série Estatística,0.625,discrepancies: claimed='Cadernos do IME' registry='Cadernos do IME - Série Estatística'
manifest,Chan_2005_aspects-total-variation-regularized-l,stem,structural,Chan_2005_aspects-total-variation-regularized-l,Chan_2005_aspects-total-variation-regularized,,M7: works.key is authoritative and the file stem is derived from it
manifest,Chan_2005_aspects-total-variation-regularized-l,title,explained,Aspects of Total Variation Regularized L¹ Function Approximation,Aspects of Total Variation Regularized L 1 Function Approximation,0.9922,discrepancies: claimed='Aspects of Total Variation Regularized L¹ Function Approximation' registry='Aspects of Total Variation Regularized L 1 Function Approximation'
manifest,Chan_2005_aspects-total-variation-regularized-l,authors,explained,Chan & Esedoglu,"Chan, T.F. & Esedoglu, S.",,"discrepancies: claimed='Chan & Esedoglu' registry='Chan, T.F. & Esedoglu, S.'"
manifest,Chan_2005_aspects-total-variation-regularized-l,venue,explained,SIAM J. Appl. Math.,SIAM Journal on Applied Mathematics,0.6275,discrepancies: claimed='SIAM J. Appl. Math.' registry='SIAM Journal on Applied Mathematics'
manifest,Charitos_2008_computing-short-interval-transition,stem,structural,Charitos_2008_computing-short-interval-transition,Charitos_2007_computing-short-interval-transition,,M7: works.key is authoritative and the file stem is derived from it
manifest,Charitos_2008_computing-short-interval-transition,title,format,Computing short-interval transition matrices of a discrete-time Markov chain from partially observed data,Computing short‐interval transition matrices of a discrete‐time Markov chain from partially observed data,,the two cells normalise equal
manifest,Charitos_2008_computing-short-interval-transition,authors,explained,"Charitos, T., de Waal, P.R. & van der Gaag, L.C.","Charitos, T. et al.",,"discrepancies: claimed='Charitos, T., de Waal, P.R. & van der Gaag, L.C.' registry='Charitos, T. et al.'"
manifest,Charitos_2008_computing-short-interval-transition,year,explained,2008,2007,,discrepancies: claimed='2008' registry='2007'
manifest,Chaux_2008_nonlinear-stein-based-estimator,authors,explained,"Chaux, Duval, Benazza-Benyahia & Pesquet","Chaux, C. et al.",,"discrepancies: claimed='Chaux, Duval, Benazza-Benyahia & Pesquet' registry='Chaux, C. et al.'"
manifest,Chaux_2008_nonlinear-stein-based-estimator,venue,explained,IEEE Trans. Signal Processing,IEEE Transactions on Signal Processing,0.8485,discrepancies: claimed='IEEE Trans. Signal Processing' registry='IEEE Transactions on Signal Processing'
manifest,Chaux_2008_nonlinear-stein-based-estimator,doi,filled,,10.1109/tsp.2008.921757,,the legacy cell was empty; the registry record supplies a value
manifest,Chaux_2008_nonlinear-stein-based-estimator,arxiv,explained,0712.2317,,,discrepancies: claimed='0712.2317' registry=None
manifest,Chen_2018_semantic-segmentation-aerial-imagery,title,explained,Semantic Segmentation of Aerial Imagery via Multi-Scale Shuffling CNNs with Deep Supervision,SEMANTIC SEGMENTATION OF AERIAL IMAGERY VIA MULTI-SCALE SHUFFLING CONVOLUTIONAL NEURAL NETWORKS WITH DEEP SUPERVISION,0.8804,discrepancies: claimed='Semantic Segmentation of Aerial Imagery via Multi-Scale Shuffling CNNs with Deep Supervision' registry='SEMANTIC SEGMENTATION OF AERIAL IMAGERY VIA MULTI-SCALE SHUFFLING CONVOLUTIONAL NEURAL NETWORKS WITH DEEP SUPERVISION'
manifest,Chen_2018_semantic-segmentation-aerial-imagery,venue,explained,ISPRS Annals,"ISPRS Annals of the Photogrammetry, Remote Sensing and Spatial Information Sciences",0.2553,"discrepancies: claimed='ISPRS Annals' registry='ISPRS Annals of the Photogrammetry, Remote Sensing and Spatial Information Sciences'"
manifest,Chen_2018_semantic-segmentation-aerial-imagery,doi,format,10.5194/isprs-annals-IV-1-29-2018,10.5194/isprs-annals-iv-1-29-2018,,"the same DOI, spelled differently"
manifest,Conley_2007_spatial-correlation-robust-inference,venue,explained,J. Econometrics,Journal of Econometrics,0.7568,discrepancies: claimed='J. Econometrics' registry='Journal of Econometrics'
manifest,Conway_2022_private-tree-law-s-contribution,stem,structural,Conway_2022_private-tree-law-s-contribution,Conway_2022_private-tree-law-s,,M7: works.key is authoritative and the file stem is derived from it
manifest,Conway_2022_private-tree-law-s-contribution,title,format,"A Private Tree By-Law's Contribution to Maintaining a Diverse Urban Forest: Exploring Homeowners' Replanting Compliance and the Role of Construction Activities in Toronto, Canada","A Private Tree By-Law’s Contribution to Maintaining a Diverse Urban Forest: Exploring Homeowners’ Replanting Compliance and the Role of Construction Activities in Toronto, Canada",,the two cells normalise equal
manifest,Conway_2022_private-tree-law-s-contribution,authors,explained,"Conway, Khatib, Tetreult & Almas","Conway, T. et al.",,"discrepancies: claimed='Conway, Khatib, Tetreult & Almas' registry='Conway, T. et al.'"
manifest,Conway_2022_private-tree-law-s-contribution,venue,explained,Arboriculture & Urban Forestry,Arboriculture &amp; Urban Forestry,0.9333,discrepancies: claimed='Arboriculture & Urban Forestry' registry='Arboriculture &amp; Urban Forestry'
manifest,Couprie_2011_power-watershed-unifying-graph-based,stem,structural,Couprie_2011_power-watershed-unifying-graph-based,Couprie_2011_power-watershed-unifying-graph,,M7: works.key is authoritative and the file stem is derived from it
manifest,Couprie_2011_power-watershed-unifying-graph-based,authors,explained,"Couprie, C., Grady, L., Najman, L. & Talbot, H.","Couprie, C. et al.",,"discrepancies: claimed='Couprie, C., Grady, L., Najman, L. & Talbot, H.' registry='Couprie, C. et al.'"
manifest,Couprie_2011_power-watershed-unifying-graph-based,venue,explained,PAMI,IEEE Transactions on Pattern Analysis and Machine Intelligence,0.1212,discrepancies: claimed='PAMI' registry='IEEE Transactions on Pattern Analysis and Machine Intelligence'
manifest,DAngelo_2004_inferred-causes-tree-mortality,authors,explained,"D'Angelo, Andrade, Laurance, Fearnside & Laurance","D'Angelo, S.A. et al.",,"discrepancies: claimed=""D'Angelo, Andrade, Laurance, Fearnside & Laurance"" registry=""D'Angelo, S.A. et al."""
manifest,DAngelo_2004_inferred-causes-tree-mortality,venue,explained,J. Trop. Ecol.,Journal of Tropical Ecology,0.5789,discrepancies: claimed='J. Trop. Ecol.' registry='Journal of Tropical Ecology'
manifest,Dai_1998b_hierarchical-fusion-letter,stem,structural,Dai_1998b_hierarchical-fusion-letter,Dai_1998_hierarchical-methodology-framework-multisource,,M7: works.key is authoritative and the file stem is derived from it
manifest,Dai_1998b_hierarchical-fusion-letter,authors,explained,"Dai, X.","Dai, X. & Khorram, S.",,"discrepancies: claimed='Dai, X.' registry='Dai, X. & Khorram, S.'"
manifest,Dai_1998a_effects-image-misregistration-accuracy,stem,structural,Dai_1998a_effects-image-misregistration-accuracy,XiaolongDai_1998_effects-image-misregistration-accuracy,,M7: works.key is authoritative and the file stem is derived from it
manifest,Dai_1998a_effects-image-misregistration-accuracy,title,format,The Effects of Image Misregistration on the Accuracy of Remotely Sensed Change Detection,The effects of image misregistration on the accuracy of remotely sensed change detection,,the two cells normalise equal
manifest,Dai_1998a_effects-image-misregistration-accuracy,authors,explained,Dai & Khorram,"Xiaolong Dai & Khorram, S.",,"discrepancies: claimed='Dai & Khorram' registry='Xiaolong Dai & Khorram, S.'"
manifest,Dai_1998a_effects-image-misregistration-accuracy,venue,explained,IEEE Trans. Geosci. Remote Sensing,IEEE Transactions on Geoscience and Remote Sensing,0.7805,discrepancies: claimed='IEEE Trans. Geosci. Remote Sensing' registry='IEEE Transactions on Geoscience and Remote Sensing'
manifest,Dawid_1979_maximum-likelihood-estimation-observer,title,format,Maximum likelihood estimation of observer error-rates using the EM algorithm,Maximum Likelihood Estimation of Observer Error-Rates Using the EM Algorithm,,the two cells normalise equal
manifest,Duval_2009_tvl1-model-geometric-point-view,stem,structural,Duval_2009_tvl1-model-geometric-point-view,Duval_2009_tvl1-model-geometric-point,,M7: works.key is authoritative and the file stem is derived from it
manifest,Duval_2009_tvl1-model-geometric-point-view,authors,explained,"Duval, Aujol & Gousseau","Duval, V. et al.",,"discrepancies: claimed='Duval, Aujol & Gousseau' registry='Duval, V. et al.'"
manifest,Duval_2009_tvl1-model-geometric-point-view,venue,explained,Multiscale Model. Simul.,Multiscale Modeling &amp; Simulation,0.7857,discrepancies: claimed='Multiscale Model. Simul.' registry='Multiscale Modeling &amp; Simulation'
manifest,Efron_1986_how-biased-apparent-error-rate,stem,structural,Efron_1986_how-biased-apparent-error-rate,Efron_1986_how-biased-apparent-error,,M7: works.key is authoritative and the file stem is derived from it
manifest,Efron_1986_how-biased-apparent-error-rate,title,explained,How Biased is the Apparent Error Rate of a Prediction Rule? *JASA*,How Biased is the Apparent Error Rate of a Prediction Rule?,0.9587,discrepancies: claimed='How Biased is the Apparent Error Rate of a Prediction Rule? *JASA*' registry='How Biased is the Apparent Error Rate of a Prediction Rule?'
manifest,Efron_1986_how-biased-apparent-error-rate,authors,explained,Efron,"Efron, B.",,"discrepancies: claimed='Efron' registry='Efron, B.'"
manifest,Efron_1986_how-biased-apparent-error-rate,venue,filled,,Journal of the American Statistical Association,,the legacy cell was empty; the registry record supplies a value
manifest,Efron_2004_estimation-prediction-error-covariance,stem,structural,Efron_2004_estimation-prediction-error-covariance,Efron_2004_estimation-prediction-error,,M7: works.key is authoritative and the file stem is derived from it
manifest,Efron_2004_estimation-prediction-error-covariance,title,explained,The Estimation of Prediction Error: Covariance Penalties and Cross-Validation,The Estimation of Prediction Error,1,discrepancies: claimed='The Estimation of Prediction Error: Covariance Penalties and Cross-Validation' registry='The Estimation of Prediction Error'
manifest,Efron_2004_estimation-prediction-error-covariance,authors,explained,Efron,"Efron, B.",,"discrepancies: claimed='Efron' registry='Efron, B.'"
manifest,Efron_2004_estimation-prediction-error-covariance,venue,explained,JASA,Journal of the American Statistical Association,0.1569,discrepancies: claimed='JASA' registry='Journal of the American Statistical Association'
manifest,Efron_2021_resampling-plans-estimation-prediction,authors,explained,Efron,"Efron, B.",,"discrepancies: claimed='Efron' registry='Efron, B.'"
manifest,Eldar_2009_generalized-sure-exponential-families,authors,explained,Eldar,"Eldar, Y.C.",,"discrepancies: claimed='Eldar' registry='Eldar, Y.C.'"
manifest,Eldar_2009_generalized-sure-exponential-families,venue,explained,IEEE Trans. Signal Processing,IEEE Transactions on Signal Processing,0.8485,discrepancies: claimed='IEEE Trans. Signal Processing' registry='IEEE Transactions on Signal Processing'
manifest,Eldar_2009_generalized-sure-exponential-families,doi,filled,,10.1109/tsp.2008.2008212,,the legacy cell was empty; the registry record supplies a value
manifest,Eldar_2009_generalized-sure-exponential-families,arxiv,explained,0804.3010,,,discrepancies: claimed='0804.3010' registry=None
manifest,Foody_2010_assessing-accuracy-land-cover-change,stem,structural,Foody_2010_assessing-accuracy-land-cover-change,Foody_2010_assessing-accuracy-land-cover,,M7: works.key is authoritative and the file stem is derived from it
manifest,Galerne_2011_computation-perimeter-measurable-sets,title,explained,Computation of the perimeter of measurable sets via their covariogram,COMPUTATION OF THE PERIMETER OF MEASURABLE SETS VIA THEIR COVARIOGRAM. APPLICATIONS TO RANDOM SETS,0.8313,discrepancies: claimed='Computation of the perimeter of measurable sets via their covariogram' registry='COMPUTATION OF THE PERIMETER OF MEASURABLE SETS VIA THEIR COVARIOGRAM. APPLICATIONS TO RANDOM SETS'
manifest,Galerne_2011_computation-perimeter-measurable-sets,venue,filled,,Image Analysis &amp; Stereology,,the legacy cell was empty; the registry record supplies a value
manifest,Gallagher_1981_theoretical-analysis-properties,stem,structural,Gallagher_1981_theoretical-analysis-properties,Gallagher_1981_theoretical-analysis-properties-median,,M7: works.key is authoritative and the file stem is derived from it
manifest,Gallagher_1981_theoretical-analysis-properties,authors,explained,Gallagher & Wise,"Gallagher, N. & Wise, G.",,"discrepancies: claimed='Gallagher & Wise' registry='Gallagher, N. & Wise, G.'"
manifest,Gallagher_1981_theoretical-analysis-properties,venue,explained,"IEEE Trans. Acoustics, Speech, and Signal Processing","IEEE Transactions on Acoustics, Speech, and Signal Processing",0.9074,"discrepancies: claimed='IEEE Trans. Acoustics, Speech, and Signal Processing' registry='IEEE Transactions on Acoustics, Speech, and Signal Processing'"
manifest,Gallagher_1981_theoretical-analysis-properties,doi,format,10.1109/TASSP.1981.1163708,10.1109/tassp.1981.1163708,,"the same DOI, spelled differently"
manifest,Gasparrini_2010_distributed-lag-non-linear-models,stem,structural,Gasparrini_2010_distributed-lag-non-linear-models,Gasparrini_2010_distributed-lag-non-linear,,M7: works.key is authoritative and the file stem is derived from it
manifest,Gasparrini_2010_distributed-lag-non-linear-models,title,format,Distributed lag non-linear models,Distributed lag non‐linear models,,the two cells normalise equal
manifest,Gasparrini_2010_distributed-lag-non-linear-models,authors,explained,"Gasparrini, A., Armstrong, B. & Kenward, M.G.","Gasparrini, A. et al.",,"discrepancies: claimed='Gasparrini, A., Armstrong, B. & Kenward, M.G.' registry='Gasparrini, A. et al.'"
manifest,Gasparrini_2010_distributed-lag-non-linear-models,venue,explained,Statist. Med.,Statistics in Medicine,0.6667,discrepancies: claimed='Statist. Med.' registry='Statistics in Medicine'
manifest,Gasparrini_2011_distributed-lag-linear-non-linear,stem,structural,Gasparrini_2011_distributed-lag-linear-non-linear,Gasparrini_2011_distributed-lag-linear-non,,M7: works.key is authoritative and the file stem is derived from it
manifest,Gasparrini_2011_distributed-lag-linear-non-linear,title,format,Distributed lag linear and non-linear models in R: the package dlnm,Distributed Lag Linear and Non-Linear Models in R : The Package dlnm,,the two cells normalise equal
manifest,Gasparrini_2011_distributed-lag-linear-non-linear,venue,explained,J. Statistical Software,Journal of Statistical Software,0.8302,discrepancies: claimed='J. Statistical Software' registry='Journal of Statistical Software'
manifest,Gasparrini_2014_modeling-exposure-lag-response,stem,structural,Gasparrini_2014_modeling-exposure-lag-response,Gasparrini_2013_modeling-exposure-lag-response,,M7: works.key is authoritative and the file stem is derived from it
manifest,Gasparrini_2014_modeling-exposure-lag-response,title,format,Modeling exposure–lag–response associations with distributed lag non-linear models,Modeling exposure–lag–response associations with distributed lag non‐linear models,,the two cells normalise equal
manifest,Gasparrini_2014_modeling-exposure-lag-response,year,explained,2014,2013,,discrepancies: claimed='2014' registry='2013'
manifest,Gasparrini_2014_modeling-exposure-lag-response,venue,explained,Statist. Med.,Statistics in Medicine,0.6667,discrepancies: claimed='Statist. Med.' registry='Statistics in Medicine'
manifest,Gasparrini_2017_penalized-framework-distributed-lag,title,format,A penalized framework for distributed lag non-linear models,A Penalized Framework for Distributed Lag Non-Linear Models,,the two cells normalise equal
manifest,Gasparrini_2017_penalized-framework-distributed-lag,authors,explained,"Gasparrini, A., Scheipl, F., Armstrong, B. & Kenward, M.G.","Gasparrini, A. et al.",,"discrepancies: claimed='Gasparrini, A., Scheipl, F., Armstrong, B. & Kenward, M.G.' registry='Gasparrini, A. et al.'"
manifest,Geyer_1992_constrained-monte-carlo-maximum,authors,explained,Geyer & Thompson,"Geyer, C.J. & Thompson, E.A.",,"discrepancies: claimed='Geyer & Thompson' registry='Geyer, C.J. & Thompson, E.A.'"
manifest,Geyer_1992_constrained-monte-carlo-maximum,venue,explained,J. R. Stat. Soc. B,Journal of the Royal Statistical Society Series B: Statistical Methodology,0.3218,discrepancies: claimed='J. R. Stat. Soc. B' registry='Journal of the Royal Statistical Society Series B: Statistical Methodology'
manifest,Girard_2019a_aligning-updating-cadaster-maps-aerial,stem,structural,Girard_2019a_aligning-updating-cadaster-maps-aerial,Girard_2019_aligning-updating-cadaster-maps,,M7: works.key is authoritative and the file stem is derived from it
manifest,Girard_2019a_aligning-updating-cadaster-maps-aerial,title,format,"Aligning and Updating Cadaster Maps with Aerial Images by Multi-Task, Multi-Resolution Deep Learning","Aligning and Updating Cadaster Maps with Aerial Images by Multi-task, Multi-resolution Deep Learning",,the two cells normalise equal
manifest,Girard_2019a_aligning-updating-cadaster-maps-aerial,authors,explained,"Girard, Charpiat & Tarabalka","Girard, N. et al.",,"discrepancies: claimed='Girard, Charpiat & Tarabalka' registry='Girard, N. et al.'"
manifest,Girard_2019a_aligning-updating-cadaster-maps-aerial,venue,explained,ACCV 2018 Workshops,Lecture Notes in Computer Science,0.1538,discrepancies: claimed='ACCV 2018 Workshops' registry='Lecture Notes in Computer Science'
manifest,Goodchild_1997_simple-positional-accuracy-measure,authors,explained,Goodchild & Hunter,"GOODCHILD, M.F. & HUNTER, G.J.",,"discrepancies: claimed='Goodchild & Hunter' registry='GOODCHILD, M.F. & HUNTER, G.J.'"
manifest,Goodchild_1997_simple-positional-accuracy-measure,venue,explained,Int. J. GIS,International Journal of Geographical Information Science,0.2727,discrepancies: claimed='Int. J. GIS' registry='International Journal of Geographical Information Science'
manifest,Goodchild_1997_simple-positional-accuracy-measure,verified_against_extract,structural,no,yes,,"now the admission binding verdict, not a hand-entered yes/no/loose"
manifest,Goodchild_2004_general-framework-error-analysis,title,explained,A general framework for error analysis in measurement-based GIS [editorial introduction to the series],A general framework for error analysis in measurement-based GIS,0.773,discrepancies: claimed='A general framework for error analysis in measurement-based GIS [editorial introduction to the series]' registry='A general framework for error analysis in measurement-based GIS'
manifest,Goodchild_2004_general-framework-error-analysis,authors,explained,Goodchild,"Goodchild, M.F.",,"discrepancies: claimed='Goodchild' registry='Goodchild, M.F.'"
manifest,Goodchild_2004_general-framework-error-analysis,venue,explained,J. Geogr. Syst.,Journal of Geographical Systems,0.5581,discrepancies: claimed='J. Geogr. Syst.' registry='Journal of Geographical Systems'
manifest,Gros_2021_softseg-advantages-soft-versus-binary,stem,structural,Gros_2021_softseg-advantages-soft-versus-binary,Gros_2021_softseg-advantages-soft-versus,,M7: works.key is authoritative and the file stem is derived from it
manifest,Gros_2021_softseg-advantages-soft-versus-binary,authors,explained,"Gros, C., Lemay, A. & Cohen-Adad, J.","Gros, C. et al.",,"discrepancies: claimed='Gros, C., Lemay, A. & Cohen-Adad, J.' registry='Gros, C. et al.'"
manifest,Gros_2021_softseg-advantages-soft-versus-binary,venue,filled,,Medical Image Analysis,,the legacy cell was empty; the registry record supplies a value
manifest,Gros_2021_softseg-advantages-soft-versus-binary,doi,filled,,10.1016/j.media.2021.102038,,the legacy cell was empty; the registry record supplies a value
manifest,Gros_2021_softseg-advantages-soft-versus-binary,arxiv,explained,2011.09041,,,discrepancies: claimed='2011.09041' registry=None
manifest,Guo_2018_redeveloping-urban-forest-effect,authors,explained,"Guo, Morgenroth & Conway","Guo, T. et al.",,"discrepancies: claimed='Guo, Morgenroth & Conway' registry='Guo, T. et al.'"
manifest,Guo_2018_redeveloping-urban-forest-effect,venue,explained,Urban Forestry & Urban Greening,Urban Forestry &amp; Urban Greening,0.9355,discrepancies: claimed='Urban Forestry & Urban Greening' registry='Urban Forestry &amp; Urban Greening'
manifest,Guo_2019_city-wide-canopy-cover-decline,stem,structural,Guo_2019_city-wide-canopy-cover-decline,Guo_2019_city-wide-canopy-cover,,M7: works.key is authoritative and the file stem is derived from it
manifest,Guo_2019_city-wide-canopy-cover-decline,authors,explained,"Guo, Morgenroth, Conway & Xu","Guo, T. et al.",,"discrepancies: claimed='Guo, Morgenroth, Conway & Xu' registry='Guo, T. et al.'"
manifest,Guo_2019_city-wide-canopy-cover-decline,venue,format,Science of the Total Environment,Science of The Total Environment,,the two cells normalise equal
manifest,Hall_1985_resampling-coverage-pattern,title,format,Resampling a Coverage Pattern,Resampling a coverage pattern,,the two cells normalise equal
manifest,Hasegawa_2019_probability-deriving-yearly,stem,structural,Hasegawa_2019_probability-deriving-yearly,Hasegawa_2019_probability-deriving-yearly-transition,,M7: works.key is authoritative and the file stem is derived from it
manifest,Hasegawa_2019_probability-deriving-yearly,authors,explained,Hasegawa & Takada,"Hasegawa, S.F. & Takada, T.",,"discrepancies: claimed='Hasegawa & Takada' registry='Hasegawa, S.F. & Takada, T.'"
manifest,Hauer_1994_street-tree-decline-construction-damage,stem,structural,Hauer_1994_street-tree-decline-construction-damage,Hauer_1994_street-tree-decline-construction,,M7: works.key is authoritative and the file stem is derived from it
manifest,Hauer_1994_street-tree-decline-construction-damage,authors,explained,"Hauer, Miller & Ouimet","Hauer, R. et al.",,"discrepancies: claimed='Hauer, Miller & Ouimet' registry='Hauer, R. et al.'"
manifest,Hauer_1994_street-tree-decline-construction-damage,venue,explained,J. Arboriculture,Arboriculture &amp; Urban Forestry,0.5532,discrepancies: claimed='J. Arboriculture' registry='Arboriculture &amp; Urban Forestry'
manifest,Hauer_1994_street-tree-decline-construction-damage,doi,filled,,10.48044/jauf.1994.017,,the legacy cell was empty; the registry record supplies a value
manifest,Hawkes_1971_spectra-some-self-exciting-mutually,stem,structural,Hawkes_1971_spectra-some-self-exciting-mutually,Hawkes_1971_spectra-some-self-exciting,,M7: works.key is authoritative and the file stem is derived from it
manifest,Hawkes_1971_spectra-some-self-exciting-mutually,authors,format,"Hawkes, A.G.","HAWKES, A.G.",,the two cells normalise equal
manifest,Higham_2011_pth-roots-stochastic-matrices,venue,explained,Linear Algebra Appl.,Linear Algebra and its Applications,0.7037,discrepancies: claimed='Linear Algebra Appl.' registry='Linear Algebra and its Applications'
manifest,Hilbert_2019_urban-tree-mortality-literature-review,stem,structural,Hilbert_2019_urban-tree-mortality-literature-review,Hilbert_2019_urban-tree-mortality-literature,,M7: works.key is authoritative and the file stem is derived from it
manifest,Hilbert_2019_urban-tree-mortality-literature-review,authors,explained,"Hilbert, Roman et al.","Hilbert, D. et al.",,"discrepancies: claimed='Hilbert, Roman et al.' registry='Hilbert, D. et al.'"
manifest,Hilbert_2019_urban-tree-mortality-literature-review,venue,explained,Arboriculture & Urban Forestry,Arboriculture &amp; Urban Forestry,0.9333,discrepancies: claimed='Arboriculture & Urban Forestry' registry='Arboriculture &amp; Urban Forestry'
manifest,Hood_2018_fire-tree-death-understanding-improving,stem,structural,Hood_2018_fire-tree-death-understanding-improving,Hood_2018_fire-tree-death-understanding,,M7: works.key is authoritative and the file stem is derived from it
manifest,Hood_2018_fire-tree-death-understanding-improving,authors,explained,"Hood, Varner, van Mantgem & Cansler","Hood, S.M. et al.",,"discrepancies: claimed='Hood, Varner, van Mantgem & Cansler' registry='Hood, S.M. et al.'"
manifest,Hood_2018_fire-tree-death-understanding-improving,venue,explained,Environ. Res. Lett.,Environmental Research Letters,0.6957,discrepancies: claimed='Environ. Res. Lett.' registry='Environmental Research Letters'
manifest,Hughes_1999_non-homogeneous-hidden-markov-model,stem,structural,Hughes_1999_non-homogeneous-hidden-markov-model,Hughes_1999_non-homogeneous-hidden-markov,,M7: works.key is authoritative and the file stem is derived from it
manifest,Hughes_1999_non-homogeneous-hidden-markov-model,authors,explained,"Hughes, Guttorp & Charles","Hughes, J.P. et al.",,"discrepancies: claimed='Hughes, Guttorp & Charles' registry='Hughes, J.P. et al.'"
manifest,Hughes_1999_non-homogeneous-hidden-markov-model,venue,explained,J. R. Stat. Soc. C,Journal of the Royal Statistical Society Series C: Applied Statistics,0.3415,discrepancies: claimed='J. R. Stat. Soc. C' registry='Journal of the Royal Statistical Society Series C: Applied Statistics'
manifest,Hughes_2011_autologistic-models-binary-data-lattice,stem,structural,Hughes_2011_autologistic-models-binary-data-lattice,Hughes_2011_autologistic-models-binary-data,,M7: works.key is authoritative and the file stem is derived from it
manifest,Hughes_2011_autologistic-models-binary-data-lattice,authors,explained,"Hughes, J., Haran, M. & Caragea, P.C.","Hughes, J. et al.",,"discrepancies: claimed='Hughes, J., Haran, M. & Caragea, P.C.' registry='Hughes, J. et al.'"
manifest,Hughes_2014_ngspatial-package-fitting-centered,title,format,ngspatial: A package for fitting the centered autologistic and sparse spatial generalized linear mixed models for areal data,ngspatial: A Package for Fitting the Centered Autologistic and Sparse Spatial Generalized Linear Mixed Models for Areal Data,,the two cells normalise equal
manifest,Hughes_2014_ngspatial-package-fitting-centered,doi,format,10.32614/RJ-2014-026,10.32614/rj-2014-026,,"the same DOI, spelled differently"
manifest,Hui_1980_estimating-error-rates-diagnostic-tests,stem,structural,Hui_1980_estimating-error-rates-diagnostic-tests,Hui_1980_estimating-error-rates-diagnostic,,M7: works.key is authoritative and the file stem is derived from it
manifest,Hui_1980_estimating-error-rates-diagnostic-tests,title,format,Estimating the error rates of diagnostic tests,Estimating the Error Rates of Diagnostic Tests,,the two cells normalise equal
manifest,Israel_2001_finding-generators-markov-chains,title,format,"Finding generators for Markov chains via empirical transition matrices, with applications to credit ratings","Finding Generators for Markov Chains via Empirical Transition Matrices, with Applications to Credit Ratings",,the two cells normalise equal
manifest,Israel_2001_finding-generators-markov-chains,authors,explained,"Israel, R.B., Rosenthal, J.S. & Wei, J.Z.","Israel, R.B. et al.",,"discrepancies: claimed='Israel, R.B., Rosenthal, J.S. & Wei, J.Z.' registry='Israel, R.B. et al.'"
manifest,Jackson_2002_hidden-markov-models-onset-progression,stem,structural,Jackson_2002_hidden-markov-models-onset-progression,Jackson_2001_hidden-markov-models-onset,,M7: works.key is authoritative and the file stem is derived from it
manifest,Jackson_2002_hidden-markov-models-onset-progression,year,explained,2002,2001,,discrepancies: claimed='2002' registry='2001'
manifest,Jackson_2002_hidden-markov-models-onset-progression,venue,explained,Statist. Med.,Statistics in Medicine,0.6667,discrepancies: claimed='Statist. Med.' registry='Statistics in Medicine'
manifest,Jackson_2011_multi-state-models-panel-data,stem,structural,Jackson_2011_multi-state-models-panel-data,Jackson_2011_multi-state-models-panel,,M7: works.key is authoritative and the file stem is derived from it
manifest,Jackson_2011_multi-state-models-panel-data,title,format,Multi-state models for panel data: the msm package for R,Multi-State Models for Panel Data: The msm Package for R,,the two cells normalise equal
manifest,Jackson_2011_multi-state-models-panel-data,venue,explained,J. Statistical Software,Journal of Statistical Software,0.8302,discrepancies: claimed='J. Statistical Software' registry='Journal of Statistical Software'
manifest,Kaiser_2017_learning-aerial-image-segmentation,authors,explained,"Kaiser, Wegner, Lucchi, Jaggi, Hofmann & Schindler","Kaiser, P. et al.",,"discrepancies: claimed='Kaiser, Wegner, Lucchi, Jaggi, Hofmann & Schindler' registry='Kaiser, P. et al.'"
manifest,Kaiser_2017_learning-aerial-image-segmentation,venue,explained,IEEE TGRS,IEEE Transactions on Geoscience and Remote Sensing,0.3051,discrepancies: claimed='IEEE TGRS' registry='IEEE Transactions on Geoscience and Remote Sensing'
manifest,Kaiser_2012_goodness-fit-tests-class-markov,stem,structural,Kaiser_2012_goodness-fit-tests-class-markov,Kaiser_2012_goodness-fit-tests-class,,M7: works.key is authoritative and the file stem is derived from it
manifest,Kaiser_2012_goodness-fit-tests-class-markov,authors,explained,"Kaiser, M.S., Lahiri, S.N. & Nordman, D.J.","Kaiser, M.S. et al.",,"discrepancies: claimed='Kaiser, M.S., Lahiri, S.N. & Nordman, D.J.' registry='Kaiser, M.S. et al.'"
manifest,Kaiser_2012_goodness-fit-tests-class-markov,venue,explained,Ann. Statist.,The Annals of Statistics,0.6286,discrepancies: claimed='Ann. Statist.' registry='The Annals of Statistics'
manifest,Kaiser_2012_goodness-fit-tests-class-markov,doi,format,10.1214/11-AOS948,10.1214/11-aos948,,"the same DOI, spelled differently"
manifest,Kalbfleisch_1985_analysis-panel-data-markov,title,format,The analysis of panel data under a Markov assumption,The Analysis of Panel Data under a Markov Assumption,,the two cells normalise equal
manifest,Kalbfleisch_1985_analysis-panel-data-markov,venue,explained,JASA,Journal of the American Statistical Association,0.1569,discrepancies: claimed='JASA' registry='Journal of the American Statistical Association'
manifest,Kalinicheva_2025_super-resolved-canopy-height,authors,explained,"Kalinicheva, E., Helen, F., Mermoz, S., Mouret, F. & Planells, M.",Kalinicheva & Planells,,"discrepancies: claimed='Kalinicheva, E., Helen, F., Mermoz, S., Mouret, F. & Planells, M.' registry='Kalinicheva & Planells'"
manifest,Kalinicheva_2025_super-resolved-canopy-height,arxiv,explained,2512.11524,,,discrepancies: claimed='2512.11524' registry=None
manifest,Kats_2019a_soft-labeling-distilling-anatomical,stem,structural,Kats_2019a_soft-labeling-distilling-anatomical,Kats_2019_soft-labeling-distilling-anatomical,,M7: works.key is authoritative and the file stem is derived from it
manifest,Kats_2019a_soft-labeling-distilling-anatomical,title,format,Soft labeling by distilling anatomical knowledge for improved MS lesion segmentation,Soft Labeling by Distilling Anatomical Knowledge for Improved MS Lesion Segmentation,,the two cells normalise equal
manifest,Kats_2019a_soft-labeling-distilling-anatomical,authors,explained,"Kats, E., Goldberger, J. & Greenspan, H.","Kats, E. et al.",,"discrepancies: claimed='Kats, E., Goldberger, J. & Greenspan, H.' registry='Kats, E. et al.'"
manifest,Kats_2019a_soft-labeling-distilling-anatomical,venue,explained,IEEE ISBI 2019,2019 IEEE 16th International Symposium on Biomedical Imaging (ISBI 2019),0.3333,discrepancies: claimed='IEEE ISBI 2019' registry='2019 IEEE 16th International Symposium on Biomedical Imaging (ISBI 2019)'
manifest,Kelejian_2007_hac-estimation-spatial-framework,venue,explained,J. Econometrics,Journal of Econometrics,0.7568,discrepancies: claimed='J. Econometrics' registry='Journal of Econometrics'
manifest,Kolmogorov_2005_what-metrics-can-be-approximated,stem,structural,Kolmogorov_2005_what-metrics-can-be-approximated,Kolmogorov_2005_what-metrics-can-approximated,,M7: works.key is authoritative and the file stem is derived from it
manifest,Kolmogorov_2005_what-metrics-can-be-approximated,title,format,"What Metrics Can Be Approximated by Geo-Cuts, or Global Optimization of Length/Area and Flux","What metrics can be approximated by geo-cuts, or global optimization of length/area and flux",,the two cells normalise equal
manifest,Kolmogorov_2005_what-metrics-can-be-approximated,authors,explained,Kolmogorov & Boykov,"Kolmogorov, V. & Boykov, Y.",,"discrepancies: claimed='Kolmogorov & Boykov' registry='Kolmogorov, V. & Boykov, Y.'"
manifest,Kolmogorov_2005_what-metrics-can-be-approximated,venue,explained,ICCV 2005,Tenth IEEE International Conference on Computer Vision (ICCV'05) Volume 1,0.175,"discrepancies: claimed='ICCV 2005' registry=""Tenth IEEE International Conference on Computer Vision (ICCV'05) Volume 1"""
manifest,Kolmogorov_2004_what-energy-functions-can-be,stem,structural,Kolmogorov_2004_what-energy-functions-can-be,Kolmogorov_2004_what-energy-functions-can,,M7: works.key is authoritative and the file stem is derived from it
manifest,Kolmogorov_2004_what-energy-functions-can-be,title,format,What Energy Functions Can Be Minimized via Graph Cuts?,What energy functions can be minimized via graph cuts?,,the two cells normalise equal
manifest,Kolmogorov_2004_what-energy-functions-can-be,venue,explained,PAMI,IEEE Transactions on Pattern Analysis and Machine Intelligence,0.1212,discrepancies: claimed='PAMI' registry='IEEE Transactions on Pattern Analysis and Machine Intelligence'
manifest,Krahenbuhl_2011_efficient-inference-fully-connected,authors,explained,"Krahenbuhl, P. & Koltun, V.",Krähenbühl & Koltun,,"discrepancies: claimed='Krahenbuhl, P. & Koltun, V.' registry='Krähenbühl & Koltun'"
manifest,Krahenbuhl_2011_efficient-inference-fully-connected,arxiv,explained,1210.5644,,,discrepancies: claimed='1210.5644' registry=None
manifest,Krahenbuhl_2013_parameter-learning-convergent,stem,structural,Krahenbuhl_2013_parameter-learning-convergent,Krahenbuhl_2013_parameter-learning-convergent-inference,,M7: works.key is authoritative and the file stem is derived from it
manifest,Krahenbuhl_2013_parameter-learning-convergent,authors,explained,"Krahenbuhl, P. & Koltun, V.",Krahenbuhl & Koltun,,"discrepancies: claimed='Krahenbuhl, P. & Koltun, V.' registry='Krahenbuhl & Koltun'"
manifest,Lahiri_2006_resampling-methods-spatial-regression,venue,explained,Ann. Statist.,The Annals of Statistics,0.6286,discrepancies: claimed='Ann. Statist.' registry='The Annals of Statistics'
manifest,Laurance_1998_rain-forest-fragmentation-dynamics,title,format,Rain forest fragmentation and the dynamics of Amazonian tree communities,RAIN FOREST FRAGMENTATION AND THE DYNAMICS OF AMAZONIAN TREE COMMUNITIES,,the two cells normalise equal
manifest,Laurance_1998_rain-forest-fragmentation-dynamics,authors,explained,"Laurance, W.F., Ferreira, L.V., Rankin-de Merona, J.M. & Laurance, S.G.","Laurance, W.F. et al.",,"discrepancies: claimed='Laurance, W.F., Ferreira, L.V., Rankin-de Merona, J.M. & Laurance, S.G.' registry='Laurance, W.F. et al.'"
manifest,Laurance_2011_fate-amazonian-forest-fragments-32,stem,structural,Laurance_2011_fate-amazonian-forest-fragments-32,Laurance_2011_fate-amazonian-forest-fragments,,M7: works.key is authoritative and the file stem is derived from it
manifest,Laurance_2011_fate-amazonian-forest-fragments-32,authors,explained,"Laurance, Camargo, Luizão et al.","Laurance, W.F. et al.",,"discrepancies: claimed='Laurance, Camargo, Luizão et al.' registry='Laurance, W.F. et al.'"
manifest,Laurance_2011_fate-amazonian-forest-fragments-32,venue,explained,Biol. Conserv.,Biological Conservation,0.6857,discrepancies: claimed='Biol. Conserv.' registry='Biological Conservation'
manifest,LeFolgoc_2017_quantifying-registration-uncertainty,stem,structural,LeFolgoc_2017_quantifying-registration-uncertainty,LeFolgoc_2017_quantifying-registration-uncertainty-sparse,,M7: works.key is authoritative and the file stem is derived from it
manifest,LeFolgoc_2017_quantifying-registration-uncertainty,authors,explained,"Le Folgoc, Delingette, Criminisi & Ayache","Le Folgoc, L. et al.",,"discrepancies: claimed='Le Folgoc, Delingette, Criminisi & Ayache' registry='Le Folgoc, L. et al.'"
manifest,LeFolgoc_2017_quantifying-registration-uncertainty,venue,explained,IEEE Trans. Med. Imaging,IEEE Transactions on Medical Imaging,0.7586,discrepancies: claimed='IEEE Trans. Med. Imaging' registry='IEEE Transactions on Medical Imaging'
manifest,Lee_2015_deeply-supervised-nets,stem,structural,Lee_2015_deeply-supervised-nets,Lee_2014_deeply-supervised-nets,,M7: works.key is authoritative and the file stem is derived from it
manifest,Lee_2015_deeply-supervised-nets,authors,explained,"Lee, C.Y., Xie, S., Gallagher, P., Zhang, Z. & Tu, Z.","Lee, C.Y. et al.",,"discrepancies: claimed='Lee, C.Y., Xie, S., Gallagher, P., Zhang, Z. & Tu, Z.' registry='Lee, C.Y. et al.'"
manifest,Lee_2015_deeply-supervised-nets,year,explained,2015,2014,,discrepancies: claimed='2015' registry='2014'
manifest,Lee_2015_deeply-supervised-nets,venue,explained,AISTATS,arXiv,0.3333,discrepancies: claimed='AISTATS' registry='arXiv'
manifest,Lee_2015_deeply-supervised-nets,doi,filled,,10.48550/arxiv.1409.5185,,the legacy cell was empty; the registry record supplies a value
manifest,Lee_2015_deeply-supervised-nets,arxiv,explained,1409.5185,,,discrepancies: claimed='1409.5185' registry=None
manifest,Leung_2004a_general-framework-error-analysis,stem,structural,Leung_2004a_general-framework-error-analysis,Leung_2004_general-framework-error-analysis,,M7: works.key is authoritative and the file stem is derived from it
manifest,Leung_2004a_general-framework-error-analysis,authors,explained,"Leung, Ma & Goodchild","Leung, Y. et al.",,"discrepancies: claimed='Leung, Ma & Goodchild' registry='Leung, Y. et al.'"
manifest,Leung_2004a_general-framework-error-analysis,venue,explained,J. Geogr. Syst.,Journal of Geographical Systems,0.5581,discrepancies: claimed='J. Geogr. Syst.' registry='Journal of Geographical Systems'
manifest,Leung_2004b_part-4-error-analysis-length,stem,structural,Leung_2004b_part-4-error-analysis-length,Leung_2004a_general-framework-error-analysis,,M7: works.key is authoritative and the file stem is derived from it
manifest,Leung_2004b_part-4-error-analysis-length,title,explained,… Part 4: Error analysis in length and area measurements,A general framework for error analysis in measurement-based GIS Part 4: Error analysis in length and area measurements,0.6235,discrepancies: claimed='… Part 4: Error analysis in length and area measurements' registry='A general framework for error analysis in measurement-based GIS Part 4: Error analysis in length and area measurements'
manifest,Leung_2004b_part-4-error-analysis-length,authors,explained,"Leung, Ma & Goodchild","Leung, Y. et al.",,"discrepancies: claimed='Leung, Ma & Goodchild' registry='Leung, Y. et al.'"
manifest,Leung_2004b_part-4-error-analysis-length,venue,explained,J. Geogr. Syst.,Journal of Geographical Systems,0.5581,discrepancies: claimed='J. Geogr. Syst.' registry='Journal of Geographical Systems'
manifest,Leung_1997_point-polygon-analysis-certainty,authors,explained,Leung & Yan,"LEUNG, Y. & YAN, J.",,"discrepancies: claimed='Leung & Yan' registry='LEUNG, Y. & YAN, J.'"
manifest,Leung_1997_point-polygon-analysis-certainty,doi,format,10.1023/A:1009764319102,10.1023/a:1009764319102,,"the same DOI, spelled differently"
manifest,Leung_1998_locational-error-model-spatial-features,stem,structural,Leung_1998_locational-error-model-spatial-features,Leung_1998_locational-error-model-spatial,,M7: works.key is authoritative and the file stem is derived from it
manifest,Leung_1998_locational-error-model-spatial-features,authors,explained,Leung & Yan,"LEUNG, Y. & YAN, J.",,"discrepancies: claimed='Leung & Yan' registry='LEUNG, Y. & YAN, J.'"
manifest,Leung_1998_locational-error-model-spatial-features,venue,explained,Int. J. GIS,International Journal of Geographical Information Science,0.2727,discrepancies: claimed='Int. J. GIS' registry='International Journal of Geographical Information Science'
manifest,Liu_2012_spatial-temporal-modeling-approach,title,format,A spatial-temporal modeling approach to reconstructing land-cover change trajectories from multi-temporal satellite imagery,A Spatial-Temporal Modeling Approach to Reconstructing Land-Cover Change Trajectories from Multi-temporal Satellite Imagery,,the two cells normalise equal
manifest,Liu_2012_spatial-temporal-modeling-approach,venue,explained,Annals AAG,Annals of the Association of American Geographers,0.339,discrepancies: claimed='Annals AAG' registry='Annals of the Association of American Geographers'
manifest,Liu_2008_local-transition-probability-models-markov,stem,structural,Liu_2008_local-transition-probability-models-markov,Liu_2008_local-transition-probability-models,,M7: works.key is authoritative and the file stem is derived from it
manifest,Liu_2008_local-transition-probability-models-markov,authors,explained,"Liu, D., Song, K., Townshend, J.R.G. & Gong, P.","Liu, D. et al.",,"discrepancies: claimed='Liu, D., Song, K., Townshend, J.R.G. & Gong, P.' registry='Liu, D. et al.'"
manifest,Liu_2021_spatial-temporal-hidden-markov-model,stem,structural,Liu_2021_spatial-temporal-hidden-markov-model,Liu_2021_spatial-temporal-hidden-markov,,M7: works.key is authoritative and the file stem is derived from it
manifest,Liu_2021_spatial-temporal-hidden-markov-model,title,explained,Spatial-Temporal Hidden Markov Model for Land Cover Classification,Spatial-Temporal Hidden Markov Model for Land Cover Classification Using Multitemporal Satellite Images,0.7811,discrepancies: claimed='Spatial-Temporal Hidden Markov Model for Land Cover Classification' registry='Spatial-Temporal Hidden Markov Model for Land Cover Classification Using Multitemporal Satellite Images'
manifest,Liu_2021_spatial-temporal-hidden-markov-model,authors,explained,"Liu, C., Song, W., Lu, C. & Xia, J.","Liu, C. et al.",,"discrepancies: claimed='Liu, C., Song, W., Lu, C. & Xia, J.' registry='Liu, C. et al.'"
manifest,Liu_2021_spatial-temporal-hidden-markov-model,doi,format,10.1109/ACCESS.2021.3080926,10.1109/access.2021.3080926,,"the same DOI, spelled differently"
manifest,Locke_2025_sub-parcel-scale-analysis-needed,stem,structural,Locke_2025_sub-parcel-scale-analysis-needed,Locke_2025_sub-parcel-scale-analysis,,M7: works.key is authoritative and the file stem is derived from it
manifest,Locke_2025_sub-parcel-scale-analysis-needed,authors,explained,"Locke, D.H., Ossola, A., Schmit, J.P. & Grove, J.M.","Locke, D.H. et al.",,"discrepancies: claimed='Locke, D.H., Ossola, A., Schmit, J.P. & Grove, J.M.' registry='Locke, D.H. et al.'"
manifest,LopezPaz_2016_unifying-distillation-privileged,stem,structural,LopezPaz_2016_unifying-distillation-privileged,LopezPaz_2016_unifying-distillation-privileged-information,,M7: works.key is authoritative and the file stem is derived from it
manifest,LopezPaz_2016_unifying-distillation-privileged,authors,explained,"Lopez-Paz, D., Bottou, L., Schölkopf, B. & Vapnik, V.",Lopez-Paz & Vapnik,,"discrepancies: claimed='Lopez-Paz, D., Bottou, L., Schölkopf, B. & Vapnik, V.' registry='Lopez-Paz & Vapnik'"
manifest,LopezPaz_2016_unifying-distillation-privileged,arxiv,explained,1511.03643,,,discrepancies: claimed='1511.03643' registry=None
manifest,Lu_1999_control-charts-monitoring-mean-variance,stem,structural,Lu_1999_control-charts-monitoring-mean-variance,Lu_1999_control-charts-monitoring-mean,,M7: works.key is authoritative and the file stem is derived from it
manifest,Lu_1999_control-charts-monitoring-mean-variance,title,format,Control charts for monitoring the mean and variance of autocorrelated processes,Control Charts for Monitoring the Mean and Variance of Autocorrelated Processes,,the two cells normalise equal
manifest,Lu_1999_control-charts-monitoring-mean-variance,authors,explained,"Lu, C.-W. & Reynolds, M.R. Jr.","Lu, C.W. & Reynolds, M.R.",,"discrepancies: claimed='Lu, C.-W. & Reynolds, M.R. Jr.' registry='Lu, C.W. & Reynolds, M.R.'"
manifest,Lu_1999_control-charts-monitoring-mean-variance,venue,explained,J. Quality Technology,Journal of Quality Technology,0.8163,discrepancies: claimed='J. Quality Technology' registry='Journal of Quality Technology'
manifest,Lu_2001_cusum-charts-monitoring-autocorrelated,title,format,CUSUM charts for monitoring an autocorrelated process,Cusum Charts for Monitoring an Autocorrelated Process,,the two cells normalise equal
manifest,Lu_2001_cusum-charts-monitoring-autocorrelated,authors,explained,"Lu, C.-W. & Reynolds, M.R. Jr.","Lu, C.W. & Reynolds, M.R.",,"discrepancies: claimed='Lu, C.-W. & Reynolds, M.R. Jr.' registry='Lu, C.W. & Reynolds, M.R.'"
manifest,Lu_2001_cusum-charts-monitoring-autocorrelated,venue,explained,J. Quality Technology,Journal of Quality Technology,0.8163,discrepancies: claimed='J. Quality Technology' registry='Journal of Quality Technology'
manifest,Lucas_1982_fast-initial-response-cusum-quality,stem,structural,Lucas_1982_fast-initial-response-cusum-quality,Lucas_1982_fast-initial-response-cusum,,M7: works.key is authoritative and the file stem is derived from it
manifest,Lucas_1982_fast-initial-response-cusum-quality,title,format,Fast initial response for CUSUM quality-control schemes: Give your CUSUM a head start,Fast Initial Response for CUSUM Quality-Control Schemes: Give Your CUSUM A Head Start,,the two cells normalise equal
manifest,MacFaden_2012_high-resolution-tree-canopy-mapping,stem,structural,MacFaden_2012_high-resolution-tree-canopy-mapping,MacFaden_2012_high-resolution-tree-canopy,,M7: works.key is authoritative and the file stem is derived from it
manifest,MacFaden_2012_high-resolution-tree-canopy-mapping,authors,explained,"MacFaden, S.W., O'Neil-Dunne, J.P.M., Royar, A.R., Lu, J.W.T. & Rundle, A.G.","MacFaden, S.W. et al.",,"discrepancies: claimed=""MacFaden, S.W., O'Neil-Dunne, J.P.M., Royar, A.R., Lu, J.W.T. & Rundle, A.G."" registry='MacFaden, S.W. et al.'"
manifest,MacFaden_2012_high-resolution-tree-canopy-mapping,venue,explained,JARS,Journal of Applied Remote Sensing,0.2162,discrepancies: claimed='JARS' registry='Journal of Applied Remote Sensing'
manifest,MacFaden_2012_high-resolution-tree-canopy-mapping,doi,format,10.1117/1.JRS.6.063567,10.1117/1.jrs.6.063567,,"the same DOI, spelled differently"
manifest,Melgani_2003_markov-random-field-approach-spatio,stem,structural,Melgani_2003_markov-random-field-approach-spatio,Melgani_2003_markov-random-field-approach,,M7: works.key is authoritative and the file stem is derived from it
manifest,Melgani_2003_markov-random-field-approach-spatio,title,format,A Markov random field approach to spatio-temporal contextual image classification,A markov random field approach to spatio-temporal contextual image classification,,the two cells normalise equal
manifest,Melgani_2003_markov-random-field-approach-spatio,venue,explained,IEEE TGRS,IEEE Transactions on Geoscience and Remote Sensing,0.3051,discrepancies: claimed='IEEE TGRS' registry='IEEE Transactions on Geoscience and Remote Sensing'
manifest,Mesquita_1999_effect-surrounding-vegetation-edge,authors,explained,"Mesquita, Delamônica & Laurance","Mesquita, R.C.G. et al.",,"discrepancies: claimed='Mesquita, Delamônica & Laurance' registry='Mesquita, R.C.G. et al.'"
manifest,Mesquita_1999_effect-surrounding-vegetation-edge,venue,explained,Biol. Conserv.,Biological Conservation,0.6857,discrepancies: claimed='Biol. Conserv.' registry='Biological Conservation'
manifest,Montgomery_1991_some-statistical-process-control,title,format,Some statistical process control methods for autocorrelated data,Some Statistical Process Control Methods for Autocorrelated Data,,the two cells normalise equal
manifest,Montgomery_1991_some-statistical-process-control,venue,explained,J. Quality Technology,Journal of Quality Technology,0.8163,discrepancies: claimed='J. Quality Technology' registry='Journal of Quality Technology'
manifest,Morgenroth_2017_redevelopment-urban-forest-study,authors,explained,"Morgenroth, O'Neil-Dunne & Apiolaza","Morgenroth, J. et al.",,"discrepancies: claimed=""Morgenroth, O'Neil-Dunne & Apiolaza"" registry='Morgenroth, J. et al.'"
manifest,Mousavi_2009_cusum-chart-monitoring-proportion,title,format,A CUSUM chart for monitoring a proportion with autocorrelated binary observations,A CUSUM Chart for Monitoring a Proportion with Autocorrelated Binary Observations,,the two cells normalise equal
manifest,Mousavi_2009_cusum-chart-monitoring-proportion,authors,explained,"Mousavi, S. & Reynolds, M.R. Jr.","Mousavi, S. & Reynolds, M.R.",,"discrepancies: claimed='Mousavi, S. & Reynolds, M.R. Jr.' registry='Mousavi, S. & Reynolds, M.R.'"
manifest,Mousavi_2009_cusum-chart-monitoring-proportion,venue,explained,J. Quality Technology,Journal of Quality Technology,0.8163,discrepancies: claimed='J. Quality Technology' registry='Journal of Quality Technology'
manifest,Murakami_2025_comparative-global-assessment,stem,structural,Murakami_2025_comparative-global-assessment,Murakami_2025_comparative-global-assessment-optimization,,M7: works.key is authoritative and the file stem is derived from it
manifest,Murakami_2025_comparative-global-assessment,title,explained,"Comparative Global Assessment and Optimization of LandTrendr, CCDC, and BFAST for Urban Land Cover Change Detection","Comparative Global Assessment and Optimization of LandTrendr, CCDC, and BFAST Algorithms for Enhanced Urban Land Cover Change Detection Using Landsat Time Series",0.8309,"discrepancies: claimed='Comparative Global Assessment and Optimization of LandTrendr, CCDC, and BFAST for Urban Land Cover Change Detection' registry='Comparative Global Assessment and Optimization of LandTrendr, CCDC, and BFAST Algorithms for Enhanced Urban Land Cover Change Detection Using Landsat Time Series'"
manifest,Nordman_2004_optimal-spatial-subsample-size,venue,explained,Ann. Statist.,The Annals of Statistics,0.6286,discrepancies: claimed='Ann. Statist.' registry='The Annals of Statistics'
manifest,Nowak_2012_tree-impervious-cover-change-u,stem,structural,Nowak_2012_tree-impervious-cover-change-u,Nowak_2012_tree-impervious-cover-change,,M7: works.key is authoritative and the file stem is derived from it
manifest,Nowak_2012_tree-impervious-cover-change-u,venue,explained,Urban Forestry & Urban Greening,Urban Forestry &amp; Urban Greening,0.9355,discrepancies: claimed='Urban Forestry & Urban Greening' registry='Urban Forestry &amp; Urban Greening'
manifest,ONeilDunne_2014_versatile-production-oriented,stem,structural,ONeilDunne_2014_versatile-production-oriented,ONeilDunne_2014_versatile-production-oriented-approach,,M7: works.key is authoritative and the file stem is derived from it
manifest,ONeilDunne_2014_versatile-production-oriented,title,explained,"A Versatile, Production-Oriented Approach to High-Resolution Tree-Canopy Mapping","A Versatile, Production-Oriented Approach to High-Resolution Tree-Canopy Mapping in Urban and Suburban Landscapes Using GEOBIA and Data Fusion",0.7182,"discrepancies: claimed='A Versatile, Production-Oriented Approach to High-Resolution Tree-Canopy Mapping' registry='A Versatile, Production-Oriented Approach to High-Resolution Tree-Canopy Mapping in Urban and Suburban Landscapes Using GEOBIA and Data Fusion'"
manifest,ONeilDunne_2014_versatile-production-oriented,authors,explained,"O'Neil-Dunne, J.P.M., MacFaden, S.W. & Royar, A.R.","O'Neil-Dunne, J. et al.",,"discrepancies: claimed=""O'Neil-Dunne, J.P.M., MacFaden, S.W. & Royar, A.R."" registry=""O'Neil-Dunne, J. et al."""
manifest,Ock_2024_drivers-tree-canopy-loss-mid,stem,structural,Ock_2024_drivers-tree-canopy-loss-mid,Ock_2024_drivers-tree-canopy-loss,,M7: works.key is authoritative and the file stem is derived from it
manifest,Ock_2024_drivers-tree-canopy-loss-mid,authors,explained,"Ock, Shandas, Ribeiro & Young","Ock, Y. et al.",,"discrepancies: claimed='Ock, Shandas, Ribeiro & Young' registry='Ock, Y. et al.'"
manifest,Ogata_1988_statistical-models-earthquake,stem,structural,Ogata_1988_statistical-models-earthquake,Ogata_1988_statistical-models-earthquake-occurrences,,M7: works.key is authoritative and the file stem is derived from it
manifest,Ogata_1988_statistical-models-earthquake,title,format,Statistical models for earthquake occurrences and residual analysis for point processes,Statistical Models for Earthquake Occurrences and Residual Analysis for Point Processes,,the two cells normalise equal
manifest,Ogata_1988_statistical-models-earthquake,venue,explained,JASA,Journal of the American Statistical Association,0.1569,discrepancies: claimed='JASA' registry='Journal of the American Statistical Association'
manifest,Olofsson_2013_making-better-use-accuracy-data,stem,structural,Olofsson_2013_making-better-use-accuracy-data,Olofsson_2013_making-better-use-accuracy,,M7: works.key is authoritative and the file stem is derived from it
manifest,Olofsson_2013_making-better-use-accuracy-data,title,explained,Making better use of accuracy data in land change studies,Making better use of accuracy data in land change studies: Estimating accuracy and area and quantifying uncertainty using stratified estimation,0.5729,discrepancies: claimed='Making better use of accuracy data in land change studies' registry='Making better use of accuracy data in land change studies: Estimating accuracy and area and quantifying uncertainty using stratified estimation'
manifest,Olofsson_2013_making-better-use-accuracy-data,authors,explained,"Olofsson, P., Foody, G.M., Stehman, S.V. & Woodcock, C.E.","Olofsson, P. et al.",,"discrepancies: claimed='Olofsson, P., Foody, G.M., Stehman, S.V. & Woodcock, C.E.' registry='Olofsson, P. et al.'"
manifest,Olofsson_2013_making-better-use-accuracy-data,venue,explained,RSE,Remote Sensing of Environment,0.1875,discrepancies: claimed='RSE' registry='Remote Sensing of Environment'
manifest,Papadopoulos_2024_decision-fusion-pixel-level-multi,stem,structural,Papadopoulos_2024_decision-fusion-pixel-level-multi,Papadopoulos_2024_decision-fusion-pixel-level,,M7: works.key is authoritative and the file stem is derived from it
manifest,Papadopoulos_2024_decision-fusion-pixel-level-multi,title,format,Decision Fusion at Pixel Level of Multi-Band Data for Land Cover Classification — A Review,Decision Fusion at Pixel Level of Multi-Band Data for Land Cover Classification—A Review,,the two cells normalise equal
manifest,Papadopoulos_2024_decision-fusion-pixel-level-multi,authors,explained,"Papadopoulos, S., Koukiou, G. & Anastassopoulos, V.","Papadopoulos, S. et al.",,"discrepancies: claimed='Papadopoulos, S., Koukiou, G. & Anastassopoulos, V.' registry='Papadopoulos, S. et al.'"
manifest,Parisot_2013_uncertainty-driven-efficiently-sampled,authors,explained,"Parisot, Wells, Chemouny, Duffau & Paragios","Parisot, S. et al.",,"discrepancies: claimed='Parisot, Wells, Chemouny, Duffau & Paragios' registry='Parisot, S. et al.'"
manifest,Parisot_2013_uncertainty-driven-efficiently-sampled,venue,explained,ICCV 2013,2013 IEEE International Conference on Computer Vision,0.129,discrepancies: claimed='ICCV 2013' registry='2013 IEEE International Conference on Computer Vision'
manifest,Pauls_2025_capturing-temporal-dynamics-large-scale,stem,structural,Pauls_2025_capturing-temporal-dynamics-large-scale,Pauls_2025_capturing-temporal-dynamics-large,,M7: works.key is authoritative and the file stem is derived from it
manifest,Pauls_2025_capturing-temporal-dynamics-large-scale,authors,explained,"Pauls, J. et al.",Pauls,,"discrepancies: claimed='Pauls, J. et al.' registry='Pauls'"
manifest,Pauls_2025_capturing-temporal-dynamics-large-scale,arxiv,explained,2501.19328,,,discrepancies: claimed='2501.19328' registry=None
manifest,Pesonen_2026_learning-image-based-tree-crown,stem,structural,Pesonen_2026_learning-image-based-tree-crown,Pesonen_2026_learning-image-based-tree,,M7: works.key is authoritative and the file stem is derived from it
manifest,Pesonen_2026_learning-image-based-tree-crown,title,format,Learning Image-based Tree Crown Segmentation from Enhanced Lidar-based Pseudo-labels,Learning image-based tree crown segmentation from enhanced lidar-based pseudo-labels,,the two cells normalise equal
manifest,Pesonen_2026_learning-image-based-tree-crown,authors,explained,"Pesonen, J. et al.",Pesonen,,"discrepancies: claimed='Pesonen, J. et al.' registry='Pesonen'"
manifest,Pesonen_2026_learning-image-based-tree-crown,arxiv,explained,2602.13022,,,discrepancies: claimed='2602.13022' registry=None
manifest,Platanios_2014_estimating-accuracy-unlabeled-data,authors,explained,"Platanios, E.A., Blum, A. & Mitchell, T.",Platanios & Mitchell,,"discrepancies: claimed='Platanios, E.A., Blum, A. & Mitchell, T.' registry='Platanios & Mitchell'"
manifest,Platanios_2016_estimating-accuracy-unlabeled-data,authors,explained,"Platanios, E.A., Dubey, A. & Mitchell, T.",Platanios & Mitchell,,"discrepancies: claimed='Platanios, E.A., Dubey, A. & Mitchell, T.' registry='Platanios & Mitchell'"
manifest,Psarakis_2007_spc-procedures-monitoring,stem,structural,Psarakis_2007_spc-procedures-monitoring,Psarakis_2007_spc-procedures-monitoring-autocorrelated,,M7: works.key is authoritative and the file stem is derived from it
manifest,Psarakis_2007_spc-procedures-monitoring,title,format,SPC procedures for monitoring autocorrelated processes,SPC Procedures for Monitoring Autocorrelated Processes,,the two cells normalise equal
manifest,Psarakis_2007_spc-procedures-monitoring,venue,explained,Quality Technology & Quantitative Management,Quality Technology &amp; Quantitative Management,0.9545,discrepancies: claimed='Quality Technology & Quantitative Management' registry='Quality Technology &amp; Quantitative Management'
manifest,Radoux_2020b_about-pitfall-erroneous-validation,stem,structural,Radoux_2020b_about-pitfall-erroneous-validation,Radoux_2020_about-pitfall-erroneous-validation,,M7: works.key is authoritative and the file stem is derived from it
manifest,Radoux_2020a_how-response-designs-class-proportions,stem,structural,Radoux_2020a_how-response-designs-class-proportions,Radoux_2020_how-response-designs-class,,M7: works.key is authoritative and the file stem is derived from it
manifest,Radoux_2020a_how-response-designs-class-proportions,authors,explained,"Radoux, J., Waldner, F. & Bogaert, P.","Radoux, J. et al.",,"discrepancies: claimed='Radoux, J., Waldner, F. & Bogaert, P.' registry='Radoux, J. et al.'"
manifest,Raykar_2010_learning-crowds,authors,explained,"Raykar, V.C. et al.",Raykar,,"discrepancies: claimed='Raykar, V.C. et al.' registry='Raykar'"
manifest,Raykar_2010_learning-crowds,verified_against_extract,structural,loose,yes,,"now the admission binding verdict, not a hand-entered yes/no/loose"
manifest,Reiche_2015_bayesian-approach-combine-landsat-alos,stem,structural,Reiche_2015_bayesian-approach-combine-landsat-alos,Reiche_2015_bayesian-approach-combine-landsat,,M7: works.key is authoritative and the file stem is derived from it
manifest,Reiche_2015_bayesian-approach-combine-landsat-alos,authors,explained,"Reiche, J., de Bruin, S., Hoekman, D., Verbesselt, J. & Herold, M.","Reiche, J. et al.",,"discrepancies: claimed='Reiche, J., de Bruin, S., Hoekman, D., Verbesselt, J. & Herold, M.' registry='Reiche, J. et al.'"
manifest,Reiche_2021_forest-disturbance-alerts-congo-basin,stem,structural,Reiche_2021_forest-disturbance-alerts-congo-basin,Reiche_2021_forest-disturbance-alerts-congo,,M7: works.key is authoritative and the file stem is derived from it
manifest,Reiche_2021_forest-disturbance-alerts-congo-basin,venue,explained,ERL,Environmental Research Letters,0.1212,discrepancies: claimed='ERL' registry='Environmental Research Letters'
manifest,Reilly_2023_characterizing-postfire-delayed-tree,stem,structural,Reilly_2023_characterizing-postfire-delayed-tree,Reilly_2023_characterizing-post-fire-delayed,,M7: works.key is authoritative and the file stem is derived from it
manifest,Reilly_2023_characterizing-postfire-delayed-tree,title,explained,Characterizing postfire delayed tree mortality with remote sensing: sizing up the elephant in the room,Characterizing post-fire delayed tree mortality with remote sensing: sizing up the elephant in the room,0.9951,discrepancies: claimed='Characterizing postfire delayed tree mortality with remote sensing: sizing up the elephant in the room' registry='Characterizing post-fire delayed tree mortality with remote sensing: sizing up the elephant in the room'
manifest,Reilly_2023_characterizing-postfire-delayed-tree,authors,explained,"Reilly, Zuspan & Yang","Reilly, M.J. et al.",,"discrepancies: claimed='Reilly, Zuspan & Yang' registry='Reilly, M.J. et al.'"
manifest,Reinhart_2018_review-self-exciting-spatio-temporal,stem,structural,Reinhart_2018_review-self-exciting-spatio-temporal,Reinhart_2018_review-self-exciting-spatio,,M7: works.key is authoritative and the file stem is derived from it
manifest,Reinhart_2018_review-self-exciting-spatio-temporal,title,format,A review of self-exciting spatio-temporal point processes and their applications,A Review of Self-Exciting Spatio-Temporal Point Processes and Their Applications,,the two cells normalise equal
manifest,Reinhart_2018_review-self-exciting-spatio-temporal,doi,format,10.1214/17-STS629,10.1214/17-sts629,,"the same DOI, spelled differently"
manifest,Reis_2020_avoiding-invalid-transitions-land-cover,stem,structural,Reis_2020_avoiding-invalid-transitions-land-cover,Reis_2020_avoiding-invalid-transitions-land,,M7: works.key is authoritative and the file stem is derived from it
manifest,Reis_2020_avoiding-invalid-transitions-land-cover,authors,explained,"Reis, M.S., Dutra, L.V., Escada, M.I.S. & Sant'Anna, S.J.S.","Reis, M.S. et al.",,"discrepancies: claimed=""Reis, M.S., Dutra, L.V., Escada, M.I.S. & Sant'Anna, S.J.S."" registry='Reis, M.S. et al.'"
manifest,Reis_2020_avoiding-invalid-transitions-land-cover,doi,format,10.1109/ACCESS.2020.2997019,10.1109/access.2020.2997019,,"the same DOI, spelled differently"
manifest,Reynolds_1999_cusum-chart-monitoring-proportion,title,format,A CUSUM chart for monitoring a proportion when inspecting continuously,A CUSUM Chart for Monitoring a Proportion When Inspecting Continuously,,the two cells normalise equal
manifest,Reynolds_1999_cusum-chart-monitoring-proportion,authors,explained,"Reynolds, M.R. Jr. & Stoumbos, Z.G.","Reynolds, M.R. & Stoumbos, Z.G.",,"discrepancies: claimed='Reynolds, M.R. Jr. & Stoumbos, Z.G.' registry='Reynolds, M.R. & Stoumbos, Z.G.'"
manifest,Reynolds_1999_cusum-chart-monitoring-proportion,venue,explained,J. Quality Technology,Journal of Quality Technology,0.8163,discrepancies: claimed='J. Quality Technology' registry='Journal of Quality Technology'
manifest,Reynolds_2000_general-approach-modeling-cusum,authors,explained,"Reynolds, M.R. Jr. & Stoumbos, Z.G.","REYNOLDS, M.R. & STOUMBOS, Z.G.",,"discrepancies: claimed='Reynolds, M.R. Jr. & Stoumbos, Z.G.' registry='REYNOLDS, M.R. & STOUMBOS, Z.G.'"
manifest,Risholm_2011_probabilistic-non-rigid-registration,title,format,Probabilistic Non-Rigid Registration of Prostate Images: Modeling and Quantifying Uncertainty,Probabilistic non-rigid registration of prostate images: Modeling and quantifying uncertainty,,the two cells normalise equal
manifest,Risholm_2011_probabilistic-non-rigid-registration,authors,explained,"Risholm, P., Fedorov, A., Pursley, J., Tuncali, K., Cormack, R. & Wells, W.M.","Risholm, P. et al.",,"discrepancies: claimed='Risholm, P., Fedorov, A., Pursley, J., Tuncali, K., Cormack, R. & Wells, W.M.' registry='Risholm, P. et al.'"
manifest,Risholm_2011_probabilistic-non-rigid-registration,venue,explained,ISBI,2011 IEEE International Symposium on Biomedical Imaging: From Nano to Macro,0.1026,discrepancies: claimed='ISBI' registry='2011 IEEE International Symposium on Biomedical Imaging: From Nano to Macro'
manifest,Roberts_2017_cross-validation-strategies-data,title,format,"Cross-validation strategies for data with temporal, spatial, hierarchical, or phylogenetic structure","Cross‐validation strategies for data with temporal, spatial, hierarchical, or phylogenetic structure",,the two cells normalise equal
manifest,Roberts_2017_cross-validation-strategies-data,authors,explained,"Roberts, D.R., Bahn, V., Ciuti, S., Boyce, M.S., Elith, J. et al.","Roberts, D.R. et al.",,"discrepancies: claimed='Roberts, D.R., Bahn, V., Ciuti, S., Boyce, M.S., Elith, J. et al.' registry='Roberts, D.R. et al.'"
manifest,Roman_2022_construction-proactive-management-led,authors,explained,"Roman, Fristensky, Lundgren, Cerwinka & Lubar","Roman, L.A. et al.",,"discrepancies: claimed='Roman, Fristensky, Lundgren, Cerwinka & Lubar' registry='Roman, L.A. et al.'"
manifest,Rosychuk_2003_bias-correction-two-state-latent,stem,structural,Rosychuk_2003_bias-correction-two-state-latent,Rosychuk_2003_bias-correction-two-state,,M7: works.key is authoritative and the file stem is derived from it
manifest,Rosychuk_2003_bias-correction-two-state-latent,title,format,Bias correction of two-state latent Markov process parameter estimates under misclassification,Bias correction of two‐state latent Markov process parameter estimates under misclassification,,the two cells normalise equal
manifest,Rosychuk_2003_bias-correction-two-state-latent,venue,explained,Statist. Med.,Statistics in Medicine,0.6667,discrepancies: claimed='Statist. Med.' registry='Statistics in Medicine'
manifest,Salas_2003_perimeter-area-ratio-as-index,stem,structural,Salas_2003_perimeter-area-ratio-as-index,Salas_2003_perimeter-area-ratio-index,,M7: works.key is authoritative and the file stem is derived from it
manifest,Salas_2003_perimeter-area-ratio-as-index,authors,explained,"Salas, Boles, Frolking, Xiao & Li","Salas, W.A. et al.",,"discrepancies: claimed='Salas, Boles, Frolking, Xiao & Li' registry='Salas, W.A. et al.'"
manifest,Salas_2003_perimeter-area-ratio-as-index,venue,explained,Int. J. Remote Sensing,International Journal of Remote Sensing,0.678,discrepancies: claimed='Int. J. Remote Sensing' registry='International Journal of Remote Sensing'
manifest,Satten_1996_markov-chains-measurement-error,title,explained,Markov chains with measurement error: estimating the 'true' course of a marker of the progression of HIV disease,Markov Chains With Measurement Error: Estimating the `True' Course of a Marker of the Progression of Human Immunodeficiency Virus Disease,0.8971,"discrepancies: claimed=""Markov chains with measurement error: estimating the 'true' course of a marker of the progression of HIV disease"" registry=""Markov Chains With Measurement Error: Estimating the `True' Course of a Marker of the Progression of Human Immunodeficiency Virus Disease"""
manifest,Shi_1998_generic-statistical-approach-modelling,authors,explained,Shi,"SHI, W.",,"discrepancies: claimed='Shi' registry='SHI, W.'"
manifest,Shi_1998_generic-statistical-approach-modelling,venue,explained,Int. J. GIS,International Journal of Geographical Information Science,0.2727,discrepancies: claimed='Int. J. GIS' registry='International Journal of Geographical Information Science'
manifest,Singer_1976_representation-social-processes-markov,title,format,The representation of social processes by Markov models,The Representation of Social Processes by Markov Models,,the two cells normalise equal
manifest,Singer_1976_representation-social-processes-markov,venue,explained,Amer. J. Sociology,American Journal of Sociology,0.7111,discrepancies: claimed='Amer. J. Sociology' registry='American Journal of Sociology'
manifest,Sinop_2007_seeded-image-segmentation-framework,venue,explained,ICCV,2007 IEEE 11th International Conference on Computer Vision,0.129,discrepancies: claimed='ICCV' registry='2007 IEEE 11th International Conference on Computer Vision'
manifest,Solberg_1996_markov-random-field-model,authors,explained,"Solberg, A.H.S., Taxt, T. & Jain, A.K.","Solberg, A.H.S. et al.",,"discrepancies: claimed='Solberg, A.H.S., Taxt, T. & Jain, A.K.' registry='Solberg, A.H.S. et al.'"
manifest,Solberg_1996_markov-random-field-model,venue,explained,IEEE TGRS,IEEE Transactions on Geoscience and Remote Sensing,0.3051,discrepancies: claimed='IEEE TGRS' registry='IEEE Transactions on Geoscience and Remote Sensing'
manifest,Steenberg_2017_influence-building-renovation-rental,authors,explained,"Steenberg, Robinson & Millward","Steenberg, J.W.N. et al.",,"discrepancies: claimed='Steenberg, Robinson & Millward' registry='Steenberg, J.W.N. et al.'"
manifest,Steenberg_2017_influence-building-renovation-rental,venue,explained,J. Environ. Planning & Management,Journal of Environmental Planning and Management,0.7532,discrepancies: claimed='J. Environ. Planning & Management' registry='Journal of Environmental Planning and Management'
manifest,Steenberg_2018_spatio-temporal-analysis,stem,structural,Steenberg_2018_spatio-temporal-analysis,Steenberg_2018_spatio-temporal-analysis-relationship,,M7: works.key is authoritative and the file stem is derived from it
manifest,Steenberg_2018_spatio-temporal-analysis,authors,explained,"Steenberg, Robinson & Duinker","Steenberg, J.W. et al.",,"discrepancies: claimed='Steenberg, Robinson & Duinker' registry='Steenberg, J.W. et al.'"
manifest,Stehman_2019_key-issues-rigorous-accuracy,venue,explained,RSE,Remote Sensing of Environment,0.1875,discrepancies: claimed='RSE' registry='Remote Sensing of Environment'
manifest,Stow_1999_reducing-effects-misregistration-pixel,authors,explained,Stow,"Stow, D.A.",,"discrepancies: claimed='Stow' registry='Stow, D.A.'"
manifest,Stow_1999_reducing-effects-misregistration-pixel,venue,explained,Int. J. Remote Sensing,International Journal of Remote Sensing,0.678,discrepancies: claimed='Int. J. Remote Sensing' registry='International Journal of Remote Sensing'
manifest,Sun_2022_cg-net-conditional-gis-aware,stem,structural,Sun_2022_cg-net-conditional-gis-aware,Sun_2022_cg-net-conditional-gis,,M7: works.key is authoritative and the file stem is derived from it
manifest,Sun_2022_cg-net-conditional-gis-aware,authors,explained,"Sun, Y., Hua, Y., Mou, L. & Zhu, X.X.","Sun, Y. et al.",,"discrepancies: claimed='Sun, Y., Hua, Y., Mou, L. & Zhu, X.X.' registry='Sun, Y. et al.'"
manifest,Sun_2022_cg-net-conditional-gis-aware,venue,explained,IEEE TGRS,IEEE Transactions on Geoscience and Remote Sensing,0.3051,discrepancies: claimed='IEEE TGRS' registry='IEEE Transactions on Geoscience and Remote Sensing'
manifest,Sun_2022_cg-net-conditional-gis-aware,doi,format,10.1109/TGRS.2020.3043089,10.1109/tgrs.2020.3043089,,"the same DOI, spelled differently"
manifest,Takada_2010_derivation-yearly-transition,stem,structural,Takada_2010_derivation-yearly-transition,Takada_2009_derivation-yearly-transition-probability,,M7: works.key is authoritative and the file stem is derived from it
manifest,Takada_2010_derivation-yearly-transition,authors,explained,"Takada, Miyamoto & Hasegawa","Takada, T. et al.",,"discrepancies: claimed='Takada, Miyamoto & Hasegawa' registry='Takada, T. et al.'"
manifest,Takada_2010_derivation-yearly-transition,year,explained,2010,2009,,discrepancies: claimed='2010' registry='2009'
manifest,Tartakovsky_2008_asymptotically-optimal-quickest,stem,structural,Tartakovsky_2008_asymptotically-optimal-quickest,Tartakovsky_2008_asymptotically-optimal-quickest-change,,M7: works.key is authoritative and the file stem is derived from it
manifest,Tartakovsky_2008_asymptotically-optimal-quickest,title,format,Asymptotically optimal quickest change detection in distributed sensor systems,Asymptotically Optimal Quickest Change Detection in Distributed Sensor Systems,,the two cells normalise equal
manifest,Touvron_2019_fixing-train-test-resolution,authors,explained,"Touvron, H., Vedaldi, A., Douze, M. & Jégou, H.",Touvron & Jégou,,"discrepancies: claimed='Touvron, H., Vedaldi, A., Douze, M. & Jégou, H.' registry='Touvron & Jégou'"
manifest,Touvron_2019_fixing-train-test-resolution,arxiv,explained,1906.06423,,,discrepancies: claimed='1906.06423' registry=None
manifest,Townshend_1992_impact-misregistration-change,stem,structural,Townshend_1992_impact-misregistration-change,Townshend_1992_impact-misregistration-change-detection,,M7: works.key is authoritative and the file stem is derived from it
manifest,Townshend_1992_impact-misregistration-change,authors,explained,"Townshend, Justice, Gurney & McManus","Townshend, J.R.G. et al.",,"discrepancies: claimed='Townshend, Justice, Gurney & McManus' registry='Townshend, J.R.G. et al.'"
manifest,Townshend_1992_impact-misregistration-change,venue,explained,IEEE Trans. Geosci. Remote Sensing,IEEE Transactions on Geoscience and Remote Sensing,0.7805,discrepancies: claimed='IEEE Trans. Geosci. Remote Sensing' registry='IEEE Transactions on Geoscience and Remote Sensing'
manifest,Truccolo_2005_point-process-framework-relating,title,format,"A point process framework for relating neural spiking activity to spiking history, neural ensemble, and extrinsic covariate effects","A Point Process Framework for Relating Neural Spiking Activity to Spiking History, Neural Ensemble, and Extrinsic Covariate Effects",,the two cells normalise equal
manifest,Truccolo_2005_point-process-framework-relating,authors,explained,"Truccolo, W., Eden, U.T., Fellows, M.R., Donoghue, J.P. & Brown, E.N.","Truccolo, W. et al.",,"discrepancies: claimed='Truccolo, W., Eden, U.T., Fellows, M.R., Donoghue, J.P. & Brown, E.N.' registry='Truccolo, W. et al.'"
manifest,Truccolo_2005_point-process-framework-relating,venue,explained,J. Neurophysiol.,Journal of Neurophysiology,0.7,discrepancies: claimed='J. Neurophysiol.' registry='Journal of Neurophysiology'
manifest,Vicente_2008_graph-cut-based-image-segmentation,stem,structural,Vicente_2008_graph-cut-based-image-segmentation,Vicente_2008_graph-cut-based-image,,M7: works.key is authoritative and the file stem is derived from it
manifest,Vicente_2008_graph-cut-based-image-segmentation,authors,explained,"Vicente, S., Kolmogorov, V. & Rother, C.","Vicente, S. et al.",,"discrepancies: claimed='Vicente, S., Kolmogorov, V. & Rother, C.' registry='Vicente, S. et al.'"
manifest,Vicente_2008_graph-cut-based-image-segmentation,venue,explained,CVPR,2008 IEEE Conference on Computer Vision and Pattern Recognition,0.1194,discrepancies: claimed='CVPR' registry='2008 IEEE Conference on Computer Vision and Pattern Recognition'
manifest,Valavi_2018_blockcv-r-package-generating-spatially,stem,structural,Valavi_2018_blockcv-r-package-generating-spatially,Valavi_2018_block-cv-r-package,,M7: works.key is authoritative and the file stem is derived from it
manifest,Valavi_2018_blockcv-r-package-generating-spatially,title,explained,blockCV: an R package for generating spatially or environmentally separated folds for k-fold cross-validation of species distribution models,block CV : An r package for generating spatially or environmentally separated folds for k ‐fold cross‐validation of species distribution models,0.9857,discrepancies: claimed='blockCV: an R package for generating spatially or environmentally separated folds for k-fold cross-validation of species distribution models' registry='block CV : An r package for generating spatially or environmentally separated folds for k ‐fold cross‐validation of species distribution models'
manifest,Valavi_2018_blockcv-r-package-generating-spatially,authors,explained,"Valavi, Elith, Lahoz-Monfort & Guillera-Arroita","Valavi, R. et al.",,"discrepancies: claimed='Valavi, Elith, Lahoz-Monfort & Guillera-Arroita' registry='Valavi, R. et al.'"
manifest,Valavi_2018_blockcv-r-package-generating-spatially,venue,filled,,Methods in Ecology and Evolution,,the legacy cell was empty; the registry record supplies a value
manifest,Verburg_2004_method-analyse-neighbourhood,stem,structural,Verburg_2004_method-analyse-neighbourhood,Verburg_2004_method-analyse-neighbourhood-characteristics,,M7: works.key is authoritative and the file stem is derived from it
manifest,Verburg_2004_method-analyse-neighbourhood,authors,explained,"Verburg, de Nijs, Ritsema van Eck, Visser & de Jong","Verburg, P.H. et al.",,"discrepancies: claimed='Verburg, de Nijs, Ritsema van Eck, Visser & de Jong' registry='Verburg, P.H. et al.'"
manifest,Verburg_2004_method-analyse-neighbourhood,venue,explained,Comput. Environ. Urban Syst.,"Computers, Environment and Urban Systems",0.7812,"discrepancies: claimed='Comput. Environ. Urban Syst.' registry='Computers, Environment and Urban Systems'"
manifest,Verbyla_2000_bias-land-cover-change-estimates,stem,structural,Verbyla_2000_bias-land-cover-change-estimates,Verbyla_2000_bias-land-cover-change,,M7: works.key is authoritative and the file stem is derived from it
manifest,Verbyla_2000_bias-land-cover-change-estimates,authors,explained,Verbyla & Boles,"Verbyla, D.L. & Boles, S.H.",,"discrepancies: claimed='Verbyla & Boles' registry='Verbyla, D.L. & Boles, S.H.'"
manifest,Verbyla_2000_bias-land-cover-change-estimates,venue,explained,Int. J. Remote Sensing,International Journal of Remote Sensing,0.678,discrepancies: claimed='Int. J. Remote Sensing' registry='International Journal of Remote Sensing'
manifest,Walton_2008_difficulties-estimating-city-wide-urban,stem,structural,Walton_2008_difficulties-estimating-city-wide-urban,Walton_2008_difficulties-estimating-city-wide,,M7: works.key is authoritative and the file stem is derived from it
manifest,Warfield_2004_simultaneous-truth-performance-level,authors,explained,"Warfield, Zou & Wells","Warfield, S.K. et al.",,"discrepancies: claimed='Warfield, Zou & Wells' registry='Warfield, S.K. et al.'"
manifest,Warfield_2004_simultaneous-truth-performance-level,venue,explained,IEEE Trans. Medical Imaging,IEEE Transactions on Medical Imaging,0.8387,discrepancies: claimed='IEEE Trans. Medical Imaging' registry='IEEE Transactions on Medical Imaging'
manifest,Warfield_2004_simultaneous-truth-performance-level,doi,format,10.1109/TMI.2004.828354,10.1109/tmi.2004.828354,,"the same DOI, spelled differently"
manifest,Wolters_2017a_classification-large-scale-remote,stem,structural,Wolters_2017a_classification-large-scale-remote,Wolters_2016_classification-large-scale-remote,,M7: works.key is authoritative and the file stem is derived from it
manifest,Wolters_2017a_classification-large-scale-remote,authors,explained,Wolters & Dean,"Wolters, M.A. & Dean, C.B.",,"discrepancies: claimed='Wolters & Dean' registry='Wolters, M.A. & Dean, C.B.'"
manifest,Wolters_2017a_classification-large-scale-remote,year,explained,2017,2016,,discrepancies: claimed='2017' registry='2016'
manifest,Wolters_2017b_better-autologistic-regression,stem,structural,Wolters_2017b_better-autologistic-regression,Wolters_2017_better-autologistic-regression,,M7: works.key is authoritative and the file stem is derived from it
manifest,Wolters_2017b_better-autologistic-regression,authors,explained,Wolters,"Wolters, M.A.",,"discrepancies: claimed='Wolters' registry='Wolters, M.A.'"
manifest,Wolters_2017b_better-autologistic-regression,venue,explained,Frontiers Appl. Math. Stat.,Frontiers in Applied Mathematics and Statistics,0.6761,discrepancies: claimed='Frontiers Appl. Math. Stat.' registry='Frontiers in Applied Mathematics and Statistics'
manifest,Xie_2013_sequential-multi-sensor-change-point,stem,structural,Xie_2013_sequential-multi-sensor-change-point,Xie_2013_sequential-multi-sensor-change,,M7: works.key is authoritative and the file stem is derived from it
manifest,Xie_2013_sequential-multi-sensor-change-point,venue,explained,Ann. Statist.,The Annals of Statistics,0.6286,discrepancies: claimed='Ann. Statist.' registry='The Annals of Statistics'
manifest,Xie_2013_sequential-multi-sensor-change-point,doi,format,10.1214/13-AOS1094,10.1214/13-aos1094,,"the same DOI, spelled differently"
manifest,Yang_2020_evaluating-reliability-time-series-land,stem,structural,Yang_2020_evaluating-reliability-time-series-land,Yang_2020_evaluating-reliability-time-series,,M7: works.key is authoritative and the file stem is derived from it
manifest,Yang_2020_evaluating-reliability-time-series-land,authors,explained,"Yang, G., Fang, S., Gong, W., Zhao, Y. & Ge, M.","Yang, G. et al.",,"discrepancies: claimed='Yang, G., Fang, S., Gong, W., Zhao, Y. & Ge, M.' registry='Yang, G. et al.'"
manifest,Yang_2020_evaluating-reliability-time-series-land,venue,explained,SERRA,Stochastic Environmental Research and Risk Assessment,0.1724,discrepancies: claimed='SERRA' registry='Stochastic Environmental Research and Risk Assessment'
manifest,Yuan_2015_continuous-change-detection,stem,structural,Yuan_2015_continuous-change-detection,Yuan_2015_continuous-change-detection-classification,,M7: works.key is authoritative and the file stem is derived from it
manifest,Yuan_2015_continuous-change-detection,title,explained,Continuous Change Detection and Classification Using Hidden Markov Model: Beijing,Continuous Change Detection and Classification Using Hidden Markov Model: A Case Study for Monitoring Urban Encroachment onto Farmland in Beijing,0.7143,discrepancies: claimed='Continuous Change Detection and Classification Using Hidden Markov Model: Beijing' registry='Continuous Change Detection and Classification Using Hidden Markov Model: A Case Study for Monitoring Urban Encroachment onto Farmland in Beijing'
manifest,Zampieri_2018_multimodal-image-alignment-through,authors,explained,"Zampieri, Charpiat, Girard & Tarabalka","Zampieri, A. et al.",,"discrepancies: claimed='Zampieri, Charpiat, Girard & Tarabalka' registry='Zampieri, A. et al.'"
manifest,Zampieri_2018_multimodal-image-alignment-through,venue,explained,ECCV 2018,Lecture Notes in Computer Science,0.1905,discrepancies: claimed='ECCV 2018' registry='Lecture Notes in Computer Science'
manifest,Zhao_2017_pyramid-scene-parsing-network,authors,explained,"Zhao, H., Shi, J., Qi, X., Wang, X. & Jia, J.","Zhao, H. et al.",,"discrepancies: claimed='Zhao, H., Shi, J., Qi, X., Wang, X. & Jia, J.' registry='Zhao, H. et al.'"
manifest,Zhao_2017_pyramid-scene-parsing-network,venue,explained,CVPR 2017,2017 IEEE Conference on Computer Vision and Pattern Recognition (CVPR),0.1039,discrepancies: claimed='CVPR 2017' registry='2017 IEEE Conference on Computer Vision and Pattern Recognition (CVPR)'
manifest,Zhao_2017_pyramid-scene-parsing-network,doi,format,10.1109/CVPR.2017.660,10.1109/cvpr.2017.660,,"the same DOI, spelled differently"
manifest,Zheng_2008_markov-chain-monte-carlo-spatial,stem,structural,Zheng_2008_markov-chain-monte-carlo-spatial,Zheng_2008_markov-chain-monte-carlo,,M7: works.key is authoritative and the file stem is derived from it
manifest,Zheng_2008_markov-chain-monte-carlo-spatial,title,format,Markov chain Monte Carlo for a spatial-temporal autologistic regression model,Markov chain Monte Carlo for a Spatial-Temporal Autologistic Regression Model,,the two cells normalise equal
manifest,Zheng_2008_markov-chain-monte-carlo-spatial,venue,explained,J. Comput. Graph. Stat.,Journal of Computational and Graphical Statistics,0.5588,discrepancies: claimed='J. Comput. Graph. Stat.' registry='Journal of Computational and Graphical Statistics'
manifest,Zheng_2008_markov-chain-monte-carlo-spatial,doi,format,10.1198/106186008X289641,10.1198/106186008x289641,,"the same DOI, spelled differently"
manifest,Zhou_2020_training-data-selection-annual-land,stem,structural,Zhou_2020_training-data-selection-annual-land,Zhou_2020_training-data-selection-annual,,M7: works.key is authoritative and the file stem is derived from it
manifest,Zhou_2020_training-data-selection-annual-land,title,explained,Training Data Selection for Annual Land Cover Classification for LCMAP,"Training Data Selection for Annual Land Cover Classification for the Land Change Monitoring, Assessment, and Projection (LCMAP) Initiative",0.6863,"discrepancies: claimed='Training Data Selection for Annual Land Cover Classification for LCMAP' registry='Training Data Selection for Annual Land Cover Classification for the Land Change Monitoring, Assessment, and Projection (LCMAP) Initiative'"
manifest,Zhou_2020_training-data-selection-annual-land,authors,explained,"Zhou, Q., Tollerud, H., Barber, C., Smith, K. & Zelenak, D.","Zhou, Q. et al.",,"discrepancies: claimed='Zhou, Q., Tollerud, H., Barber, C., Smith, K. & Zelenak, D.' registry='Zhou, Q. et al.'"
manifest,Zhu_2005_modeling-spatial-temporal-binary-data,stem,structural,Zhu_2005_modeling-spatial-temporal-binary-data,Zhu_2005_modeling-spatial-temporal-binary,,M7: works.key is authoritative and the file stem is derived from it
manifest,Zhu_2005_modeling-spatial-temporal-binary-data,authors,explained,"Zhu, J., Huang, H.-C. & Wu, J.","Zhu, J. et al.",,"discrepancies: claimed='Zhu, J., Huang, H.-C. & Wu, J.' registry='Zhu, J. et al.'"
manifest,Zhu_2005_modeling-spatial-temporal-binary-data,venue,explained,J. Agric. Biol. Environ. Stat.,"Journal of Agricultural, Biological, and Environmental Statistics",0.5682,"discrepancies: claimed='J. Agric. Biol. Environ. Stat.' registry='Journal of Agricultural, Biological, and Environmental Statistics'"
manifest,Zhu_2005_modeling-spatial-temporal-binary-data,doi,format,10.1198/108571105X46543,10.1198/108571105x46543,,"the same DOI, spelled differently"
manifest,Zhu_2008_autologistic-regression-analysis-spatial,authors,explained,"Zhu, J., Zheng, Y., Carroll, A.L. & Aukema, B.H.","Zhu, J. et al.",,"discrepancies: claimed='Zhu, J., Zheng, Y., Carroll, A.L. & Aukema, B.H.' registry='Zhu, J. et al.'"
manifest,Zhu_2008_autologistic-regression-analysis-spatial,venue,explained,J. Agric. Biol. Environ. Stat.,"Journal of Agricultural, Biological, and Environmental Statistics",0.5682,"discrepancies: claimed='J. Agric. Biol. Environ. Stat.' registry='Journal of Agricultural, Biological, and Environmental Statistics'"
manifest,Zhu_2008_autologistic-regression-analysis-spatial,doi,format,10.1198/108571108X273566,10.1198/108571108x273566,,"the same DOI, spelled differently"
manifest,Zhuang_2002_stochastic-declustering-space-time,title,format,Stochastic declustering of space-time earthquake occurrences,Stochastic Declustering of Space-Time Earthquake Occurrences,,the two cells normalise equal
manifest,Zhuang_2002_stochastic-declustering-space-time,authors,explained,"Zhuang, J., Ogata, Y. & Vere-Jones, D.","Zhuang, J. et al.",,"discrepancies: claimed='Zhuang, J., Ogata, Y. & Vere-Jones, D.' registry='Zhuang, J. et al.'"
manifest,Zhuang_2002_stochastic-declustering-space-time,venue,explained,JASA,Journal of the American Statistical Association,0.1569,discrepancies: claimed='JASA' registry='Journal of the American Statistical Association'
manifest,Steiner_2000_monitoring-surgical-performance-risk,authors,explained,"Steiner, S.H., Cook, R.J., Farewell, V.T. & Treasure, T.","Steiner, S.H.",,"discrepancies: claimed='Steiner, S.H., Cook, R.J., Farewell, V.T. & Treasure, T.' registry='Steiner, S.H.'"
manifest,Conley_1999_gmm-estimation-cross-sectional,venue,explained,J. Econometrics,Journal of Econometrics,0.7568,discrepancies: claimed='J. Econometrics' registry='Journal of Econometrics'
manifest,Conley_1999_gmm-estimation-cross-sectional,doi,format,10.1016/S0304-4076(98)00084-0,10.1016/s0304-4076(98)00084-0,,"the same DOI, spelled differently"
manifest,Wehmann_2015_spatial-temporal-contextual-markovian-kernel,stem,structural,Wehmann_2015_spatial-temporal-contextual-markovian-kernel,Wehmann_2015_spatial-temporal-contextual-markovian,,M7: works.key is authoritative and the file stem is derived from it
manifest,Wehmann_2015_spatial-temporal-contextual-markovian-kernel,title,format,A spatial-temporal contextual Markovian kernel method for multi-temporal land cover mapping,A spatial–temporal contextual Markovian kernel method for multi-temporal land cover mapping,,the two cells normalise equal
manifest,Wehmann_2015_spatial-temporal-contextual-markovian-kernel,authors,explained,Adam Wehmann; Desheng Liu,"Wehmann, A. & Liu, D.",,"discrepancies: claimed='Adam Wehmann; Desheng Liu' registry='Wehmann, A. & Liu, D.'"
manifest,Hoberg_2015_conditional-random-fields-multitemporal-multiscale,stem,structural,Hoberg_2015_conditional-random-fields-multitemporal-multiscale,Hoberg_2015_conditional-random-fields-multitemporal,,M7: works.key is authoritative and the file stem is derived from it
manifest,Hoberg_2015_conditional-random-fields-multitemporal-multiscale,authors,explained,Thorsten Hoberg; Franz Rottensteiner; Raul Queiroz Feitosa; Christian Heipke,"Hoberg, T. et al.",,"discrepancies: claimed='Thorsten Hoberg; Franz Rottensteiner; Raul Queiroz Feitosa; Christian Heipke' registry='Hoberg, T. et al.'"
manifest,Hoberg_2015_conditional-random-fields-multitemporal-multiscale,doi,format,10.1109/TGRS.2014.2326886,10.1109/tgrs.2014.2326886,,"the same DOI, spelled differently"
manifest,Wu_2017_iterative-slow-feature-change-detection,stem,structural,Wu_2017_iterative-slow-feature-change-detection,Wu_2017_post-classification-change-detection,,M7: works.key is authoritative and the file stem is derived from it
manifest,Wu_2017_iterative-slow-feature-change-detection,authors,explained,Chen Wu; Bo Du; Xiaohui Cui; Liangpei Zhang,"Wu, C. et al.",,"discrepancies: claimed='Chen Wu; Bo Du; Xiaohui Cui; Liangpei Zhang' registry='Wu, C. et al.'"
manifest,Song_2026_monocular-height-sparse-lidar-correction,stem,structural,Song_2026_monocular-height-sparse-lidar-correction,Song_2026_enhancing-monocular-height-estimation,,M7: works.key is authoritative and the file stem is derived from it
manifest,Song_2026_monocular-height-sparse-lidar-correction,authors,explained,Jian Song; Hongruixuan Chen; Naoto Yokoya,"Song, J. et al.",,"discrepancies: claimed='Jian Song; Hongruixuan Chen; Naoto Yokoya' registry='Song, J. et al.'"
manifest,Song_2026_monocular-height-sparse-lidar-correction,arxiv,explained,2505.06905,,,discrepancies: claimed='2505.06905' registry=None
manifest,Cardille_2016_bayesian-updating-land-cover,authors,explained,Jeffrey A. Cardille; Julie A. Fortin,"Cardille, J.A. & Fortin, J.A.",,"discrepancies: claimed='Jeffrey A. Cardille; Julie A. Fortin' registry='Cardille, J.A. & Fortin, J.A.'"
manifest,Hecht_2015_automatic-identification-building-types,title,format,Automatic identification of building types based on topographic databases - a comparison of different data sources,Automatic identification of building types based on topographic databases – a comparison of different data sources,,the two cells normalise equal
manifest,Hecht_2015_automatic-identification-building-types,authors,explained,Robert Hecht; Gotthard Meinel; Manfred Buchroithner,"Hecht, R. et al.",,"discrepancies: claimed='Robert Hecht; Gotthard Meinel; Manfred Buchroithner' registry='Hecht, R. et al.'"
manifest,Yang_2021_30m-annual-land-cover-china,stem,structural,Yang_2021_30m-annual-land-cover-china,Yang_2021_30-m-annual-land,,M7: works.key is authoritative and the file stem is derived from it
manifest,Yang_2021_30m-annual-land-cover-china,authors,explained,Jie Yang; Xin Huang,"Yang, J. & Huang, X.",,"discrepancies: claimed='Jie Yang; Xin Huang' registry='Yang, J. & Huang, X.'"
manifest,Brown_2022_aerial-animal-detection-spatial-resolution,stem,structural,Brown_2022_aerial-animal-detection-spatial-resolution,Brown_2022_automated-aerial-animal-detection,,M7: works.key is authoritative and the file stem is derived from it
manifest,Brown_2022_aerial-animal-detection-spatial-resolution,title,format,Automated Aerial Animal Detection When Spatial Resolution Conditions Are Varied,Automated aerial animal detection when spatial resolution conditions are varied,,the two cells normalise equal
manifest,Brown_2022_aerial-animal-detection-spatial-resolution,authors,explained,Jasper Brown; Yongliang Qiao; Cameron Clark; Sabrina Lomax; Khalid Rafique; Salah Sukkarieh,"Brown, J. et al.",,"discrepancies: claimed='Jasper Brown; Yongliang Qiao; Cameron Clark; Sabrina Lomax; Khalid Rafique; Salah Sukkarieh' registry='Brown, J. et al.'"
manifest,Brown_2022_aerial-animal-detection-spatial-resolution,arxiv,explained,2110.01329,,,discrepancies: claimed='2110.01329' registry=None
manifest,Page_1954_continuous-inspection-schemes,authors,explained,E. S. Page,"Page, E.S.",,"discrepancies: claimed='E. S. Page' registry='Page, E.S.'"
manifest,Page_1954_continuous-inspection-schemes,venue,explained,"Biometrika, #1/2, 41, pages 100-115, 1954 jun",Biometrika,0.4,"discrepancies: claimed='Biometrika, #1/2, 41, pages 100-115, 1954 jun' registry='Biometrika'"
manifest,Page_1954_continuous-inspection-schemes,source_route,structural,annas-archive member API (scidb → record-verified md5 → fast_download),held-in-place,,now the route the file version records; 'unknown (pre-manifest)' rows are files bound in place by P3
manifest,Page_1954_continuous-inspection-schemes,obtained_date,structural,2026-09-13,2026-09-14,,"now when the database actually obtained the file (the file version's obtained_at), not the date the manifest row was written; only an acquired file has one, a file bound in place keeps the legacy date"
manifest,Page_1954_continuous-inspection-schemes,verified_against_extract,structural,title,yes,,"now the admission binding verdict, not a hand-entered yes/no/loose"
