run_id,ts_utc,date,step,run_tag,years,engine_version,git_sha,git_dirty,git_branch,gpu,gpu_mem_gb,arch,encoder,epoch,seed,split_seed,honest_val_split,imagery,gsd_cm,label_source,label_source_size,add_canopy_mask,force_citywide,tileset_id,join_basis,env_sha,n_packages,python,argv,in_run_registry
20260822T005611Z_2000_untagged_labels,20260822T005611Z,2026-08-22,labels,,2000,v048,57bc07b0112f,false,,,,,,,42,,,2000_king_rgb.tif,40.1,,,,,113ef6dc0292,inferred_current,11c163d9fe30,705,3.13.15,--year 2000 --step labels,1
20260822T010016Z_2024_citywide_rgb_inference,20260822T010016Z,2026-08-22,inference,citywide_rgb,2024,v048,57bc07b0112f,false,,,,,,,42,,,2024_coe_rgb.tif,5.0,,,,,,none,11c163d9fe30,705,3.13.15,--year 2024 --step inference --infer-batch 32 --run-tag citywide_rgb --force-citywide,1
20260822T010231Z_2019_citywide_rgb_labels,20260822T010231Z,2026-08-22,labels,citywide_rgb,2019,v048,57bc07b0112f,false,,,,,,,42,,,2019_king_rgb.tif,10.0,,,,,,none,11c163d9fe30,705,3.13.15,--year 2019 --step labels --infer-batch 32 --run-tag citywide_rgb --force-citywide,1
20260822T010306Z_2019_citywide_rgb_tile,20260822T010306Z,2026-08-22,tile,citywide_rgb,2019,v048,57bc07b0112f,false,,,,,,,42,,,2019_king_rgb.tif,10.0,,,,,,none,11c163d9fe30,705,3.13.15,--year 2019 --step tile --infer-batch 32 --run-tag citywide_rgb --force-citywide,1
20260822T011229Z_2024_citywide_rgb_inference,20260822T011229Z,2026-08-22,inference,citywide_rgb,2024,v048,57bc07b0112f,false,,,,,,,42,,,2024_coe_rgb.tif,5.0,,,,,,none,11c163d9fe30,705,3.13.15,--year 2024 --step inference --infer-batch 32 --run-tag citywide_rgb --force-citywide,1
20260822T012910Z_2000_untagged_labels,20260822T012910Z,2026-08-22,labels,,2000,v048,57bc07b0112f,false,,,,,,,42,,,2000_king_rgb.tif,40.1,,,,,113ef6dc0292,inferred_current,11c163d9fe30,705,3.13.15,--year 2000 --step labels,1
20260822T155555Z_2024_citywide_rgb_inference,20260822T155555Z,2026-08-22,inference,citywide_rgb,2024,v048,cce075f4b3eb,false,work/p11-5-autonomy,NVIDIA A100-SXM4-40GB,40.0,,,,42,,,2024_coe_rgb.tif,5.0,,,,,,none,11c163d9fe30,705,3.13.15,--year 2024 --step inference --infer-batch 32 --run-tag citywide_rgb --force-citywide,1
20260822T160331Z_2019_citywide_rgb_tile,20260822T160331Z,2026-08-22,tile,citywide_rgb,2019,v048,f148447968bc,false,work/p11-5-autonomy,NVIDIA A100-SXM4-40GB,40.0,,,,42,,,2019_king_rgb.tif,10.0,,,,,,none,11c163d9fe30,705,3.13.15,--year 2019 --step tile --infer-batch 32 --run-tag citywide_rgb --force-citywide,1
20260822T161804Z_2019_citywide_rgb_train,20260822T161804Z,2026-08-22,train,citywide_rgb,2019,v048,f148447968bc,false,work/p11-5-autonomy,NVIDIA A100-SXM4-40GB,40.0,,,,42,,,2019_king_rgb.tif,10.0,,,,,,none,11c163d9fe30,705,3.13.15,--year 2019 --step train --infer-batch 32 --run-tag citywide_rgb --force-citywide,1
20260822T164927Z_2019_citywide_rgb_evaluate,20260822T164927Z,2026-08-22,evaluate,citywide_rgb,2019,v048,f148447968bc,false,work/p11-5-autonomy,NVIDIA A100-SXM4-40GB,40.0,,,,42,,,2019_king_rgb.tif,10.0,,,,,,none,11c163d9fe30,705,3.13.15,--year 2019 --step evaluate --infer-batch 32 --run-tag citywide_rgb --force-citywide,1
20260822T165109Z_2019_citywide_rgb_inference,20260822T165109Z,2026-08-22,inference,citywide_rgb,2019,v048,f148447968bc,false,work/p11-5-autonomy,NVIDIA A100-SXM4-40GB,40.0,,,,42,,,2019_king_rgb.tif,10.0,,,,,,none,11c163d9fe30,705,3.13.15,--year 2019 --step inference --infer-batch 32 --run-tag citywide_rgb --force-citywide,1
20260822T172103Z_2024_citywide_rgb_inference,20260822T172103Z,2026-08-22,inference,citywide_rgb,2024,v048,d2d6e65a2e44,false,work/p11-5-autonomy,NVIDIA A100-SXM4-40GB,40.0,,,,42,,,2024_coe_rgb.tif,5.0,,,,,,none,11c163d9fe30,705,3.13.15,--year 2024 --step inference --infer-batch 32 --run-tag citywide_rgb --force-citywide,1
20260822T173400Z_2019_citywide_rgb_inference,20260822T173400Z,2026-08-22,inference,citywide_rgb,2019,v048,bcdd4c6c89c0,false,work/p11-5-autonomy,NVIDIA A100-SXM4-40GB,40.0,,,,42,,,2019_king_rgb.tif,10.0,,,,,,none,11c163d9fe30,705,3.13.15,--year 2019 --step inference --infer-batch 32 --run-tag citywide_rgb --force-citywide,1
20260822T175526Z_2024_citywide_rgb_inference,20260822T175526Z,2026-08-22,inference,citywide_rgb,2024,v048,fe2117714726,false,fix/20260822-inference-throughput,NVIDIA A100-SXM4-40GB,40.0,,,,42,,,2024_coe_rgb.tif,5.0,,,,,,none,11c163d9fe30,705,3.13.15,--year 2024 --step inference --infer-batch 32 --run-tag citywide_rgb --force-citywide,1
20260822T175542Z_2017_citywide_rgb_labels,20260822T175542Z,2026-08-22,labels,citywide_rgb,2017,v048,fe2117714726,false,fix/20260822-inference-throughput,NVIDIA A100-SXM4-40GB,40.0,,,,42,,,2017_coe_rgb.tif,5.0,,,,,,none,11c163d9fe30,705,3.13.15,--year 2017 --step labels --infer-batch 32 --run-tag citywide_rgb --force-citywide,1
20260822T175544Z_2019_citywide_rgb_inference,20260822T175544Z,2026-08-22,inference,citywide_rgb,2019,v048,fe2117714726,false,fix/20260822-inference-throughput,NVIDIA A100-SXM4-40GB,40.0,,,,42,,,2019_king_rgb.tif,10.0,,,,,,none,11c163d9fe30,705,3.13.15,--year 2019 --step inference --infer-batch 32 --run-tag citywide_rgb --force-citywide,1
20260822T175556Z_2022_citywide_rgb_labels,20260822T175556Z,2026-08-22,labels,citywide_rgb,2022,v048,fe2117714726,false,fix/20260822-inference-throughput,NVIDIA A100-SXM4-40GB,40.0,,,,42,,,2022_coe_rgb.tif,5.0,,,,,,none,11c163d9fe30,705,3.13.15,--year 2022 --step labels --infer-batch 32 --run-tag citywide_rgb --force-citywide,1
20260822T175645Z_2022_citywide_rgb_tile,20260822T175645Z,2026-08-22,tile,citywide_rgb,2022,v048,fe2117714726,false,fix/20260822-inference-throughput,NVIDIA A100-SXM4-40GB,40.0,,,,42,,,2022_coe_rgb.tif,5.0,,,,,,none,11c163d9fe30,705,3.13.15,--year 2022 --step tile --infer-batch 32 --run-tag citywide_rgb --force-citywide,1
20260822T175654Z_2017_citywide_rgb_tile,20260822T175654Z,2026-08-22,tile,citywide_rgb,2017,v048,fe2117714726,false,fix/20260822-inference-throughput,NVIDIA A100-SXM4-40GB,40.0,,,,42,,,2017_coe_rgb.tif,5.0,,,,,,none,11c163d9fe30,705,3.13.15,--year 2017 --step tile --infer-batch 32 --run-tag citywide_rgb --force-citywide,1
20260822T181532Z_2022_citywide_rgb_train,20260822T181532Z,2026-08-22,train,citywide_rgb,2022,v048,84c935af9dba,false,fix/20260822-inference-throughput,NVIDIA A100-SXM4-40GB,40.0,,,,42,,,2022_coe_rgb.tif,5.0,,,,,,none,11c163d9fe30,705,3.13.15,--year 2022 --step train --infer-batch 32 --run-tag citywide_rgb --force-citywide,1
20260822T184913Z_2022_citywide_rgb_evaluate,20260822T184913Z,2026-08-22,evaluate,citywide_rgb,2022,v048,84c935af9dba,false,fix/20260822-inference-throughput,NVIDIA A100-SXM4-40GB,40.0,,,,42,,,2022_coe_rgb.tif,5.0,,,,,,none,11c163d9fe30,705,3.13.15,--year 2022 --step evaluate --infer-batch 32 --run-tag citywide_rgb --force-citywide,1
20260822T185030Z_2022_citywide_rgb_inference,20260822T185030Z,2026-08-22,inference,citywide_rgb,2022,v048,84c935af9dba,false,fix/20260822-inference-throughput,NVIDIA A100-SXM4-40GB,40.0,,,,42,,,2022_coe_rgb.tif,5.0,,,,,,none,11c163d9fe30,705,3.13.15,--year 2022 --step inference --infer-batch 32 --run-tag citywide_rgb --force-citywide,1
20260822T193218Z_2024_citywide_rgb_inference,20260822T193218Z,2026-08-22,inference,citywide_rgb,2024,v048,87391aa83a6f,false,fix/20260822-inference-throughput,NVIDIA A100-SXM4-40GB,40.0,,,,42,,,2024_coe_rgb.tif,5.0,,,,,,none,11c163d9fe30,705,3.13.15,--year 2024 --step inference --infer-batch 32 --run-tag citywide_rgb --force-citywide,1
20260822T200108Z_2019_citywide_rgb_inference,20260822T200108Z,2026-08-22,inference,citywide_rgb,2019,v048,a7bbdb0c11ef,false,fix/20260822-inference-throughput,NVIDIA A100-SXM4-40GB,40.0,,,,42,,,2019_king_rgb.tif,10.0,,,,,,none,11c163d9fe30,705,3.13.15,--year 2019 --step inference --infer-batch 32 --run-tag citywide_rgb --force-citywide,1
20260822T204614Z_2017_citywide_rgb_tile,20260822T204614Z,2026-08-22,tile,citywide_rgb,2017,v048,87391aa83a6f,false,fix/20260822-inference-throughput,NVIDIA A100-SXM4-40GB,40.0,,,,42,,,2017_coe_rgb.tif,5.0,,,,,,none,11c163d9fe30,705,3.13.15,--year 2017 --step tile --infer-batch 32 --run-tag citywide_rgb --force-citywide,1
20260822T212142Z_2017_citywide_rgb_train,20260822T212142Z,2026-08-22,train,citywide_rgb,2017,v048,87391aa83a6f,false,fix/20260822-inference-throughput,NVIDIA A100-SXM4-40GB,40.0,,,,42,,,2017_coe_rgb.tif,5.0,,,,,,none,11c163d9fe30,705,3.13.15,--year 2017 --step train --infer-batch 32 --run-tag citywide_rgb --force-citywide,1
20260822T220134Z_2017_citywide_rgb_evaluate,20260822T220134Z,2026-08-22,evaluate,citywide_rgb,2017,v048,87391aa83a6f,false,fix/20260822-inference-throughput,NVIDIA A100-SXM4-40GB,40.0,,,,42,,,2017_coe_rgb.tif,5.0,,,,,,none,11c163d9fe30,705,3.13.15,--year 2017 --step evaluate --infer-batch 32 --run-tag citywide_rgb --force-citywide,1
20260822T220231Z_2017_citywide_rgb_inference,20260822T220231Z,2026-08-22,inference,citywide_rgb,2017,v048,87391aa83a6f,false,fix/20260822-inference-throughput,NVIDIA A100-SXM4-40GB,40.0,,,,42,,,2017_coe_rgb.tif,5.0,,,,,,none,11c163d9fe30,705,3.13.15,--year 2017 --step inference --infer-batch 32 --run-tag citywide_rgb --force-citywide,1
20260825T053918Z_2006s_aoi_smoke_inference,20260825T053918Z,2026-08-25,inference,aoi_smoke,2006s,v048,f97c10b0ff31,false,work/20260824-sectors,,,,,,42,,,2006_snoh_1m_rgb.tif,100.0,,,,,,none,b0fb58fa511e,643,3.13.15,--year 2006s --step inference --dry-run --run-tag aoi_smoke --infer-aoi aoi/sectors_v1.json,1
20260825T054011Z_2006s_aoi_smoke_inference,20260825T054011Z,2026-08-25,inference,aoi_smoke,2006s,v048,f97c10b0ff31,false,work/20260824-sectors,,,,,,42,,,2006_snoh_1m_rgb.tif,100.0,,,,,,none,b0fb58fa511e,643,3.13.15,--year 2006s --step inference --dry-run --run-tag aoi_smoke --infer-aoi aoi/sectors_v1.json,1
20260825T054029Z_2006s_aoi_smoke_inference,20260825T054029Z,2026-08-25,inference,aoi_smoke,2006s,v048,f97c10b0ff31,false,work/20260824-sectors,,,,,,42,,,2006_snoh_1m_rgb.tif,100.0,,,,,,none,b0fb58fa511e,643,3.13.15,--year 2006s --step inference --dry-run --run-tag aoi_smoke --infer-aoi aoi/sectors_v1.json,1
20260825T054049Z_2006s_aoi_smoke_inference,20260825T054049Z,2026-08-25,inference,aoi_smoke,2006s,v048,f97c10b0ff31,false,work/20260824-sectors,,,,,,42,,,2006_snoh_1m_rgb.tif,100.0,,,,,,none,b0fb58fa511e,643,3.13.15,--year 2006s --step inference --dry-run --run-tag aoi_smoke --infer-aoi aoi/sectors_v1.json,1
20260825T054155Z_2006s_aoi_smoke_inference,20260825T054155Z,2026-08-25,inference,aoi_smoke,2006s,v048,f97c10b0ff31,false,work/20260824-sectors,,,,,,42,,,2006_snoh_1m_rgb.tif,100.0,,,,,,none,b0fb58fa511e,643,3.13.15,--year 2006s --step inference --dry-run --run-tag aoi_smoke --infer-aoi aoi/sectors_v1.json,1
20260825T054208Z_2006s_aoi_smoke_inference,20260825T054208Z,2026-08-25,inference,aoi_smoke,2006s,v048,f97c10b0ff31,false,work/20260824-sectors,,,,,,42,,,2006_snoh_1m_rgb.tif,100.0,,,,,,none,b0fb58fa511e,643,3.13.15,--year 2006s --step inference --dry-run --run-tag aoi_smoke --infer-aoi aoi/sectors_v1.json,1
20260825T054244Z_2006s_aoi_smoke_inference,20260825T054244Z,2026-08-25,inference,aoi_smoke,2006s,v048,bd4d7e53f130,false,work/20260824-sectors,,,,,,42,,,2006_snoh_1m_rgb.tif,100.0,,,,,,none,b0fb58fa511e,643,3.13.15,--year 2006s --step inference --dry-run --run-tag aoi_smoke --infer-aoi aoi/sectors_v1.json,1
20260825T054330Z_2006s_aoi_smoke_inference,20260825T054330Z,2026-08-25,inference,aoi_smoke,2006s,v048,63a0276bdd10,false,work/20260824-sectors,,,,,,42,,,2006_snoh_1m_rgb.tif,100.0,,,,,,none,b0fb58fa511e,643,3.13.15,--year 2006s --step inference --dry-run --run-tag aoi_smoke --infer-aoi aoi/sectors_v1.json,1
20260825T054347Z_2006s_aoi_smoke_inference,20260825T054347Z,2026-08-25,inference,aoi_smoke,2006s,v048,63a0276bdd10,false,work/20260824-sectors,,,,,,42,,,2006_snoh_1m_rgb.tif,100.0,,,,,,none,b0fb58fa511e,643,3.13.15,--year 2006s --step inference --dry-run --run-tag aoi_smoke --infer-aoi aoi/sectors_v1.json,1
20260825T054721Z_2006s_sectors_v1_labels,20260825T054721Z,2026-08-25,labels,sectors_v1,2006s,v048,63a0276bdd10,false,work/20260824-sectors,NVIDIA A100-SXM4-40GB,40.0,,,,42,,,2006_snoh_1m_rgb.tif,100.0,,,,,,none,11c163d9fe30,705,3.13.15,--year 2006s --step labels --infer-batch 32 --run-tag sectors_v1 --force-citywide --infer-aoi aoi/sectors_v1.json,1
20260825T054756Z_2006s_sectors_v1_tile,20260825T054756Z,2026-08-25,tile,sectors_v1,2006s,v048,63a0276bdd10,false,work/20260824-sectors,NVIDIA A100-SXM4-40GB,40.0,,,,42,,,2006_snoh_1m_rgb.tif,100.0,,,,,,none,11c163d9fe30,705,3.13.15,--year 2006s --step tile --infer-batch 32 --run-tag sectors_v1 --force-citywide --infer-aoi aoi/sectors_v1.json,1
20260825T055000Z_2006s_sectors_v1_tile,20260825T055000Z,2026-08-25,tile,sectors_v1,2006s,v048,1d358328f401,false,work/20260824-sectors,NVIDIA A100-SXM4-40GB,40.0,,,,42,,,2006_snoh_1m_rgb.tif,100.0,,,,,,none,11c163d9fe30,705,3.13.15,--year 2006s --step tile --infer-batch 32 --run-tag sectors_v1 --force-citywide --infer-aoi aoi/sectors_v1.json,1
20260825T055153Z_2006s_sectors_v1_train,20260825T055153Z,2026-08-25,train,sectors_v1,2006s,v048,1d358328f401,false,work/20260824-sectors,NVIDIA A100-SXM4-40GB,40.0,,,,42,,,2006_snoh_1m_rgb.tif,100.0,,,,,,none,11c163d9fe30,705,3.13.15,--year 2006s --step train --infer-batch 32 --run-tag sectors_v1 --force-citywide --infer-aoi aoi/sectors_v1.json,0
20260825T055324Z_2006s_sectors_v1_inference,20260825T055324Z,2026-08-25,inference,sectors_v1,2006s,v048,1d358328f401,false,work/20260824-sectors,NVIDIA A100-SXM4-40GB,40.0,,,,42,,,2006_snoh_1m_rgb.tif,100.0,,,,,,none,11c163d9fe30,705,3.13.15,--year 2006s --step inference --infer-batch 32 --run-tag sectors_v1 --force-citywide --infer-aoi aoi/sectors_v1.json,1
20260825T055437Z_2011s_sectors_v1_inference,20260825T055437Z,2026-08-25,inference,sectors_v1,2011s,v048,1d358328f401,false,work/20260824-sectors,NVIDIA A100-SXM4-40GB,40.0,,,,42,,,2011_snoh_1ft_rgb.tif,30.5,,,,,,none,11c163d9fe30,705,3.13.15,--year 2011s --step inference --infer-batch 32 --run-tag sectors_v1 --force-citywide --infer-aoi aoi/sectors_v1.json,1
20260825T055718Z_2003s_sectors_v1_inference,20260825T055718Z,2026-08-25,inference,sectors_v1,2003s,v048,1d358328f401,false,work/20260824-sectors,NVIDIA A100-SXM4-40GB,40.0,,,,42,,,2003_snoh_1ft_rgb.tif,30.5,,,,,,none,11c163d9fe30,705,3.13.15,--year 2003s --step inference --infer-batch 32 --run-tag sectors_v1 --force-citywide --infer-aoi aoi/sectors_v1.json,1
20260825T055952Z_2012s_sectors_v1_inference,20260825T055952Z,2026-08-25,inference,sectors_v1,2012s,v048,1d358328f401,false,work/20260824-sectors,NVIDIA A100-SXM4-40GB,40.0,,,,42,,,2012_snoh_9in_rgb.tif,22.9,,,,,,none,11c163d9fe30,705,3.13.15,--year 2012s --step inference --infer-batch 32 --run-tag sectors_v1 --force-citywide --infer-aoi aoi/sectors_v1.json,1
20260825T060259Z_2018s_sectors_v1_inference,20260825T060259Z,2026-08-25,inference,sectors_v1,2018s,v048,1d358328f401,false,work/20260824-sectors,NVIDIA A100-SXM4-40GB,40.0,,,,42,,,2018_snoh_6in_rgbi.tif,15.2,,,,,,none,11c163d9fe30,705,3.13.15,--year 2018s --step inference --infer-batch 32 --run-tag sectors_v1 --force-citywide --infer-aoi aoi/sectors_v1.json,1
20260825T060750Z_2020s_sectors_v1_inference,20260825T060750Z,2026-08-25,inference,sectors_v1,2020s,v048,1d358328f401,false,work/20260824-sectors,NVIDIA A100-SXM4-40GB,40.0,,,,42,,,2020_snoh_3in_rgb.tif,7.6,,,,,,none,11c163d9fe30,705,3.13.15,--year 2020s --step inference --infer-batch 32 --run-tag sectors_v1 --force-citywide --infer-aoi aoi/sectors_v1.json,1
20260825T061931Z_2016_fullext_sectors_v1_labels,20260825T061931Z,2026-08-25,labels,fullext_sectors_v1,2016,v048,1d358328f401,false,work/20260824-sectors,NVIDIA A100-SXM4-40GB,40.0,,,,42,,,2016_snoh_1ft_rgbi.tif,30.5,,,,,,none,11c163d9fe30,705,3.13.15,--year 2016 --step labels --infer-batch 32 --run-tag fullext_sectors_v1 --force-citywide --infer-aoi aoi/sectors_v1.json,1
20260825T062002Z_2016_fullext_sectors_v1_tile,20260825T062002Z,2026-08-25,tile,fullext_sectors_v1,2016,v048,1d358328f401,false,work/20260824-sectors,NVIDIA A100-SXM4-40GB,40.0,,,,42,,,2016_snoh_1ft_rgbi.tif,30.5,,,,,,none,11c163d9fe30,705,3.13.15,--year 2016 --step tile --infer-batch 32 --run-tag fullext_sectors_v1 --force-citywide --infer-aoi aoi/sectors_v1.json,1
20260825T062812Z_2016_fullext_sectors_v1_train,20260825T062812Z,2026-08-25,train,fullext_sectors_v1,2016,v048,1d358328f401,false,work/20260824-sectors,NVIDIA A100-SXM4-40GB,40.0,,,,42,,,2016_snoh_1ft_rgbi.tif,30.5,,,,,,none,11c163d9fe30,705,3.13.15,--year 2016 --step train --infer-batch 32 --run-tag fullext_sectors_v1 --force-citywide --infer-aoi aoi/sectors_v1.json,1
20260825T135314Z_2006s_sectors_v1_postproc,20260825T135314Z,2026-08-25,postproc,sectors_v1,2006s,v048,63a0276bdd10,false,work/20260824-sectors,,,,,,42,,,2006_snoh_1m_rgb.tif,100.0,,,,,,none,b0fb58fa511e,643,3.13.15,--year 2006s --step postproc --run-tag sectors_v1 --infer-thresh 0.5,1
20260825T135351Z_2011s_sectors_v1_postproc,20260825T135351Z,2026-08-25,postproc,sectors_v1,2011s,v048,63a0276bdd10,false,work/20260824-sectors,,,,,,42,,,2011_snoh_1ft_rgb.tif,30.5,,,,,,none,b0fb58fa511e,643,3.13.15,--year 2011s --step postproc --run-tag sectors_v1 --infer-thresh 0.5,1
20260825T135708Z_2003s_sectors_v1_postproc,20260825T135708Z,2026-08-25,postproc,sectors_v1,2003s,v048,63a0276bdd10,false,work/20260824-sectors,,,,,,42,,,2003_snoh_1ft_rgb.tif,30.5,,,,,,none,b0fb58fa511e,643,3.13.15,--year 2003s --step postproc --run-tag sectors_v1 --infer-thresh 0.5,1
20260825T140004Z_2012s_sectors_v1_postproc,20260825T140004Z,2026-08-25,postproc,sectors_v1,2012s,v048,63a0276bdd10,false,work/20260824-sectors,,,,,,42,,,2012_snoh_9in_rgb.tif,22.9,,,,,,none,b0fb58fa511e,643,3.13.15,--year 2012s --step postproc --run-tag sectors_v1 --infer-thresh 0.5,1
20260825T140530Z_2018s_sectors_v1_postproc,20260825T140530Z,2026-08-25,postproc,sectors_v1,2018s,v048,63a0276bdd10,false,work/20260824-sectors,,,,,,42,,,2018_snoh_6in_rgbi.tif,15.2,,,,,,none,b0fb58fa511e,643,3.13.15,--year 2018s --step postproc --run-tag sectors_v1 --infer-thresh 0.5,1
20260825T141736Z_2020s_sectors_v1_postproc,20260825T141736Z,2026-08-25,postproc,sectors_v1,2020s,v048,63a0276bdd10,false,work/20260824-sectors,,,,,,42,,,2020_snoh_3in_rgb.tif,7.6,,,,,,none,b0fb58fa511e,643,3.13.15,--year 2020s --step postproc --run-tag sectors_v1 --infer-thresh 0.5,1
20260825T221915Z_2016_fullext_sectors_v1_train,20260825T221915Z,2026-08-25,train,fullext_sectors_v1,2016,v048,3e7ac30a4619,false,work/20260824-sectors,NVIDIA A100-SXM4-40GB,40.0,,,,42,,,2016_snoh_1ft_rgbi.tif,30.5,,,,,,none,11c163d9fe30,705,3.13.15,--year 2016 --step train --infer-batch 32 --run-tag fullext_sectors_v1 --force-citywide --infer-aoi aoi/sectors_v1.json,1
20260825T221951Z_2020s_sectors_v1_postproc,20260825T221951Z,2026-08-25,postproc,sectors_v1,2020s,v048,3e7ac30a4619,false,work/20260824-sectors,,,,,,42,,,2020_snoh_3in_rgb.tif,7.6,,,,,,none,2f3b78b345f0,642,3.13.15,--year 2020s --step postproc --run-tag sectors_v1 --infer-thresh 0.5,1
20260825T230444Z_2016_fullext_sectors_v1_evaluate,20260825T230444Z,2026-08-25,evaluate,fullext_sectors_v1,2016,v048,3e7ac30a4619,false,work/20260824-sectors,NVIDIA A100-SXM4-40GB,40.0,,,,42,,,2016_snoh_1ft_rgbi.tif,30.5,,,,,,none,11c163d9fe30,705,3.13.15,--year 2016 --step evaluate --infer-batch 32 --run-tag fullext_sectors_v1 --force-citywide --infer-aoi aoi/sectors_v1.json,1
20260825T230626Z_2016_fullext_sectors_v1_inference,20260825T230626Z,2026-08-25,inference,fullext_sectors_v1,2016,v048,3e7ac30a4619,false,work/20260824-sectors,NVIDIA A100-SXM4-40GB,40.0,,,,42,,,2016_snoh_1ft_rgbi.tif,30.5,,,,,,none,11c163d9fe30,705,3.13.15,--year 2016 --step inference --infer-batch 32 --run-tag fullext_sectors_v1 --force-citywide --infer-aoi aoi/sectors_v1.json,1
20260825T231005Z_2021s_fullext_sectors_v1_labels,20260825T231005Z,2026-08-25,labels,fullext_sectors_v1,2021s,v048,3e7ac30a4619,false,work/20260824-sectors,NVIDIA A100-SXM4-40GB,40.0,,,,42,,,2021_snoh_6in_rgbi.tif,15.2,,,,,,none,11c163d9fe30,705,3.13.15,--year 2021s --step labels --infer-batch 32 --run-tag fullext_sectors_v1 --force-citywide --infer-aoi aoi/sectors_v1.json,1
20260825T231125Z_2021s_fullext_sectors_v1_tile,20260825T231125Z,2026-08-25,tile,fullext_sectors_v1,2021s,v048,3e7ac30a4619,false,work/20260824-sectors,NVIDIA A100-SXM4-40GB,40.0,,,,42,,,2021_snoh_6in_rgbi.tif,15.2,,,,,,none,11c163d9fe30,705,3.13.15,--year 2021s --step tile --infer-batch 32 --run-tag fullext_sectors_v1 --force-citywide --infer-aoi aoi/sectors_v1.json,1
20260825T231141Z_2021s_fullext_sectors_v1_train,20260825T231141Z,2026-08-25,train,fullext_sectors_v1,2021s,v048,3e7ac30a4619,false,work/20260824-sectors,NVIDIA A100-SXM4-40GB,40.0,,,,42,,,2021_snoh_6in_rgbi.tif,15.2,,,,,,none,11c163d9fe30,705,3.13.15,--year 2021s --step train --infer-batch 32 --run-tag fullext_sectors_v1 --force-citywide --infer-aoi aoi/sectors_v1.json,1
20260825T235538Z_2021s_fullext_sectors_v1_evaluate,20260825T235538Z,2026-08-25,evaluate,fullext_sectors_v1,2021s,v048,3e7ac30a4619,false,work/20260824-sectors,NVIDIA A100-SXM4-40GB,40.0,,,,42,,,2021_snoh_6in_rgbi.tif,15.2,,,,,,none,11c163d9fe30,705,3.13.15,--year 2021s --step evaluate --infer-batch 32 --run-tag fullext_sectors_v1 --force-citywide --infer-aoi aoi/sectors_v1.json,1
20260825T235654Z_2021s_fullext_sectors_v1_inference,20260825T235654Z,2026-08-25,inference,fullext_sectors_v1,2021s,v048,3e7ac30a4619,false,work/20260824-sectors,NVIDIA A100-SXM4-40GB,40.0,,,,42,,,2021_snoh_6in_rgbi.tif,15.2,,,,,,none,11c163d9fe30,705,3.13.15,--year 2021s --step inference --infer-batch 32 --run-tag fullext_sectors_v1 --force-citywide --infer-aoi aoi/sectors_v1.json,1
20260826T002706Z_2016_fullext_sectors_v1_postproc,20260826T002706Z,2026-08-26,postproc,fullext_sectors_v1,2016,v048,3e7ac30a4619,false,work/20260824-sectors,,,,,,42,,,2016_snoh_1ft_rgbi.tif,30.5,,,,,,none,2f3b78b345f0,642,3.13.15,--year 2016 --step postproc --run-tag fullext_sectors_v1 --infer-thresh 0.5223,1
20260826T002949Z_2021s_fullext_sectors_v1_postproc,20260826T002949Z,2026-08-26,postproc,fullext_sectors_v1,2021s,v048,3e7ac30a4619,false,work/20260824-sectors,,,,,,42,,,2021_snoh_6in_rgbi.tif,15.2,,,,,,none,2f3b78b345f0,642,3.13.15,--year 2021s --step postproc --run-tag fullext_sectors_v1 --infer-thresh 0.5,1
20260826T142709Z_2021s_noise_r1_labels,20260826T142709Z,2026-08-26,labels,noise_r1,2021s,v048,3e7ac30a4619,false,work/20260824-sectors,NVIDIA A100-SXM4-40GB,40.0,,,,42,,,2021_snoh_6in_rgbi.tif,15.2,,,,,,none,f24c3f7c7a69,704,3.13.15,--year 2021s --step labels --infer-batch 32 --run-tag noise_r1 --force-citywide --infer-aoi aoi/sectors_v1.json,1
20260826T143543Z_2021s_noise_r1_tile,20260826T143543Z,2026-08-26,tile,noise_r1,2021s,v048,3e7ac30a4619,false,work/20260824-sectors,NVIDIA A100-SXM4-40GB,40.0,,,,42,,,2021_snoh_6in_rgbi.tif,15.2,,,,,,none,f24c3f7c7a69,704,3.13.15,--year 2021s --step tile --infer-batch 32 --run-tag noise_r1 --force-citywide --infer-aoi aoi/sectors_v1.json,1
20260826T144527Z_2021s_noise_r1_train,20260826T144527Z,2026-08-26,train,noise_r1,2021s,v048,3e7ac30a4619,false,work/20260824-sectors,NVIDIA A100-SXM4-40GB,40.0,,,,42,,,2021_snoh_6in_rgbi.tif,15.2,,,,,,none,f24c3f7c7a69,704,3.13.15,--year 2021s --step train --infer-batch 32 --run-tag noise_r1 --force-citywide --infer-aoi aoi/sectors_v1.json,1
20260826T152652Z_2021s_noise_r1_evaluate,20260826T152652Z,2026-08-26,evaluate,noise_r1,2021s,v048,3e7ac30a4619,false,work/20260824-sectors,NVIDIA A100-SXM4-40GB,40.0,,,,42,,,2021_snoh_6in_rgbi.tif,15.2,,,,,,none,11c163d9fe30,705,3.13.15,--year 2021s --step evaluate --infer-batch 32 --run-tag noise_r1 --force-citywide --infer-aoi aoi/sectors_v1.json,1
20260826T152753Z_2016_nir_m06_labels,20260826T152753Z,2026-08-26,labels,nir_m06,2016,v048,2c1098959fd4,false,work/20260824-sectors,NVIDIA A100-SXM4-40GB,40.0,,,,42,,,2016_snoh_1ft_rgbi.tif,30.5,edmonds_canopy_mask_2020.tif,287816390,,true,,none,f24c3f7c7a69,704,3.13.15,--year 2016 --step labels --infer-batch 32 --run-tag nir_m06 --force-citywide --hs-source nir --infer-aoi aoi/sectors_v1.json,1
20260826T153142Z_2016_nir_m06_tile,20260826T153142Z,2026-08-26,tile,nir_m06,2016,v048,2c1098959fd4,false,work/20260824-sectors,NVIDIA A100-SXM4-40GB,40.0,,,,42,,,2016_snoh_1ft_rgbi.tif,30.5,edmonds_canopy_mask_2020.tif,287816390,,true,,none,f24c3f7c7a69,704,3.13.15,--year 2016 --step tile --infer-batch 32 --run-tag nir_m06 --force-citywide --hs-source nir --infer-aoi aoi/sectors_v1.json,1
20260826T160834Z_2021s_noise_r1_inference,20260826T160834Z,2026-08-26,inference,noise_r1,2021s,v048,3e7ac30a4619,false,work/20260824-sectors,NVIDIA A100-SXM4-40GB,40.0,,,,42,,,2021_snoh_6in_rgbi.tif,15.2,,,,,,none,11c163d9fe30,705,3.13.15,--year 2021s --step inference --infer-batch 32 --run-tag noise_r1 --force-citywide --infer-aoi aoi/sectors_v1.json,1
20260826T162055Z_2021s_noise_r2_labels,20260826T162055Z,2026-08-26,labels,noise_r2,2021s,v048,3e7ac30a4619,false,work/20260824-sectors,NVIDIA A100-SXM4-40GB,40.0,,,,42,,,2021_snoh_6in_rgbi.tif,15.2,,,,,,none,11c163d9fe30,705,3.13.15,--year 2021s --step labels --infer-batch 32 --run-tag noise_r2 --force-citywide --infer-aoi aoi/sectors_v1.json,1
20260826T162842Z_2021s_noise_r2_tile,20260826T162842Z,2026-08-26,tile,noise_r2,2021s,v048,3e7ac30a4619,false,work/20260824-sectors,NVIDIA A100-SXM4-40GB,40.0,,,,42,,,2021_snoh_6in_rgbi.tif,15.2,,,,,,none,11c163d9fe30,705,3.13.15,--year 2021s --step tile --infer-batch 32 --run-tag noise_r2 --force-citywide --infer-aoi aoi/sectors_v1.json,1
20260826T163945Z_2021s_noise_r2_train,20260826T163945Z,2026-08-26,train,noise_r2,2021s,v048,3e7ac30a4619,false,work/20260824-sectors,NVIDIA A100-SXM4-40GB,40.0,,,,42,,,2021_snoh_6in_rgbi.tif,15.2,,,,,,none,11c163d9fe30,705,3.13.15,--year 2021s --step train --infer-batch 32 --run-tag noise_r2 --force-citywide --infer-aoi aoi/sectors_v1.json,1
20260826T171602Z_2016_nir_m06_tile,20260826T171602Z,2026-08-26,tile,nir_m06,2016,v048,71ee38821459,false,work/20260824-sectors,NVIDIA A100-SXM4-40GB,40.0,,,,42,,,2016_snoh_1ft_rgbi.tif,30.5,edmonds_canopy_mask_2020.tif,287816390,,true,,none,f24c3f7c7a69,704,3.13.15,--year 2016 --step tile --infer-batch 32 --run-tag nir_m06 --force-citywide --hs-source nir --infer-aoi aoi/sectors_v1.json,1
20260826T172453Z_2021s_noise_r3_labels,20260826T172453Z,2026-08-26,labels,noise_r3,2021s,v048,3e7ac30a4619,false,work/20260824-sectors,NVIDIA A100-SXM4-40GB,40.0,,,,42,,,2021_snoh_6in_rgbi.tif,15.2,,,,,,none,11c163d9fe30,705,3.13.15,--year 2021s --step labels --infer-batch 32 --run-tag noise_r3 --force-citywide --infer-aoi aoi/sectors_v1.json,1
20260826T173442Z_2021s_noise_r3_tile,20260826T173442Z,2026-08-26,tile,noise_r3,2021s,v048,3e7ac30a4619,true,work/20260824-sectors,NVIDIA A100-SXM4-40GB,40.0,,,,42,,,2021_snoh_6in_rgbi.tif,15.2,,,,,,none,11c163d9fe30,705,3.13.15,--year 2021s --step tile --infer-batch 32 --run-tag noise_r3 --force-citywide --infer-aoi aoi/sectors_v1.json,1
20260826T174249Z_2016_nir_m06_train,20260826T174249Z,2026-08-26,train,nir_m06,2016,v048,71ee38821459,true,work/20260824-sectors,NVIDIA A100-SXM4-40GB,40.0,,,,42,,,2016_snoh_1ft_rgbi.tif,30.5,edmonds_canopy_mask_2020.tif,287816390,,true,,none,f24c3f7c7a69,704,3.13.15,--year 2016 --step train --infer-batch 32 --run-tag nir_m06 --force-citywide --hs-source nir --infer-aoi aoi/sectors_v1.json,1
20260826T174556Z_2021s_noise_r3_train,20260826T174556Z,2026-08-26,train,noise_r3,2021s,v048,3e7ac30a4619,true,work/20260824-sectors,NVIDIA A100-SXM4-40GB,40.0,,,,42,,,2021_snoh_6in_rgbi.tif,15.2,,,,,,none,11c163d9fe30,705,3.13.15,--year 2021s --step train --infer-batch 32 --run-tag noise_r3 --force-citywide --infer-aoi aoi/sectors_v1.json,1
20260826T185345Z_2021s_noise_r2_labels,20260826T185345Z,2026-08-26,labels,noise_r2,2021s,v048,054505681414,false,work/20260824-sectors,NVIDIA A100-SXM4-40GB,40.0,,,,42,,,2021_snoh_6in_rgbi.tif,15.2,edmonds_canopy_mask_2020.tif,287816390,,true,,none,11c163d9fe30,705,3.13.15,--year 2021s --step labels --infer-batch 32 --run-tag noise_r2 --force-citywide --infer-aoi aoi/sectors_v1.json,1
20260826T190343Z_2021s_noise_r2_tile,20260826T190343Z,2026-08-26,tile,noise_r2,2021s,v048,054505681414,false,work/20260824-sectors,NVIDIA A100-SXM4-40GB,40.0,,,,42,,,2021_snoh_6in_rgbi.tif,15.2,edmonds_canopy_mask_2020.tif,287816390,,true,,none,11c163d9fe30,705,3.13.15,--year 2021s --step tile --infer-batch 32 --run-tag noise_r2 --force-citywide --infer-aoi aoi/sectors_v1.json,1
20260826T190540Z_2016_golden_v1_2016cw_inference,20260826T190540Z,2026-08-26,inference,golden_v1_2016cw,2016,v048,054505681414,false,work/20260824-sectors,NVIDIA L4,22.5,,,,42,,,2016_snoh_1ft_rgbi.tif,30.5,edmonds_canopy_mask_2020.tif,287816390,,true,,none,f24c3f7c7a69,704,3.13.15,--year 2016 --step inference --infer-batch 32 --run-tag golden_v1_2016cw --force-citywide --infer-aoi aoi/sentinel_v1.json --skip-postproc,0
20260826T191154Z_2016_golden_v1_2016corr_inference,20260826T191154Z,2026-08-26,inference,golden_v1_2016corr,2016,v048,054505681414,false,work/20260824-sectors,NVIDIA L4,22.5,,,,42,,,2016_snoh_1ft_rgbi.tif,30.5,edmonds_canopy_mask_2020.tif,287816390,,true,,none,11c163d9fe30,705,3.13.15,--year 2016 --step inference --infer-batch 32 --run-tag golden_v1_2016corr --force-citywide --infer-aoi aoi/sentinel_v1.json --skip-postproc,0
20260826T191222Z_2021s_noise_r2_train,20260826T191222Z,2026-08-26,train,noise_r2,2021s,v048,054505681414,false,work/20260824-sectors,NVIDIA A100-SXM4-40GB,40.0,,,,42,,,2021_snoh_6in_rgbi.tif,15.2,edmonds_canopy_mask_2020.tif,287816390,,true,,none,11c163d9fe30,705,3.13.15,--year 2021s --step train --infer-batch 32 --run-tag noise_r2 --force-citywide --infer-aoi aoi/sectors_v1.json,1
20260826T191651Z_2016_golden_v1_2016fx_inference,20260826T191651Z,2026-08-26,inference,golden_v1_2016fx,2016,v048,054505681414,false,work/20260824-sectors,NVIDIA L4,22.5,,,,42,,,2016_snoh_1ft_rgbi.tif,30.5,edmonds_canopy_mask_2020.tif,287816390,,true,,none,11c163d9fe30,705,3.13.15,--year 2016 --step inference --infer-batch 32 --run-tag golden_v1_2016fx --force-citywide --infer-aoi aoi/sentinel_v1.json --skip-postproc,0
20260826T192058Z_2021s_golden_v1_2021sp2_inference,20260826T192058Z,2026-08-26,inference,golden_v1_2021sp2,2021s,v048,054505681414,false,work/20260824-sectors,NVIDIA L4,22.5,,,,42,,,2021_snoh_6in_rgbi.tif,15.2,edmonds_canopy_mask_2020.tif,287816390,,true,,none,11c163d9fe30,705,3.13.15,--year 2021s --step inference --infer-batch 32 --run-tag golden_v1_2021sp2 --force-citywide --infer-aoi aoi/sentinel_v1.json --skip-postproc,0
20260826T193134Z_2021s_golden_v1_2021sfx_inference,20260826T193134Z,2026-08-26,inference,golden_v1_2021sfx,2021s,v048,054505681414,false,work/20260824-sectors,NVIDIA L4,22.5,,,,42,,,2021_snoh_6in_rgbi.tif,15.2,edmonds_canopy_mask_2020.tif,287816390,,true,,none,11c163d9fe30,705,3.13.15,--year 2021s --step inference --infer-batch 32 --run-tag golden_v1_2021sfx --force-citywide --infer-aoi aoi/sentinel_v1.json --skip-postproc,0
20260826T194259Z_2000_untagged_tile,20260826T194259Z,2026-08-26,tile,,2000,v048,054505681414,false,work/20260824-sectors,NVIDIA L4,22.5,,,,42,,,2000_king_rgb.tif,40.1,edmonds_canopy_mask_2020.tif,287816390,,true,113ef6dc0292,inferred_current,11c163d9fe30,705,3.13.15,--year 2000 --step tile --force-citywide,1
20260826T195304Z_2007_untagged_tile,20260826T195304Z,2026-08-26,tile,,2007,v048,054505681414,false,work/20260824-sectors,NVIDIA L4,22.5,,,,42,,,2007_king_rgb.tif,20.1,edmonds_canopy_mask_2020.tif,287816390,,true,537d37720fd4,inferred_current,11c163d9fe30,705,3.13.15,--year 2007 --step tile --force-citywide,1
20260826T195951Z_2009_untagged_tile,20260826T195951Z,2026-08-26,tile,,2009,v048,054505681414,false,work/20260824-sectors,NVIDIA L4,22.5,,,,42,,,2009_king_rgb.tif,20.1,edmonds_canopy_mask_2020.tif,287816390,,true,6c52f5610cbd,inferred_current,11c163d9fe30,705,3.13.15,--year 2009 --step tile --force-citywide,1
20260826T200655Z_2013_untagged_tile,20260826T200655Z,2026-08-26,tile,,2013,v048,054505681414,false,work/20260824-sectors,NVIDIA L4,22.5,,,,42,,,2013_king_rgb.tif,10.0,edmonds_canopy_mask_2020.tif,287816390,,true,4ef24502c4ce,inferred_current,11c163d9fe30,705,3.13.15,--year 2013 --step tile --force-citywide,1
20260826T203533Z_2016_nir_m06_inference,20260826T203533Z,2026-08-26,inference,nir_m06,2016,v048,71ee38821459,true,work/20260824-sectors,NVIDIA A100-SXM4-40GB,40.0,,,,42,,,2016_snoh_1ft_rgbi.tif,30.5,edmonds_canopy_mask_2020.tif,287816390,,true,,none,11c163d9fe30,705,3.13.15,--year 2016 --step inference --infer-batch 32 --run-tag nir_m06 --force-citywide --hs-source nir --infer-aoi aoi/sectors_v1.json,1
20260826T203849Z_2018s_untagged_tile,20260826T203849Z,2026-08-26,tile,,2018s,v048,054505681414,false,work/20260824-sectors,NVIDIA L4,22.5,,,,42,,,2018_snoh_6in_rgbi.tif,15.2,edmonds_canopy_mask_2020.tif,287816390,,true,15c95ea251cf,inferred_current,11c163d9fe30,705,3.13.15,--year 2018s --step tile --force-citywide,1
20260826T203858Z_2019n_nir_m06_labels,20260826T203858Z,2026-08-26,labels,nir_m06,2019n,v048,71ee38821459,true,work/20260824-sectors,NVIDIA A100-SXM4-40GB,40.0,,,,42,,,2019_naip_60cm_rgbi.tif,60.0,edmonds_canopy_mask_2020.tif,287816390,,true,,none,11c163d9fe30,705,3.13.15,--year 2019n --step labels --infer-batch 32 --run-tag nir_m06 --force-citywide --hs-source nir --infer-aoi aoi/sectors_v1.json,1
20260826T204644Z_2021s_noise_r2_inference,20260826T204644Z,2026-08-26,inference,noise_r2,2021s,v048,054505681414,false,work/20260824-sectors,NVIDIA A100-SXM4-40GB,40.0,,,,42,,,2021_snoh_6in_rgbi.tif,15.2,edmonds_canopy_mask_2020.tif,287816390,,true,,none,11c163d9fe30,705,3.13.15,--year 2021s --step inference --infer-batch 32 --run-tag noise_r2 --force-citywide --infer-aoi aoi/sectors_v1.json,1
20260826T204754Z_2019n_nir_m06_tile,20260826T204754Z,2026-08-26,tile,nir_m06,2019n,v048,71ee38821459,true,work/20260824-sectors,NVIDIA A100-SXM4-40GB,40.0,,,,42,,,2019_naip_60cm_rgbi.tif,60.0,edmonds_canopy_mask_2020.tif,287816390,,true,,none,11c163d9fe30,705,3.13.15,--year 2019n --step tile --infer-batch 32 --run-tag nir_m06 --force-citywide --hs-source nir --infer-aoi aoi/sectors_v1.json,1
20260826T210001Z_2021s_noise_r3_labels,20260826T210001Z,2026-08-26,labels,noise_r3,2021s,v048,054505681414,false,work/20260824-sectors,NVIDIA A100-SXM4-40GB,40.0,,,,42,,,2021_snoh_6in_rgbi.tif,15.2,edmonds_canopy_mask_2020.tif,287816390,,true,,none,11c163d9fe30,705,3.13.15,--year 2021s --step labels --infer-batch 32 --run-tag noise_r3 --force-citywide --infer-aoi aoi/sectors_v1.json,1
20260826T210756Z_2021s_noise_r3_tile,20260826T210756Z,2026-08-26,tile,noise_r3,2021s,v048,054505681414,false,work/20260824-sectors,NVIDIA A100-SXM4-40GB,40.0,,,,42,,,2021_snoh_6in_rgbi.tif,15.2,edmonds_canopy_mask_2020.tif,287816390,,true,,none,11c163d9fe30,705,3.13.15,--year 2021s --step tile --infer-batch 32 --run-tag noise_r3 --force-citywide --infer-aoi aoi/sectors_v1.json,1
20260826T210957Z_2024_untagged_tile,20260826T210957Z,2026-08-26,tile,,2024,v048,054505681414,false,work/20260824-sectors,NVIDIA L4,22.5,,,,42,,,2024_coe_rgb.tif,5.0,edmonds_canopy_mask_2020.tif,287816390,,true,e7e030e7db79,inferred_current,11c163d9fe30,705,3.13.15,--year 2024 --step tile --force-citywide,1
20260826T211045Z_2019n_nir_m06_train,20260826T211045Z,2026-08-26,train,nir_m06,2019n,v048,71ee38821459,true,work/20260824-sectors,NVIDIA A100-SXM4-40GB,40.0,,,,42,,,2019_naip_60cm_rgbi.tif,60.0,edmonds_canopy_mask_2020.tif,287816390,,true,,none,11c163d9fe30,705,3.13.15,--year 2019n --step train --infer-batch 32 --run-tag nir_m06 --force-citywide --hs-source nir --infer-aoi aoi/sectors_v1.json,1
20260826T211538Z_2021s_noise_r3_train,20260826T211538Z,2026-08-26,train,noise_r3,2021s,v048,054505681414,false,work/20260824-sectors,NVIDIA A100-SXM4-40GB,40.0,,,,42,,,2021_snoh_6in_rgbi.tif,15.2,edmonds_canopy_mask_2020.tif,287816390,,true,,none,11c163d9fe30,705,3.13.15,--year 2021s --step train --infer-batch 32 --run-tag noise_r3 --force-citywide --infer-aoi aoi/sectors_v1.json,1
20260826T214846Z_2021s_noise_r3_evaluate,20260826T214846Z,2026-08-26,evaluate,noise_r3,2021s,v048,054505681414,false,work/20260824-sectors,NVIDIA A100-SXM4-40GB,40.0,,,,42,,,2021_snoh_6in_rgbi.tif,15.2,edmonds_canopy_mask_2020.tif,287816390,,true,,none,11c163d9fe30,705,3.13.15,--year 2021s --step evaluate --infer-batch 32 --run-tag noise_r3 --force-citywide --infer-aoi aoi/sectors_v1.json,1
20260826T224037Z_2021s_noise_r3_inference,20260826T224037Z,2026-08-26,inference,noise_r3,2021s,v048,054505681414,false,work/20260824-sectors,NVIDIA A100-SXM4-40GB,40.0,,,,42,,,2021_snoh_6in_rgbi.tif,15.2,edmonds_canopy_mask_2020.tif,287816390,,true,,none,11c163d9fe30,705,3.13.15,--year 2021s --step inference --infer-batch 32 --run-tag noise_r3 --force-citywide --infer-aoi aoi/sectors_v1.json,1
20260826T224849Z_2021s_noise_r4_labels,20260826T224849Z,2026-08-26,labels,noise_r4,2021s,v048,054505681414,false,work/20260824-sectors,NVIDIA A100-SXM4-40GB,40.0,,,,42,,,2021_snoh_6in_rgbi.tif,15.2,edmonds_canopy_mask_2020.tif,287816390,,true,,none,11c163d9fe30,705,3.13.15,--year 2021s --step labels --infer-batch 32 --run-tag noise_r4 --force-citywide --infer-aoi aoi/sectors_v1.json,1
20260826T225857Z_2021s_noise_r4_tile,20260826T225857Z,2026-08-26,tile,noise_r4,2021s,v048,054505681414,false,work/20260824-sectors,NVIDIA A100-SXM4-40GB,40.0,,,,42,,,2021_snoh_6in_rgbi.tif,15.2,edmonds_canopy_mask_2020.tif,287816390,,true,,none,11c163d9fe30,705,3.13.15,--year 2021s --step tile --infer-batch 32 --run-tag noise_r4 --force-citywide --infer-aoi aoi/sectors_v1.json,1
20260826T230931Z_2021s_noise_r4_train,20260826T230931Z,2026-08-26,train,noise_r4,2021s,v048,054505681414,false,work/20260824-sectors,NVIDIA A100-SXM4-40GB,40.0,,,,42,,,2021_snoh_6in_rgbi.tif,15.2,edmonds_canopy_mask_2020.tif,287816390,,true,,none,11c163d9fe30,705,3.13.15,--year 2021s --step train --infer-batch 32 --run-tag noise_r4 --force-citywide --infer-aoi aoi/sectors_v1.json,1
20260826T234340Z_2021s_noise_r4_evaluate,20260826T234340Z,2026-08-26,evaluate,noise_r4,2021s,v048,054505681414,false,work/20260824-sectors,NVIDIA A100-SXM4-40GB,40.0,,,,42,,,2021_snoh_6in_rgbi.tif,15.2,edmonds_canopy_mask_2020.tif,287816390,,true,,none,11c163d9fe30,705,3.13.15,--year 2021s --step evaluate --infer-batch 32 --run-tag noise_r4 --force-citywide --infer-aoi aoi/sectors_v1.json,1
20260827T001300Z_2019n_nir_m06_inference,20260827T001300Z,2026-08-27,inference,nir_m06,2019n,v048,71ee38821459,true,work/20260824-sectors,NVIDIA A100-SXM4-40GB,40.0,,,,42,,,2019_naip_60cm_rgbi.tif,60.0,edmonds_canopy_mask_2020.tif,287816390,,true,,none,11c163d9fe30,705,3.13.15,--year 2019n --step inference --infer-batch 32 --run-tag nir_m06 --force-citywide --hs-source nir --infer-aoi aoi/sectors_v1.json,1
20260827T002357Z_2000_fullext_sectors_v1_labels,20260827T002357Z,2026-08-27,labels,fullext_sectors_v1,2000,v048,4986eb765886,false,work/20260824-sectors,NVIDIA A100-SXM4-40GB,40.0,,,,42,,,2000_king_rgb.tif,40.1,edmonds_canopy_mask_2020.tif,287816390,,true,,none,11c163d9fe30,705,3.13.15,--year 2000 --step labels --infer-batch 32 --run-tag fullext_sectors_v1 --force-citywide --infer-aoi aoi/sectors_v1.json,1
20260827T003450Z_2000_fullext_sectors_v1_tile,20260827T003450Z,2026-08-27,tile,fullext_sectors_v1,2000,v048,4986eb765886,false,work/20260824-sectors,NVIDIA A100-SXM4-40GB,40.0,,,,42,,,2000_king_rgb.tif,40.1,edmonds_canopy_mask_2020.tif,287816390,,true,,none,11c163d9fe30,705,3.13.15,--year 2000 --step tile --infer-batch 32 --run-tag fullext_sectors_v1 --force-citywide --infer-aoi aoi/sectors_v1.json,1
20260827T003847Z_2021s_noise_r4_inference,20260827T003847Z,2026-08-27,inference,noise_r4,2021s,v048,054505681414,false,work/20260824-sectors,NVIDIA A100-SXM4-40GB,40.0,,,,42,,,2021_snoh_6in_rgbi.tif,15.2,edmonds_canopy_mask_2020.tif,287816390,,true,,none,11c163d9fe30,705,3.13.15,--year 2021s --step inference --infer-batch 32 --run-tag noise_r4 --force-citywide --infer-aoi aoi/sectors_v1.json,1
20260827T004634Z_2000_fullext_sectors_v1_train,20260827T004634Z,2026-08-27,train,fullext_sectors_v1,2000,v048,4986eb765886,false,work/20260824-sectors,NVIDIA A100-SXM4-40GB,40.0,,,,42,,,2000_king_rgb.tif,40.1,edmonds_canopy_mask_2020.tif,287816390,,true,,none,11c163d9fe30,705,3.13.15,--year 2000 --step train --infer-batch 32 --run-tag fullext_sectors_v1 --force-citywide --infer-aoi aoi/sectors_v1.json,1
20260827T005001Z_2021s_noise_r5_labels,20260827T005001Z,2026-08-27,labels,noise_r5,2021s,v048,054505681414,false,work/20260824-sectors,NVIDIA A100-SXM4-40GB,40.0,,,,42,,,2021_snoh_6in_rgbi.tif,15.2,edmonds_canopy_mask_2020.tif,287816390,,true,,none,11c163d9fe30,705,3.13.15,--year 2021s --step labels --infer-batch 32 --run-tag noise_r5 --force-citywide --infer-aoi aoi/sectors_v1.json,1
20260827T010148Z_2021s_noise_r5_tile,20260827T010148Z,2026-08-27,tile,noise_r5,2021s,v048,054505681414,false,work/20260824-sectors,NVIDIA A100-SXM4-40GB,40.0,,,,42,,,2021_snoh_6in_rgbi.tif,15.2,edmonds_canopy_mask_2020.tif,287816390,,true,,none,11c163d9fe30,705,3.13.15,--year 2021s --step tile --infer-batch 32 --run-tag noise_r5 --force-citywide --infer-aoi aoi/sectors_v1.json,1
20260827T011048Z_2021s_noise_r5_train,20260827T011048Z,2026-08-27,train,noise_r5,2021s,v048,054505681414,false,work/20260824-sectors,NVIDIA A100-SXM4-40GB,40.0,,,,42,,,2021_snoh_6in_rgbi.tif,15.2,edmonds_canopy_mask_2020.tif,287816390,,true,,none,11c163d9fe30,705,3.13.15,--year 2021s --step train --infer-batch 32 --run-tag noise_r5 --force-citywide --infer-aoi aoi/sectors_v1.json,1
20260827T014454Z_2021s_noise_r5_evaluate,20260827T014454Z,2026-08-27,evaluate,noise_r5,2021s,v048,054505681414,false,work/20260824-sectors,NVIDIA A100-SXM4-40GB,40.0,,,,42,,,2021_snoh_6in_rgbi.tif,15.2,edmonds_canopy_mask_2020.tif,287816390,,true,,none,11c163d9fe30,705,3.13.15,--year 2021s --step evaluate --infer-batch 32 --run-tag noise_r5 --force-citywide --infer-aoi aoi/sectors_v1.json,1
20260827T022746Z_2021s_noise_r5_inference,20260827T022746Z,2026-08-27,inference,noise_r5,2021s,v048,054505681414,false,work/20260824-sectors,NVIDIA A100-SXM4-40GB,40.0,,,,42,,,2021_snoh_6in_rgbi.tif,15.2,edmonds_canopy_mask_2020.tif,287816390,,true,,none,11c163d9fe30,705,3.13.15,--year 2021s --step inference --infer-batch 32 --run-tag noise_r5 --force-citywide --infer-aoi aoi/sectors_v1.json,1
20260827T031840Z_2007_fullext_sectors_v1_labels,20260827T031840Z,2026-08-27,labels,fullext_sectors_v1,2007,v048,4986eb765886,false,work/20260824-sectors,NVIDIA A100-SXM4-40GB,40.0,,,,42,,,2007_king_rgb.tif,20.1,edmonds_canopy_mask_2020.tif,287816390,,true,,none,11c163d9fe30,705,3.13.15,--year 2007 --step labels --infer-batch 32 --run-tag fullext_sectors_v1 --force-citywide --infer-aoi aoi/sectors_v1.json,1
20260827T032600Z_2007_fullext_sectors_v1_tile,20260827T032600Z,2026-08-27,tile,fullext_sectors_v1,2007,v048,4986eb765886,false,work/20260824-sectors,NVIDIA A100-SXM4-40GB,40.0,,,,42,,,2007_king_rgb.tif,20.1,edmonds_canopy_mask_2020.tif,287816390,,true,,none,11c163d9fe30,705,3.13.15,--year 2007 --step tile --infer-batch 32 --run-tag fullext_sectors_v1 --force-citywide --infer-aoi aoi/sectors_v1.json,1
20260827T033439Z_2007_fullext_sectors_v1_train,20260827T033439Z,2026-08-27,train,fullext_sectors_v1,2007,v048,4986eb765886,false,work/20260824-sectors,NVIDIA A100-SXM4-40GB,40.0,,,,42,,,2007_king_rgb.tif,20.1,edmonds_canopy_mask_2020.tif,287816390,,true,,none,11c163d9fe30,705,3.13.15,--year 2007 --step train --infer-batch 32 --run-tag fullext_sectors_v1 --force-citywide --infer-aoi aoi/sectors_v1.json,1
20260827T041458Z_2013_fullext_sectors_v1_labels,20260827T041458Z,2026-08-27,labels,fullext_sectors_v1,2013,v048,4986eb765886,false,work/20260824-sectors,NVIDIA A100-SXM4-40GB,40.0,,,,42,,,2013_king_rgb.tif,10.0,edmonds_canopy_mask_2020.tif,287816390,,true,,none,f24c3f7c7a69,704,3.13.15,--year 2013 --step labels --infer-batch 32 --run-tag fullext_sectors_v1 --force-citywide --infer-aoi aoi/sectors_v1.json,1
20260827T042558Z_2013_fullext_sectors_v1_tile,20260827T042558Z,2026-08-27,tile,fullext_sectors_v1,2013,v048,4986eb765886,false,work/20260824-sectors,NVIDIA A100-SXM4-40GB,40.0,,,,42,,,2013_king_rgb.tif,10.0,edmonds_canopy_mask_2020.tif,287816390,,true,,none,f24c3f7c7a69,704,3.13.15,--year 2013 --step tile --infer-batch 32 --run-tag fullext_sectors_v1 --force-citywide --infer-aoi aoi/sectors_v1.json,1
20260827T043645Z_2013_fullext_sectors_v1_train,20260827T043645Z,2026-08-27,train,fullext_sectors_v1,2013,v048,4986eb765886,false,work/20260824-sectors,NVIDIA A100-SXM4-40GB,40.0,,,,42,,,2013_king_rgb.tif,10.0,edmonds_canopy_mask_2020.tif,287816390,,true,,none,f24c3f7c7a69,704,3.13.15,--year 2013 --step train --infer-batch 32 --run-tag fullext_sectors_v1 --force-citywide --infer-aoi aoi/sectors_v1.json,1
20260827T050341Z_2013_fullext_sectors_v1_inference,20260827T050341Z,2026-08-27,inference,fullext_sectors_v1,2013,v048,4986eb765886,false,work/20260824-sectors,NVIDIA A100-SXM4-40GB,40.0,,,,42,,,2013_king_rgb.tif,10.0,edmonds_canopy_mask_2020.tif,287816390,,true,,none,11c163d9fe30,705,3.13.15,--year 2013 --step inference --infer-batch 32 --run-tag fullext_sectors_v1 --force-citywide --infer-aoi aoi/sectors_v1.json,1
20260827T051701Z_2018s_fullext_sectors_v1_labels,20260827T051701Z,2026-08-27,labels,fullext_sectors_v1,2018s,v048,4986eb765886,false,work/20260824-sectors,NVIDIA A100-SXM4-40GB,40.0,,,,42,,,2018_snoh_6in_rgbi.tif,15.2,edmonds_canopy_mask_2020.tif,287816390,,true,,none,11c163d9fe30,705,3.13.15,--year 2018s --step labels --infer-batch 32 --run-tag fullext_sectors_v1 --force-citywide --infer-aoi aoi/sectors_v1.json,1
20260827T052357Z_2018s_fullext_sectors_v1_tile,20260827T052357Z,2026-08-27,tile,fullext_sectors_v1,2018s,v048,4986eb765886,false,work/20260824-sectors,NVIDIA A100-SXM4-40GB,40.0,,,,42,,,2018_snoh_6in_rgbi.tif,15.2,edmonds_canopy_mask_2020.tif,287816390,,true,,none,11c163d9fe30,705,3.13.15,--year 2018s --step tile --infer-batch 32 --run-tag fullext_sectors_v1 --force-citywide --infer-aoi aoi/sectors_v1.json,1
20260827T053157Z_2018s_fullext_sectors_v1_train,20260827T053157Z,2026-08-27,train,fullext_sectors_v1,2018s,v048,4986eb765886,false,work/20260824-sectors,NVIDIA A100-SXM4-40GB,40.0,,,,42,,,2018_snoh_6in_rgbi.tif,15.2,edmonds_canopy_mask_2020.tif,287816390,,true,,none,11c163d9fe30,705,3.13.15,--year 2018s --step train --infer-batch 32 --run-tag fullext_sectors_v1 --force-citywide --infer-aoi aoi/sectors_v1.json,1
20260827T054007Z_2007_fullext_sectors_v1_train,20260827T054007Z,2026-08-27,train,fullext_sectors_v1,2007,v048,4986eb765886,false,work/20260824-sectors,NVIDIA A100-SXM4-40GB,40.0,,,,42,,,2007_king_rgb.tif,20.1,edmonds_canopy_mask_2020.tif,287816390,,true,,none,f24c3f7c7a69,704,3.13.15,--year 2007 --step train --infer-batch 32 --run-tag fullext_sectors_v1 --force-citywide --infer-aoi aoi/sectors_v1.json,1
20260827T060146Z_2018s_fullext_sectors_v1_inference,20260827T060146Z,2026-08-27,inference,fullext_sectors_v1,2018s,v048,4986eb765886,false,work/20260824-sectors,NVIDIA A100-SXM4-40GB,40.0,,,,42,,,2018_snoh_6in_rgbi.tif,15.2,edmonds_canopy_mask_2020.tif,287816390,,true,,none,11c163d9fe30,705,3.13.15,--year 2018s --step inference --infer-batch 32 --run-tag fullext_sectors_v1 --force-citywide --infer-aoi aoi/sectors_v1.json,1
20260827T060345Z_2007_fullext_sectors_v1_inference,20260827T060345Z,2026-08-27,inference,fullext_sectors_v1,2007,v048,4986eb765886,false,work/20260824-sectors,NVIDIA A100-SXM4-40GB,40.0,,,,42,,,2007_king_rgb.tif,20.1,edmonds_canopy_mask_2020.tif,287816390,,true,,none,11c163d9fe30,705,3.13.15,--year 2007 --step inference --infer-batch 32 --run-tag fullext_sectors_v1 --force-citywide --infer-aoi aoi/sectors_v1.json,1
20260827T060936Z_2009_fullext_sectors_v1_labels,20260827T060936Z,2026-08-27,labels,fullext_sectors_v1,2009,v048,4986eb765886,false,work/20260824-sectors,NVIDIA A100-SXM4-40GB,40.0,,,,42,,,2009_king_rgb.tif,20.1,edmonds_canopy_mask_2020.tif,287816390,,true,,none,11c163d9fe30,705,3.13.15,--year 2009 --step labels --infer-batch 32 --run-tag fullext_sectors_v1 --force-citywide --infer-aoi aoi/sectors_v1.json,1
20260827T061439Z_2024_fullext_sectors_v1_labels,20260827T061439Z,2026-08-27,labels,fullext_sectors_v1,2024,v048,4986eb765886,false,work/20260824-sectors,NVIDIA A100-SXM4-40GB,40.0,,,,42,,,2024_coe_rgb.tif,5.0,edmonds_canopy_mask_2020.tif,287816390,,true,,none,11c163d9fe30,705,3.13.15,--year 2024 --step labels --infer-batch 32 --run-tag fullext_sectors_v1 --force-citywide --infer-aoi aoi/sectors_v1.json,1
20260827T061455Z_2009_fullext_sectors_v1_tile,20260827T061455Z,2026-08-27,tile,fullext_sectors_v1,2009,v048,4986eb765886,false,work/20260824-sectors,NVIDIA A100-SXM4-40GB,40.0,,,,42,,,2009_king_rgb.tif,20.1,edmonds_canopy_mask_2020.tif,287816390,,true,,none,11c163d9fe30,705,3.13.15,--year 2009 --step tile --infer-batch 32 --run-tag fullext_sectors_v1 --force-citywide --infer-aoi aoi/sectors_v1.json,1
20260827T062046Z_2009_fullext_sectors_v1_train,20260827T062046Z,2026-08-27,train,fullext_sectors_v1,2009,v048,4986eb765886,false,work/20260824-sectors,NVIDIA A100-SXM4-40GB,40.0,,,,42,,,2009_king_rgb.tif,20.1,edmonds_canopy_mask_2020.tif,287816390,,true,,none,11c163d9fe30,705,3.13.15,--year 2009 --step train --infer-batch 32 --run-tag fullext_sectors_v1 --force-citywide --infer-aoi aoi/sectors_v1.json,1
20260827T062150Z_2024_fullext_sectors_v1_tile,20260827T062150Z,2026-08-27,tile,fullext_sectors_v1,2024,v048,4986eb765886,false,work/20260824-sectors,NVIDIA A100-SXM4-40GB,40.0,,,,42,,,2024_coe_rgb.tif,5.0,edmonds_canopy_mask_2020.tif,287816390,,true,,none,11c163d9fe30,705,3.13.15,--year 2024 --step tile --infer-batch 32 --run-tag fullext_sectors_v1 --force-citywide --infer-aoi aoi/sectors_v1.json,1
20260827T063054Z_2024_fullext_sectors_v1_train,20260827T063054Z,2026-08-27,train,fullext_sectors_v1,2024,v048,4986eb765886,false,work/20260824-sectors,NVIDIA A100-SXM4-40GB,40.0,,,,42,,,2024_coe_rgb.tif,5.0,edmonds_canopy_mask_2020.tif,287816390,,true,,none,11c163d9fe30,705,3.13.15,--year 2024 --step train --infer-batch 32 --run-tag fullext_sectors_v1 --force-citywide --infer-aoi aoi/sectors_v1.json,0
20260827T064808Z_2009_fullext_sectors_v1_inference,20260827T064808Z,2026-08-27,inference,fullext_sectors_v1,2009,v048,4986eb765886,false,work/20260824-sectors,NVIDIA A100-SXM4-40GB,40.0,,,,42,,,2009_king_rgb.tif,20.1,edmonds_canopy_mask_2020.tif,287816390,,true,,none,11c163d9fe30,705,3.13.15,--year 2009 --step inference --infer-batch 32 --run-tag fullext_sectors_v1 --force-citywide --infer-aoi aoi/sectors_v1.json,1
20260827T095102Z_2024_fullext_sectors_v1_train,20260827T095102Z,2026-08-27,train,fullext_sectors_v1,2024,v048,b44a6a84b9f5,false,work/20260824-sectors,NVIDIA A100-SXM4-40GB,40.0,,,,42,,,2024_coe_rgb.tif,5.0,edmonds_canopy_mask_2020.tif,287816390,,true,,none,f24c3f7c7a69,704,3.13.15,--year 2024 --step train --infer-batch 32 --run-tag fullext_sectors_v1 --force-citywide --infer-aoi aoi/sectors_v1.json,1
20260827T160301Z_2024_fullext_sectors_v1_train,20260827T160301Z,2026-08-27,train,fullext_sectors_v1,2024,v048,20d8f9c4b705,false,work/20260824-sectors,NVIDIA A100-SXM4-40GB,40.0,,,,42,,,2024_coe_rgb.tif,5.0,edmonds_canopy_mask_2020.tif,287816390,,true,,none,f24c3f7c7a69,704,3.13.15,--year 2024 --step train --infer-batch 32 --run-tag fullext_sectors_v1 --force-citywide --infer-aoi aoi/sectors_v1.json,1
20260827T163755Z_2024_fullext_sectors_v1_inference,20260827T163755Z,2026-08-27,inference,fullext_sectors_v1,2024,v048,20d8f9c4b705,false,work/20260824-sectors,NVIDIA A100-SXM4-40GB,40.0,,,,42,,,2024_coe_rgb.tif,5.0,edmonds_canopy_mask_2020.tif,287816390,,true,,none,11c163d9fe30,705,3.13.15,--year 2024 --step inference --infer-batch 32 --run-tag fullext_sectors_v1 --force-citywide --infer-aoi aoi/sectors_v1.json,1
20260827T212408Z_2009_groves_nolidar_labels,20260827T212408Z,2026-08-27,labels,groves_nolidar,2009,v048,5db18ea87a1a,false,work/20260824-sectors,NVIDIA A100-SXM4-40GB,40.0,,,,42,,,2009_king_rgb.tif,20.1,edmonds_canopy_mask_2020.tif,287816390,add_groves_noLidarNW_2009.tif,true,,none,23f2a279aeb8,704,3.13.15,--year 2009 --step labels --infer-batch 32 --run-tag groves_nolidar --force-citywide --infer-aoi aoi/sectors_v1.json --add-canopy-mask /content/drive/MyDrive/treedata/phase4/labels_corrected/add_groves_noLidarNW_2009.tif,1
20260827T212506Z_2009_groves_lidar_labels,20260827T212506Z,2026-08-27,labels,groves_lidar,2009,v048,5db18ea87a1a,false,work/20260824-sectors,NVIDIA A100-SXM4-40GB,40.0,,,,42,,,2009_king_rgb.tif,20.1,edmonds_canopy_mask_2020.tif,287816390,add_groves_lidarNW_2009.tif,true,,none,23f2a279aeb8,704,3.13.15,--year 2009 --step labels --infer-batch 32 --run-tag groves_lidar --force-citywide --infer-aoi aoi/sectors_v1.json --add-canopy-mask /content/drive/MyDrive/treedata/phase4/labels_corrected/add_groves_lidarNW_2009.tif,1
20260827T212851Z_2009_groves_nolidar_tile,20260827T212851Z,2026-08-27,tile,groves_nolidar,2009,v048,5db18ea87a1a,false,work/20260824-sectors,NVIDIA A100-SXM4-40GB,40.0,,,,42,,,2009_king_rgb.tif,20.1,edmonds_canopy_mask_2020.tif,287816390,add_groves_noLidarNW_2009.tif,true,,none,23f2a279aeb8,704,3.13.15,--year 2009 --step tile --infer-batch 32 --run-tag groves_nolidar --force-citywide --infer-aoi aoi/sectors_v1.json --add-canopy-mask /content/drive/MyDrive/treedata/phase4/labels_corrected/add_groves_noLidarNW_2009.tif,1
20260827T213656Z_2009_groves_lidar_tile,20260827T213656Z,2026-08-27,tile,groves_lidar,2009,v048,5db18ea87a1a,false,work/20260824-sectors,NVIDIA A100-SXM4-40GB,40.0,,,,42,,,2009_king_rgb.tif,20.1,edmonds_canopy_mask_2020.tif,287816390,add_groves_lidarNW_2009.tif,true,,none,23f2a279aeb8,704,3.13.15,--year 2009 --step tile --infer-batch 32 --run-tag groves_lidar --force-citywide --infer-aoi aoi/sectors_v1.json --add-canopy-mask /content/drive/MyDrive/treedata/phase4/labels_corrected/add_groves_lidarNW_2009.tif,1
20260827T215454Z_2009_groves_nolidar_train,20260827T215454Z,2026-08-27,train,groves_nolidar,2009,v048,5db18ea87a1a,false,work/20260824-sectors,NVIDIA A100-SXM4-40GB,40.0,,,,42,,,2009_king_rgb.tif,20.1,edmonds_canopy_mask_2020.tif,287816390,add_groves_noLidarNW_2009.tif,true,,none,23f2a279aeb8,704,3.13.15,--year 2009 --step train --infer-batch 32 --run-tag groves_nolidar --force-citywide --infer-aoi aoi/sectors_v1.json --add-canopy-mask /content/drive/MyDrive/treedata/phase4/labels_corrected/add_groves_noLidarNW_2009.tif,1
20260827T220531Z_2009_groves_lidar_train,20260827T220531Z,2026-08-27,train,groves_lidar,2009,v048,5db18ea87a1a,false,work/20260824-sectors,NVIDIA A100-SXM4-40GB,40.0,,,,42,,,2009_king_rgb.tif,20.1,edmonds_canopy_mask_2020.tif,287816390,add_groves_lidarNW_2009.tif,true,,none,23f2a279aeb8,704,3.13.15,--year 2009 --step train --infer-batch 32 --run-tag groves_lidar --force-citywide --infer-aoi aoi/sectors_v1.json --add-canopy-mask /content/drive/MyDrive/treedata/phase4/labels_corrected/add_groves_lidarNW_2009.tif,1
20260827T231058Z_2009_groves_nolidar_train,20260827T231058Z,2026-08-27,train,groves_nolidar,2009,v048,368bfff37101,false,work/20260824-sectors,NVIDIA A100-SXM4-40GB,40.0,,,,42,,,2009_king_rgb.tif,20.1,edmonds_canopy_mask_2020.tif,287816390,add_groves_noLidarNW_2009.tif,true,,none,23f2a279aeb8,704,3.13.15,--year 2009 --step train --infer-batch 32 --run-tag groves_nolidar --force-citywide --infer-aoi aoi/sectors_v1.json --add-canopy-mask /content/drive/MyDrive/treedata/phase4/labels_corrected/add_groves_noLidarNW_2009.tif,1
20260827T231141Z_2009_groves_lidar_train,20260827T231141Z,2026-08-27,train,groves_lidar,2009,v048,368bfff37101,false,work/20260824-sectors,NVIDIA A100-SXM4-40GB,40.0,,,,42,,,2009_king_rgb.tif,20.1,edmonds_canopy_mask_2020.tif,287816390,add_groves_lidarNW_2009.tif,true,,none,23f2a279aeb8,704,3.13.15,--year 2009 --step train --infer-batch 32 --run-tag groves_lidar --force-citywide --infer-aoi aoi/sectors_v1.json --add-canopy-mask /content/drive/MyDrive/treedata/phase4/labels_corrected/add_groves_lidarNW_2009.tif,1
20260828T003342Z_2009_groves_nolidar_inference,20260828T003342Z,2026-08-28,inference,groves_nolidar,2009,v048,368bfff37101,false,work/20260824-sectors,NVIDIA A100-SXM4-40GB,40.0,,,,42,,,2009_king_rgb.tif,20.1,edmonds_canopy_mask_2020.tif,287816390,add_groves_noLidarNW_2009.tif,true,,none,750a2da13fd5,705,3.13.15,--year 2009 --step inference --infer-batch 32 --run-tag groves_nolidar --force-citywide --infer-aoi aoi/sectors_v1.json --add-canopy-mask /content/drive/MyDrive/treedata/phase4/labels_corrected/add_groves_noLidarNW_2009.tif,1
20260828T015058Z_2009_hybrid_v1_labels,20260828T015058Z,2026-08-28,labels,hybrid_v1,2009,v048,a9eee0f4fce1,false,work/20260824-sectors,NVIDIA A100-SXM4-40GB,40.0,,,,42,,,2009_king_rgb.tif,20.1,edmonds_canopy_mask_2020.tif,287816390,add_hybrid_lidar_2009.tif,true,,none,23f2a279aeb8,704,3.13.15,--year 2009 --step labels --infer-batch 32 --run-tag hybrid_v1 --force-citywide --infer-aoi aoi/sectors_v1.json --add-canopy-mask /content/drive/MyDrive/treedata/phase4/labels_corrected/add_hybrid_lidar_2009.tif,1
20260828T015641Z_2009_hybrid_v1_tile,20260828T015641Z,2026-08-28,tile,hybrid_v1,2009,v048,a9eee0f4fce1,false,work/20260824-sectors,NVIDIA A100-SXM4-40GB,40.0,,,,42,,,2009_king_rgb.tif,20.1,edmonds_canopy_mask_2020.tif,287816390,add_hybrid_lidar_2009.tif,true,,none,23f2a279aeb8,704,3.13.15,--year 2009 --step tile --infer-batch 32 --run-tag hybrid_v1 --force-citywide --infer-aoi aoi/sectors_v1.json --add-canopy-mask /content/drive/MyDrive/treedata/phase4/labels_corrected/add_hybrid_lidar_2009.tif,1
20260828T021501Z_2009_hybrid_v1_train,20260828T021501Z,2026-08-28,train,hybrid_v1,2009,v048,a9eee0f4fce1,false,work/20260824-sectors,NVIDIA A100-SXM4-40GB,40.0,,,,42,,,2009_king_rgb.tif,20.1,edmonds_canopy_mask_2020.tif,287816390,add_hybrid_lidar_2009.tif,true,,none,23f2a279aeb8,704,3.13.15,--year 2009 --step train --infer-batch 32 --run-tag hybrid_v1 --force-citywide --infer-aoi aoi/sectors_v1.json --add-canopy-mask /content/drive/MyDrive/treedata/phase4/labels_corrected/add_hybrid_lidar_2009.tif,1
20260828T033743Z_2009_hybrid_v1_inference,20260828T033743Z,2026-08-28,inference,hybrid_v1,2009,v048,a9eee0f4fce1,false,work/20260824-sectors,NVIDIA A100-SXM4-40GB,40.0,,,,42,,,2009_king_rgb.tif,20.1,edmonds_canopy_mask_2020.tif,287816390,add_hybrid_lidar_2009.tif,true,,none,750a2da13fd5,705,3.13.15,--year 2009 --step inference --infer-batch 32 --run-tag hybrid_v1 --force-citywide --infer-aoi aoi/sectors_v1.json --add-canopy-mask /content/drive/MyDrive/treedata/phase4/labels_corrected/add_hybrid_lidar_2009.tif,1
20260828T150158Z_2009_rgb3_nodeb_labels,20260828T150158Z,2026-08-28,labels,rgb3_nodeb,2009,v048,a9bc443b0a59,false,work/20260824-sectors,NVIDIA A100-SXM4-40GB,40.0,,,,42,,,2009_king_rgb.tif,20.1,edmonds_canopy_mask_2020.tif,287816390,,true,85f6eea8791e,inferred_current,23f2a279aeb8,704,3.13.15,--year 2009 --step labels --infer-batch 32 --run-tag rgb3_nodeb --force-citywide --no-hillshade --infer-aoi aoi/sectors_v1.json,1
20260828T150856Z_2009_rgb3_nodeb_tile,20260828T150856Z,2026-08-28,tile,rgb3_nodeb,2009,v048,a9bc443b0a59,false,work/20260824-sectors,NVIDIA A100-SXM4-40GB,40.0,,,,42,,,2009_king_rgb.tif,20.1,edmonds_canopy_mask_2020.tif,287816390,,true,85f6eea8791e,inferred_current,23f2a279aeb8,704,3.13.15,--year 2009 --step tile --infer-batch 32 --run-tag rgb3_nodeb --force-citywide --no-hillshade --infer-aoi aoi/sectors_v1.json,1
20260828T153544Z_2009_rgb3_nodeb_train,20260828T153544Z,2026-08-28,train,rgb3_nodeb,2009,v048,a9bc443b0a59,false,work/20260824-sectors,NVIDIA A100-SXM4-40GB,40.0,,,,42,,,2009_king_rgb.tif,20.1,edmonds_canopy_mask_2020.tif,287816390,,true,85f6eea8791e,inferred_current,23f2a279aeb8,704,3.13.15,--year 2009 --step train --infer-batch 32 --run-tag rgb3_nodeb --force-citywide --no-hillshade --infer-aoi aoi/sectors_v1.json,1
20260828T172049Z_2009_rgb3_nodeb_inference,20260828T172049Z,2026-08-28,inference,rgb3_nodeb,2009,v048,a9bc443b0a59,false,work/20260824-sectors,NVIDIA A100-SXM4-40GB,40.0,,,,42,,,2009_king_rgb.tif,20.1,edmonds_canopy_mask_2020.tif,287816390,,true,85f6eea8791e,inferred_current,750a2da13fd5,705,3.13.15,--year 2009 --step inference --infer-batch 32 --run-tag rgb3_nodeb --force-citywide --no-hillshade --infer-aoi aoi/sectors_v1.json,1
20260829T011000Z_2009_corrupt10_labels,20260829T011000Z,2026-08-29,labels,corrupt10,2009,v048,7c7ea90bf604,false,work/20260824-sectors,NVIDIA A100-SXM4-40GB,40.0,,,,42,,,2009_king_rgb.tif,20.1,edmonds_canopy_mask_2020.tif,287816390,add_corrupt10_2009.tif,true,2d58bab8c2b9,inferred_current,23f2a279aeb8,704,3.13.15,--year 2009 --step labels --infer-batch 32 --run-tag corrupt10 --force-citywide --infer-aoi aoi/sectors_v1.json --add-canopy-mask /content/drive/MyDrive/treedata/phase4/labels_corrected/add_corrupt10_2009.tif,1
20260829T011242Z_2009_corrupt25_labels,20260829T011242Z,2026-08-29,labels,corrupt25,2009,v048,7c7ea90bf604,false,work/20260824-sectors,NVIDIA A100-SXM4-40GB,40.0,,,,42,,,2009_king_rgb.tif,20.1,edmonds_canopy_mask_2020.tif,287816390,add_corrupt25_2009.tif,true,d4f5a5d332a3,inferred_current,23f2a279aeb8,704,3.13.15,--year 2009 --step labels --infer-batch 32 --run-tag corrupt25 --force-citywide --infer-aoi aoi/sectors_v1.json --add-canopy-mask /content/drive/MyDrive/treedata/phase4/labels_corrected/add_corrupt25_2009.tif,1
20260829T011859Z_2009_corrupt25_tile,20260829T011859Z,2026-08-29,tile,corrupt25,2009,v048,7c7ea90bf604,false,work/20260824-sectors,NVIDIA A100-SXM4-40GB,40.0,,,,42,,,2009_king_rgb.tif,20.1,edmonds_canopy_mask_2020.tif,287816390,add_corrupt25_2009.tif,true,d4f5a5d332a3,inferred_current,23f2a279aeb8,704,3.13.15,--year 2009 --step tile --infer-batch 32 --run-tag corrupt25 --force-citywide --infer-aoi aoi/sectors_v1.json --add-canopy-mask /content/drive/MyDrive/treedata/phase4/labels_corrected/add_corrupt25_2009.tif,1
20260829T012053Z_2009_corrupt10_tile,20260829T012053Z,2026-08-29,tile,corrupt10,2009,v048,7c7ea90bf604,false,work/20260824-sectors,NVIDIA A100-SXM4-40GB,40.0,,,,42,,,2009_king_rgb.tif,20.1,edmonds_canopy_mask_2020.tif,287816390,add_corrupt10_2009.tif,true,2d58bab8c2b9,inferred_current,23f2a279aeb8,704,3.13.15,--year 2009 --step tile --infer-batch 32 --run-tag corrupt10 --force-citywide --infer-aoi aoi/sectors_v1.json --add-canopy-mask /content/drive/MyDrive/treedata/phase4/labels_corrected/add_corrupt10_2009.tif,1
20260829T014953Z_2009_corrupt10_train,20260829T014953Z,2026-08-29,train,corrupt10,2009,v048,7c7ea90bf604,false,work/20260824-sectors,NVIDIA A100-SXM4-40GB,40.0,,,,42,,,2009_king_rgb.tif,20.1,edmonds_canopy_mask_2020.tif,287816390,add_corrupt10_2009.tif,true,2d58bab8c2b9,inferred_current,23f2a279aeb8,704,3.13.15,--year 2009 --step train --infer-batch 32 --run-tag corrupt10 --force-citywide --infer-aoi aoi/sectors_v1.json --add-canopy-mask /content/drive/MyDrive/treedata/phase4/labels_corrected/add_corrupt10_2009.tif,1
20260829T015236Z_2009_corrupt25_train,20260829T015236Z,2026-08-29,train,corrupt25,2009,v048,7c7ea90bf604,false,work/20260824-sectors,NVIDIA A100-SXM4-40GB,40.0,,,,42,,,2009_king_rgb.tif,20.1,edmonds_canopy_mask_2020.tif,287816390,add_corrupt25_2009.tif,true,d4f5a5d332a3,inferred_current,23f2a279aeb8,704,3.13.15,--year 2009 --step train --infer-batch 32 --run-tag corrupt25 --force-citywide --infer-aoi aoi/sectors_v1.json --add-canopy-mask /content/drive/MyDrive/treedata/phase4/labels_corrected/add_corrupt25_2009.tif,1
20260829T025908Z_2009_corrupt10_inference,20260829T025908Z,2026-08-29,inference,corrupt10,2009,v048,7c7ea90bf604,false,work/20260824-sectors,NVIDIA A100-SXM4-40GB,40.0,,,,42,,,2009_king_rgb.tif,20.1,edmonds_canopy_mask_2020.tif,287816390,add_corrupt10_2009.tif,true,2d58bab8c2b9,inferred_current,750a2da13fd5,705,3.13.15,--year 2009 --step inference --infer-batch 32 --run-tag corrupt10 --force-citywide --infer-aoi aoi/sectors_v1.json --add-canopy-mask /content/drive/MyDrive/treedata/phase4/labels_corrected/add_corrupt10_2009.tif,1
20260829T032401Z_2009_corrupt50_labels,20260829T032401Z,2026-08-29,labels,corrupt50,2009,v048,9dda4a4ba1e9,false,work/20260824-sectors,NVIDIA A100-SXM4-40GB,40.0,,,,42,,,2009_king_rgb.tif,20.1,edmonds_canopy_mask_2020.tif,287816390,add_corrupt50_2009.tif,true,76022404b198,inferred_current,23f2a279aeb8,704,3.13.15,--year 2009 --step labels --infer-batch 32 --run-tag corrupt50 --force-citywide --infer-aoi aoi/sectors_v1.json --add-canopy-mask /content/drive/MyDrive/treedata/phase4/labels_corrected/add_corrupt50_2009.tif,1
20260829T033055Z_2009_corrupt50_tile,20260829T033055Z,2026-08-29,tile,corrupt50,2009,v048,9dda4a4ba1e9,false,work/20260824-sectors,NVIDIA A100-SXM4-40GB,40.0,,,,42,,,2009_king_rgb.tif,20.1,edmonds_canopy_mask_2020.tif,287816390,add_corrupt50_2009.tif,true,76022404b198,inferred_current,23f2a279aeb8,704,3.13.15,--year 2009 --step tile --infer-batch 32 --run-tag corrupt50 --force-citywide --infer-aoi aoi/sectors_v1.json --add-canopy-mask /content/drive/MyDrive/treedata/phase4/labels_corrected/add_corrupt50_2009.tif,1
20260829T035832Z_2009_corrupt50_train,20260829T035832Z,2026-08-29,train,corrupt50,2009,v048,9dda4a4ba1e9,false,work/20260824-sectors,NVIDIA A100-SXM4-40GB,40.0,,,,42,,,2009_king_rgb.tif,20.1,edmonds_canopy_mask_2020.tif,287816390,add_corrupt50_2009.tif,true,76022404b198,inferred_current,23f2a279aeb8,704,3.13.15,--year 2009 --step train --infer-batch 32 --run-tag corrupt50 --force-citywide --infer-aoi aoi/sectors_v1.json --add-canopy-mask /content/drive/MyDrive/treedata/phase4/labels_corrected/add_corrupt50_2009.tif,1
20260829T040802Z_2009_nodec_v1_labels,20260829T040802Z,2026-08-29,labels,nodec_v1,2009,v048,9dda4a4ba1e9,false,work/20260824-sectors,NVIDIA A100-SXM4-40GB,40.0,,,,42,,,2009_king_rgb.tif,20.1,edmonds_canopy_mask_2020.tif,287816390,add_nodec_2009.tif,true,4d5489e1767a,inferred_current,23f2a279aeb8,704,3.13.15,--year 2009 --step labels --infer-batch 32 --run-tag nodec_v1 --force-citywide --no-hillshade --infer-aoi aoi/sectors_v1.json --add-canopy-mask /content/drive/MyDrive/treedata/phase4/labels_corrected/add_nodec_2009.tif,1
20260829T041557Z_2009_nodec_v1_tile,20260829T041557Z,2026-08-29,tile,nodec_v1,2009,v048,9dda4a4ba1e9,false,work/20260824-sectors,NVIDIA A100-SXM4-40GB,40.0,,,,42,,,2009_king_rgb.tif,20.1,edmonds_canopy_mask_2020.tif,287816390,add_nodec_2009.tif,true,4d5489e1767a,inferred_current,23f2a279aeb8,704,3.13.15,--year 2009 --step tile --infer-batch 32 --run-tag nodec_v1 --force-citywide --no-hillshade --infer-aoi aoi/sectors_v1.json --add-canopy-mask /content/drive/MyDrive/treedata/phase4/labels_corrected/add_nodec_2009.tif,1
20260829T045049Z_2009_nodec_v1_train,20260829T045049Z,2026-08-29,train,nodec_v1,2009,v048,9dda4a4ba1e9,false,work/20260824-sectors,NVIDIA A100-SXM4-40GB,40.0,,,,42,,,2009_king_rgb.tif,20.1,edmonds_canopy_mask_2020.tif,287816390,add_nodec_2009.tif,true,4d5489e1767a,inferred_current,23f2a279aeb8,704,3.13.15,--year 2009 --step train --infer-batch 32 --run-tag nodec_v1 --force-citywide --no-hillshade --infer-aoi aoi/sectors_v1.json --add-canopy-mask /content/drive/MyDrive/treedata/phase4/labels_corrected/add_nodec_2009.tif,1
20260829T052151Z_2009_corrupt50_inference,20260829T052151Z,2026-08-29,inference,corrupt50,2009,v048,9dda4a4ba1e9,false,work/20260824-sectors,NVIDIA A100-SXM4-40GB,40.0,,,,42,,,2009_king_rgb.tif,20.1,edmonds_canopy_mask_2020.tif,287816390,add_corrupt50_2009.tif,true,76022404b198,inferred_current,750a2da13fd5,705,3.13.15,--year 2009 --step inference --infer-batch 32 --run-tag corrupt50 --force-citywide --infer-aoi aoi/sectors_v1.json --add-canopy-mask /content/drive/MyDrive/treedata/phase4/labels_corrected/add_corrupt50_2009.tif,1
20260829T061145Z_2009_corrupt25_train,20260829T061145Z,2026-08-29,train,corrupt25,2009,v048,47d10924efa8,false,work/20260824-sectors,NVIDIA A100-SXM4-40GB,40.0,,,,42,,,2009_king_rgb.tif,20.1,edmonds_canopy_mask_2020.tif,287816390,add_corrupt25_2009.tif,true,d4f5a5d332a3,inferred_current,23f2a279aeb8,704,3.13.15,--year 2009 --step train --infer-batch 32 --run-tag corrupt25 --force-citywide --infer-aoi aoi/sectors_v1.json --add-canopy-mask /content/drive/MyDrive/treedata/phase4/labels_corrected/add_corrupt25_2009.tif,1
20260829T064558Z_2009_nodec_v1_inference,20260829T064558Z,2026-08-29,inference,nodec_v1,2009,v048,9dda4a4ba1e9,false,work/20260824-sectors,NVIDIA A100-SXM4-40GB,40.0,,,,42,,,2009_king_rgb.tif,20.1,edmonds_canopy_mask_2020.tif,287816390,add_nodec_2009.tif,true,4d5489e1767a,inferred_current,750a2da13fd5,705,3.13.15,--year 2009 --step inference --infer-batch 32 --run-tag nodec_v1 --force-citywide --no-hillshade --infer-aoi aoi/sectors_v1.json --add-canopy-mask /content/drive/MyDrive/treedata/phase4/labels_corrected/add_nodec_2009.tif,1
20260829T075240Z_2009_corrupt25_inference,20260829T075240Z,2026-08-29,inference,corrupt25,2009,v048,47d10924efa8,false,work/20260824-sectors,NVIDIA A100-SXM4-40GB,40.0,,,,42,,,2009_king_rgb.tif,20.1,edmonds_canopy_mask_2020.tif,287816390,add_corrupt25_2009.tif,true,d4f5a5d332a3,inferred_current,750a2da13fd5,705,3.13.15,--year 2009 --step inference --infer-batch 32 --run-tag corrupt25 --force-citywide --infer-aoi aoi/sectors_v1.json --add-canopy-mask /content/drive/MyDrive/treedata/phase4/labels_corrected/add_corrupt25_2009.tif,1
20260829T075555Z_2009_chm2_v1_labels,20260829T075555Z,2026-08-29,labels,chm2_v1,2009,v048,cfc2f1d789fa,false,work/20260824-sectors,NVIDIA A100-SXM4-40GB,40.0,,,,42,,,2009_king_rgb.tif,20.1,edmonds_canopy_mask_2020.tif,287816390,,true,179175869169,inferred_current,23f2a279aeb8,704,3.13.15,--year 2009 --step labels --infer-batch 32 --run-tag chm2_v1 --force-citywide --hs-source chm2 --infer-aoi aoi/sectors_v1.json,1
20260829T075943Z_2009_chm2_v1_tile,20260829T075943Z,2026-08-29,tile,chm2_v1,2009,v048,cfc2f1d789fa,false,work/20260824-sectors,NVIDIA A100-SXM4-40GB,40.0,,,,42,,,2009_king_rgb.tif,20.1,edmonds_canopy_mask_2020.tif,287816390,,true,179175869169,inferred_current,23f2a279aeb8,704,3.13.15,--year 2009 --step tile --infer-batch 32 --run-tag chm2_v1 --force-citywide --hs-source chm2 --infer-aoi aoi/sectors_v1.json,1
20260829T080405Z_2009_seed1234_labels,20260829T080405Z,2026-08-29,labels,seed1234,2009,v048,eb563ae7e192,false,work/20260824-sectors,NVIDIA A100-SXM4-40GB,40.0,,,,1234,,,2009_king_rgb.tif,20.1,edmonds_canopy_mask_2020.tif,287816390,,true,4f3fedcc8d50,inferred_current,23f2a279aeb8,704,3.13.15,--year 2009 --step labels --infer-batch 32 --run-tag seed1234 --force-citywide --seed 1234 --infer-aoi aoi/sectors_v1.json,1
20260829T081541Z_2009_seed1234_tile,20260829T081541Z,2026-08-29,tile,seed1234,2009,v048,eb563ae7e192,false,work/20260824-sectors,NVIDIA A100-SXM4-40GB,40.0,,,,1234,,,2009_king_rgb.tif,20.1,edmonds_canopy_mask_2020.tif,287816390,,true,4f3fedcc8d50,inferred_current,23f2a279aeb8,704,3.13.15,--year 2009 --step tile --infer-batch 32 --run-tag seed1234 --force-citywide --seed 1234 --infer-aoi aoi/sectors_v1.json,1
20260829T082054Z_2009_chm2_v1_train,20260829T082054Z,2026-08-29,train,chm2_v1,2009,v048,cfc2f1d789fa,false,work/20260824-sectors,NVIDIA A100-SXM4-40GB,40.0,,,,42,,,2009_king_rgb.tif,20.1,edmonds_canopy_mask_2020.tif,287816390,,true,179175869169,inferred_current,23f2a279aeb8,704,3.13.15,--year 2009 --step train --infer-batch 32 --run-tag chm2_v1 --force-citywide --hs-source chm2 --infer-aoi aoi/sectors_v1.json,1
20260829T083803Z_2009_seed1234_train,20260829T083803Z,2026-08-29,train,seed1234,2009,v048,eb563ae7e192,false,work/20260824-sectors,NVIDIA A100-SXM4-40GB,40.0,,,,1234,,,2009_king_rgb.tif,20.1,edmonds_canopy_mask_2020.tif,287816390,,true,4f3fedcc8d50,inferred_current,23f2a279aeb8,704,3.13.15,--year 2009 --step train --infer-batch 32 --run-tag seed1234 --force-citywide --seed 1234 --infer-aoi aoi/sectors_v1.json,1
20260829T094032Z_2009_chm2_v1_inference,20260829T094032Z,2026-08-29,inference,chm2_v1,2009,v048,cfc2f1d789fa,false,work/20260824-sectors,NVIDIA A100-SXM4-40GB,40.0,,,,42,,,2009_king_rgb.tif,20.1,edmonds_canopy_mask_2020.tif,287816390,,true,179175869169,inferred_current,750a2da13fd5,705,3.13.15,--year 2009 --step inference --infer-batch 32 --run-tag chm2_v1 --force-citywide --hs-source chm2 --infer-aoi aoi/sectors_v1.json,1
20260829T095146Z_2009_rgb3_ep60_labels,20260829T095146Z,2026-08-29,labels,rgb3_ep60,2009,v048,7869d5b710e5,false,work/20260824-sectors,NVIDIA A100-SXM4-40GB,40.0,,,,42,,,2009_king_rgb.tif,20.1,edmonds_canopy_mask_2020.tif,287816390,,true,85f6eea8791e,inferred_current,23f2a279aeb8,704,3.13.15,--year 2009 --step labels --infer-batch 32 --run-tag rgb3_ep60 --force-citywide --no-hillshade --epochs-phase-b 60 --infer-aoi aoi/sectors_v1.json,1
20260829T095955Z_2009_rgb3_ep60_tile,20260829T095955Z,2026-08-29,tile,rgb3_ep60,2009,v048,7869d5b710e5,false,work/20260824-sectors,NVIDIA A100-SXM4-40GB,40.0,,,,42,,,2009_king_rgb.tif,20.1,edmonds_canopy_mask_2020.tif,287816390,,true,85f6eea8791e,inferred_current,23f2a279aeb8,704,3.13.15,--year 2009 --step tile --infer-batch 32 --run-tag rgb3_ep60 --force-citywide --no-hillshade --epochs-phase-b 60 --infer-aoi aoi/sectors_v1.json,1
20260829T102107Z_2009_seed1234_inference,20260829T102107Z,2026-08-29,inference,seed1234,2009,v048,eb563ae7e192,false,work/20260824-sectors,NVIDIA A100-SXM4-40GB,40.0,,,,1234,,,2009_king_rgb.tif,20.1,edmonds_canopy_mask_2020.tif,287816390,,true,4f3fedcc8d50,inferred_current,750a2da13fd5,705,3.13.15,--year 2009 --step inference --infer-batch 32 --run-tag seed1234 --force-citywide --seed 1234 --infer-aoi aoi/sectors_v1.json,1
20260829T103047Z_2009_rgb3_ep60_train,20260829T103047Z,2026-08-29,train,rgb3_ep60,2009,v048,7869d5b710e5,false,work/20260824-sectors,NVIDIA A100-SXM4-40GB,40.0,,,,42,,,2009_king_rgb.tif,20.1,edmonds_canopy_mask_2020.tif,287816390,,true,85f6eea8791e,inferred_current,23f2a279aeb8,704,3.13.15,--year 2009 --step train --infer-batch 32 --run-tag rgb3_ep60 --force-citywide --no-hillshade --epochs-phase-b 60 --infer-aoi aoi/sectors_v1.json,1
20260829T104402Z_2009_seed777_labels,20260829T104402Z,2026-08-29,labels,seed777,2009,v048,8343bb4e8413,false,work/20260824-sectors,NVIDIA A100-SXM4-40GB,40.0,,,,777,,,2009_king_rgb.tif,20.1,edmonds_canopy_mask_2020.tif,287816390,,true,4f3fedcc8d50,inferred_current,23f2a279aeb8,704,3.13.15,--year 2009 --step labels --infer-batch 32 --run-tag seed777 --force-citywide --seed 777 --infer-aoi aoi/sectors_v1.json,1
20260829T105358Z_2009_seed777_tile,20260829T105358Z,2026-08-29,tile,seed777,2009,v048,8343bb4e8413,false,work/20260824-sectors,NVIDIA A100-SXM4-40GB,40.0,,,,777,,,2009_king_rgb.tif,20.1,edmonds_canopy_mask_2020.tif,287816390,,true,4f3fedcc8d50,inferred_current,23f2a279aeb8,704,3.13.15,--year 2009 --step tile --infer-batch 32 --run-tag seed777 --force-citywide --seed 777 --infer-aoi aoi/sectors_v1.json,1
20260829T110438Z_2009_rgb3_ep60_inference,20260829T110438Z,2026-08-29,inference,rgb3_ep60,2009,v048,7869d5b710e5,false,work/20260824-sectors,NVIDIA A100-SXM4-40GB,40.0,,,,42,,,2009_king_rgb.tif,20.1,edmonds_canopy_mask_2020.tif,287816390,,true,85f6eea8791e,inferred_current,750a2da13fd5,705,3.13.15,--year 2009 --step inference --infer-batch 32 --run-tag rgb3_ep60 --force-citywide --no-hillshade --epochs-phase-b 60 --infer-aoi aoi/sectors_v1.json,1
20260829T112137Z_2009_nodec_s1234_labels,20260829T112137Z,2026-08-29,labels,nodec_s1234,2009,v048,07a08300ec78,false,work/20260824-sectors,NVIDIA A100-SXM4-40GB,40.0,,,,1234,,,2009_king_rgb.tif,20.1,edmonds_canopy_mask_2020.tif,287816390,add_nodec_2009.tif,true,4d5489e1767a,inferred_current,23f2a279aeb8,704,3.13.15,--year 2009 --step labels --infer-batch 32 --run-tag nodec_s1234 --force-citywide --no-hillshade --seed 1234 --infer-aoi aoi/sectors_v1.json --add-canopy-mask /content/drive/MyDrive/treedata/phase4/labels_corrected/add_nodec_2009.tif,1
20260829T112348Z_2009_seed777_train,20260829T112348Z,2026-08-29,train,seed777,2009,v048,8343bb4e8413,false,work/20260824-sectors,NVIDIA A100-SXM4-40GB,40.0,,,,777,,,2009_king_rgb.tif,20.1,edmonds_canopy_mask_2020.tif,287816390,,true,4f3fedcc8d50,inferred_current,23f2a279aeb8,704,3.13.15,--year 2009 --step train --infer-batch 32 --run-tag seed777 --force-citywide --seed 777 --infer-aoi aoi/sectors_v1.json,1
20260829T113002Z_2009_nodec_s1234_tile,20260829T113002Z,2026-08-29,tile,nodec_s1234,2009,v048,07a08300ec78,false,work/20260824-sectors,NVIDIA A100-SXM4-40GB,40.0,,,,1234,,,2009_king_rgb.tif,20.1,edmonds_canopy_mask_2020.tif,287816390,add_nodec_2009.tif,true,4d5489e1767a,inferred_current,23f2a279aeb8,704,3.13.15,--year 2009 --step tile --infer-batch 32 --run-tag nodec_s1234 --force-citywide --no-hillshade --seed 1234 --infer-aoi aoi/sectors_v1.json --add-canopy-mask /content/drive/MyDrive/treedata/phase4/labels_corrected/add_nodec_2009.tif,1
20260829T115303Z_2009_seed777_inference,20260829T115303Z,2026-08-29,inference,seed777,2009,v048,8343bb4e8413,false,work/20260824-sectors,NVIDIA A100-SXM4-40GB,40.0,,,,777,,,2009_king_rgb.tif,20.1,edmonds_canopy_mask_2020.tif,287816390,,true,4f3fedcc8d50,inferred_current,750a2da13fd5,705,3.13.15,--year 2009 --step inference --infer-batch 32 --run-tag seed777 --force-citywide --seed 777 --infer-aoi aoi/sectors_v1.json,0
20260829T121257Z_2009_nodec_s1234_train,20260829T121257Z,2026-08-29,train,nodec_s1234,2009,v048,07a08300ec78,false,work/20260824-sectors,NVIDIA A100-SXM4-40GB,40.0,,,,1234,,,2009_king_rgb.tif,20.1,edmonds_canopy_mask_2020.tif,287816390,add_nodec_2009.tif,true,4d5489e1767a,inferred_current,23f2a279aeb8,704,3.13.15,--year 2009 --step train --infer-batch 32 --run-tag nodec_s1234 --force-citywide --no-hillshade --seed 1234 --infer-aoi aoi/sectors_v1.json --add-canopy-mask /content/drive/MyDrive/treedata/phase4/labels_corrected/add_nodec_2009.tif,1
20260829T121858Z_2009_rgb3_nodeb_s1234_labels,20260829T121858Z,2026-08-29,labels,rgb3_nodeb_s1234,2009,v048,5c59df62ca8d,false,work/20260824-sectors,NVIDIA A100-SXM4-40GB,40.0,,,,1234,,,2009_king_rgb.tif,20.1,edmonds_canopy_mask_2020.tif,287816390,,true,85f6eea8791e,inferred_current,23f2a279aeb8,704,3.13.15,--year 2009 --step labels --infer-batch 32 --run-tag rgb3_nodeb_s1234 --force-citywide --no-hillshade --seed 1234 --infer-aoi aoi/sectors_v1.json,1
20260829T122902Z_2009_rgb3_nodeb_s1234_tile,20260829T122902Z,2026-08-29,tile,rgb3_nodeb_s1234,2009,v048,5c59df62ca8d,false,work/20260824-sectors,NVIDIA A100-SXM4-40GB,40.0,,,,1234,,,2009_king_rgb.tif,20.1,edmonds_canopy_mask_2020.tif,287816390,,true,85f6eea8791e,inferred_current,23f2a279aeb8,704,3.13.15,--year 2009 --step tile --infer-batch 32 --run-tag rgb3_nodeb_s1234 --force-citywide --no-hillshade --seed 1234 --infer-aoi aoi/sectors_v1.json,1
20260829T124408Z_2009_nodec_s1234_inference,20260829T124408Z,2026-08-29,inference,nodec_s1234,2009,v048,07a08300ec78,false,work/20260824-sectors,NVIDIA A100-SXM4-40GB,40.0,,,,1234,,,2009_king_rgb.tif,20.1,edmonds_canopy_mask_2020.tif,287816390,add_nodec_2009.tif,true,4d5489e1767a,inferred_current,750a2da13fd5,705,3.13.15,--year 2009 --step inference --infer-batch 32 --run-tag nodec_s1234 --force-citywide --no-hillshade --seed 1234 --infer-aoi aoi/sectors_v1.json --add-canopy-mask /content/drive/MyDrive/treedata/phase4/labels_corrected/add_nodec_2009.tif,0
20260829T125739Z_2009_rgb3_nodeb_s1234_train,20260829T125739Z,2026-08-29,train,rgb3_nodeb_s1234,2009,v048,5c59df62ca8d,false,work/20260824-sectors,NVIDIA A100-SXM4-40GB,40.0,,,,1234,,,2009_king_rgb.tif,20.1,edmonds_canopy_mask_2020.tif,287816390,,true,85f6eea8791e,inferred_current,23f2a279aeb8,704,3.13.15,--year 2009 --step train --infer-batch 32 --run-tag rgb3_nodeb_s1234 --force-citywide --no-hillshade --seed 1234 --infer-aoi aoi/sectors_v1.json,1
20260829T133155Z_2009_rgb3_nodeb_s1234_inference,20260829T133155Z,2026-08-29,inference,rgb3_nodeb_s1234,2009,v048,5c59df62ca8d,false,work/20260824-sectors,NVIDIA A100-SXM4-40GB,40.0,,,,1234,,,2009_king_rgb.tif,20.1,edmonds_canopy_mask_2020.tif,287816390,,true,85f6eea8791e,inferred_current,750a2da13fd5,705,3.13.15,--year 2009 --step inference --infer-batch 32 --run-tag rgb3_nodeb_s1234 --force-citywide --no-hillshade --seed 1234 --infer-aoi aoi/sectors_v1.json,0
20260829T133359Z_2009_nodec_s2024_labels,20260829T133359Z,2026-08-29,labels,nodec_s2024,2009,v048,bb90568387fd,false,work/20260824-sectors,NVIDIA A100-SXM4-40GB,40.0,,,,2024,,,2009_king_rgb.tif,20.1,edmonds_canopy_mask_2020.tif,287816390,add_nodec_2009.tif,true,4d5489e1767a,inferred_current,23f2a279aeb8,704,3.13.15,--year 2009 --step labels --infer-batch 32 --run-tag nodec_s2024 --force-citywide --no-hillshade --seed 2024 --infer-aoi aoi/sectors_v1.json --add-canopy-mask /content/drive/MyDrive/treedata/phase4/labels_corrected/add_nodec_2009.tif,1
20260829T133753Z_2009_nodec_s2024_tile,20260829T133753Z,2026-08-29,tile,nodec_s2024,2009,v048,bb90568387fd,false,work/20260824-sectors,NVIDIA A100-SXM4-40GB,40.0,,,,2024,,,2009_king_rgb.tif,20.1,edmonds_canopy_mask_2020.tif,287816390,add_nodec_2009.tif,true,4d5489e1767a,inferred_current,23f2a279aeb8,704,3.13.15,--year 2009 --step tile --infer-batch 32 --run-tag nodec_s2024 --force-citywide --no-hillshade --seed 2024 --infer-aoi aoi/sectors_v1.json --add-canopy-mask /content/drive/MyDrive/treedata/phase4/labels_corrected/add_nodec_2009.tif,1
20260829T140458Z_2009_smooth5_labels,20260829T140458Z,2026-08-29,labels,smooth5,2009,v048,df77f9d5d1bf,false,work/20260824-sectors,NVIDIA A100-SXM4-40GB,40.0,,,,42,,,2009_king_rgb.tif,20.1,edmonds_canopy_mask_2020.tif,287816390,,true,85f6eea8791e,inferred_current,23f2a279aeb8,704,3.13.15,--year 2009 --step labels --infer-batch 32 --run-tag smooth5 --force-citywide --no-hillshade --select-smooth 5 --infer-aoi aoi/sectors_v1.json,1
20260829T141100Z_2009_smooth5_labels,20260829T141100Z,2026-08-29,labels,smooth5,2009,v048,74d01e77cb6e,false,work/20260824-sectors,NVIDIA A100-SXM4-40GB,40.0,,,,42,,,2009_king_rgb.tif,20.1,edmonds_canopy_mask_2020.tif,287816390,,true,85f6eea8791e,inferred_current,23f2a279aeb8,704,3.13.15,--year 2009 --step labels --infer-batch 32 --run-tag smooth5 --force-citywide --no-hillshade --select-smooth 5 --infer-aoi aoi/sectors_v1.json,1
20260829T141753Z_2009_smooth5_tile,20260829T141753Z,2026-08-29,tile,smooth5,2009,v048,df77f9d5d1bf,false,work/20260824-sectors,NVIDIA A100-SXM4-40GB,40.0,,,,42,,,2009_king_rgb.tif,20.1,edmonds_canopy_mask_2020.tif,287816390,,true,85f6eea8791e,inferred_current,23f2a279aeb8,704,3.13.15,--year 2009 --step tile --infer-batch 32 --run-tag smooth5 --force-citywide --no-hillshade --select-smooth 5 --infer-aoi aoi/sectors_v1.json,0
20260829T141900Z_2009_smooth5_tile,20260829T141900Z,2026-08-29,tile,smooth5,2009,v048,74d01e77cb6e,false,work/20260824-sectors,NVIDIA A100-SXM4-40GB,40.0,,,,42,,,2009_king_rgb.tif,20.1,edmonds_canopy_mask_2020.tif,287816390,,true,85f6eea8791e,inferred_current,23f2a279aeb8,704,3.13.15,--year 2009 --step tile --infer-batch 32 --run-tag smooth5 --force-citywide --no-hillshade --select-smooth 5 --infer-aoi aoi/sectors_v1.json,1
20260829T143600Z_2009_nodec_s2024_tile,20260829T143600Z,2026-08-29,tile,nodec_s2024,2009,v048,d0ea67de0ef9,false,work/20260824-sectors,NVIDIA A100-SXM4-40GB,40.0,,,,2024,,,2009_king_rgb.tif,20.1,edmonds_canopy_mask_2020.tif,287816390,add_nodec_2009.tif,true,4d5489e1767a,inferred_current,23f2a279aeb8,704,3.13.15,--year 2009 --step tile --infer-batch 32 --run-tag nodec_s2024 --force-citywide --no-hillshade --seed 2024 --infer-aoi aoi/sectors_v1.json --add-canopy-mask /content/drive/MyDrive/treedata/phase4/labels_corrected/add_nodec_2009.tif,1
20260829T143709Z_2009_smooth5_tile,20260829T143709Z,2026-08-29,tile,smooth5,2009,v048,d0ea67de0ef9,false,work/20260824-sectors,NVIDIA A100-SXM4-40GB,40.0,,,,42,,,2009_king_rgb.tif,20.1,edmonds_canopy_mask_2020.tif,287816390,,true,85f6eea8791e,inferred_current,23f2a279aeb8,704,3.13.15,--year 2009 --step tile --infer-batch 32 --run-tag smooth5 --force-citywide --no-hillshade --select-smooth 5 --infer-aoi aoi/sectors_v1.json,1
20260829T151157Z_2009_smooth5_train,20260829T151157Z,2026-08-29,train,smooth5,2009,v048,d0ea67de0ef9,false,work/20260824-sectors,NVIDIA A100-SXM4-40GB,40.0,,,,42,,,2009_king_rgb.tif,20.1,edmonds_canopy_mask_2020.tif,287816390,,true,85f6eea8791e,inferred_current,23f2a279aeb8,704,3.13.15,--year 2009 --step train --infer-batch 32 --run-tag smooth5 --force-citywide --no-hillshade --select-smooth 5 --infer-aoi aoi/sectors_v1.json,1
20260829T151352Z_2009_nodecW_labels,20260829T151352Z,2026-08-29,labels,nodecW,2009,v048,9177233d54ca,false,work/20260824-sectors,NVIDIA L4,22.5,,,,42,,,2009_king_rgb.tif,20.1,edmonds_canopy_mask_2020.tif,287816390,add_nodecW_2009.tif,true,240e0737aa4b,inferred_current,23f2a279aeb8,704,3.13.15,--year 2009 --step labels --infer-batch 32 --run-tag nodecW --force-citywide --no-hillshade --infer-aoi aoi/sectors_v1.json --add-canopy-mask /content/drive/MyDrive/treedata/phase4/labels_corrected/add_nodecW_2009.tif,1
20260829T152558Z_2009_nodecW_tile,20260829T152558Z,2026-08-29,tile,nodecW,2009,v048,9177233d54ca,false,work/20260824-sectors,NVIDIA L4,22.5,,,,42,,,2009_king_rgb.tif,20.1,edmonds_canopy_mask_2020.tif,287816390,add_nodecW_2009.tif,true,240e0737aa4b,inferred_current,23f2a279aeb8,704,3.13.15,--year 2009 --step tile --infer-batch 32 --run-tag nodecW --force-citywide --no-hillshade --infer-aoi aoi/sectors_v1.json --add-canopy-mask /content/drive/MyDrive/treedata/phase4/labels_corrected/add_nodecW_2009.tif,1
20260829T153358Z_2009_nodec_s2024_train,20260829T153358Z,2026-08-29,train,nodec_s2024,2009,v048,d0ea67de0ef9,false,work/20260824-sectors,NVIDIA A100-SXM4-40GB,40.0,,,,2024,,,2009_king_rgb.tif,20.1,edmonds_canopy_mask_2020.tif,287816390,add_nodec_2009.tif,true,4d5489e1767a,inferred_current,23f2a279aeb8,704,3.13.15,--year 2009 --step train --infer-batch 32 --run-tag nodec_s2024 --force-citywide --no-hillshade --seed 2024 --infer-aoi aoi/sectors_v1.json --add-canopy-mask /content/drive/MyDrive/treedata/phase4/labels_corrected/add_nodec_2009.tif,1
20260829T154751Z_2009_smooth5_inference,20260829T154751Z,2026-08-29,inference,smooth5,2009,v048,d0ea67de0ef9,false,work/20260824-sectors,NVIDIA A100-SXM4-40GB,40.0,,,,42,,,2009_king_rgb.tif,20.1,edmonds_canopy_mask_2020.tif,287816390,,true,85f6eea8791e,inferred_current,750a2da13fd5,705,3.13.15,--year 2009 --step inference --infer-batch 32 --run-tag smooth5 --force-citywide --no-hillshade --select-smooth 5 --infer-aoi aoi/sectors_v1.json,0
20260829T155419Z_2009_nodecW_train,20260829T155419Z,2026-08-29,train,nodecW,2009,v048,9177233d54ca,false,work/20260824-sectors,NVIDIA L4,22.5,,,,42,,,2009_king_rgb.tif,20.1,edmonds_canopy_mask_2020.tif,287816390,add_nodecW_2009.tif,true,240e0737aa4b,inferred_current,23f2a279aeb8,704,3.13.15,--year 2009 --step train --infer-batch 32 --run-tag nodecW --force-citywide --no-hillshade --infer-aoi aoi/sectors_v1.json --add-canopy-mask /content/drive/MyDrive/treedata/phase4/labels_corrected/add_nodecW_2009.tif,1
20260829T160059Z_2009_smooth5raw_inference,20260829T160059Z,2026-08-29,inference,smooth5raw,2009,v048,ef200fff70ca,false,work/20260824-sectors,NVIDIA L4,22.5,,,,42,,,2009_king_rgb.tif,20.1,edmonds_canopy_mask_2020.tif,287816390,,true,,none,23f2a279aeb8,704,3.13.15,--year 2009 --step inference --infer-batch 32 --run-tag smooth5raw --force-citywide --no-hillshade --infer-aoi aoi/sectors_v1.json,1
20260829T160146Z_2009_nodec_s2024_inference,20260829T160146Z,2026-08-29,inference,nodec_s2024,2009,v048,d0ea67de0ef9,false,work/20260824-sectors,NVIDIA A100-SXM4-40GB,40.0,,,,2024,,,2009_king_rgb.tif,20.1,edmonds_canopy_mask_2020.tif,287816390,add_nodec_2009.tif,true,4d5489e1767a,inferred_current,750a2da13fd5,705,3.13.15,--year 2009 --step inference --infer-batch 32 --run-tag nodec_s2024 --force-citywide --no-hillshade --seed 2024 --infer-aoi aoi/sectors_v1.json --add-canopy-mask /content/drive/MyDrive/treedata/phase4/labels_corrected/add_nodec_2009.tif,1
20260829T160546Z_2009_smooth5re_inference,20260829T160546Z,2026-08-29,inference,smooth5re,2009,v048,ef200fff70ca,false,work/20260824-sectors,NVIDIA L4,22.5,,,,42,,,2009_king_rgb.tif,20.1,edmonds_canopy_mask_2020.tif,287816390,,true,,none,750a2da13fd5,705,3.13.15,--year 2009 --step inference --infer-batch 32 --run-tag smooth5re --force-citywide --no-hillshade --infer-aoi aoi/sectors_v1.json,1
20260829T161556Z_2009_rgb3_ep60_s1234_labels,20260829T161556Z,2026-08-29,labels,rgb3_ep60_s1234,2009,v048,ef200fff70ca,false,work/20260824-sectors,NVIDIA A100-SXM4-40GB,40.0,,,,1234,,,2009_king_rgb.tif,20.1,edmonds_canopy_mask_2020.tif,287816390,,true,85f6eea8791e,inferred_current,23f2a279aeb8,704,3.13.15,--year 2009 --step labels --infer-batch 32 --run-tag rgb3_ep60_s1234 --force-citywide --no-hillshade --epochs-phase-b 60 --seed 1234 --infer-aoi aoi/sectors_v1.json,1
20260829T161950Z_2009_rgb3_ep60_s1234_tile,20260829T161950Z,2026-08-29,tile,rgb3_ep60_s1234,2009,v048,ef200fff70ca,false,work/20260824-sectors,NVIDIA A100-SXM4-40GB,40.0,,,,1234,,,2009_king_rgb.tif,20.1,edmonds_canopy_mask_2020.tif,287816390,,true,85f6eea8791e,inferred_current,23f2a279aeb8,704,3.13.15,--year 2009 --step tile --infer-batch 32 --run-tag rgb3_ep60_s1234 --force-citywide --no-hillshade --epochs-phase-b 60 --seed 1234 --infer-aoi aoi/sectors_v1.json,1
20260829T163557Z_2009_nodecW_inference,20260829T163557Z,2026-08-29,inference,nodecW,2009,v048,9177233d54ca,false,work/20260824-sectors,NVIDIA L4,22.5,,,,42,,,2009_king_rgb.tif,20.1,edmonds_canopy_mask_2020.tif,287816390,add_nodecW_2009.tif,true,240e0737aa4b,inferred_current,750a2da13fd5,705,3.13.15,--year 2009 --step inference --infer-batch 32 --run-tag nodecW --force-citywide --no-hillshade --infer-aoi aoi/sectors_v1.json --add-canopy-mask /content/drive/MyDrive/treedata/phase4/labels_corrected/add_nodecW_2009.tif,0
20260829T164103Z_2009_rgb3_ep60_s1234_train,20260829T164103Z,2026-08-29,train,rgb3_ep60_s1234,2009,v048,ef200fff70ca,false,work/20260824-sectors,NVIDIA A100-SXM4-40GB,40.0,,,,1234,,,2009_king_rgb.tif,20.1,edmonds_canopy_mask_2020.tif,287816390,,true,85f6eea8791e,inferred_current,23f2a279aeb8,704,3.13.15,--year 2009 --step train --infer-batch 32 --run-tag rgb3_ep60_s1234 --force-citywide --no-hillshade --epochs-phase-b 60 --seed 1234 --infer-aoi aoi/sectors_v1.json,1
20260829T164149Z_2009_rgb3_nodeb_twin_labels,20260829T164149Z,2026-08-29,labels,rgb3_nodeb_twin,2009,v048,9177233d54ca,false,work/20260824-sectors,NVIDIA L4,22.5,,,,42,,,2009_king_rgb.tif,20.1,edmonds_canopy_mask_2020.tif,287816390,,true,85f6eea8791e,inferred_current,750a2da13fd5,705,3.13.15,--year 2009 --step labels --infer-batch 32 --run-tag rgb3_nodeb_twin --force-citywide --no-hillshade --infer-aoi aoi/sectors_v1.json,1
20260829T164838Z_2009_rgb3_nodeb_twin_tile,20260829T164838Z,2026-08-29,tile,rgb3_nodeb_twin,2009,v048,9177233d54ca,false,work/20260824-sectors,NVIDIA L4,22.5,,,,42,,,2009_king_rgb.tif,20.1,edmonds_canopy_mask_2020.tif,287816390,,true,85f6eea8791e,inferred_current,750a2da13fd5,705,3.13.15,--year 2009 --step tile --infer-batch 32 --run-tag rgb3_nodeb_twin --force-citywide --no-hillshade --infer-aoi aoi/sectors_v1.json,1
20260829T171355Z_2009_rgb3_nodeb_twin_train,20260829T171355Z,2026-08-29,train,rgb3_nodeb_twin,2009,v048,9177233d54ca,false,work/20260824-sectors,NVIDIA L4,22.5,,,,42,,,2009_king_rgb.tif,20.1,edmonds_canopy_mask_2020.tif,287816390,,true,85f6eea8791e,inferred_current,750a2da13fd5,705,3.13.15,--year 2009 --step train --infer-batch 32 --run-tag rgb3_nodeb_twin --force-citywide --no-hillshade --infer-aoi aoi/sectors_v1.json,1
20260829T171641Z_2009_rgb3_ep60_s1234_inference,20260829T171641Z,2026-08-29,inference,rgb3_ep60_s1234,2009,v048,ef200fff70ca,false,work/20260824-sectors,NVIDIA A100-SXM4-40GB,40.0,,,,1234,,,2009_king_rgb.tif,20.1,edmonds_canopy_mask_2020.tif,287816390,,true,85f6eea8791e,inferred_current,750a2da13fd5,705,3.13.15,--year 2009 --step inference --infer-batch 32 --run-tag rgb3_ep60_s1234 --force-citywide --no-hillshade --epochs-phase-b 60 --seed 1234 --infer-aoi aoi/sectors_v1.json,0
20260829T174941Z_2009_rgb3_nodeb_twin_inference,20260829T174941Z,2026-08-29,inference,rgb3_nodeb_twin,2009,v048,9177233d54ca,false,work/20260824-sectors,NVIDIA L4,22.5,,,,42,,,2009_king_rgb.tif,20.1,edmonds_canopy_mask_2020.tif,287816390,,true,85f6eea8791e,inferred_current,750a2da13fd5,705,3.13.15,--year 2009 --step inference --infer-batch 32 --run-tag rgb3_nodeb_twin --force-citywide --no-hillshade --infer-aoi aoi/sectors_v1.json,0
20260831T004756Z_2019_pilot_e2_fine_labels,20260831T004756Z,2026-08-31,labels,pilot_e2_fine,2019,v048,222dc3f53ac6,false,work/20260824-sectors,NVIDIA A100-SXM4-40GB,40.0,,,2,42,42,false,2019_king_rgb.tif,10.0,edmonds_canopy_mask_2020.tif,287816390,,true,a7bfd7980553,inferred_current,23f2a279aeb8,704,3.13.15,--year 2019 --step labels --infer-batch 32 --run-tag pilot_e2_fine --force-citywide --no-hillshade,1
20260831T004800Z_2019s_pilot_e2_medium_labels,20260831T004800Z,2026-08-31,labels,pilot_e2_medium,2019s,v048,222dc3f53ac6,false,work/20260824-sectors,NVIDIA A100-SXM4-40GB,40.0,,,2,42,42,false,2019_snoh_1ft_rgbi.tif,30.5,edmonds_canopy_mask_2020.tif,287816390,,true,ee05afb52517,inferred_current,23f2a279aeb8,704,3.13.15,--year 2019s --step labels --infer-batch 32 --run-tag pilot_e2_medium --force-citywide --no-hillshade,1
20260831T005202Z_2019s_pilot_e2_medium_tile,20260831T005202Z,2026-08-31,tile,pilot_e2_medium,2019s,v048,222dc3f53ac6,false,work/20260824-sectors,NVIDIA A100-SXM4-40GB,40.0,,,2,42,42,false,2019_snoh_1ft_rgbi.tif,30.5,edmonds_canopy_mask_2020.tif,287816390,,true,ee05afb52517,inferred_current,23f2a279aeb8,704,3.13.15,--year 2019s --step tile --infer-batch 32 --run-tag pilot_e2_medium --force-citywide --no-hillshade,1
20260831T005448Z_2019_pilot_e2_fine_tile,20260831T005448Z,2026-08-31,tile,pilot_e2_fine,2019,v048,222dc3f53ac6,false,work/20260824-sectors,NVIDIA A100-SXM4-40GB,40.0,,,2,42,42,false,2019_king_rgb.tif,10.0,edmonds_canopy_mask_2020.tif,287816390,,true,a7bfd7980553,inferred_current,23f2a279aeb8,704,3.13.15,--year 2019 --step tile --infer-batch 32 --run-tag pilot_e2_fine --force-citywide --no-hillshade,1
20260831T010138Z_2019n_pilot_e2_coarse_labels,20260831T010138Z,2026-08-31,labels,pilot_e2_coarse,2019n,v048,06c7b9888750,false,work/20260824-sectors,NVIDIA L4,22.5,,,2,42,42,false,2019_naip_60cm_rgbi.tif,60.0,edmonds_canopy_mask_2020.tif,287816390,,true,cda7c1cb5d2a,inferred_current,23f2a279aeb8,704,3.13.15,--year 2019n --step labels --infer-batch 32 --run-tag pilot_e2_coarse --force-citywide --no-hillshade,1
20260831T010754Z_2019n_pilot_e2_coarse_tile,20260831T010754Z,2026-08-31,tile,pilot_e2_coarse,2019n,v048,06c7b9888750,false,work/20260824-sectors,NVIDIA L4,22.5,,,2,42,42,false,2019_naip_60cm_rgbi.tif,60.0,edmonds_canopy_mask_2020.tif,287816390,,true,cda7c1cb5d2a,inferred_current,23f2a279aeb8,704,3.13.15,--year 2019n --step tile --infer-batch 32 --run-tag pilot_e2_coarse --force-citywide --no-hillshade,1
20260831T011255Z_2019s_pilot_e2_medium_train,20260831T011255Z,2026-08-31,train,pilot_e2_medium,2019s,v048,222dc3f53ac6,false,work/20260824-sectors,NVIDIA A100-SXM4-40GB,40.0,,,2,42,42,false,2019_snoh_1ft_rgbi.tif,30.5,edmonds_canopy_mask_2020.tif,287816390,,true,ee05afb52517,inferred_current,23f2a279aeb8,704,3.13.15,--year 2019s --step train --infer-batch 32 --run-tag pilot_e2_medium --force-citywide --no-hillshade,1
20260831T012256Z_2019_pilot_e2_fine_train,20260831T012256Z,2026-08-31,train,pilot_e2_fine,2019,v048,222dc3f53ac6,false,work/20260824-sectors,NVIDIA A100-SXM4-40GB,40.0,,,2,42,42,false,2019_king_rgb.tif,10.0,edmonds_canopy_mask_2020.tif,287816390,,true,a7bfd7980553,inferred_current,23f2a279aeb8,704,3.13.15,--year 2019 --step train --infer-batch 32 --run-tag pilot_e2_fine --force-citywide --no-hillshade,1
20260831T013542Z_2019n_pilot_e2_coarse_train,20260831T013542Z,2026-08-31,train,pilot_e2_coarse,2019n,v048,06c7b9888750,false,work/20260824-sectors,NVIDIA L4,22.5,,,2,42,42,false,2019_naip_60cm_rgbi.tif,60.0,edmonds_canopy_mask_2020.tif,287816390,,true,cda7c1cb5d2a,inferred_current,23f2a279aeb8,704,3.13.15,--year 2019n --step train --infer-batch 32 --run-tag pilot_e2_coarse --force-citywide --no-hillshade,1
20260831T013952Z_2019s_pilot_e2_medium_evaluate,20260831T013952Z,2026-08-31,evaluate,pilot_e2_medium,2019s,v048,222dc3f53ac6,false,work/20260824-sectors,NVIDIA A100-SXM4-40GB,40.0,,,2,42,42,false,2019_snoh_1ft_rgbi.tif,30.5,edmonds_canopy_mask_2020.tif,287816390,,true,ee05afb52517,inferred_current,750a2da13fd5,705,3.13.15,--year 2019s --step evaluate --infer-batch 32 --run-tag pilot_e2_medium --force-citywide --no-hillshade,1
20260831T015401Z_2019s_pilot_e2_medium_inference,20260831T015401Z,2026-08-31,inference,pilot_e2_medium,2019s,v048,222dc3f53ac6,false,work/20260824-sectors,NVIDIA A100-SXM4-40GB,40.0,,,2,42,42,false,2019_snoh_1ft_rgbi.tif,30.5,edmonds_canopy_mask_2020.tif,287816390,,true,ee05afb52517,inferred_current,750a2da13fd5,705,3.13.15,--year 2019s --step inference --infer-batch 32 --run-tag pilot_e2_medium --force-citywide --no-hillshade,1
20260831T015830Z_2019s_pilot_e2_medium_postproc,20260831T015830Z,2026-08-31,postproc,pilot_e2_medium,2019s,v048,222dc3f53ac6,false,work/20260824-sectors,NVIDIA A100-SXM4-40GB,40.0,,,2,42,42,false,2019_snoh_1ft_rgbi.tif,30.5,edmonds_canopy_mask_2020.tif,287816390,,true,ee05afb52517,inferred_current,750a2da13fd5,705,3.13.15,--year 2019s --step postproc --infer-batch 32 --run-tag pilot_e2_medium --force-citywide --no-hillshade,1
20260831T020251Z_2019_pilot_e2_fine_evaluate,20260831T020251Z,2026-08-31,evaluate,pilot_e2_fine,2019,v048,222dc3f53ac6,false,work/20260824-sectors,NVIDIA A100-SXM4-40GB,40.0,,,2,42,42,false,2019_king_rgb.tif,10.0,edmonds_canopy_mask_2020.tif,287816390,,true,a7bfd7980553,inferred_current,750a2da13fd5,705,3.13.15,--year 2019 --step evaluate --infer-batch 32 --run-tag pilot_e2_fine --force-citywide --no-hillshade,1
20260831T021859Z_2019_pilot_e2_fine_inference,20260831T021859Z,2026-08-31,inference,pilot_e2_fine,2019,v048,222dc3f53ac6,false,work/20260824-sectors,NVIDIA A100-SXM4-40GB,40.0,,,2,42,42,false,2019_king_rgb.tif,10.0,edmonds_canopy_mask_2020.tif,287816390,,true,a7bfd7980553,inferred_current,750a2da13fd5,705,3.13.15,--year 2019 --step inference --infer-batch 32 --run-tag pilot_e2_fine --force-citywide --no-hillshade,1
20260831T023046Z_2019n_pilot_e2_coarse_evaluate,20260831T023046Z,2026-08-31,evaluate,pilot_e2_coarse,2019n,v048,06c7b9888750,false,work/20260824-sectors,NVIDIA L4,22.5,,,2,42,42,false,2019_naip_60cm_rgbi.tif,60.0,edmonds_canopy_mask_2020.tif,287816390,,true,cda7c1cb5d2a,inferred_current,750a2da13fd5,705,3.13.15,--year 2019n --step evaluate --infer-batch 32 --run-tag pilot_e2_coarse --force-citywide --no-hillshade,0
20260831T024236Z_2019_pilot_e2_fine_postproc,20260831T024236Z,2026-08-31,postproc,pilot_e2_fine,2019,v048,222dc3f53ac6,false,work/20260824-sectors,NVIDIA A100-SXM4-40GB,40.0,,,2,42,42,false,2019_king_rgb.tif,10.0,edmonds_canopy_mask_2020.tif,287816390,,true,a7bfd7980553,inferred_current,750a2da13fd5,705,3.13.15,--year 2019 --step postproc --infer-batch 32 --run-tag pilot_e2_fine --force-citywide --no-hillshade,1
20260831T035152Z_2019n_pilot_e2_coarse_evaluate,20260831T035152Z,2026-08-31,evaluate,pilot_e2_coarse,2019n,v048,0affe7923871,false,work/20260824-sectors,NVIDIA A100-SXM4-40GB,40.0,,,2,42,42,false,2019_naip_60cm_rgbi.tif,60.0,edmonds_canopy_mask_2020.tif,287816390,,true,cda7c1cb5d2a,inferred_current,23f2a279aeb8,704,3.13.15,--year 2019n --step evaluate --infer-batch 32 --run-tag pilot_e2_coarse --force-citywide --no-hillshade,1
20260831T041837Z_2019n_pilot_e2_coarse_inference,20260831T041837Z,2026-08-31,inference,pilot_e2_coarse,2019n,v048,0affe7923871,false,work/20260824-sectors,NVIDIA A100-SXM4-40GB,40.0,,,2,42,42,false,2019_naip_60cm_rgbi.tif,60.0,edmonds_canopy_mask_2020.tif,287816390,,true,cda7c1cb5d2a,inferred_current,750a2da13fd5,705,3.13.15,--year 2019n --step inference --infer-batch 32 --run-tag pilot_e2_coarse --force-citywide --no-hillshade,1
20260831T042348Z_2019n_pilot_e2_coarse_postproc,20260831T042348Z,2026-08-31,postproc,pilot_e2_coarse,2019n,v048,0affe7923871,false,work/20260824-sectors,NVIDIA A100-SXM4-40GB,40.0,,,2,42,42,false,2019_naip_60cm_rgbi.tif,60.0,edmonds_canopy_mask_2020.tif,287816390,,true,cda7c1cb5d2a,inferred_current,750a2da13fd5,705,3.13.15,--year 2019n --step postproc --infer-batch 32 --run-tag pilot_e2_coarse --force-citywide --no-hillshade,1
20260831T234045Z_2019n_pilot_e2_coarse_inference,20260831T234045Z,2026-08-31,inference,pilot_e2_coarse,2019n,v048,bf4c272279ef,false,work/20260824-sectors,NVIDIA L4,22.5,unet,resnet101,2,42,42,false,2019_naip_60cm_rgbi.tif,60.0,edmonds_canopy_mask_2020.tif,287816390,,true,cda7c1cb5d2a,inferred_current,fa5cb4b80b4d,705,3.13.15,--year 2019n --step inference --infer-batch 32 --run-tag pilot_e2_coarse --force-citywide --no-hillshade,1
20260831T234737Z_2019n_pilot_e2_coarse_postproc,20260831T234737Z,2026-08-31,postproc,pilot_e2_coarse,2019n,v048,bf4c272279ef,false,work/20260824-sectors,NVIDIA L4,22.5,unet,resnet101,2,42,42,false,2019_naip_60cm_rgbi.tif,60.0,edmonds_canopy_mask_2020.tif,287816390,,true,cda7c1cb5d2a,inferred_current,6fe6fbfbf0f8,706,3.13.15,--year 2019n --step postproc --infer-batch 32 --run-tag pilot_e2_coarse --force-citywide --no-hillshade,1
20260901T053132Z_2003s_sectors_v1_postproc,20260901T053132Z,2026-09-01,postproc,sectors_v1,2003s,v048,d51362ea9f4f,false,work/20260824-sectors,,,unet,resnet101,3,42,42,false,2003_snoh_1ft_rgb.tif,30.5,edmonds_canopy_mask_2020.tif,287816390,,false,,none,d568ffc369f8,643,3.13.15,--year 2003s --step postproc --run-tag sectors_v1,1
20260901T053235Z_2005_citywide_rgb_postproc,20260901T053235Z,2026-09-01,postproc,citywide_rgb,2005,v048,d51362ea9f4f,false,work/20260824-sectors,,,unet,resnet101,3,42,42,false,2005_king_rgb.tif,20.1,edmonds_canopy_mask_2020.tif,287816390,,false,,none,d568ffc369f8,643,3.13.15,--year 2005 --step postproc --run-tag citywide_rgb,1
20260901T053306Z_2006s_sectors_v1_postproc,20260901T053306Z,2026-09-01,postproc,sectors_v1,2006s,v048,d51362ea9f4f,false,work/20260824-sectors,,,unet,resnet101,3,42,42,false,2006_snoh_1m_rgb.tif,100.0,edmonds_canopy_mask_2020.tif,287816390,,false,,none,d568ffc369f8,643,3.13.15,--year 2006s --step postproc --run-tag sectors_v1,1
20260901T053555Z_2007_citywide_rgb_postproc,20260901T053555Z,2026-09-01,postproc,citywide_rgb,2007,v048,d51362ea9f4f,false,work/20260824-sectors,,,unet,resnet101,3,42,42,false,2007_king_rgb.tif,20.1,edmonds_canopy_mask_2020.tif,287816390,,false,,none,d568ffc369f8,643,3.13.15,--year 2007 --step postproc --run-tag citywide_rgb,1
20260901T053749Z_2009_citywide_rgb_postproc,20260901T053749Z,2026-09-01,postproc,citywide_rgb,2009,v048,d51362ea9f4f,false,work/20260824-sectors,,,unet,resnet101,3,42,42,false,2009_king_rgb.tif,20.1,edmonds_canopy_mask_2020.tif,287816390,,false,,none,d568ffc369f8,643,3.13.15,--year 2009 --step postproc --run-tag citywide_rgb,1
20260901T053953Z_2011s_sectors_v1_postproc,20260901T053953Z,2026-09-01,postproc,sectors_v1,2011s,v048,d51362ea9f4f,false,work/20260824-sectors,,,unet,resnet101,3,42,42,false,2011_snoh_1ft_rgb.tif,30.5,edmonds_canopy_mask_2020.tif,287816390,,false,,none,d568ffc369f8,643,3.13.15,--year 2011s --step postproc --run-tag sectors_v1,1
20260901T054149Z_2012s_sectors_v1_postproc,20260901T054149Z,2026-09-01,postproc,sectors_v1,2012s,v048,d51362ea9f4f,false,work/20260824-sectors,,,unet,resnet101,3,42,42,false,2012_snoh_9in_rgb.tif,22.9,edmonds_canopy_mask_2020.tif,287816390,,false,,none,d568ffc369f8,643,3.13.15,--year 2012s --step postproc --run-tag sectors_v1,1
20260901T054303Z_2018s_sectors_v1_postproc,20260901T054303Z,2026-09-01,postproc,sectors_v1,2018s,v048,d51362ea9f4f,false,work/20260824-sectors,,,unet,resnet101,3,42,42,false,2018_snoh_6in_rgbi.tif,15.2,edmonds_canopy_mask_2020.tif,287816390,,false,,none,d568ffc369f8,643,3.13.15,--year 2018s --step postproc --run-tag sectors_v1,1
20260901T054405Z_2019_citywide_rgb_postproc,20260901T054405Z,2026-09-01,postproc,citywide_rgb,2019,v048,d51362ea9f4f,false,work/20260824-sectors,,,unet,resnet101,3,42,42,false,2019_king_rgb.tif,10.0,edmonds_canopy_mask_2020.tif,287816390,,false,,none,d568ffc369f8,643,3.13.15,--year 2019 --step postproc --run-tag citywide_rgb,1
20260901T055155Z_2019_citywide_rgb_postproc,20260901T055155Z,2026-09-01,postproc,citywide_rgb,2019,v048,e4717732b824,false,work/20260824-sectors,,,unet,resnet101,3,42,42,false,2019_king_rgb.tif,10.0,edmonds_canopy_mask_2020.tif,287816390,,false,,none,e6cd5d9c40c6,643,3.13.15,--year 2019 --step postproc --run-tag citywide_rgb,1
20260901T055313Z_2022_citywide_rgb_postproc,20260901T055313Z,2026-09-01,postproc,citywide_rgb,2022,v048,e4717732b824,false,work/20260824-sectors,,,unet,resnet101,3,42,42,false,2022_coe_rgb.tif,5.0,edmonds_canopy_mask_2020.tif,287816390,,false,,none,e6cd5d9c40c6,643,3.13.15,--year 2022 --step postproc --run-tag citywide_rgb,1
20260901T055505Z_2024_citywide_rgb_postproc,20260901T055505Z,2026-09-01,postproc,citywide_rgb,2024,v048,e4717732b824,false,work/20260824-sectors,,,unet,resnet101,3,42,42,false,2024_coe_rgb.tif,5.0,edmonds_canopy_mask_2020.tif,287816390,,false,,none,e6cd5d9c40c6,643,3.13.15,--year 2024 --step postproc --run-tag citywide_rgb,1
20260901T055559Z_2021_citywide_rgb_postproc,20260901T055559Z,2026-09-01,postproc,citywide_rgb,2021,v048,e4717732b824,false,work/20260824-sectors,,,unet,resnet101,3,42,42,false,2021_king_rgb.tif,10.0,edmonds_canopy_mask_2020.tif,287816390,,false,,none,e6cd5d9c40c6,643,3.13.15,--year 2021 --step postproc --run-tag citywide_rgb,1
20260901T061400Z_2019_pilot_e2_fine_postproc,20260901T061400Z,2026-09-01,postproc,pilot_e2_fine,2019,v048,e4717732b824,false,work/20260824-sectors,,,unet,resnet101,3,42,42,false,2019_king_rgb.tif,10.0,edmonds_canopy_mask_2020.tif,287816390,,false,a7bfd7980553,inferred_current,e6cd5d9c40c6,643,3.13.15,--year 2019 --step postproc --run-tag pilot_e2_fine,1
20260901T061435Z_2009_citywide_rgb_postproc,20260901T061435Z,2026-09-01,postproc,citywide_rgb,2009,v048,e4717732b824,false,work/20260824-sectors,,,unet,resnet101,3,42,42,false,2009_king_rgb.tif,20.1,edmonds_canopy_mask_2020.tif,287816390,,false,,none,e6cd5d9c40c6,643,3.13.15,--year 2009 --step postproc --run-tag citywide_rgb,1
20260901T061850Z_2018s_sectors_v1_postproc,20260901T061850Z,2026-09-01,postproc,sectors_v1,2018s,v048,e4717732b824,false,work/20260824-sectors,,,unet,resnet101,3,42,42,false,2018_snoh_6in_rgbi.tif,15.2,edmonds_canopy_mask_2020.tif,287816390,,false,,none,e6cd5d9c40c6,643,3.13.15,--year 2018s --step postproc --run-tag sectors_v1,1
20260901T062958Z_2020s_sectors_v1_postproc,20260901T062958Z,2026-09-01,postproc,sectors_v1,2020s,v048,e4717732b824,false,work/20260824-sectors,,,unet,resnet101,3,42,42,false,2020_snoh_3in_rgb.tif,7.6,edmonds_canopy_mask_2020.tif,287816390,,false,,none,e6cd5d9c40c6,643,3.13.15,--year 2020s --step postproc --run-tag sectors_v1,1
20260901T063416Z_2003s_sectors_v1_postproc,20260901T063416Z,2026-09-01,postproc,sectors_v1,2003s,v048,e4717732b824,false,work/20260824-sectors,,,unet,resnet101,3,42,42,false,2003_snoh_1ft_rgb.tif,30.5,edmonds_canopy_mask_2020.tif,287816390,,false,,none,e6cd5d9c40c6,643,3.13.15,--year 2003s --step postproc --run-tag sectors_v1,1
20260901T063733Z_2019n_p2nir_postproc,20260901T063733Z,2026-09-01,postproc,p2nir,2019n,v048,e4717732b824,false,work/20260824-sectors,,,unet,resnet101,3,42,42,false,2019_naip_60cm_rgbi.tif,60.0,edmonds_canopy_mask_2020.tif,287816390,,false,,none,e6cd5d9c40c6,643,3.13.15,--year 2019n --step postproc --run-tag p2nir,1
20260901T064101Z_2019n_pilot_e2_coarse_postproc,20260901T064101Z,2026-09-01,postproc,pilot_e2_coarse,2019n,v048,e4717732b824,false,work/20260824-sectors,,,unet,resnet101,3,42,42,false,2019_naip_60cm_rgbi.tif,60.0,edmonds_canopy_mask_2020.tif,287816390,,false,cda7c1cb5d2a,inferred_current,e6cd5d9c40c6,643,3.13.15,--year 2019n --step postproc --run-tag pilot_e2_coarse,1
20260901T065801Z_2021s_p2nir_postproc,20260901T065801Z,2026-09-01,postproc,p2nir,2021s,v048,e4717732b824,false,work/20260824-sectors,,,unet,resnet101,3,42,42,false,2021_snoh_6in_rgbi.tif,15.2,edmonds_canopy_mask_2020.tif,287816390,,false,,none,e6cd5d9c40c6,643,3.13.15,--year 2021s --step postproc --run-tag p2nir,1
20260901T065904Z_2005_citywide_rgb_postproc,20260901T065904Z,2026-09-01,postproc,citywide_rgb,2005,v048,e4717732b824,false,work/20260824-sectors,,,unet,resnet101,3,42,42,false,2005_king_rgb.tif,20.1,edmonds_canopy_mask_2020.tif,287816390,,false,,none,e6cd5d9c40c6,643,3.13.15,--year 2005 --step postproc --run-tag citywide_rgb,1
20260901T070658Z_2011s_sectors_v1_postproc,20260901T070658Z,2026-09-01,postproc,sectors_v1,2011s,v048,e4717732b824,false,work/20260824-sectors,,,unet,resnet101,3,42,42,false,2011_snoh_1ft_rgb.tif,30.5,edmonds_canopy_mask_2020.tif,287816390,,false,,none,e6cd5d9c40c6,643,3.13.15,--year 2011s --step postproc --run-tag sectors_v1,1
20260901T071435Z_2019s_pilot_e2_medium_postproc,20260901T071435Z,2026-09-01,postproc,pilot_e2_medium,2019s,v048,e4717732b824,false,work/20260824-sectors,,,unet,resnet101,3,42,42,false,2019_snoh_1ft_rgbi.tif,30.5,edmonds_canopy_mask_2020.tif,287816390,,false,ee05afb52517,inferred_current,e6cd5d9c40c6,643,3.13.15,--year 2019s --step postproc --run-tag pilot_e2_medium,1
20260901T071843Z_2006s_sectors_v1_postproc,20260901T071843Z,2026-09-01,postproc,sectors_v1,2006s,v048,e4717732b824,false,work/20260824-sectors,,,unet,resnet101,3,42,42,false,2006_snoh_1m_rgb.tif,100.0,edmonds_canopy_mask_2020.tif,287816390,,false,,none,e6cd5d9c40c6,643,3.13.15,--year 2006s --step postproc --run-tag sectors_v1,1
20260901T073458Z_2023_citywide_rgb_postproc,20260901T073458Z,2026-09-01,postproc,citywide_rgb,2023,v048,e4717732b824,false,work/20260824-sectors,,,unet,resnet101,3,42,42,false,2023_king_rgb.tif,10.0,edmonds_canopy_mask_2020.tif,287816390,,false,,none,e6cd5d9c40c6,643,3.13.15,--year 2023 --step postproc --run-tag citywide_rgb,1
20260901T080758Z_2007_citywide_rgb_postproc,20260901T080758Z,2026-09-01,postproc,citywide_rgb,2007,v048,e4717732b824,false,work/20260824-sectors,,,unet,resnet101,3,42,42,false,2007_king_rgb.tif,20.1,edmonds_canopy_mask_2020.tif,287816390,,false,,none,e6cd5d9c40c6,643,3.13.15,--year 2007 --step postproc --run-tag citywide_rgb,1
20260901T081538Z_2012s_sectors_v1_postproc,20260901T081538Z,2026-09-01,postproc,sectors_v1,2012s,v048,e4717732b824,false,work/20260824-sectors,,,unet,resnet101,3,42,42,false,2012_snoh_9in_rgb.tif,22.9,edmonds_canopy_mask_2020.tif,287816390,,false,,none,e6cd5d9c40c6,643,3.13.15,--year 2012s --step postproc --run-tag sectors_v1,1
20260901T082455Z_2023n_untagged_postproc,20260901T082455Z,2026-09-01,postproc,,2023n,v048,e4717732b824,false,work/20260824-sectors,,,unet,resnet101,3,42,42,false,2023_naip_60cm_rgbi.tif,60.0,edmonds_canopy_mask_2020.tif,287816390,,false,,none,e6cd5d9c40c6,643,3.13.15,--year 2023n --step postproc,1
20260901T084840Z_2023n_untagged_postproc,20260901T084840Z,2026-09-01,postproc,,2023n,v048,8d832069bccf,false,work/20260824-sectors,,,unet,resnet101,3,42,42,false,2023_naip_60cm_rgbi.tif,60.0,edmonds_canopy_mask_2020.tif,287816390,,false,,none,143bea026a53,643,3.13.15,--year 2023n --step postproc --allow-overwrite,1
20260901T172559Z_2006s_hy_e3_2006s_labels,20260901T172559Z,2026-09-01,labels,hy_e3_2006s,2006s,v048,28735616bf28,false,work/20260824-sectors,NVIDIA A100-SXM4-40GB,40.0,unet,resnet101,3,42,42,false,2006_snoh_1m_rgb.tif,100.0,edmonds_canopy_mask_2020.tif,287816390,,true,e7a67d2fe2f4,inferred_current,96c512c8c4d5,705,3.13.15,--year 2006s --step labels --infer-batch 32 --run-tag hy_e3_2006s --force-citywide --no-hillshade,1
20260901T173746Z_2006s_hy_e3_2006s_tile,20260901T173746Z,2026-09-01,tile,hy_e3_2006s,2006s,v048,28735616bf28,false,work/20260824-sectors,NVIDIA A100-SXM4-40GB,40.0,unet,resnet101,3,42,42,false,2006_snoh_1m_rgb.tif,100.0,edmonds_canopy_mask_2020.tif,287816390,,true,e7a67d2fe2f4,inferred_current,96c512c8c4d5,705,3.13.15,--year 2006s --step tile --infer-batch 32 --run-tag hy_e3_2006s --force-citywide --no-hillshade,1
20260901T175255Z_2006s_hy_e3_2006s_train,20260901T175255Z,2026-09-01,train,hy_e3_2006s,2006s,v048,28735616bf28,false,work/20260824-sectors,NVIDIA A100-SXM4-40GB,40.0,unet,resnet101,3,42,42,false,2006_snoh_1m_rgb.tif,100.0,edmonds_canopy_mask_2020.tif,287816390,,true,e7a67d2fe2f4,inferred_current,96c512c8c4d5,705,3.13.15,--year 2006s --step train --infer-batch 32 --run-tag hy_e3_2006s --force-citywide --no-hillshade,1
20260901T180353Z_2006s_hy_e3_2006s_train,20260901T180353Z,2026-09-01,train,hy_e3_2006s,2006s,v048,28735616bf28,false,work/20260824-sectors,NVIDIA A100-SXM4-40GB,40.0,unet,resnet101,3,42,42,false,2006_snoh_1m_rgb.tif,100.0,edmonds_canopy_mask_2020.tif,287816390,,true,e7a67d2fe2f4,inferred_current,29b043a85c17,706,3.13.15,--year 2006s --step train --infer-batch 32 --run-tag hy_e3_2006s --force-citywide --no-hillshade,1
20260901T184604Z_2006s_hy_e3_2006s_evaluate,20260901T184604Z,2026-09-01,evaluate,hy_e3_2006s,2006s,v048,28735616bf28,false,work/20260824-sectors,NVIDIA A100-SXM4-40GB,40.0,unet,resnet101,3,42,42,false,2006_snoh_1m_rgb.tif,100.0,edmonds_canopy_mask_2020.tif,287816390,,true,e7a67d2fe2f4,inferred_current,29b043a85c17,706,3.13.15,--year 2006s --step evaluate --infer-batch 32 --run-tag hy_e3_2006s --force-citywide --no-hillshade,1
20260901T190238Z_2006s_hy_e3_2006s_inference,20260901T190238Z,2026-09-01,inference,hy_e3_2006s,2006s,v048,28735616bf28,false,work/20260824-sectors,NVIDIA A100-SXM4-40GB,40.0,unet,resnet101,3,42,42,false,2006_snoh_1m_rgb.tif,100.0,edmonds_canopy_mask_2020.tif,287816390,,true,e7a67d2fe2f4,inferred_current,29b043a85c17,706,3.13.15,--year 2006s --step inference --infer-batch 32 --run-tag hy_e3_2006s --force-citywide --no-hillshade,1
20260901T195206Z_2011s_hy_e3_2011s_labels,20260901T195206Z,2026-09-01,labels,hy_e3_2011s,2011s,v048,7da09d975793,false,work/20260824-sectors,NVIDIA A100-SXM4-40GB,40.0,unet,resnet101,3,42,42,false,2011_snoh_1ft_rgb.tif,30.5,edmonds_canopy_mask_2020.tif,287816390,,true,77e67464b751,inferred_current,dcb2d603d2cb,705,3.13.15,--year 2011s --step labels --infer-batch 32 --run-tag hy_e3_2011s --force-citywide --no-hillshade,1
20260901T195758Z_2011s_hy_e3_2011s_tile,20260901T195758Z,2026-09-01,tile,hy_e3_2011s,2011s,v048,7da09d975793,false,work/20260824-sectors,NVIDIA A100-SXM4-40GB,40.0,unet,resnet101,3,42,42,false,2011_snoh_1ft_rgb.tif,30.5,edmonds_canopy_mask_2020.tif,287816390,,true,77e67464b751,inferred_current,dcb2d603d2cb,705,3.13.15,--year 2011s --step tile --infer-batch 32 --run-tag hy_e3_2011s --force-citywide --no-hillshade,1
20260901T202556Z_2011s_hy_e3_2011s_train,20260901T202556Z,2026-09-01,train,hy_e3_2011s,2011s,v048,7da09d975793,false,work/20260824-sectors,NVIDIA A100-SXM4-40GB,40.0,unet,resnet101,3,42,42,false,2011_snoh_1ft_rgb.tif,30.5,edmonds_canopy_mask_2020.tif,287816390,,true,77e67464b751,inferred_current,dcb2d603d2cb,705,3.13.15,--year 2011s --step train --infer-batch 32 --run-tag hy_e3_2011s --force-citywide --no-hillshade,1
20260901T210932Z_2011s_hy_e3_2011s_evaluate,20260901T210932Z,2026-09-01,evaluate,hy_e3_2011s,2011s,v048,7da09d975793,false,work/20260824-sectors,NVIDIA A100-SXM4-40GB,40.0,unet,resnet101,3,42,42,false,2011_snoh_1ft_rgb.tif,30.5,edmonds_canopy_mask_2020.tif,287816390,,true,77e67464b751,inferred_current,741dfd57547d,706,3.13.15,--year 2011s --step evaluate --infer-batch 32 --run-tag hy_e3_2011s --force-citywide --no-hillshade,1
20260901T212145Z_2011s_hy_e3_2011s_labels,20260901T212145Z,2026-09-01,labels,hy_e3_2011s,2011s,v048,7da09d975793,false,work/20260824-sectors,NVIDIA A100-SXM4-40GB,40.0,unet,resnet101,3,42,42,false,2011_snoh_1ft_rgb.tif,30.5,edmonds_canopy_mask_2020.tif,287816390,,true,77e67464b751,inferred_current,dcb2d603d2cb,705,3.13.15,--year 2011s --step labels --infer-batch 32 --run-tag hy_e3_2011s --force-citywide --no-hillshade,1
20260901T212755Z_2011s_hy_e3_2011s_tile,20260901T212755Z,2026-09-01,tile,hy_e3_2011s,2011s,v048,7da09d975793,false,work/20260824-sectors,NVIDIA A100-SXM4-40GB,40.0,unet,resnet101,3,42,42,false,2011_snoh_1ft_rgb.tif,30.5,edmonds_canopy_mask_2020.tif,287816390,,true,77e67464b751,inferred_current,dcb2d603d2cb,705,3.13.15,--year 2011s --step tile --infer-batch 32 --run-tag hy_e3_2011s --force-citywide --no-hillshade,1
20260901T213557Z_2011s_hy_e3_2011s_train,20260901T213557Z,2026-09-01,train,hy_e3_2011s,2011s,v048,7da09d975793,false,work/20260824-sectors,NVIDIA A100-SXM4-40GB,40.0,unet,resnet101,3,42,42,false,2011_snoh_1ft_rgb.tif,30.5,edmonds_canopy_mask_2020.tif,287816390,,true,77e67464b751,inferred_current,dcb2d603d2cb,705,3.13.15,--year 2011s --step train --infer-batch 32 --run-tag hy_e3_2011s --force-citywide --no-hillshade,1
20260901T222052Z_2011s_hy_e3_2011s_evaluate,20260901T222052Z,2026-09-01,evaluate,hy_e3_2011s,2011s,v048,7da09d975793,false,work/20260824-sectors,NVIDIA A100-SXM4-40GB,40.0,unet,resnet101,3,42,42,false,2011_snoh_1ft_rgb.tif,30.5,edmonds_canopy_mask_2020.tif,287816390,,true,77e67464b751,inferred_current,741dfd57547d,706,3.13.15,--year 2011s --step evaluate --infer-batch 32 --run-tag hy_e3_2011s --force-citywide --no-hillshade,1
20260901T222848Z_2011s_hy_e3_2011s_inference,20260901T222848Z,2026-09-01,inference,hy_e3_2011s,2011s,v048,7da09d975793,false,work/20260824-sectors,NVIDIA A100-SXM4-40GB,40.0,unet,resnet101,3,42,42,false,2011_snoh_1ft_rgb.tif,30.5,edmonds_canopy_mask_2020.tif,287816390,,true,77e67464b751,inferred_current,741dfd57547d,706,3.13.15,--year 2011s --step inference --infer-batch 32 --run-tag hy_e3_2011s --force-citywide --no-hillshade,1
20260901T223250Z_2011s_hy_e3_2011s_postproc,20260901T223250Z,2026-09-01,postproc,hy_e3_2011s,2011s,v048,7da09d975793,false,work/20260824-sectors,NVIDIA A100-SXM4-40GB,40.0,unet,resnet101,3,42,42,false,2011_snoh_1ft_rgb.tif,30.5,edmonds_canopy_mask_2020.tif,287816390,,true,77e67464b751,inferred_current,741dfd57547d,706,3.13.15,--year 2011s --step postproc --infer-batch 32 --run-tag hy_e3_2011s --force-citywide --no-hillshade,1
20260902T002831Z_2011s_hy_e3_2011s_postproc,20260902T002831Z,2026-09-02,postproc,hy_e3_2011s,2011s,v048,5088ad9abe90,false,work/20260824-sectors,,,unet,resnet101,3,42,42,false,2011_snoh_1ft_rgb.tif,30.5,edmonds_canopy_mask_2020.tif,287816390,,false,77e67464b751,inferred_current,3e168b1e2173,643,3.13.15,--year 2011s --step postproc --run-tag hy_e3_2011s --infer-thresh 0.314961,1
20260902T003400Z_2006s_hy_e3_2006s_postproc,20260902T003400Z,2026-09-02,postproc,hy_e3_2006s,2006s,v048,5088ad9abe90,false,work/20260824-sectors,,,unet,resnet101,3,42,42,false,2006_snoh_1m_rgb.tif,100.0,edmonds_canopy_mask_2020.tif,287816390,,false,e7a67d2fe2f4,inferred_current,3e168b1e2173,643,3.13.15,--year 2006s --step postproc --run-tag hy_e3_2006s --infer-thresh 0.334646,1
20260902T005301Z_2011s_hy_e3_2011s_postproc,20260902T005301Z,2026-09-02,postproc,hy_e3_2011s,2011s,v048,684a6bf19c3c,false,work/20260824-sectors,,,unet,resnet101,3,42,42,false,2011_snoh_1ft_rgb.tif,30.5,edmonds_canopy_mask_2020.tif,287816390,,false,77e67464b751,inferred_current,df9a65c04f40,643,3.13.15,--year 2011s --step postproc --run-tag hy_e3_2011s --infer-thresh 0.318897,1
20260902T010044Z_2006s_hy_e3_2006s_postproc,20260902T010044Z,2026-09-02,postproc,hy_e3_2006s,2006s,v048,684a6bf19c3c,false,work/20260824-sectors,,,unet,resnet101,3,42,42,false,2006_snoh_1m_rgb.tif,100.0,edmonds_canopy_mask_2020.tif,287816390,,false,e7a67d2fe2f4,inferred_current,df9a65c04f40,643,3.13.15,--year 2006s --step postproc --run-tag hy_e3_2006s --infer-thresh 0.338582,1
20260902T051701Z_2006s_t1_2006s_base_labels,20260902T051701Z,2026-09-02,labels,t1_2006s_base,2006s,v048,7ef2f11036ab,false,work/20260824-sectors,,,unet,resnet101,3,42,42,false,2006_snoh_1m_rgb.tif,100.0,edmonds_canopy_mask_2020.tif,287816390,,true,d219f4d84a6a,inferred_current,fcb23b728757,643,3.13.15,--year 2006s --step labels --infer-batch 32 --run-tag t1_2006s_base --force-citywide --sample-manifest /content/drive/MyDrive/treedata/phase4/qc/sample_tiles_2006s.csv --no-hillshade,1
20260902T052038Z_2011s_t1_2011s_base_labels,20260902T052038Z,2026-09-02,labels,t1_2011s_base,2011s,v048,7ef2f11036ab,false,work/20260824-sectors,,,unet,resnet101,3,42,42,false,2011_snoh_1ft_rgb.tif,30.5,edmonds_canopy_mask_2020.tif,287816390,,true,8df07a5c6853,inferred_current,fcb23b728757,643,3.13.15,--year 2011s --step labels --infer-batch 32 --run-tag t1_2011s_base --force-citywide --sample-manifest /content/drive/MyDrive/treedata/phase4/qc/sample_tiles_2011s.csv --no-hillshade,1
20260902T052107Z_2016_t1_2016_base_labels,20260902T052107Z,2026-09-02,labels,t1_2016_base,2016,v048,7ef2f11036ab,false,work/20260824-sectors,,,unet,resnet101,3,42,42,false,2016_snoh_1ft_rgbi.tif,30.5,edmonds_canopy_mask_2020.tif,287816390,,true,fb0b72be2e05,inferred_current,fcb23b728757,643,3.13.15,--year 2016 --step labels --infer-batch 32 --run-tag t1_2016_base --force-citywide --sample-manifest /content/drive/MyDrive/treedata/phase4/qc/sample_tiles_2016.csv --no-hillshade,1
20260902T052449Z_2006s_t1_2006s_base_tile,20260902T052449Z,2026-09-02,tile,t1_2006s_base,2006s,v048,7ef2f11036ab,false,work/20260824-sectors,,,unet,resnet101,3,42,42,false,2006_snoh_1m_rgb.tif,100.0,edmonds_canopy_mask_2020.tif,287816390,,true,d219f4d84a6a,inferred_current,fcb23b728757,643,3.13.15,--year 2006s --step tile --infer-batch 32 --run-tag t1_2006s_base --force-citywide --sample-manifest /content/drive/MyDrive/treedata/phase4/qc/sample_tiles_2006s.csv --no-hillshade,1
20260902T052756Z_2016_t1_2016_base_tile,20260902T052756Z,2026-09-02,tile,t1_2016_base,2016,v048,7ef2f11036ab,false,work/20260824-sectors,,,unet,resnet101,3,42,42,false,2016_snoh_1ft_rgbi.tif,30.5,edmonds_canopy_mask_2020.tif,287816390,,true,fb0b72be2e05,inferred_current,fcb23b728757,643,3.13.15,--year 2016 --step tile --infer-batch 32 --run-tag t1_2016_base --force-citywide --sample-manifest /content/drive/MyDrive/treedata/phase4/qc/sample_tiles_2016.csv --no-hillshade,1
20260902T052950Z_2011s_t1_2011s_base_tile,20260902T052950Z,2026-09-02,tile,t1_2011s_base,2011s,v048,7ef2f11036ab,false,work/20260824-sectors,,,unet,resnet101,3,42,42,false,2011_snoh_1ft_rgb.tif,30.5,edmonds_canopy_mask_2020.tif,287816390,,true,8df07a5c6853,inferred_current,fcb23b728757,643,3.13.15,--year 2011s --step tile --infer-batch 32 --run-tag t1_2011s_base --force-citywide --sample-manifest /content/drive/MyDrive/treedata/phase4/qc/sample_tiles_2011s.csv --no-hillshade,1
20260902T053642Z_2006s_t1_2006s_add05_labels,20260902T053642Z,2026-09-02,labels,t1_2006s_add05,2006s,v048,7ef2f11036ab,false,work/20260824-sectors,,,unet,resnet101,3,42,42,false,2006_snoh_1m_rgb.tif,100.0,edmonds_canopy_mask_2020.tif,287816390,add_chm2005.tif,true,c12ba42ecca3,inferred_current,fcb23b728757,643,3.13.15,--year 2006s --step labels --infer-batch 32 --run-tag t1_2006s_add05 --force-citywide --sample-manifest /content/drive/MyDrive/treedata/phase4/qc/sample_tiles_2006s.csv --no-hillshade --add-canopy-mask /content/drive/MyDrive/treedata/phase4/labels_corrected/add_chm2005.tif,1
20260902T054301Z_2006s_t1_2006s_add05_tile,20260902T054301Z,2026-09-02,tile,t1_2006s_add05,2006s,v048,7ef2f11036ab,false,work/20260824-sectors,,,unet,resnet101,3,42,42,false,2006_snoh_1m_rgb.tif,100.0,edmonds_canopy_mask_2020.tif,287816390,add_chm2005.tif,true,c12ba42ecca3,inferred_current,fcb23b728757,643,3.13.15,--year 2006s --step tile --infer-batch 32 --run-tag t1_2006s_add05 --force-citywide --sample-manifest /content/drive/MyDrive/treedata/phase4/qc/sample_tiles_2006s.csv --no-hillshade --add-canopy-mask /content/drive/MyDrive/treedata/phase4/labels_corrected/add_chm2005.tif,1
20260902T054439Z_2016_t1_2016_add05_labels,20260902T054439Z,2026-09-02,labels,t1_2016_add05,2016,v048,7ef2f11036ab,false,work/20260824-sectors,,,unet,resnet101,3,42,42,false,2016_snoh_1ft_rgbi.tif,30.5,edmonds_canopy_mask_2020.tif,287816390,add_chm2005.tif,true,039e90cc3757,inferred_current,fcb23b728757,643,3.13.15,--year 2016 --step labels --infer-batch 32 --run-tag t1_2016_add05 --force-citywide --sample-manifest /content/drive/MyDrive/treedata/phase4/qc/sample_tiles_2016.csv --no-hillshade --add-canopy-mask /content/drive/MyDrive/treedata/phase4/labels_corrected/add_chm2005.tif,1
20260902T054852Z_2016_t1_2016_add05_tile,20260902T054852Z,2026-09-02,tile,t1_2016_add05,2016,v048,7ef2f11036ab,false,work/20260824-sectors,,,unet,resnet101,3,42,42,false,2016_snoh_1ft_rgbi.tif,30.5,edmonds_canopy_mask_2020.tif,287816390,add_chm2005.tif,true,039e90cc3757,inferred_current,fcb23b728757,643,3.13.15,--year 2016 --step tile --infer-batch 32 --run-tag t1_2016_add05 --force-citywide --sample-manifest /content/drive/MyDrive/treedata/phase4/qc/sample_tiles_2016.csv --no-hillshade --add-canopy-mask /content/drive/MyDrive/treedata/phase4/labels_corrected/add_chm2005.tif,1
20260902T055453Z_2006s_t1_2006s_add16_labels,20260902T055453Z,2026-09-02,labels,t1_2006s_add16,2006s,v048,7ef2f11036ab,false,work/20260824-sectors,,,unet,resnet101,3,42,42,false,2006_snoh_1m_rgb.tif,100.0,edmonds_canopy_mask_2020.tif,287816390,add_chm2016.tif,true,e40db5526c3b,inferred_current,fcb23b728757,643,3.13.15,--year 2006s --step labels --infer-batch 32 --run-tag t1_2006s_add16 --force-citywide --sample-manifest /content/drive/MyDrive/treedata/phase4/qc/sample_tiles_2006s.csv --no-hillshade --add-canopy-mask /content/drive/MyDrive/treedata/phase4/labels_corrected/add_chm2016.tif,1
20260902T055457Z_2011s_t1_2011s_base_s2_labels,20260902T055457Z,2026-09-02,labels,t1_2011s_base_s2,2011s,v048,7ef2f11036ab,false,work/20260824-sectors,,,unet,resnet101,3,43,42,false,2011_snoh_1ft_rgb.tif,30.5,edmonds_canopy_mask_2020.tif,287816390,,true,8df07a5c6853,inferred_current,fcb23b728757,643,3.13.15,--year 2011s --step labels --infer-batch 32 --run-tag t1_2011s_base_s2 --force-citywide --sample-manifest /content/drive/MyDrive/treedata/phase4/qc/sample_tiles_2011s.csv --no-hillshade --seed 43,1
20260902T060256Z_2011s_t1_2011s_base_s2_tile,20260902T060256Z,2026-09-02,tile,t1_2011s_base_s2,2011s,v048,7ef2f11036ab,false,work/20260824-sectors,,,unet,resnet101,3,43,42,false,2011_snoh_1ft_rgb.tif,30.5,edmonds_canopy_mask_2020.tif,287816390,,true,8df07a5c6853,inferred_current,fcb23b728757,643,3.13.15,--year 2011s --step tile --infer-batch 32 --run-tag t1_2011s_base_s2 --force-citywide --sample-manifest /content/drive/MyDrive/treedata/phase4/qc/sample_tiles_2011s.csv --no-hillshade --seed 43,1
20260902T060338Z_2006s_t1_2006s_add16_tile,20260902T060338Z,2026-09-02,tile,t1_2006s_add16,2006s,v048,7ef2f11036ab,false,work/20260824-sectors,,,unet,resnet101,3,42,42,false,2006_snoh_1m_rgb.tif,100.0,edmonds_canopy_mask_2020.tif,287816390,add_chm2016.tif,true,e40db5526c3b,inferred_current,fcb23b728757,643,3.13.15,--year 2006s --step tile --infer-batch 32 --run-tag t1_2006s_add16 --force-citywide --sample-manifest /content/drive/MyDrive/treedata/phase4/qc/sample_tiles_2006s.csv --no-hillshade --add-canopy-mask /content/drive/MyDrive/treedata/phase4/labels_corrected/add_chm2016.tif,1
20260902T061101Z_2006s_t1_2006s_in05_labels,20260902T061101Z,2026-09-02,labels,t1_2006s_in05,2006s,v048,7ef2f11036ab,false,work/20260824-sectors,,,unet,resnet101,3,42,42,false,2006_snoh_1m_rgb.tif,100.0,edmonds_canopy_mask_2020.tif,287816390,,true,a48b358e09c4,inferred_current,fcb23b728757,643,3.13.15,--year 2006s --step labels --infer-batch 32 --run-tag t1_2006s_in05 --force-citywide --sample-manifest /content/drive/MyDrive/treedata/phase4/qc/sample_tiles_2006s.csv --hs-source chm2005,1
20260902T061101Z_2016_t1_2016_add16_labels,20260902T061101Z,2026-09-02,labels,t1_2016_add16,2016,v048,7ef2f11036ab,false,work/20260824-sectors,,,unet,resnet101,3,42,42,false,2016_snoh_1ft_rgbi.tif,30.5,edmonds_canopy_mask_2020.tif,287816390,add_chm2016.tif,true,bda3aed311d2,inferred_current,fcb23b728757,643,3.13.15,--year 2016 --step labels --infer-batch 32 --run-tag t1_2016_add16 --force-citywide --sample-manifest /content/drive/MyDrive/treedata/phase4/qc/sample_tiles_2016.csv --no-hillshade --add-canopy-mask /content/drive/MyDrive/treedata/phase4/labels_corrected/add_chm2016.tif,1
20260902T061441Z_2016_t1_2016_add16_tile,20260902T061441Z,2026-09-02,tile,t1_2016_add16,2016,v048,7ef2f11036ab,false,work/20260824-sectors,,,unet,resnet101,3,42,42,false,2016_snoh_1ft_rgbi.tif,30.5,edmonds_canopy_mask_2020.tif,287816390,add_chm2016.tif,true,bda3aed311d2,inferred_current,fcb23b728757,643,3.13.15,--year 2016 --step tile --infer-batch 32 --run-tag t1_2016_add16 --force-citywide --sample-manifest /content/drive/MyDrive/treedata/phase4/qc/sample_tiles_2016.csv --no-hillshade --add-canopy-mask /content/drive/MyDrive/treedata/phase4/labels_corrected/add_chm2016.tif,1
20260902T062039Z_2006s_t1_2006s_in05_tile,20260902T062039Z,2026-09-02,tile,t1_2006s_in05,2006s,v048,7ef2f11036ab,false,work/20260824-sectors,,,unet,resnet101,3,42,42,false,2006_snoh_1m_rgb.tif,100.0,edmonds_canopy_mask_2020.tif,287816390,,true,a48b358e09c4,inferred_current,fcb23b728757,643,3.13.15,--year 2006s --step tile --infer-batch 32 --run-tag t1_2006s_in05 --force-citywide --sample-manifest /content/drive/MyDrive/treedata/phase4/qc/sample_tiles_2006s.csv --hs-source chm2005,1
20260902T062137Z_2011s_t1_2011s_base_s3_labels,20260902T062137Z,2026-09-02,labels,t1_2011s_base_s3,2011s,v048,7ef2f11036ab,false,work/20260824-sectors,,,unet,resnet101,3,44,42,false,2011_snoh_1ft_rgb.tif,30.5,edmonds_canopy_mask_2020.tif,287816390,,true,8df07a5c6853,inferred_current,fcb23b728757,643,3.13.15,--year 2011s --step labels --infer-batch 32 --run-tag t1_2011s_base_s3 --force-citywide --sample-manifest /content/drive/MyDrive/treedata/phase4/qc/sample_tiles_2011s.csv --no-hillshade --seed 44,1
20260902T062844Z_2011s_t1_2011s_base_s3_tile,20260902T062844Z,2026-09-02,tile,t1_2011s_base_s3,2011s,v048,7ef2f11036ab,false,work/20260824-sectors,,,unet,resnet101,3,44,42,false,2011_snoh_1ft_rgb.tif,30.5,edmonds_canopy_mask_2020.tif,287816390,,true,8df07a5c6853,inferred_current,fcb23b728757,643,3.13.15,--year 2011s --step tile --infer-batch 32 --run-tag t1_2011s_base_s3 --force-citywide --sample-manifest /content/drive/MyDrive/treedata/phase4/qc/sample_tiles_2011s.csv --no-hillshade --seed 44,1
20260902T063151Z_2006s_t1_2006s_in16_labels,20260902T063151Z,2026-09-02,labels,t1_2006s_in16,2006s,v048,7ef2f11036ab,false,work/20260824-sectors,,,unet,resnet101,3,42,42,false,2006_snoh_1m_rgb.tif,100.0,edmonds_canopy_mask_2020.tif,287816390,,true,7aca77a79981,inferred_current,fcb23b728757,643,3.13.15,--year 2006s --step labels --infer-batch 32 --run-tag t1_2006s_in16 --force-citywide --sample-manifest /content/drive/MyDrive/treedata/phase4/qc/sample_tiles_2006s.csv --hs-source chm2,1
20260902T063439Z_2016_t1_2016_in05_labels,20260902T063439Z,2026-09-02,labels,t1_2016_in05,2016,v048,7ef2f11036ab,false,work/20260824-sectors,,,unet,resnet101,3,42,42,false,2016_snoh_1ft_rgbi.tif,30.5,edmonds_canopy_mask_2020.tif,287816390,,true,c62da8bd5f09,inferred_current,fcb23b728757,643,3.13.15,--year 2016 --step labels --infer-batch 32 --run-tag t1_2016_in05 --force-citywide --sample-manifest /content/drive/MyDrive/treedata/phase4/qc/sample_tiles_2016.csv --hs-source chm2005,1
20260902T064000Z_2016_t1_2016_in05_tile,20260902T064000Z,2026-09-02,tile,t1_2016_in05,2016,v048,7ef2f11036ab,false,work/20260824-sectors,,,unet,resnet101,3,42,42,false,2016_snoh_1ft_rgbi.tif,30.5,edmonds_canopy_mask_2020.tif,287816390,,true,c62da8bd5f09,inferred_current,fcb23b728757,643,3.13.15,--year 2016 --step tile --infer-batch 32 --run-tag t1_2016_in05 --force-citywide --sample-manifest /content/drive/MyDrive/treedata/phase4/qc/sample_tiles_2016.csv --hs-source chm2005,1
20260902T064058Z_2006s_t1_2006s_in16_tile,20260902T064058Z,2026-09-02,tile,t1_2006s_in16,2006s,v048,7ef2f11036ab,false,work/20260824-sectors,,,unet,resnet101,3,42,42,false,2006_snoh_1m_rgb.tif,100.0,edmonds_canopy_mask_2020.tif,287816390,,true,7aca77a79981,inferred_current,fcb23b728757,643,3.13.15,--year 2006s --step tile --infer-batch 32 --run-tag t1_2006s_in16 --force-citywide --sample-manifest /content/drive/MyDrive/treedata/phase4/qc/sample_tiles_2006s.csv --hs-source chm2,1
20260902T064636Z_2011s_t1_2011s_add05_labels,20260902T064636Z,2026-09-02,labels,t1_2011s_add05,2011s,v048,7ef2f11036ab,false,work/20260824-sectors,,,unet,resnet101,3,42,42,false,2011_snoh_1ft_rgb.tif,30.5,edmonds_canopy_mask_2020.tif,287816390,add_chm2005.tif,true,f18b8df967fc,inferred_current,fcb23b728757,643,3.13.15,--year 2011s --step labels --infer-batch 32 --run-tag t1_2011s_add05 --force-citywide --sample-manifest /content/drive/MyDrive/treedata/phase4/qc/sample_tiles_2011s.csv --no-hillshade --add-canopy-mask /content/drive/MyDrive/treedata/phase4/labels_corrected/add_chm2005.tif,1
20260902T064901Z_2019n_t1_2019n_base_labels,20260902T064901Z,2026-09-02,labels,t1_2019n_base,2019n,v048,7ef2f11036ab,false,work/20260824-sectors,,,unet,resnet101,3,42,42,false,2019_naip_60cm_rgbi.tif,60.0,edmonds_canopy_mask_2020.tif,287816390,,true,618894c3ef98,inferred_current,fcb23b728757,643,3.13.15,--year 2019n --step labels --infer-batch 32 --run-tag t1_2019n_base --force-citywide --sample-manifest /content/drive/MyDrive/treedata/phase4/qc/sample_tiles_2019n.csv --no-hillshade,1
20260902T065453Z_2019n_t1_2019n_base_tile,20260902T065453Z,2026-09-02,tile,t1_2019n_base,2019n,v048,7ef2f11036ab,false,work/20260824-sectors,,,unet,resnet101,3,42,42,false,2019_naip_60cm_rgbi.tif,60.0,edmonds_canopy_mask_2020.tif,287816390,,true,618894c3ef98,inferred_current,fcb23b728757,643,3.13.15,--year 2019n --step tile --infer-batch 32 --run-tag t1_2019n_base --force-citywide --sample-manifest /content/drive/MyDrive/treedata/phase4/qc/sample_tiles_2019n.csv --no-hillshade,1
20260902T065455Z_2011s_t1_2011s_add05_tile,20260902T065455Z,2026-09-02,tile,t1_2011s_add05,2011s,v048,7ef2f11036ab,false,work/20260824-sectors,,,unet,resnet101,3,42,42,false,2011_snoh_1ft_rgb.tif,30.5,edmonds_canopy_mask_2020.tif,287816390,add_chm2005.tif,true,f18b8df967fc,inferred_current,fcb23b728757,643,3.13.15,--year 2011s --step tile --infer-batch 32 --run-tag t1_2011s_add05 --force-citywide --sample-manifest /content/drive/MyDrive/treedata/phase4/qc/sample_tiles_2011s.csv --no-hillshade --add-canopy-mask /content/drive/MyDrive/treedata/phase4/labels_corrected/add_chm2005.tif,1
20260902T065943Z_2016_t1_2016_in16_labels,20260902T065943Z,2026-09-02,labels,t1_2016_in16,2016,v048,7ef2f11036ab,false,work/20260824-sectors,,,unet,resnet101,3,42,42,false,2016_snoh_1ft_rgbi.tif,30.5,edmonds_canopy_mask_2020.tif,287816390,,true,9f288ff8c071,inferred_current,fcb23b728757,643,3.13.15,--year 2016 --step labels --infer-batch 32 --run-tag t1_2016_in16 --force-citywide --sample-manifest /content/drive/MyDrive/treedata/phase4/qc/sample_tiles_2016.csv --hs-source chm2,1
20260902T070745Z_2016_t1_2016_in16_tile,20260902T070745Z,2026-09-02,tile,t1_2016_in16,2016,v048,7ef2f11036ab,false,work/20260824-sectors,,,unet,resnet101,3,42,42,false,2016_snoh_1ft_rgbi.tif,30.5,edmonds_canopy_mask_2020.tif,287816390,,true,9f288ff8c071,inferred_current,fcb23b728757,643,3.13.15,--year 2016 --step tile --infer-batch 32 --run-tag t1_2016_in16 --force-citywide --sample-manifest /content/drive/MyDrive/treedata/phase4/qc/sample_tiles_2016.csv --hs-source chm2,1
20260902T071036Z_2019n_t1_2019n_nir_labels,20260902T071036Z,2026-09-02,labels,t1_2019n_nir,2019n,v048,7ef2f11036ab,false,work/20260824-sectors,,,unet,resnet101,3,42,42,false,2019_naip_60cm_rgbi.tif,60.0,edmonds_canopy_mask_2020.tif,287816390,,true,11b38fdfcf67,inferred_current,fcb23b728757,643,3.13.15,--year 2019n --step labels --infer-batch 32 --run-tag t1_2019n_nir --force-citywide --sample-manifest /content/drive/MyDrive/treedata/phase4/qc/sample_tiles_2019n.csv --hs-source nir,1
20260902T071539Z_2019n_t1_2019n_nir_tile,20260902T071539Z,2026-09-02,tile,t1_2019n_nir,2019n,v048,7ef2f11036ab,false,work/20260824-sectors,,,unet,resnet101,3,42,42,false,2019_naip_60cm_rgbi.tif,60.0,edmonds_canopy_mask_2020.tif,287816390,,true,11b38fdfcf67,inferred_current,fcb23b728757,643,3.13.15,--year 2019n --step tile --infer-batch 32 --run-tag t1_2019n_nir --force-citywide --sample-manifest /content/drive/MyDrive/treedata/phase4/qc/sample_tiles_2019n.csv --hs-source nir,1
20260902T072602Z_2016_t1_2016_nir_labels,20260902T072602Z,2026-09-02,labels,t1_2016_nir,2016,v048,7ef2f11036ab,false,work/20260824-sectors,,,unet,resnet101,3,42,42,false,2016_snoh_1ft_rgbi.tif,30.5,edmonds_canopy_mask_2020.tif,287816390,,true,66af3b1cbf79,inferred_current,fcb23b728757,643,3.13.15,--year 2016 --step labels --infer-batch 32 --run-tag t1_2016_nir --force-citywide --sample-manifest /content/drive/MyDrive/treedata/phase4/qc/sample_tiles_2016.csv --hs-source nir,1
20260902T073042Z_2016_t1_2016_nir_tile,20260902T073042Z,2026-09-02,tile,t1_2016_nir,2016,v048,7ef2f11036ab,false,work/20260824-sectors,,,unet,resnet101,3,42,42,false,2016_snoh_1ft_rgbi.tif,30.5,edmonds_canopy_mask_2020.tif,287816390,,true,66af3b1cbf79,inferred_current,fcb23b728757,643,3.13.15,--year 2016 --step tile --infer-batch 32 --run-tag t1_2016_nir --force-citywide --sample-manifest /content/drive/MyDrive/treedata/phase4/qc/sample_tiles_2016.csv --hs-source nir,1
20260902T073158Z_2011s_t1_2011s_add16_labels,20260902T073158Z,2026-09-02,labels,t1_2011s_add16,2011s,v048,7ef2f11036ab,false,work/20260824-sectors,,,unet,resnet101,3,42,42,false,2011_snoh_1ft_rgb.tif,30.5,edmonds_canopy_mask_2020.tif,287816390,add_chm2016.tif,true,da798ffbabd7,inferred_current,fcb23b728757,643,3.13.15,--year 2011s --step labels --infer-batch 32 --run-tag t1_2011s_add16 --force-citywide --sample-manifest /content/drive/MyDrive/treedata/phase4/qc/sample_tiles_2011s.csv --no-hillshade --add-canopy-mask /content/drive/MyDrive/treedata/phase4/labels_corrected/add_chm2016.tif,1
20260902T074058Z_2011s_t1_2011s_add16_tile,20260902T074058Z,2026-09-02,tile,t1_2011s_add16,2011s,v048,7ef2f11036ab,false,work/20260824-sectors,,,unet,resnet101,3,42,42,false,2011_snoh_1ft_rgb.tif,30.5,edmonds_canopy_mask_2020.tif,287816390,add_chm2016.tif,true,da798ffbabd7,inferred_current,fcb23b728757,643,3.13.15,--year 2011s --step tile --infer-batch 32 --run-tag t1_2011s_add16 --force-citywide --sample-manifest /content/drive/MyDrive/treedata/phase4/qc/sample_tiles_2011s.csv --no-hillshade --add-canopy-mask /content/drive/MyDrive/treedata/phase4/labels_corrected/add_chm2016.tif,1
20260902T074947Z_2020_t1_2020_base_labels,20260902T074947Z,2026-09-02,labels,t1_2020_base,2020,v048,7ef2f11036ab,false,work/20260824-sectors,,,unet,resnet101,3,42,42,false,2020_coe_rgb.tif,5.0,edmonds_canopy_mask_2020.tif,287816390,,true,3bbb309b6ef4,inferred_current,fcb23b728757,643,3.13.15,--year 2020 --step labels --infer-batch 32 --run-tag t1_2020_base --force-citywide --sample-manifest /content/drive/MyDrive/treedata/phase4/qc/sample_tiles_2020.csv --no-hillshade,1
20260902T075451Z_2020_t1_2020_base_tile,20260902T075451Z,2026-09-02,tile,t1_2020_base,2020,v048,7ef2f11036ab,false,work/20260824-sectors,,,unet,resnet101,3,42,42,false,2020_coe_rgb.tif,5.0,edmonds_canopy_mask_2020.tif,287816390,,true,3bbb309b6ef4,inferred_current,fcb23b728757,643,3.13.15,--year 2020 --step tile --infer-batch 32 --run-tag t1_2020_base --force-citywide --sample-manifest /content/drive/MyDrive/treedata/phase4/qc/sample_tiles_2020.csv --no-hillshade,1
20260902T080459Z_2011s_t1_2011s_in05_labels,20260902T080459Z,2026-09-02,labels,t1_2011s_in05,2011s,v048,7ef2f11036ab,false,work/20260824-sectors,,,unet,resnet101,3,42,42,false,2011_snoh_1ft_rgb.tif,30.5,edmonds_canopy_mask_2020.tif,287816390,,true,fc897629a17c,inferred_current,fcb23b728757,643,3.13.15,--year 2011s --step labels --infer-batch 32 --run-tag t1_2011s_in05 --force-citywide --sample-manifest /content/drive/MyDrive/treedata/phase4/qc/sample_tiles_2011s.csv --hs-source chm2005,1
20260902T081657Z_2011s_t1_2011s_in05_tile,20260902T081657Z,2026-09-02,tile,t1_2011s_in05,2011s,v048,7ef2f11036ab,false,work/20260824-sectors,,,unet,resnet101,3,42,42,false,2011_snoh_1ft_rgb.tif,30.5,edmonds_canopy_mask_2020.tif,287816390,,true,fc897629a17c,inferred_current,fcb23b728757,643,3.13.15,--year 2011s --step tile --infer-batch 32 --run-tag t1_2011s_in05 --force-citywide --sample-manifest /content/drive/MyDrive/treedata/phase4/qc/sample_tiles_2011s.csv --hs-source chm2005,1
20260902T082852Z_2020_t1_2020_add05_labels,20260902T082852Z,2026-09-02,labels,t1_2020_add05,2020,v048,7ef2f11036ab,false,work/20260824-sectors,,,unet,resnet101,3,42,42,false,2020_coe_rgb.tif,5.0,edmonds_canopy_mask_2020.tif,287816390,add_chm2005.tif,true,88296711094f,inferred_current,fcb23b728757,643,3.13.15,--year 2020 --step labels --infer-batch 32 --run-tag t1_2020_add05 --force-citywide --sample-manifest /content/drive/MyDrive/treedata/phase4/qc/sample_tiles_2020.csv --no-hillshade --add-canopy-mask /content/drive/MyDrive/treedata/phase4/labels_corrected/add_chm2005.tif,1
20260902T083500Z_2020_t1_2020_add05_tile,20260902T083500Z,2026-09-02,tile,t1_2020_add05,2020,v048,7ef2f11036ab,false,work/20260824-sectors,,,unet,resnet101,3,42,42,false,2020_coe_rgb.tif,5.0,edmonds_canopy_mask_2020.tif,287816390,add_chm2005.tif,true,88296711094f,inferred_current,fcb23b728757,643,3.13.15,--year 2020 --step tile --infer-batch 32 --run-tag t1_2020_add05 --force-citywide --sample-manifest /content/drive/MyDrive/treedata/phase4/qc/sample_tiles_2020.csv --no-hillshade --add-canopy-mask /content/drive/MyDrive/treedata/phase4/labels_corrected/add_chm2005.tif,1
20260902T085158Z_2011s_t1_2011s_in16_labels,20260902T085158Z,2026-09-02,labels,t1_2011s_in16,2011s,v048,7ef2f11036ab,false,work/20260824-sectors,,,unet,resnet101,3,42,42,false,2011_snoh_1ft_rgb.tif,30.5,edmonds_canopy_mask_2020.tif,287816390,,true,dfadfc0b93cc,inferred_current,fcb23b728757,643,3.13.15,--year 2011s --step labels --infer-batch 32 --run-tag t1_2011s_in16 --force-citywide --sample-manifest /content/drive/MyDrive/treedata/phase4/qc/sample_tiles_2011s.csv --hs-source chm2,1
20260902T090238Z_2011s_t1_2011s_in16_tile,20260902T090238Z,2026-09-02,tile,t1_2011s_in16,2011s,v048,7ef2f11036ab,false,work/20260824-sectors,,,unet,resnet101,3,42,42,false,2011_snoh_1ft_rgb.tif,30.5,edmonds_canopy_mask_2020.tif,287816390,,true,dfadfc0b93cc,inferred_current,fcb23b728757,643,3.13.15,--year 2011s --step tile --infer-batch 32 --run-tag t1_2011s_in16 --force-citywide --sample-manifest /content/drive/MyDrive/treedata/phase4/qc/sample_tiles_2011s.csv --hs-source chm2,1
20260902T090933Z_2020_t1_2020_add16_labels,20260902T090933Z,2026-09-02,labels,t1_2020_add16,2020,v048,7ef2f11036ab,false,work/20260824-sectors,,,unet,resnet101,3,42,42,false,2020_coe_rgb.tif,5.0,edmonds_canopy_mask_2020.tif,287816390,add_chm2016.tif,true,63aecb520333,inferred_current,fcb23b728757,643,3.13.15,--year 2020 --step labels --infer-batch 32 --run-tag t1_2020_add16 --force-citywide --sample-manifest /content/drive/MyDrive/treedata/phase4/qc/sample_tiles_2020.csv --no-hillshade --add-canopy-mask /content/drive/MyDrive/treedata/phase4/labels_corrected/add_chm2016.tif,1
20260902T091801Z_2020_t1_2020_add16_tile,20260902T091801Z,2026-09-02,tile,t1_2020_add16,2020,v048,7ef2f11036ab,false,work/20260824-sectors,,,unet,resnet101,3,42,42,false,2020_coe_rgb.tif,5.0,edmonds_canopy_mask_2020.tif,287816390,add_chm2016.tif,true,63aecb520333,inferred_current,fcb23b728757,643,3.13.15,--year 2020 --step tile --infer-batch 32 --run-tag t1_2020_add16 --force-citywide --sample-manifest /content/drive/MyDrive/treedata/phase4/qc/sample_tiles_2020.csv --no-hillshade --add-canopy-mask /content/drive/MyDrive/treedata/phase4/labels_corrected/add_chm2016.tif,1
20260902T092346Z_2011s_t1_2011s_cor02_labels,20260902T092346Z,2026-09-02,labels,t1_2011s_cor02,2011s,v048,7ef2f11036ab,false,work/20260824-sectors,,,unet,resnet101,3,42,42,false,2011_snoh_1ft_rgb.tif,30.5,edmonds_canopy_mask_2020.tif,287816390,add_corrupt2_2011s.tif,true,,none,fcb23b728757,643,3.13.15,--year 2011s --step labels --infer-batch 32 --run-tag t1_2011s_cor02 --force-citywide --sample-manifest /content/drive/MyDrive/treedata/phase4/qc/sample_tiles_2011s.csv --no-hillshade --add-canopy-mask /content/drive/MyDrive/treedata/phase4/labels_corrected/add_corrupt2_2011s.tif,1
20260902T093254Z_2011s_t1_2011s_cor02_tile,20260902T093254Z,2026-09-02,tile,t1_2011s_cor02,2011s,v048,7ef2f11036ab,false,work/20260824-sectors,,,unet,resnet101,3,42,42,false,2011_snoh_1ft_rgb.tif,30.5,edmonds_canopy_mask_2020.tif,287816390,add_corrupt2_2011s.tif,true,,none,fcb23b728757,643,3.13.15,--year 2011s --step tile --infer-batch 32 --run-tag t1_2011s_cor02 --force-citywide --sample-manifest /content/drive/MyDrive/treedata/phase4/qc/sample_tiles_2011s.csv --no-hillshade --add-canopy-mask /content/drive/MyDrive/treedata/phase4/labels_corrected/add_corrupt2_2011s.tif,1
20260902T094950Z_2020_t1_2020_in05_labels,20260902T094950Z,2026-09-02,labels,t1_2020_in05,2020,v048,7ef2f11036ab,false,work/20260824-sectors,,,unet,resnet101,3,42,42,false,2020_coe_rgb.tif,5.0,edmonds_canopy_mask_2020.tif,287816390,,true,46d85f7edcc5,inferred_current,fcb23b728757,643,3.13.15,--year 2020 --step labels --infer-batch 32 --run-tag t1_2020_in05 --force-citywide --sample-manifest /content/drive/MyDrive/treedata/phase4/qc/sample_tiles_2020.csv --hs-source chm2005,1
20260902T102147Z_2011s_t1_2011s_cor05_labels,20260902T102147Z,2026-09-02,labels,t1_2011s_cor05,2011s,v048,d4ff82d87003,false,work/20260824-sectors,,,unet,resnet101,3,42,42,false,2011_snoh_1ft_rgb.tif,30.5,edmonds_canopy_mask_2020.tif,287816390,add_corrupt5_2011s.tif,true,00c3bdb418cc,inferred_current,808885c5acbb,643,3.13.15,--year 2011s --step labels --infer-batch 32 --run-tag t1_2011s_cor05 --force-citywide --sample-manifest /content/drive/MyDrive/treedata/phase4/qc/sample_tiles_2011s.csv --no-hillshade --add-canopy-mask /content/drive/MyDrive/treedata/phase4/labels_corrected/add_corrupt5_2011s.tif,1
20260902T102957Z_2011s_t1_2011s_cor05_tile,20260902T102957Z,2026-09-02,tile,t1_2011s_cor05,2011s,v048,d4ff82d87003,false,work/20260824-sectors,,,unet,resnet101,3,42,42,false,2011_snoh_1ft_rgb.tif,30.5,edmonds_canopy_mask_2020.tif,287816390,add_corrupt5_2011s.tif,true,00c3bdb418cc,inferred_current,808885c5acbb,643,3.13.15,--year 2011s --step tile --infer-batch 32 --run-tag t1_2011s_cor05 --force-citywide --sample-manifest /content/drive/MyDrive/treedata/phase4/qc/sample_tiles_2011s.csv --no-hillshade --add-canopy-mask /content/drive/MyDrive/treedata/phase4/labels_corrected/add_corrupt5_2011s.tif,1
20260902T104250Z_2006s_t1_2006s_base_train,20260902T104250Z,2026-09-02,train,t1_2006s_base,2006s,v048,4a04d62ab481,false,work/20260824-sectors,NVIDIA A100-SXM4-40GB,40.0,unet,resnet101,3,42,42,false,2006_snoh_1m_rgb.tif,100.0,edmonds_canopy_mask_2020.tif,287816390,,true,d219f4d84a6a,inferred_current,0410735c7f0f,705,3.13.15,--year 2006s --step train --infer-batch 32 --run-tag t1_2006s_base --force-citywide --sample-manifest /content/drive/MyDrive/treedata/phase4/qc/sample_tiles_2006s.csv --no-hillshade,1
20260902T104505Z_2011s_t1_2011s_base_train,20260902T104505Z,2026-09-02,train,t1_2011s_base,2011s,v048,4a04d62ab481,false,work/20260824-sectors,NVIDIA A100-SXM4-40GB,40.0,unet,resnet101,3,42,42,false,2011_snoh_1ft_rgb.tif,30.5,edmonds_canopy_mask_2020.tif,287816390,,true,8df07a5c6853,inferred_current,0410735c7f0f,705,3.13.15,--year 2011s --step train --infer-batch 32 --run-tag t1_2011s_base --force-citywide --sample-manifest /content/drive/MyDrive/treedata/phase4/qc/sample_tiles_2011s.csv --no-hillshade,1
20260902T111058Z_2006s_t1_2006s_base_evaluate,20260902T111058Z,2026-09-02,evaluate,t1_2006s_base,2006s,v048,4a04d62ab481,false,work/20260824-sectors,NVIDIA A100-SXM4-40GB,40.0,unet,resnet101,3,42,42,false,2006_snoh_1m_rgb.tif,100.0,edmonds_canopy_mask_2020.tif,287816390,,true,d219f4d84a6a,inferred_current,302cd6c81d21,706,3.13.15,--year 2006s --step evaluate --infer-batch 32 --run-tag t1_2006s_base --force-citywide --sample-manifest /content/drive/MyDrive/treedata/phase4/qc/sample_tiles_2006s.csv --no-hillshade,1
20260902T111233Z_2011s_t1_2011s_base_evaluate,20260902T111233Z,2026-09-02,evaluate,t1_2011s_base,2011s,v048,4a04d62ab481,false,work/20260824-sectors,NVIDIA A100-SXM4-40GB,40.0,unet,resnet101,3,42,42,false,2011_snoh_1ft_rgb.tif,30.5,edmonds_canopy_mask_2020.tif,287816390,,true,8df07a5c6853,inferred_current,302cd6c81d21,706,3.13.15,--year 2011s --step evaluate --infer-batch 32 --run-tag t1_2011s_base --force-citywide --sample-manifest /content/drive/MyDrive/treedata/phase4/qc/sample_tiles_2011s.csv --no-hillshade,1
20260902T112200Z_2006s_t1_2006s_add05_train,20260902T112200Z,2026-09-02,train,t1_2006s_add05,2006s,v048,4a04d62ab481,false,work/20260824-sectors,NVIDIA A100-SXM4-40GB,40.0,unet,resnet101,3,42,42,false,2006_snoh_1m_rgb.tif,100.0,edmonds_canopy_mask_2020.tif,287816390,add_chm2005.tif,true,c12ba42ecca3,inferred_current,302cd6c81d21,706,3.13.15,--year 2006s --step train --infer-batch 32 --run-tag t1_2006s_add05 --force-citywide --sample-manifest /content/drive/MyDrive/treedata/phase4/qc/sample_tiles_2006s.csv --no-hillshade --add-canopy-mask /content/drive/MyDrive/treedata/phase4/labels_corrected/add_chm2005.tif,1
20260902T112748Z_2011s_t1_2011s_base_s2_train,20260902T112748Z,2026-09-02,train,t1_2011s_base_s2,2011s,v048,4a04d62ab481,false,work/20260824-sectors,NVIDIA A100-SXM4-40GB,40.0,unet,resnet101,3,43,42,false,2011_snoh_1ft_rgb.tif,30.5,edmonds_canopy_mask_2020.tif,287816390,,true,8df07a5c6853,inferred_current,302cd6c81d21,706,3.13.15,--year 2011s --step train --infer-batch 32 --run-tag t1_2011s_base_s2 --force-citywide --sample-manifest /content/drive/MyDrive/treedata/phase4/qc/sample_tiles_2011s.csv --no-hillshade --seed 43,1
20260902T114528Z_2006s_t1_2006s_add05_evaluate,20260902T114528Z,2026-09-02,evaluate,t1_2006s_add05,2006s,v048,4a04d62ab481,false,work/20260824-sectors,NVIDIA A100-SXM4-40GB,40.0,unet,resnet101,3,42,42,false,2006_snoh_1m_rgb.tif,100.0,edmonds_canopy_mask_2020.tif,287816390,add_chm2005.tif,true,c12ba42ecca3,inferred_current,302cd6c81d21,706,3.13.15,--year 2006s --step evaluate --infer-batch 32 --run-tag t1_2006s_add05 --force-citywide --sample-manifest /content/drive/MyDrive/treedata/phase4/qc/sample_tiles_2006s.csv --no-hillshade --add-canopy-mask /content/drive/MyDrive/treedata/phase4/labels_corrected/add_chm2005.tif,1
20260902T115356Z_2011s_t1_2011s_base_s2_evaluate,20260902T115356Z,2026-09-02,evaluate,t1_2011s_base_s2,2011s,v048,4a04d62ab481,false,work/20260824-sectors,NVIDIA A100-SXM4-40GB,40.0,unet,resnet101,3,43,42,false,2011_snoh_1ft_rgb.tif,30.5,edmonds_canopy_mask_2020.tif,287816390,,true,8df07a5c6853,inferred_current,302cd6c81d21,706,3.13.15,--year 2011s --step evaluate --infer-batch 32 --run-tag t1_2011s_base_s2 --force-citywide --sample-manifest /content/drive/MyDrive/treedata/phase4/qc/sample_tiles_2011s.csv --no-hillshade --seed 43,1
20260902T115448Z_2006s_t1_2006s_add16_train,20260902T115448Z,2026-09-02,train,t1_2006s_add16,2006s,v048,4a04d62ab481,false,work/20260824-sectors,NVIDIA A100-SXM4-40GB,40.0,unet,resnet101,3,42,42,false,2006_snoh_1m_rgb.tif,100.0,edmonds_canopy_mask_2020.tif,287816390,add_chm2016.tif,true,e40db5526c3b,inferred_current,302cd6c81d21,706,3.13.15,--year 2006s --step train --infer-batch 32 --run-tag t1_2006s_add16 --force-citywide --sample-manifest /content/drive/MyDrive/treedata/phase4/qc/sample_tiles_2006s.csv --no-hillshade --add-canopy-mask /content/drive/MyDrive/treedata/phase4/labels_corrected/add_chm2016.tif,1
20260902T121958Z_2011s_t1_2011s_base_s3_train,20260902T121958Z,2026-09-02,train,t1_2011s_base_s3,2011s,v048,4a04d62ab481,false,work/20260824-sectors,NVIDIA A100-SXM4-40GB,40.0,unet,resnet101,3,44,42,false,2011_snoh_1ft_rgb.tif,30.5,edmonds_canopy_mask_2020.tif,287816390,,true,8df07a5c6853,inferred_current,302cd6c81d21,706,3.13.15,--year 2011s --step train --infer-batch 32 --run-tag t1_2011s_base_s3 --force-citywide --sample-manifest /content/drive/MyDrive/treedata/phase4/qc/sample_tiles_2011s.csv --no-hillshade --seed 44,1
20260902T122602Z_2006s_t1_2006s_add16_evaluate,20260902T122602Z,2026-09-02,evaluate,t1_2006s_add16,2006s,v048,4a04d62ab481,false,work/20260824-sectors,NVIDIA A100-SXM4-40GB,40.0,unet,resnet101,3,42,42,false,2006_snoh_1m_rgb.tif,100.0,edmonds_canopy_mask_2020.tif,287816390,add_chm2016.tif,true,e40db5526c3b,inferred_current,302cd6c81d21,706,3.13.15,--year 2006s --step evaluate --infer-batch 32 --run-tag t1_2006s_add16 --force-citywide --sample-manifest /content/drive/MyDrive/treedata/phase4/qc/sample_tiles_2006s.csv --no-hillshade --add-canopy-mask /content/drive/MyDrive/treedata/phase4/labels_corrected/add_chm2016.tif,1
20260902T123358Z_2006s_t1_2006s_in05_train,20260902T123358Z,2026-09-02,train,t1_2006s_in05,2006s,v048,4a04d62ab481,false,work/20260824-sectors,NVIDIA A100-SXM4-40GB,40.0,unet,resnet101,3,42,42,false,2006_snoh_1m_rgb.tif,100.0,edmonds_canopy_mask_2020.tif,287816390,,true,a48b358e09c4,inferred_current,302cd6c81d21,706,3.13.15,--year 2006s --step train --infer-batch 32 --run-tag t1_2006s_in05 --force-citywide --sample-manifest /content/drive/MyDrive/treedata/phase4/qc/sample_tiles_2006s.csv --hs-source chm2005,1
20260902T124253Z_2011s_t1_2011s_add05_train,20260902T124253Z,2026-09-02,train,t1_2011s_add05,2011s,v048,4a04d62ab481,false,work/20260824-sectors,NVIDIA A100-SXM4-40GB,40.0,unet,resnet101,3,42,42,false,2011_snoh_1ft_rgb.tif,30.5,edmonds_canopy_mask_2020.tif,287816390,add_chm2005.tif,true,f18b8df967fc,inferred_current,302cd6c81d21,706,3.13.15,--year 2011s --step train --infer-batch 32 --run-tag t1_2011s_add05 --force-citywide --sample-manifest /content/drive/MyDrive/treedata/phase4/qc/sample_tiles_2011s.csv --no-hillshade --add-canopy-mask /content/drive/MyDrive/treedata/phase4/labels_corrected/add_chm2005.tif,1
20260902T125703Z_2006s_t1_2006s_in05_evaluate,20260902T125703Z,2026-09-02,evaluate,t1_2006s_in05,2006s,v048,4a04d62ab481,false,work/20260824-sectors,NVIDIA A100-SXM4-40GB,40.0,unet,resnet101,3,42,42,false,2006_snoh_1m_rgb.tif,100.0,edmonds_canopy_mask_2020.tif,287816390,,true,a48b358e09c4,inferred_current,302cd6c81d21,706,3.13.15,--year 2006s --step evaluate --infer-batch 32 --run-tag t1_2006s_in05 --force-citywide --sample-manifest /content/drive/MyDrive/treedata/phase4/qc/sample_tiles_2006s.csv --hs-source chm2005,1
20260902T130250Z_2011s_t1_2011s_add05_evaluate,20260902T130250Z,2026-09-02,evaluate,t1_2011s_add05,2011s,v048,4a04d62ab481,false,work/20260824-sectors,NVIDIA A100-SXM4-40GB,40.0,unet,resnet101,3,42,42,false,2011_snoh_1ft_rgb.tif,30.5,edmonds_canopy_mask_2020.tif,287816390,add_chm2005.tif,true,f18b8df967fc,inferred_current,302cd6c81d21,706,3.13.15,--year 2011s --step evaluate --infer-batch 32 --run-tag t1_2011s_add05 --force-citywide --sample-manifest /content/drive/MyDrive/treedata/phase4/qc/sample_tiles_2011s.csv --no-hillshade --add-canopy-mask /content/drive/MyDrive/treedata/phase4/labels_corrected/add_chm2005.tif,1
20260902T131555Z_2006s_t1_2006s_in16_train,20260902T131555Z,2026-09-02,train,t1_2006s_in16,2006s,v048,4a04d62ab481,false,work/20260824-sectors,NVIDIA A100-SXM4-40GB,40.0,unet,resnet101,3,42,42,false,2006_snoh_1m_rgb.tif,100.0,edmonds_canopy_mask_2020.tif,287816390,,true,7aca77a79981,inferred_current,302cd6c81d21,706,3.13.15,--year 2006s --step train --infer-batch 32 --run-tag t1_2006s_in16 --force-citywide --sample-manifest /content/drive/MyDrive/treedata/phase4/qc/sample_tiles_2006s.csv --hs-source chm2,1
20260902T132053Z_2011s_t1_2011s_add16_train,20260902T132053Z,2026-09-02,train,t1_2011s_add16,2011s,v048,4a04d62ab481,false,work/20260824-sectors,NVIDIA A100-SXM4-40GB,40.0,unet,resnet101,3,42,42,false,2011_snoh_1ft_rgb.tif,30.5,edmonds_canopy_mask_2020.tif,287816390,add_chm2016.tif,true,da798ffbabd7,inferred_current,302cd6c81d21,706,3.13.15,--year 2011s --step train --infer-batch 32 --run-tag t1_2011s_add16 --force-citywide --sample-manifest /content/drive/MyDrive/treedata/phase4/qc/sample_tiles_2011s.csv --no-hillshade --add-canopy-mask /content/drive/MyDrive/treedata/phase4/labels_corrected/add_chm2016.tif,1
20260902T133653Z_2011s_t1_2011s_in05_train,20260902T133653Z,2026-09-02,train,t1_2011s_in05,2011s,v048,4a04d62ab481,false,work/20260824-sectors,NVIDIA A100-SXM4-40GB,40.0,unet,resnet101,3,42,42,false,2011_snoh_1ft_rgb.tif,30.5,edmonds_canopy_mask_2020.tif,287816390,,true,fc897629a17c,inferred_current,302cd6c81d21,706,3.13.15,--year 2011s --step train --infer-batch 32 --run-tag t1_2011s_in05 --force-citywide --sample-manifest /content/drive/MyDrive/treedata/phase4/qc/sample_tiles_2011s.csv --hs-source chm2005,1
20260902T134131Z_2006s_t1_2006s_in16_evaluate,20260902T134131Z,2026-09-02,evaluate,t1_2006s_in16,2006s,v048,4a04d62ab481,false,work/20260824-sectors,NVIDIA A100-SXM4-40GB,40.0,unet,resnet101,3,42,42,false,2006_snoh_1m_rgb.tif,100.0,edmonds_canopy_mask_2020.tif,287816390,,true,7aca77a79981,inferred_current,302cd6c81d21,706,3.13.15,--year 2006s --step evaluate --infer-batch 32 --run-tag t1_2006s_in16 --force-citywide --sample-manifest /content/drive/MyDrive/treedata/phase4/qc/sample_tiles_2006s.csv --hs-source chm2,1
20260902T135754Z_2011s_t1_2011s_cor05_tile,20260902T135754Z,2026-09-02,tile,t1_2011s_cor05,2011s,v048,4a04d62ab481,false,work/20260824-sectors,NVIDIA A100-SXM4-40GB,40.0,unet,resnet101,3,42,42,false,2011_snoh_1ft_rgb.tif,30.5,edmonds_canopy_mask_2020.tif,287816390,add_corrupt5_2011s.tif,true,00c3bdb418cc,inferred_current,302cd6c81d21,706,3.13.15,--year 2011s --step tile --infer-batch 32 --run-tag t1_2011s_cor05 --force-citywide --sample-manifest /content/drive/MyDrive/treedata/phase4/qc/sample_tiles_2011s.csv --no-hillshade --add-canopy-mask /content/drive/MyDrive/treedata/phase4/labels_corrected/add_corrupt5_2011s.tif,1
20260902T142049Z_2011s_t1_2011s_cor05_train,20260902T142049Z,2026-09-02,train,t1_2011s_cor05,2011s,v048,4a04d62ab481,false,work/20260824-sectors,NVIDIA A100-SXM4-40GB,40.0,unet,resnet101,3,42,42,false,2011_snoh_1ft_rgb.tif,30.5,edmonds_canopy_mask_2020.tif,287816390,add_corrupt5_2011s.tif,true,00c3bdb418cc,inferred_current,302cd6c81d21,706,3.13.15,--year 2011s --step train --infer-batch 32 --run-tag t1_2011s_cor05 --force-citywide --sample-manifest /content/drive/MyDrive/treedata/phase4/qc/sample_tiles_2011s.csv --no-hillshade --add-canopy-mask /content/drive/MyDrive/treedata/phase4/labels_corrected/add_corrupt5_2011s.tif,1
20260902T144052Z_2011s_t1_2011s_in16_train,20260902T144052Z,2026-09-02,train,t1_2011s_in16,2011s,v048,4a04d62ab481,false,work/20260824-sectors,NVIDIA A100-SXM4-40GB,40.0,unet,resnet101,3,42,42,false,2011_snoh_1ft_rgb.tif,30.5,edmonds_canopy_mask_2020.tif,287816390,,true,dfadfc0b93cc,inferred_current,302cd6c81d21,706,3.13.15,--year 2011s --step train --infer-batch 32 --run-tag t1_2011s_in16 --force-citywide --sample-manifest /content/drive/MyDrive/treedata/phase4/qc/sample_tiles_2011s.csv --hs-source chm2,1
20260902T144107Z_2011s_t1_2011s_cor05_evaluate,20260902T144107Z,2026-09-02,evaluate,t1_2011s_cor05,2011s,v048,4a04d62ab481,false,work/20260824-sectors,NVIDIA A100-SXM4-40GB,40.0,unet,resnet101,3,42,42,false,2011_snoh_1ft_rgb.tif,30.5,edmonds_canopy_mask_2020.tif,287816390,add_corrupt5_2011s.tif,true,00c3bdb418cc,inferred_current,302cd6c81d21,706,3.13.15,--year 2011s --step evaluate --infer-batch 32 --run-tag t1_2011s_cor05 --force-citywide --sample-manifest /content/drive/MyDrive/treedata/phase4/qc/sample_tiles_2011s.csv --no-hillshade --add-canopy-mask /content/drive/MyDrive/treedata/phase4/labels_corrected/add_corrupt5_2011s.tif,1
20260902T145959Z_2011s_t1_2011s_cor10_labels,20260902T145959Z,2026-09-02,labels,t1_2011s_cor10,2011s,v048,4a04d62ab481,false,work/20260824-sectors,NVIDIA A100-SXM4-40GB,40.0,unet,resnet101,3,42,42,false,2011_snoh_1ft_rgb.tif,30.5,edmonds_canopy_mask_2020.tif,287816390,add_corrupt10_2011s.tif,true,5bfc8bb57f6a,inferred_current,302cd6c81d21,706,3.13.15,--year 2011s --step labels --infer-batch 32 --run-tag t1_2011s_cor10 --force-citywide --sample-manifest /content/drive/MyDrive/treedata/phase4/qc/sample_tiles_2011s.csv --no-hillshade --add-canopy-mask /content/drive/MyDrive/treedata/phase4/labels_corrected/add_corrupt10_2011s.tif,1
20260902T150243Z_2011s_t1_2011s_cor02_train,20260902T150243Z,2026-09-02,train,t1_2011s_cor02,2011s,v048,4a04d62ab481,false,work/20260824-sectors,NVIDIA A100-SXM4-40GB,40.0,unet,resnet101,3,42,42,false,2011_snoh_1ft_rgb.tif,30.5,edmonds_canopy_mask_2020.tif,287816390,add_corrupt2_2011s.tif,true,,none,302cd6c81d21,706,3.13.15,--year 2011s --step train --infer-batch 32 --run-tag t1_2011s_cor02 --force-citywide --sample-manifest /content/drive/MyDrive/treedata/phase4/qc/sample_tiles_2011s.csv --no-hillshade --add-canopy-mask /content/drive/MyDrive/treedata/phase4/labels_corrected/add_corrupt2_2011s.tif,1
20260902T150344Z_2016_t1_2016_base_train,20260902T150344Z,2026-09-02,train,t1_2016_base,2016,v048,4a04d62ab481,false,work/20260824-sectors,NVIDIA A100-SXM4-40GB,40.0,unet,resnet101,3,42,42,false,2016_snoh_1ft_rgbi.tif,30.5,edmonds_canopy_mask_2020.tif,287816390,,true,fb0b72be2e05,inferred_current,302cd6c81d21,706,3.13.15,--year 2016 --step train --infer-batch 32 --run-tag t1_2016_base --force-citywide --sample-manifest /content/drive/MyDrive/treedata/phase4/qc/sample_tiles_2016.csv --no-hillshade,1
20260902T151357Z_2011s_t1_2011s_cor10_tile,20260902T151357Z,2026-09-02,tile,t1_2011s_cor10,2011s,v048,4a04d62ab481,false,work/20260824-sectors,NVIDIA A100-SXM4-40GB,40.0,unet,resnet101,3,42,42,false,2011_snoh_1ft_rgb.tif,30.5,edmonds_canopy_mask_2020.tif,287816390,add_corrupt10_2011s.tif,true,5bfc8bb57f6a,inferred_current,302cd6c81d21,706,3.13.15,--year 2011s --step tile --infer-batch 32 --run-tag t1_2011s_cor10 --force-citywide --sample-manifest /content/drive/MyDrive/treedata/phase4/qc/sample_tiles_2011s.csv --no-hillshade --add-canopy-mask /content/drive/MyDrive/treedata/phase4/labels_corrected/add_corrupt10_2011s.tif,1
20260902T152302Z_2016_t1_2016_add05_train,20260902T152302Z,2026-09-02,train,t1_2016_add05,2016,v048,4a04d62ab481,false,work/20260824-sectors,NVIDIA A100-SXM4-40GB,40.0,unet,resnet101,3,42,42,false,2016_snoh_1ft_rgbi.tif,30.5,edmonds_canopy_mask_2020.tif,287816390,add_chm2005.tif,true,039e90cc3757,inferred_current,302cd6c81d21,706,3.13.15,--year 2016 --step train --infer-batch 32 --run-tag t1_2016_add05 --force-citywide --sample-manifest /content/drive/MyDrive/treedata/phase4/qc/sample_tiles_2016.csv --no-hillshade --add-canopy-mask /content/drive/MyDrive/treedata/phase4/labels_corrected/add_chm2005.tif,1
20260902T154359Z_2011s_t1_2011s_cor10_train,20260902T154359Z,2026-09-02,train,t1_2011s_cor10,2011s,v048,4a04d62ab481,false,work/20260824-sectors,NVIDIA A100-SXM4-40GB,40.0,unet,resnet101,3,42,42,false,2011_snoh_1ft_rgb.tif,30.5,edmonds_canopy_mask_2020.tif,287816390,add_corrupt10_2011s.tif,true,5bfc8bb57f6a,inferred_current,302cd6c81d21,706,3.13.15,--year 2011s --step train --infer-batch 32 --run-tag t1_2011s_cor10 --force-citywide --sample-manifest /content/drive/MyDrive/treedata/phase4/qc/sample_tiles_2011s.csv --no-hillshade --add-canopy-mask /content/drive/MyDrive/treedata/phase4/labels_corrected/add_corrupt10_2011s.tif,1
20260902T155401Z_2016_t1_2016_add05_evaluate,20260902T155401Z,2026-09-02,evaluate,t1_2016_add05,2016,v048,4a04d62ab481,false,work/20260824-sectors,NVIDIA A100-SXM4-40GB,40.0,unet,resnet101,3,42,42,false,2016_snoh_1ft_rgbi.tif,30.5,edmonds_canopy_mask_2020.tif,287816390,add_chm2005.tif,true,039e90cc3757,inferred_current,302cd6c81d21,706,3.13.15,--year 2016 --step evaluate --infer-batch 32 --run-tag t1_2016_add05 --force-citywide --sample-manifest /content/drive/MyDrive/treedata/phase4/qc/sample_tiles_2016.csv --no-hillshade --add-canopy-mask /content/drive/MyDrive/treedata/phase4/labels_corrected/add_chm2005.tif,1
20260902T160951Z_2011s_t1_2011s_cor10_evaluate,20260902T160951Z,2026-09-02,evaluate,t1_2011s_cor10,2011s,v048,4a04d62ab481,false,work/20260824-sectors,NVIDIA A100-SXM4-40GB,40.0,unet,resnet101,3,42,42,false,2011_snoh_1ft_rgb.tif,30.5,edmonds_canopy_mask_2020.tif,287816390,add_corrupt10_2011s.tif,true,5bfc8bb57f6a,inferred_current,302cd6c81d21,706,3.13.15,--year 2011s --step evaluate --infer-batch 32 --run-tag t1_2011s_cor10 --force-citywide --sample-manifest /content/drive/MyDrive/treedata/phase4/qc/sample_tiles_2011s.csv --no-hillshade --add-canopy-mask /content/drive/MyDrive/treedata/phase4/labels_corrected/add_corrupt10_2011s.tif,1
20260902T163256Z_2020_t1_2020_add16_train,20260902T163256Z,2026-09-02,train,t1_2020_add16,2020,v048,4a04d62ab481,false,work/20260824-sectors,NVIDIA A100-SXM4-40GB,40.0,unet,resnet101,3,42,42,false,2020_coe_rgb.tif,5.0,edmonds_canopy_mask_2020.tif,287816390,add_chm2016.tif,true,63aecb520333,inferred_current,302cd6c81d21,706,3.13.15,--year 2020 --step train --infer-batch 32 --run-tag t1_2020_add16 --force-citywide --sample-manifest /content/drive/MyDrive/treedata/phase4/qc/sample_tiles_2020.csv --no-hillshade --add-canopy-mask /content/drive/MyDrive/treedata/phase4/labels_corrected/add_chm2016.tif,1
20260902T163349Z_2016_t1_2016_add16_train,20260902T163349Z,2026-09-02,train,t1_2016_add16,2016,v048,4a04d62ab481,false,work/20260824-sectors,NVIDIA A100-SXM4-40GB,40.0,unet,resnet101,3,42,42,false,2016_snoh_1ft_rgbi.tif,30.5,edmonds_canopy_mask_2020.tif,287816390,add_chm2016.tif,true,bda3aed311d2,inferred_current,302cd6c81d21,706,3.13.15,--year 2016 --step train --infer-batch 32 --run-tag t1_2016_add16 --force-citywide --sample-manifest /content/drive/MyDrive/treedata/phase4/qc/sample_tiles_2016.csv --no-hillshade --add-canopy-mask /content/drive/MyDrive/treedata/phase4/labels_corrected/add_chm2016.tif,1
20260902T165600Z_2020_t1_2020_in05_labels,20260902T165600Z,2026-09-02,labels,t1_2020_in05,2020,v048,4a04d62ab481,false,work/20260824-sectors,NVIDIA A100-SXM4-40GB,40.0,unet,resnet101,3,42,42,false,2020_coe_rgb.tif,5.0,edmonds_canopy_mask_2020.tif,287816390,,true,46d85f7edcc5,inferred_current,302cd6c81d21,706,3.13.15,--year 2020 --step labels --infer-batch 32 --run-tag t1_2020_in05 --force-citywide --sample-manifest /content/drive/MyDrive/treedata/phase4/qc/sample_tiles_2020.csv --hs-source chm2005,1
20260902T171233Z_2016_t1_2016_add16_evaluate,20260902T171233Z,2026-09-02,evaluate,t1_2016_add16,2016,v048,4a04d62ab481,false,work/20260824-sectors,NVIDIA A100-SXM4-40GB,40.0,unet,resnet101,3,42,42,false,2016_snoh_1ft_rgbi.tif,30.5,edmonds_canopy_mask_2020.tif,287816390,add_chm2016.tif,true,bda3aed311d2,inferred_current,302cd6c81d21,706,3.13.15,--year 2016 --step evaluate --infer-batch 32 --run-tag t1_2016_add16 --force-citywide --sample-manifest /content/drive/MyDrive/treedata/phase4/qc/sample_tiles_2016.csv --no-hillshade --add-canopy-mask /content/drive/MyDrive/treedata/phase4/labels_corrected/add_chm2016.tif,1
20260902T171253Z_2020_t1_2020_in05_tile,20260902T171253Z,2026-09-02,tile,t1_2020_in05,2020,v048,4a04d62ab481,false,work/20260824-sectors,NVIDIA A100-SXM4-40GB,40.0,unet,resnet101,3,42,42,false,2020_coe_rgb.tif,5.0,edmonds_canopy_mask_2020.tif,287816390,,true,46d85f7edcc5,inferred_current,302cd6c81d21,706,3.13.15,--year 2020 --step tile --infer-batch 32 --run-tag t1_2020_in05 --force-citywide --sample-manifest /content/drive/MyDrive/treedata/phase4/qc/sample_tiles_2020.csv --hs-source chm2005,1
20260902T174759Z_2016_t1_2016_in05_train,20260902T174759Z,2026-09-02,train,t1_2016_in05,2016,v048,4a04d62ab481,false,work/20260824-sectors,NVIDIA A100-SXM4-40GB,40.0,unet,resnet101,3,42,42,false,2016_snoh_1ft_rgbi.tif,30.5,edmonds_canopy_mask_2020.tif,287816390,,true,c62da8bd5f09,inferred_current,302cd6c81d21,706,3.13.15,--year 2016 --step train --infer-batch 32 --run-tag t1_2016_in05 --force-citywide --sample-manifest /content/drive/MyDrive/treedata/phase4/qc/sample_tiles_2016.csv --hs-source chm2005,1
20260902T181503Z_2006s_t1_2006s_base_train,20260902T181503Z,2026-09-02,train,t1_2006s_base,2006s,v048,50b54e8275b2,false,work/20260824-sectors,NVIDIA A100-SXM4-40GB,40.0,unet,resnet101,3,42,42,false,2006_snoh_1m_rgb.tif,100.0,edmonds_canopy_mask_2020.tif,287816390,,true,d219f4d84a6a,inferred_current,5979bd458179,705,3.13.15,--year 2006s --step train --infer-batch 32 --run-tag t1_2006s_base --force-citywide --sample-manifest /content/drive/MyDrive/treedata/phase4/qc/sample_tiles_2006s.csv --no-hillshade,1
20260902T184643Z_2006s_t1_2006s_base_evaluate,20260902T184643Z,2026-09-02,evaluate,t1_2006s_base,2006s,v048,50b54e8275b2,false,work/20260824-sectors,NVIDIA A100-SXM4-40GB,40.0,unet,resnet101,3,42,42,false,2006_snoh_1m_rgb.tif,100.0,edmonds_canopy_mask_2020.tif,287816390,,true,d219f4d84a6a,inferred_current,525df007a6ff,706,3.13.15,--year 2006s --step evaluate --infer-batch 32 --run-tag t1_2006s_base --force-citywide --sample-manifest /content/drive/MyDrive/treedata/phase4/qc/sample_tiles_2006s.csv --no-hillshade,1
20260902T185604Z_2006s_t1_2006s_add05_train,20260902T185604Z,2026-09-02,train,t1_2006s_add05,2006s,v048,50b54e8275b2,false,work/20260824-sectors,NVIDIA A100-SXM4-40GB,40.0,unet,resnet101,3,42,42,false,2006_snoh_1m_rgb.tif,100.0,edmonds_canopy_mask_2020.tif,287816390,add_chm2005.tif,true,c12ba42ecca3,inferred_current,525df007a6ff,706,3.13.15,--year 2006s --step train --infer-batch 32 --run-tag t1_2006s_add05 --force-citywide --sample-manifest /content/drive/MyDrive/treedata/phase4/qc/sample_tiles_2006s.csv --no-hillshade --add-canopy-mask /content/drive/MyDrive/treedata/phase4/labels_corrected/add_chm2005.tif,1
20260902T193752Z_2006s_t1_2006s_add05_evaluate,20260902T193752Z,2026-09-02,evaluate,t1_2006s_add05,2006s,v048,50b54e8275b2,false,work/20260824-sectors,NVIDIA A100-SXM4-40GB,40.0,unet,resnet101,3,42,42,false,2006_snoh_1m_rgb.tif,100.0,edmonds_canopy_mask_2020.tif,287816390,add_chm2005.tif,true,c12ba42ecca3,inferred_current,525df007a6ff,706,3.13.15,--year 2006s --step evaluate --infer-batch 32 --run-tag t1_2006s_add05 --force-citywide --sample-manifest /content/drive/MyDrive/treedata/phase4/qc/sample_tiles_2006s.csv --no-hillshade --add-canopy-mask /content/drive/MyDrive/treedata/phase4/labels_corrected/add_chm2005.tif,1
20260902T194859Z_2006s_t1_2006s_add16_train,20260902T194859Z,2026-09-02,train,t1_2006s_add16,2006s,v048,50b54e8275b2,false,work/20260824-sectors,NVIDIA A100-SXM4-40GB,40.0,unet,resnet101,3,42,42,false,2006_snoh_1m_rgb.tif,100.0,edmonds_canopy_mask_2020.tif,287816390,add_chm2016.tif,true,e40db5526c3b,inferred_current,525df007a6ff,706,3.13.15,--year 2006s --step train --infer-batch 32 --run-tag t1_2006s_add16 --force-citywide --sample-manifest /content/drive/MyDrive/treedata/phase4/qc/sample_tiles_2006s.csv --no-hillshade --add-canopy-mask /content/drive/MyDrive/treedata/phase4/labels_corrected/add_chm2016.tif,1
20260902T200354Z_2011s_t1_2011s_cor02_train,20260902T200354Z,2026-09-02,train,t1_2011s_cor02,2011s,v048,079b4c270be9,false,work/20260824-sectors,NVIDIA A100-SXM4-40GB,40.0,unet,resnet101,3,42,42,false,2011_snoh_1ft_rgb.tif,30.5,edmonds_canopy_mask_2020.tif,287816390,add_corrupt2_2011s.tif,true,,none,8865aa141731,705,3.13.15,--year 2011s --step train --infer-batch 32 --run-tag t1_2011s_cor02 --force-citywide --sample-manifest /content/drive/MyDrive/treedata/phase4/qc/sample_tiles_2011s.csv --no-hillshade --add-canopy-mask /content/drive/MyDrive/treedata/phase4/labels_corrected/add_corrupt2_2011s.tif,1
20260902T200800Z_2016_t1_2016_in05_train,20260902T200800Z,2026-09-02,train,t1_2016_in05,2016,v048,079b4c270be9,false,work/20260824-sectors,NVIDIA A100-SXM4-40GB,40.0,unet,resnet101,3,42,42,false,2016_snoh_1ft_rgbi.tif,30.5,edmonds_canopy_mask_2020.tif,287816390,,true,c62da8bd5f09,inferred_current,690eaee64756,706,3.13.15,--year 2016 --step train --infer-batch 32 --run-tag t1_2016_in05 --force-citywide --sample-manifest /content/drive/MyDrive/treedata/phase4/qc/sample_tiles_2016.csv --hs-source chm2005,1
20260902T203550Z_2016_t1_2016_in05_evaluate,20260902T203550Z,2026-09-02,evaluate,t1_2016_in05,2016,v048,079b4c270be9,false,work/20260824-sectors,NVIDIA A100-SXM4-40GB,40.0,unet,resnet101,3,42,42,false,2016_snoh_1ft_rgbi.tif,30.5,edmonds_canopy_mask_2020.tif,287816390,,true,c62da8bd5f09,inferred_current,690eaee64756,706,3.13.15,--year 2016 --step evaluate --infer-batch 32 --run-tag t1_2016_in05 --force-citywide --sample-manifest /content/drive/MyDrive/treedata/phase4/qc/sample_tiles_2016.csv --hs-source chm2005,1
20260902T203939Z_2016_t1_2016_in16_train,20260902T203939Z,2026-09-02,train,t1_2016_in16,2016,v048,079b4c270be9,false,work/20260824-sectors,NVIDIA A100-SXM4-40GB,40.0,unet,resnet101,3,42,42,false,2016_snoh_1ft_rgbi.tif,30.5,edmonds_canopy_mask_2020.tif,287816390,,true,9f288ff8c071,inferred_current,690eaee64756,706,3.13.15,--year 2016 --step train --infer-batch 32 --run-tag t1_2016_in16 --force-citywide --sample-manifest /content/drive/MyDrive/treedata/phase4/qc/sample_tiles_2016.csv --hs-source chm2,1
20260902T211743Z_2016_t1_2016_in16_evaluate,20260902T211743Z,2026-09-02,evaluate,t1_2016_in16,2016,v048,079b4c270be9,false,work/20260824-sectors,NVIDIA A100-SXM4-40GB,40.0,unet,resnet101,3,42,42,false,2016_snoh_1ft_rgbi.tif,30.5,edmonds_canopy_mask_2020.tif,287816390,,true,9f288ff8c071,inferred_current,690eaee64756,706,3.13.15,--year 2016 --step evaluate --infer-batch 32 --run-tag t1_2016_in16 --force-citywide --sample-manifest /content/drive/MyDrive/treedata/phase4/qc/sample_tiles_2016.csv --hs-source chm2,1
20260902T211959Z_2016_t1_2016_nir_train,20260902T211959Z,2026-09-02,train,t1_2016_nir,2016,v048,079b4c270be9,false,work/20260824-sectors,NVIDIA A100-SXM4-40GB,40.0,unet,resnet101,3,42,42,false,2016_snoh_1ft_rgbi.tif,30.5,edmonds_canopy_mask_2020.tif,287816390,,true,66af3b1cbf79,inferred_current,690eaee64756,706,3.13.15,--year 2016 --step train --infer-batch 32 --run-tag t1_2016_nir --force-citywide --sample-manifest /content/drive/MyDrive/treedata/phase4/qc/sample_tiles_2016.csv --hs-source nir,1
20260902T214945Z_2016_t1_2016_nir_evaluate,20260902T214945Z,2026-09-02,evaluate,t1_2016_nir,2016,v048,079b4c270be9,false,work/20260824-sectors,NVIDIA A100-SXM4-40GB,40.0,unet,resnet101,3,42,42,false,2016_snoh_1ft_rgbi.tif,30.5,edmonds_canopy_mask_2020.tif,287816390,,true,66af3b1cbf79,inferred_current,690eaee64756,706,3.13.15,--year 2016 --step evaluate --infer-batch 32 --run-tag t1_2016_nir --force-citywide --sample-manifest /content/drive/MyDrive/treedata/phase4/qc/sample_tiles_2016.csv --hs-source nir,1
20260902T215147Z_2020_t1_2020_base_train,20260902T215147Z,2026-09-02,train,t1_2020_base,2020,v048,079b4c270be9,false,work/20260824-sectors,NVIDIA A100-SXM4-40GB,40.0,unet,resnet101,3,42,42,false,2020_coe_rgb.tif,5.0,edmonds_canopy_mask_2020.tif,287816390,,true,3bbb309b6ef4,inferred_current,690eaee64756,706,3.13.15,--year 2020 --step train --infer-batch 32 --run-tag t1_2020_base --force-citywide --sample-manifest /content/drive/MyDrive/treedata/phase4/qc/sample_tiles_2020.csv --no-hillshade,1
20260902T224144Z_2020_t1_2020_base_evaluate,20260902T224144Z,2026-09-02,evaluate,t1_2020_base,2020,v048,079b4c270be9,false,work/20260824-sectors,NVIDIA A100-SXM4-40GB,40.0,unet,resnet101,3,42,42,false,2020_coe_rgb.tif,5.0,edmonds_canopy_mask_2020.tif,287816390,,true,3bbb309b6ef4,inferred_current,690eaee64756,706,3.13.15,--year 2020 --step evaluate --infer-batch 32 --run-tag t1_2020_base --force-citywide --sample-manifest /content/drive/MyDrive/treedata/phase4/qc/sample_tiles_2020.csv --no-hillshade,1
20260902T232056Z_2020_t1_2020_add05_evaluate,20260902T232056Z,2026-09-02,evaluate,t1_2020_add05,2020,v048,079b4c270be9,false,work/20260824-sectors,NVIDIA A100-SXM4-40GB,40.0,unet,resnet101,3,42,42,false,2020_coe_rgb.tif,5.0,edmonds_canopy_mask_2020.tif,287816390,add_chm2005.tif,true,88296711094f,inferred_current,690eaee64756,706,3.13.15,--year 2020 --step evaluate --infer-batch 32 --run-tag t1_2020_add05 --force-citywide --sample-manifest /content/drive/MyDrive/treedata/phase4/qc/sample_tiles_2020.csv --no-hillshade --add-canopy-mask /content/drive/MyDrive/treedata/phase4/labels_corrected/add_chm2005.tif,1
20260902T232351Z_2020_t1_2020_in05_labels,20260902T232351Z,2026-09-02,labels,t1_2020_in05,2020,v048,079b4c270be9,false,work/20260824-sectors,NVIDIA A100-SXM4-40GB,40.0,unet,resnet101,3,42,42,false,2020_coe_rgb.tif,5.0,edmonds_canopy_mask_2020.tif,287816390,,true,46d85f7edcc5,inferred_current,690eaee64756,706,3.13.15,--year 2020 --step labels --infer-batch 32 --run-tag t1_2020_in05 --force-citywide --sample-manifest /content/drive/MyDrive/treedata/phase4/qc/sample_tiles_2020.csv --hs-source chm2005,1
20260902T233859Z_2020_t1_2020_in05_tile,20260902T233859Z,2026-09-02,tile,t1_2020_in05,2020,v048,079b4c270be9,false,work/20260824-sectors,NVIDIA A100-SXM4-40GB,40.0,unet,resnet101,3,42,42,false,2020_coe_rgb.tif,5.0,edmonds_canopy_mask_2020.tif,287816390,,true,46d85f7edcc5,inferred_current,690eaee64756,706,3.13.15,--year 2020 --step tile --infer-batch 32 --run-tag t1_2020_in05 --force-citywide --sample-manifest /content/drive/MyDrive/treedata/phase4/qc/sample_tiles_2020.csv --hs-source chm2005,1
20260903T000844Z_2020_t1_2020_in05_train,20260903T000844Z,2026-09-03,train,t1_2020_in05,2020,v048,079b4c270be9,false,work/20260824-sectors,NVIDIA A100-SXM4-40GB,40.0,unet,resnet101,3,42,42,false,2020_coe_rgb.tif,5.0,edmonds_canopy_mask_2020.tif,287816390,,true,46d85f7edcc5,inferred_current,690eaee64756,706,3.13.15,--year 2020 --step train --infer-batch 32 --run-tag t1_2020_in05 --force-citywide --sample-manifest /content/drive/MyDrive/treedata/phase4/qc/sample_tiles_2020.csv --hs-source chm2005,1
20260903T002003Z_2006s_t1_2006s_base_inference,20260903T002003Z,2026-09-03,inference,t1_2006s_base,2006s,v048,ac0e79ee1abd,false,work/20260824-sectors,NVIDIA A100-SXM4-40GB,40.0,unet,resnet101,3,42,42,false,2006_snoh_1m_rgb.tif,100.0,edmonds_canopy_mask_2020.tif,287816390,,true,d219f4d84a6a,inferred_current,86666983c308,705,3.13.15,--year 2006s --step inference --infer-batch 32 --run-tag t1_2006s_base --force-citywide --no-hillshade --infer-aoi /content/drive/MyDrive/treedata/phase4/qc/science_sample_blocks.gpkg,1
20260903T002503Z_2006s_t1_2006s_add05_inference,20260903T002503Z,2026-09-03,inference,t1_2006s_add05,2006s,v048,ac0e79ee1abd,false,work/20260824-sectors,NVIDIA A100-SXM4-40GB,40.0,unet,resnet101,3,42,42,false,2006_snoh_1m_rgb.tif,100.0,edmonds_canopy_mask_2020.tif,287816390,add_chm2005.tif,true,c12ba42ecca3,inferred_current,027d085d3267,706,3.13.15,--year 2006s --step inference --infer-batch 32 --run-tag t1_2006s_add05 --force-citywide --no-hillshade --add-canopy-mask /content/drive/MyDrive/treedata/phase4/labels_corrected/add_chm2005.tif --infer-aoi /content/drive/MyDrive/treedata/phase4/qc/science_sample_blocks.gpkg,1
20260903T002958Z_2006s_t1_2006s_add16_inference,20260903T002958Z,2026-09-03,inference,t1_2006s_add16,2006s,v048,ac0e79ee1abd,false,work/20260824-sectors,NVIDIA A100-SXM4-40GB,40.0,unet,resnet101,3,42,42,false,2006_snoh_1m_rgb.tif,100.0,edmonds_canopy_mask_2020.tif,287816390,add_chm2016.tif,true,e40db5526c3b,inferred_current,027d085d3267,706,3.13.15,--year 2006s --step inference --infer-batch 32 --run-tag t1_2006s_add16 --force-citywide --no-hillshade --add-canopy-mask /content/drive/MyDrive/treedata/phase4/labels_corrected/add_chm2016.tif --infer-aoi /content/drive/MyDrive/treedata/phase4/qc/science_sample_blocks.gpkg,1
20260903T003300Z_2006s_t1_2006s_in05_inference,20260903T003300Z,2026-09-03,inference,t1_2006s_in05,2006s,v048,ac0e79ee1abd,false,work/20260824-sectors,NVIDIA A100-SXM4-40GB,40.0,unet,resnet101,3,42,42,false,2006_snoh_1m_rgb.tif,100.0,edmonds_canopy_mask_2020.tif,287816390,,true,a48b358e09c4,inferred_current,027d085d3267,706,3.13.15,--year 2006s --step inference --infer-batch 32 --run-tag t1_2006s_in05 --force-citywide --hs-source chm2005 --infer-aoi /content/drive/MyDrive/treedata/phase4/qc/science_sample_blocks.gpkg,1
20260903T004151Z_2006s_t1_2006s_in16_inference,20260903T004151Z,2026-09-03,inference,t1_2006s_in16,2006s,v048,ac0e79ee1abd,false,work/20260824-sectors,NVIDIA A100-SXM4-40GB,40.0,unet,resnet101,3,42,42,false,2006_snoh_1m_rgb.tif,100.0,edmonds_canopy_mask_2020.tif,287816390,,true,7aca77a79981,inferred_current,027d085d3267,706,3.13.15,--year 2006s --step inference --infer-batch 32 --run-tag t1_2006s_in16 --force-citywide --hs-source chm2 --infer-aoi /content/drive/MyDrive/treedata/phase4/qc/science_sample_blocks.gpkg,1
20260903T004209Z_2020_t1_2020_in05_evaluate,20260903T004209Z,2026-09-03,evaluate,t1_2020_in05,2020,v048,079b4c270be9,false,work/20260824-sectors,NVIDIA A100-SXM4-40GB,40.0,unet,resnet101,3,42,42,false,2020_coe_rgb.tif,5.0,edmonds_canopy_mask_2020.tif,287816390,,true,46d85f7edcc5,inferred_current,690eaee64756,706,3.13.15,--year 2020 --step evaluate --infer-batch 32 --run-tag t1_2020_in05 --force-citywide --sample-manifest /content/drive/MyDrive/treedata/phase4/qc/sample_tiles_2020.csv --hs-source chm2005,1
20260903T004402Z_2020_t1_2020_in16_labels,20260903T004402Z,2026-09-03,labels,t1_2020_in16,2020,v048,079b4c270be9,false,work/20260824-sectors,NVIDIA A100-SXM4-40GB,40.0,unet,resnet101,3,42,42,false,2020_coe_rgb.tif,5.0,edmonds_canopy_mask_2020.tif,287816390,,true,0007909b0a4b,inferred_current,690eaee64756,706,3.13.15,--year 2020 --step labels --infer-batch 32 --run-tag t1_2020_in16 --force-citywide --sample-manifest /content/drive/MyDrive/treedata/phase4/qc/sample_tiles_2020.csv --hs-source chm2,1
20260903T004503Z_2011s_t1_2011s_base_inference,20260903T004503Z,2026-09-03,inference,t1_2011s_base,2011s,v048,ac0e79ee1abd,false,work/20260824-sectors,NVIDIA A100-SXM4-40GB,40.0,unet,resnet101,3,42,42,false,2011_snoh_1ft_rgb.tif,30.5,edmonds_canopy_mask_2020.tif,287816390,,true,8df07a5c6853,inferred_current,027d085d3267,706,3.13.15,--year 2011s --step inference --infer-batch 32 --run-tag t1_2011s_base --force-citywide --no-hillshade --infer-aoi /content/drive/MyDrive/treedata/phase4/qc/science_sample_blocks.gpkg,1
20260903T004959Z_2011s_t1_2011s_base_s2_inference,20260903T004959Z,2026-09-03,inference,t1_2011s_base_s2,2011s,v048,ac0e79ee1abd,false,work/20260824-sectors,NVIDIA A100-SXM4-40GB,40.0,unet,resnet101,3,43,42,false,2011_snoh_1ft_rgb.tif,30.5,edmonds_canopy_mask_2020.tif,287816390,,true,8df07a5c6853,inferred_current,027d085d3267,706,3.13.15,--year 2011s --step inference --infer-batch 32 --run-tag t1_2011s_base_s2 --force-citywide --no-hillshade --seed 43 --infer-aoi /content/drive/MyDrive/treedata/phase4/qc/science_sample_blocks.gpkg,1
20260903T005559Z_2011s_t1_2011s_base_s3_inference,20260903T005559Z,2026-09-03,inference,t1_2011s_base_s3,2011s,v048,ac0e79ee1abd,false,work/20260824-sectors,NVIDIA A100-SXM4-40GB,40.0,unet,resnet101,3,44,42,false,2011_snoh_1ft_rgb.tif,30.5,edmonds_canopy_mask_2020.tif,287816390,,true,8df07a5c6853,inferred_current,027d085d3267,706,3.13.15,--year 2011s --step inference --infer-batch 32 --run-tag t1_2011s_base_s3 --force-citywide --no-hillshade --seed 44 --infer-aoi /content/drive/MyDrive/treedata/phase4/qc/science_sample_blocks.gpkg,1
20260903T005658Z_2020_t1_2020_in16_tile,20260903T005658Z,2026-09-03,tile,t1_2020_in16,2020,v048,079b4c270be9,false,work/20260824-sectors,NVIDIA A100-SXM4-40GB,40.0,unet,resnet101,3,42,42,false,2020_coe_rgb.tif,5.0,edmonds_canopy_mask_2020.tif,287816390,,true,0007909b0a4b,inferred_current,690eaee64756,706,3.13.15,--year 2020 --step tile --infer-batch 32 --run-tag t1_2020_in16 --force-citywide --sample-manifest /content/drive/MyDrive/treedata/phase4/qc/sample_tiles_2020.csv --hs-source chm2,1
20260903T010340Z_2011s_t1_2011s_add05_inference,20260903T010340Z,2026-09-03,inference,t1_2011s_add05,2011s,v048,ac0e79ee1abd,false,work/20260824-sectors,NVIDIA A100-SXM4-40GB,40.0,unet,resnet101,3,42,42,false,2011_snoh_1ft_rgb.tif,30.5,edmonds_canopy_mask_2020.tif,287816390,add_chm2005.tif,true,f18b8df967fc,inferred_current,027d085d3267,706,3.13.15,--year 2011s --step inference --infer-batch 32 --run-tag t1_2011s_add05 --force-citywide --no-hillshade --add-canopy-mask /content/drive/MyDrive/treedata/phase4/labels_corrected/add_chm2005.tif --infer-aoi /content/drive/MyDrive/treedata/phase4/qc/science_sample_blocks.gpkg,1
20260903T011154Z_2011s_t1_2011s_add16_inference,20260903T011154Z,2026-09-03,inference,t1_2011s_add16,2011s,v048,ac0e79ee1abd,false,work/20260824-sectors,NVIDIA A100-SXM4-40GB,40.0,unet,resnet101,3,42,42,false,2011_snoh_1ft_rgb.tif,30.5,edmonds_canopy_mask_2020.tif,287816390,add_chm2016.tif,true,da798ffbabd7,inferred_current,027d085d3267,706,3.13.15,--year 2011s --step inference --infer-batch 32 --run-tag t1_2011s_add16 --force-citywide --no-hillshade --add-canopy-mask /content/drive/MyDrive/treedata/phase4/labels_corrected/add_chm2016.tif --infer-aoi /content/drive/MyDrive/treedata/phase4/qc/science_sample_blocks.gpkg,1
20260903T011758Z_2011s_t1_2011s_in05_inference,20260903T011758Z,2026-09-03,inference,t1_2011s_in05,2011s,v048,ac0e79ee1abd,false,work/20260824-sectors,NVIDIA A100-SXM4-40GB,40.0,unet,resnet101,3,42,42,false,2011_snoh_1ft_rgb.tif,30.5,edmonds_canopy_mask_2020.tif,287816390,,true,fc897629a17c,inferred_current,027d085d3267,706,3.13.15,--year 2011s --step inference --infer-batch 32 --run-tag t1_2011s_in05 --force-citywide --hs-source chm2005 --infer-aoi /content/drive/MyDrive/treedata/phase4/qc/science_sample_blocks.gpkg,1
20260903T012741Z_2011s_t1_2011s_in16_inference,20260903T012741Z,2026-09-03,inference,t1_2011s_in16,2011s,v048,ac0e79ee1abd,false,work/20260824-sectors,NVIDIA A100-SXM4-40GB,40.0,unet,resnet101,3,42,42,false,2011_snoh_1ft_rgb.tif,30.5,edmonds_canopy_mask_2020.tif,287816390,,true,dfadfc0b93cc,inferred_current,027d085d3267,706,3.13.15,--year 2011s --step inference --infer-batch 32 --run-tag t1_2011s_in16 --force-citywide --hs-source chm2 --infer-aoi /content/drive/MyDrive/treedata/phase4/qc/science_sample_blocks.gpkg,1
20260903T013543Z_2011s_t1_2011s_cor05_inference,20260903T013543Z,2026-09-03,inference,t1_2011s_cor05,2011s,v048,ac0e79ee1abd,false,work/20260824-sectors,NVIDIA A100-SXM4-40GB,40.0,unet,resnet101,3,42,42,false,2011_snoh_1ft_rgb.tif,30.5,edmonds_canopy_mask_2020.tif,287816390,add_corrupt5_2011s.tif,true,00c3bdb418cc,inferred_current,027d085d3267,706,3.13.15,--year 2011s --step inference --infer-batch 32 --run-tag t1_2011s_cor05 --force-citywide --no-hillshade --add-canopy-mask /content/drive/MyDrive/treedata/phase4/labels_corrected/add_corrupt5_2011s.tif --infer-aoi /content/drive/MyDrive/treedata/phase4/qc/science_sample_blocks.gpkg,1
20260903T013956Z_2011s_t1_2011s_cor10_inference,20260903T013956Z,2026-09-03,inference,t1_2011s_cor10,2011s,v048,ac0e79ee1abd,false,work/20260824-sectors,NVIDIA A100-SXM4-40GB,40.0,unet,resnet101,3,42,42,false,2011_snoh_1ft_rgb.tif,30.5,edmonds_canopy_mask_2020.tif,287816390,add_corrupt10_2011s.tif,true,5bfc8bb57f6a,inferred_current,027d085d3267,706,3.13.15,--year 2011s --step inference --infer-batch 32 --run-tag t1_2011s_cor10 --force-citywide --no-hillshade --add-canopy-mask /content/drive/MyDrive/treedata/phase4/labels_corrected/add_corrupt10_2011s.tif --infer-aoi /content/drive/MyDrive/treedata/phase4/qc/science_sample_blocks.gpkg,1
20260903T014502Z_2016_t1_2016_base_inference,20260903T014502Z,2026-09-03,inference,t1_2016_base,2016,v048,ac0e79ee1abd,false,work/20260824-sectors,NVIDIA A100-SXM4-40GB,40.0,unet,resnet101,3,42,42,false,2016_snoh_1ft_rgbi.tif,30.5,edmonds_canopy_mask_2020.tif,287816390,,true,fb0b72be2e05,inferred_current,027d085d3267,706,3.13.15,--year 2016 --step inference --infer-batch 32 --run-tag t1_2016_base --force-citywide --no-hillshade --infer-aoi /content/drive/MyDrive/treedata/phase4/qc/science_sample_blocks.gpkg,1
20260903T014954Z_2020_t1_2020_in16_train,20260903T014954Z,2026-09-03,train,t1_2020_in16,2020,v048,079b4c270be9,false,work/20260824-sectors,NVIDIA A100-SXM4-40GB,40.0,unet,resnet101,3,42,42,false,2020_coe_rgb.tif,5.0,edmonds_canopy_mask_2020.tif,287816390,,true,0007909b0a4b,inferred_current,690eaee64756,706,3.13.15,--year 2020 --step train --infer-batch 32 --run-tag t1_2020_in16 --force-citywide --sample-manifest /content/drive/MyDrive/treedata/phase4/qc/sample_tiles_2020.csv --hs-source chm2,1
20260903T015049Z_2016_t1_2016_add05_inference,20260903T015049Z,2026-09-03,inference,t1_2016_add05,2016,v048,ac0e79ee1abd,false,work/20260824-sectors,NVIDIA A100-SXM4-40GB,40.0,unet,resnet101,3,42,42,false,2016_snoh_1ft_rgbi.tif,30.5,edmonds_canopy_mask_2020.tif,287816390,add_chm2005.tif,true,039e90cc3757,inferred_current,027d085d3267,706,3.13.15,--year 2016 --step inference --infer-batch 32 --run-tag t1_2016_add05 --force-citywide --no-hillshade --add-canopy-mask /content/drive/MyDrive/treedata/phase4/labels_corrected/add_chm2005.tif --infer-aoi /content/drive/MyDrive/treedata/phase4/qc/science_sample_blocks.gpkg,1
20260903T015802Z_2016_t1_2016_add16_inference,20260903T015802Z,2026-09-03,inference,t1_2016_add16,2016,v048,ac0e79ee1abd,false,work/20260824-sectors,NVIDIA A100-SXM4-40GB,40.0,unet,resnet101,3,42,42,false,2016_snoh_1ft_rgbi.tif,30.5,edmonds_canopy_mask_2020.tif,287816390,add_chm2016.tif,true,bda3aed311d2,inferred_current,027d085d3267,706,3.13.15,--year 2016 --step inference --infer-batch 32 --run-tag t1_2016_add16 --force-citywide --no-hillshade --add-canopy-mask /content/drive/MyDrive/treedata/phase4/labels_corrected/add_chm2016.tif --infer-aoi /content/drive/MyDrive/treedata/phase4/qc/science_sample_blocks.gpkg,1
20260903T020851Z_2020_t1_2020_add16_inference,20260903T020851Z,2026-09-03,inference,t1_2020_add16,2020,v048,ac0e79ee1abd,false,work/20260824-sectors,NVIDIA A100-SXM4-40GB,40.0,unet,resnet101,3,42,42,false,2020_coe_rgb.tif,5.0,edmonds_canopy_mask_2020.tif,287816390,add_chm2016.tif,true,63aecb520333,inferred_current,027d085d3267,706,3.13.15,--year 2020 --step inference --infer-batch 32 --run-tag t1_2020_add16 --force-citywide --no-hillshade --add-canopy-mask /content/drive/MyDrive/treedata/phase4/labels_corrected/add_chm2016.tif --infer-aoi /content/drive/MyDrive/treedata/phase4/qc/science_sample_blocks.gpkg,1
20260903T022148Z_2020_t1_2020_in16_evaluate,20260903T022148Z,2026-09-03,evaluate,t1_2020_in16,2020,v048,079b4c270be9,false,work/20260824-sectors,NVIDIA A100-SXM4-40GB,40.0,unet,resnet101,3,42,42,false,2020_coe_rgb.tif,5.0,edmonds_canopy_mask_2020.tif,287816390,,true,0007909b0a4b,inferred_current,690eaee64756,706,3.13.15,--year 2020 --step evaluate --infer-batch 32 --run-tag t1_2020_in16 --force-citywide --sample-manifest /content/drive/MyDrive/treedata/phase4/qc/sample_tiles_2020.csv --hs-source chm2,1
20260903T022559Z_2019n_t1_2019n_base_train,20260903T022559Z,2026-09-03,train,t1_2019n_base,2019n,v048,079b4c270be9,false,work/20260824-sectors,NVIDIA A100-SXM4-40GB,40.0,unet,resnet101,3,42,42,false,2019_naip_60cm_rgbi.tif,60.0,edmonds_canopy_mask_2020.tif,287816390,,true,618894c3ef98,inferred_current,690eaee64756,706,3.13.15,--year 2019n --step train --infer-batch 32 --run-tag t1_2019n_base --force-citywide --sample-manifest /content/drive/MyDrive/treedata/phase4/qc/sample_tiles_2019n.csv --no-hillshade,1
20260903T024842Z_2019n_t1_2019n_base_evaluate,20260903T024842Z,2026-09-03,evaluate,t1_2019n_base,2019n,v048,079b4c270be9,false,work/20260824-sectors,NVIDIA A100-SXM4-40GB,40.0,unet,resnet101,3,42,42,false,2019_naip_60cm_rgbi.tif,60.0,edmonds_canopy_mask_2020.tif,287816390,,true,618894c3ef98,inferred_current,690eaee64756,706,3.13.15,--year 2019n --step evaluate --infer-batch 32 --run-tag t1_2019n_base --force-citywide --sample-manifest /content/drive/MyDrive/treedata/phase4/qc/sample_tiles_2019n.csv --no-hillshade,1
20260903T025156Z_2019n_t1_2019n_nir_train,20260903T025156Z,2026-09-03,train,t1_2019n_nir,2019n,v048,079b4c270be9,false,work/20260824-sectors,NVIDIA A100-SXM4-40GB,40.0,unet,resnet101,3,42,42,false,2019_naip_60cm_rgbi.tif,60.0,edmonds_canopy_mask_2020.tif,287816390,,true,11b38fdfcf67,inferred_current,690eaee64756,706,3.13.15,--year 2019n --step train --infer-batch 32 --run-tag t1_2019n_nir --force-citywide --sample-manifest /content/drive/MyDrive/treedata/phase4/qc/sample_tiles_2019n.csv --hs-source nir,1
20260903T031452Z_2019n_t1_2019n_nir_evaluate,20260903T031452Z,2026-09-03,evaluate,t1_2019n_nir,2019n,v048,079b4c270be9,false,work/20260824-sectors,NVIDIA A100-SXM4-40GB,40.0,unet,resnet101,3,42,42,false,2019_naip_60cm_rgbi.tif,60.0,edmonds_canopy_mask_2020.tif,287816390,,true,11b38fdfcf67,inferred_current,690eaee64756,706,3.13.15,--year 2019n --step evaluate --infer-batch 32 --run-tag t1_2019n_nir --force-citywide --sample-manifest /content/drive/MyDrive/treedata/phase4/qc/sample_tiles_2019n.csv --hs-source nir,1
20260903T033402Z_2016_t1_2016_in05_inference,20260903T033402Z,2026-09-03,inference,t1_2016_in05,2016,v048,d35b1e5a2552,false,work/20260824-sectors,NVIDIA A100-SXM4-40GB,40.0,unet,resnet101,3,42,42,false,2016_snoh_1ft_rgbi.tif,30.5,edmonds_canopy_mask_2020.tif,287816390,,true,c62da8bd5f09,inferred_current,785dc2a8ad11,705,3.13.15,--year 2016 --step inference --infer-batch 32 --run-tag t1_2016_in05 --force-citywide --hs-source chm2005 --infer-aoi /content/drive/MyDrive/treedata/phase4/qc/science_sample_blocks.gpkg,1
20260903T034651Z_2016_t1_2016_in16_inference,20260903T034651Z,2026-09-03,inference,t1_2016_in16,2016,v048,d35b1e5a2552,false,work/20260824-sectors,NVIDIA A100-SXM4-40GB,40.0,unet,resnet101,3,42,42,false,2016_snoh_1ft_rgbi.tif,30.5,edmonds_canopy_mask_2020.tif,287816390,,true,9f288ff8c071,inferred_current,7490686983d2,706,3.13.15,--year 2016 --step inference --infer-batch 32 --run-tag t1_2016_in16 --force-citywide --hs-source chm2 --infer-aoi /content/drive/MyDrive/treedata/phase4/qc/science_sample_blocks.gpkg,1
20260903T035555Z_2016_t1_2016_nir_inference,20260903T035555Z,2026-09-03,inference,t1_2016_nir,2016,v048,d35b1e5a2552,false,work/20260824-sectors,NVIDIA A100-SXM4-40GB,40.0,unet,resnet101,3,42,42,false,2016_snoh_1ft_rgbi.tif,30.5,edmonds_canopy_mask_2020.tif,287816390,,true,66af3b1cbf79,inferred_current,7490686983d2,706,3.13.15,--year 2016 --step inference --infer-batch 32 --run-tag t1_2016_nir --force-citywide --hs-source nir --infer-aoi /content/drive/MyDrive/treedata/phase4/qc/science_sample_blocks.gpkg,1
20260903T040649Z_2020_t1_2020_base_inference,20260903T040649Z,2026-09-03,inference,t1_2020_base,2020,v048,d35b1e5a2552,false,work/20260824-sectors,NVIDIA A100-SXM4-40GB,40.0,unet,resnet101,3,42,42,false,2020_coe_rgb.tif,5.0,edmonds_canopy_mask_2020.tif,287816390,,true,3bbb309b6ef4,inferred_current,7490686983d2,706,3.13.15,--year 2020 --step inference --infer-batch 32 --run-tag t1_2020_base --force-citywide --no-hillshade --infer-aoi /content/drive/MyDrive/treedata/phase4/qc/science_sample_blocks.gpkg,1
20260903T044147Z_2020_t1_2020_add05_inference,20260903T044147Z,2026-09-03,inference,t1_2020_add05,2020,v048,d35b1e5a2552,false,work/20260824-sectors,NVIDIA A100-SXM4-40GB,40.0,unet,resnet101,3,42,42,false,2020_coe_rgb.tif,5.0,edmonds_canopy_mask_2020.tif,287816390,add_chm2005.tif,true,88296711094f,inferred_current,7490686983d2,706,3.13.15,--year 2020 --step inference --infer-batch 32 --run-tag t1_2020_add05 --force-citywide --no-hillshade --add-canopy-mask /content/drive/MyDrive/treedata/phase4/labels_corrected/add_chm2005.tif --infer-aoi /content/drive/MyDrive/treedata/phase4/qc/science_sample_blocks.gpkg,1
20260903T051127Z_2020_t1_2020_in05_inference,20260903T051127Z,2026-09-03,inference,t1_2020_in05,2020,v048,d35b1e5a2552,false,work/20260824-sectors,NVIDIA A100-SXM4-40GB,40.0,unet,resnet101,3,42,42,false,2020_coe_rgb.tif,5.0,edmonds_canopy_mask_2020.tif,287816390,,true,46d85f7edcc5,inferred_current,7490686983d2,706,3.13.15,--year 2020 --step inference --infer-batch 32 --run-tag t1_2020_in05 --force-citywide --hs-source chm2005 --infer-aoi /content/drive/MyDrive/treedata/phase4/qc/science_sample_blocks.gpkg,1
20260903T053951Z_2020_t1_2020_in16_inference,20260903T053951Z,2026-09-03,inference,t1_2020_in16,2020,v048,d35b1e5a2552,false,work/20260824-sectors,NVIDIA A100-SXM4-40GB,40.0,unet,resnet101,3,42,42,false,2020_coe_rgb.tif,5.0,edmonds_canopy_mask_2020.tif,287816390,,true,0007909b0a4b,inferred_current,7490686983d2,706,3.13.15,--year 2020 --step inference --infer-batch 32 --run-tag t1_2020_in16 --force-citywide --hs-source chm2 --infer-aoi /content/drive/MyDrive/treedata/phase4/qc/science_sample_blocks.gpkg,1
20260903T061402Z_2019n_t1_2019n_base_inference,20260903T061402Z,2026-09-03,inference,t1_2019n_base,2019n,v048,d35b1e5a2552,false,work/20260824-sectors,NVIDIA A100-SXM4-40GB,40.0,unet,resnet101,3,42,42,false,2019_naip_60cm_rgbi.tif,60.0,edmonds_canopy_mask_2020.tif,287816390,,true,618894c3ef98,inferred_current,7490686983d2,706,3.13.15,--year 2019n --step inference --infer-batch 32 --run-tag t1_2019n_base --force-citywide --no-hillshade --infer-aoi /content/drive/MyDrive/treedata/phase4/qc/science_sample_blocks.gpkg,1
20260903T061859Z_2019n_t1_2019n_nir_inference,20260903T061859Z,2026-09-03,inference,t1_2019n_nir,2019n,v048,d35b1e5a2552,false,work/20260824-sectors,NVIDIA A100-SXM4-40GB,40.0,unet,resnet101,3,42,42,false,2019_naip_60cm_rgbi.tif,60.0,edmonds_canopy_mask_2020.tif,287816390,,true,11b38fdfcf67,inferred_current,7490686983d2,706,3.13.15,--year 2019n --step inference --infer-batch 32 --run-tag t1_2019n_nir --force-citywide --hs-source nir --infer-aoi /content/drive/MyDrive/treedata/phase4/qc/science_sample_blocks.gpkg,1
20260905T031644Z_2009_trend8_2009_labels,20260905T031644Z,2026-09-05,labels,trend8_2009,2009,v048,98684b2ffc43,false,work/20260824-sectors,NVIDIA A100-SXM4-40GB,40.0,unet,resnet101,3,42,42,false,2009_king_rgb.tif,20.1,edmonds_canopy_mask_2020.tif,287816390,,true,7885febe1bdc,inferred_current,1e71f581c2ce,705,3.13.15,--year 2009 --step labels --infer-batch 32 --run-tag trend8_2009 --force-citywide --no-hillshade,1
20260905T031857Z_2013_trend8_2013_labels,20260905T031857Z,2026-09-05,labels,trend8_2013,2013,v048,98684b2ffc43,false,work/20260824-sectors,NVIDIA A100-SXM4-40GB,40.0,unet,resnet101,3,42,42,false,2013_king_rgb.tif,10.0,edmonds_canopy_mask_2020.tif,287816390,,true,cd31e23d8060,inferred_current,1e71f581c2ce,705,3.13.15,--year 2013 --step labels --infer-batch 32 --run-tag trend8_2013 --force-citywide --no-hillshade,1
20260905T032055Z_2009_trend8_2009_tile,20260905T032055Z,2026-09-05,tile,trend8_2009,2009,v048,98684b2ffc43,false,work/20260824-sectors,NVIDIA A100-SXM4-40GB,40.0,unet,resnet101,3,42,42,false,2009_king_rgb.tif,20.1,edmonds_canopy_mask_2020.tif,287816390,,true,7885febe1bdc,inferred_current,1e71f581c2ce,705,3.13.15,--year 2009 --step tile --infer-batch 32 --run-tag trend8_2009 --force-citywide --no-hillshade,1
20260905T032756Z_2013_trend8_2013_tile,20260905T032756Z,2026-09-05,tile,trend8_2013,2013,v048,98684b2ffc43,false,work/20260824-sectors,NVIDIA A100-SXM4-40GB,40.0,unet,resnet101,3,42,42,false,2013_king_rgb.tif,10.0,edmonds_canopy_mask_2020.tif,287816390,,true,cd31e23d8060,inferred_current,1e71f581c2ce,705,3.13.15,--year 2013 --step tile --infer-batch 32 --run-tag trend8_2013 --force-citywide --no-hillshade,1
20260905T034300Z_2009_trend8_2009_train,20260905T034300Z,2026-09-05,train,trend8_2009,2009,v048,98684b2ffc43,false,work/20260824-sectors,NVIDIA A100-SXM4-40GB,40.0,unet,resnet101,3,42,42,false,2009_king_rgb.tif,20.1,edmonds_canopy_mask_2020.tif,287816390,,true,7885febe1bdc,inferred_current,1e71f581c2ce,705,3.13.15,--year 2009 --step train --infer-batch 32 --run-tag trend8_2009 --force-citywide --no-hillshade,1
20260905T035254Z_2013_trend8_2013_train,20260905T035254Z,2026-09-05,train,trend8_2013,2013,v048,98684b2ffc43,false,work/20260824-sectors,NVIDIA A100-SXM4-40GB,40.0,unet,resnet101,3,42,42,false,2013_king_rgb.tif,10.0,edmonds_canopy_mask_2020.tif,287816390,,true,cd31e23d8060,inferred_current,1e71f581c2ce,705,3.13.15,--year 2013 --step train --infer-batch 32 --run-tag trend8_2013 --force-citywide --no-hillshade,1
20260905T042451Z_2009_trend8_2009_evaluate,20260905T042451Z,2026-09-05,evaluate,trend8_2009,2009,v048,98684b2ffc43,false,work/20260824-sectors,NVIDIA A100-SXM4-40GB,40.0,unet,resnet101,3,42,42,false,2009_king_rgb.tif,20.1,edmonds_canopy_mask_2020.tif,287816390,,true,7885febe1bdc,inferred_current,1a88b0a0ec2e,706,3.13.15,--year 2009 --step evaluate --infer-batch 32 --run-tag trend8_2009 --force-citywide --no-hillshade,1
20260905T042741Z_2009_trend8_2009_inference,20260905T042741Z,2026-09-05,inference,trend8_2009,2009,v048,98684b2ffc43,false,work/20260824-sectors,NVIDIA A100-SXM4-40GB,40.0,unet,resnet101,3,42,42,false,2009_king_rgb.tif,20.1,edmonds_canopy_mask_2020.tif,287816390,,true,7885febe1bdc,inferred_current,1a88b0a0ec2e,706,3.13.15,--year 2009 --step inference --infer-batch 32 --run-tag trend8_2009 --force-citywide --no-hillshade,1
20260905T043351Z_2009_trend8_2009_postproc,20260905T043351Z,2026-09-05,postproc,trend8_2009,2009,v048,98684b2ffc43,false,work/20260824-sectors,NVIDIA A100-SXM4-40GB,40.0,unet,resnet101,3,42,42,false,2009_king_rgb.tif,20.1,edmonds_canopy_mask_2020.tif,287816390,,true,7885febe1bdc,inferred_current,1a88b0a0ec2e,706,3.13.15,--year 2009 --step postproc --infer-batch 32 --run-tag trend8_2009 --force-citywide --no-hillshade,1
20260905T043840Z_2011s_trend8_2011s_labels,20260905T043840Z,2026-09-05,labels,trend8_2011s,2011s,v048,98684b2ffc43,false,work/20260824-sectors,NVIDIA A100-SXM4-40GB,40.0,unet,resnet101,3,42,42,false,2011_snoh_1ft_rgb.tif,30.5,edmonds_canopy_mask_2020.tif,287816390,,true,10d6558ee4ef,inferred_current,1a88b0a0ec2e,706,3.13.15,--year 2011s --step labels --infer-batch 32 --run-tag trend8_2011s --force-citywide --no-hillshade,1
20260905T044058Z_2013_trend8_2013_evaluate,20260905T044058Z,2026-09-05,evaluate,trend8_2013,2013,v048,98684b2ffc43,false,work/20260824-sectors,NVIDIA A100-SXM4-40GB,40.0,unet,resnet101,3,42,42,false,2013_king_rgb.tif,10.0,edmonds_canopy_mask_2020.tif,287816390,,true,cd31e23d8060,inferred_current,1a88b0a0ec2e,706,3.13.15,--year 2013 --step evaluate --infer-batch 32 --run-tag trend8_2013 --force-citywide --no-hillshade,1
20260905T044355Z_2013_trend8_2013_inference,20260905T044355Z,2026-09-05,inference,trend8_2013,2013,v048,98684b2ffc43,false,work/20260824-sectors,NVIDIA A100-SXM4-40GB,40.0,unet,resnet101,3,42,42,false,2013_king_rgb.tif,10.0,edmonds_canopy_mask_2020.tif,287816390,,true,cd31e23d8060,inferred_current,1a88b0a0ec2e,706,3.13.15,--year 2013 --step inference --infer-batch 32 --run-tag trend8_2013 --force-citywide --no-hillshade,1
20260905T044455Z_2011s_trend8_2011s_tile,20260905T044455Z,2026-09-05,tile,trend8_2011s,2011s,v048,98684b2ffc43,false,work/20260824-sectors,NVIDIA A100-SXM4-40GB,40.0,unet,resnet101,3,42,42,false,2011_snoh_1ft_rgb.tif,30.5,edmonds_canopy_mask_2020.tif,287816390,,true,10d6558ee4ef,inferred_current,1a88b0a0ec2e,706,3.13.15,--year 2011s --step tile --infer-batch 32 --run-tag trend8_2011s --force-citywide --no-hillshade,1
20260905T050826Z_2013_trend8_2013_postproc,20260905T050826Z,2026-09-05,postproc,trend8_2013,2013,v048,98684b2ffc43,false,work/20260824-sectors,NVIDIA A100-SXM4-40GB,40.0,unet,resnet101,3,42,42,false,2013_king_rgb.tif,10.0,edmonds_canopy_mask_2020.tif,287816390,,true,cd31e23d8060,inferred_current,1a88b0a0ec2e,706,3.13.15,--year 2013 --step postproc --infer-batch 32 --run-tag trend8_2013 --force-citywide --no-hillshade,1
20260905T051338Z_2011s_trend8_2011s_train,20260905T051338Z,2026-09-05,train,trend8_2011s,2011s,v048,98684b2ffc43,false,work/20260824-sectors,NVIDIA A100-SXM4-40GB,40.0,unet,resnet101,3,42,42,false,2011_snoh_1ft_rgb.tif,30.5,edmonds_canopy_mask_2020.tif,287816390,,true,10d6558ee4ef,inferred_current,1a88b0a0ec2e,706,3.13.15,--year 2011s --step train --infer-batch 32 --run-tag trend8_2011s --force-citywide --no-hillshade,1
20260905T052600Z_2015_trend8_2015_labels,20260905T052600Z,2026-09-05,labels,trend8_2015,2015,v048,98684b2ffc43,false,work/20260824-sectors,NVIDIA A100-SXM4-40GB,40.0,unet,resnet101,3,42,42,false,2015_king_rgb.tif,10.0,edmonds_canopy_mask_2020.tif,287816390,,true,4bb6c625c5e8,inferred_current,1a88b0a0ec2e,706,3.13.15,--year 2015 --step labels --infer-batch 32 --run-tag trend8_2015 --force-citywide --no-hillshade,1
20260905T053149Z_2015_trend8_2015_tile,20260905T053149Z,2026-09-05,tile,trend8_2015,2015,v048,98684b2ffc43,false,work/20260824-sectors,NVIDIA A100-SXM4-40GB,40.0,unet,resnet101,3,42,42,false,2015_king_rgb.tif,10.0,edmonds_canopy_mask_2020.tif,287816390,,true,4bb6c625c5e8,inferred_current,1a88b0a0ec2e,706,3.13.15,--year 2015 --step tile --infer-batch 32 --run-tag trend8_2015 --force-citywide --no-hillshade,1
20260905T055742Z_2015_trend8_2015_train,20260905T055742Z,2026-09-05,train,trend8_2015,2015,v048,98684b2ffc43,false,work/20260824-sectors,NVIDIA A100-SXM4-40GB,40.0,unet,resnet101,3,42,42,false,2015_king_rgb.tif,10.0,edmonds_canopy_mask_2020.tif,287816390,,true,4bb6c625c5e8,inferred_current,1a88b0a0ec2e,706,3.13.15,--year 2015 --step train --infer-batch 32 --run-tag trend8_2015 --force-citywide --no-hillshade,1
20260905T055857Z_2011s_trend8_2011s_evaluate,20260905T055857Z,2026-09-05,evaluate,trend8_2011s,2011s,v048,98684b2ffc43,false,work/20260824-sectors,NVIDIA A100-SXM4-40GB,40.0,unet,resnet101,3,42,42,false,2011_snoh_1ft_rgb.tif,30.5,edmonds_canopy_mask_2020.tif,287816390,,true,10d6558ee4ef,inferred_current,1a88b0a0ec2e,706,3.13.15,--year 2011s --step evaluate --infer-batch 32 --run-tag trend8_2011s --force-citywide --no-hillshade,1
20260905T060153Z_2011s_trend8_2011s_inference,20260905T060153Z,2026-09-05,inference,trend8_2011s,2011s,v048,98684b2ffc43,false,work/20260824-sectors,NVIDIA A100-SXM4-40GB,40.0,unet,resnet101,3,42,42,false,2011_snoh_1ft_rgb.tif,30.5,edmonds_canopy_mask_2020.tif,287816390,,true,10d6558ee4ef,inferred_current,1a88b0a0ec2e,706,3.13.15,--year 2011s --step inference --infer-batch 32 --run-tag trend8_2011s --force-citywide --no-hillshade,1
20260905T060547Z_2011s_trend8_2011s_postproc,20260905T060547Z,2026-09-05,postproc,trend8_2011s,2011s,v048,98684b2ffc43,false,work/20260824-sectors,NVIDIA A100-SXM4-40GB,40.0,unet,resnet101,3,42,42,false,2011_snoh_1ft_rgb.tif,30.5,edmonds_canopy_mask_2020.tif,287816390,,true,10d6558ee4ef,inferred_current,1a88b0a0ec2e,706,3.13.15,--year 2011s --step postproc --infer-batch 32 --run-tag trend8_2011s --force-citywide --no-hillshade,1
20260905T060856Z_2016_trend8_2016_labels,20260905T060856Z,2026-09-05,labels,trend8_2016,2016,v048,98684b2ffc43,false,work/20260824-sectors,NVIDIA A100-SXM4-40GB,40.0,unet,resnet101,3,42,42,false,2016_snoh_1ft_rgbi.tif,30.5,edmonds_canopy_mask_2020.tif,287816390,,true,892f6c92c07a,inferred_current,1a88b0a0ec2e,706,3.13.15,--year 2016 --step labels --infer-batch 32 --run-tag trend8_2016 --force-citywide --no-hillshade,1
20260905T061758Z_2016_trend8_2016_tile,20260905T061758Z,2026-09-05,tile,trend8_2016,2016,v048,98684b2ffc43,false,work/20260824-sectors,NVIDIA A100-SXM4-40GB,40.0,unet,resnet101,3,42,42,false,2016_snoh_1ft_rgbi.tif,30.5,edmonds_canopy_mask_2020.tif,287816390,,true,892f6c92c07a,inferred_current,1a88b0a0ec2e,706,3.13.15,--year 2016 --step tile --infer-batch 32 --run-tag trend8_2016 --force-citywide --no-hillshade,1
20260905T063447Z_2015_trend8_2015_evaluate,20260905T063447Z,2026-09-05,evaluate,trend8_2015,2015,v048,98684b2ffc43,false,work/20260824-sectors,NVIDIA A100-SXM4-40GB,40.0,unet,resnet101,3,42,42,false,2015_king_rgb.tif,10.0,edmonds_canopy_mask_2020.tif,287816390,,true,4bb6c625c5e8,inferred_current,1a88b0a0ec2e,706,3.13.15,--year 2015 --step evaluate --infer-batch 32 --run-tag trend8_2015 --force-citywide --no-hillshade,1
20260905T063758Z_2015_trend8_2015_inference,20260905T063758Z,2026-09-05,inference,trend8_2015,2015,v048,98684b2ffc43,false,work/20260824-sectors,NVIDIA A100-SXM4-40GB,40.0,unet,resnet101,3,42,42,false,2015_king_rgb.tif,10.0,edmonds_canopy_mask_2020.tif,287816390,,true,4bb6c625c5e8,inferred_current,1a88b0a0ec2e,706,3.13.15,--year 2015 --step inference --infer-batch 32 --run-tag trend8_2015 --force-citywide --no-hillshade,1
20260905T064037Z_2016_trend8_2016_train,20260905T064037Z,2026-09-05,train,trend8_2016,2016,v048,98684b2ffc43,false,work/20260824-sectors,NVIDIA A100-SXM4-40GB,40.0,unet,resnet101,3,42,42,false,2016_snoh_1ft_rgbi.tif,30.5,edmonds_canopy_mask_2020.tif,287816390,,true,892f6c92c07a,inferred_current,1a88b0a0ec2e,706,3.13.15,--year 2016 --step train --infer-batch 32 --run-tag trend8_2016 --force-citywide --no-hillshade,1
20260905T070045Z_2015_trend8_2015_postproc,20260905T070045Z,2026-09-05,postproc,trend8_2015,2015,v048,98684b2ffc43,false,work/20260824-sectors,NVIDIA A100-SXM4-40GB,40.0,unet,resnet101,3,42,42,false,2015_king_rgb.tif,10.0,edmonds_canopy_mask_2020.tif,287816390,,true,4bb6c625c5e8,inferred_current,1a88b0a0ec2e,706,3.13.15,--year 2015 --step postproc --infer-batch 32 --run-tag trend8_2015 --force-citywide --no-hillshade,1
20260905T071750Z_2019_trend8_2019_labels,20260905T071750Z,2026-09-05,labels,trend8_2019,2019,v048,98684b2ffc43,false,work/20260824-sectors,NVIDIA A100-SXM4-40GB,40.0,unet,resnet101,3,42,42,false,2019_king_rgb.tif,10.0,edmonds_canopy_mask_2020.tif,287816390,,true,c1dddc82af1f,inferred_current,1a88b0a0ec2e,706,3.13.15,--year 2019 --step labels --infer-batch 32 --run-tag trend8_2019 --force-citywide --no-hillshade,1
20260905T072455Z_2019_trend8_2019_tile,20260905T072455Z,2026-09-05,tile,trend8_2019,2019,v048,98684b2ffc43,false,work/20260824-sectors,NVIDIA A100-SXM4-40GB,40.0,unet,resnet101,3,42,42,false,2019_king_rgb.tif,10.0,edmonds_canopy_mask_2020.tif,287816390,,true,c1dddc82af1f,inferred_current,1a88b0a0ec2e,706,3.13.15,--year 2019 --step tile --infer-batch 32 --run-tag trend8_2019 --force-citywide --no-hillshade,1
20260905T072948Z_2016_trend8_2016_evaluate,20260905T072948Z,2026-09-05,evaluate,trend8_2016,2016,v048,98684b2ffc43,false,work/20260824-sectors,NVIDIA A100-SXM4-40GB,40.0,unet,resnet101,3,42,42,false,2016_snoh_1ft_rgbi.tif,30.5,edmonds_canopy_mask_2020.tif,287816390,,true,892f6c92c07a,inferred_current,1a88b0a0ec2e,706,3.13.15,--year 2016 --step evaluate --infer-batch 32 --run-tag trend8_2016 --force-citywide --no-hillshade,1
20260905T073305Z_2016_trend8_2016_inference,20260905T073305Z,2026-09-05,inference,trend8_2016,2016,v048,98684b2ffc43,false,work/20260824-sectors,NVIDIA A100-SXM4-40GB,40.0,unet,resnet101,3,42,42,false,2016_snoh_1ft_rgbi.tif,30.5,edmonds_canopy_mask_2020.tif,287816390,,true,892f6c92c07a,inferred_current,1a88b0a0ec2e,706,3.13.15,--year 2016 --step inference --infer-batch 32 --run-tag trend8_2016 --force-citywide --no-hillshade,1
20260905T073957Z_2016_trend8_2016_postproc,20260905T073957Z,2026-09-05,postproc,trend8_2016,2016,v048,98684b2ffc43,false,work/20260824-sectors,NVIDIA A100-SXM4-40GB,40.0,unet,resnet101,3,42,42,false,2016_snoh_1ft_rgbi.tif,30.5,edmonds_canopy_mask_2020.tif,287816390,,true,892f6c92c07a,inferred_current,1a88b0a0ec2e,706,3.13.15,--year 2016 --step postproc --infer-batch 32 --run-tag trend8_2016 --force-citywide --no-hillshade,1
20260905T074253Z_2024_trend8_2024_labels,20260905T074253Z,2026-09-05,labels,trend8_2024,2024,v048,98684b2ffc43,false,work/20260824-sectors,NVIDIA A100-SXM4-40GB,40.0,unet,resnet101,3,42,42,false,2024_coe_rgb.tif,5.0,edmonds_canopy_mask_2020.tif,287816390,,true,3dbae57010df,inferred_current,1a88b0a0ec2e,706,3.13.15,--year 2024 --step labels --infer-batch 32 --run-tag trend8_2024 --force-citywide --no-hillshade,1
20260905T074748Z_2024_trend8_2024_tile,20260905T074748Z,2026-09-05,tile,trend8_2024,2024,v048,98684b2ffc43,false,work/20260824-sectors,NVIDIA A100-SXM4-40GB,40.0,unet,resnet101,3,42,42,false,2024_coe_rgb.tif,5.0,edmonds_canopy_mask_2020.tif,287816390,,true,3dbae57010df,inferred_current,1a88b0a0ec2e,706,3.13.15,--year 2024 --step tile --infer-batch 32 --run-tag trend8_2024 --force-citywide --no-hillshade,1
20260905T075058Z_2019_trend8_2019_train,20260905T075058Z,2026-09-05,train,trend8_2019,2019,v048,98684b2ffc43,false,work/20260824-sectors,NVIDIA A100-SXM4-40GB,40.0,unet,resnet101,3,42,42,false,2019_king_rgb.tif,10.0,edmonds_canopy_mask_2020.tif,287816390,,true,c1dddc82af1f,inferred_current,1a88b0a0ec2e,706,3.13.15,--year 2019 --step train --infer-batch 32 --run-tag trend8_2019 --force-citywide --no-hillshade,1
20260905T081454Z_2024_trend8_2024_train,20260905T081454Z,2026-09-05,train,trend8_2024,2024,v048,98684b2ffc43,false,work/20260824-sectors,NVIDIA A100-SXM4-40GB,40.0,unet,resnet101,3,42,42,false,2024_coe_rgb.tif,5.0,edmonds_canopy_mask_2020.tif,287816390,,true,3dbae57010df,inferred_current,1a88b0a0ec2e,706,3.13.15,--year 2024 --step train --infer-batch 32 --run-tag trend8_2024 --force-citywide --no-hillshade,1
20260905T083054Z_2019_trend8_2019_evaluate,20260905T083054Z,2026-09-05,evaluate,trend8_2019,2019,v048,98684b2ffc43,false,work/20260824-sectors,NVIDIA A100-SXM4-40GB,40.0,unet,resnet101,3,42,42,false,2019_king_rgb.tif,10.0,edmonds_canopy_mask_2020.tif,287816390,,true,c1dddc82af1f,inferred_current,1a88b0a0ec2e,706,3.13.15,--year 2019 --step evaluate --infer-batch 32 --run-tag trend8_2019 --force-citywide --no-hillshade,1
20260905T083452Z_2019_trend8_2019_inference,20260905T083452Z,2026-09-05,inference,trend8_2019,2019,v048,98684b2ffc43,false,work/20260824-sectors,NVIDIA A100-SXM4-40GB,40.0,unet,resnet101,3,42,42,false,2019_king_rgb.tif,10.0,edmonds_canopy_mask_2020.tif,287816390,,true,c1dddc82af1f,inferred_current,1a88b0a0ec2e,706,3.13.15,--year 2019 --step inference --infer-batch 32 --run-tag trend8_2019 --force-citywide --no-hillshade,1
20260905T085901Z_2019_trend8_2019_postproc,20260905T085901Z,2026-09-05,postproc,trend8_2019,2019,v048,98684b2ffc43,false,work/20260824-sectors,NVIDIA A100-SXM4-40GB,40.0,unet,resnet101,3,42,42,false,2019_king_rgb.tif,10.0,edmonds_canopy_mask_2020.tif,287816390,,true,c1dddc82af1f,inferred_current,1a88b0a0ec2e,706,3.13.15,--year 2019 --step postproc --infer-batch 32 --run-tag trend8_2019 --force-citywide --no-hillshade,1
20260905T090545Z_2024_trend8_2024_evaluate,20260905T090545Z,2026-09-05,evaluate,trend8_2024,2024,v048,98684b2ffc43,false,work/20260824-sectors,NVIDIA A100-SXM4-40GB,40.0,unet,resnet101,3,42,42,false,2024_coe_rgb.tif,5.0,edmonds_canopy_mask_2020.tif,287816390,,true,3dbae57010df,inferred_current,1a88b0a0ec2e,706,3.13.15,--year 2024 --step evaluate --infer-batch 32 --run-tag trend8_2024 --force-citywide --no-hillshade,1
20260905T090652Z_2024_trend8_2024_inference,20260905T090652Z,2026-09-05,inference,trend8_2024,2024,v048,98684b2ffc43,false,work/20260824-sectors,NVIDIA A100-SXM4-40GB,40.0,unet,resnet101,3,42,42,false,2024_coe_rgb.tif,5.0,edmonds_canopy_mask_2020.tif,287816390,,true,3dbae57010df,inferred_current,1a88b0a0ec2e,706,3.13.15,--year 2024 --step inference --infer-batch 32 --run-tag trend8_2024 --force-citywide --no-hillshade,1
20260905T091648Z_2021_trend8_2021_labels,20260905T091648Z,2026-09-05,labels,trend8_2021,2021,v048,98684b2ffc43,false,work/20260824-sectors,NVIDIA A100-SXM4-40GB,40.0,unet,resnet101,3,42,42,false,2021_king_rgb.tif,10.0,edmonds_canopy_mask_2020.tif,287816390,,true,e45a392d75b2,inferred_current,1a88b0a0ec2e,706,3.13.15,--year 2021 --step labels --infer-batch 32 --run-tag trend8_2021 --force-citywide --no-hillshade,1
20260905T092345Z_2021_trend8_2021_tile,20260905T092345Z,2026-09-05,tile,trend8_2021,2021,v048,98684b2ffc43,false,work/20260824-sectors,NVIDIA A100-SXM4-40GB,40.0,unet,resnet101,3,42,42,false,2021_king_rgb.tif,10.0,edmonds_canopy_mask_2020.tif,287816390,,true,e45a392d75b2,inferred_current,1a88b0a0ec2e,706,3.13.15,--year 2021 --step tile --infer-batch 32 --run-tag trend8_2021 --force-citywide --no-hillshade,1
20260905T095156Z_2021_trend8_2021_train,20260905T095156Z,2026-09-05,train,trend8_2021,2021,v048,98684b2ffc43,false,work/20260824-sectors,NVIDIA A100-SXM4-40GB,40.0,unet,resnet101,3,42,42,false,2021_king_rgb.tif,10.0,edmonds_canopy_mask_2020.tif,287816390,,true,e45a392d75b2,inferred_current,1a88b0a0ec2e,706,3.13.15,--year 2021 --step train --infer-batch 32 --run-tag trend8_2021 --force-citywide --no-hillshade,1
20260905T101549Z_2024_trend8_2024_postproc,20260905T101549Z,2026-09-05,postproc,trend8_2024,2024,v048,98684b2ffc43,false,work/20260824-sectors,NVIDIA A100-SXM4-40GB,40.0,unet,resnet101,3,42,42,false,2024_coe_rgb.tif,5.0,edmonds_canopy_mask_2020.tif,287816390,,true,3dbae57010df,inferred_current,1a88b0a0ec2e,706,3.13.15,--year 2024 --step postproc --infer-batch 32 --run-tag trend8_2024 --force-citywide --no-hillshade,1
20260905T102856Z_2021_trend8_2021_evaluate,20260905T102856Z,2026-09-05,evaluate,trend8_2021,2021,v048,98684b2ffc43,false,work/20260824-sectors,NVIDIA A100-SXM4-40GB,40.0,unet,resnet101,3,42,42,false,2021_king_rgb.tif,10.0,edmonds_canopy_mask_2020.tif,287816390,,true,e45a392d75b2,inferred_current,1a88b0a0ec2e,706,3.13.15,--year 2021 --step evaluate --infer-batch 32 --run-tag trend8_2021 --force-citywide --no-hillshade,1
20260905T103159Z_2021_trend8_2021_inference,20260905T103159Z,2026-09-05,inference,trend8_2021,2021,v048,98684b2ffc43,false,work/20260824-sectors,NVIDIA A100-SXM4-40GB,40.0,unet,resnet101,3,42,42,false,2021_king_rgb.tif,10.0,edmonds_canopy_mask_2020.tif,287816390,,true,e45a392d75b2,inferred_current,1a88b0a0ec2e,706,3.13.15,--year 2021 --step inference --infer-batch 32 --run-tag trend8_2021 --force-citywide --no-hillshade,1
20260905T105500Z_2021_trend8_2021_postproc,20260905T105500Z,2026-09-05,postproc,trend8_2021,2021,v048,98684b2ffc43,false,work/20260824-sectors,NVIDIA A100-SXM4-40GB,40.0,unet,resnet101,3,42,42,false,2021_king_rgb.tif,10.0,edmonds_canopy_mask_2020.tif,287816390,,true,e45a392d75b2,inferred_current,1a88b0a0ec2e,706,3.13.15,--year 2021 --step postproc --infer-batch 32 --run-tag trend8_2021 --force-citywide --no-hillshade,1
20260905T145952Z_2017_of_2017_labels,20260905T145952Z,2026-09-05,labels,of_2017,2017,v048,429b0c6c446f,false,work/20260824-sectors,NVIDIA A100-SXM4-40GB,40.0,unet,resnet101,3,42,42,false,2017_coe_rgb.tif,5.0,edmonds_canopy_mask_2020.tif,287816390,,true,e955bb67a335,inferred_current,d8d6c9d73fad,705,3.13.15,--year 2017 --step labels --infer-batch 32 --run-tag of_2017 --force-citywide --no-hillshade,1
20260905T150242Z_2017k_of_2017k_labels,20260905T150242Z,2026-09-05,labels,of_2017k,2017k,v048,429b0c6c446f,false,work/20260824-sectors,NVIDIA A100-SXM4-40GB,40.0,unet,resnet101,3,42,42,false,2017_king_rgb.tif,10.0,edmonds_canopy_mask_2020.tif,287816390,,true,a36d6772e88b,inferred_current,d8d6c9d73fad,705,3.13.15,--year 2017k --step labels --infer-batch 32 --run-tag of_2017k --force-citywide --no-hillshade,1
20260905T150650Z_2017_of_2017_tile,20260905T150650Z,2026-09-05,tile,of_2017,2017,v048,429b0c6c446f,false,work/20260824-sectors,NVIDIA A100-SXM4-40GB,40.0,unet,resnet101,3,42,42,false,2017_coe_rgb.tif,5.0,edmonds_canopy_mask_2020.tif,287816390,,true,e955bb67a335,inferred_current,d8d6c9d73fad,705,3.13.15,--year 2017 --step tile --infer-batch 32 --run-tag of_2017 --force-citywide --no-hillshade,1
20260905T150954Z_2017k_of_2017k_tile,20260905T150954Z,2026-09-05,tile,of_2017k,2017k,v048,429b0c6c446f,false,work/20260824-sectors,NVIDIA A100-SXM4-40GB,40.0,unet,resnet101,3,42,42,false,2017_king_rgb.tif,10.0,edmonds_canopy_mask_2020.tif,287816390,,true,a36d6772e88b,inferred_current,d8d6c9d73fad,705,3.13.15,--year 2017k --step tile --infer-batch 32 --run-tag of_2017k --force-citywide --no-hillshade,1
20260905T151440Z_2020_of_2020_labels,20260905T151440Z,2026-09-05,labels,of_2020,2020,v048,429b0c6c446f,false,work/20260824-sectors,NVIDIA A100-SXM4-40GB,40.0,unet,resnet101,3,42,42,false,2020_coe_rgb.tif,5.0,edmonds_canopy_mask_2020.tif,287816390,,true,0d4456027a30,inferred_current,d8d6c9d73fad,705,3.13.15,--year 2020 --step labels --infer-batch 32 --run-tag of_2020 --force-citywide --no-hillshade,1
20260905T152139Z_2020_of_2020_tile,20260905T152139Z,2026-09-05,tile,of_2020,2020,v048,429b0c6c446f,false,work/20260824-sectors,NVIDIA A100-SXM4-40GB,40.0,unet,resnet101,3,42,42,false,2020_coe_rgb.tif,5.0,edmonds_canopy_mask_2020.tif,287816390,,true,0d4456027a30,inferred_current,d8d6c9d73fad,705,3.13.15,--year 2020 --step tile --infer-batch 32 --run-tag of_2020 --force-citywide --no-hillshade,1
20260905T155030Z_2017_of_2017_train,20260905T155030Z,2026-09-05,train,of_2017,2017,v048,429b0c6c446f,false,work/20260824-sectors,NVIDIA A100-SXM4-40GB,40.0,unet,resnet101,3,42,42,false,2017_coe_rgb.tif,5.0,edmonds_canopy_mask_2020.tif,287816390,,true,e955bb67a335,inferred_current,d8d6c9d73fad,705,3.13.15,--year 2017 --step train --infer-batch 32 --run-tag of_2017 --force-citywide --no-hillshade,1
20260905T155452Z_2020_of_2020_train,20260905T155452Z,2026-09-05,train,of_2020,2020,v048,429b0c6c446f,false,work/20260824-sectors,NVIDIA A100-SXM4-40GB,40.0,unet,resnet101,3,42,42,false,2020_coe_rgb.tif,5.0,edmonds_canopy_mask_2020.tif,287816390,,true,0d4456027a30,inferred_current,d8d6c9d73fad,705,3.13.15,--year 2020 --step train --infer-batch 32 --run-tag of_2020 --force-citywide --no-hillshade,1
20260905T163139Z_2017_of_2017_evaluate,20260905T163139Z,2026-09-05,evaluate,of_2017,2017,v048,429b0c6c446f,false,work/20260824-sectors,NVIDIA A100-SXM4-40GB,40.0,unet,resnet101,3,42,42,false,2017_coe_rgb.tif,5.0,edmonds_canopy_mask_2020.tif,287816390,,true,e955bb67a335,inferred_current,eae9bf562f4b,706,3.13.15,--year 2017 --step evaluate --infer-batch 32 --run-tag of_2017 --force-citywide --no-hillshade,1
20260905T163238Z_2017_of_2017_inference,20260905T163238Z,2026-09-05,inference,of_2017,2017,v048,429b0c6c446f,false,work/20260824-sectors,NVIDIA A100-SXM4-40GB,40.0,unet,resnet101,3,42,42,false,2017_coe_rgb.tif,5.0,edmonds_canopy_mask_2020.tif,287816390,,true,e955bb67a335,inferred_current,eae9bf562f4b,706,3.13.15,--year 2017 --step inference --infer-batch 32 --run-tag of_2017 --force-citywide --no-hillshade,1
20260905T163356Z_2020_of_2020_evaluate,20260905T163356Z,2026-09-05,evaluate,of_2020,2020,v048,429b0c6c446f,false,work/20260824-sectors,NVIDIA A100-SXM4-40GB,40.0,unet,resnet101,3,42,42,false,2020_coe_rgb.tif,5.0,edmonds_canopy_mask_2020.tif,287816390,,true,0d4456027a30,inferred_current,eae9bf562f4b,706,3.13.15,--year 2020 --step evaluate --infer-batch 32 --run-tag of_2020 --force-citywide --no-hillshade,1
20260905T163652Z_2020_of_2020_inference,20260905T163652Z,2026-09-05,inference,of_2020,2020,v048,429b0c6c446f,false,work/20260824-sectors,NVIDIA A100-SXM4-40GB,40.0,unet,resnet101,3,42,42,false,2020_coe_rgb.tif,5.0,edmonds_canopy_mask_2020.tif,287816390,,true,0d4456027a30,inferred_current,eae9bf562f4b,706,3.13.15,--year 2020 --step inference --infer-batch 32 --run-tag of_2020 --force-citywide --no-hillshade,1
20260905T175138Z_2020_of_2020_postproc,20260905T175138Z,2026-09-05,postproc,of_2020,2020,v048,429b0c6c446f,false,work/20260824-sectors,NVIDIA A100-SXM4-40GB,40.0,unet,resnet101,3,42,42,false,2020_coe_rgb.tif,5.0,edmonds_canopy_mask_2020.tif,287816390,,true,0d4456027a30,inferred_current,eae9bf562f4b,706,3.13.15,--year 2020 --step postproc --infer-batch 32 --run-tag of_2020 --force-citywide --no-hillshade,1
20260905T184943Z_2017s_of_2017s_labels,20260905T184943Z,2026-09-05,labels,of_2017s,2017s,v048,429b0c6c446f,false,work/20260824-sectors,NVIDIA A100-SXM4-40GB,40.0,unet,resnet101,3,42,42,false,2017_snoh_1ft_rgbi.tif,30.5,edmonds_canopy_mask_2020.tif,287816390,,true,d13e3982992a,inferred_current,eae9bf562f4b,706,3.13.15,--year 2017s --step labels --infer-batch 32 --run-tag of_2017s --force-citywide --no-hillshade,1
20260905T185444Z_2017s_of_2017s_tile,20260905T185444Z,2026-09-05,tile,of_2017s,2017s,v048,429b0c6c446f,false,work/20260824-sectors,NVIDIA A100-SXM4-40GB,40.0,unet,resnet101,3,42,42,false,2017_snoh_1ft_rgbi.tif,30.5,edmonds_canopy_mask_2020.tif,287816390,,true,d13e3982992a,inferred_current,eae9bf562f4b,706,3.13.15,--year 2017s --step tile --infer-batch 32 --run-tag of_2017s --force-citywide --no-hillshade,1
20260905T185835Z_2022_of_2022_labels,20260905T185835Z,2026-09-05,labels,of_2022,2022,v048,429b0c6c446f,false,work/20260824-sectors,NVIDIA A100-SXM4-40GB,40.0,unet,resnet101,3,42,42,false,2022_coe_rgb.tif,5.0,edmonds_canopy_mask_2020.tif,287816390,,true,13ede6107083,inferred_current,eae9bf562f4b,706,3.13.15,--year 2022 --step labels --infer-batch 32 --run-tag of_2022 --force-citywide --no-hillshade,1
20260905T190054Z_2022_of_2022_tile,20260905T190054Z,2026-09-05,tile,of_2022,2022,v048,429b0c6c446f,false,work/20260824-sectors,NVIDIA A100-SXM4-40GB,40.0,unet,resnet101,3,42,42,false,2022_coe_rgb.tif,5.0,edmonds_canopy_mask_2020.tif,287816390,,true,13ede6107083,inferred_current,eae9bf562f4b,706,3.13.15,--year 2022 --step tile --infer-batch 32 --run-tag of_2022 --force-citywide --no-hillshade,1
20260905T191152Z_2017s_of_2017s_train,20260905T191152Z,2026-09-05,train,of_2017s,2017s,v048,429b0c6c446f,false,work/20260824-sectors,NVIDIA A100-SXM4-40GB,40.0,unet,resnet101,3,42,42,false,2017_snoh_1ft_rgbi.tif,30.5,edmonds_canopy_mask_2020.tif,287816390,,true,d13e3982992a,inferred_current,eae9bf562f4b,706,3.13.15,--year 2017s --step train --infer-batch 32 --run-tag of_2017s --force-citywide --no-hillshade,1
20260905T192456Z_2022_of_2022_train,20260905T192456Z,2026-09-05,train,of_2022,2022,v048,429b0c6c446f,false,work/20260824-sectors,NVIDIA A100-SXM4-40GB,40.0,unet,resnet101,3,42,42,false,2022_coe_rgb.tif,5.0,edmonds_canopy_mask_2020.tif,287816390,,true,13ede6107083,inferred_current,eae9bf562f4b,706,3.13.15,--year 2022 --step train --infer-batch 32 --run-tag of_2022 --force-citywide --no-hillshade,1
20260905T194740Z_2017s_of_2017s_evaluate,20260905T194740Z,2026-09-05,evaluate,of_2017s,2017s,v048,429b0c6c446f,false,work/20260824-sectors,NVIDIA A100-SXM4-40GB,40.0,unet,resnet101,3,42,42,false,2017_snoh_1ft_rgbi.tif,30.5,edmonds_canopy_mask_2020.tif,287816390,,true,d13e3982992a,inferred_current,eae9bf562f4b,706,3.13.15,--year 2017s --step evaluate --infer-batch 32 --run-tag of_2017s --force-citywide --no-hillshade,1
20260905T194951Z_2017s_of_2017s_inference,20260905T194951Z,2026-09-05,inference,of_2017s,2017s,v048,429b0c6c446f,false,work/20260824-sectors,NVIDIA A100-SXM4-40GB,40.0,unet,resnet101,3,42,42,false,2017_snoh_1ft_rgbi.tif,30.5,edmonds_canopy_mask_2020.tif,287816390,,true,d13e3982992a,inferred_current,eae9bf562f4b,706,3.13.15,--year 2017s --step inference --infer-batch 32 --run-tag of_2017s --force-citywide --no-hillshade,1
20260905T195357Z_2017s_of_2017s_postproc,20260905T195357Z,2026-09-05,postproc,of_2017s,2017s,v048,429b0c6c446f,false,work/20260824-sectors,NVIDIA A100-SXM4-40GB,40.0,unet,resnet101,3,42,42,false,2017_snoh_1ft_rgbi.tif,30.5,edmonds_canopy_mask_2020.tif,287816390,,true,d13e3982992a,inferred_current,eae9bf562f4b,706,3.13.15,--year 2017s --step postproc --infer-batch 32 --run-tag of_2017s --force-citywide --no-hillshade,1
20260905T195548Z_2022_of_2022_evaluate,20260905T195548Z,2026-09-05,evaluate,of_2022,2022,v048,429b0c6c446f,false,work/20260824-sectors,NVIDIA A100-SXM4-40GB,40.0,unet,resnet101,3,42,42,false,2022_coe_rgb.tif,5.0,edmonds_canopy_mask_2020.tif,287816390,,true,13ede6107083,inferred_current,eae9bf562f4b,706,3.13.15,--year 2022 --step evaluate --infer-batch 32 --run-tag of_2022 --force-citywide --no-hillshade,1
20260905T195648Z_2022_of_2022_inference,20260905T195648Z,2026-09-05,inference,of_2022,2022,v048,429b0c6c446f,false,work/20260824-sectors,NVIDIA A100-SXM4-40GB,40.0,unet,resnet101,3,42,42,false,2022_coe_rgb.tif,5.0,edmonds_canopy_mask_2020.tif,287816390,,true,13ede6107083,inferred_current,eae9bf562f4b,706,3.13.15,--year 2022 --step inference --infer-batch 32 --run-tag of_2022 --force-citywide --no-hillshade,1
20260905T195659Z_2017n_of_2017n_labels,20260905T195659Z,2026-09-05,labels,of_2017n,2017n,v048,429b0c6c446f,false,work/20260824-sectors,NVIDIA A100-SXM4-40GB,40.0,unet,resnet101,3,42,42,false,2017_naip_1m_rgbi.tif,100.0,edmonds_canopy_mask_2020.tif,287816390,,true,be489674c45a,inferred_current,eae9bf562f4b,706,3.13.15,--year 2017n --step labels --infer-batch 32 --run-tag of_2017n --force-citywide --no-hillshade,1
20260905T200149Z_2017n_of_2017n_tile,20260905T200149Z,2026-09-05,tile,of_2017n,2017n,v048,429b0c6c446f,false,work/20260824-sectors,NVIDIA A100-SXM4-40GB,40.0,unet,resnet101,3,42,42,false,2017_naip_1m_rgbi.tif,100.0,edmonds_canopy_mask_2020.tif,287816390,,true,be489674c45a,inferred_current,eae9bf562f4b,706,3.13.15,--year 2017n --step tile --infer-batch 32 --run-tag of_2017n --force-citywide --no-hillshade,1
20260905T201735Z_2017n_of_2017n_train,20260905T201735Z,2026-09-05,train,of_2017n,2017n,v048,429b0c6c446f,false,work/20260824-sectors,NVIDIA A100-SXM4-40GB,40.0,unet,resnet101,3,42,42,false,2017_naip_1m_rgbi.tif,100.0,edmonds_canopy_mask_2020.tif,287816390,,true,be489674c45a,inferred_current,eae9bf562f4b,706,3.13.15,--year 2017n --step train --infer-batch 32 --run-tag of_2017n --force-citywide --no-hillshade,1
20260905T203659Z_2017n_of_2017n_evaluate,20260905T203659Z,2026-09-05,evaluate,of_2017n,2017n,v048,429b0c6c446f,false,work/20260824-sectors,NVIDIA A100-SXM4-40GB,40.0,unet,resnet101,3,42,42,false,2017_naip_1m_rgbi.tif,100.0,edmonds_canopy_mask_2020.tif,287816390,,true,be489674c45a,inferred_current,eae9bf562f4b,706,3.13.15,--year 2017n --step evaluate --infer-batch 32 --run-tag of_2017n --force-citywide --no-hillshade,1
20260905T203848Z_2017n_of_2017n_inference,20260905T203848Z,2026-09-05,inference,of_2017n,2017n,v048,429b0c6c446f,false,work/20260824-sectors,NVIDIA A100-SXM4-40GB,40.0,unet,resnet101,3,42,42,false,2017_naip_1m_rgbi.tif,100.0,edmonds_canopy_mask_2020.tif,287816390,,true,be489674c45a,inferred_current,eae9bf562f4b,706,3.13.15,--year 2017n --step inference --infer-batch 32 --run-tag of_2017n --force-citywide --no-hillshade,1
20260905T204005Z_2017n_of_2017n_postproc,20260905T204005Z,2026-09-05,postproc,of_2017n,2017n,v048,429b0c6c446f,false,work/20260824-sectors,NVIDIA A100-SXM4-40GB,40.0,unet,resnet101,3,42,42,false,2017_naip_1m_rgbi.tif,100.0,edmonds_canopy_mask_2020.tif,287816390,,true,be489674c45a,inferred_current,eae9bf562f4b,706,3.13.15,--year 2017n --step postproc --infer-batch 32 --run-tag of_2017n --force-citywide --no-hillshade,1
20260906T002902Z_2017k_of_2017k_tile,20260906T002902Z,2026-09-06,tile,of_2017k,2017k,v048,ab0b4449c481,false,work/20260824-sectors,NVIDIA A100-SXM4-40GB,40.0,unet,resnet101,3,42,42,false,2017_king_rgb.tif,10.0,edmonds_canopy_mask_2020.tif,287816390,,true,a36d6772e88b,inferred_current,98a7fc70e069,705,3.13.15,--year 2017k --step tile --infer-batch 32 --run-tag of_2017k --force-citywide --no-hillshade,1
20260906T014036Z_2017k_of_2017k_labels,20260906T014036Z,2026-09-06,labels,of_2017k,2017k,v048,ab0b4449c481,false,work/20260824-sectors,NVIDIA A100-SXM4-40GB,40.0,unet,resnet101,3,42,42,false,2017_king_rgb.tif,10.0,edmonds_canopy_mask_2020.tif,287816390,,true,a36d6772e88b,inferred_current,98a7fc70e069,705,3.13.15,--year 2017k --step labels --infer-batch 32 --run-tag of_2017k --force-citywide --no-hillshade,1
20260906T014248Z_2017k_of_2017k_tile,20260906T014248Z,2026-09-06,tile,of_2017k,2017k,v048,ab0b4449c481,false,work/20260824-sectors,NVIDIA A100-SXM4-40GB,40.0,unet,resnet101,3,42,42,false,2017_king_rgb.tif,10.0,edmonds_canopy_mask_2020.tif,287816390,,true,a36d6772e88b,inferred_current,98a7fc70e069,705,3.13.15,--year 2017k --step tile --infer-batch 32 --run-tag of_2017k --force-citywide --no-hillshade,1
20260906T020357Z_2017k_of_2017k_train,20260906T020357Z,2026-09-06,train,of_2017k,2017k,v048,ab0b4449c481,false,work/20260824-sectors,NVIDIA A100-SXM4-40GB,40.0,unet,resnet101,3,42,42,false,2017_king_rgb.tif,10.0,edmonds_canopy_mask_2020.tif,287816390,,true,a36d6772e88b,inferred_current,98a7fc70e069,705,3.13.15,--year 2017k --step train --infer-batch 32 --run-tag of_2017k --force-citywide --no-hillshade,1
20260906T025227Z_2017k_of_2017k_evaluate,20260906T025227Z,2026-09-06,evaluate,of_2017k,2017k,v048,ab0b4449c481,false,work/20260824-sectors,NVIDIA A100-SXM4-40GB,40.0,unet,resnet101,3,42,42,false,2017_king_rgb.tif,10.0,edmonds_canopy_mask_2020.tif,287816390,,true,a36d6772e88b,inferred_current,42404542a04a,706,3.13.15,--year 2017k --step evaluate --infer-batch 32 --run-tag of_2017k --force-citywide --no-hillshade,1
20260906T025334Z_2017k_of_2017k_inference,20260906T025334Z,2026-09-06,inference,of_2017k,2017k,v048,ab0b4449c481,false,work/20260824-sectors,NVIDIA A100-SXM4-40GB,40.0,unet,resnet101,3,42,42,false,2017_king_rgb.tif,10.0,edmonds_canopy_mask_2020.tif,287816390,,true,a36d6772e88b,inferred_current,42404542a04a,706,3.13.15,--year 2017k --step inference --infer-batch 32 --run-tag of_2017k --force-citywide --no-hillshade,1
20260906T031357Z_2017k_of_2017k_postproc,20260906T031357Z,2026-09-06,postproc,of_2017k,2017k,v048,ab0b4449c481,false,work/20260824-sectors,NVIDIA A100-SXM4-40GB,40.0,unet,resnet101,3,42,42,false,2017_king_rgb.tif,10.0,edmonds_canopy_mask_2020.tif,,,true,a36d6772e88b,inferred_current,42404542a04a,706,3.13.15,--year 2017k --step postproc --infer-batch 32 --run-tag of_2017k --force-citywide --no-hillshade,1
20260906T074632Z_2009_trend8_2009_postproc,20260906T074632Z,2026-09-06,postproc,trend8_2009,2009,v048,e6362e1b8498,false,work/20260824-sectors,,,unet,resnet101,3,42,42,false,2009_king_rgb.tif,20.1,edmonds_canopy_mask_2020.tif,287816390,,true,7885febe1bdc,inferred_current,9272f2a87905,643,3.13.15,--year 2009 --step postproc --run-tag trend8_2009 --force-citywide --infer-thresh 0.330708,1
20260906T074714Z_2009_trend8_2009_postproc,20260906T074714Z,2026-09-06,postproc,trend8_2009,2009,v048,e6362e1b8498,false,work/20260824-sectors,,,unet,resnet101,3,42,42,false,2009_king_rgb.tif,20.1,edmonds_canopy_mask_2020.tif,287816390,,true,7885febe1bdc,inferred_current,9272f2a87905,643,3.13.15,--year 2009 --step postproc --run-tag trend8_2009 --force-citywide --infer-thresh 0.330708,1
20260906T084702Z_2009_trend8_2009_postproc,20260906T084702Z,2026-09-06,postproc,trend8_2009,2009,v048,48ae3fdbe74b,false,work/20260824-sectors,,,unet,resnet101,3,42,42,false,2009_king_rgb.tif,20.1,edmonds_canopy_mask_2020.tif,287816390,,true,7885febe1bdc,inferred_current,4487fa027ba9,643,3.13.15,--year 2009 --step postproc --run-tag trend8_2009 --force-citywide --infer-thresh 0.330708,1
20260906T085451Z_2011s_trend8_2011s_postproc,20260906T085451Z,2026-09-06,postproc,trend8_2011s,2011s,v048,48ae3fdbe74b,false,work/20260824-sectors,,,unet,resnet101,3,42,42,false,2011_snoh_1ft_rgb.tif,30.5,edmonds_canopy_mask_2020.tif,287816390,,true,10d6558ee4ef,inferred_current,4487fa027ba9,643,3.13.15,--year 2011s --step postproc --run-tag trend8_2011s --force-citywide --infer-thresh 0.149606,1
20260906T085854Z_2013_trend8_2013_postproc,20260906T085854Z,2026-09-06,postproc,trend8_2013,2013,v048,48ae3fdbe74b,false,work/20260824-sectors,,,unet,resnet101,3,42,42,false,2013_king_rgb.tif,10.0,edmonds_canopy_mask_2020.tif,287816390,,true,cd31e23d8060,inferred_current,4487fa027ba9,643,3.13.15,--year 2013 --step postproc --run-tag trend8_2013 --force-citywide --infer-thresh 0.145669,1
20260906T092442Z_2015_trend8_2015_postproc,20260906T092442Z,2026-09-06,postproc,trend8_2015,2015,v048,48ae3fdbe74b,false,work/20260824-sectors,,,unet,resnet101,3,42,42,false,2015_king_rgb.tif,10.0,edmonds_canopy_mask_2020.tif,287816390,,true,4bb6c625c5e8,inferred_current,4487fa027ba9,643,3.13.15,--year 2015 --step postproc --run-tag trend8_2015 --force-citywide --infer-thresh 0.149606,1
20260906T095250Z_2016_trend8_2016_postproc,20260906T095250Z,2026-09-06,postproc,trend8_2016,2016,v048,48ae3fdbe74b,false,work/20260824-sectors,,,unet,resnet101,3,42,42,false,2016_snoh_1ft_rgbi.tif,30.5,edmonds_canopy_mask_2020.tif,287816390,,true,892f6c92c07a,inferred_current,4487fa027ba9,643,3.13.15,--year 2016 --step postproc --run-tag trend8_2016 --force-citywide --infer-thresh 0.169291,1
20260906T095653Z_2019_trend8_2019_postproc,20260906T095653Z,2026-09-06,postproc,trend8_2019,2019,v048,48ae3fdbe74b,false,work/20260824-sectors,,,unet,resnet101,3,42,42,false,2019_king_rgb.tif,10.0,edmonds_canopy_mask_2020.tif,287816390,,true,c1dddc82af1f,inferred_current,4487fa027ba9,643,3.13.15,--year 2019 --step postproc --run-tag trend8_2019 --force-citywide --infer-thresh 0.110236,1
20260906T102548Z_2021_trend8_2021_postproc,20260906T102548Z,2026-09-06,postproc,trend8_2021,2021,v048,48ae3fdbe74b,false,work/20260824-sectors,,,unet,resnet101,3,42,42,false,2021_king_rgb.tif,10.0,edmonds_canopy_mask_2020.tif,287816390,,true,e45a392d75b2,inferred_current,4487fa027ba9,643,3.13.15,--year 2021 --step postproc --run-tag trend8_2021 --force-citywide --infer-thresh 0.102362,1
20260906T104956Z_2024_trend8_2024_postproc,20260906T104956Z,2026-09-06,postproc,trend8_2024,2024,v048,48ae3fdbe74b,false,work/20260824-sectors,,,unet,resnet101,3,42,42,false,2024_coe_rgb.tif,5.0,edmonds_canopy_mask_2020.tif,287816390,,true,3dbae57010df,inferred_current,4487fa027ba9,643,3.13.15,--year 2024 --step postproc --run-tag trend8_2024 --force-citywide --infer-thresh 0.055118,1
20260907T215207Z_2017k_spd_2017k_labels,20260907T215207Z,2026-09-07,labels,spd_2017k,2017k,v048,3131741ed7a6,false,work/20260906-healing-tool,,,unet,resnet101,3,42,42,false,2017_king_rgb.tif,10.0,edmonds_canopy_mask_2020.tif,287816390,,true,a36d6772e88b,inferred_current,98c93adaa919,643,3.13.15,--year 2017k --step labels --infer-batch 32 --run-tag spd_2017k --force-citywide --no-hillshade,1
20260907T215851Z_2017k_spd_2017k_tile,20260907T215851Z,2026-09-07,tile,spd_2017k,2017k,v048,3131741ed7a6,false,work/20260906-healing-tool,,,unet,resnet101,3,42,42,false,2017_king_rgb.tif,10.0,edmonds_canopy_mask_2020.tif,287816390,,true,a36d6772e88b,manifest,98c93adaa919,643,3.13.15,--year 2017k --step tile --infer-batch 32 --run-tag spd_2017k --force-citywide --no-hillshade,1
20260907T224440Z_2017k_spd_2017k_train,20260907T224440Z,2026-09-07,train,spd_2017k,2017k,v048,20ddaea24112,false,work/20260906-healing-tool,NVIDIA A100-SXM4-40GB,40.0,unet,resnet101,3,42,42,false,2017_king_rgb.tif,10.0,edmonds_canopy_mask_2020.tif,287816390,,true,a36d6772e88b,manifest,766e7fb05cd1,705,3.13.15,--year 2017k --step train --infer-batch 32 --run-tag spd_2017k --force-citywide --no-hillshade,1
20260907T232559Z_2017k_spd_2017k_evaluate,20260907T232559Z,2026-09-07,evaluate,spd_2017k,2017k,v048,20ddaea24112,false,work/20260906-healing-tool,NVIDIA A100-SXM4-40GB,40.0,unet,resnet101,3,42,42,false,2017_king_rgb.tif,10.0,edmonds_canopy_mask_2020.tif,287816390,,true,a36d6772e88b,manifest,cdb5049aabb1,706,3.13.15,--year 2017k --step evaluate --infer-batch 32 --run-tag spd_2017k --force-citywide --no-hillshade,1
20260907T232903Z_2017k_spd_2017k_inference,20260907T232903Z,2026-09-07,inference,spd_2017k,2017k,v048,20ddaea24112,false,work/20260906-healing-tool,NVIDIA A100-SXM4-40GB,40.0,unet,resnet101,3,42,42,false,2017_king_rgb.tif,10.0,edmonds_canopy_mask_2020.tif,287816390,,true,a36d6772e88b,manifest,cdb5049aabb1,706,3.13.15,--year 2017k --step inference --infer-batch 32 --run-tag spd_2017k --force-citywide --no-hillshade,0
20260907T235948Z_2017k_spd_2017k_postproc,20260907T235948Z,2026-09-07,postproc,spd_2017k,2017k,v048,3f60b0f0eb7b,false,work/20260906-healing-tool,,,unet,resnet101,3,42,42,false,2017_king_rgb.tif,10.0,edmonds_canopy_mask_2020.tif,287816390,,true,a36d6772e88b,manifest,986bb04a6e7a,644,3.13.15,--year 2017k --step postproc --infer-batch 32 --run-tag spd_2017k --force-citywide --no-hillshade,1
20260908T020238Z_2017k_spdv_2017k_labels,20260908T020238Z,2026-09-08,labels,spdv_2017k,2017k,v048,961abb0de2c9,false,work/20260906-healing-tool,,,unet,resnet101,3,42,42,false,2017_king_rgb.tif,10.0,edmonds_canopy_mask_2020.tif,287816390,,true,a36d6772e88b,inferred_current,029a10bd55b5,644,3.13.15,--year 2017k --step labels --infer-batch 32 --run-tag spdv_2017k --force-citywide --no-hillshade,1
20260908T021256Z_2017k_spdv_2017k_tile,20260908T021256Z,2026-09-08,tile,spdv_2017k,2017k,v048,961abb0de2c9,false,work/20260906-healing-tool,,,unet,resnet101,3,42,42,false,2017_king_rgb.tif,10.0,edmonds_canopy_mask_2020.tif,287816390,,true,a36d6772e88b,manifest,029a10bd55b5,644,3.13.15,--year 2017k --step tile --infer-batch 32 --run-tag spdv_2017k --force-citywide --no-hillshade,1
20260908T031159Z_2017k_spdv_2017k_train,20260908T031159Z,2026-09-08,train,spdv_2017k,2017k,v048,6276207d4a91,false,work/20260906-healing-tool,NVIDIA A100-SXM4-40GB,40.0,unet,resnet101,3,42,42,false,2017_king_rgb.tif,10.0,edmonds_canopy_mask_2020.tif,287816390,,true,a36d6772e88b,manifest,9f89bf008813,706,3.13.15,--year 2017k --step train --infer-batch 32 --run-tag spdv_2017k --force-citywide --no-hillshade,1
20260908T063156Z_2017_heal_2017_labels,20260908T063156Z,2026-09-08,labels,heal_2017,2017,v048,26aef25a17c7,false,work/20260906-healing-tool,NVIDIA A100-SXM4-40GB,40.0,unet,resnet101,3,42,42,false,2017_coe_rgb.tif,5.0,edmonds_canopy_mask_2020.tif,287816390,,true,e955bb67a335,inferred_current,630e283e129b,706,3.13.15,--year 2017 --step labels --infer-batch 32 --run-tag heal_2017 --force-citywide --no-hillshade,1
20260908T063348Z_2017_heal_2017_tile,20260908T063348Z,2026-09-08,tile,heal_2017,2017,v048,26aef25a17c7,false,work/20260906-healing-tool,NVIDIA A100-SXM4-40GB,40.0,unet,resnet101,3,42,42,false,2017_coe_rgb.tif,5.0,edmonds_canopy_mask_2020.tif,287816390,,true,e955bb67a335,manifest,630e283e129b,706,3.13.15,--year 2017 --step tile --infer-batch 32 --run-tag heal_2017 --force-citywide --no-hillshade,1
20260908T074954Z_2017_heal_2017_train,20260908T074954Z,2026-09-08,train,heal_2017,2017,v048,26aef25a17c7,false,work/20260906-healing-tool,NVIDIA A100-SXM4-40GB,40.0,unet,resnet101,3,42,42,false,2017_coe_rgb.tif,5.0,edmonds_canopy_mask_2020.tif,287816390,,true,e955bb67a335,manifest,630e283e129b,706,3.13.15,--year 2017 --step train --infer-batch 32 --run-tag heal_2017 --force-citywide --no-hillshade,1
20260908T082855Z_2017_heal_2017_evaluate,20260908T082855Z,2026-09-08,evaluate,heal_2017,2017,v048,26aef25a17c7,false,work/20260906-healing-tool,NVIDIA A100-SXM4-40GB,40.0,unet,resnet101,3,42,42,false,2017_coe_rgb.tif,5.0,edmonds_canopy_mask_2020.tif,287816390,,true,e955bb67a335,manifest,630e283e129b,706,3.13.15,--year 2017 --step evaluate --infer-batch 32 --run-tag heal_2017 --force-citywide --no-hillshade,1
20260908T083342Z_2017_heal_2017_inference,20260908T083342Z,2026-09-08,inference,heal_2017,2017,v048,26aef25a17c7,false,work/20260906-healing-tool,NVIDIA A100-SXM4-40GB,40.0,unet,resnet101,3,42,42,false,2017_coe_rgb.tif,5.0,edmonds_canopy_mask_2020.tif,287816390,,true,e955bb67a335,inferred_current,630e283e129b,706,3.13.15,--year 2017 --step inference --infer-batch 32 --run-tag heal_2017 --force-citywide --no-hillshade,0
20260908T135549Z_2017_heal_2017_inference,20260908T135549Z,2026-09-08,inference,heal_2017,2017,v048,52e21f35dd2b,false,work/20260906-healing-tool,NVIDIA A100-SXM4-40GB,40.0,unet,resnet101,3,42,42,false,2017_coe_rgb.tif,5.0,edmonds_canopy_mask_2020.tif,287816390,,true,e955bb67a335,manifest,d5e0e08cd063,706,3.13.15,--year 2017 --step inference --infer-batch 32 --run-tag heal_2017 --force-citywide --no-hillshade,1
20260908T150904Z_2017_heal_2017_postproc,20260908T150904Z,2026-09-08,postproc,heal_2017,2017,v048,52e21f35dd2b,false,work/20260906-healing-tool,NVIDIA A100-SXM4-40GB,40.0,unet,resnet101,3,42,42,false,2017_coe_rgb.tif,5.0,edmonds_canopy_mask_2020.tif,287816390,,true,e955bb67a335,manifest,d5e0e08cd063,706,3.13.15,--year 2017 --step postproc --infer-batch 32 --run-tag heal_2017 --force-citywide --no-hillshade,1
20260908T153752Z_2020_heal_2020_labels,20260908T153752Z,2026-09-08,labels,heal_2020,2020,v048,46932ae369eb,false,work/20260906-healing-tool,NVIDIA A100-SXM4-40GB,40.0,unet,resnet101,3,42,42,false,2020_coe_rgb.tif,5.0,edmonds_canopy_mask_2020.tif,287816390,,true,0d4456027a30,inferred_current,b96c625d508a,706,3.13.15,--year 2020 --step labels --infer-batch 32 --run-tag heal_2020 --force-citywide --no-hillshade,1
20260908T153847Z_2020_heal_2020_tile,20260908T153847Z,2026-09-08,tile,heal_2020,2020,v048,46932ae369eb,false,work/20260906-healing-tool,NVIDIA A100-SXM4-40GB,40.0,unet,resnet101,3,42,42,false,2020_coe_rgb.tif,5.0,edmonds_canopy_mask_2020.tif,287816390,,true,0d4456027a30,manifest,b96c625d508a,706,3.13.15,--year 2020 --step tile --infer-batch 32 --run-tag heal_2020 --force-citywide --no-hillshade,1
20260908T162139Z_2023_heal_2023_labels,20260908T162139Z,2026-09-08,labels,heal_2023,2023,v048,d51c94086f8d,false,work/20260906-healing-tool,NVIDIA A100-SXM4-40GB,40.0,unet,resnet101,3,42,42,false,2023_king_rgb.tif,10.0,edmonds_canopy_mask_2020.tif,287816390,,true,a105c1937d57,inferred_current,a424314f4a5d,706,3.13.15,--year 2023 --step labels --infer-batch 32 --run-tag heal_2023 --force-citywide --no-hillshade,1
20260908T162149Z_2023_heal_2023_tile,20260908T162149Z,2026-09-08,tile,heal_2023,2023,v048,d51c94086f8d,false,work/20260906-healing-tool,NVIDIA A100-SXM4-40GB,40.0,unet,resnet101,3,42,42,false,2023_king_rgb.tif,10.0,edmonds_canopy_mask_2020.tif,287816390,,true,a105c1937d57,manifest,a424314f4a5d,706,3.13.15,--year 2023 --step tile --infer-batch 32 --run-tag heal_2023 --force-citywide --no-hillshade,1
20260908T163743Z_2020_heal_2020_train,20260908T163743Z,2026-09-08,train,heal_2020,2020,v048,46932ae369eb,false,work/20260906-healing-tool,NVIDIA A100-SXM4-40GB,40.0,unet,resnet101,3,42,42,false,2020_coe_rgb.tif,5.0,edmonds_canopy_mask_2020.tif,287816390,,true,0d4456027a30,manifest,b96c625d508a,706,3.13.15,--year 2020 --step train --infer-batch 32 --run-tag heal_2020 --force-citywide --no-hillshade,1
20260908T165159Z_2023_heal_2023_train,20260908T165159Z,2026-09-08,train,heal_2023,2023,v048,d51c94086f8d,false,work/20260906-healing-tool,NVIDIA A100-SXM4-40GB,40.0,unet,resnet101,3,42,42,false,2023_king_rgb.tif,10.0,edmonds_canopy_mask_2020.tif,287816390,,true,a105c1937d57,manifest,a424314f4a5d,706,3.13.15,--year 2023 --step train --infer-batch 32 --run-tag heal_2023 --force-citywide --no-hillshade,1
20260908T171707Z_2020_heal_2020_evaluate,20260908T171707Z,2026-09-08,evaluate,heal_2020,2020,v048,46932ae369eb,false,work/20260906-healing-tool,NVIDIA A100-SXM4-40GB,40.0,unet,resnet101,3,42,42,false,2020_coe_rgb.tif,5.0,edmonds_canopy_mask_2020.tif,287816390,,true,0d4456027a30,manifest,b96c625d508a,706,3.13.15,--year 2020 --step evaluate --infer-batch 32 --run-tag heal_2020 --force-citywide --no-hillshade,1
20260908T171942Z_2020_heal_2020_inference,20260908T171942Z,2026-09-08,inference,heal_2020,2020,v048,46932ae369eb,false,work/20260906-healing-tool,NVIDIA A100-SXM4-40GB,40.0,unet,resnet101,3,42,42,false,2020_coe_rgb.tif,5.0,edmonds_canopy_mask_2020.tif,287816390,,true,0d4456027a30,manifest,b96c625d508a,706,3.13.15,--year 2020 --step inference --infer-batch 32 --run-tag heal_2020 --force-citywide --no-hillshade,0
20260908T172658Z_2023_heal_2023_evaluate,20260908T172658Z,2026-09-08,evaluate,heal_2023,2023,v048,d51c94086f8d,false,work/20260906-healing-tool,NVIDIA A100-SXM4-40GB,40.0,unet,resnet101,3,42,42,false,2023_king_rgb.tif,10.0,edmonds_canopy_mask_2020.tif,287816390,,true,a105c1937d57,manifest,a424314f4a5d,706,3.13.15,--year 2023 --step evaluate --infer-batch 32 --run-tag heal_2023 --force-citywide --no-hillshade,1
20260908T172958Z_2023_heal_2023_inference,20260908T172958Z,2026-09-08,inference,heal_2023,2023,v048,d51c94086f8d,false,work/20260906-healing-tool,NVIDIA A100-SXM4-40GB,40.0,unet,resnet101,3,42,42,false,2023_king_rgb.tif,10.0,edmonds_canopy_mask_2020.tif,287816390,,true,a105c1937d57,manifest,a424314f4a5d,706,3.13.15,--year 2023 --step inference --infer-batch 32 --run-tag heal_2023 --force-citywide --no-hillshade,0
20260908T174731Z_2023_heal_2023_postproc,20260908T174731Z,2026-09-08,postproc,heal_2023,2023,v048,d51c94086f8d,false,work/20260906-healing-tool,NVIDIA A100-SXM4-40GB,40.0,unet,resnet101,3,42,42,false,2023_king_rgb.tif,10.0,edmonds_canopy_mask_2020.tif,287816390,,true,a105c1937d57,manifest,a424314f4a5d,706,3.13.15,--year 2023 --step postproc --infer-batch 32 --run-tag heal_2023 --force-citywide --no-hillshade,1
20260908T182058Z_2020_heal_2020_postproc,20260908T182058Z,2026-09-08,postproc,heal_2020,2020,v048,46932ae369eb,false,work/20260906-healing-tool,NVIDIA A100-SXM4-40GB,40.0,unet,resnet101,3,42,42,false,2020_coe_rgb.tif,5.0,edmonds_canopy_mask_2020.tif,287816390,,true,0d4456027a30,manifest,b96c625d508a,706,3.13.15,--year 2020 --step postproc --infer-batch 32 --run-tag heal_2020 --force-citywide --no-hillshade,1
20260909T044455Z_2006s_canary_bb18_2006s_base_labels,20260909T044455Z,2026-09-09,labels,canary_bb18_2006s_base,2006s,v048,b0541280611c,false,work/20260906-healing-tool,NVIDIA A100-SXM4-40GB,40.0,unet,resnet18,3,42,42,false,2006_snoh_1m_rgb.tif,100.0,edmonds_canopy_mask_2020.tif,287816390,,true,56babde6374f,inferred_current,ef55005cc41a,706,3.13.15,--year 2006s --step labels --infer-batch 32 --run-tag canary_bb18_2006s_base --force-citywide --encoder resnet18 --epochs-phase-a 1 --epochs-phase-b 1 --no-hillshade --sample-manifest /content/drive/MyDrive/treedata/phase4/qc/sample_tiles_2006s.csv,1
20260909T044651Z_2006s_canary_bb18_2006s_base_tile,20260909T044651Z,2026-09-09,tile,canary_bb18_2006s_base,2006s,v048,b0541280611c,false,work/20260906-healing-tool,NVIDIA A100-SXM4-40GB,40.0,unet,resnet18,3,42,42,false,2006_snoh_1m_rgb.tif,100.0,edmonds_canopy_mask_2020.tif,287816390,,true,56babde6374f,manifest,ef55005cc41a,706,3.13.15,--year 2006s --step tile --infer-batch 32 --run-tag canary_bb18_2006s_base --force-citywide --encoder resnet18 --epochs-phase-a 1 --epochs-phase-b 1 --no-hillshade --sample-manifest /content/drive/MyDrive/treedata/phase4/qc/sample_tiles_2006s.csv,1
20260909T044651Z_2006s_canary_bb50_2006s_base_labels,20260909T044651Z,2026-09-09,labels,canary_bb50_2006s_base,2006s,v048,b0541280611c,false,work/20260906-healing-tool,NVIDIA A100-SXM4-40GB,40.0,unet,resnet50,3,42,42,false,2006_snoh_1m_rgb.tif,100.0,edmonds_canopy_mask_2020.tif,287816390,,true,56babde6374f,inferred_current,ef55005cc41a,706,3.13.15,--year 2006s --step labels --infer-batch 32 --run-tag canary_bb50_2006s_base --force-citywide --encoder resnet50 --epochs-phase-a 1 --epochs-phase-b 1 --no-hillshade --sample-manifest /content/drive/MyDrive/treedata/phase4/qc/sample_tiles_2006s.csv,1
20260909T044734Z_2006s_canary_bb50_2006s_base_tile,20260909T044734Z,2026-09-09,tile,canary_bb50_2006s_base,2006s,v048,b0541280611c,false,work/20260906-healing-tool,NVIDIA A100-SXM4-40GB,40.0,unet,resnet50,3,42,42,false,2006_snoh_1m_rgb.tif,100.0,edmonds_canopy_mask_2020.tif,287816390,,true,56babde6374f,manifest,ef55005cc41a,706,3.13.15,--year 2006s --step tile --infer-batch 32 --run-tag canary_bb50_2006s_base --force-citywide --encoder resnet50 --epochs-phase-a 1 --epochs-phase-b 1 --no-hillshade --sample-manifest /content/drive/MyDrive/treedata/phase4/qc/sample_tiles_2006s.csv,1
20260909T050356Z_2006s_canary_bb18_2006s_base_train,20260909T050356Z,2026-09-09,train,canary_bb18_2006s_base,2006s,v048,b0541280611c,false,work/20260906-healing-tool,NVIDIA A100-SXM4-40GB,40.0,unet,resnet18,3,42,42,false,2006_snoh_1m_rgb.tif,100.0,edmonds_canopy_mask_2020.tif,287816390,,true,56babde6374f,manifest,ef55005cc41a,706,3.13.15,--year 2006s --step train --infer-batch 32 --run-tag canary_bb18_2006s_base --force-citywide --encoder resnet18 --epochs-phase-a 1 --epochs-phase-b 1 --no-hillshade --sample-manifest /content/drive/MyDrive/treedata/phase4/qc/sample_tiles_2006s.csv,1
20260909T050533Z_2006s_canary_bb50_2006s_base_train,20260909T050533Z,2026-09-09,train,canary_bb50_2006s_base,2006s,v048,b0541280611c,false,work/20260906-healing-tool,NVIDIA A100-SXM4-40GB,40.0,unet,resnet50,3,42,42,false,2006_snoh_1m_rgb.tif,100.0,edmonds_canopy_mask_2020.tif,287816390,,true,56babde6374f,manifest,ef55005cc41a,706,3.13.15,--year 2006s --step train --infer-batch 32 --run-tag canary_bb50_2006s_base --force-citywide --encoder resnet50 --epochs-phase-a 1 --epochs-phase-b 1 --no-hillshade --sample-manifest /content/drive/MyDrive/treedata/phase4/qc/sample_tiles_2006s.csv,1
20260909T050745Z_2006s_canary_bb18_2006s_base_evaluate,20260909T050745Z,2026-09-09,evaluate,canary_bb18_2006s_base,2006s,v048,b0541280611c,false,work/20260906-healing-tool,NVIDIA A100-SXM4-40GB,40.0,unet,resnet18,3,42,42,false,2006_snoh_1m_rgb.tif,100.0,edmonds_canopy_mask_2020.tif,287816390,,true,56babde6374f,manifest,ef55005cc41a,706,3.13.15,--year 2006s --step evaluate --infer-batch 32 --run-tag canary_bb18_2006s_base --force-citywide --encoder resnet18 --epochs-phase-a 1 --epochs-phase-b 1 --no-hillshade --sample-manifest /content/drive/MyDrive/treedata/phase4/qc/sample_tiles_2006s.csv,1
20260909T051155Z_2006s_bb18_2006s_base_labels,20260909T051155Z,2026-09-09,labels,bb18_2006s_base,2006s,v048,b0541280611c,false,work/20260906-healing-tool,NVIDIA A100-SXM4-40GB,40.0,unet,resnet18,3,42,42,false,2006_snoh_1m_rgb.tif,100.0,edmonds_canopy_mask_2020.tif,287816390,,true,56babde6374f,inferred_current,ef55005cc41a,706,3.13.15,--year 2006s --step labels --infer-batch 32 --run-tag bb18_2006s_base --force-citywide --encoder resnet18 --no-hillshade --sample-manifest /content/drive/MyDrive/treedata/phase4/qc/sample_tiles_2006s.csv,1
20260909T051310Z_2006s_canary_bb50_2006s_base_evaluate,20260909T051310Z,2026-09-09,evaluate,canary_bb50_2006s_base,2006s,v048,b0541280611c,false,work/20260906-healing-tool,NVIDIA A100-SXM4-40GB,40.0,unet,resnet50,3,42,42,false,2006_snoh_1m_rgb.tif,100.0,edmonds_canopy_mask_2020.tif,287816390,,true,56babde6374f,manifest,ef55005cc41a,706,3.13.15,--year 2006s --step evaluate --infer-batch 32 --run-tag canary_bb50_2006s_base --force-citywide --encoder resnet50 --epochs-phase-a 1 --epochs-phase-b 1 --no-hillshade --sample-manifest /content/drive/MyDrive/treedata/phase4/qc/sample_tiles_2006s.csv,1
20260909T051355Z_2006s_bb18_2006s_base_tile,20260909T051355Z,2026-09-09,tile,bb18_2006s_base,2006s,v048,b0541280611c,false,work/20260906-healing-tool,NVIDIA A100-SXM4-40GB,40.0,unet,resnet18,3,42,42,false,2006_snoh_1m_rgb.tif,100.0,edmonds_canopy_mask_2020.tif,287816390,,true,56babde6374f,manifest,ef55005cc41a,706,3.13.15,--year 2006s --step tile --infer-batch 32 --run-tag bb18_2006s_base --force-citywide --encoder resnet18 --no-hillshade --sample-manifest /content/drive/MyDrive/treedata/phase4/qc/sample_tiles_2006s.csv,1
20260909T051451Z_2006s_bb50_2006s_base_labels,20260909T051451Z,2026-09-09,labels,bb50_2006s_base,2006s,v048,b0541280611c,false,work/20260906-healing-tool,NVIDIA A100-SXM4-40GB,40.0,unet,resnet50,3,42,42,false,2006_snoh_1m_rgb.tif,100.0,edmonds_canopy_mask_2020.tif,287816390,,true,56babde6374f,inferred_current,ef55005cc41a,706,3.13.15,--year 2006s --step labels --infer-batch 32 --run-tag bb50_2006s_base --force-citywide --encoder resnet50 --no-hillshade --sample-manifest /content/drive/MyDrive/treedata/phase4/qc/sample_tiles_2006s.csv,1
20260909T051508Z_2006s_bb50_2006s_base_tile,20260909T051508Z,2026-09-09,tile,bb50_2006s_base,2006s,v048,b0541280611c,false,work/20260906-healing-tool,NVIDIA A100-SXM4-40GB,40.0,unet,resnet50,3,42,42,false,2006_snoh_1m_rgb.tif,100.0,edmonds_canopy_mask_2020.tif,287816390,,true,56babde6374f,manifest,ef55005cc41a,706,3.13.15,--year 2006s --step tile --infer-batch 32 --run-tag bb50_2006s_base --force-citywide --encoder resnet50 --no-hillshade --sample-manifest /content/drive/MyDrive/treedata/phase4/qc/sample_tiles_2006s.csv,1
20260909T052756Z_2006s_bb50_2006s_base_train,20260909T052756Z,2026-09-09,train,bb50_2006s_base,2006s,v048,b0541280611c,false,work/20260906-healing-tool,NVIDIA A100-SXM4-40GB,40.0,unet,resnet50,3,42,42,false,2006_snoh_1m_rgb.tif,100.0,edmonds_canopy_mask_2020.tif,287816390,,true,56babde6374f,manifest,ef55005cc41a,706,3.13.15,--year 2006s --step train --infer-batch 32 --run-tag bb50_2006s_base --force-citywide --encoder resnet50 --no-hillshade --sample-manifest /content/drive/MyDrive/treedata/phase4/qc/sample_tiles_2006s.csv,1
20260909T053047Z_2006s_bb18_2006s_base_train,20260909T053047Z,2026-09-09,train,bb18_2006s_base,2006s,v048,b0541280611c,false,work/20260906-healing-tool,NVIDIA A100-SXM4-40GB,40.0,unet,resnet18,3,42,42,false,2006_snoh_1m_rgb.tif,100.0,edmonds_canopy_mask_2020.tif,287816390,,true,56babde6374f,manifest,ef55005cc41a,706,3.13.15,--year 2006s --step train --infer-batch 32 --run-tag bb18_2006s_base --force-citywide --encoder resnet18 --no-hillshade --sample-manifest /content/drive/MyDrive/treedata/phase4/qc/sample_tiles_2006s.csv,1
20260909T054156Z_2006s_bb50_2006s_base_evaluate,20260909T054156Z,2026-09-09,evaluate,bb50_2006s_base,2006s,v048,b0541280611c,false,work/20260906-healing-tool,NVIDIA A100-SXM4-40GB,40.0,unet,resnet50,3,42,42,false,2006_snoh_1m_rgb.tif,100.0,edmonds_canopy_mask_2020.tif,287816390,,true,56babde6374f,manifest,ef55005cc41a,706,3.13.15,--year 2006s --step evaluate --infer-batch 32 --run-tag bb50_2006s_base --force-citywide --encoder resnet50 --no-hillshade --sample-manifest /content/drive/MyDrive/treedata/phase4/qc/sample_tiles_2006s.csv,1
20260909T054202Z_2006s_bb18_2006s_base_evaluate,20260909T054202Z,2026-09-09,evaluate,bb18_2006s_base,2006s,v048,b0541280611c,false,work/20260906-healing-tool,NVIDIA A100-SXM4-40GB,40.0,unet,resnet18,3,42,42,false,2006_snoh_1m_rgb.tif,100.0,edmonds_canopy_mask_2020.tif,287816390,,true,56babde6374f,manifest,ef55005cc41a,706,3.13.15,--year 2006s --step evaluate --infer-batch 32 --run-tag bb18_2006s_base --force-citywide --encoder resnet18 --no-hillshade --sample-manifest /content/drive/MyDrive/treedata/phase4/qc/sample_tiles_2006s.csv,1
20260909T054442Z_2011s_bb50_2011s_base_labels,20260909T054442Z,2026-09-09,labels,bb50_2011s_base,2011s,v048,b0541280611c,false,work/20260906-healing-tool,NVIDIA A100-SXM4-40GB,40.0,unet,resnet50,3,42,42,false,2011_snoh_1ft_rgb.tif,30.5,edmonds_canopy_mask_2020.tif,287816390,,true,986c71d2b78b,inferred_current,ef55005cc41a,706,3.13.15,--year 2011s --step labels --infer-batch 32 --run-tag bb50_2011s_base --force-citywide --encoder resnet50 --no-hillshade --sample-manifest /content/drive/MyDrive/treedata/phase4/qc/sample_tiles_2011s.csv,1
20260909T054446Z_2011s_bb50_2011s_base_tile,20260909T054446Z,2026-09-09,tile,bb50_2011s_base,2011s,v048,b0541280611c,false,work/20260906-healing-tool,NVIDIA A100-SXM4-40GB,40.0,unet,resnet50,3,42,42,false,2011_snoh_1ft_rgb.tif,30.5,edmonds_canopy_mask_2020.tif,287816390,,true,986c71d2b78b,manifest,ef55005cc41a,706,3.13.15,--year 2011s --step tile --infer-batch 32 --run-tag bb50_2011s_base --force-citywide --encoder resnet50 --no-hillshade --sample-manifest /content/drive/MyDrive/treedata/phase4/qc/sample_tiles_2011s.csv,1
20260909T054553Z_2011s_bb18_2011s_base_labels,20260909T054553Z,2026-09-09,labels,bb18_2011s_base,2011s,v048,b0541280611c,false,work/20260906-healing-tool,NVIDIA A100-SXM4-40GB,40.0,unet,resnet18,3,42,42,false,2011_snoh_1ft_rgb.tif,30.5,edmonds_canopy_mask_2020.tif,287816390,,true,986c71d2b78b,inferred_current,ef55005cc41a,706,3.13.15,--year 2011s --step labels --infer-batch 32 --run-tag bb18_2011s_base --force-citywide --encoder resnet18 --no-hillshade --sample-manifest /content/drive/MyDrive/treedata/phase4/qc/sample_tiles_2011s.csv,1
20260909T054654Z_2011s_bb18_2011s_base_tile,20260909T054654Z,2026-09-09,tile,bb18_2011s_base,2011s,v048,b0541280611c,false,work/20260906-healing-tool,NVIDIA A100-SXM4-40GB,40.0,unet,resnet18,3,42,42,false,2011_snoh_1ft_rgb.tif,30.5,edmonds_canopy_mask_2020.tif,287816390,,true,986c71d2b78b,manifest,ef55005cc41a,706,3.13.15,--year 2011s --step tile --infer-batch 32 --run-tag bb18_2011s_base --force-citywide --encoder resnet18 --no-hillshade --sample-manifest /content/drive/MyDrive/treedata/phase4/qc/sample_tiles_2011s.csv,1
20260909T055857Z_2011s_bb18_2011s_base_train,20260909T055857Z,2026-09-09,train,bb18_2011s_base,2011s,v048,b0541280611c,false,work/20260906-healing-tool,NVIDIA A100-SXM4-40GB,40.0,unet,resnet18,3,42,42,false,2011_snoh_1ft_rgb.tif,30.5,edmonds_canopy_mask_2020.tif,287816390,,true,986c71d2b78b,manifest,ef55005cc41a,706,3.13.15,--year 2011s --step train --infer-batch 32 --run-tag bb18_2011s_base --force-citywide --encoder resnet18 --no-hillshade --sample-manifest /content/drive/MyDrive/treedata/phase4/qc/sample_tiles_2011s.csv,1
20260909T060956Z_2011s_bb50_2011s_base_train,20260909T060956Z,2026-09-09,train,bb50_2011s_base,2011s,v048,b0541280611c,false,work/20260906-healing-tool,NVIDIA A100-SXM4-40GB,40.0,unet,resnet50,3,42,42,false,2011_snoh_1ft_rgb.tif,30.5,edmonds_canopy_mask_2020.tif,287816390,,true,986c71d2b78b,manifest,ef55005cc41a,706,3.13.15,--year 2011s --step train --infer-batch 32 --run-tag bb50_2011s_base --force-citywide --encoder resnet50 --no-hillshade --sample-manifest /content/drive/MyDrive/treedata/phase4/qc/sample_tiles_2011s.csv,1
20260909T062154Z_2011s_bb18_2011s_base_evaluate,20260909T062154Z,2026-09-09,evaluate,bb18_2011s_base,2011s,v048,b0541280611c,false,work/20260906-healing-tool,NVIDIA A100-SXM4-40GB,40.0,unet,resnet18,3,42,42,false,2011_snoh_1ft_rgb.tif,30.5,edmonds_canopy_mask_2020.tif,287816390,,true,986c71d2b78b,manifest,ef55005cc41a,706,3.13.15,--year 2011s --step evaluate --infer-batch 32 --run-tag bb18_2011s_base --force-citywide --encoder resnet18 --no-hillshade --sample-manifest /content/drive/MyDrive/treedata/phase4/qc/sample_tiles_2011s.csv,1
20260909T062429Z_2011s_bb18_2011s_base_s2_labels,20260909T062429Z,2026-09-09,labels,bb18_2011s_base_s2,2011s,v048,b0541280611c,false,work/20260906-healing-tool,NVIDIA A100-SXM4-40GB,40.0,unet,resnet18,3,43,42,false,2011_snoh_1ft_rgb.tif,30.5,edmonds_canopy_mask_2020.tif,287816390,,true,986c71d2b78b,inferred_current,ef55005cc41a,706,3.13.15,--year 2011s --step labels --infer-batch 32 --run-tag bb18_2011s_base_s2 --force-citywide --encoder resnet18 --no-hillshade --seed 43 --sample-manifest /content/drive/MyDrive/treedata/phase4/qc/sample_tiles_2011s.csv,1
20260909T062433Z_2011s_bb18_2011s_base_s2_tile,20260909T062433Z,2026-09-09,tile,bb18_2011s_base_s2,2011s,v048,b0541280611c,false,work/20260906-healing-tool,NVIDIA A100-SXM4-40GB,40.0,unet,resnet18,3,43,42,false,2011_snoh_1ft_rgb.tif,30.5,edmonds_canopy_mask_2020.tif,287816390,,true,986c71d2b78b,manifest,ef55005cc41a,706,3.13.15,--year 2011s --step tile --infer-batch 32 --run-tag bb18_2011s_base_s2 --force-citywide --encoder resnet18 --no-hillshade --seed 43 --sample-manifest /content/drive/MyDrive/treedata/phase4/qc/sample_tiles_2011s.csv,1
20260909T062846Z_2011s_bb50_2011s_base_evaluate,20260909T062846Z,2026-09-09,evaluate,bb50_2011s_base,2011s,v048,b0541280611c,false,work/20260906-healing-tool,NVIDIA A100-SXM4-40GB,40.0,unet,resnet50,3,42,42,false,2011_snoh_1ft_rgb.tif,30.5,edmonds_canopy_mask_2020.tif,287816390,,true,986c71d2b78b,manifest,ef55005cc41a,706,3.13.15,--year 2011s --step evaluate --infer-batch 32 --run-tag bb50_2011s_base --force-citywide --encoder resnet50 --no-hillshade --sample-manifest /content/drive/MyDrive/treedata/phase4/qc/sample_tiles_2011s.csv,1
20260909T063134Z_2011s_bb50_2011s_base_s2_labels,20260909T063134Z,2026-09-09,labels,bb50_2011s_base_s2,2011s,v048,b0541280611c,false,work/20260906-healing-tool,NVIDIA A100-SXM4-40GB,40.0,unet,resnet50,3,43,42,false,2011_snoh_1ft_rgb.tif,30.5,edmonds_canopy_mask_2020.tif,287816390,,true,986c71d2b78b,inferred_current,ef55005cc41a,706,3.13.15,--year 2011s --step labels --infer-batch 32 --run-tag bb50_2011s_base_s2 --force-citywide --encoder resnet50 --no-hillshade --seed 43 --sample-manifest /content/drive/MyDrive/treedata/phase4/qc/sample_tiles_2011s.csv,1
20260909T063138Z_2011s_bb50_2011s_base_s2_tile,20260909T063138Z,2026-09-09,tile,bb50_2011s_base_s2,2011s,v048,b0541280611c,false,work/20260906-healing-tool,NVIDIA A100-SXM4-40GB,40.0,unet,resnet50,3,43,42,false,2011_snoh_1ft_rgb.tif,30.5,edmonds_canopy_mask_2020.tif,287816390,,true,986c71d2b78b,manifest,ef55005cc41a,706,3.13.15,--year 2011s --step tile --infer-batch 32 --run-tag bb50_2011s_base_s2 --force-citywide --encoder resnet50 --no-hillshade --seed 43 --sample-manifest /content/drive/MyDrive/treedata/phase4/qc/sample_tiles_2011s.csv,1
20260909T064454Z_2011s_bb18_2011s_base_s2_train,20260909T064454Z,2026-09-09,train,bb18_2011s_base_s2,2011s,v048,b0541280611c,false,work/20260906-healing-tool,NVIDIA A100-SXM4-40GB,40.0,unet,resnet18,3,43,42,false,2011_snoh_1ft_rgb.tif,30.5,edmonds_canopy_mask_2020.tif,287816390,,true,986c71d2b78b,manifest,ef55005cc41a,706,3.13.15,--year 2011s --step train --infer-batch 32 --run-tag bb18_2011s_base_s2 --force-citywide --encoder resnet18 --no-hillshade --seed 43 --sample-manifest /content/drive/MyDrive/treedata/phase4/qc/sample_tiles_2011s.csv,1
20260909T065537Z_2011s_bb50_2011s_base_s2_train,20260909T065537Z,2026-09-09,train,bb50_2011s_base_s2,2011s,v048,b0541280611c,false,work/20260906-healing-tool,NVIDIA A100-SXM4-40GB,40.0,unet,resnet50,3,43,42,false,2011_snoh_1ft_rgb.tif,30.5,edmonds_canopy_mask_2020.tif,287816390,,true,986c71d2b78b,manifest,ef55005cc41a,706,3.13.15,--year 2011s --step train --infer-batch 32 --run-tag bb50_2011s_base_s2 --force-citywide --encoder resnet50 --no-hillshade --seed 43 --sample-manifest /content/drive/MyDrive/treedata/phase4/qc/sample_tiles_2011s.csv,1
20260909T065754Z_2011s_bb18_2011s_base_s2_evaluate,20260909T065754Z,2026-09-09,evaluate,bb18_2011s_base_s2,2011s,v048,b0541280611c,false,work/20260906-healing-tool,NVIDIA A100-SXM4-40GB,40.0,unet,resnet18,3,43,42,false,2011_snoh_1ft_rgb.tif,30.5,edmonds_canopy_mask_2020.tif,287816390,,true,986c71d2b78b,manifest,ef55005cc41a,706,3.13.15,--year 2011s --step evaluate --infer-batch 32 --run-tag bb18_2011s_base_s2 --force-citywide --encoder resnet18 --no-hillshade --seed 43 --sample-manifest /content/drive/MyDrive/treedata/phase4/qc/sample_tiles_2011s.csv,1
20260909T070236Z_2011s_bb18_2011s_base_s3_labels,20260909T070236Z,2026-09-09,labels,bb18_2011s_base_s3,2011s,v048,b0541280611c,false,work/20260906-healing-tool,NVIDIA A100-SXM4-40GB,40.0,unet,resnet18,3,44,42,false,2011_snoh_1ft_rgb.tif,30.5,edmonds_canopy_mask_2020.tif,287816390,,true,986c71d2b78b,inferred_current,ef55005cc41a,706,3.13.15,--year 2011s --step labels --infer-batch 32 --run-tag bb18_2011s_base_s3 --force-citywide --encoder resnet18 --no-hillshade --seed 44 --sample-manifest /content/drive/MyDrive/treedata/phase4/qc/sample_tiles_2011s.csv,1
20260909T070245Z_2011s_bb18_2011s_base_s3_tile,20260909T070245Z,2026-09-09,tile,bb18_2011s_base_s3,2011s,v048,b0541280611c,false,work/20260906-healing-tool,NVIDIA A100-SXM4-40GB,40.0,unet,resnet18,3,44,42,false,2011_snoh_1ft_rgb.tif,30.5,edmonds_canopy_mask_2020.tif,287816390,,true,986c71d2b78b,manifest,ef55005cc41a,706,3.13.15,--year 2011s --step tile --infer-batch 32 --run-tag bb18_2011s_base_s3 --force-citywide --encoder resnet18 --no-hillshade --seed 44 --sample-manifest /content/drive/MyDrive/treedata/phase4/qc/sample_tiles_2011s.csv,1
20260909T071640Z_2011s_bb50_2011s_base_s2_evaluate,20260909T071640Z,2026-09-09,evaluate,bb50_2011s_base_s2,2011s,v048,b0541280611c,false,work/20260906-healing-tool,NVIDIA A100-SXM4-40GB,40.0,unet,resnet50,3,43,42,false,2011_snoh_1ft_rgb.tif,30.5,edmonds_canopy_mask_2020.tif,287816390,,true,986c71d2b78b,manifest,ef55005cc41a,706,3.13.15,--year 2011s --step evaluate --infer-batch 32 --run-tag bb50_2011s_base_s2 --force-citywide --encoder resnet50 --no-hillshade --seed 43 --sample-manifest /content/drive/MyDrive/treedata/phase4/qc/sample_tiles_2011s.csv,1
20260909T071941Z_2011s_bb50_2011s_base_s3_labels,20260909T071941Z,2026-09-09,labels,bb50_2011s_base_s3,2011s,v048,b0541280611c,false,work/20260906-healing-tool,NVIDIA A100-SXM4-40GB,40.0,unet,resnet50,3,44,42,false,2011_snoh_1ft_rgb.tif,30.5,edmonds_canopy_mask_2020.tif,287816390,,true,986c71d2b78b,inferred_current,ef55005cc41a,706,3.13.15,--year 2011s --step labels --infer-batch 32 --run-tag bb50_2011s_base_s3 --force-citywide --encoder resnet50 --no-hillshade --seed 44 --sample-manifest /content/drive/MyDrive/treedata/phase4/qc/sample_tiles_2011s.csv,1
20260909T071949Z_2011s_bb18_2011s_base_s3_train,20260909T071949Z,2026-09-09,train,bb18_2011s_base_s3,2011s,v048,b0541280611c,false,work/20260906-healing-tool,NVIDIA A100-SXM4-40GB,40.0,unet,resnet18,3,44,42,false,2011_snoh_1ft_rgb.tif,30.5,edmonds_canopy_mask_2020.tif,287816390,,true,986c71d2b78b,manifest,ef55005cc41a,706,3.13.15,--year 2011s --step train --infer-batch 32 --run-tag bb18_2011s_base_s3 --force-citywide --encoder resnet18 --no-hillshade --seed 44 --sample-manifest /content/drive/MyDrive/treedata/phase4/qc/sample_tiles_2011s.csv,1
20260909T072039Z_2011s_bb50_2011s_base_s3_tile,20260909T072039Z,2026-09-09,tile,bb50_2011s_base_s3,2011s,v048,b0541280611c,false,work/20260906-healing-tool,NVIDIA A100-SXM4-40GB,40.0,unet,resnet50,3,44,42,false,2011_snoh_1ft_rgb.tif,30.5,edmonds_canopy_mask_2020.tif,287816390,,true,986c71d2b78b,manifest,ef55005cc41a,706,3.13.15,--year 2011s --step tile --infer-batch 32 --run-tag bb50_2011s_base_s3 --force-citywide --encoder resnet50 --no-hillshade --seed 44 --sample-manifest /content/drive/MyDrive/treedata/phase4/qc/sample_tiles_2011s.csv,1
20260909T074041Z_2011s_bb18_2011s_base_s3_evaluate,20260909T074041Z,2026-09-09,evaluate,bb18_2011s_base_s3,2011s,v048,b0541280611c,false,work/20260906-healing-tool,NVIDIA A100-SXM4-40GB,40.0,unet,resnet18,3,44,42,false,2011_snoh_1ft_rgb.tif,30.5,edmonds_canopy_mask_2020.tif,287816390,,true,986c71d2b78b,manifest,ef55005cc41a,706,3.13.15,--year 2011s --step evaluate --infer-batch 32 --run-tag bb18_2011s_base_s3 --force-citywide --encoder resnet18 --no-hillshade --seed 44 --sample-manifest /content/drive/MyDrive/treedata/phase4/qc/sample_tiles_2011s.csv,1
20260909T074334Z_2011s_bb18_2011s_cor05_labels,20260909T074334Z,2026-09-09,labels,bb18_2011s_cor05,2011s,v048,b0541280611c,false,work/20260906-healing-tool,NVIDIA A100-SXM4-40GB,40.0,unet,resnet18,3,42,42,false,2011_snoh_1ft_rgb.tif,30.5,edmonds_canopy_mask_2020.tif,287816390,add_corrupt5_2011s.tif,true,0a6611006de4,inferred_current,ef55005cc41a,706,3.13.15,--year 2011s --step labels --infer-batch 32 --run-tag bb18_2011s_cor05 --force-citywide --encoder resnet18 --no-hillshade --add-canopy-mask /content/drive/MyDrive/treedata/phase4/labels_corrected/add_corrupt5_2011s.tif --sample-manifest /content/drive/MyDrive/treedata/phase4/qc/sample_tiles_2011s.csv,1
20260909T074344Z_2011s_bb18_2011s_cor05_tile,20260909T074344Z,2026-09-09,tile,bb18_2011s_cor05,2011s,v048,b0541280611c,false,work/20260906-healing-tool,NVIDIA A100-SXM4-40GB,40.0,unet,resnet18,3,42,42,false,2011_snoh_1ft_rgb.tif,30.5,edmonds_canopy_mask_2020.tif,287816390,add_corrupt5_2011s.tif,true,0a6611006de4,manifest,ef55005cc41a,706,3.13.15,--year 2011s --step tile --infer-batch 32 --run-tag bb18_2011s_cor05 --force-citywide --encoder resnet18 --no-hillshade --add-canopy-mask /content/drive/MyDrive/treedata/phase4/labels_corrected/add_corrupt5_2011s.tif --sample-manifest /content/drive/MyDrive/treedata/phase4/qc/sample_tiles_2011s.csv,1
20260909T074658Z_2011s_bb50_2011s_base_s3_train,20260909T074658Z,2026-09-09,train,bb50_2011s_base_s3,2011s,v048,b0541280611c,false,work/20260906-healing-tool,NVIDIA A100-SXM4-40GB,40.0,unet,resnet50,3,44,42,false,2011_snoh_1ft_rgb.tif,30.5,edmonds_canopy_mask_2020.tif,287816390,,true,986c71d2b78b,manifest,ef55005cc41a,706,3.13.15,--year 2011s --step train --infer-batch 32 --run-tag bb50_2011s_base_s3 --force-citywide --encoder resnet50 --no-hillshade --seed 44 --sample-manifest /content/drive/MyDrive/treedata/phase4/qc/sample_tiles_2011s.csv,1
20260909T080236Z_2011s_bb18_2011s_cor05_train,20260909T080236Z,2026-09-09,train,bb18_2011s_cor05,2011s,v048,b0541280611c,false,work/20260906-healing-tool,NVIDIA A100-SXM4-40GB,40.0,unet,resnet18,3,42,42,false,2011_snoh_1ft_rgb.tif,30.5,edmonds_canopy_mask_2020.tif,287816390,add_corrupt5_2011s.tif,true,0a6611006de4,manifest,ef55005cc41a,706,3.13.15,--year 2011s --step train --infer-batch 32 --run-tag bb18_2011s_cor05 --force-citywide --encoder resnet18 --no-hillshade --add-canopy-mask /content/drive/MyDrive/treedata/phase4/labels_corrected/add_corrupt5_2011s.tif --sample-manifest /content/drive/MyDrive/treedata/phase4/qc/sample_tiles_2011s.csv,1
20260909T081142Z_2011s_bb50_2011s_base_s3_evaluate,20260909T081142Z,2026-09-09,evaluate,bb50_2011s_base_s3,2011s,v048,b0541280611c,false,work/20260906-healing-tool,NVIDIA A100-SXM4-40GB,40.0,unet,resnet50,3,44,42,false,2011_snoh_1ft_rgb.tif,30.5,edmonds_canopy_mask_2020.tif,287816390,,true,986c71d2b78b,manifest,ef55005cc41a,706,3.13.15,--year 2011s --step evaluate --infer-batch 32 --run-tag bb50_2011s_base_s3 --force-citywide --encoder resnet50 --no-hillshade --seed 44 --sample-manifest /content/drive/MyDrive/treedata/phase4/qc/sample_tiles_2011s.csv,1
20260909T081658Z_2011s_bb50_2011s_cor05_labels,20260909T081658Z,2026-09-09,labels,bb50_2011s_cor05,2011s,v048,b0541280611c,false,work/20260906-healing-tool,NVIDIA A100-SXM4-40GB,40.0,unet,resnet50,3,42,42,false,2011_snoh_1ft_rgb.tif,30.5,edmonds_canopy_mask_2020.tif,287816390,add_corrupt5_2011s.tif,true,0a6611006de4,inferred_current,ef55005cc41a,706,3.13.15,--year 2011s --step labels --infer-batch 32 --run-tag bb50_2011s_cor05 --force-citywide --encoder resnet50 --no-hillshade --add-canopy-mask /content/drive/MyDrive/treedata/phase4/labels_corrected/add_corrupt5_2011s.tif --sample-manifest /content/drive/MyDrive/treedata/phase4/qc/sample_tiles_2011s.csv,1
20260909T081755Z_2011s_bb50_2011s_cor05_tile,20260909T081755Z,2026-09-09,tile,bb50_2011s_cor05,2011s,v048,b0541280611c,false,work/20260906-healing-tool,NVIDIA A100-SXM4-40GB,40.0,unet,resnet50,3,42,42,false,2011_snoh_1ft_rgb.tif,30.5,edmonds_canopy_mask_2020.tif,287816390,add_corrupt5_2011s.tif,true,0a6611006de4,manifest,ef55005cc41a,706,3.13.15,--year 2011s --step tile --infer-batch 32 --run-tag bb50_2011s_cor05 --force-citywide --encoder resnet50 --no-hillshade --add-canopy-mask /content/drive/MyDrive/treedata/phase4/labels_corrected/add_corrupt5_2011s.tif --sample-manifest /content/drive/MyDrive/treedata/phase4/qc/sample_tiles_2011s.csv,1
20260909T082056Z_2011s_bb18_2011s_cor05_evaluate,20260909T082056Z,2026-09-09,evaluate,bb18_2011s_cor05,2011s,v048,b0541280611c,false,work/20260906-healing-tool,NVIDIA A100-SXM4-40GB,40.0,unet,resnet18,3,42,42,false,2011_snoh_1ft_rgb.tif,30.5,edmonds_canopy_mask_2020.tif,287816390,add_corrupt5_2011s.tif,true,0a6611006de4,manifest,ef55005cc41a,706,3.13.15,--year 2011s --step evaluate --infer-batch 32 --run-tag bb18_2011s_cor05 --force-citywide --encoder resnet18 --no-hillshade --add-canopy-mask /content/drive/MyDrive/treedata/phase4/labels_corrected/add_corrupt5_2011s.tif --sample-manifest /content/drive/MyDrive/treedata/phase4/qc/sample_tiles_2011s.csv,1
20260909T082254Z_2016_bb18_2016_base_labels,20260909T082254Z,2026-09-09,labels,bb18_2016_base,2016,v048,b0541280611c,false,work/20260906-healing-tool,NVIDIA A100-SXM4-40GB,40.0,unet,resnet18,3,42,42,false,2016_snoh_1ft_rgbi.tif,30.5,edmonds_canopy_mask_2020.tif,287816390,,true,4b43f5a2a38f,inferred_current,ef55005cc41a,706,3.13.15,--year 2016 --step labels --infer-batch 32 --run-tag bb18_2016_base --force-citywide --encoder resnet18 --no-hillshade --sample-manifest /content/drive/MyDrive/treedata/phase4/qc/sample_tiles_2016.csv,1
20260909T082354Z_2016_bb18_2016_base_tile,20260909T082354Z,2026-09-09,tile,bb18_2016_base,2016,v048,b0541280611c,false,work/20260906-healing-tool,NVIDIA A100-SXM4-40GB,40.0,unet,resnet18,3,42,42,false,2016_snoh_1ft_rgbi.tif,30.5,edmonds_canopy_mask_2020.tif,287816390,,true,4b43f5a2a38f,manifest,ef55005cc41a,706,3.13.15,--year 2016 --step tile --infer-batch 32 --run-tag bb18_2016_base --force-citywide --encoder resnet18 --no-hillshade --sample-manifest /content/drive/MyDrive/treedata/phase4/qc/sample_tiles_2016.csv,1
20260909T084047Z_2011s_bb50_2011s_cor05_train,20260909T084047Z,2026-09-09,train,bb50_2011s_cor05,2011s,v048,b0541280611c,false,work/20260906-healing-tool,NVIDIA A100-SXM4-40GB,40.0,unet,resnet50,3,42,42,false,2011_snoh_1ft_rgb.tif,30.5,edmonds_canopy_mask_2020.tif,287816390,add_corrupt5_2011s.tif,true,0a6611006de4,inferred_current,ef55005cc41a,706,3.13.15,--year 2011s --step train --infer-batch 32 --run-tag bb50_2011s_cor05 --force-citywide --encoder resnet50 --no-hillshade --add-canopy-mask /content/drive/MyDrive/treedata/phase4/labels_corrected/add_corrupt5_2011s.tif --sample-manifest /content/drive/MyDrive/treedata/phase4/qc/sample_tiles_2011s.csv,1
20260909T084249Z_2016_bb18_2016_base_train,20260909T084249Z,2026-09-09,train,bb18_2016_base,2016,v048,b0541280611c,false,work/20260906-healing-tool,NVIDIA A100-SXM4-40GB,40.0,unet,resnet18,3,42,42,false,2016_snoh_1ft_rgbi.tif,30.5,edmonds_canopy_mask_2020.tif,287816390,,true,4b43f5a2a38f,manifest,ef55005cc41a,706,3.13.15,--year 2016 --step train --infer-batch 32 --run-tag bb18_2016_base --force-citywide --encoder resnet18 --no-hillshade --sample-manifest /content/drive/MyDrive/treedata/phase4/qc/sample_tiles_2016.csv,1
20260909T090733Z_2016_bb50_2016_base_labels,20260909T090733Z,2026-09-09,labels,bb50_2016_base,2016,v048,b0541280611c,false,work/20260906-healing-tool,NVIDIA A100-SXM4-40GB,40.0,unet,resnet50,3,42,42,false,2016_snoh_1ft_rgbi.tif,30.5,edmonds_canopy_mask_2020.tif,287816390,,true,4b43f5a2a38f,inferred_current,ef55005cc41a,706,3.13.15,--year 2016 --step labels --infer-batch 32 --run-tag bb50_2016_base --force-citywide --encoder resnet50 --no-hillshade --sample-manifest /content/drive/MyDrive/treedata/phase4/qc/sample_tiles_2016.csv,1
20260909T090745Z_2016_bb50_2016_base_tile,20260909T090745Z,2026-09-09,tile,bb50_2016_base,2016,v048,b0541280611c,false,work/20260906-healing-tool,NVIDIA A100-SXM4-40GB,40.0,unet,resnet50,3,42,42,false,2016_snoh_1ft_rgbi.tif,30.5,edmonds_canopy_mask_2020.tif,287816390,,true,4b43f5a2a38f,manifest,ef55005cc41a,706,3.13.15,--year 2016 --step tile --infer-batch 32 --run-tag bb50_2016_base --force-citywide --encoder resnet50 --no-hillshade --sample-manifest /content/drive/MyDrive/treedata/phase4/qc/sample_tiles_2016.csv,1
20260909T090751Z_2016_bb18_2016_base_evaluate,20260909T090751Z,2026-09-09,evaluate,bb18_2016_base,2016,v048,b0541280611c,false,work/20260906-healing-tool,NVIDIA A100-SXM4-40GB,40.0,unet,resnet18,3,42,42,false,2016_snoh_1ft_rgbi.tif,30.5,edmonds_canopy_mask_2020.tif,287816390,,true,4b43f5a2a38f,manifest,ef55005cc41a,706,3.13.15,--year 2016 --step evaluate --infer-batch 32 --run-tag bb18_2016_base --force-citywide --encoder resnet18 --no-hillshade --sample-manifest /content/drive/MyDrive/treedata/phase4/qc/sample_tiles_2016.csv,1
20260909T091233Z_2016_bb18_2016_in05_labels,20260909T091233Z,2026-09-09,labels,bb18_2016_in05,2016,v048,b0541280611c,false,work/20260906-healing-tool,NVIDIA A100-SXM4-40GB,40.0,unet,resnet18,3,42,42,false,2016_snoh_1ft_rgbi.tif,30.5,edmonds_canopy_mask_2020.tif,287816390,,true,d08e03694b34,inferred_current,ef55005cc41a,706,3.13.15,--year 2016 --step labels --infer-batch 32 --run-tag bb18_2016_in05 --force-citywide --encoder resnet18 --hs-source chm2005 --sample-manifest /content/drive/MyDrive/treedata/phase4/qc/sample_tiles_2016.csv,1
20260909T091237Z_2016_bb18_2016_in05_tile,20260909T091237Z,2026-09-09,tile,bb18_2016_in05,2016,v048,b0541280611c,false,work/20260906-healing-tool,NVIDIA A100-SXM4-40GB,40.0,unet,resnet18,3,42,42,false,2016_snoh_1ft_rgbi.tif,30.5,edmonds_canopy_mask_2020.tif,287816390,,true,d08e03694b34,manifest,ef55005cc41a,706,3.13.15,--year 2016 --step tile --infer-batch 32 --run-tag bb18_2016_in05 --force-citywide --encoder resnet18 --hs-source chm2005 --sample-manifest /content/drive/MyDrive/treedata/phase4/qc/sample_tiles_2016.csv,1
20260909T093235Z_2016_bb18_2016_in05_train,20260909T093235Z,2026-09-09,train,bb18_2016_in05,2016,v048,b0541280611c,false,work/20260906-healing-tool,NVIDIA A100-SXM4-40GB,40.0,unet,resnet18,3,42,42,false,2016_snoh_1ft_rgbi.tif,30.5,edmonds_canopy_mask_2020.tif,287816390,,true,d08e03694b34,manifest,ef55005cc41a,706,3.13.15,--year 2016 --step train --infer-batch 32 --run-tag bb18_2016_in05 --force-citywide --encoder resnet18 --hs-source chm2005 --sample-manifest /content/drive/MyDrive/treedata/phase4/qc/sample_tiles_2016.csv,1
20260909T093444Z_2016_bb50_2016_base_train,20260909T093444Z,2026-09-09,train,bb50_2016_base,2016,v048,b0541280611c,false,work/20260906-healing-tool,NVIDIA A100-SXM4-40GB,40.0,unet,resnet50,3,42,42,false,2016_snoh_1ft_rgbi.tif,30.5,edmonds_canopy_mask_2020.tif,287816390,,true,4b43f5a2a38f,manifest,ef55005cc41a,706,3.13.15,--year 2016 --step train --infer-batch 32 --run-tag bb50_2016_base --force-citywide --encoder resnet50 --no-hillshade --sample-manifest /content/drive/MyDrive/treedata/phase4/qc/sample_tiles_2016.csv,1
20260909T100150Z_2016_bb18_2016_in05_evaluate,20260909T100150Z,2026-09-09,evaluate,bb18_2016_in05,2016,v048,b0541280611c,false,work/20260906-healing-tool,NVIDIA A100-SXM4-40GB,40.0,unet,resnet18,3,42,42,false,2016_snoh_1ft_rgbi.tif,30.5,edmonds_canopy_mask_2020.tif,287816390,,true,d08e03694b34,manifest,ef55005cc41a,706,3.13.15,--year 2016 --step evaluate --infer-batch 32 --run-tag bb18_2016_in05 --force-citywide --encoder resnet18 --hs-source chm2005 --sample-manifest /content/drive/MyDrive/treedata/phase4/qc/sample_tiles_2016.csv,1
20260909T100444Z_2016_bb50_2016_base_evaluate,20260909T100444Z,2026-09-09,evaluate,bb50_2016_base,2016,v048,b0541280611c,false,work/20260906-healing-tool,NVIDIA A100-SXM4-40GB,40.0,unet,resnet50,3,42,42,false,2016_snoh_1ft_rgbi.tif,30.5,edmonds_canopy_mask_2020.tif,287816390,,true,4b43f5a2a38f,manifest,ef55005cc41a,706,3.13.15,--year 2016 --step evaluate --infer-batch 32 --run-tag bb50_2016_base --force-citywide --encoder resnet50 --no-hillshade --sample-manifest /content/drive/MyDrive/treedata/phase4/qc/sample_tiles_2016.csv,1
20260909T100556Z_2019n_bb18_2019n_base_labels,20260909T100556Z,2026-09-09,labels,bb18_2019n_base,2019n,v048,b0541280611c,false,work/20260906-healing-tool,NVIDIA A100-SXM4-40GB,40.0,unet,resnet18,3,42,42,false,2019_naip_60cm_rgbi.tif,60.0,edmonds_canopy_mask_2020.tif,287816390,,true,5a680997554d,inferred_current,ef55005cc41a,706,3.13.15,--year 2019n --step labels --infer-batch 32 --run-tag bb18_2019n_base --force-citywide --encoder resnet18 --no-hillshade --sample-manifest /content/drive/MyDrive/treedata/phase4/qc/sample_tiles_2019n.csv,1
20260909T100655Z_2019n_bb18_2019n_base_tile,20260909T100655Z,2026-09-09,tile,bb18_2019n_base,2019n,v048,b0541280611c,false,work/20260906-healing-tool,NVIDIA A100-SXM4-40GB,40.0,unet,resnet18,3,42,42,false,2019_naip_60cm_rgbi.tif,60.0,edmonds_canopy_mask_2020.tif,287816390,,true,5a680997554d,manifest,ef55005cc41a,706,3.13.15,--year 2019n --step tile --infer-batch 32 --run-tag bb18_2019n_base --force-citywide --encoder resnet18 --no-hillshade --sample-manifest /content/drive/MyDrive/treedata/phase4/qc/sample_tiles_2019n.csv,1
20260909T100746Z_2016_bb50_2016_in05_labels,20260909T100746Z,2026-09-09,labels,bb50_2016_in05,2016,v048,b0541280611c,false,work/20260906-healing-tool,NVIDIA A100-SXM4-40GB,40.0,unet,resnet50,3,42,42,false,2016_snoh_1ft_rgbi.tif,30.5,edmonds_canopy_mask_2020.tif,287816390,,true,d08e03694b34,inferred_current,ef55005cc41a,706,3.13.15,--year 2016 --step labels --infer-batch 32 --run-tag bb50_2016_in05 --force-citywide --encoder resnet50 --hs-source chm2005 --sample-manifest /content/drive/MyDrive/treedata/phase4/qc/sample_tiles_2016.csv,1
20260909T100750Z_2016_bb50_2016_in05_tile,20260909T100750Z,2026-09-09,tile,bb50_2016_in05,2016,v048,b0541280611c,false,work/20260906-healing-tool,NVIDIA A100-SXM4-40GB,40.0,unet,resnet50,3,42,42,false,2016_snoh_1ft_rgbi.tif,30.5,edmonds_canopy_mask_2020.tif,287816390,,true,d08e03694b34,inferred_current,ef55005cc41a,706,3.13.15,--year 2016 --step tile --infer-batch 32 --run-tag bb50_2016_in05 --force-citywide --encoder resnet50 --hs-source chm2005 --sample-manifest /content/drive/MyDrive/treedata/phase4/qc/sample_tiles_2016.csv,0
20260909T102330Z_2019n_bb18_2019n_base_train,20260909T102330Z,2026-09-09,train,bb18_2019n_base,2019n,v048,b0541280611c,false,work/20260906-healing-tool,NVIDIA A100-SXM4-40GB,40.0,unet,resnet18,3,42,42,false,2019_naip_60cm_rgbi.tif,60.0,edmonds_canopy_mask_2020.tif,287816390,,true,5a680997554d,manifest,ef55005cc41a,706,3.13.15,--year 2019n --step train --infer-batch 32 --run-tag bb18_2019n_base --force-citywide --encoder resnet18 --no-hillshade --sample-manifest /content/drive/MyDrive/treedata/phase4/qc/sample_tiles_2019n.csv,1
20260909T104240Z_2019n_bb18_2019n_base_evaluate,20260909T104240Z,2026-09-09,evaluate,bb18_2019n_base,2019n,v048,b0541280611c,false,work/20260906-healing-tool,NVIDIA A100-SXM4-40GB,40.0,unet,resnet18,3,42,42,false,2019_naip_60cm_rgbi.tif,60.0,edmonds_canopy_mask_2020.tif,287816390,,true,5a680997554d,manifest,ef55005cc41a,706,3.13.15,--year 2019n --step evaluate --infer-batch 32 --run-tag bb18_2019n_base --force-citywide --encoder resnet18 --no-hillshade --sample-manifest /content/drive/MyDrive/treedata/phase4/qc/sample_tiles_2019n.csv,1
20260909T104538Z_2020_bb18_2020_base_labels,20260909T104538Z,2026-09-09,labels,bb18_2020_base,2020,v048,b0541280611c,false,work/20260906-healing-tool,NVIDIA A100-SXM4-40GB,40.0,unet,resnet18,3,42,42,false,2020_coe_rgb.tif,5.0,edmonds_canopy_mask_2020.tif,287816390,,true,a359c743b0b1,inferred_current,ef55005cc41a,706,3.13.15,--year 2020 --step labels --infer-batch 32 --run-tag bb18_2020_base --force-citywide --encoder resnet18 --no-hillshade --sample-manifest /content/drive/MyDrive/treedata/phase4/qc/sample_tiles_2020.csv,1
20260909T104542Z_2020_bb18_2020_base_tile,20260909T104542Z,2026-09-09,tile,bb18_2020_base,2020,v048,b0541280611c,false,work/20260906-healing-tool,NVIDIA A100-SXM4-40GB,40.0,unet,resnet18,3,42,42,false,2020_coe_rgb.tif,5.0,edmonds_canopy_mask_2020.tif,287816390,,true,a359c743b0b1,manifest,ef55005cc41a,706,3.13.15,--year 2020 --step tile --infer-batch 32 --run-tag bb18_2020_base --force-citywide --encoder resnet18 --no-hillshade --sample-manifest /content/drive/MyDrive/treedata/phase4/qc/sample_tiles_2020.csv,1
20260909T112040Z_2020_bb18_2020_base_train,20260909T112040Z,2026-09-09,train,bb18_2020_base,2020,v048,b0541280611c,false,work/20260906-healing-tool,NVIDIA A100-SXM4-40GB,40.0,unet,resnet18,3,42,42,false,2020_coe_rgb.tif,5.0,edmonds_canopy_mask_2020.tif,287816390,,true,a359c743b0b1,manifest,ef55005cc41a,706,3.13.15,--year 2020 --step train --infer-batch 32 --run-tag bb18_2020_base --force-citywide --encoder resnet18 --no-hillshade --sample-manifest /content/drive/MyDrive/treedata/phase4/qc/sample_tiles_2020.csv,1
20260909T120249Z_2020_bb18_2020_base_evaluate,20260909T120249Z,2026-09-09,evaluate,bb18_2020_base,2020,v048,b0541280611c,false,work/20260906-healing-tool,NVIDIA A100-SXM4-40GB,40.0,unet,resnet18,3,42,42,false,2020_coe_rgb.tif,5.0,edmonds_canopy_mask_2020.tif,287816390,,true,a359c743b0b1,manifest,ef55005cc41a,706,3.13.15,--year 2020 --step evaluate --infer-batch 32 --run-tag bb18_2020_base --force-citywide --encoder resnet18 --no-hillshade --sample-manifest /content/drive/MyDrive/treedata/phase4/qc/sample_tiles_2020.csv,1
20260909T120954Z_2011s_bb50_2011s_cor05_train,20260909T120954Z,2026-09-09,train,bb50_2011s_cor05,2011s,v048,4ca40c424524,false,work/20260906-healing-tool,NVIDIA A100-SXM4-40GB,40.0,unet,resnet50,3,42,42,false,2011_snoh_1ft_rgb.tif,30.5,edmonds_canopy_mask_2020.tif,287816390,add_corrupt5_2011s.tif,true,0a6611006de4,manifest,37a5d2d74a32,706,3.13.15,--year 2011s --step train --infer-batch 32 --run-tag bb50_2011s_cor05 --force-citywide --encoder resnet50 --no-hillshade --add-canopy-mask /content/drive/MyDrive/treedata/phase4/labels_corrected/add_corrupt5_2011s.tif --sample-manifest /content/drive/MyDrive/treedata/phase4/qc/sample_tiles_2011s.csv,1
20260909T124155Z_2011s_bb50_2011s_cor05_evaluate,20260909T124155Z,2026-09-09,evaluate,bb50_2011s_cor05,2011s,v048,4ca40c424524,false,work/20260906-healing-tool,NVIDIA A100-SXM4-40GB,40.0,unet,resnet50,3,42,42,false,2011_snoh_1ft_rgb.tif,30.5,edmonds_canopy_mask_2020.tif,287816390,add_corrupt5_2011s.tif,true,0a6611006de4,manifest,37a5d2d74a32,706,3.13.15,--year 2011s --step evaluate --infer-batch 32 --run-tag bb50_2011s_cor05 --force-citywide --encoder resnet50 --no-hillshade --add-canopy-mask /content/drive/MyDrive/treedata/phase4/labels_corrected/add_corrupt5_2011s.tif --sample-manifest /content/drive/MyDrive/treedata/phase4/qc/sample_tiles_2011s.csv,1
20260909T124554Z_2016_bb50_2016_in05_tile,20260909T124554Z,2026-09-09,tile,bb50_2016_in05,2016,v048,4ca40c424524,false,work/20260906-healing-tool,NVIDIA A100-SXM4-40GB,40.0,unet,resnet50,3,42,42,false,2016_snoh_1ft_rgbi.tif,30.5,edmonds_canopy_mask_2020.tif,287816390,,true,d08e03694b34,manifest,37a5d2d74a32,706,3.13.15,--year 2016 --step tile --infer-batch 32 --run-tag bb50_2016_in05 --force-citywide --encoder resnet50 --hs-source chm2005 --sample-manifest /content/drive/MyDrive/treedata/phase4/qc/sample_tiles_2016.csv,1
20260909T131055Z_2016_bb50_2016_in05_train,20260909T131055Z,2026-09-09,train,bb50_2016_in05,2016,v048,4ca40c424524,false,work/20260906-healing-tool,NVIDIA A100-SXM4-40GB,40.0,unet,resnet50,3,42,42,false,2016_snoh_1ft_rgbi.tif,30.5,edmonds_canopy_mask_2020.tif,287816390,,true,d08e03694b34,manifest,37a5d2d74a32,706,3.13.15,--year 2016 --step train --infer-batch 32 --run-tag bb50_2016_in05 --force-citywide --encoder resnet50 --hs-source chm2005 --sample-manifest /content/drive/MyDrive/treedata/phase4/qc/sample_tiles_2016.csv,1
20260909T134659Z_2016_bb50_2016_in05_evaluate,20260909T134659Z,2026-09-09,evaluate,bb50_2016_in05,2016,v048,4ca40c424524,false,work/20260906-healing-tool,NVIDIA A100-SXM4-40GB,40.0,unet,resnet50,3,42,42,false,2016_snoh_1ft_rgbi.tif,30.5,edmonds_canopy_mask_2020.tif,287816390,,true,d08e03694b34,manifest,37a5d2d74a32,706,3.13.15,--year 2016 --step evaluate --infer-batch 32 --run-tag bb50_2016_in05 --force-citywide --encoder resnet50 --hs-source chm2005 --sample-manifest /content/drive/MyDrive/treedata/phase4/qc/sample_tiles_2016.csv,1
20260909T135052Z_2019n_bb50_2019n_base_labels,20260909T135052Z,2026-09-09,labels,bb50_2019n_base,2019n,v048,4ca40c424524,false,work/20260906-healing-tool,NVIDIA A100-SXM4-40GB,40.0,unet,resnet50,3,42,42,false,2019_naip_60cm_rgbi.tif,60.0,edmonds_canopy_mask_2020.tif,287816390,,true,5a680997554d,inferred_current,37a5d2d74a32,706,3.13.15,--year 2019n --step labels --infer-batch 32 --run-tag bb50_2019n_base --force-citywide --encoder resnet50 --no-hillshade --sample-manifest /content/drive/MyDrive/treedata/phase4/qc/sample_tiles_2019n.csv,1
20260909T135131Z_2019n_bb50_2019n_base_tile,20260909T135131Z,2026-09-09,tile,bb50_2019n_base,2019n,v048,4ca40c424524,false,work/20260906-healing-tool,NVIDIA A100-SXM4-40GB,40.0,unet,resnet50,3,42,42,false,2019_naip_60cm_rgbi.tif,60.0,edmonds_canopy_mask_2020.tif,287816390,,true,5a680997554d,manifest,37a5d2d74a32,706,3.13.15,--year 2019n --step tile --infer-batch 32 --run-tag bb50_2019n_base --force-citywide --encoder resnet50 --no-hillshade --sample-manifest /content/drive/MyDrive/treedata/phase4/qc/sample_tiles_2019n.csv,1
20260909T140425Z_2019n_bb50_2019n_base_train,20260909T140425Z,2026-09-09,train,bb50_2019n_base,2019n,v048,4ca40c424524,false,work/20260906-healing-tool,NVIDIA A100-SXM4-40GB,40.0,unet,resnet50,3,42,42,false,2019_naip_60cm_rgbi.tif,60.0,edmonds_canopy_mask_2020.tif,287816390,,true,5a680997554d,manifest,37a5d2d74a32,706,3.13.15,--year 2019n --step train --infer-batch 32 --run-tag bb50_2019n_base --force-citywide --encoder resnet50 --no-hillshade --sample-manifest /content/drive/MyDrive/treedata/phase4/qc/sample_tiles_2019n.csv,1
20260909T142935Z_2019n_bb50_2019n_base_evaluate,20260909T142935Z,2026-09-09,evaluate,bb50_2019n_base,2019n,v048,4ca40c424524,false,work/20260906-healing-tool,NVIDIA A100-SXM4-40GB,40.0,unet,resnet50,3,42,42,false,2019_naip_60cm_rgbi.tif,60.0,edmonds_canopy_mask_2020.tif,287816390,,true,5a680997554d,manifest,37a5d2d74a32,706,3.13.15,--year 2019n --step evaluate --infer-batch 32 --run-tag bb50_2019n_base --force-citywide --encoder resnet50 --no-hillshade --sample-manifest /content/drive/MyDrive/treedata/phase4/qc/sample_tiles_2019n.csv,1
20260909T143042Z_2020_bb50_2020_base_labels,20260909T143042Z,2026-09-09,labels,bb50_2020_base,2020,v048,4ca40c424524,false,work/20260906-healing-tool,NVIDIA A100-SXM4-40GB,40.0,unet,resnet50,3,42,42,false,2020_coe_rgb.tif,5.0,edmonds_canopy_mask_2020.tif,287816390,,true,a359c743b0b1,inferred_current,37a5d2d74a32,706,3.13.15,--year 2020 --step labels --infer-batch 32 --run-tag bb50_2020_base --force-citywide --encoder resnet50 --no-hillshade --sample-manifest /content/drive/MyDrive/treedata/phase4/qc/sample_tiles_2020.csv,1
20260909T143048Z_2020_bb50_2020_base_tile,20260909T143048Z,2026-09-09,tile,bb50_2020_base,2020,v048,4ca40c424524,false,work/20260906-healing-tool,NVIDIA A100-SXM4-40GB,40.0,unet,resnet50,3,42,42,false,2020_coe_rgb.tif,5.0,edmonds_canopy_mask_2020.tif,287816390,,true,a359c743b0b1,manifest,37a5d2d74a32,706,3.13.15,--year 2020 --step tile --infer-batch 32 --run-tag bb50_2020_base --force-citywide --encoder resnet50 --no-hillshade --sample-manifest /content/drive/MyDrive/treedata/phase4/qc/sample_tiles_2020.csv,1
20260909T150638Z_2020_bb50_2020_base_train,20260909T150638Z,2026-09-09,train,bb50_2020_base,2020,v048,4ca40c424524,false,work/20260906-healing-tool,NVIDIA A100-SXM4-40GB,40.0,unet,resnet50,3,42,42,false,2020_coe_rgb.tif,5.0,edmonds_canopy_mask_2020.tif,287816390,,true,a359c743b0b1,inferred_current,37a5d2d74a32,706,3.13.15,--year 2020 --step train --infer-batch 32 --run-tag bb50_2020_base --force-citywide --encoder resnet50 --no-hillshade --sample-manifest /content/drive/MyDrive/treedata/phase4/qc/sample_tiles_2020.csv,0
20260909T161044Z_2020_base50_train,20260909T161044Z,2026-09-09,train,base50,2020,v048,9035b4bbb80e,false,work/20260906-healing-tool,NVIDIA A100-SXM4-40GB,40.0,unet,resnet50,3,42,42,false,2020_coe_rgb.tif,5.0,edmonds_canopy_mask_2020.tif,287816390,,false,523f021cba6b,manifest,03670cba7eeb,706,3.13.15,--year 2020 --step train --infer-batch 32 --run-tag base50 --encoder resnet50 --no-hillshade,1
20260909T161154Z_2020_base18_train,20260909T161154Z,2026-09-09,train,base18,2020,v048,9035b4bbb80e,false,work/20260906-healing-tool,NVIDIA A100-SXM4-40GB,40.0,unet,resnet18,3,42,42,false,2020_coe_rgb.tif,5.0,edmonds_canopy_mask_2020.tif,287816390,,false,523f021cba6b,manifest,03670cba7eeb,706,3.13.15,--year 2020 --step train --infer-batch 32 --run-tag base18 --encoder resnet18 --no-hillshade,1
20260909T165555Z_2020_base18_evaluate,20260909T165555Z,2026-09-09,evaluate,base18,2020,v048,9035b4bbb80e,false,work/20260906-healing-tool,NVIDIA A100-SXM4-40GB,40.0,unet,resnet18,3,42,42,false,2020_coe_rgb.tif,5.0,edmonds_canopy_mask_2020.tif,287816390,,false,523f021cba6b,manifest,03670cba7eeb,706,3.13.15,--year 2020 --step evaluate --infer-batch 32 --run-tag base18 --encoder resnet18 --no-hillshade,1
