run_id,year,run_tag,step,label,seconds,bytes,mb_per_s,log_file
,2009,nodec_s2024,inference,stage 2009_king_rgb.tif,164.5,3000263130,18.24,phase4_semantic_finetune_inference_2009_2026-08-29T16-04.log
,2006s,sectors_v1,tile,stage 2006_snoh_1m_rgb.tif,1.4,218544136,156.10,phase4_semantic_finetune_tile_2006s_2026-08-25T05-48.log
,2006s,sectors_v1,tile,stage edmonds_canopy_mask_2020.tif,3.3,287816390,87.22,phase4_semantic_finetune_tile_2006s_2026-08-25T05-48.log
,2011s,t1_2011s_base_s3,train,stage tiles 2011s,246.1,,,phase4_semantic_finetune_train_2011s_2026-09-02T12-38.log
,2011s,t1_2011s_base_s3,train,copy sem_best_2011s_t1_2011s_base_s3.pt,1.8,1113211481,618.45,phase4_semantic_finetune_train_2011s_2026-09-02T12-38.log
,2011s,t1_2011s_base_s3,train,copy sem_best_2011s_t1_2011s_base_s3.pt,1.8,1113211481,618.45,phase4_semantic_finetune_train_2011s_2026-09-02T12-38.log
,2011s,t1_2011s_base_s3,train,copy sem_best_2011s_t1_2011s_base_s3.pt,1.9,1113211481,585.90,phase4_semantic_finetune_train_2011s_2026-09-02T12-38.log
,2011s,t1_2011s_base_s3,train,copy sem_best_2011s_t1_2011s_base_s3.pt,1.8,1113211481,618.45,phase4_semantic_finetune_train_2011s_2026-09-02T12-38.log
,2011s,t1_2011s_base_s3,train,copy sem_latest_2011s_t1_2011s_base_s3.pt,1.8,1113214609,618.45,phase4_semantic_finetune_train_2011s_2026-09-02T12-38.log
,2011s,t1_2011s_base_s3,train,copy sem_best_2011s_t1_2011s_base_s3.pt,1.7,1113211481,654.83,phase4_semantic_finetune_train_2011s_2026-09-02T12-38.log
,2011s,t1_2011s_base_s3,train,copy sem_best_2011s_t1_2011s_base_s3.pt,1.7,1113211481,654.83,phase4_semantic_finetune_train_2011s_2026-09-02T12-38.log
,2011s,t1_2011s_base_s3,train,copy sem_latest_2011s_t1_2011s_base_s3.pt,1.8,1113214609,618.45,phase4_semantic_finetune_train_2011s_2026-09-02T12-38.log
,2011s,t1_2011s_base_s3,train,copy sem_best_2011s_t1_2011s_base_s3.pt,1.9,1113211481,585.90,phase4_semantic_finetune_train_2011s_2026-09-02T12-38.log
,2011s,t1_2011s_base_s3,train,copy sem_best_2011s_t1_2011s_base_s3.pt,1.5,1113211481,742.14,phase4_semantic_finetune_train_2011s_2026-09-02T12-38.log
,2011s,t1_2011s_base_s3,train,copy sem_latest_2011s_t1_2011s_base_s3.pt,1.7,1113214609,654.83,phase4_semantic_finetune_train_2011s_2026-09-02T12-38.log
,2011s,t1_2011s_base_s3,train,copy sem_best_2011s_t1_2011s_base_s3.pt,1.6,1113211481,695.76,phase4_semantic_finetune_train_2011s_2026-09-02T12-38.log
,2011s,t1_2011s_base_s3,train,copy sem_best_2011s_t1_2011s_base_s3.pt,1.6,1113211481,695.76,phase4_semantic_finetune_train_2011s_2026-09-02T12-38.log
,2011s,t1_2011s_base_s3,train,copy sem_latest_2011s_t1_2011s_base_s3.pt,1.6,1113214609,695.76,phase4_semantic_finetune_train_2011s_2026-09-02T12-38.log
,2011s,t1_2011s_base_s3,train,copy sem_best_2011s_t1_2011s_base_s3.pt,2.3,1113211481,484.00,phase4_semantic_finetune_train_2011s_2026-09-02T12-38.log
,2011s,t1_2011s_base_s3,train,copy sem_latest_2011s_t1_2011s_base_s3.pt,2.7,1113214609,412.30,phase4_semantic_finetune_train_2011s_2026-09-02T12-38.log
,2011s,t1_2011s_base_s3,train,copy sem_latest_2011s_t1_2011s_base_s3.pt,2.3,1113214609,484.01,phase4_semantic_finetune_train_2011s_2026-09-02T12-38.log
,2011s,t1_2011s_base_s3,train,copy sem_best_2011s_t1_2011s_base_s3.pt,2.4,1113211481,463.84,phase4_semantic_finetune_train_2011s_2026-09-02T12-38.log
,2011s,t1_2011s_base_s3,train,copy sem_latest_2011s_t1_2011s_base_s3.pt,2.4,1113214609,463.84,phase4_semantic_finetune_train_2011s_2026-09-02T12-38.log
,2011s,t1_2011s_add16,train,stage tiles 2011s,81.5,,,phase4_semantic_finetune_train_2011s_2026-09-02T13-32.log
,2011s,t1_2011s_add16,train,copy sem_best_2011s_t1_2011s_add16.pt,1.9,772910435,406.79,phase4_semantic_finetune_train_2011s_2026-09-02T13-32.log
,2011s,t1_2011s_add16,train,copy sem_best_2011s_t1_2011s_add16.pt,1.8,772910435,429.39,phase4_semantic_finetune_train_2011s_2026-09-02T13-32.log
,2011s,t1_2011s_add16,train,copy sem_best_2011s_t1_2011s_add16.pt,1.7,772910435,454.65,phase4_semantic_finetune_train_2011s_2026-09-02T13-32.log
,2011s,t1_2011s_add16,train,copy sem_best_2011s_t1_2011s_add16.pt,1.8,772910435,429.39,phase4_semantic_finetune_train_2011s_2026-09-02T13-32.log
,2011s,t1_2011s_add16,train,copy sem_best_2011s_t1_2011s_add16.pt,1.6,772910435,483.07,phase4_semantic_finetune_train_2011s_2026-09-02T13-32.log
,2011s,t1_2011s_add16,train,copy sem_latest_2011s_t1_2011s_add16.pt,1.7,772911819,454.65,phase4_semantic_finetune_train_2011s_2026-09-02T13-32.log
,2011s,t1_2011s_add16,train,copy sem_best_2011s_t1_2011s_add16.pt,1.8,772910435,429.39,phase4_semantic_finetune_train_2011s_2026-09-02T13-32.log
,2011s,t1_2011s_add16,train,copy sem_best_2011s_t1_2011s_add16.pt,1.7,772910435,454.65,phase4_semantic_finetune_train_2011s_2026-09-02T13-32.log
,2011s,t1_2011s_add16,train,copy sem_best_2011s_t1_2011s_add16.pt,1.6,772910435,483.07,phase4_semantic_finetune_train_2011s_2026-09-02T13-32.log
,2011s,t1_2011s_add16,train,copy sem_latest_2011s_t1_2011s_add16.pt,1.8,772911819,429.40,phase4_semantic_finetune_train_2011s_2026-09-02T13-32.log
,2011s,t1_2011s_add16,train,copy sem_best_2011s_t1_2011s_add16.pt,1.6,772910435,483.07,phase4_semantic_finetune_train_2011s_2026-09-02T13-32.log
,2011s,t1_2011s_add16,train,copy sem_best_2011s_t1_2011s_add16.pt,1.7,772910435,454.65,phase4_semantic_finetune_train_2011s_2026-09-02T13-32.log
,2011s,t1_2011s_add16,train,copy sem_latest_2011s_t1_2011s_add16.pt,1.6,772911819,483.07,phase4_semantic_finetune_train_2011s_2026-09-02T13-32.log
,2011s,t1_2011s_add16,train,copy sem_best_2011s_t1_2011s_add16.pt,1.6,772910435,483.07,phase4_semantic_finetune_train_2011s_2026-09-02T13-32.log
,2011s,t1_2011s_add16,train,copy sem_best_2011s_t1_2011s_add16.pt,1.9,772910435,406.79,phase4_semantic_finetune_train_2011s_2026-09-02T13-32.log
,2011s,t1_2011s_add16,train,copy sem_latest_2011s_t1_2011s_add16.pt,1.5,772911819,515.27,phase4_semantic_finetune_train_2011s_2026-09-02T13-32.log
,2011s,t1_2011s_in16,train,stage tiles 2011s,251.4,,,phase4_semantic_finetune_train_2011s_2026-09-02T14-59.log
,2011s,t1_2011s_in16,train,copy sem_best_2011s_t1_2011s_in16.pt,1.6,1113243877,695.78,phase4_semantic_finetune_train_2011s_2026-09-02T14-59.log
,2011s,t1_2011s_in16,train,copy sem_best_2011s_t1_2011s_in16.pt,1.7,1113243877,654.85,phase4_semantic_finetune_train_2011s_2026-09-02T14-59.log
,2011s,t1_2011s_in16,train,copy sem_best_2011s_t1_2011s_in16.pt,1.7,1113243877,654.85,phase4_semantic_finetune_train_2011s_2026-09-02T14-59.log
,2011s,t1_2011s_in16,train,copy sem_best_2011s_t1_2011s_in16.pt,1.8,1113243877,618.47,phase4_semantic_finetune_train_2011s_2026-09-02T14-59.log
,2011s,t1_2011s_in16,train,copy sem_best_2011s_t1_2011s_in16.pt,1.8,1113243877,618.47,phase4_semantic_finetune_train_2011s_2026-09-02T14-59.log
,2011s,t1_2011s_in16,train,copy sem_latest_2011s_t1_2011s_in16.pt,2.6,1113247069,428.17,phase4_semantic_finetune_train_2011s_2026-09-02T14-59.log
,2011s,t1_2011s_in16,train,copy sem_best_2011s_t1_2011s_in16.pt,1.8,1113243877,618.47,phase4_semantic_finetune_train_2011s_2026-09-02T14-59.log
,2011s,t1_2011s_in16,train,copy sem_best_2011s_t1_2011s_in16.pt,3.8,1113243877,292.96,phase4_semantic_finetune_train_2011s_2026-09-02T14-59.log
,2011s,t1_2011s_in16,train,copy sem_best_2011s_t1_2011s_in16.pt,1.7,1113243877,654.85,phase4_semantic_finetune_train_2011s_2026-09-02T14-59.log
,2011s,t1_2011s_in16,train,copy sem_latest_2011s_t1_2011s_in16.pt,1.6,1113247069,695.78,phase4_semantic_finetune_train_2011s_2026-09-02T14-59.log
,2011s,t1_2011s_in16,train,copy sem_best_2011s_t1_2011s_in16.pt,1.9,1113243877,585.92,phase4_semantic_finetune_train_2011s_2026-09-02T14-59.log
,2011s,t1_2011s_in16,train,copy sem_best_2011s_t1_2011s_in16.pt,2.5,1113243877,445.30,phase4_semantic_finetune_train_2011s_2026-09-02T14-59.log
,2011s,t1_2011s_in16,train,copy sem_latest_2011s_t1_2011s_in16.pt,1.8,1113247069,618.47,phase4_semantic_finetune_train_2011s_2026-09-02T14-59.log
,2011s,t1_2011s_in16,train,copy sem_best_2011s_t1_2011s_in16.pt,1.7,1113243877,654.85,phase4_semantic_finetune_train_2011s_2026-09-02T14-59.log
,2011s,t1_2011s_in16,train,copy sem_best_2011s_t1_2011s_in16.pt,1.9,1113243877,585.92,phase4_semantic_finetune_train_2011s_2026-09-02T14-59.log
,2011s,t1_2011s_in16,train,copy sem_latest_2011s_t1_2011s_in16.pt,1.6,1113247069,695.78,phase4_semantic_finetune_train_2011s_2026-09-02T14-59.log
,2011s,t1_2011s_in16,train,copy sem_best_2011s_t1_2011s_in16.pt,2.3,1113243877,484.02,phase4_semantic_finetune_train_2011s_2026-09-02T14-59.log
,2011s,t1_2011s_in16,train,copy sem_latest_2011s_t1_2011s_in16.pt,2.4,1113247069,463.85,phase4_semantic_finetune_train_2011s_2026-09-02T14-59.log
,2011s,t1_2011s_in16,train,copy sem_best_2011s_t1_2011s_in16.pt,2.8,1113243877,397.59,phase4_semantic_finetune_train_2011s_2026-09-02T14-59.log
,2011s,t1_2011s_in16,train,copy sem_latest_2011s_t1_2011s_in16.pt,2.3,1113247069,484.02,phase4_semantic_finetune_train_2011s_2026-09-02T14-59.log
,2011s,t1_2011s_in16,train,copy sem_best_2011s_t1_2011s_in16.pt,2.2,1113243877,506.02,phase4_semantic_finetune_train_2011s_2026-09-02T14-59.log
,2011s,t1_2011s_in16,train,copy sem_best_2011s_t1_2011s_in16.pt,2.4,1113243877,463.85,phase4_semantic_finetune_train_2011s_2026-09-02T14-59.log
,2011s,t1_2011s_in16,train,copy sem_latest_2011s_t1_2011s_in16.pt,2.5,1113247069,445.30,phase4_semantic_finetune_train_2011s_2026-09-02T14-59.log
,2016,t1_2016_base,train,stage tiles 2016,480.3,,,phase4_semantic_finetune_train_2016_2026-09-02T15-19.log
,2016,t1_2016_base,train,copy sem_best_2016_t1_2016_base.pt,1.8,772907559,429.39,phase4_semantic_finetune_train_2016_2026-09-02T15-19.log
,2016,t1_2016_base,train,copy sem_best_2016_t1_2016_base.pt,1.9,772907559,406.79,phase4_semantic_finetune_train_2016_2026-09-02T15-19.log
,2016,t1_2016_base,train,copy sem_best_2016_t1_2016_base.pt,1.8,772907559,429.39,phase4_semantic_finetune_train_2016_2026-09-02T15-19.log
,2016,t1_2016_base,train,copy sem_best_2016_t1_2016_base.pt,1.6,772907559,483.07,phase4_semantic_finetune_train_2016_2026-09-02T15-19.log
,2016,t1_2016_base,train,copy sem_latest_2016_t1_2016_base.pt,1.9,772908879,406.79,phase4_semantic_finetune_train_2016_2026-09-02T15-19.log
,2016,t1_2016_base,train,copy sem_best_2016_t1_2016_base.pt,1.8,772907559,429.39,phase4_semantic_finetune_train_2016_2026-09-02T15-19.log
,2016,t1_2016_base,train,copy sem_best_2016_t1_2016_base.pt,1.7,772907559,454.65,phase4_semantic_finetune_train_2016_2026-09-02T15-19.log
,2016,t1_2016_base,train,copy sem_best_2016_t1_2016_base.pt,1.8,772907559,429.39,phase4_semantic_finetune_train_2016_2026-09-02T15-19.log
,2016,t1_2016_base,train,copy sem_best_2016_t1_2016_base.pt,1.6,772907559,483.07,phase4_semantic_finetune_train_2016_2026-09-02T15-19.log
,2016,t1_2016_base,train,copy sem_latest_2016_t1_2016_base.pt,1.7,772908879,454.65,phase4_semantic_finetune_train_2016_2026-09-02T15-19.log
,2020,t1_2020_add16,train,stage tiles 2020,241.3,,,phase4_semantic_finetune_train_2020_2026-09-02T16-52.log
,2020,t1_2020_add16,train,copy sem_best_2020_t1_2020_add16.pt,1.8,772908667,429.39,phase4_semantic_finetune_train_2020_2026-09-02T16-52.log
,2020,t1_2020_add16,train,copy sem_best_2020_t1_2020_add16.pt,1.6,772908667,483.07,phase4_semantic_finetune_train_2020_2026-09-02T16-52.log
,2020,t1_2020_add16,train,copy sem_best_2020_t1_2020_add16.pt,1.6,772908667,483.07,phase4_semantic_finetune_train_2020_2026-09-02T16-52.log
,2020,t1_2020_add16,train,copy sem_latest_2020_t1_2020_add16.pt,1.8,772909923,429.39,phase4_semantic_finetune_train_2020_2026-09-02T16-52.log
,2020,t1_2020_add16,train,copy sem_best_2020_t1_2020_add16.pt,1.8,772908667,429.39,phase4_semantic_finetune_train_2020_2026-09-02T16-52.log
,2020,t1_2020_add16,train,copy sem_best_2020_t1_2020_add16.pt,1.7,772908667,454.65,phase4_semantic_finetune_train_2020_2026-09-02T16-52.log
,2020,t1_2020_add16,train,copy sem_best_2020_t1_2020_add16.pt,1.8,772908667,429.39,phase4_semantic_finetune_train_2020_2026-09-02T16-52.log
,2020,t1_2020_add16,train,copy sem_latest_2020_t1_2020_add16.pt,1.6,772909923,483.07,phase4_semantic_finetune_train_2020_2026-09-02T16-52.log
,2020,t1_2020_add16,train,copy sem_best_2020_t1_2020_add16.pt,1.6,772908667,483.07,phase4_semantic_finetune_train_2020_2026-09-02T16-52.log
,2020,t1_2020_add16,train,copy sem_best_2020_t1_2020_add16.pt,1.7,772908667,454.65,phase4_semantic_finetune_train_2020_2026-09-02T16-52.log
,2020,t1_2020_add16,train,copy sem_best_2020_t1_2020_add16.pt,1.6,772908667,483.07,phase4_semantic_finetune_train_2020_2026-09-02T16-52.log
,2020,t1_2020_add16,train,copy sem_latest_2020_t1_2020_add16.pt,1.6,772909923,483.07,phase4_semantic_finetune_train_2020_2026-09-02T16-52.log
,2021s,noise_r2,train,copy sem_best_2021s_noise_r2.pt,1.7,1113218081,654.83,phase4_semantic_finetune_train_2021s_2026-08-26T17-22.log
,2021s,noise_r2,train,copy sem_best_2021s_noise_r2.pt,1.9,1113218081,585.90,phase4_semantic_finetune_train_2021s_2026-08-26T17-22.log
,2021s,noise_r2,train,copy sem_best_2021s_noise_r2.pt,23.6,1113218081,47.17,phase4_semantic_finetune_train_2021s_2026-08-26T17-22.log
,2021s,noise_r2,train,copy sem_best_2021s_noise_r2.pt,2.8,1113218081,397.58,phase4_semantic_finetune_train_2021s_2026-08-26T17-22.log
,2021s,noise_r2,train,copy sem_latest_2021s_noise_r2.pt,1.6,1113221593,695.76,phase4_semantic_finetune_train_2021s_2026-08-26T17-22.log
,2021s,noise_r2,train,copy sem_best_2021s_noise_r2.pt,5.7,1113218081,195.30,phase4_semantic_finetune_train_2021s_2026-08-26T17-22.log
,2021s,noise_r2,train,copy sem_best_2021s_noise_r2.pt,10.3,1113218081,108.08,phase4_semantic_finetune_train_2021s_2026-08-26T17-22.log
,2021s,noise_r2,train,copy sem_best_2021s_noise_r2.pt,95.4,1113218081,11.67,phase4_semantic_finetune_train_2021s_2026-08-26T17-22.log
,2021s,noise_r2,train,copy sem_latest_2021s_noise_r2.pt,4.0,1113221593,278.31,phase4_semantic_finetune_train_2021s_2026-08-26T17-22.log
,2021s,noise_r2,train,copy sem_best_2021s_noise_r2.pt,71.9,1113218081,15.48,phase4_semantic_finetune_train_2021s_2026-08-26T17-22.log
,2021s,noise_r2,train,copy sem_best_2021s_noise_r2.pt,4.8,1113218081,231.92,phase4_semantic_finetune_train_2021s_2026-08-26T17-22.log
,2021s,noise_r2,train,copy sem_latest_2021s_noise_r2.pt,28.8,1113221593,38.65,phase4_semantic_finetune_train_2021s_2026-08-26T17-22.log
,2021s,noise_r2,train,copy sem_latest_2021s_noise_r2.pt,3.2,1113221593,347.88,phase4_semantic_finetune_train_2021s_2026-08-26T17-22.log
,2021s,noise_r2,train,copy sem_latest_2021s_noise_r2.pt,115.6,1113221593,9.63,phase4_semantic_finetune_train_2021s_2026-08-26T17-22.log
,2021s,noise_r2,train,copy sem_best_2021s_noise_r2.pt,4.5,1113218081,247.38,phase4_semantic_finetune_train_2021s_2026-08-26T17-22.log
,2021s,noise_r2,train,copy sem_best_2021s_noise_r2.pt,4.0,1113218081,278.30,phase4_semantic_finetune_train_2021s_2026-08-26T17-22.log
,2021s,noise_r2,train,copy sem_latest_2021s_noise_r2.pt,3.3,1113221593,337.34,phase4_semantic_finetune_train_2021s_2026-08-26T17-22.log
,2021s,noise_r2,train,copy sem_best_2021s_noise_r2.pt,41.8,1113218081,26.63,phase4_semantic_finetune_train_2021s_2026-08-26T17-22.log
,2021s,noise_r2,train,copy sem_best_2021s_noise_r2.pt,69.2,1113218081,16.09,phase4_semantic_finetune_train_2021s_2026-08-26T17-22.log
,2021s,noise_r2,train,copy sem_latest_2021s_noise_r2.pt,4.3,1113221593,258.89,phase4_semantic_finetune_train_2021s_2026-08-26T17-22.log
,2021s,noise_r2,train,copy sem_best_2021s_noise_r2.pt,7.0,1113218081,159.03,phase4_semantic_finetune_train_2021s_2026-08-26T17-22.log
,2021s,noise_r2,train,copy sem_latest_2021s_noise_r2.pt,15.2,1113221593,73.24,phase4_semantic_finetune_train_2021s_2026-08-26T17-22.log
,2021s,noise_r2,train,copy sem_best_2021s_noise_r2.pt,59.6,1113218081,18.68,phase4_semantic_finetune_train_2021s_2026-08-26T17-22.log
20260822T160331Z_2019_citywide_rgb_tile,2019,citywide_rgb,tile,stage 2019_king_rgb.tif,142.5,11654003682,81.78,phase4_semantic_finetune_tile_2019_2026-08-22T16-18.log
20260822T160331Z_2019_citywide_rgb_tile,2019,citywide_rgb,tile,stage edmonds_canopy_mask_2020.tif,4.2,287816390,68.53,phase4_semantic_finetune_tile_2019_2026-08-22T16-18.log
20260822T160331Z_2019_citywide_rgb_tile,2019,citywide_rgb,tile,stage lidar_snoh_chm.tif,1.7,75698441,44.53,phase4_semantic_finetune_tile_2019_2026-08-22T16-18.log
20260822T161804Z_2019_citywide_rgb_train,2019,citywide_rgb,train,stage tiles 2019,322.3,,,phase4_semantic_finetune_train_2019_2026-08-22T16-49.log
20260822T161804Z_2019_citywide_rgb_train,2019,citywide_rgb,train,copy sem_best_2019_citywide_rgb.pt,2.4,1113223253,463.84,phase4_semantic_finetune_train_2019_2026-08-22T16-49.log
20260822T161804Z_2019_citywide_rgb_train,2019,citywide_rgb,train,copy sem_best_2019_citywide_rgb.pt,2.0,1113223253,556.61,phase4_semantic_finetune_train_2019_2026-08-22T16-49.log
20260822T161804Z_2019_citywide_rgb_train,2019,citywide_rgb,train,copy sem_best_2019_citywide_rgb.pt,3.8,1113223253,292.95,phase4_semantic_finetune_train_2019_2026-08-22T16-49.log
20260822T161804Z_2019_citywide_rgb_train,2019,citywide_rgb,train,copy sem_latest_2019_citywide_rgb.pt,33.3,1113226765,33.43,phase4_semantic_finetune_train_2019_2026-08-22T16-49.log
20260822T161804Z_2019_citywide_rgb_train,2019,citywide_rgb,train,copy sem_best_2019_citywide_rgb.pt,2.3,1113223253,484.01,phase4_semantic_finetune_train_2019_2026-08-22T16-49.log
20260822T161804Z_2019_citywide_rgb_train,2019,citywide_rgb,train,copy sem_best_2019_citywide_rgb.pt,15.9,1113223253,70.01,phase4_semantic_finetune_train_2019_2026-08-22T16-49.log
20260822T161804Z_2019_citywide_rgb_train,2019,citywide_rgb,train,copy sem_best_2019_citywide_rgb.pt,1.9,1113223253,585.91,phase4_semantic_finetune_train_2019_2026-08-22T16-49.log
20260822T161804Z_2019_citywide_rgb_train,2019,citywide_rgb,train,copy sem_latest_2019_citywide_rgb.pt,5.9,1113226765,188.68,phase4_semantic_finetune_train_2019_2026-08-22T16-49.log
20260822T161804Z_2019_citywide_rgb_train,2019,citywide_rgb,train,copy sem_best_2019_citywide_rgb.pt,31.9,1113223253,34.90,phase4_semantic_finetune_train_2019_2026-08-22T16-49.log
20260822T161804Z_2019_citywide_rgb_train,2019,citywide_rgb,train,copy sem_best_2019_citywide_rgb.pt,2.0,1113223253,556.61,phase4_semantic_finetune_train_2019_2026-08-22T16-49.log
20260822T161804Z_2019_citywide_rgb_train,2019,citywide_rgb,train,copy sem_latest_2019_citywide_rgb.pt,2.4,1113226765,463.84,phase4_semantic_finetune_train_2019_2026-08-22T16-49.log
20260822T161804Z_2019_citywide_rgb_train,2019,citywide_rgb,train,copy sem_best_2019_citywide_rgb.pt,19.2,1113223253,57.98,phase4_semantic_finetune_train_2019_2026-08-22T16-49.log
20260822T161804Z_2019_citywide_rgb_train,2019,citywide_rgb,train,copy sem_best_2019_citywide_rgb.pt,3.4,1113223253,327.42,phase4_semantic_finetune_train_2019_2026-08-22T16-49.log
20260822T161804Z_2019_citywide_rgb_train,2019,citywide_rgb,train,copy sem_latest_2019_citywide_rgb.pt,2.0,1113226765,556.61,phase4_semantic_finetune_train_2019_2026-08-22T16-49.log
20260822T161804Z_2019_citywide_rgb_train,2019,citywide_rgb,train,copy sem_best_2019_citywide_rgb.pt,3.1,1113223253,359.10,phase4_semantic_finetune_train_2019_2026-08-22T16-49.log
20260822T161804Z_2019_citywide_rgb_train,2019,citywide_rgb,train,copy sem_best_2019_citywide_rgb.pt,3.9,1113223253,285.44,phase4_semantic_finetune_train_2019_2026-08-22T16-49.log
20260822T161804Z_2019_citywide_rgb_train,2019,citywide_rgb,train,copy sem_latest_2019_citywide_rgb.pt,2.9,1113226765,383.87,phase4_semantic_finetune_train_2019_2026-08-22T16-49.log
20260822T161804Z_2019_citywide_rgb_train,2019,citywide_rgb,train,copy sem_best_2019_citywide_rgb.pt,28.0,1113223253,39.76,phase4_semantic_finetune_train_2019_2026-08-22T16-49.log
20260822T161804Z_2019_citywide_rgb_train,2019,citywide_rgb,train,copy sem_best_2019_citywide_rgb.pt,3.2,1113223253,347.88,phase4_semantic_finetune_train_2019_2026-08-22T16-49.log
20260822T161804Z_2019_citywide_rgb_train,2019,citywide_rgb,train,copy sem_latest_2019_citywide_rgb.pt,29.6,1113226765,37.61,phase4_semantic_finetune_train_2019_2026-08-22T16-49.log
20260822T161804Z_2019_citywide_rgb_train,2019,citywide_rgb,train,copy sem_latest_2019_citywide_rgb.pt,3.0,1113226765,371.08,phase4_semantic_finetune_train_2019_2026-08-22T16-49.log
20260822T161804Z_2019_citywide_rgb_train,2019,citywide_rgb,train,copy sem_best_2019_citywide_rgb.pt,2.9,1113223253,383.87,phase4_semantic_finetune_train_2019_2026-08-22T16-49.log
20260822T161804Z_2019_citywide_rgb_train,2019,citywide_rgb,train,copy sem_latest_2019_citywide_rgb.pt,6.5,1113226765,171.27,phase4_semantic_finetune_train_2019_2026-08-22T16-49.log
20260822T161804Z_2019_citywide_rgb_train,2019,citywide_rgb,train,copy sem_latest_2019_citywide_rgb.pt,2.9,1113226765,383.87,phase4_semantic_finetune_train_2019_2026-08-22T16-49.log
20260822T161804Z_2019_citywide_rgb_train,2019,citywide_rgb,train,copy sem_best_2019_citywide_rgb.pt,23.6,1113223253,47.17,phase4_semantic_finetune_train_2019_2026-08-22T16-49.log
20260822T161804Z_2019_citywide_rgb_train,2019,citywide_rgb,train,copy sem_latest_2019_citywide_rgb.pt,7.4,1113226765,150.44,phase4_semantic_finetune_train_2019_2026-08-22T16-49.log
20260822T175645Z_2022_citywide_rgb_tile,2022,citywide_rgb,tile,stage 2022_coe_rgb.tif,647.7,25232875267,38.96,phase4_semantic_finetune_tile_2022_2026-08-22T18-15.log
20260822T175645Z_2022_citywide_rgb_tile,2022,citywide_rgb,tile,stage edmonds_canopy_mask_2020.tif,7.1,287816390,40.54,phase4_semantic_finetune_tile_2022_2026-08-22T18-15.log
20260822T181532Z_2022_citywide_rgb_train,2022,citywide_rgb,train,stage tiles 2022,535.3,,,phase4_semantic_finetune_train_2022_2026-08-22T18-49.log
20260822T181532Z_2022_citywide_rgb_train,2022,citywide_rgb,train,copy sem_best_2022_citywide_rgb.pt,2.2,1113223061,506.01,phase4_semantic_finetune_train_2022_2026-08-22T18-49.log
20260822T181532Z_2022_citywide_rgb_train,2022,citywide_rgb,train,copy sem_best_2022_citywide_rgb.pt,1.8,1113223061,618.46,phase4_semantic_finetune_train_2022_2026-08-22T18-49.log
20260822T181532Z_2022_citywide_rgb_train,2022,citywide_rgb,train,copy sem_best_2022_citywide_rgb.pt,16.7,1113223061,66.66,phase4_semantic_finetune_train_2022_2026-08-22T18-49.log
20260822T181532Z_2022_citywide_rgb_train,2022,citywide_rgb,train,copy sem_latest_2022_citywide_rgb.pt,6.2,1113226765,179.55,phase4_semantic_finetune_train_2022_2026-08-22T18-49.log
20260822T181532Z_2022_citywide_rgb_train,2022,citywide_rgb,train,copy sem_best_2022_citywide_rgb.pt,7.7,1113223061,144.57,phase4_semantic_finetune_train_2022_2026-08-22T18-49.log
20260822T181532Z_2022_citywide_rgb_train,2022,citywide_rgb,train,copy sem_best_2022_citywide_rgb.pt,16.4,1113223061,67.88,phase4_semantic_finetune_train_2022_2026-08-22T18-49.log
20260822T181532Z_2022_citywide_rgb_train,2022,citywide_rgb,train,copy sem_best_2022_citywide_rgb.pt,15.4,1113223061,72.29,phase4_semantic_finetune_train_2022_2026-08-22T18-49.log
20260822T181532Z_2022_citywide_rgb_train,2022,citywide_rgb,train,copy sem_latest_2022_citywide_rgb.pt,4.3,1113226765,258.89,phase4_semantic_finetune_train_2022_2026-08-22T18-49.log
20260822T181532Z_2022_citywide_rgb_train,2022,citywide_rgb,train,copy sem_best_2022_citywide_rgb.pt,2.1,1113223061,530.11,phase4_semantic_finetune_train_2022_2026-08-22T18-49.log
20260822T181532Z_2022_citywide_rgb_train,2022,citywide_rgb,train,copy sem_latest_2022_citywide_rgb.pt,16.2,1113226765,68.72,phase4_semantic_finetune_train_2022_2026-08-22T18-49.log
20260822T181532Z_2022_citywide_rgb_train,2022,citywide_rgb,train,copy sem_best_2022_citywide_rgb.pt,1.8,1113223061,618.46,phase4_semantic_finetune_train_2022_2026-08-22T18-49.log
20260822T181532Z_2022_citywide_rgb_train,2022,citywide_rgb,train,copy sem_best_2022_citywide_rgb.pt,11.6,1113223061,95.97,phase4_semantic_finetune_train_2022_2026-08-22T18-49.log
20260822T181532Z_2022_citywide_rgb_train,2022,citywide_rgb,train,copy sem_latest_2022_citywide_rgb.pt,5.3,1113226765,210.04,phase4_semantic_finetune_train_2022_2026-08-22T18-49.log
20260822T181532Z_2022_citywide_rgb_train,2022,citywide_rgb,train,copy sem_latest_2022_citywide_rgb.pt,2.7,1113226765,412.31,phase4_semantic_finetune_train_2022_2026-08-22T18-49.log
20260822T181532Z_2022_citywide_rgb_train,2022,citywide_rgb,train,copy sem_latest_2022_citywide_rgb.pt,5.4,1113226765,206.15,phase4_semantic_finetune_train_2022_2026-08-22T18-49.log
20260822T181532Z_2022_citywide_rgb_train,2022,citywide_rgb,train,copy sem_best_2022_citywide_rgb.pt,24.5,1113223061,45.44,phase4_semantic_finetune_train_2022_2026-08-22T18-49.log
20260822T181532Z_2022_citywide_rgb_train,2022,citywide_rgb,train,copy sem_latest_2022_citywide_rgb.pt,2.8,1113226765,397.58,phase4_semantic_finetune_train_2022_2026-08-22T18-49.log
20260822T181532Z_2022_citywide_rgb_train,2022,citywide_rgb,train,copy sem_best_2022_citywide_rgb.pt,2.7,1113223061,412.30,phase4_semantic_finetune_train_2022_2026-08-22T18-49.log
20260822T181532Z_2022_citywide_rgb_train,2022,citywide_rgb,train,copy sem_best_2022_citywide_rgb.pt,20.7,1113223061,53.78,phase4_semantic_finetune_train_2022_2026-08-22T18-49.log
20260822T181532Z_2022_citywide_rgb_train,2022,citywide_rgb,train,copy sem_latest_2022_citywide_rgb.pt,17.4,1113226765,63.98,phase4_semantic_finetune_train_2022_2026-08-22T18-49.log
20260822T181532Z_2022_citywide_rgb_train,2022,citywide_rgb,train,copy sem_best_2022_citywide_rgb.pt,22.7,1113223061,49.04,phase4_semantic_finetune_train_2022_2026-08-22T18-49.log
20260822T181532Z_2022_citywide_rgb_train,2022,citywide_rgb,train,copy sem_latest_2022_citywide_rgb.pt,5.3,1113226765,210.04,phase4_semantic_finetune_train_2022_2026-08-22T18-49.log
20260822T181532Z_2022_citywide_rgb_train,2022,citywide_rgb,train,copy sem_latest_2022_citywide_rgb.pt,27.9,1113226765,39.90,phase4_semantic_finetune_train_2022_2026-08-22T18-49.log
20260822T185030Z_2022_citywide_rgb_inference,2022,citywide_rgb,inference,stage 2022_coe_rgb.tif,96.8,25232875267,260.67,phase4_semantic_finetune_inference_2022_2026-08-22T19-58.log
20260822T185030Z_2022_citywide_rgb_inference,2022,citywide_rgb,inference,inference,3892.9,,,phase4_semantic_finetune_inference_2022_2026-08-22T19-58.log
20260822T185030Z_2022_citywide_rgb_inference,2022,citywide_rgb,inference,copy edmonds_canopy_prob_2022_citywide_rgb.tif,10.3,3927127802,381.27,phase4_semantic_finetune_inference_2022_2026-08-22T19-58.log
20260822T193218Z_2024_citywide_rgb_inference,2024,citywide_rgb,inference,stage 2024_coe_rgb.tif,415.4,26944190060,64.86,phase4_semantic_finetune_inference_2024_2026-08-22T20-46.log
20260822T193218Z_2024_citywide_rgb_inference,2024,citywide_rgb,inference,stage lidar_snoh_chm.tif,2.1,75698441,36.05,phase4_semantic_finetune_inference_2024_2026-08-22T20-46.log
20260822T193218Z_2024_citywide_rgb_inference,2024,citywide_rgb,inference,inference,3878.1,,,phase4_semantic_finetune_inference_2024_2026-08-22T20-46.log
20260822T193218Z_2024_citywide_rgb_inference,2024,citywide_rgb,inference,copy edmonds_canopy_prob_2024_citywide_rgb.tif,12.7,4652489465,366.34,phase4_semantic_finetune_inference_2024_2026-08-22T20-46.log
20260822T200108Z_2019_citywide_rgb_inference,2019,citywide_rgb,inference,inference,1040.6,,,phase4_semantic_finetune_inference_2019_2026-08-22T20-19.log
20260822T200108Z_2019_citywide_rgb_inference,2019,citywide_rgb,inference,copy edmonds_canopy_prob_2019_citywide_rgb.tif,5.4,2289196772,423.93,phase4_semantic_finetune_inference_2019_2026-08-22T20-19.log
20260822T204614Z_2017_citywide_rgb_tile,2017,citywide_rgb,tile,stage 2017_coe_rgb.tif,768.6,48377405327,62.94,phase4_semantic_finetune_tile_2017_2026-08-22T21-21.log
20260822T204614Z_2017_citywide_rgb_tile,2017,citywide_rgb,tile,stage edmonds_canopy_mask_2020.tif,8.0,287816390,35.98,phase4_semantic_finetune_tile_2017_2026-08-22T21-21.log
20260822T212142Z_2017_citywide_rgb_train,2017,citywide_rgb,train,stage tiles 2017,613.5,,,phase4_semantic_finetune_train_2017_2026-08-22T22-01.log
20260822T212142Z_2017_citywide_rgb_train,2017,citywide_rgb,train,copy sem_best_2017_citywide_rgb.pt,2.0,1113222165,556.61,phase4_semantic_finetune_train_2017_2026-08-22T22-01.log
20260822T212142Z_2017_citywide_rgb_train,2017,citywide_rgb,train,copy sem_best_2017_citywide_rgb.pt,1.8,1113222165,618.46,phase4_semantic_finetune_train_2017_2026-08-22T22-01.log
20260822T212142Z_2017_citywide_rgb_train,2017,citywide_rgb,train,copy sem_best_2017_citywide_rgb.pt,15.0,1113222165,74.21,phase4_semantic_finetune_train_2017_2026-08-22T22-01.log
20260822T212142Z_2017_citywide_rgb_train,2017,citywide_rgb,train,copy sem_best_2017_citywide_rgb.pt,11.3,1113222165,98.52,phase4_semantic_finetune_train_2017_2026-08-22T22-01.log
20260822T212142Z_2017_citywide_rgb_train,2017,citywide_rgb,train,copy sem_latest_2017_citywide_rgb.pt,8.6,1113226317,129.44,phase4_semantic_finetune_train_2017_2026-08-22T22-01.log
20260822T212142Z_2017_citywide_rgb_train,2017,citywide_rgb,train,copy sem_best_2017_citywide_rgb.pt,1.9,1113222165,585.91,phase4_semantic_finetune_train_2017_2026-08-22T22-01.log
20260822T212142Z_2017_citywide_rgb_train,2017,citywide_rgb,train,copy sem_best_2017_citywide_rgb.pt,8.6,1113222165,129.44,phase4_semantic_finetune_train_2017_2026-08-22T22-01.log
20260822T212142Z_2017_citywide_rgb_train,2017,citywide_rgb,train,copy sem_best_2017_citywide_rgb.pt,12.1,1113222165,92.00,phase4_semantic_finetune_train_2017_2026-08-22T22-01.log
20260822T212142Z_2017_citywide_rgb_train,2017,citywide_rgb,train,copy sem_latest_2017_citywide_rgb.pt,2.1,1113226317,530.11,phase4_semantic_finetune_train_2017_2026-08-22T22-01.log
20260822T212142Z_2017_citywide_rgb_train,2017,citywide_rgb,train,copy sem_best_2017_citywide_rgb.pt,21.2,1113222165,52.51,phase4_semantic_finetune_train_2017_2026-08-22T22-01.log
20260822T212142Z_2017_citywide_rgb_train,2017,citywide_rgb,train,copy sem_latest_2017_citywide_rgb.pt,16.2,1113226317,68.72,phase4_semantic_finetune_train_2017_2026-08-22T22-01.log
20260822T212142Z_2017_citywide_rgb_train,2017,citywide_rgb,train,copy sem_best_2017_citywide_rgb.pt,2.1,1113222165,530.11,phase4_semantic_finetune_train_2017_2026-08-22T22-01.log
20260822T212142Z_2017_citywide_rgb_train,2017,citywide_rgb,train,copy sem_best_2017_citywide_rgb.pt,1.9,1113222165,585.91,phase4_semantic_finetune_train_2017_2026-08-22T22-01.log
20260822T212142Z_2017_citywide_rgb_train,2017,citywide_rgb,train,copy sem_latest_2017_citywide_rgb.pt,14.4,1113226317,77.31,phase4_semantic_finetune_train_2017_2026-08-22T22-01.log
20260822T212142Z_2017_citywide_rgb_train,2017,citywide_rgb,train,copy sem_latest_2017_citywide_rgb.pt,2.8,1113226317,397.58,phase4_semantic_finetune_train_2017_2026-08-22T22-01.log
20260822T212142Z_2017_citywide_rgb_train,2017,citywide_rgb,train,copy sem_best_2017_citywide_rgb.pt,6.8,1113222165,163.71,phase4_semantic_finetune_train_2017_2026-08-22T22-01.log
20260822T212142Z_2017_citywide_rgb_train,2017,citywide_rgb,train,copy sem_latest_2017_citywide_rgb.pt,4.3,1113226317,258.89,phase4_semantic_finetune_train_2017_2026-08-22T22-01.log
20260822T212142Z_2017_citywide_rgb_train,2017,citywide_rgb,train,copy sem_latest_2017_citywide_rgb.pt,3.2,1113226317,347.88,phase4_semantic_finetune_train_2017_2026-08-22T22-01.log
20260822T212142Z_2017_citywide_rgb_train,2017,citywide_rgb,train,copy sem_latest_2017_citywide_rgb.pt,2.9,1113226317,383.87,phase4_semantic_finetune_train_2017_2026-08-22T22-01.log
20260822T220231Z_2017_citywide_rgb_inference,2017,citywide_rgb,inference,stage 2017_coe_rgb.tif,689.1,48377405327,70.20,phase4_semantic_finetune_inference_2017_2026-08-22T23-23.log
20260822T220231Z_2017_citywide_rgb_inference,2017,citywide_rgb,inference,inference,4008.6,,,phase4_semantic_finetune_inference_2017_2026-08-22T23-23.log
20260822T220231Z_2017_citywide_rgb_inference,2017,citywide_rgb,inference,copy edmonds_canopy_prob_2017_citywide_rgb.tif,21.2,6718159741,316.89,phase4_semantic_finetune_inference_2017_2026-08-22T23-23.log
20260825T055000Z_2006s_sectors_v1_tile,2006s,sectors_v1,tile,stage 2006_snoh_1m_rgb.tif,0.2,218544136,1092.72,phase4_semantic_finetune_tile_2006s_2026-08-25T05-51.log
20260825T055000Z_2006s_sectors_v1_tile,2006s,sectors_v1,tile,stage edmonds_canopy_mask_2020.tif,0.3,287816390,959.39,phase4_semantic_finetune_tile_2006s_2026-08-25T05-51.log
20260825T055000Z_2006s_sectors_v1_tile,2006s,sectors_v1,tile,stage lidar_snoh_chm.tif,0.9,75698441,84.11,phase4_semantic_finetune_tile_2006s_2026-08-25T05-51.log
20260825T055324Z_2006s_sectors_v1_inference,2006s,sectors_v1,inference,stage 2006_snoh_1m_rgb.tif,0.2,218544136,1092.72,phase4_semantic_finetune_inference_2006s_2026-08-25T05-54.log
20260825T055324Z_2006s_sectors_v1_inference,2006s,sectors_v1,inference,inference,48.8,,,phase4_semantic_finetune_inference_2006s_2026-08-25T05-54.log
20260825T055324Z_2006s_sectors_v1_inference,2006s,sectors_v1,inference,copy edmonds_canopy_prob_2006s_sectors_v1.tif,0.0,8820860,,phase4_semantic_finetune_inference_2006s_2026-08-25T05-54.log
20260825T055437Z_2011s_sectors_v1_inference,2011s,sectors_v1,inference,stage 2011_snoh_1ft_rgb.tif,18.9,1987295246,105.15,phase4_semantic_finetune_inference_2011s_2026-08-25T05-57.log
20260825T055437Z_2011s_sectors_v1_inference,2011s,sectors_v1,inference,inference,61.9,,,phase4_semantic_finetune_inference_2011s_2026-08-25T05-57.log
20260825T055437Z_2011s_sectors_v1_inference,2011s,sectors_v1,inference,copy edmonds_canopy_prob_2011s_sectors_v1.tif,0.1,62109313,621.09,phase4_semantic_finetune_inference_2011s_2026-08-25T05-57.log
20260825T055718Z_2003s_sectors_v1_inference,2003s,sectors_v1,inference,stage 2003_snoh_1ft_rgb.tif,12.8,1501046192,117.27,phase4_semantic_finetune_inference_2003s_2026-08-25T05-59.log
20260825T055718Z_2003s_sectors_v1_inference,2003s,sectors_v1,inference,inference,61.4,,,phase4_semantic_finetune_inference_2003s_2026-08-25T05-59.log
20260825T055718Z_2003s_sectors_v1_inference,2003s,sectors_v1,inference,copy edmonds_canopy_prob_2003s_sectors_v1.tif,0.1,43643646,436.44,phase4_semantic_finetune_inference_2003s_2026-08-25T05-59.log
20260825T055952Z_2012s_sectors_v1_inference,2012s,sectors_v1,inference,stage 2012_snoh_9in_rgb.tif,31.2,3237421325,103.76,phase4_semantic_finetune_inference_2012s_2026-08-25T06-02.log
20260825T055952Z_2012s_sectors_v1_inference,2012s,sectors_v1,inference,inference,74.3,,,phase4_semantic_finetune_inference_2012s_2026-08-25T06-02.log
20260825T055952Z_2012s_sectors_v1_inference,2012s,sectors_v1,inference,copy edmonds_canopy_prob_2012s_sectors_v1.tif,0.2,89656084,448.28,phase4_semantic_finetune_inference_2012s_2026-08-25T06-02.log
20260825T060259Z_2018s_sectors_v1_inference,2018s,sectors_v1,inference,stage 2018_snoh_6in_rgbi.tif,101.4,11470030126,113.12,phase4_semantic_finetune_inference_2018s_2026-08-25T06-07.log
20260825T060259Z_2018s_sectors_v1_inference,2018s,sectors_v1,inference,inference,107.4,,,phase4_semantic_finetune_inference_2018s_2026-08-25T06-07.log
20260825T060259Z_2018s_sectors_v1_inference,2018s,sectors_v1,inference,copy edmonds_canopy_prob_2018s_sectors_v1.tif,0.4,156864508,392.16,phase4_semantic_finetune_inference_2018s_2026-08-25T06-07.log
20260825T060750Z_2020s_sectors_v1_inference,2020s,sectors_v1,inference,stage 2020_snoh_3in_rgb.tif,276.3,31012508090,112.24,phase4_semantic_finetune_inference_2020s_2026-08-25T06-18.log
20260825T060750Z_2020s_sectors_v1_inference,2020s,sectors_v1,inference,inference,276.7,,,phase4_semantic_finetune_inference_2020s_2026-08-25T06-18.log
20260825T060750Z_2020s_sectors_v1_inference,2020s,sectors_v1,inference,copy edmonds_canopy_prob_2020s_sectors_v1.tif,1.1,562868731,511.70,phase4_semantic_finetune_inference_2020s_2026-08-25T06-18.log
20260825T062002Z_2016_fullext_sectors_v1_tile,2016,fullext_sectors_v1,tile,stage 2016_snoh_1ft_rgbi.tif,27.3,2586179492,94.73,phase4_semantic_finetune_tile_2016_2026-08-25T06-28.log
20260825T062002Z_2016_fullext_sectors_v1_tile,2016,fullext_sectors_v1,tile,stage edmonds_canopy_mask_2020.tif,4.5,287816390,63.96,phase4_semantic_finetune_tile_2016_2026-08-25T06-28.log
20260825T135314Z_2006s_sectors_v1_postproc,2006s,sectors_v1,postproc,polygonize,7.9,,,phase4_semantic_finetune_postproc_2006s_2026-08-25T13-53.log
20260825T135314Z_2006s_sectors_v1_postproc,2006s,sectors_v1,postproc,copy edmonds_canopy_mask_2006s_sectors_v1.tif,0.0,2086008,,phase4_semantic_finetune_postproc_2006s_2026-08-25T13-53.log
20260825T135314Z_2006s_sectors_v1_postproc,2006s,sectors_v1,postproc,copy edmonds_canopy_mask_2006s_sectors_v1.gpkg,0.0,1855488,,phase4_semantic_finetune_postproc_2006s_2026-08-25T13-53.log
20260825T135314Z_2006s_sectors_v1_postproc,2006s,sectors_v1,postproc,postproc,26.5,,,phase4_semantic_finetune_postproc_2006s_2026-08-25T13-53.log
20260825T135351Z_2011s_sectors_v1_postproc,2011s,sectors_v1,postproc,polygonize,86.9,,,phase4_semantic_finetune_postproc_2011s_2026-08-25T13-57.log
20260825T135351Z_2011s_sectors_v1_postproc,2011s,sectors_v1,postproc,copy edmonds_canopy_mask_2011s_sectors_v1.tif,0.1,12617543,126.18,phase4_semantic_finetune_postproc_2011s_2026-08-25T13-57.log
20260825T135351Z_2011s_sectors_v1_postproc,2011s,sectors_v1,postproc,copy edmonds_canopy_mask_2011s_sectors_v1.gpkg,0.1,18874368,188.74,phase4_semantic_finetune_postproc_2011s_2026-08-25T13-57.log
20260825T135351Z_2011s_sectors_v1_postproc,2011s,sectors_v1,postproc,postproc,188.0,,,phase4_semantic_finetune_postproc_2011s_2026-08-25T13-57.log
20260825T135708Z_2003s_sectors_v1_postproc,2003s,sectors_v1,postproc,polygonize,71.4,,,phase4_semantic_finetune_postproc_2003s_2026-08-25T13-59.log
20260825T135708Z_2003s_sectors_v1_postproc,2003s,sectors_v1,postproc,copy edmonds_canopy_mask_2003s_sectors_v1.tif,0.1,11623239,116.23,phase4_semantic_finetune_postproc_2003s_2026-08-25T13-59.log
20260825T135708Z_2003s_sectors_v1_postproc,2003s,sectors_v1,postproc,copy edmonds_canopy_mask_2003s_sectors_v1.gpkg,0.0,6012928,,phase4_semantic_finetune_postproc_2003s_2026-08-25T13-59.log
20260825T135708Z_2003s_sectors_v1_postproc,2003s,sectors_v1,postproc,postproc,166.9,,,phase4_semantic_finetune_postproc_2003s_2026-08-25T13-59.log
20260825T140004Z_2012s_sectors_v1_postproc,2012s,sectors_v1,postproc,polygonize,142.7,,,phase4_semantic_finetune_postproc_2012s_2026-08-25T14-05.log
20260825T140004Z_2012s_sectors_v1_postproc,2012s,sectors_v1,postproc,copy edmonds_canopy_mask_2012s_sectors_v1.tif,0.1,18938857,189.39,phase4_semantic_finetune_postproc_2012s_2026-08-25T14-05.log
20260825T140004Z_2012s_sectors_v1_postproc,2012s,sectors_v1,postproc,copy edmonds_canopy_mask_2012s_sectors_v1.gpkg,0.1,14901248,149.01,phase4_semantic_finetune_postproc_2012s_2026-08-25T14-05.log
20260825T140004Z_2012s_sectors_v1_postproc,2012s,sectors_v1,postproc,postproc,317.2,,,phase4_semantic_finetune_postproc_2012s_2026-08-25T14-05.log
20260825T140530Z_2018s_sectors_v1_postproc,2018s,sectors_v1,postproc,polygonize,326.2,,,phase4_semantic_finetune_postproc_2018s_2026-08-25T14-17.log
20260825T140530Z_2018s_sectors_v1_postproc,2018s,sectors_v1,postproc,copy edmonds_canopy_mask_2018s_sectors_v1.tif,0.2,34818679,174.09,phase4_semantic_finetune_postproc_2018s_2026-08-25T14-17.log
20260825T140530Z_2018s_sectors_v1_postproc,2018s,sectors_v1,postproc,copy edmonds_canopy_mask_2018s_sectors_v1.gpkg,0.1,9940992,99.41,phase4_semantic_finetune_postproc_2018s_2026-08-25T14-17.log
20260825T140530Z_2018s_sectors_v1_postproc,2018s,sectors_v1,postproc,postproc,716.7,,,phase4_semantic_finetune_postproc_2018s_2026-08-25T14-17.log
20260825T221915Z_2016_fullext_sectors_v1_train,2016,fullext_sectors_v1,train,stage tiles 2016,1028.7,,,phase4_semantic_finetune_train_2016_2026-08-25T23-04.log
20260825T221915Z_2016_fullext_sectors_v1_train,2016,fullext_sectors_v1,train,copy sem_best_2016_fullext_sectors_v1.pt,21.8,1113233533,51.07,phase4_semantic_finetune_train_2016_2026-08-25T23-04.log
20260825T221915Z_2016_fullext_sectors_v1_train,2016,fullext_sectors_v1,train,copy sem_best_2016_fullext_sectors_v1.pt,13.3,1113233533,83.70,phase4_semantic_finetune_train_2016_2026-08-25T23-04.log
20260825T221915Z_2016_fullext_sectors_v1_train,2016,fullext_sectors_v1,train,copy sem_best_2016_fullext_sectors_v1.pt,16.8,1113233533,66.26,phase4_semantic_finetune_train_2016_2026-08-25T23-04.log
20260825T221915Z_2016_fullext_sectors_v1_train,2016,fullext_sectors_v1,train,copy sem_best_2016_fullext_sectors_v1.pt,8.0,1113233533,139.15,phase4_semantic_finetune_train_2016_2026-08-25T23-04.log
20260825T221915Z_2016_fullext_sectors_v1_train,2016,fullext_sectors_v1,train,copy sem_latest_2016_fullext_sectors_v1.pt,47.9,1113237109,23.24,phase4_semantic_finetune_train_2016_2026-08-25T23-04.log
20260825T221915Z_2016_fullext_sectors_v1_train,2016,fullext_sectors_v1,train,copy sem_best_2016_fullext_sectors_v1.pt,1.8,1113233533,618.46,phase4_semantic_finetune_train_2016_2026-08-25T23-04.log
20260825T221915Z_2016_fullext_sectors_v1_train,2016,fullext_sectors_v1,train,copy sem_best_2016_fullext_sectors_v1.pt,6.4,1113233533,173.94,phase4_semantic_finetune_train_2016_2026-08-25T23-04.log
20260825T221915Z_2016_fullext_sectors_v1_train,2016,fullext_sectors_v1,train,copy sem_best_2016_fullext_sectors_v1.pt,1.8,1113233533,618.46,phase4_semantic_finetune_train_2016_2026-08-25T23-04.log
20260825T221915Z_2016_fullext_sectors_v1_train,2016,fullext_sectors_v1,train,copy sem_latest_2016_fullext_sectors_v1.pt,3.9,1113237109,285.45,phase4_semantic_finetune_train_2016_2026-08-25T23-04.log
20260825T221915Z_2016_fullext_sectors_v1_train,2016,fullext_sectors_v1,train,copy sem_best_2016_fullext_sectors_v1.pt,21.3,1113233533,52.26,phase4_semantic_finetune_train_2016_2026-08-25T23-04.log
20260825T221915Z_2016_fullext_sectors_v1_train,2016,fullext_sectors_v1,train,copy sem_latest_2016_fullext_sectors_v1.pt,1.8,1113237109,618.47,phase4_semantic_finetune_train_2016_2026-08-25T23-04.log
20260825T221915Z_2016_fullext_sectors_v1_train,2016,fullext_sectors_v1,train,copy sem_latest_2016_fullext_sectors_v1.pt,1.8,1113237109,618.47,phase4_semantic_finetune_train_2016_2026-08-25T23-04.log
20260825T221915Z_2016_fullext_sectors_v1_train,2016,fullext_sectors_v1,train,copy sem_latest_2016_fullext_sectors_v1.pt,2.4,1113237109,463.85,phase4_semantic_finetune_train_2016_2026-08-25T23-04.log
20260825T221915Z_2016_fullext_sectors_v1_train,2016,fullext_sectors_v1,train,copy sem_best_2016_fullext_sectors_v1.pt,5.5,1113233533,202.41,phase4_semantic_finetune_train_2016_2026-08-25T23-04.log
20260825T221915Z_2016_fullext_sectors_v1_train,2016,fullext_sectors_v1,train,copy sem_best_2016_fullext_sectors_v1.pt,2.9,1113233533,383.87,phase4_semantic_finetune_train_2016_2026-08-25T23-04.log
20260825T221915Z_2016_fullext_sectors_v1_train,2016,fullext_sectors_v1,train,copy sem_latest_2016_fullext_sectors_v1.pt,21.1,1113237109,52.76,phase4_semantic_finetune_train_2016_2026-08-25T23-04.log
20260825T221915Z_2016_fullext_sectors_v1_train,2016,fullext_sectors_v1,train,copy sem_best_2016_fullext_sectors_v1.pt,23.1,1113233533,48.19,phase4_semantic_finetune_train_2016_2026-08-25T23-04.log
20260825T221915Z_2016_fullext_sectors_v1_train,2016,fullext_sectors_v1,train,copy sem_latest_2016_fullext_sectors_v1.pt,18.4,1113237109,60.50,phase4_semantic_finetune_train_2016_2026-08-25T23-04.log
20260825T221915Z_2016_fullext_sectors_v1_train,2016,fullext_sectors_v1,train,copy sem_best_2016_fullext_sectors_v1.pt,5.0,1113233533,222.65,phase4_semantic_finetune_train_2016_2026-08-25T23-04.log
20260825T221915Z_2016_fullext_sectors_v1_train,2016,fullext_sectors_v1,train,copy sem_latest_2016_fullext_sectors_v1.pt,2.7,1113237109,412.31,phase4_semantic_finetune_train_2016_2026-08-25T23-04.log
20260825T221915Z_2016_fullext_sectors_v1_train,2016,fullext_sectors_v1,train,copy sem_best_2016_fullext_sectors_v1.pt,20.1,1113233533,55.38,phase4_semantic_finetune_train_2016_2026-08-25T23-04.log
20260825T221915Z_2016_fullext_sectors_v1_train,2016,fullext_sectors_v1,train,copy sem_latest_2016_fullext_sectors_v1.pt,6.6,1113237109,168.67,phase4_semantic_finetune_train_2016_2026-08-25T23-04.log
20260825T221915Z_2016_fullext_sectors_v1_train,2016,fullext_sectors_v1,train,copy sem_best_2016_fullext_sectors_v1.pt,2.7,1113233533,412.31,phase4_semantic_finetune_train_2016_2026-08-25T23-04.log
20260825T221915Z_2016_fullext_sectors_v1_train,2016,fullext_sectors_v1,train,copy sem_latest_2016_fullext_sectors_v1.pt,2.6,1113237109,428.17,phase4_semantic_finetune_train_2016_2026-08-25T23-04.log
20260825T221951Z_2020s_sectors_v1_postproc,2020s,sectors_v1,postproc,polygonize,1036.6,,,phase4_semantic_finetune_postproc_2020s_2026-08-25T22-58.log
20260825T221951Z_2020s_sectors_v1_postproc,2020s,sectors_v1,postproc,copy edmonds_canopy_mask_2020s_sectors_v1.tif,0.5,101445348,202.89,phase4_semantic_finetune_postproc_2020s_2026-08-25T22-58.log
20260825T221951Z_2020s_sectors_v1_postproc,2020s,sectors_v1,postproc,copy edmonds_canopy_mask_2020s_sectors_v1.gpkg,0.2,13676544,68.38,phase4_semantic_finetune_postproc_2020s_2026-08-25T22-58.log
20260825T221951Z_2020s_sectors_v1_postproc,2020s,sectors_v1,postproc,postproc,2289.7,,,phase4_semantic_finetune_postproc_2020s_2026-08-25T22-58.log
20260825T230626Z_2016_fullext_sectors_v1_inference,2016,fullext_sectors_v1,inference,stage 2016_snoh_1ft_rgbi.tif,66.1,2586179492,39.13,phase4_semantic_finetune_inference_2016_2026-08-25T23-10.log
20260825T230626Z_2016_fullext_sectors_v1_inference,2016,fullext_sectors_v1,inference,stage lidar_snoh_chm.tif,9.3,75698441,8.14,phase4_semantic_finetune_inference_2016_2026-08-25T23-10.log
20260825T230626Z_2016_fullext_sectors_v1_inference,2016,fullext_sectors_v1,inference,inference,78.4,,,phase4_semantic_finetune_inference_2016_2026-08-25T23-10.log
20260825T230626Z_2016_fullext_sectors_v1_inference,2016,fullext_sectors_v1,inference,copy edmonds_canopy_prob_2016_fullext_sectors_v1.tif,0.2,61232259,306.16,phase4_semantic_finetune_inference_2016_2026-08-25T23-10.log
20260825T231141Z_2021s_fullext_sectors_v1_train,2021s,fullext_sectors_v1,train,stage tiles 2021s,892.3,,,phase4_semantic_finetune_train_2021s_2026-08-25T23-55.log
20260825T231141Z_2021s_fullext_sectors_v1_train,2021s,fullext_sectors_v1,train,copy sem_best_2021s_fullext_sectors_v1.pt,2.4,1113234873,463.85,phase4_semantic_finetune_train_2021s_2026-08-25T23-55.log
20260825T231141Z_2021s_fullext_sectors_v1_train,2021s,fullext_sectors_v1,train,copy sem_best_2021s_fullext_sectors_v1.pt,1.9,1113234873,585.91,phase4_semantic_finetune_train_2021s_2026-08-25T23-55.log
20260825T231141Z_2021s_fullext_sectors_v1_train,2021s,fullext_sectors_v1,train,copy sem_latest_2021s_fullext_sectors_v1.pt,5.0,1113238833,222.65,phase4_semantic_finetune_train_2021s_2026-08-25T23-55.log
20260825T231141Z_2021s_fullext_sectors_v1_train,2021s,fullext_sectors_v1,train,copy sem_best_2021s_fullext_sectors_v1.pt,1.9,1113234873,585.91,phase4_semantic_finetune_train_2021s_2026-08-25T23-55.log
20260825T231141Z_2021s_fullext_sectors_v1_train,2021s,fullext_sectors_v1,train,copy sem_best_2021s_fullext_sectors_v1.pt,1.8,1113234873,618.46,phase4_semantic_finetune_train_2021s_2026-08-25T23-55.log
20260825T231141Z_2021s_fullext_sectors_v1_train,2021s,fullext_sectors_v1,train,copy sem_latest_2021s_fullext_sectors_v1.pt,1.8,1113238833,618.47,phase4_semantic_finetune_train_2021s_2026-08-25T23-55.log
20260825T231141Z_2021s_fullext_sectors_v1_train,2021s,fullext_sectors_v1,train,copy sem_best_2021s_fullext_sectors_v1.pt,16.5,1113234873,67.47,phase4_semantic_finetune_train_2021s_2026-08-25T23-55.log
20260825T231141Z_2021s_fullext_sectors_v1_train,2021s,fullext_sectors_v1,train,copy sem_best_2021s_fullext_sectors_v1.pt,1.9,1113234873,585.91,phase4_semantic_finetune_train_2021s_2026-08-25T23-55.log
20260825T231141Z_2021s_fullext_sectors_v1_train,2021s,fullext_sectors_v1,train,copy sem_latest_2021s_fullext_sectors_v1.pt,1.9,1113238833,585.92,phase4_semantic_finetune_train_2021s_2026-08-25T23-55.log
20260825T231141Z_2021s_fullext_sectors_v1_train,2021s,fullext_sectors_v1,train,copy sem_best_2021s_fullext_sectors_v1.pt,1.8,1113234873,618.46,phase4_semantic_finetune_train_2021s_2026-08-25T23-55.log
20260825T231141Z_2021s_fullext_sectors_v1_train,2021s,fullext_sectors_v1,train,copy sem_latest_2021s_fullext_sectors_v1.pt,8.8,1113238833,126.50,phase4_semantic_finetune_train_2021s_2026-08-25T23-55.log
20260825T231141Z_2021s_fullext_sectors_v1_train,2021s,fullext_sectors_v1,train,copy sem_latest_2021s_fullext_sectors_v1.pt,14.9,1113238833,74.71,phase4_semantic_finetune_train_2021s_2026-08-25T23-55.log
20260825T231141Z_2021s_fullext_sectors_v1_train,2021s,fullext_sectors_v1,train,copy sem_latest_2021s_fullext_sectors_v1.pt,2.6,1113238833,428.17,phase4_semantic_finetune_train_2021s_2026-08-25T23-55.log
20260825T231141Z_2021s_fullext_sectors_v1_train,2021s,fullext_sectors_v1,train,copy sem_best_2021s_fullext_sectors_v1.pt,26.3,1113234873,42.33,phase4_semantic_finetune_train_2021s_2026-08-25T23-55.log
20260825T231141Z_2021s_fullext_sectors_v1_train,2021s,fullext_sectors_v1,train,copy sem_latest_2021s_fullext_sectors_v1.pt,7.7,1113238833,144.58,phase4_semantic_finetune_train_2021s_2026-08-25T23-55.log
20260825T231141Z_2021s_fullext_sectors_v1_train,2021s,fullext_sectors_v1,train,copy sem_best_2021s_fullext_sectors_v1.pt,13.7,1113234873,81.26,phase4_semantic_finetune_train_2021s_2026-08-25T23-55.log
20260825T231141Z_2021s_fullext_sectors_v1_train,2021s,fullext_sectors_v1,train,copy sem_best_2021s_fullext_sectors_v1.pt,2.6,1113234873,428.17,phase4_semantic_finetune_train_2021s_2026-08-25T23-55.log
20260825T231141Z_2021s_fullext_sectors_v1_train,2021s,fullext_sectors_v1,train,copy sem_latest_2021s_fullext_sectors_v1.pt,12.6,1113238833,88.35,phase4_semantic_finetune_train_2021s_2026-08-25T23-55.log
20260825T231141Z_2021s_fullext_sectors_v1_train,2021s,fullext_sectors_v1,train,copy sem_latest_2021s_fullext_sectors_v1.pt,2.7,1113238833,412.31,phase4_semantic_finetune_train_2021s_2026-08-25T23-55.log
20260825T231141Z_2021s_fullext_sectors_v1_train,2021s,fullext_sectors_v1,train,copy sem_latest_2021s_fullext_sectors_v1.pt,2.5,1113238833,445.30,phase4_semantic_finetune_train_2021s_2026-08-25T23-55.log
20260825T235654Z_2021s_fullext_sectors_v1_inference,2021s,fullext_sectors_v1,inference,stage 2021_snoh_6in_rgbi.tif,228.3,10764289402,47.15,phase4_semantic_finetune_inference_2021s_2026-08-26T00-04.log
20260825T235654Z_2021s_fullext_sectors_v1_inference,2021s,fullext_sectors_v1,inference,inference,128.9,,,phase4_semantic_finetune_inference_2021s_2026-08-26T00-04.log
20260825T235654Z_2021s_fullext_sectors_v1_inference,2021s,fullext_sectors_v1,inference,copy edmonds_canopy_prob_2021s_fullext_sectors_v1.tif,0.4,182178946,455.45,phase4_semantic_finetune_inference_2021s_2026-08-26T00-04.log
20260826T002706Z_2016_fullext_sectors_v1_postproc,2016,fullext_sectors_v1,postproc,polygonize,60.6,,,phase4_semantic_finetune_postproc_2016_2026-08-26T00-29.log
20260826T002706Z_2016_fullext_sectors_v1_postproc,2016,fullext_sectors_v1,postproc,copy edmonds_canopy_mask_2016_fullext_sectors_v1.tif,0.1,11858094,118.58,phase4_semantic_finetune_postproc_2016_2026-08-26T00-29.log
20260826T002706Z_2016_fullext_sectors_v1_postproc,2016,fullext_sectors_v1,postproc,copy edmonds_canopy_mask_2016_fullext_sectors_v1.gpkg,0.1,11374592,113.75,phase4_semantic_finetune_postproc_2016_2026-08-26T00-29.log
20260826T002706Z_2016_fullext_sectors_v1_postproc,2016,fullext_sectors_v1,postproc,postproc,154.5,,,phase4_semantic_finetune_postproc_2016_2026-08-26T00-29.log
20260826T002949Z_2021s_fullext_sectors_v1_postproc,2021s,fullext_sectors_v1,postproc,polygonize,311.2,,,phase4_semantic_finetune_postproc_2021s_2026-08-26T00-41.log
20260826T002949Z_2021s_fullext_sectors_v1_postproc,2021s,fullext_sectors_v1,postproc,copy edmonds_canopy_mask_2021s_fullext_sectors_v1.tif,0.1,34649607,346.50,phase4_semantic_finetune_postproc_2021s_2026-08-26T00-41.log
20260826T002949Z_2021s_fullext_sectors_v1_postproc,2021s,fullext_sectors_v1,postproc,copy edmonds_canopy_mask_2021s_fullext_sectors_v1.gpkg,0.0,7036928,,phase4_semantic_finetune_postproc_2021s_2026-08-26T00-41.log
20260826T002949Z_2021s_fullext_sectors_v1_postproc,2021s,fullext_sectors_v1,postproc,postproc,680.7,,,phase4_semantic_finetune_postproc_2021s_2026-08-26T00-41.log
20260826T144527Z_2021s_noise_r1_train,2021s,noise_r1,train,copy sem_best_2021s_noise_r1.pt,2.0,1113217697,556.61,phase4_semantic_finetune_train_2021s_2026-08-26T15-25.log
20260826T144527Z_2021s_noise_r1_train,2021s,noise_r1,train,copy sem_best_2021s_noise_r1.pt,3.7,1113217697,300.87,phase4_semantic_finetune_train_2021s_2026-08-26T15-25.log
20260826T144527Z_2021s_noise_r1_train,2021s,noise_r1,train,copy sem_best_2021s_noise_r1.pt,1.9,1113217697,585.90,phase4_semantic_finetune_train_2021s_2026-08-26T15-25.log
20260826T144527Z_2021s_noise_r1_train,2021s,noise_r1,train,copy sem_best_2021s_noise_r1.pt,2.9,1113217697,383.87,phase4_semantic_finetune_train_2021s_2026-08-26T15-25.log
20260826T144527Z_2021s_noise_r1_train,2021s,noise_r1,train,copy sem_latest_2021s_noise_r1.pt,4.0,1113221593,278.31,phase4_semantic_finetune_train_2021s_2026-08-26T15-25.log
20260826T144527Z_2021s_noise_r1_train,2021s,noise_r1,train,copy sem_best_2021s_noise_r1.pt,1.8,1113217697,618.45,phase4_semantic_finetune_train_2021s_2026-08-26T15-25.log
20260826T144527Z_2021s_noise_r1_train,2021s,noise_r1,train,copy sem_best_2021s_noise_r1.pt,1.7,1113217697,654.83,phase4_semantic_finetune_train_2021s_2026-08-26T15-25.log
20260826T144527Z_2021s_noise_r1_train,2021s,noise_r1,train,copy sem_best_2021s_noise_r1.pt,2.0,1113217697,556.61,phase4_semantic_finetune_train_2021s_2026-08-26T15-25.log
20260826T144527Z_2021s_noise_r1_train,2021s,noise_r1,train,copy sem_latest_2021s_noise_r1.pt,2.4,1113221593,463.84,phase4_semantic_finetune_train_2021s_2026-08-26T15-25.log
20260826T144527Z_2021s_noise_r1_train,2021s,noise_r1,train,copy sem_best_2021s_noise_r1.pt,19.4,1113217697,57.38,phase4_semantic_finetune_train_2021s_2026-08-26T15-25.log
20260826T144527Z_2021s_noise_r1_train,2021s,noise_r1,train,copy sem_latest_2021s_noise_r1.pt,2.2,1113221593,506.01,phase4_semantic_finetune_train_2021s_2026-08-26T15-25.log
20260826T144527Z_2021s_noise_r1_train,2021s,noise_r1,train,copy sem_best_2021s_noise_r1.pt,2.6,1113217697,428.16,phase4_semantic_finetune_train_2021s_2026-08-26T15-25.log
20260826T144527Z_2021s_noise_r1_train,2021s,noise_r1,train,copy sem_best_2021s_noise_r1.pt,4.7,1113217697,236.85,phase4_semantic_finetune_train_2021s_2026-08-26T15-25.log
20260826T144527Z_2021s_noise_r1_train,2021s,noise_r1,train,copy sem_latest_2021s_noise_r1.pt,2.9,1113221593,383.87,phase4_semantic_finetune_train_2021s_2026-08-26T15-25.log
20260826T144527Z_2021s_noise_r1_train,2021s,noise_r1,train,copy sem_latest_2021s_noise_r1.pt,40.9,1113221593,27.22,phase4_semantic_finetune_train_2021s_2026-08-26T15-25.log
20260826T144527Z_2021s_noise_r1_train,2021s,noise_r1,train,copy sem_best_2021s_noise_r1.pt,4.7,1113217697,236.85,phase4_semantic_finetune_train_2021s_2026-08-26T15-25.log
20260826T144527Z_2021s_noise_r1_train,2021s,noise_r1,train,copy sem_best_2021s_noise_r1.pt,12.1,1113217697,92.00,phase4_semantic_finetune_train_2021s_2026-08-26T15-25.log
20260826T144527Z_2021s_noise_r1_train,2021s,noise_r1,train,copy sem_latest_2021s_noise_r1.pt,4.3,1113221593,258.89,phase4_semantic_finetune_train_2021s_2026-08-26T15-25.log
20260826T144527Z_2021s_noise_r1_train,2021s,noise_r1,train,copy sem_best_2021s_noise_r1.pt,3.7,1113217697,300.87,phase4_semantic_finetune_train_2021s_2026-08-26T15-25.log
20260826T144527Z_2021s_noise_r1_train,2021s,noise_r1,train,copy sem_best_2021s_noise_r1.pt,4.1,1113217697,271.52,phase4_semantic_finetune_train_2021s_2026-08-26T15-25.log
20260826T144527Z_2021s_noise_r1_train,2021s,noise_r1,train,copy sem_best_2021s_noise_r1.pt,4.4,1113217697,253.00,phase4_semantic_finetune_train_2021s_2026-08-26T15-25.log
20260826T144527Z_2021s_noise_r1_train,2021s,noise_r1,train,copy sem_latest_2021s_noise_r1.pt,22.2,1113221593,50.15,phase4_semantic_finetune_train_2021s_2026-08-26T15-25.log
20260826T144527Z_2021s_noise_r1_train,2021s,noise_r1,train,copy sem_latest_2021s_noise_r1.pt,26.1,1113221593,42.65,phase4_semantic_finetune_train_2021s_2026-08-26T15-25.log
20260826T144527Z_2021s_noise_r1_train,2021s,noise_r1,train,copy sem_best_2021s_noise_r1.pt,4.0,1113217697,278.30,phase4_semantic_finetune_train_2021s_2026-08-26T15-25.log
20260826T144527Z_2021s_noise_r1_train,2021s,noise_r1,train,copy sem_latest_2021s_noise_r1.pt,4.0,1113221593,278.31,phase4_semantic_finetune_train_2021s_2026-08-26T15-25.log
20260826T144527Z_2021s_noise_r1_train,2021s,noise_r1,train,copy sem_latest_2021s_noise_r1.pt,33.2,1113221593,33.53,phase4_semantic_finetune_train_2021s_2026-08-26T15-25.log
20260826T160834Z_2021s_noise_r1_inference,2021s,noise_r1,inference,stage 2021_snoh_6in_rgbi.tif,370.2,10764289402,29.08,phase4_semantic_finetune_inference_2021s_2026-08-26T16-20.log
20260826T160834Z_2021s_noise_r1_inference,2021s,noise_r1,inference,stage lidar_snoh_chm.tif,92.5,75698441,0.82,phase4_semantic_finetune_inference_2021s_2026-08-26T16-20.log
20260826T160834Z_2021s_noise_r1_inference,2021s,noise_r1,inference,inference,220.5,,,phase4_semantic_finetune_inference_2021s_2026-08-26T16-20.log
20260826T160834Z_2021s_noise_r1_inference,2021s,noise_r1,inference,copy edmonds_canopy_prob_2021s_noise_r1.tif,13.4,179205162,13.37,phase4_semantic_finetune_inference_2021s_2026-08-26T16-20.log
20260826T171602Z_2016_nir_m06_tile,2016,nir_m06,tile,stage 2016_snoh_1ft_rgbi.tif,160.9,2586179492,16.07,phase4_semantic_finetune_tile_2016_2026-08-26T17-42.log
20260826T171602Z_2016_nir_m06_tile,2016,nir_m06,tile,stage edmonds_canopy_mask_2020.tif,9.2,287816390,31.28,phase4_semantic_finetune_tile_2016_2026-08-26T17-42.log
20260826T174249Z_2016_nir_m06_train,2016,nir_m06,train,stage tiles 2016,6608.2,,,phase4_semantic_finetune_train_2016_2026-08-26T19-55.log
20260826T174249Z_2016_nir_m06_train,2016,nir_m06,train,copy sem_best_2016_nir_m06.pt,1.9,773009503,406.85,phase4_semantic_finetune_train_2016_2026-08-26T19-55.log
20260826T174249Z_2016_nir_m06_train,2016,nir_m06,train,copy sem_best_2016_nir_m06.pt,1.7,773009503,454.71,phase4_semantic_finetune_train_2016_2026-08-26T19-55.log
20260826T174249Z_2016_nir_m06_train,2016,nir_m06,train,copy sem_best_2016_nir_m06.pt,1.8,773009503,429.45,phase4_semantic_finetune_train_2016_2026-08-26T19-55.log
20260826T174249Z_2016_nir_m06_train,2016,nir_m06,train,copy sem_best_2016_nir_m06.pt,1.6,773009503,483.13,phase4_semantic_finetune_train_2016_2026-08-26T19-55.log
20260826T174249Z_2016_nir_m06_train,2016,nir_m06,train,copy sem_latest_2016_nir_m06.pt,1.9,1113217441,585.90,phase4_semantic_finetune_train_2016_2026-08-26T19-55.log
20260826T174249Z_2016_nir_m06_train,2016,nir_m06,train,copy sem_best_2016_nir_m06.pt,1.6,773009503,483.13,phase4_semantic_finetune_train_2016_2026-08-26T19-55.log
20260826T174249Z_2016_nir_m06_train,2016,nir_m06,train,copy sem_best_2016_nir_m06.pt,1.8,773009503,429.45,phase4_semantic_finetune_train_2016_2026-08-26T19-55.log
20260826T174249Z_2016_nir_m06_train,2016,nir_m06,train,copy sem_latest_2016_nir_m06.pt,1.6,1113217441,695.76,phase4_semantic_finetune_train_2016_2026-08-26T19-55.log
20260826T174249Z_2016_nir_m06_train,2016,nir_m06,train,copy sem_best_2016_nir_m06.pt,1.9,773009503,406.85,phase4_semantic_finetune_train_2016_2026-08-26T19-55.log
20260826T174249Z_2016_nir_m06_train,2016,nir_m06,train,copy sem_best_2016_nir_m06.pt,1.6,773009503,483.13,phase4_semantic_finetune_train_2016_2026-08-26T19-55.log
20260826T174249Z_2016_nir_m06_train,2016,nir_m06,train,copy sem_latest_2016_nir_m06.pt,3.1,1113217441,359.10,phase4_semantic_finetune_train_2016_2026-08-26T19-55.log
20260826T174249Z_2016_nir_m06_train,2016,nir_m06,train,copy sem_best_2016_nir_m06.pt,1.6,773009503,483.13,phase4_semantic_finetune_train_2016_2026-08-26T19-55.log
20260826T174249Z_2016_nir_m06_train,2016,nir_m06,train,copy sem_best_2016_nir_m06.pt,1.8,773009503,429.45,phase4_semantic_finetune_train_2016_2026-08-26T19-55.log
20260826T174249Z_2016_nir_m06_train,2016,nir_m06,train,copy sem_latest_2016_nir_m06.pt,1.7,1113217441,654.83,phase4_semantic_finetune_train_2016_2026-08-26T19-55.log
20260826T174249Z_2016_nir_m06_train,2016,nir_m06,train,copy sem_latest_2016_nir_m06.pt,2.4,1113217441,463.84,phase4_semantic_finetune_train_2016_2026-08-26T19-55.log
20260826T174249Z_2016_nir_m06_train,2016,nir_m06,train,copy sem_latest_2016_nir_m06.pt,2.4,1113217441,463.84,phase4_semantic_finetune_train_2016_2026-08-26T19-55.log
20260826T174249Z_2016_nir_m06_train,2016,nir_m06,train,copy sem_latest_2016_nir_m06.pt,2.5,1113217441,445.29,phase4_semantic_finetune_train_2016_2026-08-26T19-55.log
20260826T174556Z_2021s_noise_r3_train,2021s,noise_r3,train,copy sem_best_2021s_noise_r3.pt,4.9,1113218081,227.19,phase4_semantic_finetune_train_2021s_2026-08-26T18-23.log
20260826T174556Z_2021s_noise_r3_train,2021s,noise_r3,train,copy sem_best_2021s_noise_r3.pt,5.1,1113218081,218.28,phase4_semantic_finetune_train_2021s_2026-08-26T18-23.log
20260826T174556Z_2021s_noise_r3_train,2021s,noise_r3,train,copy sem_best_2021s_noise_r3.pt,96.6,1113218081,11.52,phase4_semantic_finetune_train_2021s_2026-08-26T18-23.log
20260826T174556Z_2021s_noise_r3_train,2021s,noise_r3,train,copy sem_best_2021s_noise_r3.pt,36.4,1113218081,30.58,phase4_semantic_finetune_train_2021s_2026-08-26T18-23.log
20260826T174556Z_2021s_noise_r3_train,2021s,noise_r3,train,copy sem_best_2021s_noise_r3.pt,10.0,1113218081,111.32,phase4_semantic_finetune_train_2021s_2026-08-26T18-23.log
20260826T174556Z_2021s_noise_r3_train,2021s,noise_r3,train,copy sem_latest_2021s_noise_r3.pt,1.9,1113221593,585.91,phase4_semantic_finetune_train_2021s_2026-08-26T18-23.log
20260826T174556Z_2021s_noise_r3_train,2021s,noise_r3,train,copy sem_best_2021s_noise_r3.pt,4.9,1113218081,227.19,phase4_semantic_finetune_train_2021s_2026-08-26T18-23.log
20260826T174556Z_2021s_noise_r3_train,2021s,noise_r3,train,copy sem_best_2021s_noise_r3.pt,5.0,1113218081,222.64,phase4_semantic_finetune_train_2021s_2026-08-26T18-23.log
20260826T174556Z_2021s_noise_r3_train,2021s,noise_r3,train,copy sem_latest_2021s_noise_r3.pt,2.4,1113221593,463.84,phase4_semantic_finetune_train_2021s_2026-08-26T18-23.log
20260826T174556Z_2021s_noise_r3_train,2021s,noise_r3,train,copy sem_best_2021s_noise_r3.pt,3.4,1113218081,327.42,phase4_semantic_finetune_train_2021s_2026-08-26T18-23.log
20260826T174556Z_2021s_noise_r3_train,2021s,noise_r3,train,copy sem_latest_2021s_noise_r3.pt,3.5,1113221593,318.06,phase4_semantic_finetune_train_2021s_2026-08-26T18-23.log
20260826T174556Z_2021s_noise_r3_train,2021s,noise_r3,train,copy sem_best_2021s_noise_r3.pt,3.3,1113218081,337.34,phase4_semantic_finetune_train_2021s_2026-08-26T18-23.log
20260826T174556Z_2021s_noise_r3_train,2021s,noise_r3,train,copy sem_latest_2021s_noise_r3.pt,2.9,1113221593,383.87,phase4_semantic_finetune_train_2021s_2026-08-26T18-23.log
20260826T174556Z_2021s_noise_r3_train,2021s,noise_r3,train,copy sem_best_2021s_noise_r3.pt,31.2,1113218081,35.68,phase4_semantic_finetune_train_2021s_2026-08-26T18-23.log
20260826T174556Z_2021s_noise_r3_train,2021s,noise_r3,train,copy sem_latest_2021s_noise_r3.pt,20.0,1113221593,55.66,phase4_semantic_finetune_train_2021s_2026-08-26T18-23.log
20260826T174556Z_2021s_noise_r3_train,2021s,noise_r3,train,copy sem_best_2021s_noise_r3.pt,14.2,1113218081,78.40,phase4_semantic_finetune_train_2021s_2026-08-26T18-23.log
20260826T174556Z_2021s_noise_r3_train,2021s,noise_r3,train,copy sem_best_2021s_noise_r3.pt,4.9,1113218081,227.19,phase4_semantic_finetune_train_2021s_2026-08-26T18-23.log
20260826T174556Z_2021s_noise_r3_train,2021s,noise_r3,train,copy sem_latest_2021s_noise_r3.pt,4.6,1113221593,242.00,phase4_semantic_finetune_train_2021s_2026-08-26T18-23.log
20260826T174556Z_2021s_noise_r3_train,2021s,noise_r3,train,copy sem_best_2021s_noise_r3.pt,4.1,1113218081,271.52,phase4_semantic_finetune_train_2021s_2026-08-26T18-23.log
20260826T174556Z_2021s_noise_r3_train,2021s,noise_r3,train,copy sem_latest_2021s_noise_r3.pt,7.2,1113221593,154.61,phase4_semantic_finetune_train_2021s_2026-08-26T18-23.log
20260826T174556Z_2021s_noise_r3_train,2021s,noise_r3,train,copy sem_best_2021s_noise_r3.pt,6.7,1113218081,166.15,phase4_semantic_finetune_train_2021s_2026-08-26T18-23.log
20260826T174556Z_2021s_noise_r3_train,2021s,noise_r3,train,copy sem_latest_2021s_noise_r3.pt,21.2,1113221593,52.51,phase4_semantic_finetune_train_2021s_2026-08-26T18-23.log
20260826T174556Z_2021s_noise_r3_train,2021s,noise_r3,train,copy sem_best_2021s_noise_r3.pt,40.9,1113218081,27.22,phase4_semantic_finetune_train_2021s_2026-08-26T18-23.log
20260826T174556Z_2021s_noise_r3_train,2021s,noise_r3,train,copy sem_best_2021s_noise_r3.pt,37.9,1113218081,29.37,phase4_semantic_finetune_train_2021s_2026-08-26T18-23.log
20260826T174556Z_2021s_noise_r3_train,2021s,noise_r3,train,copy sem_latest_2021s_noise_r3.pt,4.1,1113221593,271.52,phase4_semantic_finetune_train_2021s_2026-08-26T18-23.log
20260826T174556Z_2021s_noise_r3_train,2021s,noise_r3,train,copy sem_latest_2021s_noise_r3.pt,4.4,1113221593,253.00,phase4_semantic_finetune_train_2021s_2026-08-26T18-23.log
20260826T190540Z_2016_golden_v1_2016cw_inference,2016,golden_v1_2016cw,inference,stage 2016_snoh_1ft_rgbi.tif,113.2,2586179492,22.85,phase4_semantic_finetune_inference_2016_2026-08-26T19-11.log
20260826T190540Z_2016_golden_v1_2016cw_inference,2016,golden_v1_2016cw,inference,inference,69.0,,,phase4_semantic_finetune_inference_2016_2026-08-26T19-11.log
20260826T190540Z_2016_golden_v1_2016cw_inference,2016,golden_v1_2016cw,inference,copy edmonds_canopy_prob_2016_golden_v1_2016cw.tif,0.3,28206725,94.02,phase4_semantic_finetune_inference_2016_2026-08-26T19-11.log
20260826T191154Z_2016_golden_v1_2016corr_inference,2016,golden_v1_2016corr,inference,stage 2016_snoh_1ft_rgbi.tif,107.3,2586179492,24.10,phase4_semantic_finetune_inference_2016_2026-08-26T19-16.log
20260826T191154Z_2016_golden_v1_2016corr_inference,2016,golden_v1_2016corr,inference,stage lidar_snoh_chm.tif,64.6,75698441,1.17,phase4_semantic_finetune_inference_2016_2026-08-26T19-16.log
20260826T191154Z_2016_golden_v1_2016corr_inference,2016,golden_v1_2016corr,inference,inference,135.1,,,phase4_semantic_finetune_inference_2016_2026-08-26T19-16.log
20260826T191154Z_2016_golden_v1_2016corr_inference,2016,golden_v1_2016corr,inference,copy edmonds_canopy_prob_2016_golden_v1_2016corr.tif,0.1,29231773,292.32,phase4_semantic_finetune_inference_2016_2026-08-26T19-16.log
20260826T191222Z_2021s_noise_r2_train,2021s,noise_r2,train,copy sem_best_2021s_noise_r2.pt,3.6,1113218081,309.23,phase4_semantic_finetune_train_2021s_2026-08-26T19-49.log
20260826T191222Z_2021s_noise_r2_train,2021s,noise_r2,train,copy sem_best_2021s_noise_r2.pt,1.6,1113218081,695.76,phase4_semantic_finetune_train_2021s_2026-08-26T19-49.log
20260826T191222Z_2021s_noise_r2_train,2021s,noise_r2,train,copy sem_best_2021s_noise_r2.pt,1.6,1113218081,695.76,phase4_semantic_finetune_train_2021s_2026-08-26T19-49.log
20260826T191222Z_2021s_noise_r2_train,2021s,noise_r2,train,copy sem_best_2021s_noise_r2.pt,1.7,1113218081,654.83,phase4_semantic_finetune_train_2021s_2026-08-26T19-49.log
20260826T191222Z_2021s_noise_r2_train,2021s,noise_r2,train,copy sem_latest_2021s_noise_r2.pt,1.9,1113221593,585.91,phase4_semantic_finetune_train_2021s_2026-08-26T19-49.log
20260826T191222Z_2021s_noise_r2_train,2021s,noise_r2,train,copy sem_best_2021s_noise_r2.pt,1.8,1113218081,618.45,phase4_semantic_finetune_train_2021s_2026-08-26T19-49.log
20260826T191222Z_2021s_noise_r2_train,2021s,noise_r2,train,copy sem_best_2021s_noise_r2.pt,1.7,1113218081,654.83,phase4_semantic_finetune_train_2021s_2026-08-26T19-49.log
20260826T191222Z_2021s_noise_r2_train,2021s,noise_r2,train,copy sem_best_2021s_noise_r2.pt,1.8,1113218081,618.45,phase4_semantic_finetune_train_2021s_2026-08-26T19-49.log
20260826T191222Z_2021s_noise_r2_train,2021s,noise_r2,train,copy sem_best_2021s_noise_r2.pt,1.8,1113218081,618.45,phase4_semantic_finetune_train_2021s_2026-08-26T19-49.log
20260826T191222Z_2021s_noise_r2_train,2021s,noise_r2,train,copy sem_best_2021s_noise_r2.pt,1.5,1113218081,742.15,phase4_semantic_finetune_train_2021s_2026-08-26T19-49.log
20260826T191222Z_2021s_noise_r2_train,2021s,noise_r2,train,copy sem_latest_2021s_noise_r2.pt,1.7,1113221593,654.84,phase4_semantic_finetune_train_2021s_2026-08-26T19-49.log
20260826T191222Z_2021s_noise_r2_train,2021s,noise_r2,train,copy sem_best_2021s_noise_r2.pt,1.8,1113218081,618.45,phase4_semantic_finetune_train_2021s_2026-08-26T19-49.log
20260826T191222Z_2021s_noise_r2_train,2021s,noise_r2,train,copy sem_best_2021s_noise_r2.pt,1.7,1113218081,654.83,phase4_semantic_finetune_train_2021s_2026-08-26T19-49.log
20260826T191222Z_2021s_noise_r2_train,2021s,noise_r2,train,copy sem_latest_2021s_noise_r2.pt,1.6,1113221593,695.76,phase4_semantic_finetune_train_2021s_2026-08-26T19-49.log
20260826T191222Z_2021s_noise_r2_train,2021s,noise_r2,train,copy sem_best_2021s_noise_r2.pt,1.8,1113218081,618.45,phase4_semantic_finetune_train_2021s_2026-08-26T19-49.log
20260826T191222Z_2021s_noise_r2_train,2021s,noise_r2,train,copy sem_latest_2021s_noise_r2.pt,1.8,1113221593,618.46,phase4_semantic_finetune_train_2021s_2026-08-26T19-49.log
20260826T191222Z_2021s_noise_r2_train,2021s,noise_r2,train,copy sem_best_2021s_noise_r2.pt,2.8,1113218081,397.58,phase4_semantic_finetune_train_2021s_2026-08-26T19-49.log
20260826T191222Z_2021s_noise_r2_train,2021s,noise_r2,train,copy sem_latest_2021s_noise_r2.pt,2.5,1113221593,445.29,phase4_semantic_finetune_train_2021s_2026-08-26T19-49.log
20260826T191222Z_2021s_noise_r2_train,2021s,noise_r2,train,copy sem_best_2021s_noise_r2.pt,3.0,1113218081,371.07,phase4_semantic_finetune_train_2021s_2026-08-26T19-49.log
20260826T191222Z_2021s_noise_r2_train,2021s,noise_r2,train,copy sem_latest_2021s_noise_r2.pt,2.5,1113221593,445.29,phase4_semantic_finetune_train_2021s_2026-08-26T19-49.log
20260826T191222Z_2021s_noise_r2_train,2021s,noise_r2,train,copy sem_best_2021s_noise_r2.pt,2.5,1113218081,445.29,phase4_semantic_finetune_train_2021s_2026-08-26T19-49.log
20260826T191222Z_2021s_noise_r2_train,2021s,noise_r2,train,copy sem_latest_2021s_noise_r2.pt,2.4,1113221593,463.84,phase4_semantic_finetune_train_2021s_2026-08-26T19-49.log
20260826T191222Z_2021s_noise_r2_train,2021s,noise_r2,train,copy sem_best_2021s_noise_r2.pt,2.4,1113218081,463.84,phase4_semantic_finetune_train_2021s_2026-08-26T19-49.log
20260826T191222Z_2021s_noise_r2_train,2021s,noise_r2,train,copy sem_best_2021s_noise_r2.pt,2.6,1113218081,428.16,phase4_semantic_finetune_train_2021s_2026-08-26T19-49.log
20260826T191222Z_2021s_noise_r2_train,2021s,noise_r2,train,copy sem_latest_2021s_noise_r2.pt,2.5,1113221593,445.29,phase4_semantic_finetune_train_2021s_2026-08-26T19-49.log
20260826T191222Z_2021s_noise_r2_train,2021s,noise_r2,train,copy sem_best_2021s_noise_r2.pt,2.2,1113218081,506.01,phase4_semantic_finetune_train_2021s_2026-08-26T19-49.log
20260826T191222Z_2021s_noise_r2_train,2021s,noise_r2,train,copy sem_best_2021s_noise_r2.pt,2.4,1113218081,463.84,phase4_semantic_finetune_train_2021s_2026-08-26T19-49.log
20260826T191222Z_2021s_noise_r2_train,2021s,noise_r2,train,copy sem_latest_2021s_noise_r2.pt,4.6,1113221593,242.00,phase4_semantic_finetune_train_2021s_2026-08-26T19-49.log
20260826T191222Z_2021s_noise_r2_train,2021s,noise_r2,train,copy sem_best_2021s_noise_r2.pt,2.3,1113218081,484.01,phase4_semantic_finetune_train_2021s_2026-08-26T19-49.log
20260826T191222Z_2021s_noise_r2_train,2021s,noise_r2,train,copy sem_latest_2021s_noise_r2.pt,2.6,1113221593,428.16,phase4_semantic_finetune_train_2021s_2026-08-26T19-49.log
20260826T191651Z_2016_golden_v1_2016fx_inference,2016,golden_v1_2016fx,inference,stage 2016_snoh_1ft_rgbi.tif,59.0,2586179492,43.83,phase4_semantic_finetune_inference_2016_2026-08-26T19-20.log
20260826T191651Z_2016_golden_v1_2016fx_inference,2016,golden_v1_2016fx,inference,inference,70.3,,,phase4_semantic_finetune_inference_2016_2026-08-26T19-20.log
20260826T191651Z_2016_golden_v1_2016fx_inference,2016,golden_v1_2016fx,inference,copy edmonds_canopy_prob_2016_golden_v1_2016fx.tif,0.1,28803386,288.03,phase4_semantic_finetune_inference_2016_2026-08-26T19-20.log
20260826T192058Z_2021s_golden_v1_2021sp2_inference,2021s,golden_v1_2021sp2,inference,stage 2021_snoh_6in_rgbi.tif,242.0,10764289402,44.48,phase4_semantic_finetune_inference_2021s_2026-08-26T19-31.log
20260826T192058Z_2021s_golden_v1_2021sp2_inference,2021s,golden_v1_2021sp2,inference,inference,147.1,,,phase4_semantic_finetune_inference_2021s_2026-08-26T19-31.log
20260826T192058Z_2021s_golden_v1_2021sp2_inference,2021s,golden_v1_2021sp2,inference,copy edmonds_canopy_prob_2021s_golden_v1_2021sp2.tif,0.2,78662076,393.31,phase4_semantic_finetune_inference_2021s_2026-08-26T19-31.log
20260826T193134Z_2021s_golden_v1_2021sfx_inference,2021s,golden_v1_2021sfx,inference,stage 2021_snoh_6in_rgbi.tif,167.3,10764289402,64.34,phase4_semantic_finetune_inference_2021s_2026-08-26T19-39.log
20260826T193134Z_2021s_golden_v1_2021sfx_inference,2021s,golden_v1_2021sfx,inference,inference,104.5,,,phase4_semantic_finetune_inference_2021s_2026-08-26T19-39.log
20260826T193134Z_2021s_golden_v1_2021sfx_inference,2021s,golden_v1_2021sfx,inference,copy edmonds_canopy_prob_2021s_golden_v1_2021sfx.tif,0.2,78716046,393.58,phase4_semantic_finetune_inference_2021s_2026-08-26T19-39.log
20260826T200655Z_2013_untagged_tile,2013,,tile,stage 2013_king_rgb.tif,414.7,9855797426,23.77,phase4_semantic_finetune_tile_2013_2026-08-26T20-38.log
20260826T200655Z_2013_untagged_tile,2013,,tile,stage edmonds_canopy_mask_2020.tif,6.4,287816390,44.97,phase4_semantic_finetune_tile_2013_2026-08-26T20-38.log
20260826T203533Z_2016_nir_m06_inference,2016,nir_m06,inference,stage 2016_snoh_1ft_rgbi.tif,77.9,2586179492,33.20,phase4_semantic_finetune_inference_2016_2026-08-26T20-38.log
20260826T203533Z_2016_nir_m06_inference,2016,nir_m06,inference,inference,64.9,,,phase4_semantic_finetune_inference_2016_2026-08-26T20-38.log
20260826T203533Z_2016_nir_m06_inference,2016,nir_m06,inference,copy edmonds_canopy_prob_2016_nir_m06.tif,0.1,67227570,672.28,phase4_semantic_finetune_inference_2016_2026-08-26T20-38.log
20260826T203849Z_2018s_untagged_tile,2018s,,tile,stage 2018_snoh_6in_rgbi.tif,194.4,11470030126,59.00,phase4_semantic_finetune_tile_2018s_2026-08-26T21-09.log
20260826T203849Z_2018s_untagged_tile,2018s,,tile,stage edmonds_canopy_mask_2020.tif,4.1,287816390,70.20,phase4_semantic_finetune_tile_2018s_2026-08-26T21-09.log
20260826T204644Z_2021s_noise_r2_inference,2021s,noise_r2,inference,stage 2021_snoh_6in_rgbi.tif,180.2,10764289402,59.74,phase4_semantic_finetune_inference_2021s_2026-08-26T20-59.log
20260826T204644Z_2021s_noise_r2_inference,2021s,noise_r2,inference,inference,130.4,,,phase4_semantic_finetune_inference_2021s_2026-08-26T20-59.log
20260826T204644Z_2021s_noise_r2_inference,2021s,noise_r2,inference,copy edmonds_canopy_prob_2021s_noise_r2.tif,0.3,178871396,596.24,phase4_semantic_finetune_inference_2021s_2026-08-26T20-59.log
20260826T204754Z_2019n_nir_m06_tile,2019n,nir_m06,tile,stage 2019_naip_60cm_rgbi.tif,17.7,757507269,42.80,phase4_semantic_finetune_tile_2019n_2026-08-26T21-10.log
20260826T204754Z_2019n_nir_m06_tile,2019n,nir_m06,tile,stage edmonds_canopy_mask_2020.tif,14.7,287816390,19.58,phase4_semantic_finetune_tile_2019n_2026-08-26T21-10.log
20260826T211045Z_2019n_nir_m06_train,2019n,nir_m06,train,stage tiles 2019n,6477.9,,,phase4_semantic_finetune_train_2019n_2026-08-26T23-17.log
20260826T211045Z_2019n_nir_m06_train,2019n,nir_m06,train,copy sem_best_2019n_nir_m06.pt,52.8,773010166,14.64,phase4_semantic_finetune_train_2019n_2026-08-26T23-17.log
20260826T211045Z_2019n_nir_m06_train,2019n,nir_m06,train,copy sem_best_2019n_nir_m06.pt,1.8,773010166,429.45,phase4_semantic_finetune_train_2019n_2026-08-26T23-17.log
20260826T211045Z_2019n_nir_m06_train,2019n,nir_m06,train,copy sem_best_2019n_nir_m06.pt,1.7,773010166,454.71,phase4_semantic_finetune_train_2019n_2026-08-26T23-17.log
20260826T211045Z_2019n_nir_m06_train,2019n,nir_m06,train,copy sem_latest_2019n_nir_m06.pt,1.6,1113219165,695.76,phase4_semantic_finetune_train_2019n_2026-08-26T23-17.log
20260826T211045Z_2019n_nir_m06_train,2019n,nir_m06,train,copy sem_best_2019n_nir_m06.pt,1.8,773010166,429.45,phase4_semantic_finetune_train_2019n_2026-08-26T23-17.log
20260826T211045Z_2019n_nir_m06_train,2019n,nir_m06,train,copy sem_best_2019n_nir_m06.pt,1.7,773010166,454.71,phase4_semantic_finetune_train_2019n_2026-08-26T23-17.log
20260826T211045Z_2019n_nir_m06_train,2019n,nir_m06,train,copy sem_best_2019n_nir_m06.pt,1.7,773010166,454.71,phase4_semantic_finetune_train_2019n_2026-08-26T23-17.log
20260826T211045Z_2019n_nir_m06_train,2019n,nir_m06,train,copy sem_latest_2019n_nir_m06.pt,1.7,1113219165,654.83,phase4_semantic_finetune_train_2019n_2026-08-26T23-17.log
20260826T211045Z_2019n_nir_m06_train,2019n,nir_m06,train,copy sem_best_2019n_nir_m06.pt,1.6,773010166,483.13,phase4_semantic_finetune_train_2019n_2026-08-26T23-17.log
20260826T211045Z_2019n_nir_m06_train,2019n,nir_m06,train,copy sem_best_2019n_nir_m06.pt,1.7,773010166,454.71,phase4_semantic_finetune_train_2019n_2026-08-26T23-17.log
20260826T211045Z_2019n_nir_m06_train,2019n,nir_m06,train,copy sem_best_2019n_nir_m06.pt,1.7,773010166,454.71,phase4_semantic_finetune_train_2019n_2026-08-26T23-17.log
20260826T211045Z_2019n_nir_m06_train,2019n,nir_m06,train,copy sem_latest_2019n_nir_m06.pt,1.7,1113219165,654.83,phase4_semantic_finetune_train_2019n_2026-08-26T23-17.log
20260826T211045Z_2019n_nir_m06_train,2019n,nir_m06,train,copy sem_latest_2019n_nir_m06.pt,1.6,1113219165,695.76,phase4_semantic_finetune_train_2019n_2026-08-26T23-17.log
20260826T211045Z_2019n_nir_m06_train,2019n,nir_m06,train,copy sem_latest_2019n_nir_m06.pt,2.3,1113219165,484.01,phase4_semantic_finetune_train_2019n_2026-08-26T23-17.log
20260826T211045Z_2019n_nir_m06_train,2019n,nir_m06,train,copy sem_latest_2019n_nir_m06.pt,2.3,1113219165,484.01,phase4_semantic_finetune_train_2019n_2026-08-26T23-17.log
20260826T211045Z_2019n_nir_m06_train,2019n,nir_m06,train,copy sem_latest_2019n_nir_m06.pt,2.6,1113219165,428.16,phase4_semantic_finetune_train_2019n_2026-08-26T23-17.log
20260826T211538Z_2021s_noise_r3_train,2021s,noise_r3,train,copy sem_best_2021s_noise_r3.pt,1.7,1113218081,654.83,phase4_semantic_finetune_train_2021s_2026-08-26T21-48.log
20260826T211538Z_2021s_noise_r3_train,2021s,noise_r3,train,copy sem_best_2021s_noise_r3.pt,1.8,1113218081,618.45,phase4_semantic_finetune_train_2021s_2026-08-26T21-48.log
20260826T211538Z_2021s_noise_r3_train,2021s,noise_r3,train,copy sem_best_2021s_noise_r3.pt,9.5,1113218081,117.18,phase4_semantic_finetune_train_2021s_2026-08-26T21-48.log
20260826T211538Z_2021s_noise_r3_train,2021s,noise_r3,train,copy sem_best_2021s_noise_r3.pt,1.7,1113218081,654.83,phase4_semantic_finetune_train_2021s_2026-08-26T21-48.log
20260826T211538Z_2021s_noise_r3_train,2021s,noise_r3,train,copy sem_latest_2021s_noise_r3.pt,1.8,1113221593,618.46,phase4_semantic_finetune_train_2021s_2026-08-26T21-48.log
20260826T211538Z_2021s_noise_r3_train,2021s,noise_r3,train,copy sem_best_2021s_noise_r3.pt,2.4,1113218081,463.84,phase4_semantic_finetune_train_2021s_2026-08-26T21-48.log
20260826T211538Z_2021s_noise_r3_train,2021s,noise_r3,train,copy sem_best_2021s_noise_r3.pt,1.7,1113218081,654.83,phase4_semantic_finetune_train_2021s_2026-08-26T21-48.log
20260826T211538Z_2021s_noise_r3_train,2021s,noise_r3,train,copy sem_best_2021s_noise_r3.pt,1.7,1113218081,654.83,phase4_semantic_finetune_train_2021s_2026-08-26T21-48.log
20260826T211538Z_2021s_noise_r3_train,2021s,noise_r3,train,copy sem_best_2021s_noise_r3.pt,1.8,1113218081,618.45,phase4_semantic_finetune_train_2021s_2026-08-26T21-48.log
20260826T211538Z_2021s_noise_r3_train,2021s,noise_r3,train,copy sem_latest_2021s_noise_r3.pt,1.7,1113221593,654.84,phase4_semantic_finetune_train_2021s_2026-08-26T21-48.log
20260826T211538Z_2021s_noise_r3_train,2021s,noise_r3,train,copy sem_best_2021s_noise_r3.pt,1.8,1113218081,618.45,phase4_semantic_finetune_train_2021s_2026-08-26T21-48.log
20260826T211538Z_2021s_noise_r3_train,2021s,noise_r3,train,copy sem_best_2021s_noise_r3.pt,1.8,1113218081,618.45,phase4_semantic_finetune_train_2021s_2026-08-26T21-48.log
20260826T211538Z_2021s_noise_r3_train,2021s,noise_r3,train,copy sem_best_2021s_noise_r3.pt,1.8,1113218081,618.45,phase4_semantic_finetune_train_2021s_2026-08-26T21-48.log
20260826T211538Z_2021s_noise_r3_train,2021s,noise_r3,train,copy sem_latest_2021s_noise_r3.pt,1.8,1113221593,618.46,phase4_semantic_finetune_train_2021s_2026-08-26T21-48.log
20260826T211538Z_2021s_noise_r3_train,2021s,noise_r3,train,copy sem_best_2021s_noise_r3.pt,1.9,1113218081,585.90,phase4_semantic_finetune_train_2021s_2026-08-26T21-48.log
20260826T211538Z_2021s_noise_r3_train,2021s,noise_r3,train,copy sem_latest_2021s_noise_r3.pt,2.6,1113221593,428.16,phase4_semantic_finetune_train_2021s_2026-08-26T21-48.log
20260826T211538Z_2021s_noise_r3_train,2021s,noise_r3,train,copy sem_best_2021s_noise_r3.pt,7.2,1113218081,154.61,phase4_semantic_finetune_train_2021s_2026-08-26T21-48.log
20260826T211538Z_2021s_noise_r3_train,2021s,noise_r3,train,copy sem_latest_2021s_noise_r3.pt,2.7,1113221593,412.30,phase4_semantic_finetune_train_2021s_2026-08-26T21-48.log
20260826T211538Z_2021s_noise_r3_train,2021s,noise_r3,train,copy sem_best_2021s_noise_r3.pt,3.3,1113218081,337.34,phase4_semantic_finetune_train_2021s_2026-08-26T21-48.log
20260826T211538Z_2021s_noise_r3_train,2021s,noise_r3,train,copy sem_best_2021s_noise_r3.pt,2.8,1113218081,397.58,phase4_semantic_finetune_train_2021s_2026-08-26T21-48.log
20260826T211538Z_2021s_noise_r3_train,2021s,noise_r3,train,copy sem_latest_2021s_noise_r3.pt,2.7,1113221593,412.30,phase4_semantic_finetune_train_2021s_2026-08-26T21-48.log
20260826T211538Z_2021s_noise_r3_train,2021s,noise_r3,train,copy sem_best_2021s_noise_r3.pt,6.3,1113218081,176.70,phase4_semantic_finetune_train_2021s_2026-08-26T21-48.log
20260826T211538Z_2021s_noise_r3_train,2021s,noise_r3,train,copy sem_latest_2021s_noise_r3.pt,3.1,1113221593,359.10,phase4_semantic_finetune_train_2021s_2026-08-26T21-48.log
20260826T211538Z_2021s_noise_r3_train,2021s,noise_r3,train,copy sem_latest_2021s_noise_r3.pt,2.3,1113221593,484.01,phase4_semantic_finetune_train_2021s_2026-08-26T21-48.log
20260826T211538Z_2021s_noise_r3_train,2021s,noise_r3,train,copy sem_best_2021s_noise_r3.pt,2.4,1113218081,463.84,phase4_semantic_finetune_train_2021s_2026-08-26T21-48.log
20260826T211538Z_2021s_noise_r3_train,2021s,noise_r3,train,copy sem_latest_2021s_noise_r3.pt,2.6,1113221593,428.16,phase4_semantic_finetune_train_2021s_2026-08-26T21-48.log
20260826T211538Z_2021s_noise_r3_train,2021s,noise_r3,train,copy sem_best_2021s_noise_r3.pt,2.5,1113218081,445.29,phase4_semantic_finetune_train_2021s_2026-08-26T21-48.log
20260826T211538Z_2021s_noise_r3_train,2021s,noise_r3,train,copy sem_latest_2021s_noise_r3.pt,2.6,1113221593,428.16,phase4_semantic_finetune_train_2021s_2026-08-26T21-48.log
20260826T224037Z_2021s_noise_r3_inference,2021s,noise_r3,inference,stage 2021_snoh_6in_rgbi.tif,187.7,10764289402,57.35,phase4_semantic_finetune_inference_2021s_2026-08-26T22-47.log
20260826T224037Z_2021s_noise_r3_inference,2021s,noise_r3,inference,inference,128.8,,,phase4_semantic_finetune_inference_2021s_2026-08-26T22-47.log
20260826T224037Z_2021s_noise_r3_inference,2021s,noise_r3,inference,copy edmonds_canopy_prob_2021s_noise_r3.tif,0.3,179797148,599.32,phase4_semantic_finetune_inference_2021s_2026-08-26T22-47.log
20260826T230931Z_2021s_noise_r4_train,2021s,noise_r4,train,copy sem_best_2021s_noise_r4.pt,1.7,1113218081,654.83,phase4_semantic_finetune_train_2021s_2026-08-26T23-43.log
20260826T230931Z_2021s_noise_r4_train,2021s,noise_r4,train,copy sem_best_2021s_noise_r4.pt,1.7,1113218081,654.83,phase4_semantic_finetune_train_2021s_2026-08-26T23-43.log
20260826T230931Z_2021s_noise_r4_train,2021s,noise_r4,train,copy sem_best_2021s_noise_r4.pt,1.9,1113218081,585.90,phase4_semantic_finetune_train_2021s_2026-08-26T23-43.log
20260826T230931Z_2021s_noise_r4_train,2021s,noise_r4,train,copy sem_best_2021s_noise_r4.pt,1.7,1113218081,654.83,phase4_semantic_finetune_train_2021s_2026-08-26T23-43.log
20260826T230931Z_2021s_noise_r4_train,2021s,noise_r4,train,copy sem_latest_2021s_noise_r4.pt,1.7,1113221593,654.84,phase4_semantic_finetune_train_2021s_2026-08-26T23-43.log
20260826T230931Z_2021s_noise_r4_train,2021s,noise_r4,train,copy sem_best_2021s_noise_r4.pt,1.7,1113218081,654.83,phase4_semantic_finetune_train_2021s_2026-08-26T23-43.log
20260826T230931Z_2021s_noise_r4_train,2021s,noise_r4,train,copy sem_latest_2021s_noise_r4.pt,1.5,1113221593,742.15,phase4_semantic_finetune_train_2021s_2026-08-26T23-43.log
20260826T230931Z_2021s_noise_r4_train,2021s,noise_r4,train,copy sem_best_2021s_noise_r4.pt,1.6,1113218081,695.76,phase4_semantic_finetune_train_2021s_2026-08-26T23-43.log
20260826T230931Z_2021s_noise_r4_train,2021s,noise_r4,train,copy sem_best_2021s_noise_r4.pt,1.6,1113218081,695.76,phase4_semantic_finetune_train_2021s_2026-08-26T23-43.log
20260826T230931Z_2021s_noise_r4_train,2021s,noise_r4,train,copy sem_latest_2021s_noise_r4.pt,1.9,1113221593,585.91,phase4_semantic_finetune_train_2021s_2026-08-26T23-43.log
20260826T230931Z_2021s_noise_r4_train,2021s,noise_r4,train,copy sem_best_2021s_noise_r4.pt,1.7,1113218081,654.83,phase4_semantic_finetune_train_2021s_2026-08-26T23-43.log
20260826T230931Z_2021s_noise_r4_train,2021s,noise_r4,train,copy sem_latest_2021s_noise_r4.pt,1.7,1113221593,654.84,phase4_semantic_finetune_train_2021s_2026-08-26T23-43.log
20260826T230931Z_2021s_noise_r4_train,2021s,noise_r4,train,copy sem_best_2021s_noise_r4.pt,2.6,1113218081,428.16,phase4_semantic_finetune_train_2021s_2026-08-26T23-43.log
20260826T230931Z_2021s_noise_r4_train,2021s,noise_r4,train,copy sem_latest_2021s_noise_r4.pt,2.7,1113221593,412.30,phase4_semantic_finetune_train_2021s_2026-08-26T23-43.log
20260826T230931Z_2021s_noise_r4_train,2021s,noise_r4,train,copy sem_best_2021s_noise_r4.pt,2.5,1113218081,445.29,phase4_semantic_finetune_train_2021s_2026-08-26T23-43.log
20260826T230931Z_2021s_noise_r4_train,2021s,noise_r4,train,copy sem_best_2021s_noise_r4.pt,2.4,1113218081,463.84,phase4_semantic_finetune_train_2021s_2026-08-26T23-43.log
20260826T230931Z_2021s_noise_r4_train,2021s,noise_r4,train,copy sem_latest_2021s_noise_r4.pt,4.0,1113221593,278.31,phase4_semantic_finetune_train_2021s_2026-08-26T23-43.log
20260826T230931Z_2021s_noise_r4_train,2021s,noise_r4,train,copy sem_best_2021s_noise_r4.pt,2.3,1113218081,484.01,phase4_semantic_finetune_train_2021s_2026-08-26T23-43.log
20260826T230931Z_2021s_noise_r4_train,2021s,noise_r4,train,copy sem_best_2021s_noise_r4.pt,2.2,1113218081,506.01,phase4_semantic_finetune_train_2021s_2026-08-26T23-43.log
20260826T230931Z_2021s_noise_r4_train,2021s,noise_r4,train,copy sem_latest_2021s_noise_r4.pt,3.1,1113221593,359.10,phase4_semantic_finetune_train_2021s_2026-08-26T23-43.log
20260826T230931Z_2021s_noise_r4_train,2021s,noise_r4,train,copy sem_best_2021s_noise_r4.pt,2.6,1113218081,428.16,phase4_semantic_finetune_train_2021s_2026-08-26T23-43.log
20260826T230931Z_2021s_noise_r4_train,2021s,noise_r4,train,copy sem_latest_2021s_noise_r4.pt,2.7,1113221593,412.30,phase4_semantic_finetune_train_2021s_2026-08-26T23-43.log
20260826T230931Z_2021s_noise_r4_train,2021s,noise_r4,train,copy sem_latest_2021s_noise_r4.pt,2.6,1113221593,428.16,phase4_semantic_finetune_train_2021s_2026-08-26T23-43.log
20260826T230931Z_2021s_noise_r4_train,2021s,noise_r4,train,copy sem_best_2021s_noise_r4.pt,2.6,1113218081,428.16,phase4_semantic_finetune_train_2021s_2026-08-26T23-43.log
20260826T230931Z_2021s_noise_r4_train,2021s,noise_r4,train,copy sem_best_2021s_noise_r4.pt,7.0,1113218081,159.03,phase4_semantic_finetune_train_2021s_2026-08-26T23-43.log
20260826T230931Z_2021s_noise_r4_train,2021s,noise_r4,train,copy sem_latest_2021s_noise_r4.pt,2.7,1113221593,412.30,phase4_semantic_finetune_train_2021s_2026-08-26T23-43.log
20260827T001300Z_2019n_nir_m06_inference,2019n,nir_m06,inference,stage 2019_naip_60cm_rgbi.tif,65.8,757507269,11.51,phase4_semantic_finetune_inference_2019n_2026-08-27T00-16.log
20260827T001300Z_2019n_nir_m06_inference,2019n,nir_m06,inference,inference,51.5,,,phase4_semantic_finetune_inference_2019n_2026-08-27T00-16.log
20260827T001300Z_2019n_nir_m06_inference,2019n,nir_m06,inference,copy edmonds_canopy_prob_2019n_nir_m06.tif,0.0,17441659,,phase4_semantic_finetune_inference_2019n_2026-08-27T00-16.log
20260827T003847Z_2021s_noise_r4_inference,2021s,noise_r4,inference,stage 2021_snoh_6in_rgbi.tif,358.3,10764289402,30.04,phase4_semantic_finetune_inference_2021s_2026-08-27T00-49.log
20260827T003847Z_2021s_noise_r4_inference,2021s,noise_r4,inference,inference,128.9,,,phase4_semantic_finetune_inference_2021s_2026-08-27T00-49.log
20260827T003847Z_2021s_noise_r4_inference,2021s,noise_r4,inference,copy edmonds_canopy_prob_2021s_noise_r4.tif,0.5,175813520,351.63,phase4_semantic_finetune_inference_2021s_2026-08-27T00-49.log
20260827T004634Z_2000_fullext_sectors_v1_train,2000,fullext_sectors_v1,train,stage tiles 2000,7878.6,,,phase4_semantic_finetune_train_2000_2026-08-27T03-12.log
20260827T004634Z_2000_fullext_sectors_v1_train,2000,fullext_sectors_v1,train,copy sem_best_2000_fullext_sectors_v1.pt,1.6,773018140,483.14,phase4_semantic_finetune_train_2000_2026-08-27T03-12.log
20260827T004634Z_2000_fullext_sectors_v1_train,2000,fullext_sectors_v1,train,copy sem_best_2000_fullext_sectors_v1.pt,1.8,773018140,429.45,phase4_semantic_finetune_train_2000_2026-08-27T03-12.log
20260827T004634Z_2000_fullext_sectors_v1_train,2000,fullext_sectors_v1,train,copy sem_best_2000_fullext_sectors_v1.pt,1.8,773018140,429.45,phase4_semantic_finetune_train_2000_2026-08-27T03-12.log
20260827T004634Z_2000_fullext_sectors_v1_train,2000,fullext_sectors_v1,train,copy sem_best_2000_fullext_sectors_v1.pt,1.7,773018140,454.72,phase4_semantic_finetune_train_2000_2026-08-27T03-12.log
20260827T004634Z_2000_fullext_sectors_v1_train,2000,fullext_sectors_v1,train,copy sem_best_2000_fullext_sectors_v1.pt,1.9,773018140,406.85,phase4_semantic_finetune_train_2000_2026-08-27T03-12.log
20260827T004634Z_2000_fullext_sectors_v1_train,2000,fullext_sectors_v1,train,copy sem_latest_2000_fullext_sectors_v1.pt,1.9,1113236405,585.91,phase4_semantic_finetune_train_2000_2026-08-27T03-12.log
20260827T004634Z_2000_fullext_sectors_v1_train,2000,fullext_sectors_v1,train,copy sem_best_2000_fullext_sectors_v1.pt,1.8,773018140,429.45,phase4_semantic_finetune_train_2000_2026-08-27T03-12.log
20260827T004634Z_2000_fullext_sectors_v1_train,2000,fullext_sectors_v1,train,copy sem_best_2000_fullext_sectors_v1.pt,1.8,773018140,429.45,phase4_semantic_finetune_train_2000_2026-08-27T03-12.log
20260827T004634Z_2000_fullext_sectors_v1_train,2000,fullext_sectors_v1,train,copy sem_best_2000_fullext_sectors_v1.pt,1.8,773018140,429.45,phase4_semantic_finetune_train_2000_2026-08-27T03-12.log
20260827T004634Z_2000_fullext_sectors_v1_train,2000,fullext_sectors_v1,train,copy sem_best_2000_fullext_sectors_v1.pt,2.1,773018140,368.10,phase4_semantic_finetune_train_2000_2026-08-27T03-12.log
20260827T004634Z_2000_fullext_sectors_v1_train,2000,fullext_sectors_v1,train,copy sem_latest_2000_fullext_sectors_v1.pt,1.9,1113236405,585.91,phase4_semantic_finetune_train_2000_2026-08-27T03-12.log
20260827T004634Z_2000_fullext_sectors_v1_train,2000,fullext_sectors_v1,train,copy sem_best_2000_fullext_sectors_v1.pt,1.8,773018140,429.45,phase4_semantic_finetune_train_2000_2026-08-27T03-12.log
20260827T004634Z_2000_fullext_sectors_v1_train,2000,fullext_sectors_v1,train,copy sem_best_2000_fullext_sectors_v1.pt,1.7,773018140,454.72,phase4_semantic_finetune_train_2000_2026-08-27T03-12.log
20260827T004634Z_2000_fullext_sectors_v1_train,2000,fullext_sectors_v1,train,copy sem_best_2000_fullext_sectors_v1.pt,1.8,773018140,429.45,phase4_semantic_finetune_train_2000_2026-08-27T03-12.log
20260827T004634Z_2000_fullext_sectors_v1_train,2000,fullext_sectors_v1,train,copy sem_latest_2000_fullext_sectors_v1.pt,1.8,1113236405,618.46,phase4_semantic_finetune_train_2000_2026-08-27T03-12.log
20260827T004634Z_2000_fullext_sectors_v1_train,2000,fullext_sectors_v1,train,copy sem_best_2000_fullext_sectors_v1.pt,1.6,773018140,483.14,phase4_semantic_finetune_train_2000_2026-08-27T03-12.log
20260827T004634Z_2000_fullext_sectors_v1_train,2000,fullext_sectors_v1,train,copy sem_latest_2000_fullext_sectors_v1.pt,1.9,1113236405,585.91,phase4_semantic_finetune_train_2000_2026-08-27T03-12.log
20260827T004634Z_2000_fullext_sectors_v1_train,2000,fullext_sectors_v1,train,copy sem_latest_2000_fullext_sectors_v1.pt,2.4,1113236405,463.85,phase4_semantic_finetune_train_2000_2026-08-27T03-12.log
20260827T004634Z_2000_fullext_sectors_v1_train,2000,fullext_sectors_v1,train,copy sem_latest_2000_fullext_sectors_v1.pt,2.7,1113236405,412.31,phase4_semantic_finetune_train_2000_2026-08-27T03-12.log
20260827T004634Z_2000_fullext_sectors_v1_train,2000,fullext_sectors_v1,train,copy sem_latest_2000_fullext_sectors_v1.pt,2.3,1113236405,484.02,phase4_semantic_finetune_train_2000_2026-08-27T03-12.log
20260827T011048Z_2021s_noise_r5_train,2021s,noise_r5,train,copy sem_best_2021s_noise_r5.pt,7.9,1113217825,140.91,phase4_semantic_finetune_train_2021s_2026-08-27T01-44.log
20260827T011048Z_2021s_noise_r5_train,2021s,noise_r5,train,copy sem_best_2021s_noise_r5.pt,1.8,1113217825,618.45,phase4_semantic_finetune_train_2021s_2026-08-27T01-44.log
20260827T011048Z_2021s_noise_r5_train,2021s,noise_r5,train,copy sem_best_2021s_noise_r5.pt,1.6,1113217825,695.76,phase4_semantic_finetune_train_2021s_2026-08-27T01-44.log
20260827T011048Z_2021s_noise_r5_train,2021s,noise_r5,train,copy sem_latest_2021s_noise_r5.pt,1.8,1113221593,618.46,phase4_semantic_finetune_train_2021s_2026-08-27T01-44.log
20260827T011048Z_2021s_noise_r5_train,2021s,noise_r5,train,copy sem_best_2021s_noise_r5.pt,1.7,1113217825,654.83,phase4_semantic_finetune_train_2021s_2026-08-27T01-44.log
20260827T011048Z_2021s_noise_r5_train,2021s,noise_r5,train,copy sem_best_2021s_noise_r5.pt,1.9,1113217825,585.90,phase4_semantic_finetune_train_2021s_2026-08-27T01-44.log
20260827T011048Z_2021s_noise_r5_train,2021s,noise_r5,train,copy sem_best_2021s_noise_r5.pt,1.8,1113217825,618.45,phase4_semantic_finetune_train_2021s_2026-08-27T01-44.log
20260827T011048Z_2021s_noise_r5_train,2021s,noise_r5,train,copy sem_best_2021s_noise_r5.pt,5.0,1113217825,222.64,phase4_semantic_finetune_train_2021s_2026-08-27T01-44.log
20260827T011048Z_2021s_noise_r5_train,2021s,noise_r5,train,copy sem_best_2021s_noise_r5.pt,1.7,1113217825,654.83,phase4_semantic_finetune_train_2021s_2026-08-27T01-44.log
20260827T011048Z_2021s_noise_r5_train,2021s,noise_r5,train,copy sem_latest_2021s_noise_r5.pt,3.9,1113221593,285.44,phase4_semantic_finetune_train_2021s_2026-08-27T01-44.log
20260827T011048Z_2021s_noise_r5_train,2021s,noise_r5,train,copy sem_best_2021s_noise_r5.pt,1.6,1113217825,695.76,phase4_semantic_finetune_train_2021s_2026-08-27T01-44.log
20260827T011048Z_2021s_noise_r5_train,2021s,noise_r5,train,copy sem_best_2021s_noise_r5.pt,1.5,1113217825,742.15,phase4_semantic_finetune_train_2021s_2026-08-27T01-44.log
20260827T011048Z_2021s_noise_r5_train,2021s,noise_r5,train,copy sem_best_2021s_noise_r5.pt,1.8,1113217825,618.45,phase4_semantic_finetune_train_2021s_2026-08-27T01-44.log
20260827T011048Z_2021s_noise_r5_train,2021s,noise_r5,train,copy sem_latest_2021s_noise_r5.pt,1.9,1113221593,585.91,phase4_semantic_finetune_train_2021s_2026-08-27T01-44.log
20260827T011048Z_2021s_noise_r5_train,2021s,noise_r5,train,copy sem_best_2021s_noise_r5.pt,1.8,1113217825,618.45,phase4_semantic_finetune_train_2021s_2026-08-27T01-44.log
20260827T011048Z_2021s_noise_r5_train,2021s,noise_r5,train,copy sem_best_2021s_noise_r5.pt,1.6,1113217825,695.76,phase4_semantic_finetune_train_2021s_2026-08-27T01-44.log
20260827T011048Z_2021s_noise_r5_train,2021s,noise_r5,train,copy sem_latest_2021s_noise_r5.pt,1.9,1113221593,585.91,phase4_semantic_finetune_train_2021s_2026-08-27T01-44.log
20260827T011048Z_2021s_noise_r5_train,2021s,noise_r5,train,copy sem_best_2021s_noise_r5.pt,2.8,1113217825,397.58,phase4_semantic_finetune_train_2021s_2026-08-27T01-44.log
20260827T011048Z_2021s_noise_r5_train,2021s,noise_r5,train,copy sem_latest_2021s_noise_r5.pt,2.8,1113221593,397.58,phase4_semantic_finetune_train_2021s_2026-08-27T01-44.log
20260827T011048Z_2021s_noise_r5_train,2021s,noise_r5,train,copy sem_best_2021s_noise_r5.pt,2.4,1113217825,463.84,phase4_semantic_finetune_train_2021s_2026-08-27T01-44.log
20260827T011048Z_2021s_noise_r5_train,2021s,noise_r5,train,copy sem_latest_2021s_noise_r5.pt,2.7,1113221593,412.30,phase4_semantic_finetune_train_2021s_2026-08-27T01-44.log
20260827T011048Z_2021s_noise_r5_train,2021s,noise_r5,train,copy sem_best_2021s_noise_r5.pt,4.4,1113217825,253.00,phase4_semantic_finetune_train_2021s_2026-08-27T01-44.log
20260827T011048Z_2021s_noise_r5_train,2021s,noise_r5,train,copy sem_latest_2021s_noise_r5.pt,2.5,1113221593,445.29,phase4_semantic_finetune_train_2021s_2026-08-27T01-44.log
20260827T011048Z_2021s_noise_r5_train,2021s,noise_r5,train,copy sem_latest_2021s_noise_r5.pt,2.8,1113221593,397.58,phase4_semantic_finetune_train_2021s_2026-08-27T01-44.log
20260827T011048Z_2021s_noise_r5_train,2021s,noise_r5,train,copy sem_best_2021s_noise_r5.pt,2.6,1113217825,428.16,phase4_semantic_finetune_train_2021s_2026-08-27T01-44.log
20260827T011048Z_2021s_noise_r5_train,2021s,noise_r5,train,copy sem_best_2021s_noise_r5.pt,2.8,1113217825,397.58,phase4_semantic_finetune_train_2021s_2026-08-27T01-44.log
20260827T011048Z_2021s_noise_r5_train,2021s,noise_r5,train,copy sem_latest_2021s_noise_r5.pt,2.5,1113221593,445.29,phase4_semantic_finetune_train_2021s_2026-08-27T01-44.log
20260827T011048Z_2021s_noise_r5_train,2021s,noise_r5,train,copy sem_latest_2021s_noise_r5.pt,2.4,1113221593,463.84,phase4_semantic_finetune_train_2021s_2026-08-27T01-44.log
20260827T022746Z_2021s_noise_r5_inference,2021s,noise_r5,inference,stage 2021_snoh_6in_rgbi.tif,327.8,10764289402,32.84,phase4_semantic_finetune_inference_2021s_2026-08-27T02-36.log
20260827T022746Z_2021s_noise_r5_inference,2021s,noise_r5,inference,inference,129.4,,,phase4_semantic_finetune_inference_2021s_2026-08-27T02-36.log
20260827T022746Z_2021s_noise_r5_inference,2021s,noise_r5,inference,copy edmonds_canopy_prob_2021s_noise_r5.tif,0.4,184210282,460.53,phase4_semantic_finetune_inference_2021s_2026-08-27T02-36.log
20260827T043645Z_2013_fullext_sectors_v1_train,2013,fullext_sectors_v1,train,copy sem_best_2013_fullext_sectors_v1.pt,1.8,1113232509,618.46,phase4_semantic_finetune_train_2013_2026-08-27T05-03.log
20260827T043645Z_2013_fullext_sectors_v1_train,2013,fullext_sectors_v1,train,copy sem_best_2013_fullext_sectors_v1.pt,1.8,1113232509,618.46,phase4_semantic_finetune_train_2013_2026-08-27T05-03.log
20260827T043645Z_2013_fullext_sectors_v1_train,2013,fullext_sectors_v1,train,copy sem_best_2013_fullext_sectors_v1.pt,1.9,1113232509,585.91,phase4_semantic_finetune_train_2013_2026-08-27T05-03.log
20260827T043645Z_2013_fullext_sectors_v1_train,2013,fullext_sectors_v1,train,copy sem_best_2013_fullext_sectors_v1.pt,1.7,1113232509,654.84,phase4_semantic_finetune_train_2013_2026-08-27T05-03.log
20260827T043645Z_2013_fullext_sectors_v1_train,2013,fullext_sectors_v1,train,copy sem_latest_2013_fullext_sectors_v1.pt,1.8,1113236661,618.46,phase4_semantic_finetune_train_2013_2026-08-27T05-03.log
20260827T043645Z_2013_fullext_sectors_v1_train,2013,fullext_sectors_v1,train,copy sem_best_2013_fullext_sectors_v1.pt,1.8,1113232509,618.46,phase4_semantic_finetune_train_2013_2026-08-27T05-03.log
20260827T043645Z_2013_fullext_sectors_v1_train,2013,fullext_sectors_v1,train,copy sem_best_2013_fullext_sectors_v1.pt,1.9,1113232509,585.91,phase4_semantic_finetune_train_2013_2026-08-27T05-03.log
20260827T043645Z_2013_fullext_sectors_v1_train,2013,fullext_sectors_v1,train,copy sem_best_2013_fullext_sectors_v1.pt,1.8,1113232509,618.46,phase4_semantic_finetune_train_2013_2026-08-27T05-03.log
20260827T043645Z_2013_fullext_sectors_v1_train,2013,fullext_sectors_v1,train,copy sem_latest_2013_fullext_sectors_v1.pt,1.6,1113236661,695.77,phase4_semantic_finetune_train_2013_2026-08-27T05-03.log
20260827T043645Z_2013_fullext_sectors_v1_train,2013,fullext_sectors_v1,train,copy sem_best_2013_fullext_sectors_v1.pt,1.8,1113232509,618.46,phase4_semantic_finetune_train_2013_2026-08-27T05-03.log
20260827T043645Z_2013_fullext_sectors_v1_train,2013,fullext_sectors_v1,train,copy sem_latest_2013_fullext_sectors_v1.pt,1.9,1113236661,585.91,phase4_semantic_finetune_train_2013_2026-08-27T05-03.log
20260827T043645Z_2013_fullext_sectors_v1_train,2013,fullext_sectors_v1,train,copy sem_best_2013_fullext_sectors_v1.pt,1.7,1113232509,654.84,phase4_semantic_finetune_train_2013_2026-08-27T05-03.log
20260827T043645Z_2013_fullext_sectors_v1_train,2013,fullext_sectors_v1,train,copy sem_best_2013_fullext_sectors_v1.pt,1.8,1113232509,618.46,phase4_semantic_finetune_train_2013_2026-08-27T05-03.log
20260827T043645Z_2013_fullext_sectors_v1_train,2013,fullext_sectors_v1,train,copy sem_best_2013_fullext_sectors_v1.pt,1.8,1113232509,618.46,phase4_semantic_finetune_train_2013_2026-08-27T05-03.log
20260827T043645Z_2013_fullext_sectors_v1_train,2013,fullext_sectors_v1,train,copy sem_latest_2013_fullext_sectors_v1.pt,62.2,1113236661,17.90,phase4_semantic_finetune_train_2013_2026-08-27T05-03.log
20260827T043645Z_2013_fullext_sectors_v1_train,2013,fullext_sectors_v1,train,copy sem_best_2013_fullext_sectors_v1.pt,2.4,1113232509,463.85,phase4_semantic_finetune_train_2013_2026-08-27T05-03.log
20260827T043645Z_2013_fullext_sectors_v1_train,2013,fullext_sectors_v1,train,copy sem_best_2013_fullext_sectors_v1.pt,2.8,1113232509,397.58,phase4_semantic_finetune_train_2013_2026-08-27T05-03.log
20260827T043645Z_2013_fullext_sectors_v1_train,2013,fullext_sectors_v1,train,copy sem_latest_2013_fullext_sectors_v1.pt,2.7,1113236661,412.31,phase4_semantic_finetune_train_2013_2026-08-27T05-03.log
20260827T043645Z_2013_fullext_sectors_v1_train,2013,fullext_sectors_v1,train,copy sem_best_2013_fullext_sectors_v1.pt,2.6,1113232509,428.17,phase4_semantic_finetune_train_2013_2026-08-27T05-03.log
20260827T043645Z_2013_fullext_sectors_v1_train,2013,fullext_sectors_v1,train,copy sem_latest_2013_fullext_sectors_v1.pt,4.1,1113236661,271.52,phase4_semantic_finetune_train_2013_2026-08-27T05-03.log
20260827T043645Z_2013_fullext_sectors_v1_train,2013,fullext_sectors_v1,train,copy sem_latest_2013_fullext_sectors_v1.pt,2.6,1113236661,428.17,phase4_semantic_finetune_train_2013_2026-08-27T05-03.log
20260827T043645Z_2013_fullext_sectors_v1_train,2013,fullext_sectors_v1,train,copy sem_latest_2013_fullext_sectors_v1.pt,2.6,1113236661,428.17,phase4_semantic_finetune_train_2013_2026-08-27T05-03.log
20260827T050341Z_2013_fullext_sectors_v1_inference,2013,fullext_sectors_v1,inference,stage 2013_king_rgb.tif,459.2,9855797426,21.46,phase4_semantic_finetune_inference_2013_2026-08-27T05-16.log
20260827T050341Z_2013_fullext_sectors_v1_inference,2013,fullext_sectors_v1,inference,stage lidar_snoh_chm.tif,24.7,75698441,3.06,phase4_semantic_finetune_inference_2013_2026-08-27T05-16.log
20260827T050341Z_2013_fullext_sectors_v1_inference,2013,fullext_sectors_v1,inference,inference,215.2,,,phase4_semantic_finetune_inference_2013_2026-08-27T05-16.log
20260827T050341Z_2013_fullext_sectors_v1_inference,2013,fullext_sectors_v1,inference,copy edmonds_canopy_prob_2013_fullext_sectors_v1.tif,0.8,345829082,432.29,phase4_semantic_finetune_inference_2013_2026-08-27T05-16.log
20260827T053157Z_2018s_fullext_sectors_v1_train,2018s,fullext_sectors_v1,train,copy sem_best_2018s_fullext_sectors_v1.pt,1.6,1113235065,695.77,phase4_semantic_finetune_train_2018s_2026-08-27T06-01.log
20260827T053157Z_2018s_fullext_sectors_v1_train,2018s,fullext_sectors_v1,train,copy sem_best_2018s_fullext_sectors_v1.pt,1.5,1113235065,742.16,phase4_semantic_finetune_train_2018s_2026-08-27T06-01.log
20260827T053157Z_2018s_fullext_sectors_v1_train,2018s,fullext_sectors_v1,train,copy sem_best_2018s_fullext_sectors_v1.pt,1.8,1113235065,618.46,phase4_semantic_finetune_train_2018s_2026-08-27T06-01.log
20260827T053157Z_2018s_fullext_sectors_v1_train,2018s,fullext_sectors_v1,train,copy sem_best_2018s_fullext_sectors_v1.pt,1.7,1113235065,654.84,phase4_semantic_finetune_train_2018s_2026-08-27T06-01.log
20260827T053157Z_2018s_fullext_sectors_v1_train,2018s,fullext_sectors_v1,train,copy sem_best_2018s_fullext_sectors_v1.pt,1.8,1113235065,618.46,phase4_semantic_finetune_train_2018s_2026-08-27T06-01.log
20260827T053157Z_2018s_fullext_sectors_v1_train,2018s,fullext_sectors_v1,train,copy sem_latest_2018s_fullext_sectors_v1.pt,1.7,1113238833,654.85,phase4_semantic_finetune_train_2018s_2026-08-27T06-01.log
20260827T053157Z_2018s_fullext_sectors_v1_train,2018s,fullext_sectors_v1,train,copy sem_best_2018s_fullext_sectors_v1.pt,1.8,1113235065,618.46,phase4_semantic_finetune_train_2018s_2026-08-27T06-01.log
20260827T053157Z_2018s_fullext_sectors_v1_train,2018s,fullext_sectors_v1,train,copy sem_best_2018s_fullext_sectors_v1.pt,1.8,1113235065,618.46,phase4_semantic_finetune_train_2018s_2026-08-27T06-01.log
20260827T053157Z_2018s_fullext_sectors_v1_train,2018s,fullext_sectors_v1,train,copy sem_latest_2018s_fullext_sectors_v1.pt,1.8,1113238833,618.47,phase4_semantic_finetune_train_2018s_2026-08-27T06-01.log
20260827T053157Z_2018s_fullext_sectors_v1_train,2018s,fullext_sectors_v1,train,copy sem_best_2018s_fullext_sectors_v1.pt,1.8,1113235065,618.46,phase4_semantic_finetune_train_2018s_2026-08-27T06-01.log
20260827T053157Z_2018s_fullext_sectors_v1_train,2018s,fullext_sectors_v1,train,copy sem_latest_2018s_fullext_sectors_v1.pt,1.7,1113238833,654.85,phase4_semantic_finetune_train_2018s_2026-08-27T06-01.log
20260827T053157Z_2018s_fullext_sectors_v1_train,2018s,fullext_sectors_v1,train,copy sem_best_2018s_fullext_sectors_v1.pt,1.7,1113235065,654.84,phase4_semantic_finetune_train_2018s_2026-08-27T06-01.log
20260827T053157Z_2018s_fullext_sectors_v1_train,2018s,fullext_sectors_v1,train,copy sem_latest_2018s_fullext_sectors_v1.pt,1.9,1113238833,585.92,phase4_semantic_finetune_train_2018s_2026-08-27T06-01.log
20260827T053157Z_2018s_fullext_sectors_v1_train,2018s,fullext_sectors_v1,train,copy sem_latest_2018s_fullext_sectors_v1.pt,2.6,1113238833,428.17,phase4_semantic_finetune_train_2018s_2026-08-27T06-01.log
20260827T053157Z_2018s_fullext_sectors_v1_train,2018s,fullext_sectors_v1,train,copy sem_best_2018s_fullext_sectors_v1.pt,2.6,1113235065,428.17,phase4_semantic_finetune_train_2018s_2026-08-27T06-01.log
20260827T053157Z_2018s_fullext_sectors_v1_train,2018s,fullext_sectors_v1,train,copy sem_latest_2018s_fullext_sectors_v1.pt,2.6,1113238833,428.17,phase4_semantic_finetune_train_2018s_2026-08-27T06-01.log
20260827T053157Z_2018s_fullext_sectors_v1_train,2018s,fullext_sectors_v1,train,copy sem_best_2018s_fullext_sectors_v1.pt,2.6,1113235065,428.17,phase4_semantic_finetune_train_2018s_2026-08-27T06-01.log
20260827T053157Z_2018s_fullext_sectors_v1_train,2018s,fullext_sectors_v1,train,copy sem_best_2018s_fullext_sectors_v1.pt,2.8,1113235065,397.58,phase4_semantic_finetune_train_2018s_2026-08-27T06-01.log
20260827T053157Z_2018s_fullext_sectors_v1_train,2018s,fullext_sectors_v1,train,copy sem_latest_2018s_fullext_sectors_v1.pt,4.8,1113238833,231.92,phase4_semantic_finetune_train_2018s_2026-08-27T06-01.log
20260827T053157Z_2018s_fullext_sectors_v1_train,2018s,fullext_sectors_v1,train,copy sem_latest_2018s_fullext_sectors_v1.pt,2.5,1113238833,445.30,phase4_semantic_finetune_train_2018s_2026-08-27T06-01.log
20260827T053157Z_2018s_fullext_sectors_v1_train,2018s,fullext_sectors_v1,train,copy sem_best_2018s_fullext_sectors_v1.pt,7.4,1113235065,150.44,phase4_semantic_finetune_train_2018s_2026-08-27T06-01.log
20260827T053157Z_2018s_fullext_sectors_v1_train,2018s,fullext_sectors_v1,train,copy sem_best_2018s_fullext_sectors_v1.pt,2.6,1113235065,428.17,phase4_semantic_finetune_train_2018s_2026-08-27T06-01.log
20260827T053157Z_2018s_fullext_sectors_v1_train,2018s,fullext_sectors_v1,train,copy sem_latest_2018s_fullext_sectors_v1.pt,2.4,1113238833,463.85,phase4_semantic_finetune_train_2018s_2026-08-27T06-01.log
20260827T053157Z_2018s_fullext_sectors_v1_train,2018s,fullext_sectors_v1,train,copy sem_latest_2018s_fullext_sectors_v1.pt,2.5,1113238833,445.30,phase4_semantic_finetune_train_2018s_2026-08-27T06-01.log
20260827T054007Z_2007_fullext_sectors_v1_train,2007,fullext_sectors_v1,train,copy sem_best_2007_fullext_sectors_v1.pt,1.7,773018268,454.72,phase4_semantic_finetune_train_2007_2026-08-27T06-03.log
20260827T054007Z_2007_fullext_sectors_v1_train,2007,fullext_sectors_v1,train,copy sem_best_2007_fullext_sectors_v1.pt,1.9,773018268,406.85,phase4_semantic_finetune_train_2007_2026-08-27T06-03.log
20260827T054007Z_2007_fullext_sectors_v1_train,2007,fullext_sectors_v1,train,copy sem_best_2007_fullext_sectors_v1.pt,1.9,773018268,406.85,phase4_semantic_finetune_train_2007_2026-08-27T06-03.log
20260827T054007Z_2007_fullext_sectors_v1_train,2007,fullext_sectors_v1,train,copy sem_best_2007_fullext_sectors_v1.pt,1.7,773018268,454.72,phase4_semantic_finetune_train_2007_2026-08-27T06-03.log
20260827T054007Z_2007_fullext_sectors_v1_train,2007,fullext_sectors_v1,train,copy sem_latest_2007_fullext_sectors_v1.pt,1.9,1113236405,585.91,phase4_semantic_finetune_train_2007_2026-08-27T06-03.log
20260827T054007Z_2007_fullext_sectors_v1_train,2007,fullext_sectors_v1,train,copy sem_best_2007_fullext_sectors_v1.pt,1.8,773018268,429.45,phase4_semantic_finetune_train_2007_2026-08-27T06-03.log
20260827T054007Z_2007_fullext_sectors_v1_train,2007,fullext_sectors_v1,train,copy sem_best_2007_fullext_sectors_v1.pt,1.9,773018268,406.85,phase4_semantic_finetune_train_2007_2026-08-27T06-03.log
20260827T054007Z_2007_fullext_sectors_v1_train,2007,fullext_sectors_v1,train,copy sem_best_2007_fullext_sectors_v1.pt,1.7,773018268,454.72,phase4_semantic_finetune_train_2007_2026-08-27T06-03.log
20260827T054007Z_2007_fullext_sectors_v1_train,2007,fullext_sectors_v1,train,copy sem_latest_2007_fullext_sectors_v1.pt,2.1,1113236405,530.11,phase4_semantic_finetune_train_2007_2026-08-27T06-03.log
20260827T054007Z_2007_fullext_sectors_v1_train,2007,fullext_sectors_v1,train,copy sem_best_2007_fullext_sectors_v1.pt,1.6,773018268,483.14,phase4_semantic_finetune_train_2007_2026-08-27T06-03.log
20260827T054007Z_2007_fullext_sectors_v1_train,2007,fullext_sectors_v1,train,copy sem_best_2007_fullext_sectors_v1.pt,1.6,773018268,483.14,phase4_semantic_finetune_train_2007_2026-08-27T06-03.log
20260827T054007Z_2007_fullext_sectors_v1_train,2007,fullext_sectors_v1,train,copy sem_best_2007_fullext_sectors_v1.pt,1.8,773018268,429.45,phase4_semantic_finetune_train_2007_2026-08-27T06-03.log
20260827T054007Z_2007_fullext_sectors_v1_train,2007,fullext_sectors_v1,train,copy sem_best_2007_fullext_sectors_v1.pt,1.5,773018268,515.35,phase4_semantic_finetune_train_2007_2026-08-27T06-03.log
20260827T054007Z_2007_fullext_sectors_v1_train,2007,fullext_sectors_v1,train,copy sem_latest_2007_fullext_sectors_v1.pt,1.9,1113236405,585.91,phase4_semantic_finetune_train_2007_2026-08-27T06-03.log
20260827T054007Z_2007_fullext_sectors_v1_train,2007,fullext_sectors_v1,train,copy sem_best_2007_fullext_sectors_v1.pt,1.6,773018268,483.14,phase4_semantic_finetune_train_2007_2026-08-27T06-03.log
20260827T054007Z_2007_fullext_sectors_v1_train,2007,fullext_sectors_v1,train,copy sem_latest_2007_fullext_sectors_v1.pt,1.7,1113236405,654.84,phase4_semantic_finetune_train_2007_2026-08-27T06-03.log
20260827T054007Z_2007_fullext_sectors_v1_train,2007,fullext_sectors_v1,train,copy sem_latest_2007_fullext_sectors_v1.pt,2.4,1113236405,463.85,phase4_semantic_finetune_train_2007_2026-08-27T06-03.log
20260827T054007Z_2007_fullext_sectors_v1_train,2007,fullext_sectors_v1,train,copy sem_latest_2007_fullext_sectors_v1.pt,2.5,1113236405,445.29,phase4_semantic_finetune_train_2007_2026-08-27T06-03.log
20260827T054007Z_2007_fullext_sectors_v1_train,2007,fullext_sectors_v1,train,copy sem_latest_2007_fullext_sectors_v1.pt,2.5,1113236405,445.29,phase4_semantic_finetune_train_2007_2026-08-27T06-03.log
20260827T060146Z_2018s_fullext_sectors_v1_inference,2018s,fullext_sectors_v1,inference,stage 2018_snoh_6in_rgbi.tif,533.0,11470030126,21.52,phase4_semantic_finetune_inference_2018s_2026-08-27T06-14.log
20260827T060146Z_2018s_fullext_sectors_v1_inference,2018s,fullext_sectors_v1,inference,inference,131.9,,,phase4_semantic_finetune_inference_2018s_2026-08-27T06-14.log
20260827T060146Z_2018s_fullext_sectors_v1_inference,2018s,fullext_sectors_v1,inference,copy edmonds_canopy_prob_2018s_fullext_sectors_v1.tif,0.4,146112934,365.28,phase4_semantic_finetune_inference_2018s_2026-08-27T06-14.log
20260827T060345Z_2007_fullext_sectors_v1_inference,2007,fullext_sectors_v1,inference,stage 2007_king_rgb.tif,88.1,2925814135,33.21,phase4_semantic_finetune_inference_2007_2026-08-27T06-08.log
20260827T060345Z_2007_fullext_sectors_v1_inference,2007,fullext_sectors_v1,inference,stage lidar_snoh_chm.tif,104.4,75698441,0.73,phase4_semantic_finetune_inference_2007_2026-08-27T06-08.log
20260827T060345Z_2007_fullext_sectors_v1_inference,2007,fullext_sectors_v1,inference,inference,185.9,,,phase4_semantic_finetune_inference_2007_2026-08-27T06-08.log
20260827T060345Z_2007_fullext_sectors_v1_inference,2007,fullext_sectors_v1,inference,copy edmonds_canopy_prob_2007_fullext_sectors_v1.tif,0.2,88248691,441.24,phase4_semantic_finetune_inference_2007_2026-08-27T06-08.log
20260827T062046Z_2009_fullext_sectors_v1_train,2009,fullext_sectors_v1,train,copy sem_best_2009_fullext_sectors_v1.pt,1.6,1113233213,695.77,phase4_semantic_finetune_train_2009_2026-08-27T06-47.log
20260827T062046Z_2009_fullext_sectors_v1_train,2009,fullext_sectors_v1,train,copy sem_best_2009_fullext_sectors_v1.pt,1.8,1113233213,618.46,phase4_semantic_finetune_train_2009_2026-08-27T06-47.log
20260827T062046Z_2009_fullext_sectors_v1_train,2009,fullext_sectors_v1,train,copy sem_best_2009_fullext_sectors_v1.pt,1.7,1113233213,654.84,phase4_semantic_finetune_train_2009_2026-08-27T06-47.log
20260827T062046Z_2009_fullext_sectors_v1_train,2009,fullext_sectors_v1,train,copy sem_best_2009_fullext_sectors_v1.pt,1.8,1113233213,618.46,phase4_semantic_finetune_train_2009_2026-08-27T06-47.log
20260827T062046Z_2009_fullext_sectors_v1_train,2009,fullext_sectors_v1,train,copy sem_latest_2009_fullext_sectors_v1.pt,1.8,1113235893,618.46,phase4_semantic_finetune_train_2009_2026-08-27T06-47.log
20260827T062046Z_2009_fullext_sectors_v1_train,2009,fullext_sectors_v1,train,copy sem_best_2009_fullext_sectors_v1.pt,1.7,1113233213,654.84,phase4_semantic_finetune_train_2009_2026-08-27T06-47.log
20260827T062046Z_2009_fullext_sectors_v1_train,2009,fullext_sectors_v1,train,copy sem_best_2009_fullext_sectors_v1.pt,1.8,1113233213,618.46,phase4_semantic_finetune_train_2009_2026-08-27T06-47.log
20260827T062046Z_2009_fullext_sectors_v1_train,2009,fullext_sectors_v1,train,copy sem_latest_2009_fullext_sectors_v1.pt,1.8,1113235893,618.46,phase4_semantic_finetune_train_2009_2026-08-27T06-47.log
20260827T062046Z_2009_fullext_sectors_v1_train,2009,fullext_sectors_v1,train,copy sem_best_2009_fullext_sectors_v1.pt,1.6,1113233213,695.77,phase4_semantic_finetune_train_2009_2026-08-27T06-47.log
20260827T062046Z_2009_fullext_sectors_v1_train,2009,fullext_sectors_v1,train,copy sem_best_2009_fullext_sectors_v1.pt,1.8,1113233213,618.46,phase4_semantic_finetune_train_2009_2026-08-27T06-47.log
20260827T062046Z_2009_fullext_sectors_v1_train,2009,fullext_sectors_v1,train,copy sem_best_2009_fullext_sectors_v1.pt,1.8,1113233213,618.46,phase4_semantic_finetune_train_2009_2026-08-27T06-47.log
20260827T062046Z_2009_fullext_sectors_v1_train,2009,fullext_sectors_v1,train,copy sem_latest_2009_fullext_sectors_v1.pt,1.6,1113235893,695.77,phase4_semantic_finetune_train_2009_2026-08-27T06-47.log
20260827T062046Z_2009_fullext_sectors_v1_train,2009,fullext_sectors_v1,train,copy sem_best_2009_fullext_sectors_v1.pt,1.7,1113233213,654.84,phase4_semantic_finetune_train_2009_2026-08-27T06-47.log
20260827T062046Z_2009_fullext_sectors_v1_train,2009,fullext_sectors_v1,train,copy sem_latest_2009_fullext_sectors_v1.pt,1.7,1113235893,654.84,phase4_semantic_finetune_train_2009_2026-08-27T06-47.log
20260827T062046Z_2009_fullext_sectors_v1_train,2009,fullext_sectors_v1,train,copy sem_best_2009_fullext_sectors_v1.pt,2.4,1113233213,463.85,phase4_semantic_finetune_train_2009_2026-08-27T06-47.log
20260827T062046Z_2009_fullext_sectors_v1_train,2009,fullext_sectors_v1,train,copy sem_latest_2009_fullext_sectors_v1.pt,2.6,1113235893,428.17,phase4_semantic_finetune_train_2009_2026-08-27T06-47.log
20260827T062046Z_2009_fullext_sectors_v1_train,2009,fullext_sectors_v1,train,copy sem_best_2009_fullext_sectors_v1.pt,2.5,1113233213,445.29,phase4_semantic_finetune_train_2009_2026-08-27T06-47.log
20260827T062046Z_2009_fullext_sectors_v1_train,2009,fullext_sectors_v1,train,copy sem_latest_2009_fullext_sectors_v1.pt,2.6,1113235893,428.17,phase4_semantic_finetune_train_2009_2026-08-27T06-47.log
20260827T062046Z_2009_fullext_sectors_v1_train,2009,fullext_sectors_v1,train,copy sem_best_2009_fullext_sectors_v1.pt,2.3,1113233213,484.01,phase4_semantic_finetune_train_2009_2026-08-27T06-47.log
20260827T062046Z_2009_fullext_sectors_v1_train,2009,fullext_sectors_v1,train,copy sem_best_2009_fullext_sectors_v1.pt,2.6,1113233213,428.17,phase4_semantic_finetune_train_2009_2026-08-27T06-47.log
20260827T062046Z_2009_fullext_sectors_v1_train,2009,fullext_sectors_v1,train,copy sem_latest_2009_fullext_sectors_v1.pt,3.0,1113235893,371.08,phase4_semantic_finetune_train_2009_2026-08-27T06-47.log
20260827T062046Z_2009_fullext_sectors_v1_train,2009,fullext_sectors_v1,train,copy sem_latest_2009_fullext_sectors_v1.pt,2.7,1113235893,412.31,phase4_semantic_finetune_train_2009_2026-08-27T06-47.log
20260827T062046Z_2009_fullext_sectors_v1_train,2009,fullext_sectors_v1,train,copy sem_best_2009_fullext_sectors_v1.pt,2.5,1113233213,445.29,phase4_semantic_finetune_train_2009_2026-08-27T06-47.log
20260827T062046Z_2009_fullext_sectors_v1_train,2009,fullext_sectors_v1,train,copy sem_latest_2009_fullext_sectors_v1.pt,2.7,1113235893,412.31,phase4_semantic_finetune_train_2009_2026-08-27T06-47.log
20260827T062046Z_2009_fullext_sectors_v1_train,2009,fullext_sectors_v1,train,copy sem_latest_2009_fullext_sectors_v1.pt,2.5,1113235893,445.29,phase4_semantic_finetune_train_2009_2026-08-27T06-47.log
20260827T064808Z_2009_fullext_sectors_v1_inference,2009,fullext_sectors_v1,inference,stage 2009_king_rgb.tif,171.7,3000263130,17.47,phase4_semantic_finetune_inference_2009_2026-08-27T06-54.log
20260827T064808Z_2009_fullext_sectors_v1_inference,2009,fullext_sectors_v1,inference,inference,81.7,,,phase4_semantic_finetune_inference_2009_2026-08-27T06-54.log
20260827T064808Z_2009_fullext_sectors_v1_inference,2009,fullext_sectors_v1,inference,copy edmonds_canopy_prob_2009_fullext_sectors_v1.tif,0.2,84254114,421.27,phase4_semantic_finetune_inference_2009_2026-08-27T06-54.log
20260827T160301Z_2024_fullext_sectors_v1_train,2024,fullext_sectors_v1,train,copy sem_best_2024_fullext_sectors_v1.pt,1.7,1113233469,654.84,phase4_semantic_finetune_train_2024_2026-08-27T16-37.log
20260827T160301Z_2024_fullext_sectors_v1_train,2024,fullext_sectors_v1,train,copy sem_best_2024_fullext_sectors_v1.pt,1.8,1113233469,618.46,phase4_semantic_finetune_train_2024_2026-08-27T16-37.log
20260827T160301Z_2024_fullext_sectors_v1_train,2024,fullext_sectors_v1,train,copy sem_best_2024_fullext_sectors_v1.pt,1.7,1113233469,654.84,phase4_semantic_finetune_train_2024_2026-08-27T16-37.log
20260827T160301Z_2024_fullext_sectors_v1_train,2024,fullext_sectors_v1,train,copy sem_best_2024_fullext_sectors_v1.pt,1.7,1113233469,654.84,phase4_semantic_finetune_train_2024_2026-08-27T16-37.log
20260827T160301Z_2024_fullext_sectors_v1_train,2024,fullext_sectors_v1,train,copy sem_latest_2024_fullext_sectors_v1.pt,1.7,1113237109,654.85,phase4_semantic_finetune_train_2024_2026-08-27T16-37.log
20260827T160301Z_2024_fullext_sectors_v1_train,2024,fullext_sectors_v1,train,copy sem_best_2024_fullext_sectors_v1.pt,2.0,1113233469,556.62,phase4_semantic_finetune_train_2024_2026-08-27T16-37.log
20260827T160301Z_2024_fullext_sectors_v1_train,2024,fullext_sectors_v1,train,copy sem_best_2024_fullext_sectors_v1.pt,1.9,1113233469,585.91,phase4_semantic_finetune_train_2024_2026-08-27T16-37.log
20260827T160301Z_2024_fullext_sectors_v1_train,2024,fullext_sectors_v1,train,copy sem_best_2024_fullext_sectors_v1.pt,1.8,1113233469,618.46,phase4_semantic_finetune_train_2024_2026-08-27T16-37.log
20260827T160301Z_2024_fullext_sectors_v1_train,2024,fullext_sectors_v1,train,copy sem_latest_2024_fullext_sectors_v1.pt,4.2,1113237109,265.06,phase4_semantic_finetune_train_2024_2026-08-27T16-37.log
20260827T160301Z_2024_fullext_sectors_v1_train,2024,fullext_sectors_v1,train,copy sem_best_2024_fullext_sectors_v1.pt,1.9,1113233469,585.91,phase4_semantic_finetune_train_2024_2026-08-27T16-37.log
20260827T160301Z_2024_fullext_sectors_v1_train,2024,fullext_sectors_v1,train,copy sem_best_2024_fullext_sectors_v1.pt,1.9,1113233469,585.91,phase4_semantic_finetune_train_2024_2026-08-27T16-37.log
20260827T160301Z_2024_fullext_sectors_v1_train,2024,fullext_sectors_v1,train,copy sem_latest_2024_fullext_sectors_v1.pt,1.7,1113237109,654.85,phase4_semantic_finetune_train_2024_2026-08-27T16-37.log
20260827T160301Z_2024_fullext_sectors_v1_train,2024,fullext_sectors_v1,train,copy sem_best_2024_fullext_sectors_v1.pt,1.8,1113233469,618.46,phase4_semantic_finetune_train_2024_2026-08-27T16-37.log
20260827T160301Z_2024_fullext_sectors_v1_train,2024,fullext_sectors_v1,train,copy sem_best_2024_fullext_sectors_v1.pt,1.8,1113233469,618.46,phase4_semantic_finetune_train_2024_2026-08-27T16-37.log
20260827T160301Z_2024_fullext_sectors_v1_train,2024,fullext_sectors_v1,train,copy sem_best_2024_fullext_sectors_v1.pt,1.8,1113233469,618.46,phase4_semantic_finetune_train_2024_2026-08-27T16-37.log
20260827T160301Z_2024_fullext_sectors_v1_train,2024,fullext_sectors_v1,train,copy sem_latest_2024_fullext_sectors_v1.pt,2.3,1113237109,484.02,phase4_semantic_finetune_train_2024_2026-08-27T16-37.log
20260827T160301Z_2024_fullext_sectors_v1_train,2024,fullext_sectors_v1,train,copy sem_best_2024_fullext_sectors_v1.pt,2.4,1113233469,463.85,phase4_semantic_finetune_train_2024_2026-08-27T16-37.log
20260827T160301Z_2024_fullext_sectors_v1_train,2024,fullext_sectors_v1,train,copy sem_latest_2024_fullext_sectors_v1.pt,4.7,1113237109,236.86,phase4_semantic_finetune_train_2024_2026-08-27T16-37.log
20260827T160301Z_2024_fullext_sectors_v1_train,2024,fullext_sectors_v1,train,copy sem_best_2024_fullext_sectors_v1.pt,2.6,1113233469,428.17,phase4_semantic_finetune_train_2024_2026-08-27T16-37.log
20260827T160301Z_2024_fullext_sectors_v1_train,2024,fullext_sectors_v1,train,copy sem_latest_2024_fullext_sectors_v1.pt,2.5,1113237109,445.29,phase4_semantic_finetune_train_2024_2026-08-27T16-37.log
20260827T160301Z_2024_fullext_sectors_v1_train,2024,fullext_sectors_v1,train,copy sem_best_2024_fullext_sectors_v1.pt,2.6,1113233469,428.17,phase4_semantic_finetune_train_2024_2026-08-27T16-37.log
20260827T160301Z_2024_fullext_sectors_v1_train,2024,fullext_sectors_v1,train,copy sem_best_2024_fullext_sectors_v1.pt,2.5,1113233469,445.29,phase4_semantic_finetune_train_2024_2026-08-27T16-37.log
20260827T160301Z_2024_fullext_sectors_v1_train,2024,fullext_sectors_v1,train,copy sem_latest_2024_fullext_sectors_v1.pt,2.6,1113237109,428.17,phase4_semantic_finetune_train_2024_2026-08-27T16-37.log
20260827T160301Z_2024_fullext_sectors_v1_train,2024,fullext_sectors_v1,train,copy sem_best_2024_fullext_sectors_v1.pt,2.6,1113233469,428.17,phase4_semantic_finetune_train_2024_2026-08-27T16-37.log
20260827T160301Z_2024_fullext_sectors_v1_train,2024,fullext_sectors_v1,train,copy sem_best_2024_fullext_sectors_v1.pt,2.6,1113233469,428.17,phase4_semantic_finetune_train_2024_2026-08-27T16-37.log
20260827T160301Z_2024_fullext_sectors_v1_train,2024,fullext_sectors_v1,train,copy sem_latest_2024_fullext_sectors_v1.pt,2.2,1113237109,506.02,phase4_semantic_finetune_train_2024_2026-08-27T16-37.log
20260827T160301Z_2024_fullext_sectors_v1_train,2024,fullext_sectors_v1,train,copy sem_latest_2024_fullext_sectors_v1.pt,3.0,1113237109,371.08,phase4_semantic_finetune_train_2024_2026-08-27T16-37.log
20260827T160301Z_2024_fullext_sectors_v1_train,2024,fullext_sectors_v1,train,copy sem_best_2024_fullext_sectors_v1.pt,2.6,1113233469,428.17,phase4_semantic_finetune_train_2024_2026-08-27T16-37.log
20260827T160301Z_2024_fullext_sectors_v1_train,2024,fullext_sectors_v1,train,copy sem_latest_2024_fullext_sectors_v1.pt,2.3,1113237109,484.02,phase4_semantic_finetune_train_2024_2026-08-27T16-37.log
20260827T163755Z_2024_fullext_sectors_v1_inference,2024,fullext_sectors_v1,inference,stage 2024_coe_rgb.tif,536.6,26944190060,50.21,phase4_semantic_finetune_inference_2024_2026-08-27T17-00.log
20260827T163755Z_2024_fullext_sectors_v1_inference,2024,fullext_sectors_v1,inference,stage lidar_snoh_chm.tif,191.2,75698441,0.40,phase4_semantic_finetune_inference_2024_2026-08-27T17-00.log
20260827T163755Z_2024_fullext_sectors_v1_inference,2024,fullext_sectors_v1,inference,inference,716.8,,,phase4_semantic_finetune_inference_2024_2026-08-27T17-00.log
20260827T163755Z_2024_fullext_sectors_v1_inference,2024,fullext_sectors_v1,inference,copy edmonds_canopy_prob_2024_fullext_sectors_v1.tif,1.6,747249719,467.03,phase4_semantic_finetune_inference_2024_2026-08-27T17-00.log
20260827T212851Z_2009_groves_nolidar_tile,2009,groves_nolidar,tile,stage 2009_king_rgb.tif,80.5,3000263130,37.27,phase4_semantic_finetune_tile_2009_2026-08-27T21-54.log
20260827T212851Z_2009_groves_nolidar_tile,2009,groves_nolidar,tile,stage edmonds_canopy_mask_2020.tif,39.0,287816390,7.38,phase4_semantic_finetune_tile_2009_2026-08-27T21-54.log
20260827T212851Z_2009_groves_nolidar_tile,2009,groves_nolidar,tile,stage add_groves_noLidarNW_2009.tif,1.7,,,phase4_semantic_finetune_tile_2009_2026-08-27T21-54.log
20260827T212851Z_2009_groves_nolidar_tile,2009,groves_nolidar,tile,stage lidar_snoh_chm.tif,3.2,75698441,23.66,phase4_semantic_finetune_tile_2009_2026-08-27T21-54.log
20260827T213656Z_2009_groves_lidar_tile,2009,groves_lidar,tile,stage 2009_king_rgb.tif,164.2,3000263130,18.27,phase4_semantic_finetune_tile_2009_2026-08-27T22-05.log
20260827T213656Z_2009_groves_lidar_tile,2009,groves_lidar,tile,stage edmonds_canopy_mask_2020.tif,6.6,287816390,43.61,phase4_semantic_finetune_tile_2009_2026-08-27T22-05.log
20260827T213656Z_2009_groves_lidar_tile,2009,groves_lidar,tile,stage add_groves_lidarNW_2009.tif,3.2,,,phase4_semantic_finetune_tile_2009_2026-08-27T22-05.log
20260827T213656Z_2009_groves_lidar_tile,2009,groves_lidar,tile,stage lidar_snoh_chm.tif,4.8,75698441,15.77,phase4_semantic_finetune_tile_2009_2026-08-27T22-05.log
20260827T231141Z_2009_groves_lidar_train,2009,groves_lidar,train,stage tiles 2009,4281.3,,,phase4_semantic_finetune_train_2009_2026-08-28T00-42.log
20260827T231141Z_2009_groves_lidar_train,2009,groves_lidar,train,copy sem_best_2009_groves_lidar.pt,1.8,773013586,429.45,phase4_semantic_finetune_train_2009_2026-08-28T00-42.log
20260827T231141Z_2009_groves_lidar_train,2009,groves_lidar,train,copy sem_best_2009_groves_lidar.pt,1.7,773013586,454.71,phase4_semantic_finetune_train_2009_2026-08-28T00-42.log
20260827T231141Z_2009_groves_lidar_train,2009,groves_lidar,train,copy sem_best_2009_groves_lidar.pt,1.8,773013586,429.45,phase4_semantic_finetune_train_2009_2026-08-28T00-42.log
20260827T231141Z_2009_groves_lidar_train,2009,groves_lidar,train,copy sem_best_2009_groves_lidar.pt,1.7,773013586,454.71,phase4_semantic_finetune_train_2009_2026-08-28T00-42.log
20260827T231141Z_2009_groves_lidar_train,2009,groves_lidar,train,copy sem_latest_2009_groves_lidar.pt,1.9,1113226061,585.91,phase4_semantic_finetune_train_2009_2026-08-28T00-42.log
20260827T231141Z_2009_groves_lidar_train,2009,groves_lidar,train,copy sem_best_2009_groves_lidar.pt,1.9,773013586,406.85,phase4_semantic_finetune_train_2009_2026-08-28T00-42.log
20260827T231141Z_2009_groves_lidar_train,2009,groves_lidar,train,copy sem_best_2009_groves_lidar.pt,1.7,773013586,454.71,phase4_semantic_finetune_train_2009_2026-08-28T00-42.log
20260827T231141Z_2009_groves_lidar_train,2009,groves_lidar,train,copy sem_best_2009_groves_lidar.pt,1.8,773013586,429.45,phase4_semantic_finetune_train_2009_2026-08-28T00-42.log
20260827T231141Z_2009_groves_lidar_train,2009,groves_lidar,train,copy sem_best_2009_groves_lidar.pt,1.5,773013586,515.34,phase4_semantic_finetune_train_2009_2026-08-28T00-42.log
20260827T231141Z_2009_groves_lidar_train,2009,groves_lidar,train,copy sem_latest_2009_groves_lidar.pt,1.7,1113226061,654.84,phase4_semantic_finetune_train_2009_2026-08-28T00-42.log
20260827T231141Z_2009_groves_lidar_train,2009,groves_lidar,train,copy sem_latest_2009_groves_lidar.pt,1.6,1113226061,695.77,phase4_semantic_finetune_train_2009_2026-08-28T00-42.log
20260827T231141Z_2009_groves_lidar_train,2009,groves_lidar,train,copy sem_best_2009_groves_lidar.pt,1.8,773013586,429.45,phase4_semantic_finetune_train_2009_2026-08-28T00-42.log
20260827T231141Z_2009_groves_lidar_train,2009,groves_lidar,train,copy sem_latest_2009_groves_lidar.pt,1.9,1113226061,585.91,phase4_semantic_finetune_train_2009_2026-08-28T00-42.log
20260827T231141Z_2009_groves_lidar_train,2009,groves_lidar,train,copy sem_latest_2009_groves_lidar.pt,2.6,1113226061,428.16,phase4_semantic_finetune_train_2009_2026-08-28T00-42.log
20260827T231141Z_2009_groves_lidar_train,2009,groves_lidar,train,copy sem_latest_2009_groves_lidar.pt,2.6,1113226061,428.16,phase4_semantic_finetune_train_2009_2026-08-28T00-42.log
20260827T231141Z_2009_groves_lidar_train,2009,groves_lidar,train,copy sem_latest_2009_groves_lidar.pt,2.4,1113226061,463.84,phase4_semantic_finetune_train_2009_2026-08-28T00-42.log
20260828T003342Z_2009_groves_nolidar_inference,2009,groves_nolidar,inference,stage 2009_king_rgb.tif,44.9,3000263130,66.82,phase4_semantic_finetune_inference_2009_2026-08-28T00-37.log
20260828T003342Z_2009_groves_nolidar_inference,2009,groves_nolidar,inference,stage lidar_snoh_chm.tif,70.2,75698441,1.08,phase4_semantic_finetune_inference_2009_2026-08-28T00-37.log
20260828T003342Z_2009_groves_nolidar_inference,2009,groves_nolidar,inference,inference,151.3,,,phase4_semantic_finetune_inference_2009_2026-08-28T00-37.log
20260828T003342Z_2009_groves_nolidar_inference,2009,groves_nolidar,inference,copy edmonds_canopy_prob_2009_groves_nolidar.tif,0.2,88637916,443.19,phase4_semantic_finetune_inference_2009_2026-08-28T00-37.log
20260828T015641Z_2009_hybrid_v1_tile,2009,hybrid_v1,tile,stage 2009_king_rgb.tif,60.4,3000263130,49.67,phase4_semantic_finetune_tile_2009_2026-08-28T02-14.log
20260828T015641Z_2009_hybrid_v1_tile,2009,hybrid_v1,tile,stage edmonds_canopy_mask_2020.tif,6.0,287816390,47.97,phase4_semantic_finetune_tile_2009_2026-08-28T02-14.log
20260828T015641Z_2009_hybrid_v1_tile,2009,hybrid_v1,tile,stage add_hybrid_lidar_2009.tif,1.1,,,phase4_semantic_finetune_tile_2009_2026-08-28T02-14.log
20260828T015641Z_2009_hybrid_v1_tile,2009,hybrid_v1,tile,stage lidar_snoh_chm.tif,3.1,75698441,24.42,phase4_semantic_finetune_tile_2009_2026-08-28T02-14.log
20260828T021501Z_2009_hybrid_v1_train,2009,hybrid_v1,train,stage tiles 2009,3367.6,,,phase4_semantic_finetune_train_2009_2026-08-28T03-37.log
20260828T021501Z_2009_hybrid_v1_train,2009,hybrid_v1,train,copy sem_best_2009_hybrid_v1.pt,1.8,1113218017,618.45,phase4_semantic_finetune_train_2009_2026-08-28T03-37.log
20260828T021501Z_2009_hybrid_v1_train,2009,hybrid_v1,train,copy sem_best_2009_hybrid_v1.pt,1.7,1113218017,654.83,phase4_semantic_finetune_train_2009_2026-08-28T03-37.log
20260828T021501Z_2009_hybrid_v1_train,2009,hybrid_v1,train,copy sem_best_2009_hybrid_v1.pt,1.6,1113218017,695.76,phase4_semantic_finetune_train_2009_2026-08-28T03-37.log
20260828T021501Z_2009_hybrid_v1_train,2009,hybrid_v1,train,copy sem_best_2009_hybrid_v1.pt,1.8,1113218017,618.45,phase4_semantic_finetune_train_2009_2026-08-28T03-37.log
20260828T021501Z_2009_hybrid_v1_train,2009,hybrid_v1,train,copy sem_latest_2009_hybrid_v1.pt,1.6,1113221593,695.76,phase4_semantic_finetune_train_2009_2026-08-28T03-37.log
20260828T021501Z_2009_hybrid_v1_train,2009,hybrid_v1,train,copy sem_best_2009_hybrid_v1.pt,1.8,1113218017,618.45,phase4_semantic_finetune_train_2009_2026-08-28T03-37.log
20260828T021501Z_2009_hybrid_v1_train,2009,hybrid_v1,train,copy sem_best_2009_hybrid_v1.pt,1.8,1113218017,618.45,phase4_semantic_finetune_train_2009_2026-08-28T03-37.log
20260828T021501Z_2009_hybrid_v1_train,2009,hybrid_v1,train,copy sem_latest_2009_hybrid_v1.pt,1.7,1113221593,654.84,phase4_semantic_finetune_train_2009_2026-08-28T03-37.log
20260828T021501Z_2009_hybrid_v1_train,2009,hybrid_v1,train,copy sem_best_2009_hybrid_v1.pt,1.7,1113218017,654.83,phase4_semantic_finetune_train_2009_2026-08-28T03-37.log
20260828T021501Z_2009_hybrid_v1_train,2009,hybrid_v1,train,copy sem_best_2009_hybrid_v1.pt,1.9,1113218017,585.90,phase4_semantic_finetune_train_2009_2026-08-28T03-37.log
20260828T021501Z_2009_hybrid_v1_train,2009,hybrid_v1,train,copy sem_latest_2009_hybrid_v1.pt,1.7,1113221593,654.84,phase4_semantic_finetune_train_2009_2026-08-28T03-37.log
20260828T021501Z_2009_hybrid_v1_train,2009,hybrid_v1,train,copy sem_best_2009_hybrid_v1.pt,1.8,1113218017,618.45,phase4_semantic_finetune_train_2009_2026-08-28T03-37.log
20260828T021501Z_2009_hybrid_v1_train,2009,hybrid_v1,train,copy sem_latest_2009_hybrid_v1.pt,1.9,1113221593,585.91,phase4_semantic_finetune_train_2009_2026-08-28T03-37.log
20260828T021501Z_2009_hybrid_v1_train,2009,hybrid_v1,train,copy sem_latest_2009_hybrid_v1.pt,2.5,1113221593,445.29,phase4_semantic_finetune_train_2009_2026-08-28T03-37.log
20260828T021501Z_2009_hybrid_v1_train,2009,hybrid_v1,train,copy sem_best_2009_hybrid_v1.pt,2.6,1113218017,428.16,phase4_semantic_finetune_train_2009_2026-08-28T03-37.log
20260828T021501Z_2009_hybrid_v1_train,2009,hybrid_v1,train,copy sem_latest_2009_hybrid_v1.pt,2.7,1113221593,412.30,phase4_semantic_finetune_train_2009_2026-08-28T03-37.log
20260828T021501Z_2009_hybrid_v1_train,2009,hybrid_v1,train,copy sem_best_2009_hybrid_v1.pt,2.5,1113218017,445.29,phase4_semantic_finetune_train_2009_2026-08-28T03-37.log
20260828T021501Z_2009_hybrid_v1_train,2009,hybrid_v1,train,copy sem_best_2009_hybrid_v1.pt,2.7,1113218017,412.30,phase4_semantic_finetune_train_2009_2026-08-28T03-37.log
20260828T021501Z_2009_hybrid_v1_train,2009,hybrid_v1,train,copy sem_latest_2009_hybrid_v1.pt,2.7,1113221593,412.30,phase4_semantic_finetune_train_2009_2026-08-28T03-37.log
20260828T021501Z_2009_hybrid_v1_train,2009,hybrid_v1,train,copy sem_best_2009_hybrid_v1.pt,2.6,1113218017,428.16,phase4_semantic_finetune_train_2009_2026-08-28T03-37.log
20260828T021501Z_2009_hybrid_v1_train,2009,hybrid_v1,train,copy sem_best_2009_hybrid_v1.pt,2.7,1113218017,412.30,phase4_semantic_finetune_train_2009_2026-08-28T03-37.log
20260828T021501Z_2009_hybrid_v1_train,2009,hybrid_v1,train,copy sem_latest_2009_hybrid_v1.pt,2.4,1113221593,463.84,phase4_semantic_finetune_train_2009_2026-08-28T03-37.log
20260828T021501Z_2009_hybrid_v1_train,2009,hybrid_v1,train,copy sem_best_2009_hybrid_v1.pt,2.6,1113218017,428.16,phase4_semantic_finetune_train_2009_2026-08-28T03-37.log
20260828T021501Z_2009_hybrid_v1_train,2009,hybrid_v1,train,copy sem_best_2009_hybrid_v1.pt,2.7,1113218017,412.30,phase4_semantic_finetune_train_2009_2026-08-28T03-37.log
20260828T021501Z_2009_hybrid_v1_train,2009,hybrid_v1,train,copy sem_latest_2009_hybrid_v1.pt,2.5,1113221593,445.29,phase4_semantic_finetune_train_2009_2026-08-28T03-37.log
20260828T021501Z_2009_hybrid_v1_train,2009,hybrid_v1,train,copy sem_best_2009_hybrid_v1.pt,2.7,1113218017,412.30,phase4_semantic_finetune_train_2009_2026-08-28T03-37.log
20260828T021501Z_2009_hybrid_v1_train,2009,hybrid_v1,train,copy sem_latest_2009_hybrid_v1.pt,2.6,1113221593,428.16,phase4_semantic_finetune_train_2009_2026-08-28T03-37.log
20260828T033743Z_2009_hybrid_v1_inference,2009,hybrid_v1,inference,stage 2009_king_rgb.tif,116.8,3000263130,25.69,phase4_semantic_finetune_inference_2009_2026-08-28T03-41.log
20260828T033743Z_2009_hybrid_v1_inference,2009,hybrid_v1,inference,inference,81.0,,,phase4_semantic_finetune_inference_2009_2026-08-28T03-41.log
20260828T033743Z_2009_hybrid_v1_inference,2009,hybrid_v1,inference,copy edmonds_canopy_prob_2009_hybrid_v1.tif,0.2,80865957,404.33,phase4_semantic_finetune_inference_2009_2026-08-28T03-41.log
20260828T150856Z_2009_rgb3_nodeb_tile,2009,rgb3_nodeb,tile,stage 2009_king_rgb.tif,43.1,3000263130,69.61,phase4_semantic_finetune_tile_2009_2026-08-28T15-34.log
20260828T150856Z_2009_rgb3_nodeb_tile,2009,rgb3_nodeb,tile,stage edmonds_canopy_mask_2020.tif,14.7,287816390,19.58,phase4_semantic_finetune_tile_2009_2026-08-28T15-34.log
20260828T153544Z_2009_rgb3_nodeb_train,2009,rgb3_nodeb,train,stage tiles 2009,4374.0,,,phase4_semantic_finetune_train_2009_2026-08-28T17-18.log
20260828T153544Z_2009_rgb3_nodeb_train,2009,rgb3_nodeb,train,copy sem_best_2009_rgb3_nodeb.pt,1.7,1113182237,654.81,phase4_semantic_finetune_train_2009_2026-08-28T17-18.log
20260828T153544Z_2009_rgb3_nodeb_train,2009,rgb3_nodeb,train,copy sem_best_2009_rgb3_nodeb.pt,2.0,1113182237,556.59,phase4_semantic_finetune_train_2009_2026-08-28T17-18.log
20260828T153544Z_2009_rgb3_nodeb_train,2009,rgb3_nodeb,train,copy sem_best_2009_rgb3_nodeb.pt,1.7,1113182237,654.81,phase4_semantic_finetune_train_2009_2026-08-28T17-18.log
20260828T153544Z_2009_rgb3_nodeb_train,2009,rgb3_nodeb,train,copy sem_best_2009_rgb3_nodeb.pt,1.9,1113182237,585.89,phase4_semantic_finetune_train_2009_2026-08-28T17-18.log
20260828T153544Z_2009_rgb3_nodeb_train,2009,rgb3_nodeb,train,copy sem_latest_2009_rgb3_nodeb.pt,1.8,1113185685,618.44,phase4_semantic_finetune_train_2009_2026-08-28T17-18.log
20260828T153544Z_2009_rgb3_nodeb_train,2009,rgb3_nodeb,train,copy sem_best_2009_rgb3_nodeb.pt,1.8,1113182237,618.43,phase4_semantic_finetune_train_2009_2026-08-28T17-18.log
20260828T153544Z_2009_rgb3_nodeb_train,2009,rgb3_nodeb,train,copy sem_best_2009_rgb3_nodeb.pt,1.9,1113182237,585.89,phase4_semantic_finetune_train_2009_2026-08-28T17-18.log
20260828T153544Z_2009_rgb3_nodeb_train,2009,rgb3_nodeb,train,copy sem_latest_2009_rgb3_nodeb.pt,1.8,1113185685,618.44,phase4_semantic_finetune_train_2009_2026-08-28T17-18.log
20260828T153544Z_2009_rgb3_nodeb_train,2009,rgb3_nodeb,train,copy sem_best_2009_rgb3_nodeb.pt,1.5,1113182237,742.12,phase4_semantic_finetune_train_2009_2026-08-28T17-18.log
20260828T153544Z_2009_rgb3_nodeb_train,2009,rgb3_nodeb,train,copy sem_latest_2009_rgb3_nodeb.pt,1.9,1113185685,585.89,phase4_semantic_finetune_train_2009_2026-08-28T17-18.log
20260828T153544Z_2009_rgb3_nodeb_train,2009,rgb3_nodeb,train,copy sem_best_2009_rgb3_nodeb.pt,1.7,1113182237,654.81,phase4_semantic_finetune_train_2009_2026-08-28T17-18.log
20260828T153544Z_2009_rgb3_nodeb_train,2009,rgb3_nodeb,train,copy sem_latest_2009_rgb3_nodeb.pt,1.8,1113185685,618.44,phase4_semantic_finetune_train_2009_2026-08-28T17-18.log
20260828T153544Z_2009_rgb3_nodeb_train,2009,rgb3_nodeb,train,copy sem_best_2009_rgb3_nodeb.pt,2.4,1113182237,463.83,phase4_semantic_finetune_train_2009_2026-08-28T17-18.log
20260828T153544Z_2009_rgb3_nodeb_train,2009,rgb3_nodeb,train,copy sem_best_2009_rgb3_nodeb.pt,2.7,1113182237,412.29,phase4_semantic_finetune_train_2009_2026-08-28T17-18.log
20260828T153544Z_2009_rgb3_nodeb_train,2009,rgb3_nodeb,train,copy sem_best_2009_rgb3_nodeb.pt,2.7,1113182237,412.29,phase4_semantic_finetune_train_2009_2026-08-28T17-18.log
20260828T153544Z_2009_rgb3_nodeb_train,2009,rgb3_nodeb,train,copy sem_latest_2009_rgb3_nodeb.pt,4.7,1113185685,236.85,phase4_semantic_finetune_train_2009_2026-08-28T17-18.log
20260828T153544Z_2009_rgb3_nodeb_train,2009,rgb3_nodeb,train,copy sem_best_2009_rgb3_nodeb.pt,2.7,1113182237,412.29,phase4_semantic_finetune_train_2009_2026-08-28T17-18.log
20260828T153544Z_2009_rgb3_nodeb_train,2009,rgb3_nodeb,train,copy sem_best_2009_rgb3_nodeb.pt,19.3,1113182237,57.68,phase4_semantic_finetune_train_2009_2026-08-28T17-18.log
20260828T153544Z_2009_rgb3_nodeb_train,2009,rgb3_nodeb,train,copy sem_best_2009_rgb3_nodeb.pt,2.3,1113182237,483.99,phase4_semantic_finetune_train_2009_2026-08-28T17-18.log
20260828T153544Z_2009_rgb3_nodeb_train,2009,rgb3_nodeb,train,copy sem_latest_2009_rgb3_nodeb.pt,4.8,1113185685,231.91,phase4_semantic_finetune_train_2009_2026-08-28T17-18.log
20260828T153544Z_2009_rgb3_nodeb_train,2009,rgb3_nodeb,train,copy sem_latest_2009_rgb3_nodeb.pt,2.5,1113185685,445.27,phase4_semantic_finetune_train_2009_2026-08-28T17-18.log
20260828T153544Z_2009_rgb3_nodeb_train,2009,rgb3_nodeb,train,copy sem_best_2009_rgb3_nodeb.pt,2.5,1113182237,445.27,phase4_semantic_finetune_train_2009_2026-08-28T17-18.log
20260828T153544Z_2009_rgb3_nodeb_train,2009,rgb3_nodeb,train,copy sem_latest_2009_rgb3_nodeb.pt,2.4,1113185685,463.83,phase4_semantic_finetune_train_2009_2026-08-28T17-18.log
20260828T153544Z_2009_rgb3_nodeb_train,2009,rgb3_nodeb,train,copy sem_latest_2009_rgb3_nodeb.pt,2.5,1113185685,445.27,phase4_semantic_finetune_train_2009_2026-08-28T17-18.log
20260828T153544Z_2009_rgb3_nodeb_train,2009,rgb3_nodeb,train,copy sem_best_2009_rgb3_nodeb.pt,2.6,1113182237,428.15,phase4_semantic_finetune_train_2009_2026-08-28T17-18.log
20260828T153544Z_2009_rgb3_nodeb_train,2009,rgb3_nodeb,train,copy sem_best_2009_rgb3_nodeb.pt,2.8,1113182237,397.57,phase4_semantic_finetune_train_2009_2026-08-28T17-18.log
20260828T153544Z_2009_rgb3_nodeb_train,2009,rgb3_nodeb,train,copy sem_latest_2009_rgb3_nodeb.pt,2.9,1113185685,383.86,phase4_semantic_finetune_train_2009_2026-08-28T17-18.log
20260828T172049Z_2009_rgb3_nodeb_inference,2009,rgb3_nodeb,inference,stage 2009_king_rgb.tif,110.2,3000263130,27.23,phase4_semantic_finetune_inference_2009_2026-08-28T17-24.log
20260828T172049Z_2009_rgb3_nodeb_inference,2009,rgb3_nodeb,inference,inference,78.6,,,phase4_semantic_finetune_inference_2009_2026-08-28T17-24.log
20260828T172049Z_2009_rgb3_nodeb_inference,2009,rgb3_nodeb,inference,copy edmonds_canopy_prob_2009_rgb3_nodeb.tif,0.2,86260585,431.30,phase4_semantic_finetune_inference_2009_2026-08-28T17-24.log
20260829T011859Z_2009_corrupt25_tile,2009,corrupt25,tile,stage 2009_king_rgb.tif,152.3,3000263130,19.70,phase4_semantic_finetune_tile_2009_2026-08-29T01-51.log
20260829T011859Z_2009_corrupt25_tile,2009,corrupt25,tile,stage edmonds_canopy_mask_2020.tif,25.6,287816390,11.24,phase4_semantic_finetune_tile_2009_2026-08-29T01-51.log
20260829T011859Z_2009_corrupt25_tile,2009,corrupt25,tile,stage add_corrupt25_2009.tif,2.2,,,phase4_semantic_finetune_tile_2009_2026-08-29T01-51.log
20260829T011859Z_2009_corrupt25_tile,2009,corrupt25,tile,stage lidar_snoh_chm.tif,4.9,75698441,15.45,phase4_semantic_finetune_tile_2009_2026-08-29T01-51.log
20260829T012053Z_2009_corrupt10_tile,2009,corrupt10,tile,stage 2009_king_rgb.tif,130.7,3000263130,22.96,phase4_semantic_finetune_tile_2009_2026-08-29T01-49.log
20260829T012053Z_2009_corrupt10_tile,2009,corrupt10,tile,stage edmonds_canopy_mask_2020.tif,37.8,287816390,7.61,phase4_semantic_finetune_tile_2009_2026-08-29T01-49.log
20260829T012053Z_2009_corrupt10_tile,2009,corrupt10,tile,stage add_corrupt10_2009.tif,1.1,,,phase4_semantic_finetune_tile_2009_2026-08-29T01-49.log
20260829T012053Z_2009_corrupt10_tile,2009,corrupt10,tile,stage lidar_snoh_chm.tif,2.5,75698441,30.28,phase4_semantic_finetune_tile_2009_2026-08-29T01-49.log
20260829T014953Z_2009_corrupt10_train,2009,corrupt10,train,stage tiles 2009,2779.5,,,phase4_semantic_finetune_train_2009_2026-08-29T02-58.log
20260829T014953Z_2009_corrupt10_train,2009,corrupt10,train,copy sem_best_2009_corrupt10.pt,1.7,1113217121,654.83,phase4_semantic_finetune_train_2009_2026-08-29T02-58.log
20260829T014953Z_2009_corrupt10_train,2009,corrupt10,train,copy sem_best_2009_corrupt10.pt,1.8,1113217121,618.45,phase4_semantic_finetune_train_2009_2026-08-29T02-58.log
20260829T014953Z_2009_corrupt10_train,2009,corrupt10,train,copy sem_best_2009_corrupt10.pt,1.8,1113217121,618.45,phase4_semantic_finetune_train_2009_2026-08-29T02-58.log
20260829T014953Z_2009_corrupt10_train,2009,corrupt10,train,copy sem_latest_2009_corrupt10.pt,1.9,1113221145,585.91,phase4_semantic_finetune_train_2009_2026-08-29T02-58.log
20260829T014953Z_2009_corrupt10_train,2009,corrupt10,train,copy sem_best_2009_corrupt10.pt,1.8,1113217121,618.45,phase4_semantic_finetune_train_2009_2026-08-29T02-58.log
20260829T014953Z_2009_corrupt10_train,2009,corrupt10,train,copy sem_best_2009_corrupt10.pt,1.7,1113217121,654.83,phase4_semantic_finetune_train_2009_2026-08-29T02-58.log
20260829T014953Z_2009_corrupt10_train,2009,corrupt10,train,copy sem_best_2009_corrupt10.pt,1.8,1113217121,618.45,phase4_semantic_finetune_train_2009_2026-08-29T02-58.log
20260829T014953Z_2009_corrupt10_train,2009,corrupt10,train,copy sem_latest_2009_corrupt10.pt,1.9,1113221145,585.91,phase4_semantic_finetune_train_2009_2026-08-29T02-58.log
20260829T014953Z_2009_corrupt10_train,2009,corrupt10,train,copy sem_best_2009_corrupt10.pt,2.0,1113217121,556.61,phase4_semantic_finetune_train_2009_2026-08-29T02-58.log
20260829T014953Z_2009_corrupt10_train,2009,corrupt10,train,copy sem_latest_2009_corrupt10.pt,1.8,1113221145,618.46,phase4_semantic_finetune_train_2009_2026-08-29T02-58.log
20260829T014953Z_2009_corrupt10_train,2009,corrupt10,train,copy sem_best_2009_corrupt10.pt,1.8,1113217121,618.45,phase4_semantic_finetune_train_2009_2026-08-29T02-58.log
20260829T014953Z_2009_corrupt10_train,2009,corrupt10,train,copy sem_best_2009_corrupt10.pt,1.7,1113217121,654.83,phase4_semantic_finetune_train_2009_2026-08-29T02-58.log
20260829T014953Z_2009_corrupt10_train,2009,corrupt10,train,copy sem_latest_2009_corrupt10.pt,1.9,1113221145,585.91,phase4_semantic_finetune_train_2009_2026-08-29T02-58.log
20260829T014953Z_2009_corrupt10_train,2009,corrupt10,train,copy sem_latest_2009_corrupt10.pt,2.4,1113221145,463.84,phase4_semantic_finetune_train_2009_2026-08-29T02-58.log
20260829T014953Z_2009_corrupt10_train,2009,corrupt10,train,copy sem_best_2009_corrupt10.pt,2.5,1113217121,445.29,phase4_semantic_finetune_train_2009_2026-08-29T02-58.log
20260829T014953Z_2009_corrupt10_train,2009,corrupt10,train,copy sem_latest_2009_corrupt10.pt,2.6,1113221145,428.16,phase4_semantic_finetune_train_2009_2026-08-29T02-58.log
20260829T014953Z_2009_corrupt10_train,2009,corrupt10,train,copy sem_latest_2009_corrupt10.pt,2.6,1113221145,428.16,phase4_semantic_finetune_train_2009_2026-08-29T02-58.log
20260829T014953Z_2009_corrupt10_train,2009,corrupt10,train,copy sem_latest_2009_corrupt10.pt,2.5,1113221145,445.29,phase4_semantic_finetune_train_2009_2026-08-29T02-58.log
20260829T025908Z_2009_corrupt10_inference,2009,corrupt10,inference,stage 2009_king_rgb.tif,106.9,3000263130,28.07,phase4_semantic_finetune_inference_2009_2026-08-29T03-03.log
20260829T025908Z_2009_corrupt10_inference,2009,corrupt10,inference,inference,83.3,,,phase4_semantic_finetune_inference_2009_2026-08-29T03-03.log
20260829T025908Z_2009_corrupt10_inference,2009,corrupt10,inference,copy edmonds_canopy_prob_2009_corrupt10.tif,0.2,102436250,512.18,phase4_semantic_finetune_inference_2009_2026-08-29T03-03.log
20260829T033055Z_2009_corrupt50_tile,2009,corrupt50,tile,stage 2009_king_rgb.tif,54.4,3000263130,55.15,phase4_semantic_finetune_tile_2009_2026-08-29T03-57.log
20260829T033055Z_2009_corrupt50_tile,2009,corrupt50,tile,stage edmonds_canopy_mask_2020.tif,3.5,287816390,82.23,phase4_semantic_finetune_tile_2009_2026-08-29T03-57.log
20260829T033055Z_2009_corrupt50_tile,2009,corrupt50,tile,stage add_corrupt50_2009.tif,1.4,,,phase4_semantic_finetune_tile_2009_2026-08-29T03-57.log
20260829T033055Z_2009_corrupt50_tile,2009,corrupt50,tile,stage lidar_snoh_chm.tif,3.1,75698441,24.42,phase4_semantic_finetune_tile_2009_2026-08-29T03-57.log
20260829T035832Z_2009_corrupt50_train,2009,corrupt50,train,stage tiles 2009,3064.0,,,phase4_semantic_finetune_train_2009_2026-08-29T05-20.log
20260829T035832Z_2009_corrupt50_train,2009,corrupt50,train,copy sem_best_2009_corrupt50.pt,1.8,1113218081,618.45,phase4_semantic_finetune_train_2009_2026-08-29T05-20.log
20260829T035832Z_2009_corrupt50_train,2009,corrupt50,train,copy sem_best_2009_corrupt50.pt,1.7,1113218081,654.83,phase4_semantic_finetune_train_2009_2026-08-29T05-20.log
20260829T035832Z_2009_corrupt50_train,2009,corrupt50,train,copy sem_best_2009_corrupt50.pt,1.6,1113218081,695.76,phase4_semantic_finetune_train_2009_2026-08-29T05-20.log
20260829T035832Z_2009_corrupt50_train,2009,corrupt50,train,copy sem_best_2009_corrupt50.pt,1.5,1113218081,742.15,phase4_semantic_finetune_train_2009_2026-08-29T05-20.log
20260829T035832Z_2009_corrupt50_train,2009,corrupt50,train,copy sem_best_2009_corrupt50.pt,1.6,1113218081,695.76,phase4_semantic_finetune_train_2009_2026-08-29T05-20.log
20260829T035832Z_2009_corrupt50_train,2009,corrupt50,train,copy sem_latest_2009_corrupt50.pt,1.9,1113221593,585.91,phase4_semantic_finetune_train_2009_2026-08-29T05-20.log
20260829T035832Z_2009_corrupt50_train,2009,corrupt50,train,copy sem_best_2009_corrupt50.pt,1.7,1113218081,654.83,phase4_semantic_finetune_train_2009_2026-08-29T05-20.log
20260829T035832Z_2009_corrupt50_train,2009,corrupt50,train,copy sem_best_2009_corrupt50.pt,1.8,1113218081,618.45,phase4_semantic_finetune_train_2009_2026-08-29T05-20.log
20260829T035832Z_2009_corrupt50_train,2009,corrupt50,train,copy sem_latest_2009_corrupt50.pt,1.7,1113221593,654.84,phase4_semantic_finetune_train_2009_2026-08-29T05-20.log
20260829T035832Z_2009_corrupt50_train,2009,corrupt50,train,copy sem_best_2009_corrupt50.pt,1.6,1113218081,695.76,phase4_semantic_finetune_train_2009_2026-08-29T05-20.log
20260829T035832Z_2009_corrupt50_train,2009,corrupt50,train,copy sem_best_2009_corrupt50.pt,1.9,1113218081,585.90,phase4_semantic_finetune_train_2009_2026-08-29T05-20.log
20260829T035832Z_2009_corrupt50_train,2009,corrupt50,train,copy sem_best_2009_corrupt50.pt,17.9,1113218081,62.19,phase4_semantic_finetune_train_2009_2026-08-29T05-20.log
20260829T035832Z_2009_corrupt50_train,2009,corrupt50,train,copy sem_latest_2009_corrupt50.pt,5.2,1113221593,214.08,phase4_semantic_finetune_train_2009_2026-08-29T05-20.log
20260829T035832Z_2009_corrupt50_train,2009,corrupt50,train,copy sem_best_2009_corrupt50.pt,1.7,1113218081,654.83,phase4_semantic_finetune_train_2009_2026-08-29T05-20.log
20260829T035832Z_2009_corrupt50_train,2009,corrupt50,train,copy sem_best_2009_corrupt50.pt,1.8,1113218081,618.45,phase4_semantic_finetune_train_2009_2026-08-29T05-20.log
20260829T035832Z_2009_corrupt50_train,2009,corrupt50,train,copy sem_best_2009_corrupt50.pt,1.7,1113218081,654.83,phase4_semantic_finetune_train_2009_2026-08-29T05-20.log
20260829T035832Z_2009_corrupt50_train,2009,corrupt50,train,copy sem_latest_2009_corrupt50.pt,1.7,1113221593,654.84,phase4_semantic_finetune_train_2009_2026-08-29T05-20.log
20260829T035832Z_2009_corrupt50_train,2009,corrupt50,train,copy sem_best_2009_corrupt50.pt,2.5,1113218081,445.29,phase4_semantic_finetune_train_2009_2026-08-29T05-20.log
20260829T035832Z_2009_corrupt50_train,2009,corrupt50,train,copy sem_best_2009_corrupt50.pt,3.0,1113218081,371.07,phase4_semantic_finetune_train_2009_2026-08-29T05-20.log
20260829T035832Z_2009_corrupt50_train,2009,corrupt50,train,copy sem_best_2009_corrupt50.pt,2.6,1113218081,428.16,phase4_semantic_finetune_train_2009_2026-08-29T05-20.log
20260829T035832Z_2009_corrupt50_train,2009,corrupt50,train,copy sem_best_2009_corrupt50.pt,2.7,1113218081,412.30,phase4_semantic_finetune_train_2009_2026-08-29T05-20.log
20260829T035832Z_2009_corrupt50_train,2009,corrupt50,train,copy sem_latest_2009_corrupt50.pt,2.6,1113221593,428.16,phase4_semantic_finetune_train_2009_2026-08-29T05-20.log
20260829T035832Z_2009_corrupt50_train,2009,corrupt50,train,copy sem_best_2009_corrupt50.pt,3.8,1113218081,292.95,phase4_semantic_finetune_train_2009_2026-08-29T05-20.log
20260829T035832Z_2009_corrupt50_train,2009,corrupt50,train,copy sem_best_2009_corrupt50.pt,2.5,1113218081,445.29,phase4_semantic_finetune_train_2009_2026-08-29T05-20.log
20260829T035832Z_2009_corrupt50_train,2009,corrupt50,train,copy sem_latest_2009_corrupt50.pt,4.7,1113221593,236.86,phase4_semantic_finetune_train_2009_2026-08-29T05-20.log
20260829T035832Z_2009_corrupt50_train,2009,corrupt50,train,copy sem_best_2009_corrupt50.pt,2.5,1113218081,445.29,phase4_semantic_finetune_train_2009_2026-08-29T05-20.log
20260829T035832Z_2009_corrupt50_train,2009,corrupt50,train,copy sem_latest_2009_corrupt50.pt,2.5,1113221593,445.29,phase4_semantic_finetune_train_2009_2026-08-29T05-20.log
20260829T035832Z_2009_corrupt50_train,2009,corrupt50,train,copy sem_best_2009_corrupt50.pt,2.8,1113218081,397.58,phase4_semantic_finetune_train_2009_2026-08-29T05-20.log
20260829T035832Z_2009_corrupt50_train,2009,corrupt50,train,copy sem_latest_2009_corrupt50.pt,4.7,1113221593,236.86,phase4_semantic_finetune_train_2009_2026-08-29T05-20.log
20260829T035832Z_2009_corrupt50_train,2009,corrupt50,train,copy sem_latest_2009_corrupt50.pt,2.7,1113221593,412.30,phase4_semantic_finetune_train_2009_2026-08-29T05-20.log
20260829T035832Z_2009_corrupt50_train,2009,corrupt50,train,copy sem_best_2009_corrupt50.pt,2.5,1113218081,445.29,phase4_semantic_finetune_train_2009_2026-08-29T05-20.log
20260829T035832Z_2009_corrupt50_train,2009,corrupt50,train,copy sem_latest_2009_corrupt50.pt,2.6,1113221593,428.16,phase4_semantic_finetune_train_2009_2026-08-29T05-20.log
20260829T041557Z_2009_nodec_v1_tile,2009,nodec_v1,tile,stage 2009_king_rgb.tif,191.5,3000263130,15.67,phase4_semantic_finetune_tile_2009_2026-08-29T04-50.log
20260829T041557Z_2009_nodec_v1_tile,2009,nodec_v1,tile,stage edmonds_canopy_mask_2020.tif,36.4,287816390,7.91,phase4_semantic_finetune_tile_2009_2026-08-29T04-50.log
20260829T041557Z_2009_nodec_v1_tile,2009,nodec_v1,tile,stage add_nodec_2009.tif,3.0,,,phase4_semantic_finetune_tile_2009_2026-08-29T04-50.log
20260829T045049Z_2009_nodec_v1_train,2009,nodec_v1,train,stage tiles 2009,5226.5,,,phase4_semantic_finetune_train_2009_2026-08-29T06-45.log
20260829T045049Z_2009_nodec_v1_train,2009,nodec_v1,train,copy sem_best_2009_nodec_v1.pt,1.8,1113178469,618.43,phase4_semantic_finetune_train_2009_2026-08-29T06-45.log
20260829T045049Z_2009_nodec_v1_train,2009,nodec_v1,train,copy sem_best_2009_nodec_v1.pt,1.8,1113178469,618.43,phase4_semantic_finetune_train_2009_2026-08-29T06-45.log
20260829T045049Z_2009_nodec_v1_train,2009,nodec_v1,train,copy sem_best_2009_nodec_v1.pt,1.7,1113178469,654.81,phase4_semantic_finetune_train_2009_2026-08-29T06-45.log
20260829T045049Z_2009_nodec_v1_train,2009,nodec_v1,train,copy sem_latest_2009_nodec_v1.pt,1.6,1113182237,695.74,phase4_semantic_finetune_train_2009_2026-08-29T06-45.log
20260829T045049Z_2009_nodec_v1_train,2009,nodec_v1,train,copy sem_best_2009_nodec_v1.pt,1.8,1113178469,618.43,phase4_semantic_finetune_train_2009_2026-08-29T06-45.log
20260829T045049Z_2009_nodec_v1_train,2009,nodec_v1,train,copy sem_best_2009_nodec_v1.pt,1.8,1113178469,618.43,phase4_semantic_finetune_train_2009_2026-08-29T06-45.log
20260829T045049Z_2009_nodec_v1_train,2009,nodec_v1,train,copy sem_best_2009_nodec_v1.pt,1.7,1113178469,654.81,phase4_semantic_finetune_train_2009_2026-08-29T06-45.log
20260829T045049Z_2009_nodec_v1_train,2009,nodec_v1,train,copy sem_latest_2009_nodec_v1.pt,1.9,1113182237,585.89,phase4_semantic_finetune_train_2009_2026-08-29T06-45.log
20260829T045049Z_2009_nodec_v1_train,2009,nodec_v1,train,copy sem_best_2009_nodec_v1.pt,1.7,1113178469,654.81,phase4_semantic_finetune_train_2009_2026-08-29T06-45.log
20260829T045049Z_2009_nodec_v1_train,2009,nodec_v1,train,copy sem_latest_2009_nodec_v1.pt,1.6,1113182237,695.74,phase4_semantic_finetune_train_2009_2026-08-29T06-45.log
20260829T045049Z_2009_nodec_v1_train,2009,nodec_v1,train,copy sem_best_2009_nodec_v1.pt,1.9,1113178469,585.88,phase4_semantic_finetune_train_2009_2026-08-29T06-45.log
20260829T045049Z_2009_nodec_v1_train,2009,nodec_v1,train,copy sem_latest_2009_nodec_v1.pt,1.7,1113182237,654.81,phase4_semantic_finetune_train_2009_2026-08-29T06-45.log
20260829T045049Z_2009_nodec_v1_train,2009,nodec_v1,train,copy sem_latest_2009_nodec_v1.pt,2.5,1113182237,445.27,phase4_semantic_finetune_train_2009_2026-08-29T06-45.log
20260829T045049Z_2009_nodec_v1_train,2009,nodec_v1,train,copy sem_best_2009_nodec_v1.pt,2.8,1113178469,397.56,phase4_semantic_finetune_train_2009_2026-08-29T06-45.log
20260829T045049Z_2009_nodec_v1_train,2009,nodec_v1,train,copy sem_best_2009_nodec_v1.pt,2.6,1113178469,428.15,phase4_semantic_finetune_train_2009_2026-08-29T06-45.log
20260829T045049Z_2009_nodec_v1_train,2009,nodec_v1,train,copy sem_latest_2009_nodec_v1.pt,2.4,1113182237,463.83,phase4_semantic_finetune_train_2009_2026-08-29T06-45.log
20260829T045049Z_2009_nodec_v1_train,2009,nodec_v1,train,copy sem_best_2009_nodec_v1.pt,2.5,1113178469,445.27,phase4_semantic_finetune_train_2009_2026-08-29T06-45.log
20260829T045049Z_2009_nodec_v1_train,2009,nodec_v1,train,copy sem_best_2009_nodec_v1.pt,2.5,1113178469,445.27,phase4_semantic_finetune_train_2009_2026-08-29T06-45.log
20260829T045049Z_2009_nodec_v1_train,2009,nodec_v1,train,copy sem_latest_2009_nodec_v1.pt,2.3,1113182237,483.99,phase4_semantic_finetune_train_2009_2026-08-29T06-45.log
20260829T045049Z_2009_nodec_v1_train,2009,nodec_v1,train,copy sem_best_2009_nodec_v1.pt,2.4,1113178469,463.82,phase4_semantic_finetune_train_2009_2026-08-29T06-45.log
20260829T045049Z_2009_nodec_v1_train,2009,nodec_v1,train,copy sem_latest_2009_nodec_v1.pt,2.5,1113182237,445.27,phase4_semantic_finetune_train_2009_2026-08-29T06-45.log
20260829T045049Z_2009_nodec_v1_train,2009,nodec_v1,train,copy sem_best_2009_nodec_v1.pt,2.7,1113178469,412.29,phase4_semantic_finetune_train_2009_2026-08-29T06-45.log
20260829T045049Z_2009_nodec_v1_train,2009,nodec_v1,train,copy sem_latest_2009_nodec_v1.pt,2.6,1113182237,428.15,phase4_semantic_finetune_train_2009_2026-08-29T06-45.log
20260829T045049Z_2009_nodec_v1_train,2009,nodec_v1,train,copy sem_latest_2009_nodec_v1.pt,2.2,1113182237,505.99,phase4_semantic_finetune_train_2009_2026-08-29T06-45.log
20260829T052151Z_2009_corrupt50_inference,2009,corrupt50,inference,stage 2009_king_rgb.tif,179.2,3000263130,16.74,phase4_semantic_finetune_inference_2009_2026-08-29T05-26.log
20260829T052151Z_2009_corrupt50_inference,2009,corrupt50,inference,inference,84.2,,,phase4_semantic_finetune_inference_2009_2026-08-29T05-26.log
20260829T052151Z_2009_corrupt50_inference,2009,corrupt50,inference,copy edmonds_canopy_prob_2009_corrupt50.tif,0.2,95685385,478.43,phase4_semantic_finetune_inference_2009_2026-08-29T05-26.log
20260829T061145Z_2009_corrupt25_train,2009,corrupt25,train,stage tiles 2009,4011.3,,,phase4_semantic_finetune_train_2009_2026-08-29T07-52.log
20260829T061145Z_2009_corrupt25_train,2009,corrupt25,train,copy sem_best_2009_corrupt25.pt,1.5,1113217761,742.15,phase4_semantic_finetune_train_2009_2026-08-29T07-52.log
20260829T061145Z_2009_corrupt25_train,2009,corrupt25,train,copy sem_best_2009_corrupt25.pt,1.8,1113217761,618.45,phase4_semantic_finetune_train_2009_2026-08-29T07-52.log
20260829T061145Z_2009_corrupt25_train,2009,corrupt25,train,copy sem_best_2009_corrupt25.pt,1.9,1113217761,585.90,phase4_semantic_finetune_train_2009_2026-08-29T07-52.log
20260829T061145Z_2009_corrupt25_train,2009,corrupt25,train,copy sem_best_2009_corrupt25.pt,1.8,1113217761,618.45,phase4_semantic_finetune_train_2009_2026-08-29T07-52.log
20260829T061145Z_2009_corrupt25_train,2009,corrupt25,train,copy sem_latest_2009_corrupt25.pt,1.8,1113221593,618.46,phase4_semantic_finetune_train_2009_2026-08-29T07-52.log
20260829T061145Z_2009_corrupt25_train,2009,corrupt25,train,copy sem_best_2009_corrupt25.pt,1.9,1113217761,585.90,phase4_semantic_finetune_train_2009_2026-08-29T07-52.log
20260829T061145Z_2009_corrupt25_train,2009,corrupt25,train,copy sem_best_2009_corrupt25.pt,1.7,1113217761,654.83,phase4_semantic_finetune_train_2009_2026-08-29T07-52.log
20260829T061145Z_2009_corrupt25_train,2009,corrupt25,train,copy sem_latest_2009_corrupt25.pt,1.8,1113221593,618.46,phase4_semantic_finetune_train_2009_2026-08-29T07-52.log
20260829T061145Z_2009_corrupt25_train,2009,corrupt25,train,copy sem_latest_2009_corrupt25.pt,1.8,1113221593,618.46,phase4_semantic_finetune_train_2009_2026-08-29T07-52.log
20260829T061145Z_2009_corrupt25_train,2009,corrupt25,train,copy sem_best_2009_corrupt25.pt,1.8,1113217761,618.45,phase4_semantic_finetune_train_2009_2026-08-29T07-52.log
20260829T061145Z_2009_corrupt25_train,2009,corrupt25,train,copy sem_best_2009_corrupt25.pt,1.7,1113217761,654.83,phase4_semantic_finetune_train_2009_2026-08-29T07-52.log
20260829T061145Z_2009_corrupt25_train,2009,corrupt25,train,copy sem_best_2009_corrupt25.pt,1.9,1113217761,585.90,phase4_semantic_finetune_train_2009_2026-08-29T07-52.log
20260829T061145Z_2009_corrupt25_train,2009,corrupt25,train,copy sem_latest_2009_corrupt25.pt,1.9,1113221593,585.91,phase4_semantic_finetune_train_2009_2026-08-29T07-52.log
20260829T061145Z_2009_corrupt25_train,2009,corrupt25,train,copy sem_best_2009_corrupt25.pt,86.7,1113217761,12.84,phase4_semantic_finetune_train_2009_2026-08-29T07-52.log
20260829T061145Z_2009_corrupt25_train,2009,corrupt25,train,copy sem_best_2009_corrupt25.pt,2.4,1113217761,463.84,phase4_semantic_finetune_train_2009_2026-08-29T07-52.log
20260829T061145Z_2009_corrupt25_train,2009,corrupt25,train,copy sem_latest_2009_corrupt25.pt,2.7,1113221593,412.30,phase4_semantic_finetune_train_2009_2026-08-29T07-52.log
20260829T061145Z_2009_corrupt25_train,2009,corrupt25,train,copy sem_best_2009_corrupt25.pt,2.6,1113217761,428.16,phase4_semantic_finetune_train_2009_2026-08-29T07-52.log
20260829T061145Z_2009_corrupt25_train,2009,corrupt25,train,copy sem_best_2009_corrupt25.pt,2.7,1113217761,412.30,phase4_semantic_finetune_train_2009_2026-08-29T07-52.log
20260829T061145Z_2009_corrupt25_train,2009,corrupt25,train,copy sem_latest_2009_corrupt25.pt,2.8,1113221593,397.58,phase4_semantic_finetune_train_2009_2026-08-29T07-52.log
20260829T061145Z_2009_corrupt25_train,2009,corrupt25,train,copy sem_best_2009_corrupt25.pt,2.6,1113217761,428.16,phase4_semantic_finetune_train_2009_2026-08-29T07-52.log
20260829T061145Z_2009_corrupt25_train,2009,corrupt25,train,copy sem_latest_2009_corrupt25.pt,4.9,1113221593,227.19,phase4_semantic_finetune_train_2009_2026-08-29T07-52.log
20260829T061145Z_2009_corrupt25_train,2009,corrupt25,train,copy sem_best_2009_corrupt25.pt,2.7,1113217761,412.30,phase4_semantic_finetune_train_2009_2026-08-29T07-52.log
20260829T061145Z_2009_corrupt25_train,2009,corrupt25,train,copy sem_best_2009_corrupt25.pt,2.8,1113217761,397.58,phase4_semantic_finetune_train_2009_2026-08-29T07-52.log
20260829T061145Z_2009_corrupt25_train,2009,corrupt25,train,copy sem_best_2009_corrupt25.pt,2.7,1113217761,412.30,phase4_semantic_finetune_train_2009_2026-08-29T07-52.log
20260829T061145Z_2009_corrupt25_train,2009,corrupt25,train,copy sem_latest_2009_corrupt25.pt,2.4,1113221593,463.84,phase4_semantic_finetune_train_2009_2026-08-29T07-52.log
20260829T061145Z_2009_corrupt25_train,2009,corrupt25,train,copy sem_best_2009_corrupt25.pt,2.3,1113217761,484.01,phase4_semantic_finetune_train_2009_2026-08-29T07-52.log
20260829T061145Z_2009_corrupt25_train,2009,corrupt25,train,copy sem_latest_2009_corrupt25.pt,2.5,1113221593,445.29,phase4_semantic_finetune_train_2009_2026-08-29T07-52.log
20260829T061145Z_2009_corrupt25_train,2009,corrupt25,train,copy sem_latest_2009_corrupt25.pt,2.6,1113221593,428.16,phase4_semantic_finetune_train_2009_2026-08-29T07-52.log
20260829T064558Z_2009_nodec_v1_inference,2009,nodec_v1,inference,stage 2009_king_rgb.tif,169.0,3000263130,17.75,phase4_semantic_finetune_inference_2009_2026-08-29T06-50.log
20260829T064558Z_2009_nodec_v1_inference,2009,nodec_v1,inference,inference,81.8,,,phase4_semantic_finetune_inference_2009_2026-08-29T06-50.log
20260829T064558Z_2009_nodec_v1_inference,2009,nodec_v1,inference,copy edmonds_canopy_prob_2009_nodec_v1.tif,0.3,114944643,383.15,phase4_semantic_finetune_inference_2009_2026-08-29T06-50.log
20260829T075240Z_2009_corrupt25_inference,2009,corrupt25,inference,stage 2009_king_rgb.tif,31.9,3000263130,94.05,phase4_semantic_finetune_inference_2009_2026-08-29T07-55.log
20260829T075240Z_2009_corrupt25_inference,2009,corrupt25,inference,stage lidar_snoh_chm.tif,25.7,75698441,2.95,phase4_semantic_finetune_inference_2009_2026-08-29T07-55.log
20260829T075240Z_2009_corrupt25_inference,2009,corrupt25,inference,inference,105.5,,,phase4_semantic_finetune_inference_2009_2026-08-29T07-55.log
20260829T075240Z_2009_corrupt25_inference,2009,corrupt25,inference,copy edmonds_canopy_prob_2009_corrupt25.tif,0.2,87787107,438.94,phase4_semantic_finetune_inference_2009_2026-08-29T07-55.log
20260829T075943Z_2009_chm2_v1_tile,2009,chm2_v1,tile,stage 2009_king_rgb.tif,31.5,3000263130,95.25,phase4_semantic_finetune_tile_2009_2026-08-29T08-19.log
20260829T075943Z_2009_chm2_v1_tile,2009,chm2_v1,tile,stage edmonds_canopy_mask_2020.tif,13.2,287816390,21.80,phase4_semantic_finetune_tile_2009_2026-08-29T08-19.log
20260829T075943Z_2009_chm2_v1_tile,2009,chm2_v1,tile,stage lidar_chm2_2016_50cm.tif,4.3,93830836,21.82,phase4_semantic_finetune_tile_2009_2026-08-29T08-19.log
20260829T081541Z_2009_seed1234_tile,2009,seed1234,tile,stage 2009_king_rgb.tif,34.3,3000263130,87.47,phase4_semantic_finetune_tile_2009_2026-08-29T08-37.log
20260829T081541Z_2009_seed1234_tile,2009,seed1234,tile,stage edmonds_canopy_mask_2020.tif,4.1,287816390,70.20,phase4_semantic_finetune_tile_2009_2026-08-29T08-37.log
20260829T081541Z_2009_seed1234_tile,2009,seed1234,tile,stage lidar_snoh_chm.tif,3.5,75698441,21.63,phase4_semantic_finetune_tile_2009_2026-08-29T08-37.log
20260829T082054Z_2009_chm2_v1_train,2009,chm2_v1,train,stage tiles 2009,3276.9,,,phase4_semantic_finetune_train_2009_2026-08-29T09-39.log
20260829T082054Z_2009_chm2_v1_train,2009,chm2_v1,train,copy sem_best_2009_chm2_v1.pt,1.8,773009503,429.45,phase4_semantic_finetune_train_2009_2026-08-29T09-39.log
20260829T082054Z_2009_chm2_v1_train,2009,chm2_v1,train,copy sem_best_2009_chm2_v1.pt,1.9,773009503,406.85,phase4_semantic_finetune_train_2009_2026-08-29T09-39.log
20260829T082054Z_2009_chm2_v1_train,2009,chm2_v1,train,copy sem_best_2009_chm2_v1.pt,1.7,773009503,454.71,phase4_semantic_finetune_train_2009_2026-08-29T09-39.log
20260829T082054Z_2009_chm2_v1_train,2009,chm2_v1,train,copy sem_best_2009_chm2_v1.pt,1.7,773009503,454.71,phase4_semantic_finetune_train_2009_2026-08-29T09-39.log
20260829T082054Z_2009_chm2_v1_train,2009,chm2_v1,train,copy sem_best_2009_chm2_v1.pt,2.0,773009503,386.50,phase4_semantic_finetune_train_2009_2026-08-29T09-39.log
20260829T082054Z_2009_chm2_v1_train,2009,chm2_v1,train,copy sem_latest_2009_chm2_v1.pt,1.8,1113217441,618.45,phase4_semantic_finetune_train_2009_2026-08-29T09-39.log
20260829T082054Z_2009_chm2_v1_train,2009,chm2_v1,train,copy sem_best_2009_chm2_v1.pt,1.8,773009503,429.45,phase4_semantic_finetune_train_2009_2026-08-29T09-39.log
20260829T082054Z_2009_chm2_v1_train,2009,chm2_v1,train,copy sem_best_2009_chm2_v1.pt,1.9,773009503,406.85,phase4_semantic_finetune_train_2009_2026-08-29T09-39.log
20260829T082054Z_2009_chm2_v1_train,2009,chm2_v1,train,copy sem_latest_2009_chm2_v1.pt,1.8,1113217441,618.45,phase4_semantic_finetune_train_2009_2026-08-29T09-39.log
20260829T082054Z_2009_chm2_v1_train,2009,chm2_v1,train,copy sem_best_2009_chm2_v1.pt,1.8,773009503,429.45,phase4_semantic_finetune_train_2009_2026-08-29T09-39.log
20260829T082054Z_2009_chm2_v1_train,2009,chm2_v1,train,copy sem_best_2009_chm2_v1.pt,1.9,773009503,406.85,phase4_semantic_finetune_train_2009_2026-08-29T09-39.log
20260829T082054Z_2009_chm2_v1_train,2009,chm2_v1,train,copy sem_latest_2009_chm2_v1.pt,4.0,1113217441,278.30,phase4_semantic_finetune_train_2009_2026-08-29T09-39.log
20260829T082054Z_2009_chm2_v1_train,2009,chm2_v1,train,copy sem_best_2009_chm2_v1.pt,1.7,773009503,454.71,phase4_semantic_finetune_train_2009_2026-08-29T09-39.log
20260829T082054Z_2009_chm2_v1_train,2009,chm2_v1,train,copy sem_latest_2009_chm2_v1.pt,1.9,1113217441,585.90,phase4_semantic_finetune_train_2009_2026-08-29T09-39.log
20260829T082054Z_2009_chm2_v1_train,2009,chm2_v1,train,copy sem_latest_2009_chm2_v1.pt,2.5,1113217441,445.29,phase4_semantic_finetune_train_2009_2026-08-29T09-39.log
20260829T082054Z_2009_chm2_v1_train,2009,chm2_v1,train,copy sem_latest_2009_chm2_v1.pt,2.6,1113217441,428.16,phase4_semantic_finetune_train_2009_2026-08-29T09-39.log
20260829T082054Z_2009_chm2_v1_train,2009,chm2_v1,train,copy sem_latest_2009_chm2_v1.pt,2.4,1113217441,463.84,phase4_semantic_finetune_train_2009_2026-08-29T09-39.log
20260829T083803Z_2009_seed1234_train,2009,seed1234,train,stage tiles 2009,4298.6,,,phase4_semantic_finetune_train_2009_2026-08-29T10-20.log
20260829T083803Z_2009_seed1234_train,2009,seed1234,train,copy sem_best_2009_seed1234.pt,1.6,1113215525,695.76,phase4_semantic_finetune_train_2009_2026-08-29T10-20.log
20260829T083803Z_2009_seed1234_train,2009,seed1234,train,copy sem_best_2009_seed1234.pt,1.6,1113215525,695.76,phase4_semantic_finetune_train_2009_2026-08-29T10-20.log
20260829T083803Z_2009_seed1234_train,2009,seed1234,train,copy sem_best_2009_seed1234.pt,1.6,1113215525,695.76,phase4_semantic_finetune_train_2009_2026-08-29T10-20.log
20260829T083803Z_2009_seed1234_train,2009,seed1234,train,copy sem_best_2009_seed1234.pt,1.7,1113215525,654.83,phase4_semantic_finetune_train_2009_2026-08-29T10-20.log
20260829T083803Z_2009_seed1234_train,2009,seed1234,train,copy sem_best_2009_seed1234.pt,1.7,1113215525,654.83,phase4_semantic_finetune_train_2009_2026-08-29T10-20.log
20260829T083803Z_2009_seed1234_train,2009,seed1234,train,copy sem_latest_2009_seed1234.pt,3.7,773011300,208.92,phase4_semantic_finetune_train_2009_2026-08-29T10-20.log
20260829T083803Z_2009_seed1234_train,2009,seed1234,train,copy sem_best_2009_seed1234.pt,1.8,1113215525,618.45,phase4_semantic_finetune_train_2009_2026-08-29T10-20.log
20260829T083803Z_2009_seed1234_train,2009,seed1234,train,copy sem_latest_2009_seed1234.pt,1.5,773011300,515.34,phase4_semantic_finetune_train_2009_2026-08-29T10-20.log
20260829T083803Z_2009_seed1234_train,2009,seed1234,train,copy sem_best_2009_seed1234.pt,1.7,1113215525,654.83,phase4_semantic_finetune_train_2009_2026-08-29T10-20.log
20260829T083803Z_2009_seed1234_train,2009,seed1234,train,copy sem_latest_2009_seed1234.pt,2.2,773011300,351.37,phase4_semantic_finetune_train_2009_2026-08-29T10-20.log
20260829T083803Z_2009_seed1234_train,2009,seed1234,train,copy sem_best_2009_seed1234.pt,1.8,1113215525,618.45,phase4_semantic_finetune_train_2009_2026-08-29T10-20.log
20260829T083803Z_2009_seed1234_train,2009,seed1234,train,copy sem_best_2009_seed1234.pt,1.7,1113215525,654.83,phase4_semantic_finetune_train_2009_2026-08-29T10-20.log
20260829T083803Z_2009_seed1234_train,2009,seed1234,train,copy sem_latest_2009_seed1234.pt,1.9,773011300,406.85,phase4_semantic_finetune_train_2009_2026-08-29T10-20.log
20260829T083803Z_2009_seed1234_train,2009,seed1234,train,copy sem_latest_2009_seed1234.pt,2.3,773011300,336.09,phase4_semantic_finetune_train_2009_2026-08-29T10-20.log
20260829T083803Z_2009_seed1234_train,2009,seed1234,train,copy sem_best_2009_seed1234.pt,2.5,1113215525,445.29,phase4_semantic_finetune_train_2009_2026-08-29T10-20.log
20260829T083803Z_2009_seed1234_train,2009,seed1234,train,copy sem_latest_2009_seed1234.pt,2.5,773011300,309.20,phase4_semantic_finetune_train_2009_2026-08-29T10-20.log
20260829T083803Z_2009_seed1234_train,2009,seed1234,train,copy sem_best_2009_seed1234.pt,2.6,1113215525,428.16,phase4_semantic_finetune_train_2009_2026-08-29T10-20.log
20260829T083803Z_2009_seed1234_train,2009,seed1234,train,copy sem_best_2009_seed1234.pt,2.5,1113215525,445.29,phase4_semantic_finetune_train_2009_2026-08-29T10-20.log
20260829T083803Z_2009_seed1234_train,2009,seed1234,train,copy sem_best_2009_seed1234.pt,2.2,1113215525,506.01,phase4_semantic_finetune_train_2009_2026-08-29T10-20.log
20260829T083803Z_2009_seed1234_train,2009,seed1234,train,copy sem_latest_2009_seed1234.pt,4.5,773011300,171.78,phase4_semantic_finetune_train_2009_2026-08-29T10-20.log
20260829T083803Z_2009_seed1234_train,2009,seed1234,train,copy sem_best_2009_seed1234.pt,2.4,1113215525,463.84,phase4_semantic_finetune_train_2009_2026-08-29T10-20.log
20260829T083803Z_2009_seed1234_train,2009,seed1234,train,copy sem_best_2009_seed1234.pt,2.6,1113215525,428.16,phase4_semantic_finetune_train_2009_2026-08-29T10-20.log
20260829T083803Z_2009_seed1234_train,2009,seed1234,train,copy sem_best_2009_seed1234.pt,2.4,1113215525,463.84,phase4_semantic_finetune_train_2009_2026-08-29T10-20.log
20260829T083803Z_2009_seed1234_train,2009,seed1234,train,copy sem_latest_2009_seed1234.pt,4.6,773011300,168.05,phase4_semantic_finetune_train_2009_2026-08-29T10-20.log
20260829T083803Z_2009_seed1234_train,2009,seed1234,train,copy sem_best_2009_seed1234.pt,2.6,1113215525,428.16,phase4_semantic_finetune_train_2009_2026-08-29T10-20.log
20260829T083803Z_2009_seed1234_train,2009,seed1234,train,copy sem_latest_2009_seed1234.pt,2.5,773011300,309.20,phase4_semantic_finetune_train_2009_2026-08-29T10-20.log
20260829T083803Z_2009_seed1234_train,2009,seed1234,train,copy sem_latest_2009_seed1234.pt,2.4,773011300,322.09,phase4_semantic_finetune_train_2009_2026-08-29T10-20.log
20260829T094032Z_2009_chm2_v1_inference,2009,chm2_v1,inference,stage 2009_king_rgb.tif,28.9,3000263130,103.82,phase4_semantic_finetune_inference_2009_2026-08-29T09-43.log
20260829T094032Z_2009_chm2_v1_inference,2009,chm2_v1,inference,inference,91.9,,,phase4_semantic_finetune_inference_2009_2026-08-29T09-43.log
20260829T094032Z_2009_chm2_v1_inference,2009,chm2_v1,inference,copy edmonds_canopy_prob_2009_chm2_v1.tif,0.3,95987924,319.96,phase4_semantic_finetune_inference_2009_2026-08-29T09-43.log
20260829T095955Z_2009_rgb3_ep60_tile,2009,rgb3_ep60,tile,stage 2009_king_rgb.tif,149.5,3000263130,20.07,phase4_semantic_finetune_tile_2009_2026-08-29T10-29.log
20260829T095955Z_2009_rgb3_ep60_tile,2009,rgb3_ep60,tile,stage edmonds_canopy_mask_2020.tif,105.5,287816390,2.73,phase4_semantic_finetune_tile_2009_2026-08-29T10-29.log
20260829T102107Z_2009_seed1234_inference,2009,seed1234,inference,stage 2009_king_rgb.tif,124.3,3000263130,24.14,phase4_semantic_finetune_inference_2009_2026-08-29T10-28.log
20260829T102107Z_2009_seed1234_inference,2009,seed1234,inference,inference,83.3,,,phase4_semantic_finetune_inference_2009_2026-08-29T10-28.log
20260829T102107Z_2009_seed1234_inference,2009,seed1234,inference,copy edmonds_canopy_prob_2009_seed1234.tif,0.2,86920415,434.60,phase4_semantic_finetune_inference_2009_2026-08-29T10-28.log
20260829T103047Z_2009_rgb3_ep60_train,2009,rgb3_ep60,train,stage tiles 2009,268.0,,,phase4_semantic_finetune_train_2009_2026-08-29T11-04.log
20260829T103047Z_2009_rgb3_ep60_train,2009,rgb3_ep60,train,copy sem_best_2009_rgb3_ep60.pt,1.5,1113180257,742.12,phase4_semantic_finetune_train_2009_2026-08-29T11-04.log
20260829T103047Z_2009_rgb3_ep60_train,2009,rgb3_ep60,train,copy sem_best_2009_rgb3_ep60.pt,1.7,1113180257,654.81,phase4_semantic_finetune_train_2009_2026-08-29T11-04.log
20260829T103047Z_2009_rgb3_ep60_train,2009,rgb3_ep60,train,copy sem_best_2009_rgb3_ep60.pt,1.6,1113180257,695.74,phase4_semantic_finetune_train_2009_2026-08-29T11-04.log
20260829T103047Z_2009_rgb3_ep60_train,2009,rgb3_ep60,train,copy sem_latest_2009_rgb3_ep60.pt,1.8,1113184473,618.44,phase4_semantic_finetune_train_2009_2026-08-29T11-04.log
20260829T103047Z_2009_rgb3_ep60_train,2009,rgb3_ep60,train,copy sem_best_2009_rgb3_ep60.pt,1.7,1113180257,654.81,phase4_semantic_finetune_train_2009_2026-08-29T11-04.log
20260829T103047Z_2009_rgb3_ep60_train,2009,rgb3_ep60,train,copy sem_best_2009_rgb3_ep60.pt,1.8,1113180257,618.43,phase4_semantic_finetune_train_2009_2026-08-29T11-04.log
20260829T103047Z_2009_rgb3_ep60_train,2009,rgb3_ep60,train,copy sem_best_2009_rgb3_ep60.pt,1.7,1113180257,654.81,phase4_semantic_finetune_train_2009_2026-08-29T11-04.log
20260829T103047Z_2009_rgb3_ep60_train,2009,rgb3_ep60,train,copy sem_best_2009_rgb3_ep60.pt,1.7,1113180257,654.81,phase4_semantic_finetune_train_2009_2026-08-29T11-04.log
20260829T103047Z_2009_rgb3_ep60_train,2009,rgb3_ep60,train,copy sem_latest_2009_rgb3_ep60.pt,1.7,1113184473,654.81,phase4_semantic_finetune_train_2009_2026-08-29T11-04.log
20260829T103047Z_2009_rgb3_ep60_train,2009,rgb3_ep60,train,copy sem_best_2009_rgb3_ep60.pt,1.5,1113180257,742.12,phase4_semantic_finetune_train_2009_2026-08-29T11-04.log
20260829T103047Z_2009_rgb3_ep60_train,2009,rgb3_ep60,train,copy sem_best_2009_rgb3_ep60.pt,1.7,1113180257,654.81,phase4_semantic_finetune_train_2009_2026-08-29T11-04.log
20260829T103047Z_2009_rgb3_ep60_train,2009,rgb3_ep60,train,copy sem_latest_2009_rgb3_ep60.pt,1.8,1113184473,618.44,phase4_semantic_finetune_train_2009_2026-08-29T11-04.log
20260829T103047Z_2009_rgb3_ep60_train,2009,rgb3_ep60,train,copy sem_latest_2009_rgb3_ep60.pt,1.6,1113184473,695.74,phase4_semantic_finetune_train_2009_2026-08-29T11-04.log
20260829T103047Z_2009_rgb3_ep60_train,2009,rgb3_ep60,train,copy sem_latest_2009_rgb3_ep60.pt,2.3,1113184473,483.99,phase4_semantic_finetune_train_2009_2026-08-29T11-04.log
20260829T103047Z_2009_rgb3_ep60_train,2009,rgb3_ep60,train,copy sem_best_2009_rgb3_ep60.pt,2.5,1113180257,445.27,phase4_semantic_finetune_train_2009_2026-08-29T11-04.log
20260829T103047Z_2009_rgb3_ep60_train,2009,rgb3_ep60,train,copy sem_best_2009_rgb3_ep60.pt,2.5,1113180257,445.27,phase4_semantic_finetune_train_2009_2026-08-29T11-04.log
20260829T103047Z_2009_rgb3_ep60_train,2009,rgb3_ep60,train,copy sem_latest_2009_rgb3_ep60.pt,2.3,1113184473,483.99,phase4_semantic_finetune_train_2009_2026-08-29T11-04.log
20260829T103047Z_2009_rgb3_ep60_train,2009,rgb3_ep60,train,copy sem_latest_2009_rgb3_ep60.pt,2.5,1113184473,445.27,phase4_semantic_finetune_train_2009_2026-08-29T11-04.log
20260829T103047Z_2009_rgb3_ep60_train,2009,rgb3_ep60,train,copy sem_best_2009_rgb3_ep60.pt,2.3,1113180257,483.99,phase4_semantic_finetune_train_2009_2026-08-29T11-04.log
20260829T103047Z_2009_rgb3_ep60_train,2009,rgb3_ep60,train,copy sem_latest_2009_rgb3_ep60.pt,3.0,1113184473,371.06,phase4_semantic_finetune_train_2009_2026-08-29T11-04.log
20260829T103047Z_2009_rgb3_ep60_train,2009,rgb3_ep60,train,copy sem_latest_2009_rgb3_ep60.pt,2.5,1113184473,445.27,phase4_semantic_finetune_train_2009_2026-08-29T11-04.log
20260829T103047Z_2009_rgb3_ep60_train,2009,rgb3_ep60,train,copy sem_latest_2009_rgb3_ep60.pt,2.5,1113184473,445.27,phase4_semantic_finetune_train_2009_2026-08-29T11-04.log
20260829T105358Z_2009_seed777_tile,2009,seed777,tile,stage 2009_king_rgb.tif,131.0,3000263130,22.90,phase4_semantic_finetune_tile_2009_2026-08-29T11-22.log
20260829T105358Z_2009_seed777_tile,2009,seed777,tile,stage edmonds_canopy_mask_2020.tif,41.5,287816390,6.94,phase4_semantic_finetune_tile_2009_2026-08-29T11-22.log
20260829T105358Z_2009_seed777_tile,2009,seed777,tile,stage lidar_snoh_chm.tif,5.3,75698441,14.28,phase4_semantic_finetune_tile_2009_2026-08-29T11-22.log
20260829T110438Z_2009_rgb3_ep60_inference,2009,rgb3_ep60,inference,stage 2009_king_rgb.tif,72.5,3000263130,41.38,phase4_semantic_finetune_inference_2009_2026-08-29T11-08.log
20260829T110438Z_2009_rgb3_ep60_inference,2009,rgb3_ep60,inference,inference,77.8,,,phase4_semantic_finetune_inference_2009_2026-08-29T11-08.log
20260829T110438Z_2009_rgb3_ep60_inference,2009,rgb3_ep60,inference,copy edmonds_canopy_prob_2009_rgb3_ep60.tif,0.1,80814671,808.15,phase4_semantic_finetune_inference_2009_2026-08-29T11-08.log
20260829T112348Z_2009_seed777_train,2009,seed777,train,stage tiles 2009,307.8,,,phase4_semantic_finetune_train_2009_2026-08-29T11-52.log
20260829T112348Z_2009_seed777_train,2009,seed777,train,copy sem_best_2009_seed777.pt,1.9,1113213609,585.90,phase4_semantic_finetune_train_2009_2026-08-29T11-52.log
20260829T112348Z_2009_seed777_train,2009,seed777,train,copy sem_best_2009_seed777.pt,1.7,1113213609,654.83,phase4_semantic_finetune_train_2009_2026-08-29T11-52.log
20260829T112348Z_2009_seed777_train,2009,seed777,train,copy sem_best_2009_seed777.pt,1.7,1113213609,654.83,phase4_semantic_finetune_train_2009_2026-08-29T11-52.log
20260829T112348Z_2009_seed777_train,2009,seed777,train,copy sem_latest_2009_seed777.pt,1.7,1113217761,654.83,phase4_semantic_finetune_train_2009_2026-08-29T11-52.log
20260829T112348Z_2009_seed777_train,2009,seed777,train,copy sem_best_2009_seed777.pt,1.7,1113213609,654.83,phase4_semantic_finetune_train_2009_2026-08-29T11-52.log
20260829T112348Z_2009_seed777_train,2009,seed777,train,copy sem_best_2009_seed777.pt,1.6,1113213609,695.76,phase4_semantic_finetune_train_2009_2026-08-29T11-52.log
20260829T112348Z_2009_seed777_train,2009,seed777,train,copy sem_latest_2009_seed777.pt,1.7,1113217761,654.83,phase4_semantic_finetune_train_2009_2026-08-29T11-52.log
20260829T112348Z_2009_seed777_train,2009,seed777,train,copy sem_best_2009_seed777.pt,1.7,1113213609,654.83,phase4_semantic_finetune_train_2009_2026-08-29T11-52.log
20260829T112348Z_2009_seed777_train,2009,seed777,train,copy sem_latest_2009_seed777.pt,1.9,1113217761,585.90,phase4_semantic_finetune_train_2009_2026-08-29T11-52.log
20260829T112348Z_2009_seed777_train,2009,seed777,train,copy sem_latest_2009_seed777.pt,1.9,1113217761,585.90,phase4_semantic_finetune_train_2009_2026-08-29T11-52.log
20260829T112348Z_2009_seed777_train,2009,seed777,train,copy sem_best_2009_seed777.pt,2.3,1113213609,484.01,phase4_semantic_finetune_train_2009_2026-08-29T11-52.log
20260829T112348Z_2009_seed777_train,2009,seed777,train,copy sem_best_2009_seed777.pt,2.4,1113213609,463.84,phase4_semantic_finetune_train_2009_2026-08-29T11-52.log
20260829T112348Z_2009_seed777_train,2009,seed777,train,copy sem_latest_2009_seed777.pt,2.4,1113217761,463.84,phase4_semantic_finetune_train_2009_2026-08-29T11-52.log
20260829T112348Z_2009_seed777_train,2009,seed777,train,copy sem_latest_2009_seed777.pt,2.8,1113217761,397.58,phase4_semantic_finetune_train_2009_2026-08-29T11-52.log
20260829T112348Z_2009_seed777_train,2009,seed777,train,copy sem_latest_2009_seed777.pt,2.7,1113217761,412.30,phase4_semantic_finetune_train_2009_2026-08-29T11-52.log
20260829T113002Z_2009_nodec_s1234_tile,2009,nodec_s1234,tile,stage 2009_king_rgb.tif,283.5,3000263130,10.58,phase4_semantic_finetune_tile_2009_2026-08-29T12-11.log
20260829T113002Z_2009_nodec_s1234_tile,2009,nodec_s1234,tile,stage edmonds_canopy_mask_2020.tif,8.0,287816390,35.98,phase4_semantic_finetune_tile_2009_2026-08-29T12-11.log
20260829T113002Z_2009_nodec_s1234_tile,2009,nodec_s1234,tile,stage add_nodec_2009.tif,2.5,,,phase4_semantic_finetune_tile_2009_2026-08-29T12-11.log
20260829T115303Z_2009_seed777_inference,2009,seed777,inference,stage 2009_king_rgb.tif,205.8,3000263130,14.58,phase4_semantic_finetune_inference_2009_2026-08-29T11-58.log
20260829T115303Z_2009_seed777_inference,2009,seed777,inference,inference,81.2,,,phase4_semantic_finetune_inference_2009_2026-08-29T11-58.log
20260829T115303Z_2009_seed777_inference,2009,seed777,inference,copy edmonds_canopy_prob_2009_seed777.tif,0.1,75905027,759.05,phase4_semantic_finetune_inference_2009_2026-08-29T11-58.log
20260829T121257Z_2009_nodec_s1234_train,2009,nodec_s1234,train,stage tiles 2009,400.6,,,phase4_semantic_finetune_train_2009_2026-08-29T12-43.log
20260829T121257Z_2009_nodec_s1234_train,2009,nodec_s1234,train,copy sem_best_2009_nodec_s1234.pt,1.9,1113183641,585.89,phase4_semantic_finetune_train_2009_2026-08-29T12-43.log
20260829T121257Z_2009_nodec_s1234_train,2009,nodec_s1234,train,copy sem_best_2009_nodec_s1234.pt,1.6,1113183641,695.74,phase4_semantic_finetune_train_2009_2026-08-29T12-43.log
20260829T121257Z_2009_nodec_s1234_train,2009,nodec_s1234,train,copy sem_best_2009_nodec_s1234.pt,3.1,1113183641,359.09,phase4_semantic_finetune_train_2009_2026-08-29T12-43.log
20260829T121257Z_2009_nodec_s1234_train,2009,nodec_s1234,train,copy sem_best_2009_nodec_s1234.pt,1.7,1113183641,654.81,phase4_semantic_finetune_train_2009_2026-08-29T12-43.log
20260829T121257Z_2009_nodec_s1234_train,2009,nodec_s1234,train,copy sem_latest_2009_nodec_s1234.pt,1.6,1113187921,695.74,phase4_semantic_finetune_train_2009_2026-08-29T12-43.log
20260829T121257Z_2009_nodec_s1234_train,2009,nodec_s1234,train,copy sem_best_2009_nodec_s1234.pt,1.8,1113183641,618.44,phase4_semantic_finetune_train_2009_2026-08-29T12-43.log
20260829T121257Z_2009_nodec_s1234_train,2009,nodec_s1234,train,copy sem_best_2009_nodec_s1234.pt,1.7,1113183641,654.81,phase4_semantic_finetune_train_2009_2026-08-29T12-43.log
20260829T121257Z_2009_nodec_s1234_train,2009,nodec_s1234,train,copy sem_best_2009_nodec_s1234.pt,1.7,1113183641,654.81,phase4_semantic_finetune_train_2009_2026-08-29T12-43.log
20260829T121257Z_2009_nodec_s1234_train,2009,nodec_s1234,train,copy sem_best_2009_nodec_s1234.pt,1.7,1113183641,654.81,phase4_semantic_finetune_train_2009_2026-08-29T12-43.log
20260829T121257Z_2009_nodec_s1234_train,2009,nodec_s1234,train,copy sem_latest_2009_nodec_s1234.pt,1.8,1113187921,618.44,phase4_semantic_finetune_train_2009_2026-08-29T12-43.log
20260829T121257Z_2009_nodec_s1234_train,2009,nodec_s1234,train,copy sem_latest_2009_nodec_s1234.pt,1.5,1113187921,742.13,phase4_semantic_finetune_train_2009_2026-08-29T12-43.log
20260829T121257Z_2009_nodec_s1234_train,2009,nodec_s1234,train,copy sem_best_2009_nodec_s1234.pt,1.7,1113183641,654.81,phase4_semantic_finetune_train_2009_2026-08-29T12-43.log
20260829T121257Z_2009_nodec_s1234_train,2009,nodec_s1234,train,copy sem_latest_2009_nodec_s1234.pt,1.6,1113187921,695.74,phase4_semantic_finetune_train_2009_2026-08-29T12-43.log
20260829T121257Z_2009_nodec_s1234_train,2009,nodec_s1234,train,copy sem_latest_2009_nodec_s1234.pt,2.3,1113187921,483.99,phase4_semantic_finetune_train_2009_2026-08-29T12-43.log
20260829T121257Z_2009_nodec_s1234_train,2009,nodec_s1234,train,copy sem_best_2009_nodec_s1234.pt,2.7,1113183641,412.29,phase4_semantic_finetune_train_2009_2026-08-29T12-43.log
20260829T121257Z_2009_nodec_s1234_train,2009,nodec_s1234,train,copy sem_latest_2009_nodec_s1234.pt,2.7,1113187921,412.29,phase4_semantic_finetune_train_2009_2026-08-29T12-43.log
20260829T121257Z_2009_nodec_s1234_train,2009,nodec_s1234,train,copy sem_best_2009_nodec_s1234.pt,2.4,1113183641,463.83,phase4_semantic_finetune_train_2009_2026-08-29T12-43.log
20260829T121257Z_2009_nodec_s1234_train,2009,nodec_s1234,train,copy sem_best_2009_nodec_s1234.pt,2.2,1113183641,505.99,phase4_semantic_finetune_train_2009_2026-08-29T12-43.log
20260829T121257Z_2009_nodec_s1234_train,2009,nodec_s1234,train,copy sem_latest_2009_nodec_s1234.pt,2.5,1113187921,445.28,phase4_semantic_finetune_train_2009_2026-08-29T12-43.log
20260829T121257Z_2009_nodec_s1234_train,2009,nodec_s1234,train,copy sem_best_2009_nodec_s1234.pt,2.5,1113183641,445.27,phase4_semantic_finetune_train_2009_2026-08-29T12-43.log
20260829T121257Z_2009_nodec_s1234_train,2009,nodec_s1234,train,copy sem_latest_2009_nodec_s1234.pt,2.2,1113187921,505.99,phase4_semantic_finetune_train_2009_2026-08-29T12-43.log
20260829T121257Z_2009_nodec_s1234_train,2009,nodec_s1234,train,copy sem_latest_2009_nodec_s1234.pt,2.4,1113187921,463.83,phase4_semantic_finetune_train_2009_2026-08-29T12-43.log
20260829T121257Z_2009_nodec_s1234_train,2009,nodec_s1234,train,copy sem_latest_2009_nodec_s1234.pt,2.6,1113187921,428.15,phase4_semantic_finetune_train_2009_2026-08-29T12-43.log
20260829T122902Z_2009_rgb3_nodeb_s1234_tile,2009,rgb3_nodeb_s1234,tile,stage 2009_king_rgb.tif,119.2,3000263130,25.17,phase4_semantic_finetune_tile_2009_2026-08-29T12-57.log
20260829T122902Z_2009_rgb3_nodeb_s1234_tile,2009,rgb3_nodeb_s1234,tile,stage edmonds_canopy_mask_2020.tif,5.4,287816390,53.30,phase4_semantic_finetune_tile_2009_2026-08-29T12-57.log
20260829T124408Z_2009_nodec_s1234_inference,2009,nodec_s1234,inference,stage 2009_king_rgb.tif,54.3,3000263130,55.25,phase4_semantic_finetune_inference_2009_2026-08-29T12-46.log
20260829T124408Z_2009_nodec_s1234_inference,2009,nodec_s1234,inference,inference,79.1,,,phase4_semantic_finetune_inference_2009_2026-08-29T12-46.log
20260829T124408Z_2009_nodec_s1234_inference,2009,nodec_s1234,inference,copy edmonds_canopy_prob_2009_nodec_s1234.tif,0.2,119229345,596.15,phase4_semantic_finetune_inference_2009_2026-08-29T12-46.log
20260829T125739Z_2009_rgb3_nodeb_s1234_train,2009,rgb3_nodeb_s1234,train,stage tiles 2009,324.7,,,phase4_semantic_finetune_train_2009_2026-08-29T13-31.log
20260829T125739Z_2009_rgb3_nodeb_s1234_train,2009,rgb3_nodeb_s1234,train,copy sem_best_2009_rgb3_nodeb_s1234.pt,1.8,1113193029,618.44,phase4_semantic_finetune_train_2009_2026-08-29T13-31.log
20260829T125739Z_2009_rgb3_nodeb_s1234_train,2009,rgb3_nodeb_s1234,train,copy sem_best_2009_rgb3_nodeb_s1234.pt,1.7,1113193029,654.82,phase4_semantic_finetune_train_2009_2026-08-29T13-31.log
20260829T125739Z_2009_rgb3_nodeb_s1234_train,2009,rgb3_nodeb_s1234,train,copy sem_best_2009_rgb3_nodeb_s1234.pt,1.9,1113193029,585.89,phase4_semantic_finetune_train_2009_2026-08-29T13-31.log
20260829T125739Z_2009_rgb3_nodeb_s1234_train,2009,rgb3_nodeb_s1234,train,copy sem_latest_2009_rgb3_nodeb_s1234.pt,1.7,1113196541,654.82,phase4_semantic_finetune_train_2009_2026-08-29T13-31.log
20260829T125739Z_2009_rgb3_nodeb_s1234_train,2009,rgb3_nodeb_s1234,train,copy sem_best_2009_rgb3_nodeb_s1234.pt,1.4,1113193029,795.14,phase4_semantic_finetune_train_2009_2026-08-29T13-31.log
20260829T125739Z_2009_rgb3_nodeb_s1234_train,2009,rgb3_nodeb_s1234,train,copy sem_best_2009_rgb3_nodeb_s1234.pt,1.6,1113193029,695.75,phase4_semantic_finetune_train_2009_2026-08-29T13-31.log
20260829T125739Z_2009_rgb3_nodeb_s1234_train,2009,rgb3_nodeb_s1234,train,copy sem_best_2009_rgb3_nodeb_s1234.pt,1.5,1113193029,742.13,phase4_semantic_finetune_train_2009_2026-08-29T13-31.log
20260829T125739Z_2009_rgb3_nodeb_s1234_train,2009,rgb3_nodeb_s1234,train,copy sem_latest_2009_rgb3_nodeb_s1234.pt,1.5,1113196541,742.13,phase4_semantic_finetune_train_2009_2026-08-29T13-31.log
20260829T125739Z_2009_rgb3_nodeb_s1234_train,2009,rgb3_nodeb_s1234,train,copy sem_best_2009_rgb3_nodeb_s1234.pt,3.8,1113193029,292.95,phase4_semantic_finetune_train_2009_2026-08-29T13-31.log
20260829T125739Z_2009_rgb3_nodeb_s1234_train,2009,rgb3_nodeb_s1234,train,copy sem_best_2009_rgb3_nodeb_s1234.pt,1.8,1113193029,618.44,phase4_semantic_finetune_train_2009_2026-08-29T13-31.log
20260829T125739Z_2009_rgb3_nodeb_s1234_train,2009,rgb3_nodeb_s1234,train,copy sem_best_2009_rgb3_nodeb_s1234.pt,1.7,1113193029,654.82,phase4_semantic_finetune_train_2009_2026-08-29T13-31.log
20260829T125739Z_2009_rgb3_nodeb_s1234_train,2009,rgb3_nodeb_s1234,train,copy sem_best_2009_rgb3_nodeb_s1234.pt,1.8,1113193029,618.44,phase4_semantic_finetune_train_2009_2026-08-29T13-31.log
20260829T125739Z_2009_rgb3_nodeb_s1234_train,2009,rgb3_nodeb_s1234,train,copy sem_latest_2009_rgb3_nodeb_s1234.pt,1.8,1113196541,618.44,phase4_semantic_finetune_train_2009_2026-08-29T13-31.log
20260829T125739Z_2009_rgb3_nodeb_s1234_train,2009,rgb3_nodeb_s1234,train,copy sem_best_2009_rgb3_nodeb_s1234.pt,1.6,1113193029,695.75,phase4_semantic_finetune_train_2009_2026-08-29T13-31.log
20260829T125739Z_2009_rgb3_nodeb_s1234_train,2009,rgb3_nodeb_s1234,train,copy sem_latest_2009_rgb3_nodeb_s1234.pt,1.7,1113196541,654.82,phase4_semantic_finetune_train_2009_2026-08-29T13-31.log
20260829T125739Z_2009_rgb3_nodeb_s1234_train,2009,rgb3_nodeb_s1234,train,copy sem_best_2009_rgb3_nodeb_s1234.pt,3.0,1113193029,371.06,phase4_semantic_finetune_train_2009_2026-08-29T13-31.log
20260829T125739Z_2009_rgb3_nodeb_s1234_train,2009,rgb3_nodeb_s1234,train,copy sem_best_2009_rgb3_nodeb_s1234.pt,2.5,1113193029,445.28,phase4_semantic_finetune_train_2009_2026-08-29T13-31.log
20260829T125739Z_2009_rgb3_nodeb_s1234_train,2009,rgb3_nodeb_s1234,train,copy sem_latest_2009_rgb3_nodeb_s1234.pt,2.5,1113196541,445.28,phase4_semantic_finetune_train_2009_2026-08-29T13-31.log
20260829T125739Z_2009_rgb3_nodeb_s1234_train,2009,rgb3_nodeb_s1234,train,copy sem_best_2009_rgb3_nodeb_s1234.pt,2.5,1113193029,445.28,phase4_semantic_finetune_train_2009_2026-08-29T13-31.log
20260829T125739Z_2009_rgb3_nodeb_s1234_train,2009,rgb3_nodeb_s1234,train,copy sem_latest_2009_rgb3_nodeb_s1234.pt,2.4,1113196541,463.83,phase4_semantic_finetune_train_2009_2026-08-29T13-31.log
20260829T125739Z_2009_rgb3_nodeb_s1234_train,2009,rgb3_nodeb_s1234,train,copy sem_best_2009_rgb3_nodeb_s1234.pt,2.7,1113193029,412.29,phase4_semantic_finetune_train_2009_2026-08-29T13-31.log
20260829T125739Z_2009_rgb3_nodeb_s1234_train,2009,rgb3_nodeb_s1234,train,copy sem_latest_2009_rgb3_nodeb_s1234.pt,2.3,1113196541,484.00,phase4_semantic_finetune_train_2009_2026-08-29T13-31.log
20260829T125739Z_2009_rgb3_nodeb_s1234_train,2009,rgb3_nodeb_s1234,train,copy sem_best_2009_rgb3_nodeb_s1234.pt,2.5,1113193029,445.28,phase4_semantic_finetune_train_2009_2026-08-29T13-31.log
20260829T125739Z_2009_rgb3_nodeb_s1234_train,2009,rgb3_nodeb_s1234,train,copy sem_latest_2009_rgb3_nodeb_s1234.pt,2.4,1113196541,463.83,phase4_semantic_finetune_train_2009_2026-08-29T13-31.log
20260829T125739Z_2009_rgb3_nodeb_s1234_train,2009,rgb3_nodeb_s1234,train,copy sem_latest_2009_rgb3_nodeb_s1234.pt,2.4,1113196541,463.83,phase4_semantic_finetune_train_2009_2026-08-29T13-31.log
20260829T125739Z_2009_rgb3_nodeb_s1234_train,2009,rgb3_nodeb_s1234,train,copy sem_best_2009_rgb3_nodeb_s1234.pt,2.4,1113193029,463.83,phase4_semantic_finetune_train_2009_2026-08-29T13-31.log
20260829T125739Z_2009_rgb3_nodeb_s1234_train,2009,rgb3_nodeb_s1234,train,copy sem_latest_2009_rgb3_nodeb_s1234.pt,2.6,1113196541,428.15,phase4_semantic_finetune_train_2009_2026-08-29T13-31.log
20260829T143600Z_2009_nodec_s2024_tile,2009,nodec_s2024,tile,stage 2009_king_rgb.tif,160.2,3000263130,18.73,phase4_semantic_finetune_tile_2009_2026-08-29T15-32.log
20260829T143600Z_2009_nodec_s2024_tile,2009,nodec_s2024,tile,stage edmonds_canopy_mask_2020.tif,9.4,287816390,30.62,phase4_semantic_finetune_tile_2009_2026-08-29T15-32.log
20260829T143600Z_2009_nodec_s2024_tile,2009,nodec_s2024,tile,stage add_nodec_2009.tif,2.4,,,phase4_semantic_finetune_tile_2009_2026-08-29T15-32.log
20260829T143709Z_2009_smooth5_tile,2009,smooth5,tile,stage 2009_king_rgb.tif,166.1,3000263130,18.06,phase4_semantic_finetune_tile_2009_2026-08-29T15-10.log
20260829T143709Z_2009_smooth5_tile,2009,smooth5,tile,stage edmonds_canopy_mask_2020.tif,3.7,287816390,77.79,phase4_semantic_finetune_tile_2009_2026-08-29T15-10.log
20260829T151157Z_2009_smooth5_train,2009,smooth5,train,stage tiles 2009,468.5,,,phase4_semantic_finetune_train_2009_2026-08-29T15-47.log
20260829T151157Z_2009_smooth5_train,2009,smooth5,train,copy sem_best_2009_smooth5.pt,1.6,371405955,232.13,phase4_semantic_finetune_train_2009_2026-08-29T15-47.log
20260829T151157Z_2009_smooth5_train,2009,smooth5,train,copy sem_best_2009_smooth5.pt,1.6,371405955,232.13,phase4_semantic_finetune_train_2009_2026-08-29T15-47.log
20260829T151157Z_2009_smooth5_train,2009,smooth5,train,copy sem_best_2009_smooth5.pt,1.6,371405955,232.13,phase4_semantic_finetune_train_2009_2026-08-29T15-47.log
20260829T151157Z_2009_smooth5_train,2009,smooth5,train,copy sem_best_2009_smooth5.pt,1.5,371405955,247.60,phase4_semantic_finetune_train_2009_2026-08-29T15-47.log
20260829T151157Z_2009_smooth5_train,2009,smooth5,train,copy sem_latest_2009_smooth5.pt,1.9,1113180129,585.88,phase4_semantic_finetune_train_2009_2026-08-29T15-47.log
20260829T151157Z_2009_smooth5_train,2009,smooth5,train,copy sem_best_2009_smooth5.pt,1.4,371405955,265.29,phase4_semantic_finetune_train_2009_2026-08-29T15-47.log
20260829T151157Z_2009_smooth5_train,2009,smooth5,train,copy sem_best_2009_smooth5.pt,1.6,371405955,232.13,phase4_semantic_finetune_train_2009_2026-08-29T15-47.log
20260829T151157Z_2009_smooth5_train,2009,smooth5,train,copy sem_best_2009_smooth5.pt,1.6,371405955,232.13,phase4_semantic_finetune_train_2009_2026-08-29T15-47.log
20260829T151157Z_2009_smooth5_train,2009,smooth5,train,copy sem_latest_2009_smooth5.pt,1.7,1113180129,654.81,phase4_semantic_finetune_train_2009_2026-08-29T15-47.log
20260829T151157Z_2009_smooth5_train,2009,smooth5,train,copy sem_best_2009_smooth5.pt,1.7,371405955,218.47,phase4_semantic_finetune_train_2009_2026-08-29T15-47.log
20260829T151157Z_2009_smooth5_train,2009,smooth5,train,copy sem_latest_2009_smooth5.pt,1.7,1113180129,654.81,phase4_semantic_finetune_train_2009_2026-08-29T15-47.log
20260829T151157Z_2009_smooth5_train,2009,smooth5,train,copy sem_latest_2009_smooth5.pt,1.6,1113180129,695.74,phase4_semantic_finetune_train_2009_2026-08-29T15-47.log
20260829T151157Z_2009_smooth5_train,2009,smooth5,train,copy sem_best_2009_smooth5.pt,2.3,371405955,161.48,phase4_semantic_finetune_train_2009_2026-08-29T15-47.log
20260829T151157Z_2009_smooth5_train,2009,smooth5,train,copy sem_best_2009_smooth5.pt,2.4,371405955,154.75,phase4_semantic_finetune_train_2009_2026-08-29T15-47.log
20260829T151157Z_2009_smooth5_train,2009,smooth5,train,copy sem_best_2009_smooth5.pt,2.3,371405955,161.48,phase4_semantic_finetune_train_2009_2026-08-29T15-47.log
20260829T151157Z_2009_smooth5_train,2009,smooth5,train,copy sem_best_2009_smooth5.pt,2.2,371405955,168.82,phase4_semantic_finetune_train_2009_2026-08-29T15-47.log
20260829T151157Z_2009_smooth5_train,2009,smooth5,train,copy sem_latest_2009_smooth5.pt,2.2,1113180129,505.99,phase4_semantic_finetune_train_2009_2026-08-29T15-47.log
20260829T151157Z_2009_smooth5_train,2009,smooth5,train,copy sem_best_2009_smooth5.pt,2.3,371405955,161.48,phase4_semantic_finetune_train_2009_2026-08-29T15-47.log
20260829T151157Z_2009_smooth5_train,2009,smooth5,train,copy sem_best_2009_smooth5.pt,2.5,371405955,148.56,phase4_semantic_finetune_train_2009_2026-08-29T15-47.log
20260829T151157Z_2009_smooth5_train,2009,smooth5,train,copy sem_latest_2009_smooth5.pt,2.5,1113180129,445.27,phase4_semantic_finetune_train_2009_2026-08-29T15-47.log
20260829T151157Z_2009_smooth5_train,2009,smooth5,train,copy sem_latest_2009_smooth5.pt,2.4,1113180129,463.83,phase4_semantic_finetune_train_2009_2026-08-29T15-47.log
20260829T151157Z_2009_smooth5_train,2009,smooth5,train,copy sem_latest_2009_smooth5.pt,2.3,1113180129,483.99,phase4_semantic_finetune_train_2009_2026-08-29T15-47.log
20260829T151157Z_2009_smooth5_train,2009,smooth5,train,copy sem_best_2009_smooth5.pt,2.1,371405955,176.86,phase4_semantic_finetune_train_2009_2026-08-29T15-47.log
20260829T151157Z_2009_smooth5_train,2009,smooth5,train,copy sem_latest_2009_smooth5.pt,2.2,1113180129,505.99,phase4_semantic_finetune_train_2009_2026-08-29T15-47.log
20260829T151157Z_2009_smooth5_train,2009,smooth5,train,copy sem_latest_2009_smooth5.pt,2.2,1113180129,505.99,phase4_semantic_finetune_train_2009_2026-08-29T15-47.log
20260829T151157Z_2009_smooth5_train,2009,smooth5,train,copy sem_best_2009_smooth5.smoothtmp.pt,0.8,,,phase4_semantic_finetune_train_2009_2026-08-29T15-47.log
20260829T152558Z_2009_nodecW_tile,2009,nodecW,tile,stage 2009_king_rgb.tif,65.9,3000263130,45.53,phase4_semantic_finetune_tile_2009_2026-08-29T15-53.log
20260829T152558Z_2009_nodecW_tile,2009,nodecW,tile,stage edmonds_canopy_mask_2020.tif,38.4,287816390,7.50,phase4_semantic_finetune_tile_2009_2026-08-29T15-53.log
20260829T152558Z_2009_nodecW_tile,2009,nodecW,tile,stage add_nodecW_2009.tif,1.6,,,phase4_semantic_finetune_tile_2009_2026-08-29T15-53.log
20260829T153358Z_2009_nodec_s2024_train,2009,nodec_s2024,train,stage tiles 2009,288.7,,,phase4_semantic_finetune_train_2009_2026-08-29T16-01.log
20260829T153358Z_2009_nodec_s2024_train,2009,nodec_s2024,train,copy sem_best_2009_nodec_s2024.pt,1.3,1113182745,856.29,phase4_semantic_finetune_train_2009_2026-08-29T16-01.log
20260829T153358Z_2009_nodec_s2024_train,2009,nodec_s2024,train,copy sem_best_2009_nodec_s2024.pt,1.4,1113182745,795.13,phase4_semantic_finetune_train_2009_2026-08-29T16-01.log
20260829T153358Z_2009_nodec_s2024_train,2009,nodec_s2024,train,copy sem_best_2009_nodec_s2024.pt,1.6,1113182745,695.74,phase4_semantic_finetune_train_2009_2026-08-29T16-01.log
20260829T153358Z_2009_nodec_s2024_train,2009,nodec_s2024,train,copy sem_best_2009_nodec_s2024.pt,1.6,1113182745,695.74,phase4_semantic_finetune_train_2009_2026-08-29T16-01.log
20260829T153358Z_2009_nodec_s2024_train,2009,nodec_s2024,train,copy sem_best_2009_nodec_s2024.pt,1.6,1113182745,695.74,phase4_semantic_finetune_train_2009_2026-08-29T16-01.log
20260829T153358Z_2009_nodec_s2024_train,2009,nodec_s2024,train,copy sem_latest_2009_nodec_s2024.pt,1.6,1113187345,695.74,phase4_semantic_finetune_train_2009_2026-08-29T16-01.log
20260829T153358Z_2009_nodec_s2024_train,2009,nodec_s2024,train,copy sem_best_2009_nodec_s2024.pt,1.6,1113182745,695.74,phase4_semantic_finetune_train_2009_2026-08-29T16-01.log
20260829T153358Z_2009_nodec_s2024_train,2009,nodec_s2024,train,copy sem_latest_2009_nodec_s2024.pt,1.7,1113187345,654.82,phase4_semantic_finetune_train_2009_2026-08-29T16-01.log
20260829T153358Z_2009_nodec_s2024_train,2009,nodec_s2024,train,copy sem_best_2009_nodec_s2024.pt,2.1,1113182745,530.09,phase4_semantic_finetune_train_2009_2026-08-29T16-01.log
20260829T153358Z_2009_nodec_s2024_train,2009,nodec_s2024,train,copy sem_best_2009_nodec_s2024.pt,1.6,1113182745,695.74,phase4_semantic_finetune_train_2009_2026-08-29T16-01.log
20260829T153358Z_2009_nodec_s2024_train,2009,nodec_s2024,train,copy sem_latest_2009_nodec_s2024.pt,1.6,1113187345,695.74,phase4_semantic_finetune_train_2009_2026-08-29T16-01.log
20260829T153358Z_2009_nodec_s2024_train,2009,nodec_s2024,train,copy sem_best_2009_nodec_s2024.pt,1.6,1113182745,695.74,phase4_semantic_finetune_train_2009_2026-08-29T16-01.log
20260829T153358Z_2009_nodec_s2024_train,2009,nodec_s2024,train,copy sem_latest_2009_nodec_s2024.pt,1.6,1113187345,695.74,phase4_semantic_finetune_train_2009_2026-08-29T16-01.log
20260829T153358Z_2009_nodec_s2024_train,2009,nodec_s2024,train,copy sem_best_2009_nodec_s2024.pt,2.4,1113182745,463.83,phase4_semantic_finetune_train_2009_2026-08-29T16-01.log
20260829T153358Z_2009_nodec_s2024_train,2009,nodec_s2024,train,copy sem_latest_2009_nodec_s2024.pt,2.3,1113187345,483.99,phase4_semantic_finetune_train_2009_2026-08-29T16-01.log
20260829T153358Z_2009_nodec_s2024_train,2009,nodec_s2024,train,copy sem_best_2009_nodec_s2024.pt,2.0,1113182745,556.59,phase4_semantic_finetune_train_2009_2026-08-29T16-01.log
20260829T153358Z_2009_nodec_s2024_train,2009,nodec_s2024,train,copy sem_latest_2009_nodec_s2024.pt,6.9,1113187345,161.33,phase4_semantic_finetune_train_2009_2026-08-29T16-01.log
20260829T153358Z_2009_nodec_s2024_train,2009,nodec_s2024,train,copy sem_latest_2009_nodec_s2024.pt,2.2,1113187345,505.99,phase4_semantic_finetune_train_2009_2026-08-29T16-01.log
20260829T153358Z_2009_nodec_s2024_train,2009,nodec_s2024,train,copy sem_latest_2009_nodec_s2024.pt,2.2,1113187345,505.99,phase4_semantic_finetune_train_2009_2026-08-29T16-01.log
20260829T154751Z_2009_smooth5_inference,2009,smooth5,inference,stage 2009_king_rgb.tif,161.3,3000263130,18.60,phase4_semantic_finetune_inference_2009_2026-08-29T15-53.log
20260829T154751Z_2009_smooth5_inference,2009,smooth5,inference,inference,78.1,,,phase4_semantic_finetune_inference_2009_2026-08-29T15-53.log
20260829T154751Z_2009_smooth5_inference,2009,smooth5,inference,copy edmonds_canopy_prob_2009_smooth5.tif,16.6,84772574,5.11,phase4_semantic_finetune_inference_2009_2026-08-29T15-53.log
20260829T155419Z_2009_nodecW_train,2009,nodecW,train,stage tiles 2009,412.7,,,phase4_semantic_finetune_train_2009_2026-08-29T16-35.log
20260829T155419Z_2009_nodecW_train,2009,nodecW,train,copy sem_best_2009_nodecW.pt,1.6,1113174829,695.73,phase4_semantic_finetune_train_2009_2026-08-29T16-35.log
20260829T155419Z_2009_nodecW_train,2009,nodecW,train,copy sem_best_2009_nodecW.pt,1.6,1113174829,695.73,phase4_semantic_finetune_train_2009_2026-08-29T16-35.log
20260829T155419Z_2009_nodecW_train,2009,nodecW,train,copy sem_best_2009_nodecW.pt,1.7,1113174829,654.81,phase4_semantic_finetune_train_2009_2026-08-29T16-35.log
20260829T155419Z_2009_nodecW_train,2009,nodecW,train,copy sem_best_2009_nodecW.pt,1.7,1113174829,654.81,phase4_semantic_finetune_train_2009_2026-08-29T16-35.log
20260829T155419Z_2009_nodecW_train,2009,nodecW,train,copy sem_latest_2009_nodecW.pt,1.7,1113178981,654.81,phase4_semantic_finetune_train_2009_2026-08-29T16-35.log
20260829T155419Z_2009_nodecW_train,2009,nodecW,train,copy sem_best_2009_nodecW.pt,1.5,1113174829,742.12,phase4_semantic_finetune_train_2009_2026-08-29T16-35.log
20260829T155419Z_2009_nodecW_train,2009,nodecW,train,copy sem_best_2009_nodecW.pt,1.7,1113174829,654.81,phase4_semantic_finetune_train_2009_2026-08-29T16-35.log
20260829T155419Z_2009_nodecW_train,2009,nodecW,train,copy sem_best_2009_nodecW.pt,2.5,1113174829,445.27,phase4_semantic_finetune_train_2009_2026-08-29T16-35.log
20260829T155419Z_2009_nodecW_train,2009,nodecW,train,copy sem_best_2009_nodecW.pt,1.5,1113174829,742.12,phase4_semantic_finetune_train_2009_2026-08-29T16-35.log
20260829T155419Z_2009_nodecW_train,2009,nodecW,train,copy sem_latest_2009_nodecW.pt,1.6,1113178981,695.74,phase4_semantic_finetune_train_2009_2026-08-29T16-35.log
20260829T155419Z_2009_nodecW_train,2009,nodecW,train,copy sem_best_2009_nodecW.pt,1.8,1113174829,618.43,phase4_semantic_finetune_train_2009_2026-08-29T16-35.log
20260829T155419Z_2009_nodecW_train,2009,nodecW,train,copy sem_latest_2009_nodecW.pt,1.8,1113178981,618.43,phase4_semantic_finetune_train_2009_2026-08-29T16-35.log
20260829T155419Z_2009_nodecW_train,2009,nodecW,train,copy sem_best_2009_nodecW.pt,1.8,1113174829,618.43,phase4_semantic_finetune_train_2009_2026-08-29T16-35.log
20260829T155419Z_2009_nodecW_train,2009,nodecW,train,copy sem_best_2009_nodecW.pt,1.7,1113174829,654.81,phase4_semantic_finetune_train_2009_2026-08-29T16-35.log
20260829T155419Z_2009_nodecW_train,2009,nodecW,train,copy sem_latest_2009_nodecW.pt,1.6,1113178981,695.74,phase4_semantic_finetune_train_2009_2026-08-29T16-35.log
20260829T155419Z_2009_nodecW_train,2009,nodecW,train,copy sem_best_2009_nodecW.pt,2.4,1113174829,463.82,phase4_semantic_finetune_train_2009_2026-08-29T16-35.log
20260829T155419Z_2009_nodecW_train,2009,nodecW,train,copy sem_latest_2009_nodecW.pt,4.5,1113178981,247.37,phase4_semantic_finetune_train_2009_2026-08-29T16-35.log
20260829T155419Z_2009_nodecW_train,2009,nodecW,train,copy sem_best_2009_nodecW.pt,6.1,1113174829,182.49,phase4_semantic_finetune_train_2009_2026-08-29T16-35.log
20260829T155419Z_2009_nodecW_train,2009,nodecW,train,copy sem_latest_2009_nodecW.pt,3.0,1113178981,371.06,phase4_semantic_finetune_train_2009_2026-08-29T16-35.log
20260829T155419Z_2009_nodecW_train,2009,nodecW,train,copy sem_best_2009_nodecW.pt,5.9,1113174829,188.67,phase4_semantic_finetune_train_2009_2026-08-29T16-35.log
20260829T155419Z_2009_nodecW_train,2009,nodecW,train,copy sem_latest_2009_nodecW.pt,2.4,1113178981,463.82,phase4_semantic_finetune_train_2009_2026-08-29T16-35.log
20260829T155419Z_2009_nodecW_train,2009,nodecW,train,copy sem_latest_2009_nodecW.pt,2.5,1113178981,445.27,phase4_semantic_finetune_train_2009_2026-08-29T16-35.log
20260829T155419Z_2009_nodecW_train,2009,nodecW,train,copy sem_latest_2009_nodecW.pt,2.5,1113178981,445.27,phase4_semantic_finetune_train_2009_2026-08-29T16-35.log
20260829T160059Z_2009_smooth5raw_inference,2009,smooth5raw,inference,stage 2009_king_rgb.tif,77.4,3000263130,38.76,phase4_semantic_finetune_inference_2009_2026-08-29T16-05.log
20260829T160059Z_2009_smooth5raw_inference,2009,smooth5raw,inference,inference,139.2,,,phase4_semantic_finetune_inference_2009_2026-08-29T16-05.log
20260829T160059Z_2009_smooth5raw_inference,2009,smooth5raw,inference,copy edmonds_canopy_prob_2009_smooth5raw.tif,0.2,84772445,423.86,phase4_semantic_finetune_inference_2009_2026-08-29T16-05.log
20260829T161950Z_2009_rgb3_ep60_s1234_tile,2009,rgb3_ep60_s1234,tile,stage 2009_king_rgb.tif,69.5,3000263130,43.17,phase4_semantic_finetune_tile_2009_2026-08-29T16-40.log
20260829T161950Z_2009_rgb3_ep60_s1234_tile,2009,rgb3_ep60_s1234,tile,stage edmonds_canopy_mask_2020.tif,36.3,287816390,7.93,phase4_semantic_finetune_tile_2009_2026-08-29T16-40.log
20260829T163557Z_2009_nodecW_inference,2009,nodecW,inference,stage 2009_king_rgb.tif,114.7,3000263130,26.16,phase4_semantic_finetune_inference_2009_2026-08-29T16-41.log
20260829T163557Z_2009_nodecW_inference,2009,nodecW,inference,inference,137.1,,,phase4_semantic_finetune_inference_2009_2026-08-29T16-41.log
20260829T163557Z_2009_nodecW_inference,2009,nodecW,inference,copy edmonds_canopy_prob_2009_nodecW.tif,0.2,91856488,459.28,phase4_semantic_finetune_inference_2009_2026-08-29T16-41.log
20260829T164103Z_2009_rgb3_ep60_s1234_train,2009,rgb3_ep60_s1234,train,stage tiles 2009,292.0,,,phase4_semantic_finetune_train_2009_2026-08-29T17-16.log
20260829T164103Z_2009_rgb3_ep60_s1234_train,2009,rgb3_ep60_s1234,train,copy sem_best_2009_rgb3_ep60_s1234.pt,1.7,1113190985,654.82,phase4_semantic_finetune_train_2009_2026-08-29T17-16.log
20260829T164103Z_2009_rgb3_ep60_s1234_train,2009,rgb3_ep60_s1234,train,copy sem_best_2009_rgb3_ep60_s1234.pt,1.8,1113190985,618.44,phase4_semantic_finetune_train_2009_2026-08-29T17-16.log
20260829T164103Z_2009_rgb3_ep60_s1234_train,2009,rgb3_ep60_s1234,train,copy sem_best_2009_rgb3_ep60_s1234.pt,1.7,1113190985,654.82,phase4_semantic_finetune_train_2009_2026-08-29T17-16.log
20260829T164103Z_2009_rgb3_ep60_s1234_train,2009,rgb3_ep60_s1234,train,copy sem_best_2009_rgb3_ep60_s1234.pt,2.0,1113190985,556.60,phase4_semantic_finetune_train_2009_2026-08-29T17-16.log
20260829T164103Z_2009_rgb3_ep60_s1234_train,2009,rgb3_ep60_s1234,train,copy sem_latest_2009_rgb3_ep60_s1234.pt,2.0,1113195073,556.60,phase4_semantic_finetune_train_2009_2026-08-29T17-16.log
20260829T164103Z_2009_rgb3_ep60_s1234_train,2009,rgb3_ep60_s1234,train,copy sem_best_2009_rgb3_ep60_s1234.pt,1.7,1113190985,654.82,phase4_semantic_finetune_train_2009_2026-08-29T17-16.log
20260829T164103Z_2009_rgb3_ep60_s1234_train,2009,rgb3_ep60_s1234,train,copy sem_best_2009_rgb3_ep60_s1234.pt,1.9,1113190985,585.89,phase4_semantic_finetune_train_2009_2026-08-29T17-16.log
20260829T164103Z_2009_rgb3_ep60_s1234_train,2009,rgb3_ep60_s1234,train,copy sem_best_2009_rgb3_ep60_s1234.pt,1.6,1113190985,695.74,phase4_semantic_finetune_train_2009_2026-08-29T17-16.log
20260829T164103Z_2009_rgb3_ep60_s1234_train,2009,rgb3_ep60_s1234,train,copy sem_latest_2009_rgb3_ep60_s1234.pt,1.8,1113195073,618.44,phase4_semantic_finetune_train_2009_2026-08-29T17-16.log
20260829T164103Z_2009_rgb3_ep60_s1234_train,2009,rgb3_ep60_s1234,train,copy sem_best_2009_rgb3_ep60_s1234.pt,1.7,1113190985,654.82,phase4_semantic_finetune_train_2009_2026-08-29T17-16.log
20260829T164103Z_2009_rgb3_ep60_s1234_train,2009,rgb3_ep60_s1234,train,copy sem_latest_2009_rgb3_ep60_s1234.pt,1.8,1113195073,618.44,phase4_semantic_finetune_train_2009_2026-08-29T17-16.log
20260829T164103Z_2009_rgb3_ep60_s1234_train,2009,rgb3_ep60_s1234,train,copy sem_best_2009_rgb3_ep60_s1234.pt,1.7,1113190985,654.82,phase4_semantic_finetune_train_2009_2026-08-29T17-16.log
20260829T164103Z_2009_rgb3_ep60_s1234_train,2009,rgb3_ep60_s1234,train,copy sem_latest_2009_rgb3_ep60_s1234.pt,1.7,1113195073,654.82,phase4_semantic_finetune_train_2009_2026-08-29T17-16.log
20260829T164103Z_2009_rgb3_ep60_s1234_train,2009,rgb3_ep60_s1234,train,copy sem_best_2009_rgb3_ep60_s1234.pt,2.6,1113190985,428.15,phase4_semantic_finetune_train_2009_2026-08-29T17-16.log
20260829T164103Z_2009_rgb3_ep60_s1234_train,2009,rgb3_ep60_s1234,train,copy sem_best_2009_rgb3_ep60_s1234.pt,2.5,1113190985,445.28,phase4_semantic_finetune_train_2009_2026-08-29T17-16.log
20260829T164103Z_2009_rgb3_ep60_s1234_train,2009,rgb3_ep60_s1234,train,copy sem_latest_2009_rgb3_ep60_s1234.pt,2.5,1113195073,445.28,phase4_semantic_finetune_train_2009_2026-08-29T17-16.log
20260829T164103Z_2009_rgb3_ep60_s1234_train,2009,rgb3_ep60_s1234,train,copy sem_best_2009_rgb3_ep60_s1234.pt,2.7,1113190985,412.29,phase4_semantic_finetune_train_2009_2026-08-29T17-16.log
20260829T164103Z_2009_rgb3_ep60_s1234_train,2009,rgb3_ep60_s1234,train,copy sem_best_2009_rgb3_ep60_s1234.pt,2.3,1113190985,484.00,phase4_semantic_finetune_train_2009_2026-08-29T17-16.log
20260829T164103Z_2009_rgb3_ep60_s1234_train,2009,rgb3_ep60_s1234,train,copy sem_latest_2009_rgb3_ep60_s1234.pt,2.4,1113195073,463.83,phase4_semantic_finetune_train_2009_2026-08-29T17-16.log
20260829T164103Z_2009_rgb3_ep60_s1234_train,2009,rgb3_ep60_s1234,train,copy sem_best_2009_rgb3_ep60_s1234.pt,2.3,1113190985,484.00,phase4_semantic_finetune_train_2009_2026-08-29T17-16.log
20260829T164103Z_2009_rgb3_ep60_s1234_train,2009,rgb3_ep60_s1234,train,copy sem_latest_2009_rgb3_ep60_s1234.pt,2.5,1113195073,445.28,phase4_semantic_finetune_train_2009_2026-08-29T17-16.log
20260829T164103Z_2009_rgb3_ep60_s1234_train,2009,rgb3_ep60_s1234,train,copy sem_best_2009_rgb3_ep60_s1234.pt,2.6,1113190985,428.15,phase4_semantic_finetune_train_2009_2026-08-29T17-16.log
20260829T164103Z_2009_rgb3_ep60_s1234_train,2009,rgb3_ep60_s1234,train,copy sem_latest_2009_rgb3_ep60_s1234.pt,2.7,1113195073,412.29,phase4_semantic_finetune_train_2009_2026-08-29T17-16.log
20260829T164103Z_2009_rgb3_ep60_s1234_train,2009,rgb3_ep60_s1234,train,copy sem_best_2009_rgb3_ep60_s1234.pt,2.5,1113190985,445.28,phase4_semantic_finetune_train_2009_2026-08-29T17-16.log
20260829T164103Z_2009_rgb3_ep60_s1234_train,2009,rgb3_ep60_s1234,train,copy sem_latest_2009_rgb3_ep60_s1234.pt,2.4,1113195073,463.83,phase4_semantic_finetune_train_2009_2026-08-29T17-16.log
20260829T164103Z_2009_rgb3_ep60_s1234_train,2009,rgb3_ep60_s1234,train,copy sem_latest_2009_rgb3_ep60_s1234.pt,2.8,1113195073,397.57,phase4_semantic_finetune_train_2009_2026-08-29T17-16.log
20260829T164103Z_2009_rgb3_ep60_s1234_train,2009,rgb3_ep60_s1234,train,copy sem_latest_2009_rgb3_ep60_s1234.pt,2.7,1113195073,412.29,phase4_semantic_finetune_train_2009_2026-08-29T17-16.log
20260829T164838Z_2009_rgb3_nodeb_twin_tile,2009,rgb3_nodeb_twin,tile,stage 2009_king_rgb.tif,43.8,3000263130,68.50,phase4_semantic_finetune_tile_2009_2026-08-29T17-13.log
20260829T164838Z_2009_rgb3_nodeb_twin_tile,2009,rgb3_nodeb_twin,tile,stage edmonds_canopy_mask_2020.tif,3.6,287816390,79.95,phase4_semantic_finetune_tile_2009_2026-08-29T17-13.log
20260829T171355Z_2009_rgb3_nodeb_twin_train,2009,rgb3_nodeb_twin,train,stage tiles 2009,193.9,,,phase4_semantic_finetune_train_2009_2026-08-29T17-49.log
20260829T171355Z_2009_rgb3_nodeb_twin_train,2009,rgb3_nodeb_twin,train,copy sem_best_2009_rgb3_nodeb_twin.pt,1.7,1113190537,654.82,phase4_semantic_finetune_train_2009_2026-08-29T17-49.log
20260829T171355Z_2009_rgb3_nodeb_twin_train,2009,rgb3_nodeb_twin,train,copy sem_best_2009_rgb3_nodeb_twin.pt,1.7,1113190537,654.82,phase4_semantic_finetune_train_2009_2026-08-29T17-49.log
20260829T171355Z_2009_rgb3_nodeb_twin_train,2009,rgb3_nodeb_twin,train,copy sem_best_2009_rgb3_nodeb_twin.pt,1.6,1113190537,695.74,phase4_semantic_finetune_train_2009_2026-08-29T17-49.log
20260829T171355Z_2009_rgb3_nodeb_twin_train,2009,rgb3_nodeb_twin,train,copy sem_best_2009_rgb3_nodeb_twin.pt,1.7,1113190537,654.82,phase4_semantic_finetune_train_2009_2026-08-29T17-49.log
20260829T171355Z_2009_rgb3_nodeb_twin_train,2009,rgb3_nodeb_twin,train,copy sem_latest_2009_rgb3_nodeb_twin.pt,1.7,1113194817,654.82,phase4_semantic_finetune_train_2009_2026-08-29T17-49.log
20260829T171355Z_2009_rgb3_nodeb_twin_train,2009,rgb3_nodeb_twin,train,copy sem_best_2009_rgb3_nodeb_twin.pt,1.8,1113190537,618.44,phase4_semantic_finetune_train_2009_2026-08-29T17-49.log
20260829T171355Z_2009_rgb3_nodeb_twin_train,2009,rgb3_nodeb_twin,train,copy sem_best_2009_rgb3_nodeb_twin.pt,1.7,1113190537,654.82,phase4_semantic_finetune_train_2009_2026-08-29T17-49.log
20260829T171355Z_2009_rgb3_nodeb_twin_train,2009,rgb3_nodeb_twin,train,copy sem_best_2009_rgb3_nodeb_twin.pt,1.7,1113190537,654.82,phase4_semantic_finetune_train_2009_2026-08-29T17-49.log
20260829T171355Z_2009_rgb3_nodeb_twin_train,2009,rgb3_nodeb_twin,train,copy sem_latest_2009_rgb3_nodeb_twin.pt,1.7,1113194817,654.82,phase4_semantic_finetune_train_2009_2026-08-29T17-49.log
20260829T171355Z_2009_rgb3_nodeb_twin_train,2009,rgb3_nodeb_twin,train,copy sem_best_2009_rgb3_nodeb_twin.pt,1.5,1113190537,742.13,phase4_semantic_finetune_train_2009_2026-08-29T17-49.log
20260829T171355Z_2009_rgb3_nodeb_twin_train,2009,rgb3_nodeb_twin,train,copy sem_latest_2009_rgb3_nodeb_twin.pt,1.8,1113194817,618.44,phase4_semantic_finetune_train_2009_2026-08-29T17-49.log
20260829T171355Z_2009_rgb3_nodeb_twin_train,2009,rgb3_nodeb_twin,train,copy sem_best_2009_rgb3_nodeb_twin.pt,1.6,1113190537,695.74,phase4_semantic_finetune_train_2009_2026-08-29T17-49.log
20260829T171355Z_2009_rgb3_nodeb_twin_train,2009,rgb3_nodeb_twin,train,copy sem_latest_2009_rgb3_nodeb_twin.pt,1.7,1113194817,654.82,phase4_semantic_finetune_train_2009_2026-08-29T17-49.log
20260829T171355Z_2009_rgb3_nodeb_twin_train,2009,rgb3_nodeb_twin,train,copy sem_latest_2009_rgb3_nodeb_twin.pt,2.8,1113194817,397.57,phase4_semantic_finetune_train_2009_2026-08-29T17-49.log
20260829T171355Z_2009_rgb3_nodeb_twin_train,2009,rgb3_nodeb_twin,train,copy sem_best_2009_rgb3_nodeb_twin.pt,5.8,1113190537,191.93,phase4_semantic_finetune_train_2009_2026-08-29T17-49.log
20260829T171355Z_2009_rgb3_nodeb_twin_train,2009,rgb3_nodeb_twin,train,copy sem_best_2009_rgb3_nodeb_twin.pt,4.7,1113190537,236.85,phase4_semantic_finetune_train_2009_2026-08-29T17-49.log
20260829T171355Z_2009_rgb3_nodeb_twin_train,2009,rgb3_nodeb_twin,train,copy sem_latest_2009_rgb3_nodeb_twin.pt,2.4,1113194817,463.83,phase4_semantic_finetune_train_2009_2026-08-29T17-49.log
20260829T171355Z_2009_rgb3_nodeb_twin_train,2009,rgb3_nodeb_twin,train,copy sem_latest_2009_rgb3_nodeb_twin.pt,2.7,1113194817,412.29,phase4_semantic_finetune_train_2009_2026-08-29T17-49.log
20260829T171355Z_2009_rgb3_nodeb_twin_train,2009,rgb3_nodeb_twin,train,copy sem_best_2009_rgb3_nodeb_twin.pt,2.3,1113190537,484.00,phase4_semantic_finetune_train_2009_2026-08-29T17-49.log
20260829T171355Z_2009_rgb3_nodeb_twin_train,2009,rgb3_nodeb_twin,train,copy sem_latest_2009_rgb3_nodeb_twin.pt,2.5,1113194817,445.28,phase4_semantic_finetune_train_2009_2026-08-29T17-49.log
20260829T171355Z_2009_rgb3_nodeb_twin_train,2009,rgb3_nodeb_twin,train,copy sem_latest_2009_rgb3_nodeb_twin.pt,2.4,1113194817,463.83,phase4_semantic_finetune_train_2009_2026-08-29T17-49.log
20260829T171355Z_2009_rgb3_nodeb_twin_train,2009,rgb3_nodeb_twin,train,copy sem_latest_2009_rgb3_nodeb_twin.pt,2.4,1113194817,463.83,phase4_semantic_finetune_train_2009_2026-08-29T17-49.log
20260829T171641Z_2009_rgb3_ep60_s1234_inference,2009,rgb3_ep60_s1234,inference,stage 2009_king_rgb.tif,74.8,3000263130,40.11,phase4_semantic_finetune_inference_2009_2026-08-29T17-19.log
20260829T171641Z_2009_rgb3_ep60_s1234_inference,2009,rgb3_ep60_s1234,inference,inference,78.0,,,phase4_semantic_finetune_inference_2009_2026-08-29T17-19.log
20260829T171641Z_2009_rgb3_ep60_s1234_inference,2009,rgb3_ep60_s1234,inference,copy edmonds_canopy_prob_2009_rgb3_ep60_s1234.tif,0.2,80778930,403.89,phase4_semantic_finetune_inference_2009_2026-08-29T17-19.log
20260829T174941Z_2009_rgb3_nodeb_twin_inference,2009,rgb3_nodeb_twin,inference,stage 2009_king_rgb.tif,63.1,3000263130,47.55,phase4_semantic_finetune_inference_2009_2026-08-29T17-54.log
20260829T174941Z_2009_rgb3_nodeb_twin_inference,2009,rgb3_nodeb_twin,inference,inference,137.7,,,phase4_semantic_finetune_inference_2009_2026-08-29T17-54.log
20260829T174941Z_2009_rgb3_nodeb_twin_inference,2009,rgb3_nodeb_twin,inference,copy edmonds_canopy_prob_2009_rgb3_nodeb_twin.tif,0.2,87781542,438.91,phase4_semantic_finetune_inference_2009_2026-08-29T17-54.log
20260831T005202Z_2019s_pilot_e2_medium_tile,2019s,pilot_e2_medium,tile,stage 2019_snoh_1ft_rgbi.tif,28.0,2890831516,103.24,phase4_semantic_finetune_tile_2019s_2026-08-31T01-12.log
20260831T005202Z_2019s_pilot_e2_medium_tile,2019s,pilot_e2_medium,tile,stage edmonds_canopy_mask_2020.tif,6.0,287816390,47.97,phase4_semantic_finetune_tile_2019s_2026-08-31T01-12.log
20260831T005448Z_2019_pilot_e2_fine_tile,2019,pilot_e2_fine,tile,stage 2019_king_rgb.tif,296.9,11654003682,39.25,phase4_semantic_finetune_tile_2019_2026-08-31T01-22.log
20260831T005448Z_2019_pilot_e2_fine_tile,2019,pilot_e2_fine,tile,stage edmonds_canopy_mask_2020.tif,6.2,287816390,46.42,phase4_semantic_finetune_tile_2019_2026-08-31T01-22.log
20260831T010754Z_2019n_pilot_e2_coarse_tile,2019n,pilot_e2_coarse,tile,stage 2019_naip_60cm_rgbi.tif,51.5,757507269,14.71,phase4_semantic_finetune_tile_2019n_2026-08-31T01-35.log
20260831T010754Z_2019n_pilot_e2_coarse_tile,2019n,pilot_e2_coarse,tile,stage edmonds_canopy_mask_2020.tif,7.7,287816390,37.38,phase4_semantic_finetune_tile_2019n_2026-08-31T01-35.log
20260831T011255Z_2019s_pilot_e2_medium_train,2019s,pilot_e2_medium,train,stage tiles 2019s,320.3,,,phase4_semantic_finetune_train_2019s_2026-08-31T01-39.log
20260831T011255Z_2019s_pilot_e2_medium_train,2019s,pilot_e2_medium,train,copy sem_best_2019s_pilot_e2_medium.pt,1.7,772910967,454.65,phase4_semantic_finetune_train_2019s_2026-08-31T01-39.log
20260831T011255Z_2019s_pilot_e2_medium_train,2019s,pilot_e2_medium,train,copy sem_best_2019s_pilot_e2_medium.pt,1.8,772910967,429.39,phase4_semantic_finetune_train_2019s_2026-08-31T01-39.log
20260831T011255Z_2019s_pilot_e2_medium_train,2019s,pilot_e2_medium,train,copy sem_best_2019s_pilot_e2_medium.pt,1.9,772910967,406.80,phase4_semantic_finetune_train_2019s_2026-08-31T01-39.log
20260831T011255Z_2019s_pilot_e2_medium_train,2019s,pilot_e2_medium,train,copy sem_best_2019s_pilot_e2_medium.pt,1.8,772910967,429.39,phase4_semantic_finetune_train_2019s_2026-08-31T01-39.log
20260831T011255Z_2019s_pilot_e2_medium_train,2019s,pilot_e2_medium,train,copy sem_best_2019s_pilot_e2_medium.pt,1.8,772910967,429.39,phase4_semantic_finetune_train_2019s_2026-08-31T01-39.log
20260831T011255Z_2019s_pilot_e2_medium_train,2019s,pilot_e2_medium,train,copy sem_latest_2019s_pilot_e2_medium.pt,1.8,1113213141,618.45,phase4_semantic_finetune_train_2019s_2026-08-31T01-39.log
20260831T011255Z_2019s_pilot_e2_medium_train,2019s,pilot_e2_medium,train,copy sem_best_2019s_pilot_e2_medium.pt,1.6,772910967,483.07,phase4_semantic_finetune_train_2019s_2026-08-31T01-39.log
20260831T011255Z_2019s_pilot_e2_medium_train,2019s,pilot_e2_medium,train,copy sem_latest_2019s_pilot_e2_medium.pt,1.8,1113213141,618.45,phase4_semantic_finetune_train_2019s_2026-08-31T01-39.log
20260831T011255Z_2019s_pilot_e2_medium_train,2019s,pilot_e2_medium,train,copy sem_best_2019s_pilot_e2_medium.pt,1.9,772910967,406.80,phase4_semantic_finetune_train_2019s_2026-08-31T01-39.log
20260831T011255Z_2019s_pilot_e2_medium_train,2019s,pilot_e2_medium,train,copy sem_best_2019s_pilot_e2_medium.pt,4.8,772910967,161.02,phase4_semantic_finetune_train_2019s_2026-08-31T01-39.log
20260831T011255Z_2019s_pilot_e2_medium_train,2019s,pilot_e2_medium,train,copy sem_latest_2019s_pilot_e2_medium.pt,1.8,1113213141,618.45,phase4_semantic_finetune_train_2019s_2026-08-31T01-39.log
20260831T011255Z_2019s_pilot_e2_medium_train,2019s,pilot_e2_medium,train,copy sem_latest_2019s_pilot_e2_medium.pt,2.0,1113213141,556.61,phase4_semantic_finetune_train_2019s_2026-08-31T01-39.log
20260831T011255Z_2019s_pilot_e2_medium_train,2019s,pilot_e2_medium,train,copy sem_latest_2019s_pilot_e2_medium.pt,2.4,1113213141,463.84,phase4_semantic_finetune_train_2019s_2026-08-31T01-39.log
20260831T011255Z_2019s_pilot_e2_medium_train,2019s,pilot_e2_medium,train,copy sem_latest_2019s_pilot_e2_medium.pt,2.7,1113213141,412.30,phase4_semantic_finetune_train_2019s_2026-08-31T01-39.log
20260831T011255Z_2019s_pilot_e2_medium_train,2019s,pilot_e2_medium,train,copy sem_latest_2019s_pilot_e2_medium.pt,2.6,1113213141,428.16,phase4_semantic_finetune_train_2019s_2026-08-31T01-39.log
20260831T012256Z_2019_pilot_e2_fine_train,2019,pilot_e2_fine,train,stage tiles 2019,385.7,,,phase4_semantic_finetune_train_2019_2026-08-31T02-02.log
20260831T012256Z_2019_pilot_e2_fine_train,2019,pilot_e2_fine,train,copy sem_best_2019_pilot_e2_fine.pt,1.8,1113204265,618.45,phase4_semantic_finetune_train_2019_2026-08-31T02-02.log
20260831T012256Z_2019_pilot_e2_fine_train,2019,pilot_e2_fine,train,copy sem_best_2019_pilot_e2_fine.pt,1.5,1113204265,742.14,phase4_semantic_finetune_train_2019_2026-08-31T02-02.log
20260831T012256Z_2019_pilot_e2_fine_train,2019,pilot_e2_fine,train,copy sem_best_2019_pilot_e2_fine.pt,1.9,1113204265,585.90,phase4_semantic_finetune_train_2019_2026-08-31T02-02.log
20260831T012256Z_2019_pilot_e2_fine_train,2019,pilot_e2_fine,train,copy sem_latest_2019_pilot_e2_fine.pt,1.8,1113208545,618.45,phase4_semantic_finetune_train_2019_2026-08-31T02-02.log
20260831T012256Z_2019_pilot_e2_fine_train,2019,pilot_e2_fine,train,copy sem_best_2019_pilot_e2_fine.pt,1.6,1113204265,695.75,phase4_semantic_finetune_train_2019_2026-08-31T02-02.log
20260831T012256Z_2019_pilot_e2_fine_train,2019,pilot_e2_fine,train,copy sem_best_2019_pilot_e2_fine.pt,1.8,1113204265,618.45,phase4_semantic_finetune_train_2019_2026-08-31T02-02.log
20260831T012256Z_2019_pilot_e2_fine_train,2019,pilot_e2_fine,train,copy sem_latest_2019_pilot_e2_fine.pt,1.6,1113208545,695.76,phase4_semantic_finetune_train_2019_2026-08-31T02-02.log
20260831T012256Z_2019_pilot_e2_fine_train,2019,pilot_e2_fine,train,copy sem_best_2019_pilot_e2_fine.pt,1.8,1113204265,618.45,phase4_semantic_finetune_train_2019_2026-08-31T02-02.log
20260831T012256Z_2019_pilot_e2_fine_train,2019,pilot_e2_fine,train,copy sem_best_2019_pilot_e2_fine.pt,1.8,1113204265,618.45,phase4_semantic_finetune_train_2019_2026-08-31T02-02.log
20260831T012256Z_2019_pilot_e2_fine_train,2019,pilot_e2_fine,train,copy sem_latest_2019_pilot_e2_fine.pt,1.9,1113208545,585.90,phase4_semantic_finetune_train_2019_2026-08-31T02-02.log
20260831T012256Z_2019_pilot_e2_fine_train,2019,pilot_e2_fine,train,copy sem_latest_2019_pilot_e2_fine.pt,1.7,1113208545,654.83,phase4_semantic_finetune_train_2019_2026-08-31T02-02.log
20260831T012256Z_2019_pilot_e2_fine_train,2019,pilot_e2_fine,train,copy sem_best_2019_pilot_e2_fine.pt,2.5,1113204265,445.28,phase4_semantic_finetune_train_2019_2026-08-31T02-02.log
20260831T012256Z_2019_pilot_e2_fine_train,2019,pilot_e2_fine,train,copy sem_best_2019_pilot_e2_fine.pt,2.4,1113204265,463.84,phase4_semantic_finetune_train_2019_2026-08-31T02-02.log
20260831T012256Z_2019_pilot_e2_fine_train,2019,pilot_e2_fine,train,copy sem_best_2019_pilot_e2_fine.pt,2.5,1113204265,445.28,phase4_semantic_finetune_train_2019_2026-08-31T02-02.log
20260831T012256Z_2019_pilot_e2_fine_train,2019,pilot_e2_fine,train,copy sem_best_2019_pilot_e2_fine.pt,2.6,1113204265,428.16,phase4_semantic_finetune_train_2019_2026-08-31T02-02.log
20260831T012256Z_2019_pilot_e2_fine_train,2019,pilot_e2_fine,train,copy sem_latest_2019_pilot_e2_fine.pt,2.5,1113208545,445.28,phase4_semantic_finetune_train_2019_2026-08-31T02-02.log
20260831T012256Z_2019_pilot_e2_fine_train,2019,pilot_e2_fine,train,copy sem_best_2019_pilot_e2_fine.pt,2.3,1113204265,484.00,phase4_semantic_finetune_train_2019_2026-08-31T02-02.log
20260831T012256Z_2019_pilot_e2_fine_train,2019,pilot_e2_fine,train,copy sem_best_2019_pilot_e2_fine.pt,2.7,1113204265,412.30,phase4_semantic_finetune_train_2019_2026-08-31T02-02.log
20260831T012256Z_2019_pilot_e2_fine_train,2019,pilot_e2_fine,train,copy sem_latest_2019_pilot_e2_fine.pt,2.4,1113208545,463.84,phase4_semantic_finetune_train_2019_2026-08-31T02-02.log
20260831T012256Z_2019_pilot_e2_fine_train,2019,pilot_e2_fine,train,copy sem_best_2019_pilot_e2_fine.pt,2.7,1113204265,412.30,phase4_semantic_finetune_train_2019_2026-08-31T02-02.log
20260831T012256Z_2019_pilot_e2_fine_train,2019,pilot_e2_fine,train,copy sem_latest_2019_pilot_e2_fine.pt,2.5,1113208545,445.28,phase4_semantic_finetune_train_2019_2026-08-31T02-02.log
20260831T012256Z_2019_pilot_e2_fine_train,2019,pilot_e2_fine,train,copy sem_latest_2019_pilot_e2_fine.pt,2.5,1113208545,445.28,phase4_semantic_finetune_train_2019_2026-08-31T02-02.log
20260831T012256Z_2019_pilot_e2_fine_train,2019,pilot_e2_fine,train,copy sem_latest_2019_pilot_e2_fine.pt,2.3,1113208545,484.00,phase4_semantic_finetune_train_2019_2026-08-31T02-02.log
20260831T013542Z_2019n_pilot_e2_coarse_train,2019n,pilot_e2_coarse,train,stage tiles 2019n,395.0,,,phase4_semantic_finetune_train_2019n_2026-08-31T02-29.log
20260831T013542Z_2019n_pilot_e2_coarse_train,2019n,pilot_e2_coarse,train,copy sem_best_2019n_pilot_e2_coarse.pt,1.7,1113210205,654.83,phase4_semantic_finetune_train_2019n_2026-08-31T02-29.log
20260831T013542Z_2019n_pilot_e2_coarse_train,2019n,pilot_e2_coarse,train,copy sem_best_2019n_pilot_e2_coarse.pt,1.6,1113210205,695.76,phase4_semantic_finetune_train_2019n_2026-08-31T02-29.log
20260831T013542Z_2019n_pilot_e2_coarse_train,2019n,pilot_e2_coarse,train,copy sem_best_2019n_pilot_e2_coarse.pt,1.7,1113210205,654.83,phase4_semantic_finetune_train_2019n_2026-08-31T02-29.log
20260831T013542Z_2019n_pilot_e2_coarse_train,2019n,pilot_e2_coarse,train,copy sem_best_2019n_pilot_e2_coarse.pt,1.6,1113210205,695.76,phase4_semantic_finetune_train_2019n_2026-08-31T02-29.log
20260831T013542Z_2019n_pilot_e2_coarse_train,2019n,pilot_e2_coarse,train,copy sem_latest_2019n_pilot_e2_coarse.pt,1.5,1113214037,742.14,phase4_semantic_finetune_train_2019n_2026-08-31T02-29.log
20260831T013542Z_2019n_pilot_e2_coarse_train,2019n,pilot_e2_coarse,train,copy sem_best_2019n_pilot_e2_coarse.pt,1.5,1113210205,742.14,phase4_semantic_finetune_train_2019n_2026-08-31T02-29.log
20260831T013542Z_2019n_pilot_e2_coarse_train,2019n,pilot_e2_coarse,train,copy sem_best_2019n_pilot_e2_coarse.pt,1.8,1113210205,618.45,phase4_semantic_finetune_train_2019n_2026-08-31T02-29.log
20260831T013542Z_2019n_pilot_e2_coarse_train,2019n,pilot_e2_coarse,train,copy sem_best_2019n_pilot_e2_coarse.pt,1.4,1113210205,795.15,phase4_semantic_finetune_train_2019n_2026-08-31T02-29.log
20260831T013542Z_2019n_pilot_e2_coarse_train,2019n,pilot_e2_coarse,train,copy sem_latest_2019n_pilot_e2_coarse.pt,1.6,1113214037,695.76,phase4_semantic_finetune_train_2019n_2026-08-31T02-29.log
20260831T013542Z_2019n_pilot_e2_coarse_train,2019n,pilot_e2_coarse,train,copy sem_best_2019n_pilot_e2_coarse.pt,55.4,1113210205,20.09,phase4_semantic_finetune_train_2019n_2026-08-31T02-29.log
20260831T013542Z_2019n_pilot_e2_coarse_train,2019n,pilot_e2_coarse,train,copy sem_best_2019n_pilot_e2_coarse.pt,1.5,1113210205,742.14,phase4_semantic_finetune_train_2019n_2026-08-31T02-29.log
20260831T013542Z_2019n_pilot_e2_coarse_train,2019n,pilot_e2_coarse,train,copy sem_latest_2019n_pilot_e2_coarse.pt,1.8,1113214037,618.45,phase4_semantic_finetune_train_2019n_2026-08-31T02-29.log
20260831T013542Z_2019n_pilot_e2_coarse_train,2019n,pilot_e2_coarse,train,copy sem_best_2019n_pilot_e2_coarse.pt,1.7,1113210205,654.83,phase4_semantic_finetune_train_2019n_2026-08-31T02-29.log
20260831T013542Z_2019n_pilot_e2_coarse_train,2019n,pilot_e2_coarse,train,copy sem_latest_2019n_pilot_e2_coarse.pt,1.6,1113214037,695.76,phase4_semantic_finetune_train_2019n_2026-08-31T02-29.log
20260831T013542Z_2019n_pilot_e2_coarse_train,2019n,pilot_e2_coarse,train,copy sem_latest_2019n_pilot_e2_coarse.pt,2.3,1113214037,484.01,phase4_semantic_finetune_train_2019n_2026-08-31T02-29.log
20260831T013542Z_2019n_pilot_e2_coarse_train,2019n,pilot_e2_coarse,train,copy sem_latest_2019n_pilot_e2_coarse.pt,3.1,1113214037,359.10,phase4_semantic_finetune_train_2019n_2026-08-31T02-29.log
20260831T013542Z_2019n_pilot_e2_coarse_train,2019n,pilot_e2_coarse,train,copy sem_best_2019n_pilot_e2_coarse.pt,2.5,1113210205,445.28,phase4_semantic_finetune_train_2019n_2026-08-31T02-29.log
20260831T013542Z_2019n_pilot_e2_coarse_train,2019n,pilot_e2_coarse,train,copy sem_best_2019n_pilot_e2_coarse.pt,2.5,1113210205,445.28,phase4_semantic_finetune_train_2019n_2026-08-31T02-29.log
20260831T013542Z_2019n_pilot_e2_coarse_train,2019n,pilot_e2_coarse,train,copy sem_latest_2019n_pilot_e2_coarse.pt,2.5,1113214037,445.29,phase4_semantic_finetune_train_2019n_2026-08-31T02-29.log
20260831T013542Z_2019n_pilot_e2_coarse_train,2019n,pilot_e2_coarse,train,copy sem_best_2019n_pilot_e2_coarse.pt,2.4,1113210205,463.84,phase4_semantic_finetune_train_2019n_2026-08-31T02-29.log
20260831T013542Z_2019n_pilot_e2_coarse_train,2019n,pilot_e2_coarse,train,copy sem_latest_2019n_pilot_e2_coarse.pt,2.7,1113214037,412.30,phase4_semantic_finetune_train_2019n_2026-08-31T02-29.log
20260831T013542Z_2019n_pilot_e2_coarse_train,2019n,pilot_e2_coarse,train,copy sem_best_2019n_pilot_e2_coarse.pt,2.7,1113210205,412.30,phase4_semantic_finetune_train_2019n_2026-08-31T02-29.log
20260831T013542Z_2019n_pilot_e2_coarse_train,2019n,pilot_e2_coarse,train,copy sem_best_2019n_pilot_e2_coarse.pt,2.5,1113210205,445.28,phase4_semantic_finetune_train_2019n_2026-08-31T02-29.log
20260831T013542Z_2019n_pilot_e2_coarse_train,2019n,pilot_e2_coarse,train,copy sem_latest_2019n_pilot_e2_coarse.pt,2.5,1113214037,445.29,phase4_semantic_finetune_train_2019n_2026-08-31T02-29.log
20260831T013542Z_2019n_pilot_e2_coarse_train,2019n,pilot_e2_coarse,train,copy sem_latest_2019n_pilot_e2_coarse.pt,2.5,1113214037,445.29,phase4_semantic_finetune_train_2019n_2026-08-31T02-29.log
20260831T013952Z_2019s_pilot_e2_medium_evaluate,2019s,pilot_e2_medium,evaluate,copy semantic_eval_report.csv,0.0,,,phase4_semantic_finetune_evaluate_2019s_2026-08-31T01-53.log
20260831T015401Z_2019s_pilot_e2_medium_inference,2019s,pilot_e2_medium,inference,stage 2019_snoh_1ft_rgbi.tif,48.6,2890831516,59.48,phase4_semantic_finetune_inference_2019s_2026-08-31T01-58.log
20260831T015401Z_2019s_pilot_e2_medium_inference,2019s,pilot_e2_medium,inference,inference,148.2,,,phase4_semantic_finetune_inference_2019s_2026-08-31T01-58.log
20260831T015401Z_2019s_pilot_e2_medium_inference,2019s,pilot_e2_medium,inference,copy edmonds_canopy_prob_2019s_pilot_e2_medium.tif,0.3,151606630,505.36,phase4_semantic_finetune_inference_2019s_2026-08-31T01-58.log
20260831T015830Z_2019s_pilot_e2_medium_postproc,2019s,pilot_e2_medium,postproc,polygonize,55.3,,,phase4_semantic_finetune_postproc_2019s_2026-08-31T02-01.log
20260831T015830Z_2019s_pilot_e2_medium_postproc,2019s,pilot_e2_medium,postproc,copy edmonds_canopy_mask_2019s_pilot_e2_medium.tif,0.0,15595278,,phase4_semantic_finetune_postproc_2019s_2026-08-31T02-01.log
20260831T015830Z_2019s_pilot_e2_medium_postproc,2019s,pilot_e2_medium,postproc,copy edmonds_canopy_mask_2019s_pilot_e2_medium.gpkg,0.1,48119808,481.20,phase4_semantic_finetune_postproc_2019s_2026-08-31T02-01.log
20260831T015830Z_2019s_pilot_e2_medium_postproc,2019s,pilot_e2_medium,postproc,postproc,197.4,,,phase4_semantic_finetune_postproc_2019s_2026-08-31T02-01.log
20260831T020251Z_2019_pilot_e2_fine_evaluate,2019,pilot_e2_fine,evaluate,copy semantic_eval_report_superseded.csv,0.0,25406,,phase4_semantic_finetune_evaluate_2019_2026-08-31T02-18.log
20260831T020251Z_2019_pilot_e2_fine_evaluate,2019,pilot_e2_fine,evaluate,copy semantic_eval_report.csv,0.0,,,phase4_semantic_finetune_evaluate_2019_2026-08-31T02-18.log
20260831T021859Z_2019_pilot_e2_fine_inference,2019,pilot_e2_fine,inference,stage 2019_king_rgb.tif,291.6,11654003682,39.97,phase4_semantic_finetune_inference_2019_2026-08-31T02-42.log
20260831T021859Z_2019_pilot_e2_fine_inference,2019,pilot_e2_fine,inference,inference,961.0,,,phase4_semantic_finetune_inference_2019_2026-08-31T02-42.log
20260831T021859Z_2019_pilot_e2_fine_inference,2019,pilot_e2_fine,inference,copy edmonds_canopy_prob_2019_pilot_e2_fine.tif,5.6,2258157303,403.24,phase4_semantic_finetune_inference_2019_2026-08-31T02-42.log
20260831T024236Z_2019_pilot_e2_fine_postproc,2019,pilot_e2_fine,postproc,polygonize,443.9,,,phase4_semantic_finetune_postproc_2019_2026-08-31T02-59.log
20260831T024236Z_2019_pilot_e2_fine_postproc,2019,pilot_e2_fine,postproc,copy edmonds_canopy_mask_2019_pilot_e2_fine.tif,0.2,95564600,477.82,phase4_semantic_finetune_postproc_2019_2026-08-31T02-59.log
20260831T024236Z_2019_pilot_e2_fine_postproc,2019,pilot_e2_fine,postproc,copy edmonds_canopy_mask_2019_pilot_e2_fine.gpkg,0.1,23666688,236.67,phase4_semantic_finetune_postproc_2019_2026-08-31T02-59.log
20260831T024236Z_2019_pilot_e2_fine_postproc,2019,pilot_e2_fine,postproc,postproc,1013.5,,,phase4_semantic_finetune_postproc_2019_2026-08-31T02-59.log
20260831T035152Z_2019n_pilot_e2_coarse_evaluate,2019n,pilot_e2_coarse,evaluate,copy semantic_eval_report.csv,0.0,,,phase4_semantic_finetune_evaluate_2019n_2026-08-31T04-17.log
20260831T041837Z_2019n_pilot_e2_coarse_inference,2019n,pilot_e2_coarse,inference,stage 2019_naip_60cm_rgbi.tif,24.2,757507269,31.30,phase4_semantic_finetune_inference_2019n_2026-08-31T04-21.log
20260831T041837Z_2019n_pilot_e2_coarse_inference,2019n,pilot_e2_coarse,inference,inference,72.0,,,phase4_semantic_finetune_inference_2019n_2026-08-31T04-21.log
20260831T041837Z_2019n_pilot_e2_coarse_inference,2019n,pilot_e2_coarse,inference,copy edmonds_canopy_prob_2019n_pilot_e2_coarse.tif,0.1,,,phase4_semantic_finetune_inference_2019n_2026-08-31T04-21.log
20260831T042348Z_2019n_pilot_e2_coarse_postproc,2019n,pilot_e2_coarse,postproc,polygonize,17.2,,,phase4_semantic_finetune_postproc_2019n_2026-08-31T04-24.log
20260831T042348Z_2019n_pilot_e2_coarse_postproc,2019n,pilot_e2_coarse,postproc,copy edmonds_canopy_mask_2019n_pilot_e2_coarse.tif,0.0,,,phase4_semantic_finetune_postproc_2019n_2026-08-31T04-24.log
20260831T042348Z_2019n_pilot_e2_coarse_postproc,2019n,pilot_e2_coarse,postproc,copy edmonds_canopy_mask_2019n_pilot_e2_coarse.gpkg,0.0,,,phase4_semantic_finetune_postproc_2019n_2026-08-31T04-24.log
20260831T042348Z_2019n_pilot_e2_coarse_postproc,2019n,pilot_e2_coarse,postproc,postproc,42.8,,,phase4_semantic_finetune_postproc_2019n_2026-08-31T04-24.log
20260831T234045Z_2019n_pilot_e2_coarse_inference,2019n,pilot_e2_coarse,inference,stage 2019_naip_60cm_rgbi.tif,45.8,757507269,16.54,phase4_semantic_finetune_inference_2019n_2026-08-31T23-47.log
20260831T234045Z_2019n_pilot_e2_coarse_inference,2019n,pilot_e2_coarse,inference,inference,137.6,,,phase4_semantic_finetune_inference_2019n_2026-08-31T23-47.log
20260831T234045Z_2019n_pilot_e2_coarse_inference,2019n,pilot_e2_coarse,inference,copy edmonds_canopy_prob_2019n_pilot_e2_coarse.tif,0.2,,,phase4_semantic_finetune_inference_2019n_2026-08-31T23-47.log
20260831T234737Z_2019n_pilot_e2_coarse_postproc,2019n,pilot_e2_coarse,postproc,polygonize,17.3,,,phase4_semantic_finetune_postproc_2019n_2026-08-31T23-48.log
20260831T234737Z_2019n_pilot_e2_coarse_postproc,2019n,pilot_e2_coarse,postproc,copy edmonds_canopy_mask_2019n_pilot_e2_coarse.tif,0.0,,,phase4_semantic_finetune_postproc_2019n_2026-08-31T23-48.log
20260831T234737Z_2019n_pilot_e2_coarse_postproc,2019n,pilot_e2_coarse,postproc,copy edmonds_canopy_mask_2019n_pilot_e2_coarse.gpkg,0.0,,,phase4_semantic_finetune_postproc_2019n_2026-08-31T23-48.log
20260831T234737Z_2019n_pilot_e2_coarse_postproc,2019n,pilot_e2_coarse,postproc,postproc,60.8,,,phase4_semantic_finetune_postproc_2019n_2026-08-31T23-48.log
20260901T055155Z_2019_citywide_rgb_postproc,2019,citywide_rgb,postproc,polygonize,369.6,,,phase4_semantic_finetune_postproc_2019_2026-09-01T06-13.log
20260901T055155Z_2019_citywide_rgb_postproc,2019,citywide_rgb,postproc,copy edmonds_canopy_mask_2019_citywide_rgb.tif,0.2,96223544,481.12,phase4_semantic_finetune_postproc_2019_2026-09-01T06-13.log
20260901T055155Z_2019_citywide_rgb_postproc,2019,citywide_rgb,postproc,copy edmonds_canopy_mask_2019_citywide_rgb.gpkg,0.1,25722880,257.23,phase4_semantic_finetune_postproc_2019_2026-09-01T06-13.log
20260901T055155Z_2019_citywide_rgb_postproc,2019,citywide_rgb,postproc,postproc,1262.1,,,phase4_semantic_finetune_postproc_2019_2026-09-01T06-13.log
20260901T055313Z_2022_citywide_rgb_postproc,2022,citywide_rgb,postproc,polygonize,1637.7,,,phase4_semantic_finetune_postproc_2022_2026-09-01T06-58.log
20260901T055313Z_2022_citywide_rgb_postproc,2022,citywide_rgb,postproc,copy edmonds_canopy_mask_2022_citywide_rgb.tif,4.7,310588766,66.08,phase4_semantic_finetune_postproc_2022_2026-09-01T06-58.log
20260901T055313Z_2022_citywide_rgb_postproc,2022,citywide_rgb,postproc,copy edmonds_canopy_mask_2022_citywide_rgb.gpkg,0.1,30502912,305.03,phase4_semantic_finetune_postproc_2022_2026-09-01T06-58.log
20260901T055313Z_2022_citywide_rgb_postproc,2022,citywide_rgb,postproc,postproc,3896.4,,,phase4_semantic_finetune_postproc_2022_2026-09-01T06-58.log
20260901T055505Z_2024_citywide_rgb_postproc,2024,citywide_rgb,postproc,polygonize,2707.5,,,phase4_semantic_finetune_postproc_2024_2026-09-01T07-34.log
20260901T055505Z_2024_citywide_rgb_postproc,2024,citywide_rgb,postproc,copy edmonds_canopy_mask_2024_citywide_rgb.tif,2.0,258861027,129.43,phase4_semantic_finetune_postproc_2024_2026-09-01T07-34.log
20260901T055505Z_2024_citywide_rgb_postproc,2024,citywide_rgb,postproc,copy edmonds_canopy_mask_2024_citywide_rgb.gpkg,0.1,27254784,272.55,phase4_semantic_finetune_postproc_2024_2026-09-01T07-34.log
20260901T055505Z_2024_citywide_rgb_postproc,2024,citywide_rgb,postproc,postproc,5934.2,,,phase4_semantic_finetune_postproc_2024_2026-09-01T07-34.log
20260901T055559Z_2021_citywide_rgb_postproc,2021,citywide_rgb,postproc,polygonize,319.1,,,phase4_semantic_finetune_postproc_2021_2026-09-01T06-14.log
20260901T055559Z_2021_citywide_rgb_postproc,2021,citywide_rgb,postproc,copy edmonds_canopy_mask_2021_citywide_rgb.tif,0.2,91888678,459.44,phase4_semantic_finetune_postproc_2021_2026-09-01T06-14.log
20260901T055559Z_2021_citywide_rgb_postproc,2021,citywide_rgb,postproc,copy edmonds_canopy_mask_2021_citywide_rgb.gpkg,0.1,18898944,188.99,phase4_semantic_finetune_postproc_2021_2026-09-01T06-14.log
20260901T055559Z_2021_citywide_rgb_postproc,2021,citywide_rgb,postproc,postproc,1070.6,,,phase4_semantic_finetune_postproc_2021_2026-09-01T06-14.log
20260901T061400Z_2019_pilot_e2_fine_postproc,2019,pilot_e2_fine,postproc,polygonize,359.2,,,phase4_semantic_finetune_postproc_2019_2026-09-01T06-33.log
20260901T061400Z_2019_pilot_e2_fine_postproc,2019,pilot_e2_fine,postproc,copy edmonds_canopy_mask_2019_pilot_e2_fine.tif,0.2,95564600,477.82,phase4_semantic_finetune_postproc_2019_2026-09-01T06-33.log
20260901T061400Z_2019_pilot_e2_fine_postproc,2019,pilot_e2_fine,postproc,copy edmonds_canopy_mask_2019_pilot_e2_fine.gpkg,0.1,23666688,236.67,phase4_semantic_finetune_postproc_2019_2026-09-01T06-33.log
20260901T061400Z_2019_pilot_e2_fine_postproc,2019,pilot_e2_fine,postproc,postproc,1149.5,,,phase4_semantic_finetune_postproc_2019_2026-09-01T06-33.log
20260901T061435Z_2009_citywide_rgb_postproc,2009,citywide_rgb,postproc,polygonize,89.8,,,phase4_semantic_finetune_postproc_2009_2026-09-01T06-18.log
20260901T061435Z_2009_citywide_rgb_postproc,2009,citywide_rgb,postproc,copy edmonds_canopy_mask_2009_citywide_rgb.tif,0.1,31748761,317.49,phase4_semantic_finetune_postproc_2009_2026-09-01T06-18.log
20260901T061435Z_2009_citywide_rgb_postproc,2009,citywide_rgb,postproc,copy edmonds_canopy_mask_2009_citywide_rgb.gpkg,0.0,17379328,,phase4_semantic_finetune_postproc_2009_2026-09-01T06-18.log
20260901T061435Z_2009_citywide_rgb_postproc,2009,citywide_rgb,postproc,postproc,245.4,,,phase4_semantic_finetune_postproc_2009_2026-09-01T06-18.log
20260901T061850Z_2018s_sectors_v1_postproc,2018s,sectors_v1,postproc,polygonize,130.2,,,phase4_semantic_finetune_postproc_2018s_2026-09-01T06-29.log
20260901T061850Z_2018s_sectors_v1_postproc,2018s,sectors_v1,postproc,copy edmonds_canopy_mask_2018s_sectors_v1.tif,0.1,34818679,348.19,phase4_semantic_finetune_postproc_2018s_2026-09-01T06-29.log
20260901T061850Z_2018s_sectors_v1_postproc,2018s,sectors_v1,postproc,copy edmonds_canopy_mask_2018s_sectors_v1.gpkg,0.0,9940992,,phase4_semantic_finetune_postproc_2018s_2026-09-01T06-29.log
20260901T061850Z_2018s_sectors_v1_postproc,2018s,sectors_v1,postproc,postproc,658.5,,,phase4_semantic_finetune_postproc_2018s_2026-09-01T06-29.log
20260901T062958Z_2020s_sectors_v1_postproc,2020s,sectors_v1,postproc,polygonize,528.0,,,phase4_semantic_finetune_postproc_2020s_2026-09-01T06-57.log
20260901T062958Z_2020s_sectors_v1_postproc,2020s,sectors_v1,postproc,copy edmonds_canopy_mask_2020s_sectors_v1.tif,0.2,101445348,507.23,phase4_semantic_finetune_postproc_2020s_2026-09-01T06-57.log
20260901T062958Z_2020s_sectors_v1_postproc,2020s,sectors_v1,postproc,copy edmonds_canopy_mask_2020s_sectors_v1.gpkg,0.0,13676544,,phase4_semantic_finetune_postproc_2020s_2026-09-01T06-57.log
20260901T062958Z_2020s_sectors_v1_postproc,2020s,sectors_v1,postproc,postproc,1639.3,,,phase4_semantic_finetune_postproc_2020s_2026-09-01T06-57.log
20260901T063416Z_2003s_sectors_v1_postproc,2003s,sectors_v1,postproc,polygonize,33.3,,,phase4_semantic_finetune_postproc_2003s_2026-09-01T06-37.log
20260901T063416Z_2003s_sectors_v1_postproc,2003s,sectors_v1,postproc,copy edmonds_canopy_mask_2003s_sectors_v1.tif,0.0,11623239,,phase4_semantic_finetune_postproc_2003s_2026-09-01T06-37.log
20260901T063416Z_2003s_sectors_v1_postproc,2003s,sectors_v1,postproc,copy edmonds_canopy_mask_2003s_sectors_v1.gpkg,0.0,6012928,,phase4_semantic_finetune_postproc_2003s_2026-09-01T06-37.log
20260901T063416Z_2003s_sectors_v1_postproc,2003s,sectors_v1,postproc,postproc,168.0,,,phase4_semantic_finetune_postproc_2003s_2026-09-01T06-37.log
20260901T063733Z_2019n_p2nir_postproc,2019n,p2nir,postproc,polygonize,11.0,,,phase4_semantic_finetune_postproc_2019n_2026-09-01T06-40.log
20260901T063733Z_2019n_p2nir_postproc,2019n,p2nir,postproc,copy edmonds_canopy_mask_2019n_p2nir.tif,0.0,4496236,,phase4_semantic_finetune_postproc_2019n_2026-09-01T06-40.log
20260901T063733Z_2019n_p2nir_postproc,2019n,p2nir,postproc,copy edmonds_canopy_mask_2019n_p2nir.gpkg,0.0,11059200,,phase4_semantic_finetune_postproc_2019n_2026-09-01T06-40.log
20260901T063733Z_2019n_p2nir_postproc,2019n,p2nir,postproc,postproc,182.5,,,phase4_semantic_finetune_postproc_2019n_2026-09-01T06-40.log
20260901T064101Z_2019n_pilot_e2_coarse_postproc,2019n,pilot_e2_coarse,postproc,polygonize,15.1,,,phase4_semantic_finetune_postproc_2019n_2026-09-01T06-47.log
20260901T064101Z_2019n_pilot_e2_coarse_postproc,2019n,pilot_e2_coarse,postproc,copy edmonds_canopy_mask_2019n_pilot_e2_coarse.tif,0.0,,,phase4_semantic_finetune_postproc_2019n_2026-09-01T06-47.log
20260901T064101Z_2019n_pilot_e2_coarse_postproc,2019n,pilot_e2_coarse,postproc,copy edmonds_canopy_mask_2019n_pilot_e2_coarse.gpkg,0.0,,,phase4_semantic_finetune_postproc_2019n_2026-09-01T06-47.log
20260901T064101Z_2019n_pilot_e2_coarse_postproc,2019n,pilot_e2_coarse,postproc,postproc,302.5,,,phase4_semantic_finetune_postproc_2019n_2026-09-01T06-47.log
20260901T065801Z_2021s_p2nir_postproc,2021s,p2nir,postproc,polygonize,66.3,,,phase4_semantic_finetune_postproc_2021s_2026-09-01T07-02.log
20260901T065801Z_2021s_p2nir_postproc,2021s,p2nir,postproc,copy edmonds_canopy_mask_2021s_p2nir.tif,0.0,21155869,,phase4_semantic_finetune_postproc_2021s_2026-09-01T07-02.log
20260901T065801Z_2021s_p2nir_postproc,2021s,p2nir,postproc,copy edmonds_canopy_mask_2021s_p2nir.gpkg,0.0,19234816,,phase4_semantic_finetune_postproc_2021s_2026-09-01T07-02.log
20260901T065801Z_2021s_p2nir_postproc,2021s,p2nir,postproc,postproc,230.2,,,phase4_semantic_finetune_postproc_2021s_2026-09-01T07-02.log
20260901T065904Z_2005_citywide_rgb_postproc,2005,citywide_rgb,postproc,polygonize,92.1,,,phase4_semantic_finetune_postproc_2005_2026-09-01T07-06.log
20260901T065904Z_2005_citywide_rgb_postproc,2005,citywide_rgb,postproc,copy edmonds_canopy_mask_2005_citywide_rgb.tif,0.1,29005396,290.05,phase4_semantic_finetune_postproc_2005_2026-09-01T07-06.log
20260901T065904Z_2005_citywide_rgb_postproc,2005,citywide_rgb,postproc,copy edmonds_canopy_mask_2005_citywide_rgb.gpkg,0.0,10661888,,phase4_semantic_finetune_postproc_2005_2026-09-01T07-06.log
20260901T065904Z_2005_citywide_rgb_postproc,2005,citywide_rgb,postproc,postproc,380.7,,,phase4_semantic_finetune_postproc_2005_2026-09-01T07-06.log
20260901T070658Z_2011s_sectors_v1_postproc,2011s,sectors_v1,postproc,polygonize,42.2,,,phase4_semantic_finetune_postproc_2011s_2026-09-01T07-13.log
20260901T070658Z_2011s_sectors_v1_postproc,2011s,sectors_v1,postproc,copy edmonds_canopy_mask_2011s_sectors_v1.tif,0.0,12617543,,phase4_semantic_finetune_postproc_2011s_2026-09-01T07-13.log
20260901T070658Z_2011s_sectors_v1_postproc,2011s,sectors_v1,postproc,copy edmonds_canopy_mask_2011s_sectors_v1.gpkg,0.0,18874368,,phase4_semantic_finetune_postproc_2011s_2026-09-01T07-13.log
20260901T070658Z_2011s_sectors_v1_postproc,2011s,sectors_v1,postproc,postproc,360.5,,,phase4_semantic_finetune_postproc_2011s_2026-09-01T07-13.log
20260901T071435Z_2019s_pilot_e2_medium_postproc,2019s,pilot_e2_medium,postproc,polygonize,45.5,,,phase4_semantic_finetune_postproc_2019s_2026-09-01T07-18.log
20260901T071435Z_2019s_pilot_e2_medium_postproc,2019s,pilot_e2_medium,postproc,copy edmonds_canopy_mask_2019s_pilot_e2_medium.tif,0.0,15595278,,phase4_semantic_finetune_postproc_2019s_2026-09-01T07-18.log
20260901T071435Z_2019s_pilot_e2_medium_postproc,2019s,pilot_e2_medium,postproc,copy edmonds_canopy_mask_2019s_pilot_e2_medium.gpkg,0.1,48119808,481.20,phase4_semantic_finetune_postproc_2019s_2026-09-01T07-18.log
20260901T071435Z_2019s_pilot_e2_medium_postproc,2019s,pilot_e2_medium,postproc,postproc,240.8,,,phase4_semantic_finetune_postproc_2019s_2026-09-01T07-18.log
20260901T071843Z_2006s_sectors_v1_postproc,2006s,sectors_v1,postproc,polygonize,3.6,,,phase4_semantic_finetune_postproc_2006s_2026-09-01T07-19.log
20260901T071843Z_2006s_sectors_v1_postproc,2006s,sectors_v1,postproc,copy edmonds_canopy_mask_2006s_sectors_v1.tif,0.0,2086008,,phase4_semantic_finetune_postproc_2006s_2026-09-01T07-19.log
20260901T071843Z_2006s_sectors_v1_postproc,2006s,sectors_v1,postproc,copy edmonds_canopy_mask_2006s_sectors_v1.gpkg,0.0,1855488,,phase4_semantic_finetune_postproc_2006s_2026-09-01T07-19.log
20260901T071843Z_2006s_sectors_v1_postproc,2006s,sectors_v1,postproc,postproc,51.5,,,phase4_semantic_finetune_postproc_2006s_2026-09-01T07-19.log
20260901T073458Z_2023_citywide_rgb_postproc,2023,citywide_rgb,postproc,polygonize,687.6,,,phase4_semantic_finetune_postproc_2023_2026-09-01T08-07.log
20260901T073458Z_2023_citywide_rgb_postproc,2023,citywide_rgb,postproc,copy edmonds_canopy_mask_2023_citywide_rgb.tif,0.4,94935625,237.34,phase4_semantic_finetune_postproc_2023_2026-09-01T08-07.log
20260901T073458Z_2023_citywide_rgb_postproc,2023,citywide_rgb,postproc,copy edmonds_canopy_mask_2023_citywide_rgb.gpkg,0.1,24326144,243.26,phase4_semantic_finetune_postproc_2023_2026-09-01T08-07.log
20260901T073458Z_2023_citywide_rgb_postproc,2023,citywide_rgb,postproc,postproc,1917.3,,,phase4_semantic_finetune_postproc_2023_2026-09-01T08-07.log
20260901T080758Z_2007_citywide_rgb_postproc,2007,citywide_rgb,postproc,polygonize,174.7,,,phase4_semantic_finetune_postproc_2007_2026-09-01T08-15.log
20260901T080758Z_2007_citywide_rgb_postproc,2007,citywide_rgb,postproc,copy edmonds_canopy_mask_2007_citywide_rgb.tif,0.1,32758546,327.59,phase4_semantic_finetune_postproc_2007_2026-09-01T08-15.log
20260901T080758Z_2007_citywide_rgb_postproc,2007,citywide_rgb,postproc,copy edmonds_canopy_mask_2007_citywide_rgb.gpkg,0.1,26296320,262.96,phase4_semantic_finetune_postproc_2007_2026-09-01T08-15.log
20260901T080758Z_2007_citywide_rgb_postproc,2007,citywide_rgb,postproc,postproc,418.7,,,phase4_semantic_finetune_postproc_2007_2026-09-01T08-15.log
20260901T081538Z_2012s_sectors_v1_postproc,2012s,sectors_v1,postproc,polygonize,116.4,,,phase4_semantic_finetune_postproc_2012s_2026-09-01T08-23.log
20260901T081538Z_2012s_sectors_v1_postproc,2012s,sectors_v1,postproc,copy edmonds_canopy_mask_2012s_sectors_v1.tif,0.1,18938857,189.39,phase4_semantic_finetune_postproc_2012s_2026-09-01T08-23.log
20260901T081538Z_2012s_sectors_v1_postproc,2012s,sectors_v1,postproc,copy edmonds_canopy_mask_2012s_sectors_v1.gpkg,0.1,14901248,149.01,phase4_semantic_finetune_postproc_2012s_2026-09-01T08-23.log
20260901T081538Z_2012s_sectors_v1_postproc,2012s,sectors_v1,postproc,postproc,492.5,,,phase4_semantic_finetune_postproc_2012s_2026-09-01T08-23.log
20260901T084840Z_2023n_untagged_postproc,2023n,,postproc,polygonize,13.0,,,phase4_semantic_finetune_postproc_2023n_2026-09-01T08-50.log
20260901T084840Z_2023n_untagged_postproc,2023n,,postproc,copy edmonds_canopy_mask_2023n.tif,0.0,4510113,,phase4_semantic_finetune_postproc_2023n_2026-09-01T08-50.log
20260901T084840Z_2023n_untagged_postproc,2023n,,postproc,copy edmonds_canopy_mask_2023n.gpkg,0.0,11169792,,phase4_semantic_finetune_postproc_2023n_2026-09-01T08-50.log
20260901T084840Z_2023n_untagged_postproc,2023n,,postproc,postproc,124.0,,,phase4_semantic_finetune_postproc_2023n_2026-09-01T08-50.log
20260901T173746Z_2006s_hy_e3_2006s_tile,2006s,hy_e3_2006s,tile,stage 2006_snoh_1m_rgb.tif,3.6,218544136,60.71,phase4_semantic_finetune_tile_2006s_2026-09-01T17-52.log
20260901T173746Z_2006s_hy_e3_2006s_tile,2006s,hy_e3_2006s,tile,stage edmonds_canopy_mask_2020.tif,4.5,287816390,63.96,phase4_semantic_finetune_tile_2006s_2026-09-01T17-52.log
20260901T180353Z_2006s_hy_e3_2006s_train,2006s,hy_e3_2006s,train,copy sem_best_2006s_hy_e3_2006s.pt,1.6,1113203501,695.75,phase4_semantic_finetune_train_2006s_2026-09-01T18-45.log
20260901T180353Z_2006s_hy_e3_2006s_train,2006s,hy_e3_2006s,train,copy sem_best_2006s_hy_e3_2006s.pt,1.5,1113203501,742.14,phase4_semantic_finetune_train_2006s_2026-09-01T18-45.log
20260901T180353Z_2006s_hy_e3_2006s_train,2006s,hy_e3_2006s,train,copy sem_best_2006s_hy_e3_2006s.pt,1.8,1113203501,618.45,phase4_semantic_finetune_train_2006s_2026-09-01T18-45.log
20260901T180353Z_2006s_hy_e3_2006s_train,2006s,hy_e3_2006s,train,copy sem_best_2006s_hy_e3_2006s.pt,2.0,1113203501,556.60,phase4_semantic_finetune_train_2006s_2026-09-01T18-45.log
20260901T180353Z_2006s_hy_e3_2006s_train,2006s,hy_e3_2006s,train,copy sem_latest_2006s_hy_e3_2006s.pt,1.8,1113207141,618.45,phase4_semantic_finetune_train_2006s_2026-09-01T18-45.log
20260901T180353Z_2006s_hy_e3_2006s_train,2006s,hy_e3_2006s,train,copy sem_best_2006s_hy_e3_2006s.pt,2.1,1113203501,530.10,phase4_semantic_finetune_train_2006s_2026-09-01T18-45.log
20260901T180353Z_2006s_hy_e3_2006s_train,2006s,hy_e3_2006s,train,copy sem_best_2006s_hy_e3_2006s.pt,1.7,1113203501,654.83,phase4_semantic_finetune_train_2006s_2026-09-01T18-45.log
20260901T180353Z_2006s_hy_e3_2006s_train,2006s,hy_e3_2006s,train,copy sem_best_2006s_hy_e3_2006s.pt,1.8,1113203501,618.45,phase4_semantic_finetune_train_2006s_2026-09-01T18-45.log
20260901T180353Z_2006s_hy_e3_2006s_train,2006s,hy_e3_2006s,train,copy sem_latest_2006s_hy_e3_2006s.pt,1.8,1113207141,618.45,phase4_semantic_finetune_train_2006s_2026-09-01T18-45.log
20260901T180353Z_2006s_hy_e3_2006s_train,2006s,hy_e3_2006s,train,copy sem_best_2006s_hy_e3_2006s.pt,1.7,1113203501,654.83,phase4_semantic_finetune_train_2006s_2026-09-01T18-45.log
20260901T180353Z_2006s_hy_e3_2006s_train,2006s,hy_e3_2006s,train,copy sem_best_2006s_hy_e3_2006s.pt,2.7,1113203501,412.30,phase4_semantic_finetune_train_2006s_2026-09-01T18-45.log
20260901T180353Z_2006s_hy_e3_2006s_train,2006s,hy_e3_2006s,train,copy sem_best_2006s_hy_e3_2006s.pt,1.8,1113203501,618.45,phase4_semantic_finetune_train_2006s_2026-09-01T18-45.log
20260901T180353Z_2006s_hy_e3_2006s_train,2006s,hy_e3_2006s,train,copy sem_latest_2006s_hy_e3_2006s.pt,1.7,1113207141,654.83,phase4_semantic_finetune_train_2006s_2026-09-01T18-45.log
20260901T180353Z_2006s_hy_e3_2006s_train,2006s,hy_e3_2006s,train,copy sem_best_2006s_hy_e3_2006s.pt,1.5,1113203501,742.14,phase4_semantic_finetune_train_2006s_2026-09-01T18-45.log
20260901T180353Z_2006s_hy_e3_2006s_train,2006s,hy_e3_2006s,train,copy sem_best_2006s_hy_e3_2006s.pt,1.6,1113203501,695.75,phase4_semantic_finetune_train_2006s_2026-09-01T18-45.log
20260901T180353Z_2006s_hy_e3_2006s_train,2006s,hy_e3_2006s,train,copy sem_latest_2006s_hy_e3_2006s.pt,2.8,1113207141,397.57,phase4_semantic_finetune_train_2006s_2026-09-01T18-45.log
20260901T180353Z_2006s_hy_e3_2006s_train,2006s,hy_e3_2006s,train,copy sem_best_2006s_hy_e3_2006s.pt,2.6,1113203501,428.16,phase4_semantic_finetune_train_2006s_2026-09-01T18-45.log
20260901T180353Z_2006s_hy_e3_2006s_train,2006s,hy_e3_2006s,train,copy sem_best_2006s_hy_e3_2006s.pt,2.6,1113203501,428.16,phase4_semantic_finetune_train_2006s_2026-09-01T18-45.log
20260901T180353Z_2006s_hy_e3_2006s_train,2006s,hy_e3_2006s,train,copy sem_best_2006s_hy_e3_2006s.pt,2.6,1113203501,428.16,phase4_semantic_finetune_train_2006s_2026-09-01T18-45.log
20260901T180353Z_2006s_hy_e3_2006s_train,2006s,hy_e3_2006s,train,copy sem_latest_2006s_hy_e3_2006s.pt,2.4,1113207141,463.84,phase4_semantic_finetune_train_2006s_2026-09-01T18-45.log
20260901T180353Z_2006s_hy_e3_2006s_train,2006s,hy_e3_2006s,train,copy sem_latest_2006s_hy_e3_2006s.pt,2.5,1113207141,445.28,phase4_semantic_finetune_train_2006s_2026-09-01T18-45.log
20260901T180353Z_2006s_hy_e3_2006s_train,2006s,hy_e3_2006s,train,copy sem_latest_2006s_hy_e3_2006s.pt,2.4,1113207141,463.84,phase4_semantic_finetune_train_2006s_2026-09-01T18-45.log
20260901T180353Z_2006s_hy_e3_2006s_train,2006s,hy_e3_2006s,train,copy sem_best_2006s_hy_e3_2006s.pt,2.2,1113203501,506.00,phase4_semantic_finetune_train_2006s_2026-09-01T18-45.log
20260901T180353Z_2006s_hy_e3_2006s_train,2006s,hy_e3_2006s,train,copy sem_latest_2006s_hy_e3_2006s.pt,2.3,1113207141,484.00,phase4_semantic_finetune_train_2006s_2026-09-01T18-45.log
20260901T180353Z_2006s_hy_e3_2006s_train,2006s,hy_e3_2006s,train,copy sem_latest_2006s_hy_e3_2006s.pt,2.2,1113207141,506.00,phase4_semantic_finetune_train_2006s_2026-09-01T18-45.log
20260901T180353Z_2006s_hy_e3_2006s_train,2006s,hy_e3_2006s,train,copy sem_best_2006s_hy_e3_2006s.pt,2.5,1113203501,445.28,phase4_semantic_finetune_train_2006s_2026-09-01T18-45.log
20260901T180353Z_2006s_hy_e3_2006s_train,2006s,hy_e3_2006s,train,copy sem_latest_2006s_hy_e3_2006s.pt,2.6,1113207141,428.16,phase4_semantic_finetune_train_2006s_2026-09-01T18-45.log
20260901T184604Z_2006s_hy_e3_2006s_evaluate,2006s,hy_e3_2006s,evaluate,copy semantic_eval_report.csv,0.0,,,phase4_semantic_finetune_evaluate_2006s_2026-09-01T19-02.log
20260901T190238Z_2006s_hy_e3_2006s_inference,2006s,hy_e3_2006s,inference,stage 2006_snoh_1m_rgb.tif,3.8,218544136,57.51,phase4_semantic_finetune_inference_2006s_2026-09-01T19-03.log
20260901T190238Z_2006s_hy_e3_2006s_inference,2006s,hy_e3_2006s,inference,inference,55.6,,,phase4_semantic_finetune_inference_2006s_2026-09-01T19-03.log
20260901T190238Z_2006s_hy_e3_2006s_inference,2006s,hy_e3_2006s,inference,copy edmonds_canopy_prob_2006s_hy_e3_2006s.tif,0.1,33017219,330.17,phase4_semantic_finetune_inference_2006s_2026-09-01T19-03.log
20260901T195758Z_2011s_hy_e3_2011s_tile,2011s,hy_e3_2011s,tile,stage 2011_snoh_1ft_rgb.tif,102.5,1987295246,19.39,phase4_semantic_finetune_tile_2011s_2026-09-01T20-25.log
20260901T195758Z_2011s_hy_e3_2011s_tile,2011s,hy_e3_2011s,tile,stage edmonds_canopy_mask_2020.tif,4.9,287816390,58.74,phase4_semantic_finetune_tile_2011s_2026-09-01T20-25.log
20260901T202556Z_2011s_hy_e3_2011s_train,2011s,hy_e3_2011s,train,stage tiles 2011s,321.8,,,phase4_semantic_finetune_train_2011s_2026-09-01T21-07.log
20260901T202556Z_2011s_hy_e3_2011s_train,2011s,hy_e3_2011s,train,copy sem_best_2011s_hy_e3_2011s.pt,1.6,1113202861,695.75,phase4_semantic_finetune_train_2011s_2026-09-01T21-07.log
20260901T202556Z_2011s_hy_e3_2011s_train,2011s,hy_e3_2011s,train,copy sem_best_2011s_hy_e3_2011s.pt,1.8,1113202861,618.45,phase4_semantic_finetune_train_2011s_2026-09-01T21-07.log
20260901T202556Z_2011s_hy_e3_2011s_train,2011s,hy_e3_2011s,train,copy sem_best_2011s_hy_e3_2011s.pt,1.7,1113202861,654.83,phase4_semantic_finetune_train_2011s_2026-09-01T21-07.log
20260901T202556Z_2011s_hy_e3_2011s_train,2011s,hy_e3_2011s,train,copy sem_best_2011s_hy_e3_2011s.pt,1.9,1113202861,585.90,phase4_semantic_finetune_train_2011s_2026-09-01T21-07.log
20260901T202556Z_2011s_hy_e3_2011s_train,2011s,hy_e3_2011s,train,copy sem_latest_2011s_hy_e3_2011s.pt,1.9,1113207141,585.90,phase4_semantic_finetune_train_2011s_2026-09-01T21-07.log
20260901T202556Z_2011s_hy_e3_2011s_train,2011s,hy_e3_2011s,train,copy sem_best_2011s_hy_e3_2011s.pt,1.7,1113202861,654.83,phase4_semantic_finetune_train_2011s_2026-09-01T21-07.log
20260901T202556Z_2011s_hy_e3_2011s_train,2011s,hy_e3_2011s,train,copy sem_best_2011s_hy_e3_2011s.pt,1.7,1113202861,654.83,phase4_semantic_finetune_train_2011s_2026-09-01T21-07.log
20260901T202556Z_2011s_hy_e3_2011s_train,2011s,hy_e3_2011s,train,copy sem_best_2011s_hy_e3_2011s.pt,1.7,1113202861,654.83,phase4_semantic_finetune_train_2011s_2026-09-01T21-07.log
20260901T202556Z_2011s_hy_e3_2011s_train,2011s,hy_e3_2011s,train,copy sem_latest_2011s_hy_e3_2011s.pt,2.3,1113207141,484.00,phase4_semantic_finetune_train_2011s_2026-09-01T21-07.log
20260901T202556Z_2011s_hy_e3_2011s_train,2011s,hy_e3_2011s,train,copy sem_best_2011s_hy_e3_2011s.pt,1.7,1113202861,654.83,phase4_semantic_finetune_train_2011s_2026-09-01T21-07.log
20260901T202556Z_2011s_hy_e3_2011s_train,2011s,hy_e3_2011s,train,copy sem_best_2011s_hy_e3_2011s.pt,1.9,1113202861,585.90,phase4_semantic_finetune_train_2011s_2026-09-01T21-07.log
20260901T202556Z_2011s_hy_e3_2011s_train,2011s,hy_e3_2011s,train,copy sem_latest_2011s_hy_e3_2011s.pt,1.6,1113207141,695.75,phase4_semantic_finetune_train_2011s_2026-09-01T21-07.log
20260901T202556Z_2011s_hy_e3_2011s_train,2011s,hy_e3_2011s,train,copy sem_latest_2011s_hy_e3_2011s.pt,1.7,1113207141,654.83,phase4_semantic_finetune_train_2011s_2026-09-01T21-07.log
20260901T202556Z_2011s_hy_e3_2011s_train,2011s,hy_e3_2011s,train,copy sem_best_2011s_hy_e3_2011s.pt,2.5,1113202861,445.28,phase4_semantic_finetune_train_2011s_2026-09-01T21-07.log
20260901T202556Z_2011s_hy_e3_2011s_train,2011s,hy_e3_2011s,train,copy sem_best_2011s_hy_e3_2011s.pt,2.7,1113202861,412.30,phase4_semantic_finetune_train_2011s_2026-09-01T21-07.log
20260901T202556Z_2011s_hy_e3_2011s_train,2011s,hy_e3_2011s,train,copy sem_latest_2011s_hy_e3_2011s.pt,2.3,1113207141,484.00,phase4_semantic_finetune_train_2011s_2026-09-01T21-07.log
20260901T202556Z_2011s_hy_e3_2011s_train,2011s,hy_e3_2011s,train,copy sem_best_2011s_hy_e3_2011s.pt,2.3,1113202861,484.00,phase4_semantic_finetune_train_2011s_2026-09-01T21-07.log
20260901T202556Z_2011s_hy_e3_2011s_train,2011s,hy_e3_2011s,train,copy sem_latest_2011s_hy_e3_2011s.pt,2.6,1113207141,428.16,phase4_semantic_finetune_train_2011s_2026-09-01T21-07.log
20260901T202556Z_2011s_hy_e3_2011s_train,2011s,hy_e3_2011s,train,copy sem_latest_2011s_hy_e3_2011s.pt,2.3,1113207141,484.00,phase4_semantic_finetune_train_2011s_2026-09-01T21-07.log
20260901T202556Z_2011s_hy_e3_2011s_train,2011s,hy_e3_2011s,train,copy sem_best_2011s_hy_e3_2011s.pt,49.7,1113202861,22.40,phase4_semantic_finetune_train_2011s_2026-09-01T21-07.log
20260901T202556Z_2011s_hy_e3_2011s_train,2011s,hy_e3_2011s,train,copy sem_latest_2011s_hy_e3_2011s.pt,2.5,1113207141,445.28,phase4_semantic_finetune_train_2011s_2026-09-01T21-07.log
20260901T202556Z_2011s_hy_e3_2011s_train,2011s,hy_e3_2011s,train,copy sem_latest_2011s_hy_e3_2011s.pt,2.6,1113207141,428.16,phase4_semantic_finetune_train_2011s_2026-09-01T21-07.log
20260901T202556Z_2011s_hy_e3_2011s_train,2011s,hy_e3_2011s,train,copy sem_latest_2011s_hy_e3_2011s.pt,2.3,1113207141,484.00,phase4_semantic_finetune_train_2011s_2026-09-01T21-07.log
20260901T213557Z_2011s_hy_e3_2011s_train,2011s,hy_e3_2011s,train,stage tiles 2011s,199.1,,,phase4_semantic_finetune_train_2011s_2026-09-01T22-17.log
20260901T213557Z_2011s_hy_e3_2011s_train,2011s,hy_e3_2011s,train,copy sem_best_2011s_hy_e3_2011s.pt,1.7,1113202861,654.83,phase4_semantic_finetune_train_2011s_2026-09-01T22-17.log
20260901T213557Z_2011s_hy_e3_2011s_train,2011s,hy_e3_2011s,train,copy sem_best_2011s_hy_e3_2011s.pt,2.2,1113202861,506.00,phase4_semantic_finetune_train_2011s_2026-09-01T22-17.log
20260901T213557Z_2011s_hy_e3_2011s_train,2011s,hy_e3_2011s,train,copy sem_best_2011s_hy_e3_2011s.pt,1.8,1113202861,618.45,phase4_semantic_finetune_train_2011s_2026-09-01T22-17.log
20260901T213557Z_2011s_hy_e3_2011s_train,2011s,hy_e3_2011s,train,copy sem_latest_2011s_hy_e3_2011s.pt,1.9,1113207141,585.90,phase4_semantic_finetune_train_2011s_2026-09-01T22-17.log
20260901T213557Z_2011s_hy_e3_2011s_train,2011s,hy_e3_2011s,train,copy sem_best_2011s_hy_e3_2011s.pt,2.0,1113202861,556.60,phase4_semantic_finetune_train_2011s_2026-09-01T22-17.log
20260901T213557Z_2011s_hy_e3_2011s_train,2011s,hy_e3_2011s,train,copy sem_latest_2011s_hy_e3_2011s.pt,1.8,1113207141,618.45,phase4_semantic_finetune_train_2011s_2026-09-01T22-17.log
20260901T213557Z_2011s_hy_e3_2011s_train,2011s,hy_e3_2011s,train,copy sem_best_2011s_hy_e3_2011s.pt,1.8,1113202861,618.45,phase4_semantic_finetune_train_2011s_2026-09-01T22-17.log
20260901T213557Z_2011s_hy_e3_2011s_train,2011s,hy_e3_2011s,train,copy sem_latest_2011s_hy_e3_2011s.pt,1.7,1113207141,654.83,phase4_semantic_finetune_train_2011s_2026-09-01T22-17.log
20260901T213557Z_2011s_hy_e3_2011s_train,2011s,hy_e3_2011s,train,copy sem_best_2011s_hy_e3_2011s.pt,1.7,1113202861,654.83,phase4_semantic_finetune_train_2011s_2026-09-01T22-17.log
20260901T213557Z_2011s_hy_e3_2011s_train,2011s,hy_e3_2011s,train,copy sem_latest_2011s_hy_e3_2011s.pt,1.8,1113207141,618.45,phase4_semantic_finetune_train_2011s_2026-09-01T22-17.log
20260901T213557Z_2011s_hy_e3_2011s_train,2011s,hy_e3_2011s,train,copy sem_best_2011s_hy_e3_2011s.pt,2.4,1113202861,463.83,phase4_semantic_finetune_train_2011s_2026-09-01T22-17.log
20260901T213557Z_2011s_hy_e3_2011s_train,2011s,hy_e3_2011s,train,copy sem_best_2011s_hy_e3_2011s.pt,2.7,1113202861,412.30,phase4_semantic_finetune_train_2011s_2026-09-01T22-17.log
20260901T213557Z_2011s_hy_e3_2011s_train,2011s,hy_e3_2011s,train,copy sem_latest_2011s_hy_e3_2011s.pt,2.6,1113207141,428.16,phase4_semantic_finetune_train_2011s_2026-09-01T22-17.log
20260901T213557Z_2011s_hy_e3_2011s_train,2011s,hy_e3_2011s,train,copy sem_best_2011s_hy_e3_2011s.pt,2.6,1113202861,428.15,phase4_semantic_finetune_train_2011s_2026-09-01T22-17.log
20260901T213557Z_2011s_hy_e3_2011s_train,2011s,hy_e3_2011s,train,copy sem_best_2011s_hy_e3_2011s.pt,3.0,1113202861,371.07,phase4_semantic_finetune_train_2011s_2026-09-01T22-17.log
20260901T213557Z_2011s_hy_e3_2011s_train,2011s,hy_e3_2011s,train,copy sem_latest_2011s_hy_e3_2011s.pt,2.6,1113207141,428.16,phase4_semantic_finetune_train_2011s_2026-09-01T22-17.log
20260901T213557Z_2011s_hy_e3_2011s_train,2011s,hy_e3_2011s,train,copy sem_best_2011s_hy_e3_2011s.pt,2.4,1113202861,463.83,phase4_semantic_finetune_train_2011s_2026-09-01T22-17.log
20260901T213557Z_2011s_hy_e3_2011s_train,2011s,hy_e3_2011s,train,copy sem_best_2011s_hy_e3_2011s.pt,2.4,1113202861,463.83,phase4_semantic_finetune_train_2011s_2026-09-01T22-17.log
20260901T213557Z_2011s_hy_e3_2011s_train,2011s,hy_e3_2011s,train,copy sem_latest_2011s_hy_e3_2011s.pt,2.7,1113207141,412.30,phase4_semantic_finetune_train_2011s_2026-09-01T22-17.log
20260901T213557Z_2011s_hy_e3_2011s_train,2011s,hy_e3_2011s,train,copy sem_best_2011s_hy_e3_2011s.pt,2.5,1113202861,445.28,phase4_semantic_finetune_train_2011s_2026-09-01T22-17.log
20260901T213557Z_2011s_hy_e3_2011s_train,2011s,hy_e3_2011s,train,copy sem_latest_2011s_hy_e3_2011s.pt,2.7,1113207141,412.30,phase4_semantic_finetune_train_2011s_2026-09-01T22-17.log
20260901T213557Z_2011s_hy_e3_2011s_train,2011s,hy_e3_2011s,train,copy sem_latest_2011s_hy_e3_2011s.pt,2.5,1113207141,445.28,phase4_semantic_finetune_train_2011s_2026-09-01T22-17.log
20260901T213557Z_2011s_hy_e3_2011s_train,2011s,hy_e3_2011s,train,copy sem_latest_2011s_hy_e3_2011s.pt,2.5,1113207141,445.28,phase4_semantic_finetune_train_2011s_2026-09-01T22-17.log
20260901T222052Z_2011s_hy_e3_2011s_evaluate,2011s,hy_e3_2011s,evaluate,copy semantic_eval_report.csv,0.0,,,phase4_semantic_finetune_evaluate_2011s_2026-09-01T22-28.log
20260901T222848Z_2011s_hy_e3_2011s_inference,2011s,hy_e3_2011s,inference,stage 2011_snoh_1ft_rgb.tif,69.8,1987295246,28.47,phase4_semantic_finetune_inference_2011s_2026-09-01T22-32.log
20260901T222848Z_2011s_hy_e3_2011s_inference,2011s,hy_e3_2011s,inference,inference,149.8,,,phase4_semantic_finetune_inference_2011s_2026-09-01T22-32.log
20260901T222848Z_2011s_hy_e3_2011s_inference,2011s,hy_e3_2011s,inference,copy edmonds_canopy_prob_2011s_hy_e3_2011s.tif,0.7,334437434,477.77,phase4_semantic_finetune_inference_2011s_2026-09-01T22-32.log
20260901T223250Z_2011s_hy_e3_2011s_postproc,2011s,hy_e3_2011s,postproc,polygonize,59.9,,,phase4_semantic_finetune_postproc_2011s_2026-09-01T22-35.log
20260901T223250Z_2011s_hy_e3_2011s_postproc,2011s,hy_e3_2011s,postproc,copy edmonds_canopy_mask_2011s_hy_e3_2011s.tif,0.0,20799923,,phase4_semantic_finetune_postproc_2011s_2026-09-01T22-35.log
20260901T223250Z_2011s_hy_e3_2011s_postproc,2011s,hy_e3_2011s,postproc,copy edmonds_canopy_mask_2011s_hy_e3_2011s.gpkg,0.2,,,phase4_semantic_finetune_postproc_2011s_2026-09-01T22-35.log
20260901T223250Z_2011s_hy_e3_2011s_postproc,2011s,hy_e3_2011s,postproc,postproc,127.2,,,phase4_semantic_finetune_postproc_2011s_2026-09-01T22-35.log
20260902T002831Z_2011s_hy_e3_2011s_postproc,2011s,hy_e3_2011s,postproc,polygonize,53.9,,,phase4_semantic_finetune_postproc_2011s_2026-09-02T00-33.log
20260902T002831Z_2011s_hy_e3_2011s_postproc,2011s,hy_e3_2011s,postproc,copy edmonds_canopy_mask_2011s_hy_e3_2011s.tif,0.1,20799923,208.00,phase4_semantic_finetune_postproc_2011s_2026-09-02T00-33.log
20260902T002831Z_2011s_hy_e3_2011s_postproc,2011s,hy_e3_2011s,postproc,copy edmonds_canopy_mask_2011s_hy_e3_2011s.gpkg,0.2,,,phase4_semantic_finetune_postproc_2011s_2026-09-02T00-33.log
20260902T002831Z_2011s_hy_e3_2011s_postproc,2011s,hy_e3_2011s,postproc,postproc,315.8,,,phase4_semantic_finetune_postproc_2011s_2026-09-02T00-33.log
20260902T003400Z_2006s_hy_e3_2006s_postproc,2006s,hy_e3_2006s,postproc,polygonize,10.6,,,phase4_semantic_finetune_postproc_2006s_2026-09-02T00-36.log
20260902T003400Z_2006s_hy_e3_2006s_postproc,2006s,hy_e3_2006s,postproc,copy edmonds_canopy_mask_2006s_hy_e3_2006s.tif,0.0,3163804,,phase4_semantic_finetune_postproc_2006s_2026-09-02T00-36.log
20260902T003400Z_2006s_hy_e3_2006s_postproc,2006s,hy_e3_2006s,postproc,copy edmonds_canopy_mask_2006s_hy_e3_2006s.gpkg,0.1,24924160,249.24,phase4_semantic_finetune_postproc_2006s_2026-09-02T00-36.log
20260902T003400Z_2006s_hy_e3_2006s_postproc,2006s,hy_e3_2006s,postproc,postproc,112.9,,,phase4_semantic_finetune_postproc_2006s_2026-09-02T00-36.log
20260902T005301Z_2011s_hy_e3_2011s_postproc,2011s,hy_e3_2011s,postproc,polygonize,89.5,,,phase4_semantic_finetune_postproc_2011s_2026-09-02T01-00.log
20260902T005301Z_2011s_hy_e3_2011s_postproc,2011s,hy_e3_2011s,postproc,copy edmonds_canopy_mask_2011s_hy_e3_2011s.tif,0.1,20799923,208.00,phase4_semantic_finetune_postproc_2011s_2026-09-02T01-00.log
20260902T005301Z_2011s_hy_e3_2011s_postproc,2011s,hy_e3_2011s,postproc,copy edmonds_canopy_mask_2011s_hy_e3_2011s.gpkg,0.3,,,phase4_semantic_finetune_postproc_2011s_2026-09-02T01-00.log
20260902T005301Z_2011s_hy_e3_2011s_postproc,2011s,hy_e3_2011s,postproc,postproc,401.8,,,phase4_semantic_finetune_postproc_2011s_2026-09-02T01-00.log
20260902T010044Z_2006s_hy_e3_2006s_postproc,2006s,hy_e3_2006s,postproc,polygonize,15.9,,,phase4_semantic_finetune_postproc_2006s_2026-09-02T01-03.log
20260902T010044Z_2006s_hy_e3_2006s_postproc,2006s,hy_e3_2006s,postproc,copy edmonds_canopy_mask_2006s_hy_e3_2006s.tif,0.0,3163804,,phase4_semantic_finetune_postproc_2006s_2026-09-02T01-03.log
20260902T010044Z_2006s_hy_e3_2006s_postproc,2006s,hy_e3_2006s,postproc,copy edmonds_canopy_mask_2006s_hy_e3_2006s.gpkg,0.1,24924160,249.24,phase4_semantic_finetune_postproc_2006s_2026-09-02T01-03.log
20260902T010044Z_2006s_hy_e3_2006s_postproc,2006s,hy_e3_2006s,postproc,postproc,168.6,,,phase4_semantic_finetune_postproc_2006s_2026-09-02T01-03.log
20260902T052449Z_2006s_t1_2006s_base_tile,2006s,t1_2006s_base,tile,stage 2006_snoh_1m_rgb.tif,5.0,218544136,43.71,phase4_semantic_finetune_tile_2006s_2026-09-02T05-35.log
20260902T052449Z_2006s_t1_2006s_base_tile,2006s,t1_2006s_base,tile,stage edmonds_canopy_mask_2020.tif,5.8,287816390,49.62,phase4_semantic_finetune_tile_2006s_2026-09-02T05-35.log
20260902T052756Z_2016_t1_2016_base_tile,2016,t1_2016_base,tile,stage 2016_snoh_1ft_rgbi.tif,78.5,2586179492,32.94,phase4_semantic_finetune_tile_2016_2026-09-02T05-44.log
20260902T052756Z_2016_t1_2016_base_tile,2016,t1_2016_base,tile,stage edmonds_canopy_mask_2020.tif,23.3,287816390,12.35,phase4_semantic_finetune_tile_2016_2026-09-02T05-44.log
20260902T052950Z_2011s_t1_2011s_base_tile,2011s,t1_2011s_base,tile,stage 2011_snoh_1ft_rgb.tif,183.3,1987295246,10.84,phase4_semantic_finetune_tile_2011s_2026-09-02T05-54.log
20260902T052950Z_2011s_t1_2011s_base_tile,2011s,t1_2011s_base,tile,stage edmonds_canopy_mask_2020.tif,10.8,287816390,26.65,phase4_semantic_finetune_tile_2011s_2026-09-02T05-54.log
20260902T054301Z_2006s_t1_2006s_add05_tile,2006s,t1_2006s_add05,tile,stage 2006_snoh_1m_rgb.tif,4.2,218544136,52.03,phase4_semantic_finetune_tile_2006s_2026-09-02T05-54.log
20260902T054301Z_2006s_t1_2006s_add05_tile,2006s,t1_2006s_add05,tile,stage edmonds_canopy_mask_2020.tif,6.5,287816390,44.28,phase4_semantic_finetune_tile_2006s_2026-09-02T05-54.log
20260902T054301Z_2006s_t1_2006s_add05_tile,2006s,t1_2006s_add05,tile,stage add_chm2005.tif,50.6,,,phase4_semantic_finetune_tile_2006s_2026-09-02T05-54.log
20260902T054852Z_2016_t1_2016_add05_tile,2016,t1_2016_add05,tile,stage 2016_snoh_1ft_rgbi.tif,68.5,2586179492,37.75,phase4_semantic_finetune_tile_2016_2026-09-02T06-10.log
20260902T054852Z_2016_t1_2016_add05_tile,2016,t1_2016_add05,tile,stage edmonds_canopy_mask_2020.tif,37.6,287816390,7.65,phase4_semantic_finetune_tile_2016_2026-09-02T06-10.log
20260902T054852Z_2016_t1_2016_add05_tile,2016,t1_2016_add05,tile,stage add_chm2005.tif,0.8,,,phase4_semantic_finetune_tile_2016_2026-09-02T06-10.log
20260902T060256Z_2011s_t1_2011s_base_s2_tile,2011s,t1_2011s_base_s2,tile,stage 2011_snoh_1ft_rgb.tif,79.2,1987295246,25.09,phase4_semantic_finetune_tile_2011s_2026-09-02T06-20.log
20260902T060256Z_2011s_t1_2011s_base_s2_tile,2011s,t1_2011s_base_s2,tile,stage edmonds_canopy_mask_2020.tif,21.5,287816390,13.39,phase4_semantic_finetune_tile_2011s_2026-09-02T06-20.log
20260902T060338Z_2006s_t1_2006s_add16_tile,2006s,t1_2006s_add16,tile,stage 2006_snoh_1m_rgb.tif,4.9,218544136,44.60,phase4_semantic_finetune_tile_2006s_2026-09-02T06-10.log
20260902T060338Z_2006s_t1_2006s_add16_tile,2006s,t1_2006s_add16,tile,stage edmonds_canopy_mask_2020.tif,4.7,287816390,61.24,phase4_semantic_finetune_tile_2006s_2026-09-02T06-10.log
20260902T060338Z_2006s_t1_2006s_add16_tile,2006s,t1_2006s_add16,tile,stage add_chm2016.tif,1.2,,,phase4_semantic_finetune_tile_2006s_2026-09-02T06-10.log
20260902T061441Z_2016_t1_2016_add16_tile,2016,t1_2016_add16,tile,stage 2016_snoh_1ft_rgbi.tif,66.1,2586179492,39.13,phase4_semantic_finetune_tile_2016_2026-09-02T06-34.log
20260902T061441Z_2016_t1_2016_add16_tile,2016,t1_2016_add16,tile,stage edmonds_canopy_mask_2020.tif,5.5,287816390,52.33,phase4_semantic_finetune_tile_2016_2026-09-02T06-34.log
20260902T061441Z_2016_t1_2016_add16_tile,2016,t1_2016_add16,tile,stage add_chm2016.tif,1.0,,,phase4_semantic_finetune_tile_2016_2026-09-02T06-34.log
20260902T062039Z_2006s_t1_2006s_in05_tile,2006s,t1_2006s_in05,tile,stage 2006_snoh_1m_rgb.tif,4.6,218544136,47.51,phase4_semantic_finetune_tile_2006s_2026-09-02T06-31.log
20260902T062039Z_2006s_t1_2006s_in05_tile,2006s,t1_2006s_in05,tile,stage edmonds_canopy_mask_2020.tif,4.3,287816390,66.93,phase4_semantic_finetune_tile_2006s_2026-09-02T06-31.log
20260902T062039Z_2006s_t1_2006s_in05_tile,2006s,t1_2006s_in05,tile,stage lidar_chm2005_2m.tif,1.4,6393504,4.57,phase4_semantic_finetune_tile_2006s_2026-09-02T06-31.log
20260902T062844Z_2011s_t1_2011s_base_s3_tile,2011s,t1_2011s_base_s3,tile,stage 2011_snoh_1ft_rgb.tif,98.5,1987295246,20.18,phase4_semantic_finetune_tile_2011s_2026-09-02T06-45.log
20260902T062844Z_2011s_t1_2011s_base_s3_tile,2011s,t1_2011s_base_s3,tile,stage edmonds_canopy_mask_2020.tif,10.1,287816390,28.50,phase4_semantic_finetune_tile_2011s_2026-09-02T06-45.log
20260902T064000Z_2016_t1_2016_in05_tile,2016,t1_2016_in05,tile,stage 2016_snoh_1ft_rgbi.tif,106.9,2586179492,24.19,phase4_semantic_finetune_tile_2016_2026-09-02T06-59.log
20260902T064000Z_2016_t1_2016_in05_tile,2016,t1_2016_in05,tile,stage edmonds_canopy_mask_2020.tif,4.5,287816390,63.96,phase4_semantic_finetune_tile_2016_2026-09-02T06-59.log
20260902T064000Z_2016_t1_2016_in05_tile,2016,t1_2016_in05,tile,stage lidar_chm2005_2m.tif,1.2,6393504,5.33,phase4_semantic_finetune_tile_2016_2026-09-02T06-59.log
20260902T064058Z_2006s_t1_2006s_in16_tile,2006s,t1_2006s_in16,tile,stage 2006_snoh_1m_rgb.tif,4.0,218544136,54.64,phase4_semantic_finetune_tile_2006s_2026-09-02T06-48.log
20260902T064058Z_2006s_t1_2006s_in16_tile,2006s,t1_2006s_in16,tile,stage edmonds_canopy_mask_2020.tif,4.7,287816390,61.24,phase4_semantic_finetune_tile_2006s_2026-09-02T06-48.log
20260902T064058Z_2006s_t1_2006s_in16_tile,2006s,t1_2006s_in16,tile,stage lidar_chm2_2016_50cm.tif,4.2,93830836,22.34,phase4_semantic_finetune_tile_2006s_2026-09-02T06-48.log
20260902T065453Z_2019n_t1_2019n_base_tile,2019n,t1_2019n_base,tile,stage 2019_naip_60cm_rgbi.tif,44.0,757507269,17.22,phase4_semantic_finetune_tile_2019n_2026-09-02T07-09.log
20260902T065453Z_2019n_t1_2019n_base_tile,2019n,t1_2019n_base,tile,stage edmonds_canopy_mask_2020.tif,6.3,287816390,45.69,phase4_semantic_finetune_tile_2019n_2026-09-02T07-09.log
20260902T065455Z_2011s_t1_2011s_add05_tile,2011s,t1_2011s_add05,tile,stage 2011_snoh_1ft_rgb.tif,1066.2,1987295246,1.86,phase4_semantic_finetune_tile_2011s_2026-09-02T07-31.log
20260902T065455Z_2011s_t1_2011s_add05_tile,2011s,t1_2011s_add05,tile,stage edmonds_canopy_mask_2020.tif,10.7,287816390,26.90,phase4_semantic_finetune_tile_2011s_2026-09-02T07-31.log
20260902T065455Z_2011s_t1_2011s_add05_tile,2011s,t1_2011s_add05,tile,stage add_chm2005.tif,1.4,,,phase4_semantic_finetune_tile_2011s_2026-09-02T07-31.log
20260902T070745Z_2016_t1_2016_in16_tile,2016,t1_2016_in16,tile,stage 2016_snoh_1ft_rgbi.tif,64.7,2586179492,39.97,phase4_semantic_finetune_tile_2016_2026-09-02T07-25.log
20260902T070745Z_2016_t1_2016_in16_tile,2016,t1_2016_in16,tile,stage edmonds_canopy_mask_2020.tif,37.6,287816390,7.65,phase4_semantic_finetune_tile_2016_2026-09-02T07-25.log
20260902T070745Z_2016_t1_2016_in16_tile,2016,t1_2016_in16,tile,stage lidar_chm2_2016_50cm.tif,3.5,93830836,26.81,phase4_semantic_finetune_tile_2016_2026-09-02T07-25.log
20260902T071539Z_2019n_t1_2019n_nir_tile,2019n,t1_2019n_nir,tile,stage 2019_naip_60cm_rgbi.tif,10.5,757507269,72.14,phase4_semantic_finetune_tile_2019n_2026-09-02T07-26.log
20260902T071539Z_2019n_t1_2019n_nir_tile,2019n,t1_2019n_nir,tile,stage edmonds_canopy_mask_2020.tif,171.1,287816390,1.68,phase4_semantic_finetune_tile_2019n_2026-09-02T07-26.log
20260902T073042Z_2016_t1_2016_nir_tile,2016,t1_2016_nir,tile,stage 2016_snoh_1ft_rgbi.tif,64.5,2586179492,40.10,phase4_semantic_finetune_tile_2016_2026-09-02T07-49.log
20260902T073042Z_2016_t1_2016_nir_tile,2016,t1_2016_nir,tile,stage edmonds_canopy_mask_2020.tif,5.5,287816390,52.33,phase4_semantic_finetune_tile_2016_2026-09-02T07-49.log
20260902T074058Z_2011s_t1_2011s_add16_tile,2011s,t1_2011s_add16,tile,stage 2011_snoh_1ft_rgb.tif,72.3,1987295246,27.49,phase4_semantic_finetune_tile_2011s_2026-09-02T08-02.log
20260902T074058Z_2011s_t1_2011s_add16_tile,2011s,t1_2011s_add16,tile,stage edmonds_canopy_mask_2020.tif,35.9,287816390,8.02,phase4_semantic_finetune_tile_2011s_2026-09-02T08-02.log
20260902T074058Z_2011s_t1_2011s_add16_tile,2011s,t1_2011s_add16,tile,stage add_chm2016.tif,3.0,,,phase4_semantic_finetune_tile_2011s_2026-09-02T08-02.log
20260902T075451Z_2020_t1_2020_base_tile,2020,t1_2020_base,tile,stage 2020_coe_rgb.tif,482.9,27147166704,56.22,phase4_semantic_finetune_tile_2020_2026-09-02T08-28.log
20260902T075451Z_2020_t1_2020_base_tile,2020,t1_2020_base,tile,stage edmonds_canopy_mask_2020.tif,3.0,287816390,95.94,phase4_semantic_finetune_tile_2020_2026-09-02T08-28.log
20260902T081657Z_2011s_t1_2011s_in05_tile,2011s,t1_2011s_in05,tile,stage 2011_snoh_1ft_rgb.tif,777.6,1987295246,2.56,phase4_semantic_finetune_tile_2011s_2026-09-02T08-51.log
20260902T081657Z_2011s_t1_2011s_in05_tile,2011s,t1_2011s_in05,tile,stage edmonds_canopy_mask_2020.tif,13.3,287816390,21.64,phase4_semantic_finetune_tile_2011s_2026-09-02T08-51.log
20260902T081657Z_2011s_t1_2011s_in05_tile,2011s,t1_2011s_in05,tile,stage lidar_chm2005_2m.tif,2.1,6393504,3.04,phase4_semantic_finetune_tile_2011s_2026-09-02T08-51.log
20260902T083500Z_2020_t1_2020_add05_tile,2020,t1_2020_add05,tile,stage 2020_coe_rgb.tif,529.5,27147166704,51.27,phase4_semantic_finetune_tile_2020_2026-09-02T09-08.log
20260902T083500Z_2020_t1_2020_add05_tile,2020,t1_2020_add05,tile,stage edmonds_canopy_mask_2020.tif,4.4,287816390,65.41,phase4_semantic_finetune_tile_2020_2026-09-02T09-08.log
20260902T083500Z_2020_t1_2020_add05_tile,2020,t1_2020_add05,tile,stage add_chm2005.tif,0.8,,,phase4_semantic_finetune_tile_2020_2026-09-02T09-08.log
20260902T090238Z_2011s_t1_2011s_in16_tile,2011s,t1_2011s_in16,tile,stage 2011_snoh_1ft_rgb.tif,114.7,1987295246,17.33,phase4_semantic_finetune_tile_2011s_2026-09-02T09-23.log
20260902T090238Z_2011s_t1_2011s_in16_tile,2011s,t1_2011s_in16,tile,stage edmonds_canopy_mask_2020.tif,20.5,287816390,14.04,phase4_semantic_finetune_tile_2011s_2026-09-02T09-23.log
20260902T090238Z_2011s_t1_2011s_in16_tile,2011s,t1_2011s_in16,tile,stage lidar_chm2_2016_50cm.tif,38.2,93830836,2.46,phase4_semantic_finetune_tile_2011s_2026-09-02T09-23.log
20260902T091801Z_2020_t1_2020_add16_tile,2020,t1_2020_add16,tile,stage 2020_coe_rgb.tif,490.9,27147166704,55.30,phase4_semantic_finetune_tile_2020_2026-09-02T09-48.log
20260902T091801Z_2020_t1_2020_add16_tile,2020,t1_2020_add16,tile,stage edmonds_canopy_mask_2020.tif,4.8,287816390,59.96,phase4_semantic_finetune_tile_2020_2026-09-02T09-48.log
20260902T091801Z_2020_t1_2020_add16_tile,2020,t1_2020_add16,tile,stage add_chm2016.tif,1.1,,,phase4_semantic_finetune_tile_2020_2026-09-02T09-48.log
20260902T104250Z_2006s_t1_2006s_base_train,2006s,t1_2006s_base,train,stage tiles 2006s,12.2,,,phase4_semantic_finetune_train_2006s_2026-09-02T11-05.log
20260902T104250Z_2006s_t1_2006s_base_train,2006s,t1_2006s_base,train,copy sem_best_2006s_t1_2006s_base.pt,1.5,1113206757,742.14,phase4_semantic_finetune_train_2006s_2026-09-02T11-05.log
20260902T104250Z_2006s_t1_2006s_base_train,2006s,t1_2006s_base,train,copy sem_best_2006s_t1_2006s_base.pt,1.7,1113206757,654.83,phase4_semantic_finetune_train_2006s_2026-09-02T11-05.log
20260902T104250Z_2006s_t1_2006s_base_train,2006s,t1_2006s_base,train,copy sem_best_2006s_t1_2006s_base.pt,1.6,1113206757,695.75,phase4_semantic_finetune_train_2006s_2026-09-02T11-05.log
20260902T104250Z_2006s_t1_2006s_base_train,2006s,t1_2006s_base,train,copy sem_best_2006s_t1_2006s_base.pt,1.6,1113206757,695.75,phase4_semantic_finetune_train_2006s_2026-09-02T11-05.log
20260902T104250Z_2006s_t1_2006s_base_train,2006s,t1_2006s_base,train,copy sem_best_2006s_t1_2006s_base.pt,1.7,1113206757,654.83,phase4_semantic_finetune_train_2006s_2026-09-02T11-05.log
20260902T104250Z_2006s_t1_2006s_base_train,2006s,t1_2006s_base,train,copy sem_latest_2006s_t1_2006s_base.pt,1.6,1113210589,695.76,phase4_semantic_finetune_train_2006s_2026-09-02T11-05.log
20260902T104250Z_2006s_t1_2006s_base_train,2006s,t1_2006s_base,train,copy sem_best_2006s_t1_2006s_base.pt,1.8,1113206757,618.45,phase4_semantic_finetune_train_2006s_2026-09-02T11-05.log
20260902T104250Z_2006s_t1_2006s_base_train,2006s,t1_2006s_base,train,copy sem_best_2006s_t1_2006s_base.pt,1.6,1113206757,695.75,phase4_semantic_finetune_train_2006s_2026-09-02T11-05.log
20260902T104250Z_2006s_t1_2006s_base_train,2006s,t1_2006s_base,train,copy sem_best_2006s_t1_2006s_base.pt,1.6,1113206757,695.75,phase4_semantic_finetune_train_2006s_2026-09-02T11-05.log
20260902T104250Z_2006s_t1_2006s_base_train,2006s,t1_2006s_base,train,copy sem_best_2006s_t1_2006s_base.pt,1.8,1113206757,618.45,phase4_semantic_finetune_train_2006s_2026-09-02T11-05.log
20260902T104250Z_2006s_t1_2006s_base_train,2006s,t1_2006s_base,train,copy sem_best_2006s_t1_2006s_base.pt,1.8,1113206757,618.45,phase4_semantic_finetune_train_2006s_2026-09-02T11-05.log
20260902T104250Z_2006s_t1_2006s_base_train,2006s,t1_2006s_base,train,copy sem_latest_2006s_t1_2006s_base.pt,1.7,1113210589,654.83,phase4_semantic_finetune_train_2006s_2026-09-02T11-05.log
20260902T104250Z_2006s_t1_2006s_base_train,2006s,t1_2006s_base,train,copy sem_best_2006s_t1_2006s_base.pt,1.8,1113206757,618.45,phase4_semantic_finetune_train_2006s_2026-09-02T11-05.log
20260902T104250Z_2006s_t1_2006s_base_train,2006s,t1_2006s_base,train,copy sem_best_2006s_t1_2006s_base.pt,1.6,1113206757,695.75,phase4_semantic_finetune_train_2006s_2026-09-02T11-05.log
20260902T104250Z_2006s_t1_2006s_base_train,2006s,t1_2006s_base,train,copy sem_best_2006s_t1_2006s_base.pt,1.7,1113206757,654.83,phase4_semantic_finetune_train_2006s_2026-09-02T11-05.log
20260902T104250Z_2006s_t1_2006s_base_train,2006s,t1_2006s_base,train,copy sem_best_2006s_t1_2006s_base.pt,1.6,1113206757,695.75,phase4_semantic_finetune_train_2006s_2026-09-02T11-05.log
20260902T104250Z_2006s_t1_2006s_base_train,2006s,t1_2006s_base,train,copy sem_best_2006s_t1_2006s_base.pt,1.8,1113206757,618.45,phase4_semantic_finetune_train_2006s_2026-09-02T11-05.log
20260902T104250Z_2006s_t1_2006s_base_train,2006s,t1_2006s_base,train,copy sem_latest_2006s_t1_2006s_base.pt,2.0,1113210589,556.61,phase4_semantic_finetune_train_2006s_2026-09-02T11-05.log
20260902T104250Z_2006s_t1_2006s_base_train,2006s,t1_2006s_base,train,copy sem_best_2006s_t1_2006s_base.pt,1.7,1113206757,654.83,phase4_semantic_finetune_train_2006s_2026-09-02T11-05.log
20260902T104250Z_2006s_t1_2006s_base_train,2006s,t1_2006s_base,train,copy sem_best_2006s_t1_2006s_base.pt,1.7,1113206757,654.83,phase4_semantic_finetune_train_2006s_2026-09-02T11-05.log
20260902T104250Z_2006s_t1_2006s_base_train,2006s,t1_2006s_base,train,copy sem_best_2006s_t1_2006s_base.pt,2.4,1113206757,463.84,phase4_semantic_finetune_train_2006s_2026-09-02T11-05.log
20260902T104250Z_2006s_t1_2006s_base_train,2006s,t1_2006s_base,train,copy sem_best_2006s_t1_2006s_base.pt,1.6,1113206757,695.75,phase4_semantic_finetune_train_2006s_2026-09-02T11-05.log
20260902T104250Z_2006s_t1_2006s_base_train,2006s,t1_2006s_base,train,copy sem_best_2006s_t1_2006s_base.pt,1.7,1113206757,654.83,phase4_semantic_finetune_train_2006s_2026-09-02T11-05.log
20260902T104250Z_2006s_t1_2006s_base_train,2006s,t1_2006s_base,train,copy sem_latest_2006s_t1_2006s_base.pt,1.8,1113210589,618.45,phase4_semantic_finetune_train_2006s_2026-09-02T11-05.log
20260902T104250Z_2006s_t1_2006s_base_train,2006s,t1_2006s_base,train,copy sem_best_2006s_t1_2006s_base.pt,3.1,1113206757,359.10,phase4_semantic_finetune_train_2006s_2026-09-02T11-05.log
20260902T104250Z_2006s_t1_2006s_base_train,2006s,t1_2006s_base,train,copy sem_best_2006s_t1_2006s_base.pt,2.5,1113206757,445.28,phase4_semantic_finetune_train_2006s_2026-09-02T11-05.log
20260902T104250Z_2006s_t1_2006s_base_train,2006s,t1_2006s_base,train,copy sem_best_2006s_t1_2006s_base.pt,2.3,1113206757,484.00,phase4_semantic_finetune_train_2006s_2026-09-02T11-05.log
20260902T104250Z_2006s_t1_2006s_base_train,2006s,t1_2006s_base,train,copy sem_latest_2006s_t1_2006s_base.pt,3.4,1113210589,327.41,phase4_semantic_finetune_train_2006s_2026-09-02T11-05.log
20260902T104250Z_2006s_t1_2006s_base_train,2006s,t1_2006s_base,train,copy sem_best_2006s_t1_2006s_base.pt,2.5,1113206757,445.28,phase4_semantic_finetune_train_2006s_2026-09-02T11-05.log
20260902T104250Z_2006s_t1_2006s_base_train,2006s,t1_2006s_base,train,copy sem_best_2006s_t1_2006s_base.pt,3.0,1113206757,371.07,phase4_semantic_finetune_train_2006s_2026-09-02T11-05.log
20260902T104250Z_2006s_t1_2006s_base_train,2006s,t1_2006s_base,train,copy sem_best_2006s_t1_2006s_base.pt,2.2,1113206757,506.00,phase4_semantic_finetune_train_2006s_2026-09-02T11-05.log
20260902T104250Z_2006s_t1_2006s_base_train,2006s,t1_2006s_base,train,copy sem_best_2006s_t1_2006s_base.pt,2.4,1113206757,463.84,phase4_semantic_finetune_train_2006s_2026-09-02T11-05.log
20260902T104250Z_2006s_t1_2006s_base_train,2006s,t1_2006s_base,train,copy sem_latest_2006s_t1_2006s_base.pt,2.4,1113210589,463.84,phase4_semantic_finetune_train_2006s_2026-09-02T11-05.log
20260902T104250Z_2006s_t1_2006s_base_train,2006s,t1_2006s_base,train,copy sem_best_2006s_t1_2006s_base.pt,2.5,1113206757,445.28,phase4_semantic_finetune_train_2006s_2026-09-02T11-05.log
20260902T104250Z_2006s_t1_2006s_base_train,2006s,t1_2006s_base,train,copy sem_best_2006s_t1_2006s_base.pt,2.3,1113206757,484.00,phase4_semantic_finetune_train_2006s_2026-09-02T11-05.log
20260902T104250Z_2006s_t1_2006s_base_train,2006s,t1_2006s_base,train,copy sem_latest_2006s_t1_2006s_base.pt,2.6,1113210589,428.16,phase4_semantic_finetune_train_2006s_2026-09-02T11-05.log
20260902T104250Z_2006s_t1_2006s_base_train,2006s,t1_2006s_base,train,copy sem_latest_2006s_t1_2006s_base.pt,2.4,1113210589,463.84,phase4_semantic_finetune_train_2006s_2026-09-02T11-05.log
20260902T104250Z_2006s_t1_2006s_base_train,2006s,t1_2006s_base,train,copy sem_best_2006s_t1_2006s_base.pt,2.4,1113206757,463.84,phase4_semantic_finetune_train_2006s_2026-09-02T11-05.log
20260902T104250Z_2006s_t1_2006s_base_train,2006s,t1_2006s_base,train,copy sem_best_2006s_t1_2006s_base.pt,2.3,1113206757,484.00,phase4_semantic_finetune_train_2006s_2026-09-02T11-05.log
20260902T104250Z_2006s_t1_2006s_base_train,2006s,t1_2006s_base,train,copy sem_best_2006s_t1_2006s_base.pt,2.5,1113206757,445.28,phase4_semantic_finetune_train_2006s_2026-09-02T11-05.log
20260902T104250Z_2006s_t1_2006s_base_train,2006s,t1_2006s_base,train,copy sem_latest_2006s_t1_2006s_base.pt,2.5,1113210589,445.28,phase4_semantic_finetune_train_2006s_2026-09-02T11-05.log
20260902T104250Z_2006s_t1_2006s_base_train,2006s,t1_2006s_base,train,copy sem_latest_2006s_t1_2006s_base.pt,2.6,1113210589,428.16,phase4_semantic_finetune_train_2006s_2026-09-02T11-05.log
20260902T104505Z_2011s_t1_2011s_base_train,2011s,t1_2011s_base,train,stage tiles 2011s,187.9,,,phase4_semantic_finetune_train_2011s_2026-09-02T11-11.log
20260902T104505Z_2011s_t1_2011s_base_train,2011s,t1_2011s_base,train,copy sem_best_2011s_t1_2011s_base.pt,1.6,1113206501,695.75,phase4_semantic_finetune_train_2011s_2026-09-02T11-11.log
20260902T104505Z_2011s_t1_2011s_base_train,2011s,t1_2011s_base,train,copy sem_best_2011s_t1_2011s_base.pt,1.7,1113206501,654.83,phase4_semantic_finetune_train_2011s_2026-09-02T11-11.log
20260902T104505Z_2011s_t1_2011s_base_train,2011s,t1_2011s_base,train,copy sem_best_2011s_t1_2011s_base.pt,3.7,1113206501,300.87,phase4_semantic_finetune_train_2011s_2026-09-02T11-11.log
20260902T104505Z_2011s_t1_2011s_base_train,2011s,t1_2011s_base,train,copy sem_best_2011s_t1_2011s_base.pt,1.7,1113206501,654.83,phase4_semantic_finetune_train_2011s_2026-09-02T11-11.log
20260902T104505Z_2011s_t1_2011s_base_train,2011s,t1_2011s_base,train,copy sem_best_2011s_t1_2011s_base.pt,1.9,1113206501,585.90,phase4_semantic_finetune_train_2011s_2026-09-02T11-11.log
20260902T104505Z_2011s_t1_2011s_base_train,2011s,t1_2011s_base,train,copy sem_latest_2011s_t1_2011s_base.pt,2.3,1113210589,484.00,phase4_semantic_finetune_train_2011s_2026-09-02T11-11.log
20260902T104505Z_2011s_t1_2011s_base_train,2011s,t1_2011s_base,train,copy sem_best_2011s_t1_2011s_base.pt,1.8,1113206501,618.45,phase4_semantic_finetune_train_2011s_2026-09-02T11-11.log
20260902T104505Z_2011s_t1_2011s_base_train,2011s,t1_2011s_base,train,copy sem_best_2011s_t1_2011s_base.pt,1.6,1113206501,695.75,phase4_semantic_finetune_train_2011s_2026-09-02T11-11.log
20260902T104505Z_2011s_t1_2011s_base_train,2011s,t1_2011s_base,train,copy sem_best_2011s_t1_2011s_base.pt,1.7,1113206501,654.83,phase4_semantic_finetune_train_2011s_2026-09-02T11-11.log
20260902T104505Z_2011s_t1_2011s_base_train,2011s,t1_2011s_base,train,copy sem_latest_2011s_t1_2011s_base.pt,1.7,1113210589,654.83,phase4_semantic_finetune_train_2011s_2026-09-02T11-11.log
20260902T104505Z_2011s_t1_2011s_base_train,2011s,t1_2011s_base,train,copy sem_best_2011s_t1_2011s_base.pt,1.7,1113206501,654.83,phase4_semantic_finetune_train_2011s_2026-09-02T11-11.log
20260902T104505Z_2011s_t1_2011s_base_train,2011s,t1_2011s_base,train,copy sem_best_2011s_t1_2011s_base.pt,1.8,1113206501,618.45,phase4_semantic_finetune_train_2011s_2026-09-02T11-11.log
20260902T104505Z_2011s_t1_2011s_base_train,2011s,t1_2011s_base,train,copy sem_latest_2011s_t1_2011s_base.pt,1.9,1113210589,585.90,phase4_semantic_finetune_train_2011s_2026-09-02T11-11.log
20260902T104505Z_2011s_t1_2011s_base_train,2011s,t1_2011s_base,train,copy sem_best_2011s_t1_2011s_base.pt,1.8,1113206501,618.45,phase4_semantic_finetune_train_2011s_2026-09-02T11-11.log
20260902T104505Z_2011s_t1_2011s_base_train,2011s,t1_2011s_base,train,copy sem_best_2011s_t1_2011s_base.pt,1.7,1113206501,654.83,phase4_semantic_finetune_train_2011s_2026-09-02T11-11.log
20260902T104505Z_2011s_t1_2011s_base_train,2011s,t1_2011s_base,train,copy sem_best_2011s_t1_2011s_base.pt,1.9,1113206501,585.90,phase4_semantic_finetune_train_2011s_2026-09-02T11-11.log
20260902T104505Z_2011s_t1_2011s_base_train,2011s,t1_2011s_base,train,copy sem_latest_2011s_t1_2011s_base.pt,2.6,1113210589,428.16,phase4_semantic_finetune_train_2011s_2026-09-02T11-11.log
20260902T104505Z_2011s_t1_2011s_base_train,2011s,t1_2011s_base,train,copy sem_best_2011s_t1_2011s_base.pt,2.3,1113206501,484.00,phase4_semantic_finetune_train_2011s_2026-09-02T11-11.log
20260902T104505Z_2011s_t1_2011s_base_train,2011s,t1_2011s_base,train,copy sem_best_2011s_t1_2011s_base.pt,3.0,1113206501,371.07,phase4_semantic_finetune_train_2011s_2026-09-02T11-11.log
20260902T104505Z_2011s_t1_2011s_base_train,2011s,t1_2011s_base,train,copy sem_latest_2011s_t1_2011s_base.pt,2.5,1113210589,445.28,phase4_semantic_finetune_train_2011s_2026-09-02T11-11.log
20260902T104505Z_2011s_t1_2011s_base_train,2011s,t1_2011s_base,train,copy sem_best_2011s_t1_2011s_base.pt,2.6,1113206501,428.16,phase4_semantic_finetune_train_2011s_2026-09-02T11-11.log
20260902T104505Z_2011s_t1_2011s_base_train,2011s,t1_2011s_base,train,copy sem_best_2011s_t1_2011s_base.pt,3.1,1113206501,359.10,phase4_semantic_finetune_train_2011s_2026-09-02T11-11.log
20260902T104505Z_2011s_t1_2011s_base_train,2011s,t1_2011s_base,train,copy sem_latest_2011s_t1_2011s_base.pt,2.3,1113210589,484.00,phase4_semantic_finetune_train_2011s_2026-09-02T11-11.log
20260902T104505Z_2011s_t1_2011s_base_train,2011s,t1_2011s_base,train,copy sem_latest_2011s_t1_2011s_base.pt,2.5,1113210589,445.28,phase4_semantic_finetune_train_2011s_2026-09-02T11-11.log
20260902T104505Z_2011s_t1_2011s_base_train,2011s,t1_2011s_base,train,copy sem_best_2011s_t1_2011s_base.pt,2.4,1113206501,463.84,phase4_semantic_finetune_train_2011s_2026-09-02T11-11.log
20260902T104505Z_2011s_t1_2011s_base_train,2011s,t1_2011s_base,train,copy sem_best_2011s_t1_2011s_base.pt,2.3,1113206501,484.00,phase4_semantic_finetune_train_2011s_2026-09-02T11-11.log
20260902T104505Z_2011s_t1_2011s_base_train,2011s,t1_2011s_base,train,copy sem_latest_2011s_t1_2011s_base.pt,2.6,1113210589,428.16,phase4_semantic_finetune_train_2011s_2026-09-02T11-11.log
20260902T104505Z_2011s_t1_2011s_base_train,2011s,t1_2011s_base,train,copy sem_latest_2011s_t1_2011s_base.pt,2.2,1113210589,506.00,phase4_semantic_finetune_train_2011s_2026-09-02T11-11.log
20260902T104505Z_2011s_t1_2011s_base_train,2011s,t1_2011s_base,train,copy sem_latest_2011s_t1_2011s_base.pt,2.3,1113210589,484.00,phase4_semantic_finetune_train_2011s_2026-09-02T11-11.log
20260902T111058Z_2006s_t1_2006s_base_evaluate,2006s,t1_2006s_base,evaluate,copy semantic_eval_report_superseded.csv,0.0,25406,,phase4_semantic_finetune_evaluate_2006s_2026-09-02T11-20.log
20260902T111058Z_2006s_t1_2006s_base_evaluate,2006s,t1_2006s_base,evaluate,copy semantic_eval_report.csv,0.0,,,phase4_semantic_finetune_evaluate_2006s_2026-09-02T11-20.log
20260902T111233Z_2011s_t1_2011s_base_evaluate,2011s,t1_2011s_base,evaluate,copy semantic_eval_report_superseded.csv,0.0,25406,,phase4_semantic_finetune_evaluate_2011s_2026-09-02T11-25.log
20260902T111233Z_2011s_t1_2011s_base_evaluate,2011s,t1_2011s_base,evaluate,copy semantic_eval_report.csv,0.0,,,phase4_semantic_finetune_evaluate_2011s_2026-09-02T11-25.log
20260902T112200Z_2006s_t1_2006s_add05_train,2006s,t1_2006s_add05,train,stage tiles 2006s,74.3,,,phase4_semantic_finetune_train_2006s_2026-09-02T11-44.log
20260902T112200Z_2006s_t1_2006s_add05_train,2006s,t1_2006s_add05,train,copy sem_best_2006s_t1_2006s_add05.pt,1.8,1113208801,618.45,phase4_semantic_finetune_train_2006s_2026-09-02T11-44.log
20260902T112200Z_2006s_t1_2006s_add05_train,2006s,t1_2006s_add05,train,copy sem_best_2006s_t1_2006s_add05.pt,1.7,1113208801,654.83,phase4_semantic_finetune_train_2006s_2026-09-02T11-44.log
20260902T112200Z_2006s_t1_2006s_add05_train,2006s,t1_2006s_add05,train,copy sem_best_2006s_t1_2006s_add05.pt,1.8,1113208801,618.45,phase4_semantic_finetune_train_2006s_2026-09-02T11-44.log
20260902T112200Z_2006s_t1_2006s_add05_train,2006s,t1_2006s_add05,train,copy sem_best_2006s_t1_2006s_add05.pt,1.8,1113208801,618.45,phase4_semantic_finetune_train_2006s_2026-09-02T11-44.log
20260902T112200Z_2006s_t1_2006s_add05_train,2006s,t1_2006s_add05,train,copy sem_best_2006s_t1_2006s_add05.pt,1.7,1113208801,654.83,phase4_semantic_finetune_train_2006s_2026-09-02T11-44.log
20260902T112200Z_2006s_t1_2006s_add05_train,2006s,t1_2006s_add05,train,copy sem_latest_2006s_t1_2006s_add05.pt,2.1,1113212313,530.10,phase4_semantic_finetune_train_2006s_2026-09-02T11-44.log
20260902T112200Z_2006s_t1_2006s_add05_train,2006s,t1_2006s_add05,train,copy sem_best_2006s_t1_2006s_add05.pt,3.5,1113208801,318.06,phase4_semantic_finetune_train_2006s_2026-09-02T11-44.log
20260902T112200Z_2006s_t1_2006s_add05_train,2006s,t1_2006s_add05,train,copy sem_best_2006s_t1_2006s_add05.pt,2.4,1113208801,463.84,phase4_semantic_finetune_train_2006s_2026-09-02T11-44.log
20260902T112200Z_2006s_t1_2006s_add05_train,2006s,t1_2006s_add05,train,copy sem_best_2006s_t1_2006s_add05.pt,1.7,1113208801,654.83,phase4_semantic_finetune_train_2006s_2026-09-02T11-44.log
20260902T112200Z_2006s_t1_2006s_add05_train,2006s,t1_2006s_add05,train,copy sem_best_2006s_t1_2006s_add05.pt,2.7,1113208801,412.30,phase4_semantic_finetune_train_2006s_2026-09-02T11-44.log
20260902T112200Z_2006s_t1_2006s_add05_train,2006s,t1_2006s_add05,train,copy sem_best_2006s_t1_2006s_add05.pt,1.8,1113208801,618.45,phase4_semantic_finetune_train_2006s_2026-09-02T11-44.log
20260902T112200Z_2006s_t1_2006s_add05_train,2006s,t1_2006s_add05,train,copy sem_latest_2006s_t1_2006s_add05.pt,1.8,1113212313,618.45,phase4_semantic_finetune_train_2006s_2026-09-02T11-44.log
20260902T112200Z_2006s_t1_2006s_add05_train,2006s,t1_2006s_add05,train,copy sem_best_2006s_t1_2006s_add05.pt,1.6,1113208801,695.76,phase4_semantic_finetune_train_2006s_2026-09-02T11-44.log
20260902T112200Z_2006s_t1_2006s_add05_train,2006s,t1_2006s_add05,train,copy sem_best_2006s_t1_2006s_add05.pt,1.7,1113208801,654.83,phase4_semantic_finetune_train_2006s_2026-09-02T11-44.log
20260902T112200Z_2006s_t1_2006s_add05_train,2006s,t1_2006s_add05,train,copy sem_best_2006s_t1_2006s_add05.pt,1.7,1113208801,654.83,phase4_semantic_finetune_train_2006s_2026-09-02T11-44.log
20260902T112200Z_2006s_t1_2006s_add05_train,2006s,t1_2006s_add05,train,copy sem_best_2006s_t1_2006s_add05.pt,1.9,1113208801,585.90,phase4_semantic_finetune_train_2006s_2026-09-02T11-44.log
20260902T112200Z_2006s_t1_2006s_add05_train,2006s,t1_2006s_add05,train,copy sem_best_2006s_t1_2006s_add05.pt,1.7,1113208801,654.83,phase4_semantic_finetune_train_2006s_2026-09-02T11-44.log
20260902T112200Z_2006s_t1_2006s_add05_train,2006s,t1_2006s_add05,train,copy sem_latest_2006s_t1_2006s_add05.pt,1.8,1113212313,618.45,phase4_semantic_finetune_train_2006s_2026-09-02T11-44.log
20260902T112200Z_2006s_t1_2006s_add05_train,2006s,t1_2006s_add05,train,copy sem_best_2006s_t1_2006s_add05.pt,2.2,1113208801,506.00,phase4_semantic_finetune_train_2006s_2026-09-02T11-44.log
20260902T112200Z_2006s_t1_2006s_add05_train,2006s,t1_2006s_add05,train,copy sem_best_2006s_t1_2006s_add05.pt,1.7,1113208801,654.83,phase4_semantic_finetune_train_2006s_2026-09-02T11-44.log
20260902T112200Z_2006s_t1_2006s_add05_train,2006s,t1_2006s_add05,train,copy sem_best_2006s_t1_2006s_add05.pt,2.4,1113208801,463.84,phase4_semantic_finetune_train_2006s_2026-09-02T11-44.log
20260902T112200Z_2006s_t1_2006s_add05_train,2006s,t1_2006s_add05,train,copy sem_best_2006s_t1_2006s_add05.pt,2.0,1113208801,556.60,phase4_semantic_finetune_train_2006s_2026-09-02T11-44.log
20260902T112200Z_2006s_t1_2006s_add05_train,2006s,t1_2006s_add05,train,copy sem_best_2006s_t1_2006s_add05.pt,1.7,1113208801,654.83,phase4_semantic_finetune_train_2006s_2026-09-02T11-44.log
20260902T112200Z_2006s_t1_2006s_add05_train,2006s,t1_2006s_add05,train,copy sem_latest_2006s_t1_2006s_add05.pt,1.7,1113212313,654.83,phase4_semantic_finetune_train_2006s_2026-09-02T11-44.log
20260902T112200Z_2006s_t1_2006s_add05_train,2006s,t1_2006s_add05,train,copy sem_best_2006s_t1_2006s_add05.pt,2.5,1113208801,445.28,phase4_semantic_finetune_train_2006s_2026-09-02T11-44.log
20260902T112200Z_2006s_t1_2006s_add05_train,2006s,t1_2006s_add05,train,copy sem_best_2006s_t1_2006s_add05.pt,2.4,1113208801,463.84,phase4_semantic_finetune_train_2006s_2026-09-02T11-44.log
20260902T112200Z_2006s_t1_2006s_add05_train,2006s,t1_2006s_add05,train,copy sem_latest_2006s_t1_2006s_add05.pt,2.4,1113212313,463.84,phase4_semantic_finetune_train_2006s_2026-09-02T11-44.log
20260902T112200Z_2006s_t1_2006s_add05_train,2006s,t1_2006s_add05,train,copy sem_best_2006s_t1_2006s_add05.pt,2.4,1113208801,463.84,phase4_semantic_finetune_train_2006s_2026-09-02T11-44.log
20260902T112200Z_2006s_t1_2006s_add05_train,2006s,t1_2006s_add05,train,copy sem_best_2006s_t1_2006s_add05.pt,2.3,1113208801,484.00,phase4_semantic_finetune_train_2006s_2026-09-02T11-44.log
20260902T112200Z_2006s_t1_2006s_add05_train,2006s,t1_2006s_add05,train,copy sem_best_2006s_t1_2006s_add05.pt,2.3,1113208801,484.00,phase4_semantic_finetune_train_2006s_2026-09-02T11-44.log
20260902T112200Z_2006s_t1_2006s_add05_train,2006s,t1_2006s_add05,train,copy sem_best_2006s_t1_2006s_add05.pt,2.5,1113208801,445.28,phase4_semantic_finetune_train_2006s_2026-09-02T11-44.log
20260902T112200Z_2006s_t1_2006s_add05_train,2006s,t1_2006s_add05,train,copy sem_latest_2006s_t1_2006s_add05.pt,2.5,1113212313,445.28,phase4_semantic_finetune_train_2006s_2026-09-02T11-44.log
20260902T112200Z_2006s_t1_2006s_add05_train,2006s,t1_2006s_add05,train,copy sem_best_2006s_t1_2006s_add05.pt,2.3,1113208801,484.00,phase4_semantic_finetune_train_2006s_2026-09-02T11-44.log
20260902T112200Z_2006s_t1_2006s_add05_train,2006s,t1_2006s_add05,train,copy sem_latest_2006s_t1_2006s_add05.pt,2.4,1113212313,463.84,phase4_semantic_finetune_train_2006s_2026-09-02T11-44.log
20260902T112200Z_2006s_t1_2006s_add05_train,2006s,t1_2006s_add05,train,copy sem_latest_2006s_t1_2006s_add05.pt,2.4,1113212313,463.84,phase4_semantic_finetune_train_2006s_2026-09-02T11-44.log
20260902T112200Z_2006s_t1_2006s_add05_train,2006s,t1_2006s_add05,train,copy sem_latest_2006s_t1_2006s_add05.pt,2.5,1113212313,445.28,phase4_semantic_finetune_train_2006s_2026-09-02T11-44.log
20260902T112748Z_2011s_t1_2011s_base_s2_train,2011s,t1_2011s_base_s2,train,stage tiles 2011s,186.5,,,phase4_semantic_finetune_train_2011s_2026-09-02T11-53.log
20260902T112748Z_2011s_t1_2011s_base_s2_train,2011s,t1_2011s_base_s2,train,copy sem_best_2011s_t1_2011s_base_s2.pt,1.6,1113211801,695.76,phase4_semantic_finetune_train_2011s_2026-09-02T11-53.log
20260902T112748Z_2011s_t1_2011s_base_s2_train,2011s,t1_2011s_base_s2,train,copy sem_best_2011s_t1_2011s_base_s2.pt,1.6,1113211801,695.76,phase4_semantic_finetune_train_2011s_2026-09-02T11-53.log
20260902T112748Z_2011s_t1_2011s_base_s2_train,2011s,t1_2011s_base_s2,train,copy sem_best_2011s_t1_2011s_base_s2.pt,1.6,1113211801,695.76,phase4_semantic_finetune_train_2011s_2026-09-02T11-53.log
20260902T112748Z_2011s_t1_2011s_base_s2_train,2011s,t1_2011s_base_s2,train,copy sem_best_2011s_t1_2011s_base_s2.pt,1.7,1113211801,654.83,phase4_semantic_finetune_train_2011s_2026-09-02T11-53.log
20260902T112748Z_2011s_t1_2011s_base_s2_train,2011s,t1_2011s_base_s2,train,copy sem_best_2011s_t1_2011s_base_s2.pt,1.7,1113211801,654.83,phase4_semantic_finetune_train_2011s_2026-09-02T11-53.log
20260902T112748Z_2011s_t1_2011s_base_s2_train,2011s,t1_2011s_base_s2,train,copy sem_latest_2011s_t1_2011s_base_s2.pt,1.9,1113215761,585.90,phase4_semantic_finetune_train_2011s_2026-09-02T11-53.log
20260902T112748Z_2011s_t1_2011s_base_s2_train,2011s,t1_2011s_base_s2,train,copy sem_best_2011s_t1_2011s_base_s2.pt,1.7,1113211801,654.83,phase4_semantic_finetune_train_2011s_2026-09-02T11-53.log
20260902T112748Z_2011s_t1_2011s_base_s2_train,2011s,t1_2011s_base_s2,train,copy sem_best_2011s_t1_2011s_base_s2.pt,1.7,1113211801,654.83,phase4_semantic_finetune_train_2011s_2026-09-02T11-53.log
20260902T112748Z_2011s_t1_2011s_base_s2_train,2011s,t1_2011s_base_s2,train,copy sem_latest_2011s_t1_2011s_base_s2.pt,1.4,1113215761,795.15,phase4_semantic_finetune_train_2011s_2026-09-02T11-53.log
20260902T112748Z_2011s_t1_2011s_base_s2_train,2011s,t1_2011s_base_s2,train,copy sem_best_2011s_t1_2011s_base_s2.pt,1.9,1113211801,585.90,phase4_semantic_finetune_train_2011s_2026-09-02T11-53.log
20260902T112748Z_2011s_t1_2011s_base_s2_train,2011s,t1_2011s_base_s2,train,copy sem_latest_2011s_t1_2011s_base_s2.pt,1.7,1113215761,654.83,phase4_semantic_finetune_train_2011s_2026-09-02T11-53.log
20260902T112748Z_2011s_t1_2011s_base_s2_train,2011s,t1_2011s_base_s2,train,copy sem_latest_2011s_t1_2011s_base_s2.pt,2.4,1113215761,463.84,phase4_semantic_finetune_train_2011s_2026-09-02T11-53.log
20260902T112748Z_2011s_t1_2011s_base_s2_train,2011s,t1_2011s_base_s2,train,copy sem_best_2011s_t1_2011s_base_s2.pt,2.3,1113211801,484.01,phase4_semantic_finetune_train_2011s_2026-09-02T11-53.log
20260902T112748Z_2011s_t1_2011s_base_s2_train,2011s,t1_2011s_base_s2,train,copy sem_best_2011s_t1_2011s_base_s2.pt,2.7,1113211801,412.30,phase4_semantic_finetune_train_2011s_2026-09-02T11-53.log
20260902T112748Z_2011s_t1_2011s_base_s2_train,2011s,t1_2011s_base_s2,train,copy sem_best_2011s_t1_2011s_base_s2.pt,2.3,1113211801,484.01,phase4_semantic_finetune_train_2011s_2026-09-02T11-53.log
20260902T112748Z_2011s_t1_2011s_base_s2_train,2011s,t1_2011s_base_s2,train,copy sem_best_2011s_t1_2011s_base_s2.pt,2.4,1113211801,463.84,phase4_semantic_finetune_train_2011s_2026-09-02T11-53.log
20260902T112748Z_2011s_t1_2011s_base_s2_train,2011s,t1_2011s_base_s2,train,copy sem_latest_2011s_t1_2011s_base_s2.pt,2.4,1113215761,463.84,phase4_semantic_finetune_train_2011s_2026-09-02T11-53.log
20260902T112748Z_2011s_t1_2011s_base_s2_train,2011s,t1_2011s_base_s2,train,copy sem_best_2011s_t1_2011s_base_s2.pt,2.5,1113211801,445.28,phase4_semantic_finetune_train_2011s_2026-09-02T11-53.log
20260902T112748Z_2011s_t1_2011s_base_s2_train,2011s,t1_2011s_base_s2,train,copy sem_best_2011s_t1_2011s_base_s2.pt,2.5,1113211801,445.28,phase4_semantic_finetune_train_2011s_2026-09-02T11-53.log
20260902T112748Z_2011s_t1_2011s_base_s2_train,2011s,t1_2011s_base_s2,train,copy sem_latest_2011s_t1_2011s_base_s2.pt,2.5,1113215761,445.29,phase4_semantic_finetune_train_2011s_2026-09-02T11-53.log
20260902T112748Z_2011s_t1_2011s_base_s2_train,2011s,t1_2011s_base_s2,train,copy sem_best_2011s_t1_2011s_base_s2.pt,2.4,1113211801,463.84,phase4_semantic_finetune_train_2011s_2026-09-02T11-53.log
20260902T112748Z_2011s_t1_2011s_base_s2_train,2011s,t1_2011s_base_s2,train,copy sem_best_2011s_t1_2011s_base_s2.pt,2.2,1113211801,506.01,phase4_semantic_finetune_train_2011s_2026-09-02T11-53.log
20260902T112748Z_2011s_t1_2011s_base_s2_train,2011s,t1_2011s_base_s2,train,copy sem_latest_2011s_t1_2011s_base_s2.pt,2.5,1113215761,445.29,phase4_semantic_finetune_train_2011s_2026-09-02T11-53.log
20260902T112748Z_2011s_t1_2011s_base_s2_train,2011s,t1_2011s_base_s2,train,copy sem_best_2011s_t1_2011s_base_s2.pt,3.1,1113211801,359.10,phase4_semantic_finetune_train_2011s_2026-09-02T11-53.log
20260902T112748Z_2011s_t1_2011s_base_s2_train,2011s,t1_2011s_base_s2,train,copy sem_latest_2011s_t1_2011s_base_s2.pt,2.5,1113215761,445.29,phase4_semantic_finetune_train_2011s_2026-09-02T11-53.log
20260902T112748Z_2011s_t1_2011s_base_s2_train,2011s,t1_2011s_base_s2,train,copy sem_best_2011s_t1_2011s_base_s2.pt,3.4,1113211801,327.42,phase4_semantic_finetune_train_2011s_2026-09-02T11-53.log
20260902T112748Z_2011s_t1_2011s_base_s2_train,2011s,t1_2011s_base_s2,train,copy sem_latest_2011s_t1_2011s_base_s2.pt,2.7,1113215761,412.30,phase4_semantic_finetune_train_2011s_2026-09-02T11-53.log
20260902T112748Z_2011s_t1_2011s_base_s2_train,2011s,t1_2011s_base_s2,train,copy sem_latest_2011s_t1_2011s_base_s2.pt,2.4,1113215761,463.84,phase4_semantic_finetune_train_2011s_2026-09-02T11-53.log
20260902T114528Z_2006s_t1_2006s_add05_evaluate,2006s,t1_2006s_add05,evaluate,copy semantic_eval_report_superseded.csv,0.0,25406,,phase4_semantic_finetune_evaluate_2006s_2026-09-02T11-54.log
20260902T114528Z_2006s_t1_2006s_add05_evaluate,2006s,t1_2006s_add05,evaluate,copy semantic_eval_report.csv,0.0,,,phase4_semantic_finetune_evaluate_2006s_2026-09-02T11-54.log
20260902T115356Z_2011s_t1_2011s_base_s2_evaluate,2011s,t1_2011s_base_s2,evaluate,copy semantic_eval_report_superseded.csv,0.0,25406,,phase4_semantic_finetune_evaluate_2011s_2026-09-02T12-18.log
20260902T115356Z_2011s_t1_2011s_base_s2_evaluate,2011s,t1_2011s_base_s2,evaluate,copy semantic_eval_report.csv,0.0,,,phase4_semantic_finetune_evaluate_2011s_2026-09-02T12-18.log
20260902T115448Z_2006s_t1_2006s_add16_train,2006s,t1_2006s_add16,train,stage tiles 2006s,12.3,,,phase4_semantic_finetune_train_2006s_2026-09-02T12-20.log
20260902T115448Z_2006s_t1_2006s_add16_train,2006s,t1_2006s_add16,train,copy sem_best_2006s_t1_2006s_add16.pt,1.6,772909539,483.07,phase4_semantic_finetune_train_2006s_2026-09-02T12-20.log
20260902T115448Z_2006s_t1_2006s_add16_train,2006s,t1_2006s_add16,train,copy sem_best_2006s_t1_2006s_add16.pt,1.9,772909539,406.79,phase4_semantic_finetune_train_2006s_2026-09-02T12-20.log
20260902T115448Z_2006s_t1_2006s_add16_train,2006s,t1_2006s_add16,train,copy sem_best_2006s_t1_2006s_add16.pt,1.7,772909539,454.65,phase4_semantic_finetune_train_2006s_2026-09-02T12-20.log
20260902T115448Z_2006s_t1_2006s_add16_train,2006s,t1_2006s_add16,train,copy sem_best_2006s_t1_2006s_add16.pt,1.9,772909539,406.79,phase4_semantic_finetune_train_2006s_2026-09-02T12-20.log
20260902T115448Z_2006s_t1_2006s_add16_train,2006s,t1_2006s_add16,train,copy sem_best_2006s_t1_2006s_add16.pt,1.8,772909539,429.39,phase4_semantic_finetune_train_2006s_2026-09-02T12-20.log
20260902T115448Z_2006s_t1_2006s_add16_train,2006s,t1_2006s_add16,train,copy sem_latest_2006s_t1_2006s_add16.pt,1.8,1113212313,618.45,phase4_semantic_finetune_train_2006s_2026-09-02T12-20.log
20260902T115448Z_2006s_t1_2006s_add16_train,2006s,t1_2006s_add16,train,copy sem_best_2006s_t1_2006s_add16.pt,1.8,772909539,429.39,phase4_semantic_finetune_train_2006s_2026-09-02T12-20.log
20260902T115448Z_2006s_t1_2006s_add16_train,2006s,t1_2006s_add16,train,copy sem_best_2006s_t1_2006s_add16.pt,1.7,772909539,454.65,phase4_semantic_finetune_train_2006s_2026-09-02T12-20.log
20260902T115448Z_2006s_t1_2006s_add16_train,2006s,t1_2006s_add16,train,copy sem_best_2006s_t1_2006s_add16.pt,1.9,772909539,406.79,phase4_semantic_finetune_train_2006s_2026-09-02T12-20.log
20260902T115448Z_2006s_t1_2006s_add16_train,2006s,t1_2006s_add16,train,copy sem_best_2006s_t1_2006s_add16.pt,1.9,772909539,406.79,phase4_semantic_finetune_train_2006s_2026-09-02T12-20.log
20260902T115448Z_2006s_t1_2006s_add16_train,2006s,t1_2006s_add16,train,copy sem_best_2006s_t1_2006s_add16.pt,36.3,772909539,21.29,phase4_semantic_finetune_train_2006s_2026-09-02T12-20.log
20260902T115448Z_2006s_t1_2006s_add16_train,2006s,t1_2006s_add16,train,copy sem_latest_2006s_t1_2006s_add16.pt,1.8,1113212313,618.45,phase4_semantic_finetune_train_2006s_2026-09-02T12-20.log
20260902T115448Z_2006s_t1_2006s_add16_train,2006s,t1_2006s_add16,train,copy sem_best_2006s_t1_2006s_add16.pt,1.9,772909539,406.79,phase4_semantic_finetune_train_2006s_2026-09-02T12-20.log
20260902T115448Z_2006s_t1_2006s_add16_train,2006s,t1_2006s_add16,train,copy sem_best_2006s_t1_2006s_add16.pt,1.9,772909539,406.79,phase4_semantic_finetune_train_2006s_2026-09-02T12-20.log
20260902T115448Z_2006s_t1_2006s_add16_train,2006s,t1_2006s_add16,train,copy sem_best_2006s_t1_2006s_add16.pt,1.7,772909539,454.65,phase4_semantic_finetune_train_2006s_2026-09-02T12-20.log
20260902T115448Z_2006s_t1_2006s_add16_train,2006s,t1_2006s_add16,train,copy sem_best_2006s_t1_2006s_add16.pt,2.0,772909539,386.45,phase4_semantic_finetune_train_2006s_2026-09-02T12-20.log
20260902T115448Z_2006s_t1_2006s_add16_train,2006s,t1_2006s_add16,train,copy sem_best_2006s_t1_2006s_add16.pt,1.8,772909539,429.39,phase4_semantic_finetune_train_2006s_2026-09-02T12-20.log
20260902T115448Z_2006s_t1_2006s_add16_train,2006s,t1_2006s_add16,train,copy sem_latest_2006s_t1_2006s_add16.pt,1.8,1113212313,618.45,phase4_semantic_finetune_train_2006s_2026-09-02T12-20.log
20260902T115448Z_2006s_t1_2006s_add16_train,2006s,t1_2006s_add16,train,copy sem_best_2006s_t1_2006s_add16.pt,1.8,772909539,429.39,phase4_semantic_finetune_train_2006s_2026-09-02T12-20.log
20260902T115448Z_2006s_t1_2006s_add16_train,2006s,t1_2006s_add16,train,copy sem_best_2006s_t1_2006s_add16.pt,1.5,772909539,515.27,phase4_semantic_finetune_train_2006s_2026-09-02T12-20.log
20260902T115448Z_2006s_t1_2006s_add16_train,2006s,t1_2006s_add16,train,copy sem_best_2006s_t1_2006s_add16.pt,1.8,772909539,429.39,phase4_semantic_finetune_train_2006s_2026-09-02T12-20.log
20260902T115448Z_2006s_t1_2006s_add16_train,2006s,t1_2006s_add16,train,copy sem_best_2006s_t1_2006s_add16.pt,1.8,772909539,429.39,phase4_semantic_finetune_train_2006s_2026-09-02T12-20.log
20260902T115448Z_2006s_t1_2006s_add16_train,2006s,t1_2006s_add16,train,copy sem_best_2006s_t1_2006s_add16.pt,1.6,772909539,483.07,phase4_semantic_finetune_train_2006s_2026-09-02T12-20.log
20260902T115448Z_2006s_t1_2006s_add16_train,2006s,t1_2006s_add16,train,copy sem_latest_2006s_t1_2006s_add16.pt,1.8,1113212313,618.45,phase4_semantic_finetune_train_2006s_2026-09-02T12-20.log
20260902T115448Z_2006s_t1_2006s_add16_train,2006s,t1_2006s_add16,train,copy sem_best_2006s_t1_2006s_add16.pt,2.5,772909539,309.16,phase4_semantic_finetune_train_2006s_2026-09-02T12-20.log
20260902T115448Z_2006s_t1_2006s_add16_train,2006s,t1_2006s_add16,train,copy sem_latest_2006s_t1_2006s_add16.pt,2.3,1113212313,484.01,phase4_semantic_finetune_train_2006s_2026-09-02T12-20.log
20260902T115448Z_2006s_t1_2006s_add16_train,2006s,t1_2006s_add16,train,copy sem_best_2006s_t1_2006s_add16.pt,2.3,772909539,336.05,phase4_semantic_finetune_train_2006s_2026-09-02T12-20.log
20260902T115448Z_2006s_t1_2006s_add16_train,2006s,t1_2006s_add16,train,copy sem_best_2006s_t1_2006s_add16.pt,2.7,772909539,286.26,phase4_semantic_finetune_train_2006s_2026-09-02T12-20.log
20260902T115448Z_2006s_t1_2006s_add16_train,2006s,t1_2006s_add16,train,copy sem_best_2006s_t1_2006s_add16.pt,2.4,772909539,322.05,phase4_semantic_finetune_train_2006s_2026-09-02T12-20.log
20260902T115448Z_2006s_t1_2006s_add16_train,2006s,t1_2006s_add16,train,copy sem_latest_2006s_t1_2006s_add16.pt,2.5,1113212313,445.28,phase4_semantic_finetune_train_2006s_2026-09-02T12-20.log
20260902T115448Z_2006s_t1_2006s_add16_train,2006s,t1_2006s_add16,train,copy sem_best_2006s_t1_2006s_add16.pt,2.6,772909539,297.27,phase4_semantic_finetune_train_2006s_2026-09-02T12-20.log
20260902T115448Z_2006s_t1_2006s_add16_train,2006s,t1_2006s_add16,train,copy sem_latest_2006s_t1_2006s_add16.pt,2.7,1113212313,412.30,phase4_semantic_finetune_train_2006s_2026-09-02T12-20.log
20260902T115448Z_2006s_t1_2006s_add16_train,2006s,t1_2006s_add16,train,copy sem_best_2006s_t1_2006s_add16.pt,3.1,772909539,249.33,phase4_semantic_finetune_train_2006s_2026-09-02T12-20.log
20260902T115448Z_2006s_t1_2006s_add16_train,2006s,t1_2006s_add16,train,copy sem_best_2006s_t1_2006s_add16.pt,2.4,772909539,322.05,phase4_semantic_finetune_train_2006s_2026-09-02T12-20.log
20260902T115448Z_2006s_t1_2006s_add16_train,2006s,t1_2006s_add16,train,copy sem_best_2006s_t1_2006s_add16.pt,2.4,772909539,322.05,phase4_semantic_finetune_train_2006s_2026-09-02T12-20.log
20260902T115448Z_2006s_t1_2006s_add16_train,2006s,t1_2006s_add16,train,copy sem_best_2006s_t1_2006s_add16.pt,2.5,772909539,309.16,phase4_semantic_finetune_train_2006s_2026-09-02T12-20.log
20260902T115448Z_2006s_t1_2006s_add16_train,2006s,t1_2006s_add16,train,copy sem_best_2006s_t1_2006s_add16.pt,3.8,772909539,203.40,phase4_semantic_finetune_train_2006s_2026-09-02T12-20.log
20260902T115448Z_2006s_t1_2006s_add16_train,2006s,t1_2006s_add16,train,copy sem_latest_2006s_t1_2006s_add16.pt,2.5,1113212313,445.28,phase4_semantic_finetune_train_2006s_2026-09-02T12-20.log
20260902T115448Z_2006s_t1_2006s_add16_train,2006s,t1_2006s_add16,train,copy sem_best_2006s_t1_2006s_add16.pt,2.5,772909539,309.16,phase4_semantic_finetune_train_2006s_2026-09-02T12-20.log
20260902T115448Z_2006s_t1_2006s_add16_train,2006s,t1_2006s_add16,train,copy sem_best_2006s_t1_2006s_add16.pt,2.5,772909539,309.16,phase4_semantic_finetune_train_2006s_2026-09-02T12-20.log
20260902T115448Z_2006s_t1_2006s_add16_train,2006s,t1_2006s_add16,train,copy sem_best_2006s_t1_2006s_add16.pt,2.4,772909539,322.05,phase4_semantic_finetune_train_2006s_2026-09-02T12-20.log
20260902T115448Z_2006s_t1_2006s_add16_train,2006s,t1_2006s_add16,train,copy sem_latest_2006s_t1_2006s_add16.pt,2.3,1113212313,484.01,phase4_semantic_finetune_train_2006s_2026-09-02T12-20.log
20260902T115448Z_2006s_t1_2006s_add16_train,2006s,t1_2006s_add16,train,copy sem_best_2006s_t1_2006s_add16.pt,2.7,772909539,286.26,phase4_semantic_finetune_train_2006s_2026-09-02T12-20.log
20260902T115448Z_2006s_t1_2006s_add16_train,2006s,t1_2006s_add16,train,copy sem_best_2006s_t1_2006s_add16.pt,2.6,772909539,297.27,phase4_semantic_finetune_train_2006s_2026-09-02T12-20.log
20260902T115448Z_2006s_t1_2006s_add16_train,2006s,t1_2006s_add16,train,copy sem_latest_2006s_t1_2006s_add16.pt,2.4,1113212313,463.84,phase4_semantic_finetune_train_2006s_2026-09-02T12-20.log
20260902T122602Z_2006s_t1_2006s_add16_evaluate,2006s,t1_2006s_add16,evaluate,copy semantic_eval_report_superseded.csv,0.0,25406,,phase4_semantic_finetune_evaluate_2006s_2026-09-02T12-32.log
20260902T122602Z_2006s_t1_2006s_add16_evaluate,2006s,t1_2006s_add16,evaluate,copy semantic_eval_report.csv,0.0,,,phase4_semantic_finetune_evaluate_2006s_2026-09-02T12-32.log
20260902T123358Z_2006s_t1_2006s_in05_train,2006s,t1_2006s_in05,train,stage tiles 2006s,12.2,,,phase4_semantic_finetune_train_2006s_2026-09-02T12-56.log
20260902T123358Z_2006s_t1_2006s_in05_train,2006s,t1_2006s_in05,train,copy sem_best_2006s_t1_2006s_in05.pt,1.8,1113243877,618.47,phase4_semantic_finetune_train_2006s_2026-09-02T12-56.log
20260902T123358Z_2006s_t1_2006s_in05_train,2006s,t1_2006s_in05,train,copy sem_best_2006s_t1_2006s_in05.pt,1.6,1113243877,695.78,phase4_semantic_finetune_train_2006s_2026-09-02T12-56.log
20260902T123358Z_2006s_t1_2006s_in05_train,2006s,t1_2006s_in05,train,copy sem_best_2006s_t1_2006s_in05.pt,1.6,1113243877,695.78,phase4_semantic_finetune_train_2006s_2026-09-02T12-56.log
20260902T123358Z_2006s_t1_2006s_in05_train,2006s,t1_2006s_in05,train,copy sem_best_2006s_t1_2006s_in05.pt,3.1,1113243877,359.11,phase4_semantic_finetune_train_2006s_2026-09-02T12-56.log
20260902T123358Z_2006s_t1_2006s_in05_train,2006s,t1_2006s_in05,train,copy sem_best_2006s_t1_2006s_in05.pt,1.6,1113243877,695.78,phase4_semantic_finetune_train_2006s_2026-09-02T12-56.log
20260902T123358Z_2006s_t1_2006s_in05_train,2006s,t1_2006s_in05,train,copy sem_latest_2006s_t1_2006s_in05.pt,2.3,1113247965,484.02,phase4_semantic_finetune_train_2006s_2026-09-02T12-56.log
20260902T123358Z_2006s_t1_2006s_in05_train,2006s,t1_2006s_in05,train,copy sem_best_2006s_t1_2006s_in05.pt,2.3,1113243877,484.02,phase4_semantic_finetune_train_2006s_2026-09-02T12-56.log
20260902T123358Z_2006s_t1_2006s_in05_train,2006s,t1_2006s_in05,train,copy sem_best_2006s_t1_2006s_in05.pt,1.7,1113243877,654.85,phase4_semantic_finetune_train_2006s_2026-09-02T12-56.log
20260902T123358Z_2006s_t1_2006s_in05_train,2006s,t1_2006s_in05,train,copy sem_best_2006s_t1_2006s_in05.pt,2.5,1113243877,445.30,phase4_semantic_finetune_train_2006s_2026-09-02T12-56.log
20260902T123358Z_2006s_t1_2006s_in05_train,2006s,t1_2006s_in05,train,copy sem_best_2006s_t1_2006s_in05.pt,1.7,1113243877,654.85,phase4_semantic_finetune_train_2006s_2026-09-02T12-56.log
20260902T123358Z_2006s_t1_2006s_in05_train,2006s,t1_2006s_in05,train,copy sem_best_2006s_t1_2006s_in05.pt,1.7,1113243877,654.85,phase4_semantic_finetune_train_2006s_2026-09-02T12-56.log
20260902T123358Z_2006s_t1_2006s_in05_train,2006s,t1_2006s_in05,train,copy sem_latest_2006s_t1_2006s_in05.pt,1.8,1113247965,618.47,phase4_semantic_finetune_train_2006s_2026-09-02T12-56.log
20260902T123358Z_2006s_t1_2006s_in05_train,2006s,t1_2006s_in05,train,copy sem_best_2006s_t1_2006s_in05.pt,1.6,1113243877,695.78,phase4_semantic_finetune_train_2006s_2026-09-02T12-56.log
20260902T123358Z_2006s_t1_2006s_in05_train,2006s,t1_2006s_in05,train,copy sem_best_2006s_t1_2006s_in05.pt,2.9,1113243877,383.88,phase4_semantic_finetune_train_2006s_2026-09-02T12-56.log
20260902T123358Z_2006s_t1_2006s_in05_train,2006s,t1_2006s_in05,train,copy sem_best_2006s_t1_2006s_in05.pt,1.5,1113243877,742.16,phase4_semantic_finetune_train_2006s_2026-09-02T12-56.log
20260902T123358Z_2006s_t1_2006s_in05_train,2006s,t1_2006s_in05,train,copy sem_best_2006s_t1_2006s_in05.pt,3.7,1113243877,300.88,phase4_semantic_finetune_train_2006s_2026-09-02T12-56.log
20260902T123358Z_2006s_t1_2006s_in05_train,2006s,t1_2006s_in05,train,copy sem_best_2006s_t1_2006s_in05.pt,1.7,1113243877,654.85,phase4_semantic_finetune_train_2006s_2026-09-02T12-56.log
20260902T123358Z_2006s_t1_2006s_in05_train,2006s,t1_2006s_in05,train,copy sem_latest_2006s_t1_2006s_in05.pt,1.9,1113247965,585.92,phase4_semantic_finetune_train_2006s_2026-09-02T12-56.log
20260902T123358Z_2006s_t1_2006s_in05_train,2006s,t1_2006s_in05,train,copy sem_best_2006s_t1_2006s_in05.pt,1.8,1113243877,618.47,phase4_semantic_finetune_train_2006s_2026-09-02T12-56.log
20260902T123358Z_2006s_t1_2006s_in05_train,2006s,t1_2006s_in05,train,copy sem_best_2006s_t1_2006s_in05.pt,1.8,1113243877,618.47,phase4_semantic_finetune_train_2006s_2026-09-02T12-56.log
20260902T123358Z_2006s_t1_2006s_in05_train,2006s,t1_2006s_in05,train,copy sem_best_2006s_t1_2006s_in05.pt,1.6,1113243877,695.78,phase4_semantic_finetune_train_2006s_2026-09-02T12-56.log
20260902T123358Z_2006s_t1_2006s_in05_train,2006s,t1_2006s_in05,train,copy sem_best_2006s_t1_2006s_in05.pt,1.6,1113243877,695.78,phase4_semantic_finetune_train_2006s_2026-09-02T12-56.log
20260902T123358Z_2006s_t1_2006s_in05_train,2006s,t1_2006s_in05,train,copy sem_best_2006s_t1_2006s_in05.pt,1.6,1113243877,695.78,phase4_semantic_finetune_train_2006s_2026-09-02T12-56.log
20260902T123358Z_2006s_t1_2006s_in05_train,2006s,t1_2006s_in05,train,copy sem_latest_2006s_t1_2006s_in05.pt,1.6,1113247965,695.78,phase4_semantic_finetune_train_2006s_2026-09-02T12-56.log
20260902T123358Z_2006s_t1_2006s_in05_train,2006s,t1_2006s_in05,train,copy sem_best_2006s_t1_2006s_in05.pt,2.3,1113243877,484.02,phase4_semantic_finetune_train_2006s_2026-09-02T12-56.log
20260902T123358Z_2006s_t1_2006s_in05_train,2006s,t1_2006s_in05,train,copy sem_best_2006s_t1_2006s_in05.pt,2.2,1113243877,506.02,phase4_semantic_finetune_train_2006s_2026-09-02T12-56.log
20260902T123358Z_2006s_t1_2006s_in05_train,2006s,t1_2006s_in05,train,copy sem_latest_2006s_t1_2006s_in05.pt,2.5,1113247965,445.30,phase4_semantic_finetune_train_2006s_2026-09-02T12-56.log
20260902T123358Z_2006s_t1_2006s_in05_train,2006s,t1_2006s_in05,train,copy sem_best_2006s_t1_2006s_in05.pt,2.8,1113243877,397.59,phase4_semantic_finetune_train_2006s_2026-09-02T12-56.log
20260902T123358Z_2006s_t1_2006s_in05_train,2006s,t1_2006s_in05,train,copy sem_best_2006s_t1_2006s_in05.pt,11.6,1113243877,95.97,phase4_semantic_finetune_train_2006s_2026-09-02T12-56.log
20260902T123358Z_2006s_t1_2006s_in05_train,2006s,t1_2006s_in05,train,copy sem_best_2006s_t1_2006s_in05.pt,2.6,1113243877,428.17,phase4_semantic_finetune_train_2006s_2026-09-02T12-56.log
20260902T123358Z_2006s_t1_2006s_in05_train,2006s,t1_2006s_in05,train,copy sem_latest_2006s_t1_2006s_in05.pt,2.4,1113247965,463.85,phase4_semantic_finetune_train_2006s_2026-09-02T12-56.log
20260902T123358Z_2006s_t1_2006s_in05_train,2006s,t1_2006s_in05,train,copy sem_best_2006s_t1_2006s_in05.pt,2.4,1113243877,463.85,phase4_semantic_finetune_train_2006s_2026-09-02T12-56.log
20260902T123358Z_2006s_t1_2006s_in05_train,2006s,t1_2006s_in05,train,copy sem_best_2006s_t1_2006s_in05.pt,4.1,1113243877,271.52,phase4_semantic_finetune_train_2006s_2026-09-02T12-56.log
20260902T123358Z_2006s_t1_2006s_in05_train,2006s,t1_2006s_in05,train,copy sem_best_2006s_t1_2006s_in05.pt,2.6,1113243877,428.17,phase4_semantic_finetune_train_2006s_2026-09-02T12-56.log
20260902T123358Z_2006s_t1_2006s_in05_train,2006s,t1_2006s_in05,train,copy sem_latest_2006s_t1_2006s_in05.pt,2.4,1113247965,463.85,phase4_semantic_finetune_train_2006s_2026-09-02T12-56.log
20260902T123358Z_2006s_t1_2006s_in05_train,2006s,t1_2006s_in05,train,copy sem_latest_2006s_t1_2006s_in05.pt,2.4,1113247965,463.85,phase4_semantic_finetune_train_2006s_2026-09-02T12-56.log
20260902T123358Z_2006s_t1_2006s_in05_train,2006s,t1_2006s_in05,train,copy sem_latest_2006s_t1_2006s_in05.pt,2.7,1113247965,412.31,phase4_semantic_finetune_train_2006s_2026-09-02T12-56.log
20260902T124253Z_2011s_t1_2011s_add05_train,2011s,t1_2011s_add05,train,stage tiles 2011s,91.8,,,phase4_semantic_finetune_train_2011s_2026-09-02T13-01.log
20260902T124253Z_2011s_t1_2011s_add05_train,2011s,t1_2011s_add05,train,copy sem_best_2011s_t1_2011s_add05.pt,1.5,1113207457,742.14,phase4_semantic_finetune_train_2011s_2026-09-02T13-01.log
20260902T124253Z_2011s_t1_2011s_add05_train,2011s,t1_2011s_add05,train,copy sem_best_2011s_t1_2011s_add05.pt,1.9,1113207457,585.90,phase4_semantic_finetune_train_2011s_2026-09-02T13-01.log
20260902T124253Z_2011s_t1_2011s_add05_train,2011s,t1_2011s_add05,train,copy sem_best_2011s_t1_2011s_add05.pt,1.6,1113207457,695.75,phase4_semantic_finetune_train_2011s_2026-09-02T13-01.log
20260902T124253Z_2011s_t1_2011s_add05_train,2011s,t1_2011s_add05,train,copy sem_best_2011s_t1_2011s_add05.pt,1.6,1113207457,695.75,phase4_semantic_finetune_train_2011s_2026-09-02T13-01.log
20260902T124253Z_2011s_t1_2011s_add05_train,2011s,t1_2011s_add05,train,copy sem_latest_2011s_t1_2011s_add05.pt,1.8,1113211737,618.45,phase4_semantic_finetune_train_2011s_2026-09-02T13-01.log
20260902T124253Z_2011s_t1_2011s_add05_train,2011s,t1_2011s_add05,train,copy sem_best_2011s_t1_2011s_add05.pt,1.5,1113207457,742.14,phase4_semantic_finetune_train_2011s_2026-09-02T13-01.log
20260902T124253Z_2011s_t1_2011s_add05_train,2011s,t1_2011s_add05,train,copy sem_best_2011s_t1_2011s_add05.pt,1.8,1113207457,618.45,phase4_semantic_finetune_train_2011s_2026-09-02T13-01.log
20260902T124253Z_2011s_t1_2011s_add05_train,2011s,t1_2011s_add05,train,copy sem_best_2011s_t1_2011s_add05.pt,1.9,1113207457,585.90,phase4_semantic_finetune_train_2011s_2026-09-02T13-01.log
20260902T124253Z_2011s_t1_2011s_add05_train,2011s,t1_2011s_add05,train,copy sem_latest_2011s_t1_2011s_add05.pt,1.9,1113211737,585.90,phase4_semantic_finetune_train_2011s_2026-09-02T13-01.log
20260902T124253Z_2011s_t1_2011s_add05_train,2011s,t1_2011s_add05,train,copy sem_best_2011s_t1_2011s_add05.pt,1.7,1113207457,654.83,phase4_semantic_finetune_train_2011s_2026-09-02T13-01.log
20260902T124253Z_2011s_t1_2011s_add05_train,2011s,t1_2011s_add05,train,copy sem_latest_2011s_t1_2011s_add05.pt,1.6,1113211737,695.76,phase4_semantic_finetune_train_2011s_2026-09-02T13-01.log
20260902T124253Z_2011s_t1_2011s_add05_train,2011s,t1_2011s_add05,train,copy sem_best_2011s_t1_2011s_add05.pt,1.7,1113207457,654.83,phase4_semantic_finetune_train_2011s_2026-09-02T13-01.log
20260902T124253Z_2011s_t1_2011s_add05_train,2011s,t1_2011s_add05,train,copy sem_best_2011s_t1_2011s_add05.pt,1.8,1113207457,618.45,phase4_semantic_finetune_train_2011s_2026-09-02T13-01.log
20260902T124253Z_2011s_t1_2011s_add05_train,2011s,t1_2011s_add05,train,copy sem_best_2011s_t1_2011s_add05.pt,2.0,1113207457,556.60,phase4_semantic_finetune_train_2011s_2026-09-02T13-01.log
20260902T124253Z_2011s_t1_2011s_add05_train,2011s,t1_2011s_add05,train,copy sem_best_2011s_t1_2011s_add05.pt,1.7,1113207457,654.83,phase4_semantic_finetune_train_2011s_2026-09-02T13-01.log
20260902T124253Z_2011s_t1_2011s_add05_train,2011s,t1_2011s_add05,train,copy sem_best_2011s_t1_2011s_add05.pt,1.9,1113207457,585.90,phase4_semantic_finetune_train_2011s_2026-09-02T13-01.log
20260902T124253Z_2011s_t1_2011s_add05_train,2011s,t1_2011s_add05,train,copy sem_latest_2011s_t1_2011s_add05.pt,1.8,1113211737,618.45,phase4_semantic_finetune_train_2011s_2026-09-02T13-01.log
20260902T124253Z_2011s_t1_2011s_add05_train,2011s,t1_2011s_add05,train,copy sem_best_2011s_t1_2011s_add05.pt,2.6,1113207457,428.16,phase4_semantic_finetune_train_2011s_2026-09-02T13-01.log
20260902T124253Z_2011s_t1_2011s_add05_train,2011s,t1_2011s_add05,train,copy sem_best_2011s_t1_2011s_add05.pt,2.7,1113207457,412.30,phase4_semantic_finetune_train_2011s_2026-09-02T13-01.log
20260902T124253Z_2011s_t1_2011s_add05_train,2011s,t1_2011s_add05,train,copy sem_best_2011s_t1_2011s_add05.pt,2.5,1113207457,445.28,phase4_semantic_finetune_train_2011s_2026-09-02T13-01.log
20260902T124253Z_2011s_t1_2011s_add05_train,2011s,t1_2011s_add05,train,copy sem_best_2011s_t1_2011s_add05.pt,2.6,1113207457,428.16,phase4_semantic_finetune_train_2011s_2026-09-02T13-01.log
20260902T124253Z_2011s_t1_2011s_add05_train,2011s,t1_2011s_add05,train,copy sem_latest_2011s_t1_2011s_add05.pt,2.7,1113211737,412.30,phase4_semantic_finetune_train_2011s_2026-09-02T13-01.log
20260902T124253Z_2011s_t1_2011s_add05_train,2011s,t1_2011s_add05,train,copy sem_best_2011s_t1_2011s_add05.pt,2.4,1113207457,463.84,phase4_semantic_finetune_train_2011s_2026-09-02T13-01.log
20260902T124253Z_2011s_t1_2011s_add05_train,2011s,t1_2011s_add05,train,copy sem_latest_2011s_t1_2011s_add05.pt,2.4,1113211737,463.84,phase4_semantic_finetune_train_2011s_2026-09-02T13-01.log
20260902T124253Z_2011s_t1_2011s_add05_train,2011s,t1_2011s_add05,train,copy sem_latest_2011s_t1_2011s_add05.pt,2.4,1113211737,463.84,phase4_semantic_finetune_train_2011s_2026-09-02T13-01.log
20260902T124253Z_2011s_t1_2011s_add05_train,2011s,t1_2011s_add05,train,copy sem_latest_2011s_t1_2011s_add05.pt,2.6,1113211737,428.16,phase4_semantic_finetune_train_2011s_2026-09-02T13-01.log
20260902T125703Z_2006s_t1_2006s_in05_evaluate,2006s,t1_2006s_in05,evaluate,copy semantic_eval_report.csv,0.0,,,phase4_semantic_finetune_evaluate_2006s_2026-09-02T13-12.log
20260902T130250Z_2011s_t1_2011s_add05_evaluate,2011s,t1_2011s_add05,evaluate,copy semantic_eval_report_superseded.csv,0.0,25406,,phase4_semantic_finetune_evaluate_2011s_2026-09-02T13-20.log
20260902T130250Z_2011s_t1_2011s_add05_evaluate,2011s,t1_2011s_add05,evaluate,copy semantic_eval_report.csv,0.0,,,phase4_semantic_finetune_evaluate_2011s_2026-09-02T13-20.log
20260902T131555Z_2006s_t1_2006s_in16_train,2006s,t1_2006s_in16,train,stage tiles 2006s,50.2,,,phase4_semantic_finetune_train_2006s_2026-09-02T13-36.log
20260902T131555Z_2006s_t1_2006s_in16_train,2006s,t1_2006s_in16,train,copy sem_best_2006s_t1_2006s_in16.pt,1.7,1113244581,654.85,phase4_semantic_finetune_train_2006s_2026-09-02T13-36.log
20260902T131555Z_2006s_t1_2006s_in16_train,2006s,t1_2006s_in16,train,copy sem_best_2006s_t1_2006s_in16.pt,2.4,1113244581,463.85,phase4_semantic_finetune_train_2006s_2026-09-02T13-36.log
20260902T131555Z_2006s_t1_2006s_in16_train,2006s,t1_2006s_in16,train,copy sem_best_2006s_t1_2006s_in16.pt,1.8,1113244581,618.47,phase4_semantic_finetune_train_2006s_2026-09-02T13-36.log
20260902T131555Z_2006s_t1_2006s_in16_train,2006s,t1_2006s_in16,train,copy sem_best_2006s_t1_2006s_in16.pt,1.7,1113244581,654.85,phase4_semantic_finetune_train_2006s_2026-09-02T13-36.log
20260902T131555Z_2006s_t1_2006s_in16_train,2006s,t1_2006s_in16,train,copy sem_latest_2006s_t1_2006s_in16.pt,1.7,1113248221,654.85,phase4_semantic_finetune_train_2006s_2026-09-02T13-36.log
20260902T131555Z_2006s_t1_2006s_in16_train,2006s,t1_2006s_in16,train,copy sem_best_2006s_t1_2006s_in16.pt,3.6,1113244581,309.23,phase4_semantic_finetune_train_2006s_2026-09-02T13-36.log
20260902T131555Z_2006s_t1_2006s_in16_train,2006s,t1_2006s_in16,train,copy sem_best_2006s_t1_2006s_in16.pt,1.6,1113244581,695.78,phase4_semantic_finetune_train_2006s_2026-09-02T13-36.log
20260902T131555Z_2006s_t1_2006s_in16_train,2006s,t1_2006s_in16,train,copy sem_best_2006s_t1_2006s_in16.pt,1.7,1113244581,654.85,phase4_semantic_finetune_train_2006s_2026-09-02T13-36.log
20260902T131555Z_2006s_t1_2006s_in16_train,2006s,t1_2006s_in16,train,copy sem_best_2006s_t1_2006s_in16.pt,1.6,1113244581,695.78,phase4_semantic_finetune_train_2006s_2026-09-02T13-36.log
20260902T131555Z_2006s_t1_2006s_in16_train,2006s,t1_2006s_in16,train,copy sem_best_2006s_t1_2006s_in16.pt,1.8,1113244581,618.47,phase4_semantic_finetune_train_2006s_2026-09-02T13-36.log
20260902T131555Z_2006s_t1_2006s_in16_train,2006s,t1_2006s_in16,train,copy sem_latest_2006s_t1_2006s_in16.pt,1.8,1113248221,618.47,phase4_semantic_finetune_train_2006s_2026-09-02T13-36.log
20260902T131555Z_2006s_t1_2006s_in16_train,2006s,t1_2006s_in16,train,copy sem_best_2006s_t1_2006s_in16.pt,1.7,1113244581,654.85,phase4_semantic_finetune_train_2006s_2026-09-02T13-36.log
20260902T131555Z_2006s_t1_2006s_in16_train,2006s,t1_2006s_in16,train,copy sem_best_2006s_t1_2006s_in16.pt,1.8,1113244581,618.47,phase4_semantic_finetune_train_2006s_2026-09-02T13-36.log
20260902T131555Z_2006s_t1_2006s_in16_train,2006s,t1_2006s_in16,train,copy sem_best_2006s_t1_2006s_in16.pt,1.7,1113244581,654.85,phase4_semantic_finetune_train_2006s_2026-09-02T13-36.log
20260902T131555Z_2006s_t1_2006s_in16_train,2006s,t1_2006s_in16,train,copy sem_best_2006s_t1_2006s_in16.pt,1.8,1113244581,618.47,phase4_semantic_finetune_train_2006s_2026-09-02T13-36.log
20260902T131555Z_2006s_t1_2006s_in16_train,2006s,t1_2006s_in16,train,copy sem_best_2006s_t1_2006s_in16.pt,1.8,1113244581,618.47,phase4_semantic_finetune_train_2006s_2026-09-02T13-36.log
20260902T131555Z_2006s_t1_2006s_in16_train,2006s,t1_2006s_in16,train,copy sem_latest_2006s_t1_2006s_in16.pt,1.8,1113248221,618.47,phase4_semantic_finetune_train_2006s_2026-09-02T13-36.log
20260902T131555Z_2006s_t1_2006s_in16_train,2006s,t1_2006s_in16,train,copy sem_best_2006s_t1_2006s_in16.pt,1.8,1113244581,618.47,phase4_semantic_finetune_train_2006s_2026-09-02T13-36.log
20260902T131555Z_2006s_t1_2006s_in16_train,2006s,t1_2006s_in16,train,copy sem_best_2006s_t1_2006s_in16.pt,1.8,1113244581,618.47,phase4_semantic_finetune_train_2006s_2026-09-02T13-36.log
20260902T131555Z_2006s_t1_2006s_in16_train,2006s,t1_2006s_in16,train,copy sem_best_2006s_t1_2006s_in16.pt,1.8,1113244581,618.47,phase4_semantic_finetune_train_2006s_2026-09-02T13-36.log
20260902T131555Z_2006s_t1_2006s_in16_train,2006s,t1_2006s_in16,train,copy sem_best_2006s_t1_2006s_in16.pt,2.5,1113244581,445.30,phase4_semantic_finetune_train_2006s_2026-09-02T13-36.log
20260902T131555Z_2006s_t1_2006s_in16_train,2006s,t1_2006s_in16,train,copy sem_latest_2006s_t1_2006s_in16.pt,2.6,1113248221,428.17,phase4_semantic_finetune_train_2006s_2026-09-02T13-36.log
20260902T131555Z_2006s_t1_2006s_in16_train,2006s,t1_2006s_in16,train,copy sem_best_2006s_t1_2006s_in16.pt,2.4,1113244581,463.85,phase4_semantic_finetune_train_2006s_2026-09-02T13-36.log
20260902T131555Z_2006s_t1_2006s_in16_train,2006s,t1_2006s_in16,train,copy sem_best_2006s_t1_2006s_in16.pt,2.2,1113244581,506.02,phase4_semantic_finetune_train_2006s_2026-09-02T13-36.log
20260902T131555Z_2006s_t1_2006s_in16_train,2006s,t1_2006s_in16,train,copy sem_latest_2006s_t1_2006s_in16.pt,2.4,1113248221,463.85,phase4_semantic_finetune_train_2006s_2026-09-02T13-36.log
20260902T131555Z_2006s_t1_2006s_in16_train,2006s,t1_2006s_in16,train,copy sem_best_2006s_t1_2006s_in16.pt,2.6,1113244581,428.17,phase4_semantic_finetune_train_2006s_2026-09-02T13-36.log
20260902T131555Z_2006s_t1_2006s_in16_train,2006s,t1_2006s_in16,train,copy sem_best_2006s_t1_2006s_in16.pt,2.7,1113244581,412.31,phase4_semantic_finetune_train_2006s_2026-09-02T13-36.log
20260902T131555Z_2006s_t1_2006s_in16_train,2006s,t1_2006s_in16,train,copy sem_best_2006s_t1_2006s_in16.pt,2.9,1113244581,383.88,phase4_semantic_finetune_train_2006s_2026-09-02T13-36.log
20260902T131555Z_2006s_t1_2006s_in16_train,2006s,t1_2006s_in16,train,copy sem_latest_2006s_t1_2006s_in16.pt,2.5,1113248221,445.30,phase4_semantic_finetune_train_2006s_2026-09-02T13-36.log
20260902T131555Z_2006s_t1_2006s_in16_train,2006s,t1_2006s_in16,train,copy sem_latest_2006s_t1_2006s_in16.pt,2.4,1113248221,463.85,phase4_semantic_finetune_train_2006s_2026-09-02T13-36.log
20260902T131555Z_2006s_t1_2006s_in16_train,2006s,t1_2006s_in16,train,copy sem_latest_2006s_t1_2006s_in16.pt,2.6,1113248221,428.17,phase4_semantic_finetune_train_2006s_2026-09-02T13-36.log
20260902T131555Z_2006s_t1_2006s_in16_train,2006s,t1_2006s_in16,train,copy sem_best_2006s_t1_2006s_in16.pt,2.4,1113244581,463.85,phase4_semantic_finetune_train_2006s_2026-09-02T13-36.log
20260902T131555Z_2006s_t1_2006s_in16_train,2006s,t1_2006s_in16,train,copy sem_latest_2006s_t1_2006s_in16.pt,2.5,1113248221,445.30,phase4_semantic_finetune_train_2006s_2026-09-02T13-36.log
20260902T131555Z_2006s_t1_2006s_in16_train,2006s,t1_2006s_in16,train,copy sem_best_2006s_t1_2006s_in16.pt,2.3,1113244581,484.02,phase4_semantic_finetune_train_2006s_2026-09-02T13-36.log
20260902T131555Z_2006s_t1_2006s_in16_train,2006s,t1_2006s_in16,train,copy sem_latest_2006s_t1_2006s_in16.pt,2.5,1113248221,445.30,phase4_semantic_finetune_train_2006s_2026-09-02T13-36.log
20260902T133653Z_2011s_t1_2011s_in05_train,2011s,t1_2011s_in05,train,stage tiles 2011s,109.0,,,phase4_semantic_finetune_train_2011s_2026-09-02T14-04.log
20260902T133653Z_2011s_t1_2011s_in05_train,2011s,t1_2011s_in05,train,copy sem_best_2011s_t1_2011s_in05.pt,1.8,1113244453,618.47,phase4_semantic_finetune_train_2011s_2026-09-02T14-04.log
20260902T133653Z_2011s_t1_2011s_in05_train,2011s,t1_2011s_in05,train,copy sem_best_2011s_t1_2011s_in05.pt,1.7,1113244453,654.85,phase4_semantic_finetune_train_2011s_2026-09-02T14-04.log
20260902T133653Z_2011s_t1_2011s_in05_train,2011s,t1_2011s_in05,train,copy sem_best_2011s_t1_2011s_in05.pt,1.7,1113244453,654.85,phase4_semantic_finetune_train_2011s_2026-09-02T14-04.log
20260902T133653Z_2011s_t1_2011s_in05_train,2011s,t1_2011s_in05,train,copy sem_best_2011s_t1_2011s_in05.pt,1.8,1113244453,618.47,phase4_semantic_finetune_train_2011s_2026-09-02T14-04.log
20260902T133653Z_2011s_t1_2011s_in05_train,2011s,t1_2011s_in05,train,copy sem_best_2011s_t1_2011s_in05.pt,4.0,1113244453,278.31,phase4_semantic_finetune_train_2011s_2026-09-02T14-04.log
20260902T133653Z_2011s_t1_2011s_in05_train,2011s,t1_2011s_in05,train,copy sem_latest_2011s_t1_2011s_in05.pt,24.8,1113248221,44.89,phase4_semantic_finetune_train_2011s_2026-09-02T14-04.log
20260902T133653Z_2011s_t1_2011s_in05_train,2011s,t1_2011s_in05,train,copy sem_best_2011s_t1_2011s_in05.pt,1.8,1113244453,618.47,phase4_semantic_finetune_train_2011s_2026-09-02T14-04.log
20260902T133653Z_2011s_t1_2011s_in05_train,2011s,t1_2011s_in05,train,copy sem_best_2011s_t1_2011s_in05.pt,1.9,1113244453,585.92,phase4_semantic_finetune_train_2011s_2026-09-02T14-04.log
20260902T133653Z_2011s_t1_2011s_in05_train,2011s,t1_2011s_in05,train,copy sem_best_2011s_t1_2011s_in05.pt,1.6,1113244453,695.78,phase4_semantic_finetune_train_2011s_2026-09-02T14-04.log
20260902T133653Z_2011s_t1_2011s_in05_train,2011s,t1_2011s_in05,train,copy sem_best_2011s_t1_2011s_in05.pt,1.9,1113244453,585.92,phase4_semantic_finetune_train_2011s_2026-09-02T14-04.log
20260902T133653Z_2011s_t1_2011s_in05_train,2011s,t1_2011s_in05,train,copy sem_latest_2011s_t1_2011s_in05.pt,1.8,1113248221,618.47,phase4_semantic_finetune_train_2011s_2026-09-02T14-04.log
20260902T133653Z_2011s_t1_2011s_in05_train,2011s,t1_2011s_in05,train,copy sem_best_2011s_t1_2011s_in05.pt,1.8,1113244453,618.47,phase4_semantic_finetune_train_2011s_2026-09-02T14-04.log
20260902T133653Z_2011s_t1_2011s_in05_train,2011s,t1_2011s_in05,train,copy sem_latest_2011s_t1_2011s_in05.pt,3.1,1113248221,359.11,phase4_semantic_finetune_train_2011s_2026-09-02T14-04.log
20260902T133653Z_2011s_t1_2011s_in05_train,2011s,t1_2011s_in05,train,copy sem_best_2011s_t1_2011s_in05.pt,1.6,1113244453,695.78,phase4_semantic_finetune_train_2011s_2026-09-02T14-04.log
20260902T133653Z_2011s_t1_2011s_in05_train,2011s,t1_2011s_in05,train,copy sem_latest_2011s_t1_2011s_in05.pt,2.4,1113248221,463.85,phase4_semantic_finetune_train_2011s_2026-09-02T14-04.log
20260902T133653Z_2011s_t1_2011s_in05_train,2011s,t1_2011s_in05,train,copy sem_best_2011s_t1_2011s_in05.pt,2.5,1113244453,445.30,phase4_semantic_finetune_train_2011s_2026-09-02T14-04.log
20260902T133653Z_2011s_t1_2011s_in05_train,2011s,t1_2011s_in05,train,copy sem_best_2011s_t1_2011s_in05.pt,2.5,1113244453,445.30,phase4_semantic_finetune_train_2011s_2026-09-02T14-04.log
20260902T133653Z_2011s_t1_2011s_in05_train,2011s,t1_2011s_in05,train,copy sem_best_2011s_t1_2011s_in05.pt,2.6,1113244453,428.17,phase4_semantic_finetune_train_2011s_2026-09-02T14-04.log
20260902T133653Z_2011s_t1_2011s_in05_train,2011s,t1_2011s_in05,train,copy sem_best_2011s_t1_2011s_in05.pt,2.5,1113244453,445.30,phase4_semantic_finetune_train_2011s_2026-09-02T14-04.log
20260902T133653Z_2011s_t1_2011s_in05_train,2011s,t1_2011s_in05,train,copy sem_latest_2011s_t1_2011s_in05.pt,2.5,1113248221,445.30,phase4_semantic_finetune_train_2011s_2026-09-02T14-04.log
20260902T133653Z_2011s_t1_2011s_in05_train,2011s,t1_2011s_in05,train,copy sem_best_2011s_t1_2011s_in05.pt,2.6,1113244453,428.17,phase4_semantic_finetune_train_2011s_2026-09-02T14-04.log
20260902T133653Z_2011s_t1_2011s_in05_train,2011s,t1_2011s_in05,train,copy sem_latest_2011s_t1_2011s_in05.pt,2.3,1113248221,484.02,phase4_semantic_finetune_train_2011s_2026-09-02T14-04.log
20260902T133653Z_2011s_t1_2011s_in05_train,2011s,t1_2011s_in05,train,copy sem_best_2011s_t1_2011s_in05.pt,2.6,1113244453,428.17,phase4_semantic_finetune_train_2011s_2026-09-02T14-04.log
20260902T133653Z_2011s_t1_2011s_in05_train,2011s,t1_2011s_in05,train,copy sem_best_2011s_t1_2011s_in05.pt,2.5,1113244453,445.30,phase4_semantic_finetune_train_2011s_2026-09-02T14-04.log
20260902T133653Z_2011s_t1_2011s_in05_train,2011s,t1_2011s_in05,train,copy sem_latest_2011s_t1_2011s_in05.pt,2.5,1113248221,445.30,phase4_semantic_finetune_train_2011s_2026-09-02T14-04.log
20260902T133653Z_2011s_t1_2011s_in05_train,2011s,t1_2011s_in05,train,copy sem_best_2011s_t1_2011s_in05.pt,2.7,1113244453,412.31,phase4_semantic_finetune_train_2011s_2026-09-02T14-04.log
20260902T133653Z_2011s_t1_2011s_in05_train,2011s,t1_2011s_in05,train,copy sem_best_2011s_t1_2011s_in05.pt,2.3,1113244453,484.02,phase4_semantic_finetune_train_2011s_2026-09-02T14-04.log
20260902T133653Z_2011s_t1_2011s_in05_train,2011s,t1_2011s_in05,train,copy sem_latest_2011s_t1_2011s_in05.pt,2.5,1113248221,445.30,phase4_semantic_finetune_train_2011s_2026-09-02T14-04.log
20260902T133653Z_2011s_t1_2011s_in05_train,2011s,t1_2011s_in05,train,copy sem_best_2011s_t1_2011s_in05.pt,2.3,1113244453,484.02,phase4_semantic_finetune_train_2011s_2026-09-02T14-04.log
20260902T133653Z_2011s_t1_2011s_in05_train,2011s,t1_2011s_in05,train,copy sem_best_2011s_t1_2011s_in05.pt,2.7,1113244453,412.31,phase4_semantic_finetune_train_2011s_2026-09-02T14-04.log
20260902T133653Z_2011s_t1_2011s_in05_train,2011s,t1_2011s_in05,train,copy sem_best_2011s_t1_2011s_in05.pt,2.5,1113244453,445.30,phase4_semantic_finetune_train_2011s_2026-09-02T14-04.log
20260902T133653Z_2011s_t1_2011s_in05_train,2011s,t1_2011s_in05,train,copy sem_latest_2011s_t1_2011s_in05.pt,2.3,1113248221,484.02,phase4_semantic_finetune_train_2011s_2026-09-02T14-04.log
20260902T133653Z_2011s_t1_2011s_in05_train,2011s,t1_2011s_in05,train,copy sem_latest_2011s_t1_2011s_in05.pt,2.5,1113248221,445.30,phase4_semantic_finetune_train_2011s_2026-09-02T14-04.log
20260902T134131Z_2006s_t1_2006s_in16_evaluate,2006s,t1_2006s_in16,evaluate,copy semantic_eval_report.csv,0.0,,,phase4_semantic_finetune_evaluate_2006s_2026-09-02T13-57.log
20260902T135754Z_2011s_t1_2011s_cor05_tile,2011s,t1_2011s_cor05,tile,stage 2011_snoh_1ft_rgb.tif,122.4,1987295246,16.24,phase4_semantic_finetune_tile_2011s_2026-09-02T14-20.log
20260902T135754Z_2011s_t1_2011s_cor05_tile,2011s,t1_2011s_cor05,tile,stage edmonds_canopy_mask_2020.tif,40.5,287816390,7.11,phase4_semantic_finetune_tile_2011s_2026-09-02T14-20.log
20260902T135754Z_2011s_t1_2011s_cor05_tile,2011s,t1_2011s_cor05,tile,stage add_corrupt5_2011s.tif,2.8,,,phase4_semantic_finetune_tile_2011s_2026-09-02T14-20.log
20260902T142049Z_2011s_t1_2011s_cor05_train,2011s,t1_2011s_cor05,train,stage tiles 2011s,71.8,,,phase4_semantic_finetune_train_2011s_2026-09-02T14-40.log
20260902T142049Z_2011s_t1_2011s_cor05_train,2011s,t1_2011s_cor05,train,copy sem_best_2011s_t1_2011s_cor05.pt,1.7,1113208161,654.83,phase4_semantic_finetune_train_2011s_2026-09-02T14-40.log
20260902T142049Z_2011s_t1_2011s_cor05_train,2011s,t1_2011s_cor05,train,copy sem_best_2011s_t1_2011s_cor05.pt,3.8,1113208161,292.95,phase4_semantic_finetune_train_2011s_2026-09-02T14-40.log
20260902T142049Z_2011s_t1_2011s_cor05_train,2011s,t1_2011s_cor05,train,copy sem_best_2011s_t1_2011s_cor05.pt,1.7,1113208161,654.83,phase4_semantic_finetune_train_2011s_2026-09-02T14-40.log
20260902T142049Z_2011s_t1_2011s_cor05_train,2011s,t1_2011s_cor05,train,copy sem_best_2011s_t1_2011s_cor05.pt,1.8,1113208161,618.45,phase4_semantic_finetune_train_2011s_2026-09-02T14-40.log
20260902T142049Z_2011s_t1_2011s_cor05_train,2011s,t1_2011s_cor05,train,copy sem_best_2011s_t1_2011s_cor05.pt,1.5,1113208161,742.14,phase4_semantic_finetune_train_2011s_2026-09-02T14-40.log
20260902T142049Z_2011s_t1_2011s_cor05_train,2011s,t1_2011s_cor05,train,copy sem_latest_2011s_t1_2011s_cor05.pt,1.6,1113212313,695.76,phase4_semantic_finetune_train_2011s_2026-09-02T14-40.log
20260902T142049Z_2011s_t1_2011s_cor05_train,2011s,t1_2011s_cor05,train,copy sem_best_2011s_t1_2011s_cor05.pt,2.9,1113208161,383.86,phase4_semantic_finetune_train_2011s_2026-09-02T14-40.log
20260902T142049Z_2011s_t1_2011s_cor05_train,2011s,t1_2011s_cor05,train,copy sem_latest_2011s_t1_2011s_cor05.pt,1.7,1113212313,654.83,phase4_semantic_finetune_train_2011s_2026-09-02T14-40.log
20260902T142049Z_2011s_t1_2011s_cor05_train,2011s,t1_2011s_cor05,train,copy sem_best_2011s_t1_2011s_cor05.pt,1.8,1113208161,618.45,phase4_semantic_finetune_train_2011s_2026-09-02T14-40.log
20260902T142049Z_2011s_t1_2011s_cor05_train,2011s,t1_2011s_cor05,train,copy sem_latest_2011s_t1_2011s_cor05.pt,2.8,1113212313,397.58,phase4_semantic_finetune_train_2011s_2026-09-02T14-40.log
20260902T142049Z_2011s_t1_2011s_cor05_train,2011s,t1_2011s_cor05,train,copy sem_best_2011s_t1_2011s_cor05.pt,1.7,1113208161,654.83,phase4_semantic_finetune_train_2011s_2026-09-02T14-40.log
20260902T142049Z_2011s_t1_2011s_cor05_train,2011s,t1_2011s_cor05,train,copy sem_best_2011s_t1_2011s_cor05.pt,1.6,1113208161,695.76,phase4_semantic_finetune_train_2011s_2026-09-02T14-40.log
20260902T142049Z_2011s_t1_2011s_cor05_train,2011s,t1_2011s_cor05,train,copy sem_latest_2011s_t1_2011s_cor05.pt,1.8,1113212313,618.45,phase4_semantic_finetune_train_2011s_2026-09-02T14-40.log
20260902T142049Z_2011s_t1_2011s_cor05_train,2011s,t1_2011s_cor05,train,copy sem_best_2011s_t1_2011s_cor05.pt,2.3,1113208161,484.00,phase4_semantic_finetune_train_2011s_2026-09-02T14-40.log
20260902T142049Z_2011s_t1_2011s_cor05_train,2011s,t1_2011s_cor05,train,copy sem_latest_2011s_t1_2011s_cor05.pt,2.3,1113212313,484.01,phase4_semantic_finetune_train_2011s_2026-09-02T14-40.log
20260902T142049Z_2011s_t1_2011s_cor05_train,2011s,t1_2011s_cor05,train,copy sem_best_2011s_t1_2011s_cor05.pt,2.6,1113208161,428.16,phase4_semantic_finetune_train_2011s_2026-09-02T14-40.log
20260902T142049Z_2011s_t1_2011s_cor05_train,2011s,t1_2011s_cor05,train,copy sem_best_2011s_t1_2011s_cor05.pt,2.6,1113208161,428.16,phase4_semantic_finetune_train_2011s_2026-09-02T14-40.log
20260902T142049Z_2011s_t1_2011s_cor05_train,2011s,t1_2011s_cor05,train,copy sem_best_2011s_t1_2011s_cor05.pt,2.4,1113208161,463.84,phase4_semantic_finetune_train_2011s_2026-09-02T14-40.log
20260902T142049Z_2011s_t1_2011s_cor05_train,2011s,t1_2011s_cor05,train,copy sem_best_2011s_t1_2011s_cor05.pt,2.6,1113208161,428.16,phase4_semantic_finetune_train_2011s_2026-09-02T14-40.log
20260902T142049Z_2011s_t1_2011s_cor05_train,2011s,t1_2011s_cor05,train,copy sem_latest_2011s_t1_2011s_cor05.pt,37.5,1113212313,29.69,phase4_semantic_finetune_train_2011s_2026-09-02T14-40.log
20260902T142049Z_2011s_t1_2011s_cor05_train,2011s,t1_2011s_cor05,train,copy sem_latest_2011s_t1_2011s_cor05.pt,2.5,1113212313,445.28,phase4_semantic_finetune_train_2011s_2026-09-02T14-40.log
20260902T142049Z_2011s_t1_2011s_cor05_train,2011s,t1_2011s_cor05,train,copy sem_best_2011s_t1_2011s_cor05.pt,2.3,1113208161,484.00,phase4_semantic_finetune_train_2011s_2026-09-02T14-40.log
20260902T142049Z_2011s_t1_2011s_cor05_train,2011s,t1_2011s_cor05,train,copy sem_best_2011s_t1_2011s_cor05.pt,2.6,1113208161,428.16,phase4_semantic_finetune_train_2011s_2026-09-02T14-40.log
20260902T142049Z_2011s_t1_2011s_cor05_train,2011s,t1_2011s_cor05,train,copy sem_latest_2011s_t1_2011s_cor05.pt,2.3,1113212313,484.01,phase4_semantic_finetune_train_2011s_2026-09-02T14-40.log
20260902T142049Z_2011s_t1_2011s_cor05_train,2011s,t1_2011s_cor05,train,copy sem_latest_2011s_t1_2011s_cor05.pt,2.7,1113212313,412.30,phase4_semantic_finetune_train_2011s_2026-09-02T14-40.log
20260902T142049Z_2011s_t1_2011s_cor05_train,2011s,t1_2011s_cor05,train,copy sem_latest_2011s_t1_2011s_cor05.pt,2.5,1113212313,445.28,phase4_semantic_finetune_train_2011s_2026-09-02T14-40.log
20260902T144107Z_2011s_t1_2011s_cor05_evaluate,2011s,t1_2011s_cor05,evaluate,copy semantic_eval_report_superseded.csv,0.0,25406,,phase4_semantic_finetune_evaluate_2011s_2026-09-02T14-58.log
20260902T144107Z_2011s_t1_2011s_cor05_evaluate,2011s,t1_2011s_cor05,evaluate,copy semantic_eval_report.csv,0.0,,,phase4_semantic_finetune_evaluate_2011s_2026-09-02T14-58.log
20260902T151357Z_2011s_t1_2011s_cor10_tile,2011s,t1_2011s_cor10,tile,stage 2011_snoh_1ft_rgb.tif,157.0,1987295246,12.66,phase4_semantic_finetune_tile_2011s_2026-09-02T15-42.log
20260902T151357Z_2011s_t1_2011s_cor10_tile,2011s,t1_2011s_cor10,tile,stage edmonds_canopy_mask_2020.tif,109.4,287816390,2.63,phase4_semantic_finetune_tile_2011s_2026-09-02T15-42.log
20260902T151357Z_2011s_t1_2011s_cor10_tile,2011s,t1_2011s_cor10,tile,stage add_corrupt10_2011s.tif,6.1,,,phase4_semantic_finetune_tile_2011s_2026-09-02T15-42.log
20260902T152302Z_2016_t1_2016_add05_train,2016,t1_2016_add05,train,stage tiles 2016,372.1,,,phase4_semantic_finetune_train_2016_2026-09-02T15-53.log
20260902T152302Z_2016_t1_2016_add05_train,2016,t1_2016_add05,train,copy sem_best_2016_t1_2016_add05.pt,1.9,1113205289,585.90,phase4_semantic_finetune_train_2016_2026-09-02T15-53.log
20260902T152302Z_2016_t1_2016_add05_train,2016,t1_2016_add05,train,copy sem_best_2016_t1_2016_add05.pt,1.9,1113205289,585.90,phase4_semantic_finetune_train_2016_2026-09-02T15-53.log
20260902T152302Z_2016_t1_2016_add05_train,2016,t1_2016_add05,train,copy sem_best_2016_t1_2016_add05.pt,1.9,1113205289,585.90,phase4_semantic_finetune_train_2016_2026-09-02T15-53.log
20260902T152302Z_2016_t1_2016_add05_train,2016,t1_2016_add05,train,copy sem_best_2016_t1_2016_add05.pt,1.8,1113205289,618.45,phase4_semantic_finetune_train_2016_2026-09-02T15-53.log
20260902T152302Z_2016_t1_2016_add05_train,2016,t1_2016_add05,train,copy sem_latest_2016_t1_2016_add05.pt,2.1,1113208865,530.10,phase4_semantic_finetune_train_2016_2026-09-02T15-53.log
20260902T152302Z_2016_t1_2016_add05_train,2016,t1_2016_add05,train,copy sem_best_2016_t1_2016_add05.pt,1.9,1113205289,585.90,phase4_semantic_finetune_train_2016_2026-09-02T15-53.log
20260902T152302Z_2016_t1_2016_add05_train,2016,t1_2016_add05,train,copy sem_best_2016_t1_2016_add05.pt,1.6,1113205289,695.75,phase4_semantic_finetune_train_2016_2026-09-02T15-53.log
20260902T152302Z_2016_t1_2016_add05_train,2016,t1_2016_add05,train,copy sem_best_2016_t1_2016_add05.pt,1.7,1113205289,654.83,phase4_semantic_finetune_train_2016_2026-09-02T15-53.log
20260902T152302Z_2016_t1_2016_add05_train,2016,t1_2016_add05,train,copy sem_latest_2016_t1_2016_add05.pt,1.5,1113208865,742.14,phase4_semantic_finetune_train_2016_2026-09-02T15-53.log
20260902T152302Z_2016_t1_2016_add05_train,2016,t1_2016_add05,train,copy sem_best_2016_t1_2016_add05.pt,1.5,1113205289,742.14,phase4_semantic_finetune_train_2016_2026-09-02T15-53.log
20260902T152302Z_2016_t1_2016_add05_train,2016,t1_2016_add05,train,copy sem_best_2016_t1_2016_add05.pt,1.8,1113205289,618.45,phase4_semantic_finetune_train_2016_2026-09-02T15-53.log
20260902T152302Z_2016_t1_2016_add05_train,2016,t1_2016_add05,train,copy sem_best_2016_t1_2016_add05.pt,1.7,1113205289,654.83,phase4_semantic_finetune_train_2016_2026-09-02T15-53.log
20260902T152302Z_2016_t1_2016_add05_train,2016,t1_2016_add05,train,copy sem_latest_2016_t1_2016_add05.pt,2.4,1113208865,463.84,phase4_semantic_finetune_train_2016_2026-09-02T15-53.log
20260902T152302Z_2016_t1_2016_add05_train,2016,t1_2016_add05,train,copy sem_best_2016_t1_2016_add05.pt,3.3,1113205289,337.33,phase4_semantic_finetune_train_2016_2026-09-02T15-53.log
20260902T152302Z_2016_t1_2016_add05_train,2016,t1_2016_add05,train,copy sem_latest_2016_t1_2016_add05.pt,1.7,1113208865,654.83,phase4_semantic_finetune_train_2016_2026-09-02T15-53.log
20260902T152302Z_2016_t1_2016_add05_train,2016,t1_2016_add05,train,copy sem_best_2016_t1_2016_add05.pt,2.4,1113205289,463.84,phase4_semantic_finetune_train_2016_2026-09-02T15-53.log
20260902T152302Z_2016_t1_2016_add05_train,2016,t1_2016_add05,train,copy sem_latest_2016_t1_2016_add05.pt,2.6,1113208865,428.16,phase4_semantic_finetune_train_2016_2026-09-02T15-53.log
20260902T152302Z_2016_t1_2016_add05_train,2016,t1_2016_add05,train,copy sem_best_2016_t1_2016_add05.pt,2.8,1113205289,397.57,phase4_semantic_finetune_train_2016_2026-09-02T15-53.log
20260902T152302Z_2016_t1_2016_add05_train,2016,t1_2016_add05,train,copy sem_latest_2016_t1_2016_add05.pt,2.5,1113208865,445.28,phase4_semantic_finetune_train_2016_2026-09-02T15-53.log
20260902T152302Z_2016_t1_2016_add05_train,2016,t1_2016_add05,train,copy sem_best_2016_t1_2016_add05.pt,2.7,1113205289,412.30,phase4_semantic_finetune_train_2016_2026-09-02T15-53.log
20260902T152302Z_2016_t1_2016_add05_train,2016,t1_2016_add05,train,copy sem_best_2016_t1_2016_add05.pt,2.6,1113205289,428.16,phase4_semantic_finetune_train_2016_2026-09-02T15-53.log
20260902T152302Z_2016_t1_2016_add05_train,2016,t1_2016_add05,train,copy sem_latest_2016_t1_2016_add05.pt,2.5,1113208865,445.28,phase4_semantic_finetune_train_2016_2026-09-02T15-53.log
20260902T152302Z_2016_t1_2016_add05_train,2016,t1_2016_add05,train,copy sem_best_2016_t1_2016_add05.pt,2.5,1113205289,445.28,phase4_semantic_finetune_train_2016_2026-09-02T15-53.log
20260902T152302Z_2016_t1_2016_add05_train,2016,t1_2016_add05,train,copy sem_latest_2016_t1_2016_add05.pt,2.7,1113208865,412.30,phase4_semantic_finetune_train_2016_2026-09-02T15-53.log
20260902T152302Z_2016_t1_2016_add05_train,2016,t1_2016_add05,train,copy sem_latest_2016_t1_2016_add05.pt,2.7,1113208865,412.30,phase4_semantic_finetune_train_2016_2026-09-02T15-53.log
20260902T152302Z_2016_t1_2016_add05_train,2016,t1_2016_add05,train,copy sem_best_2016_t1_2016_add05.pt,2.7,1113205289,412.30,phase4_semantic_finetune_train_2016_2026-09-02T15-53.log
20260902T152302Z_2016_t1_2016_add05_train,2016,t1_2016_add05,train,copy sem_latest_2016_t1_2016_add05.pt,2.4,1113208865,463.84,phase4_semantic_finetune_train_2016_2026-09-02T15-53.log
20260902T154359Z_2011s_t1_2011s_cor10_train,2011s,t1_2011s_cor10,train,stage tiles 2011s,78.9,,,phase4_semantic_finetune_train_2011s_2026-09-02T16-07.log
20260902T154359Z_2011s_t1_2011s_cor10_train,2011s,t1_2011s_cor10,train,copy sem_best_2011s_t1_2011s_cor10.pt,1.9,1113208737,585.90,phase4_semantic_finetune_train_2011s_2026-09-02T16-07.log
20260902T154359Z_2011s_t1_2011s_cor10_train,2011s,t1_2011s_cor10,train,copy sem_best_2011s_t1_2011s_cor10.pt,2.5,1113208737,445.28,phase4_semantic_finetune_train_2011s_2026-09-02T16-07.log
20260902T154359Z_2011s_t1_2011s_cor10_train,2011s,t1_2011s_cor10,train,copy sem_best_2011s_t1_2011s_cor10.pt,1.8,1113208737,618.45,phase4_semantic_finetune_train_2011s_2026-09-02T16-07.log
20260902T154359Z_2011s_t1_2011s_cor10_train,2011s,t1_2011s_cor10,train,copy sem_best_2011s_t1_2011s_cor10.pt,24.0,1113208737,46.38,phase4_semantic_finetune_train_2011s_2026-09-02T16-07.log
20260902T154359Z_2011s_t1_2011s_cor10_train,2011s,t1_2011s_cor10,train,copy sem_best_2011s_t1_2011s_cor10.pt,1.6,1113208737,695.76,phase4_semantic_finetune_train_2011s_2026-09-02T16-07.log
20260902T154359Z_2011s_t1_2011s_cor10_train,2011s,t1_2011s_cor10,train,copy sem_latest_2011s_t1_2011s_cor10.pt,1.8,1113212313,618.45,phase4_semantic_finetune_train_2011s_2026-09-02T16-07.log
20260902T154359Z_2011s_t1_2011s_cor10_train,2011s,t1_2011s_cor10,train,copy sem_best_2011s_t1_2011s_cor10.pt,1.7,1113208737,654.83,phase4_semantic_finetune_train_2011s_2026-09-02T16-07.log
20260902T154359Z_2011s_t1_2011s_cor10_train,2011s,t1_2011s_cor10,train,copy sem_best_2011s_t1_2011s_cor10.pt,1.7,1113208737,654.83,phase4_semantic_finetune_train_2011s_2026-09-02T16-07.log
20260902T154359Z_2011s_t1_2011s_cor10_train,2011s,t1_2011s_cor10,train,copy sem_latest_2011s_t1_2011s_cor10.pt,1.8,1113212313,618.45,phase4_semantic_finetune_train_2011s_2026-09-02T16-07.log
20260902T154359Z_2011s_t1_2011s_cor10_train,2011s,t1_2011s_cor10,train,copy sem_best_2011s_t1_2011s_cor10.pt,1.6,1113208737,695.76,phase4_semantic_finetune_train_2011s_2026-09-02T16-07.log
20260902T154359Z_2011s_t1_2011s_cor10_train,2011s,t1_2011s_cor10,train,copy sem_best_2011s_t1_2011s_cor10.pt,1.8,1113208737,618.45,phase4_semantic_finetune_train_2011s_2026-09-02T16-07.log
20260902T154359Z_2011s_t1_2011s_cor10_train,2011s,t1_2011s_cor10,train,copy sem_latest_2011s_t1_2011s_cor10.pt,1.8,1113212313,618.45,phase4_semantic_finetune_train_2011s_2026-09-02T16-07.log
20260902T154359Z_2011s_t1_2011s_cor10_train,2011s,t1_2011s_cor10,train,copy sem_best_2011s_t1_2011s_cor10.pt,1.8,1113208737,618.45,phase4_semantic_finetune_train_2011s_2026-09-02T16-07.log
20260902T154359Z_2011s_t1_2011s_cor10_train,2011s,t1_2011s_cor10,train,copy sem_latest_2011s_t1_2011s_cor10.pt,2.0,1113212313,556.61,phase4_semantic_finetune_train_2011s_2026-09-02T16-07.log
20260902T154359Z_2011s_t1_2011s_cor10_train,2011s,t1_2011s_cor10,train,copy sem_best_2011s_t1_2011s_cor10.pt,4.5,1113208737,247.38,phase4_semantic_finetune_train_2011s_2026-09-02T16-07.log
20260902T154359Z_2011s_t1_2011s_cor10_train,2011s,t1_2011s_cor10,train,copy sem_best_2011s_t1_2011s_cor10.pt,2.7,1113208737,412.30,phase4_semantic_finetune_train_2011s_2026-09-02T16-07.log
20260902T154359Z_2011s_t1_2011s_cor10_train,2011s,t1_2011s_cor10,train,copy sem_best_2011s_t1_2011s_cor10.pt,2.8,1113208737,397.57,phase4_semantic_finetune_train_2011s_2026-09-02T16-07.log
20260902T154359Z_2011s_t1_2011s_cor10_train,2011s,t1_2011s_cor10,train,copy sem_best_2011s_t1_2011s_cor10.pt,2.6,1113208737,428.16,phase4_semantic_finetune_train_2011s_2026-09-02T16-07.log
20260902T154359Z_2011s_t1_2011s_cor10_train,2011s,t1_2011s_cor10,train,copy sem_latest_2011s_t1_2011s_cor10.pt,2.3,1113212313,484.01,phase4_semantic_finetune_train_2011s_2026-09-02T16-07.log
20260902T154359Z_2011s_t1_2011s_cor10_train,2011s,t1_2011s_cor10,train,copy sem_best_2011s_t1_2011s_cor10.pt,2.4,1113208737,463.84,phase4_semantic_finetune_train_2011s_2026-09-02T16-07.log
20260902T154359Z_2011s_t1_2011s_cor10_train,2011s,t1_2011s_cor10,train,copy sem_best_2011s_t1_2011s_cor10.pt,2.5,1113208737,445.28,phase4_semantic_finetune_train_2011s_2026-09-02T16-07.log
20260902T154359Z_2011s_t1_2011s_cor10_train,2011s,t1_2011s_cor10,train,copy sem_best_2011s_t1_2011s_cor10.pt,2.8,1113208737,397.57,phase4_semantic_finetune_train_2011s_2026-09-02T16-07.log
20260902T154359Z_2011s_t1_2011s_cor10_train,2011s,t1_2011s_cor10,train,copy sem_latest_2011s_t1_2011s_cor10.pt,4.3,1113212313,258.89,phase4_semantic_finetune_train_2011s_2026-09-02T16-07.log
20260902T154359Z_2011s_t1_2011s_cor10_train,2011s,t1_2011s_cor10,train,copy sem_best_2011s_t1_2011s_cor10.pt,2.5,1113208737,445.28,phase4_semantic_finetune_train_2011s_2026-09-02T16-07.log
20260902T154359Z_2011s_t1_2011s_cor10_train,2011s,t1_2011s_cor10,train,copy sem_best_2011s_t1_2011s_cor10.pt,2.6,1113208737,428.16,phase4_semantic_finetune_train_2011s_2026-09-02T16-07.log
20260902T154359Z_2011s_t1_2011s_cor10_train,2011s,t1_2011s_cor10,train,copy sem_best_2011s_t1_2011s_cor10.pt,2.5,1113208737,445.28,phase4_semantic_finetune_train_2011s_2026-09-02T16-07.log
20260902T154359Z_2011s_t1_2011s_cor10_train,2011s,t1_2011s_cor10,train,copy sem_best_2011s_t1_2011s_cor10.pt,2.4,1113208737,463.84,phase4_semantic_finetune_train_2011s_2026-09-02T16-07.log
20260902T154359Z_2011s_t1_2011s_cor10_train,2011s,t1_2011s_cor10,train,copy sem_latest_2011s_t1_2011s_cor10.pt,2.5,1113212313,445.28,phase4_semantic_finetune_train_2011s_2026-09-02T16-07.log
20260902T154359Z_2011s_t1_2011s_cor10_train,2011s,t1_2011s_cor10,train,copy sem_best_2011s_t1_2011s_cor10.pt,2.4,1113208737,463.84,phase4_semantic_finetune_train_2011s_2026-09-02T16-07.log
20260902T154359Z_2011s_t1_2011s_cor10_train,2011s,t1_2011s_cor10,train,copy sem_latest_2011s_t1_2011s_cor10.pt,2.6,1113212313,428.16,phase4_semantic_finetune_train_2011s_2026-09-02T16-07.log
20260902T154359Z_2011s_t1_2011s_cor10_train,2011s,t1_2011s_cor10,train,copy sem_best_2011s_t1_2011s_cor10.pt,2.5,1113208737,445.28,phase4_semantic_finetune_train_2011s_2026-09-02T16-07.log
20260902T154359Z_2011s_t1_2011s_cor10_train,2011s,t1_2011s_cor10,train,copy sem_best_2011s_t1_2011s_cor10.pt,2.5,1113208737,445.28,phase4_semantic_finetune_train_2011s_2026-09-02T16-07.log
20260902T154359Z_2011s_t1_2011s_cor10_train,2011s,t1_2011s_cor10,train,copy sem_latest_2011s_t1_2011s_cor10.pt,2.6,1113212313,428.16,phase4_semantic_finetune_train_2011s_2026-09-02T16-07.log
20260902T154359Z_2011s_t1_2011s_cor10_train,2011s,t1_2011s_cor10,train,copy sem_best_2011s_t1_2011s_cor10.pt,2.7,1113208737,412.30,phase4_semantic_finetune_train_2011s_2026-09-02T16-07.log
20260902T154359Z_2011s_t1_2011s_cor10_train,2011s,t1_2011s_cor10,train,copy sem_latest_2011s_t1_2011s_cor10.pt,2.4,1113212313,463.84,phase4_semantic_finetune_train_2011s_2026-09-02T16-07.log
20260902T155401Z_2016_t1_2016_add05_evaluate,2016,t1_2016_add05,evaluate,copy semantic_eval_report_superseded.csv,0.0,25406,,phase4_semantic_finetune_evaluate_2016_2026-09-02T16-33.log
20260902T155401Z_2016_t1_2016_add05_evaluate,2016,t1_2016_add05,evaluate,copy semantic_eval_report.csv,0.0,,,phase4_semantic_finetune_evaluate_2016_2026-09-02T16-33.log
20260902T160951Z_2011s_t1_2011s_cor10_evaluate,2011s,t1_2011s_cor10,evaluate,copy semantic_eval_report_superseded.csv,0.0,25406,,phase4_semantic_finetune_evaluate_2011s_2026-09-02T16-31.log
20260902T160951Z_2011s_t1_2011s_cor10_evaluate,2011s,t1_2011s_cor10,evaluate,copy semantic_eval_report.csv,0.0,,,phase4_semantic_finetune_evaluate_2011s_2026-09-02T16-31.log
20260902T163349Z_2016_t1_2016_add16_train,2016,t1_2016_add16,train,stage tiles 2016,535.1,,,phase4_semantic_finetune_train_2016_2026-09-02T17-08.log
20260902T163349Z_2016_t1_2016_add16_train,2016,t1_2016_add16,train,copy sem_best_2016_t1_2016_add16.pt,1.7,1113204585,654.83,phase4_semantic_finetune_train_2016_2026-09-02T17-08.log
20260902T163349Z_2016_t1_2016_add16_train,2016,t1_2016_add16,train,copy sem_best_2016_t1_2016_add16.pt,1.8,1113204585,618.45,phase4_semantic_finetune_train_2016_2026-09-02T17-08.log
20260902T163349Z_2016_t1_2016_add16_train,2016,t1_2016_add16,train,copy sem_best_2016_t1_2016_add16.pt,1.6,1113204585,695.75,phase4_semantic_finetune_train_2016_2026-09-02T17-08.log
20260902T163349Z_2016_t1_2016_add16_train,2016,t1_2016_add16,train,copy sem_best_2016_t1_2016_add16.pt,1.7,1113204585,654.83,phase4_semantic_finetune_train_2016_2026-09-02T17-08.log
20260902T163349Z_2016_t1_2016_add16_train,2016,t1_2016_add16,train,copy sem_latest_2016_t1_2016_add16.pt,1.7,1113208865,654.83,phase4_semantic_finetune_train_2016_2026-09-02T17-08.log
20260902T163349Z_2016_t1_2016_add16_train,2016,t1_2016_add16,train,copy sem_best_2016_t1_2016_add16.pt,1.5,1113204585,742.14,phase4_semantic_finetune_train_2016_2026-09-02T17-08.log
20260902T163349Z_2016_t1_2016_add16_train,2016,t1_2016_add16,train,copy sem_best_2016_t1_2016_add16.pt,3.8,1113204585,292.95,phase4_semantic_finetune_train_2016_2026-09-02T17-08.log
20260902T163349Z_2016_t1_2016_add16_train,2016,t1_2016_add16,train,copy sem_best_2016_t1_2016_add16.pt,1.7,1113204585,654.83,phase4_semantic_finetune_train_2016_2026-09-02T17-08.log
20260902T163349Z_2016_t1_2016_add16_train,2016,t1_2016_add16,train,copy sem_best_2016_t1_2016_add16.pt,1.8,1113204585,618.45,phase4_semantic_finetune_train_2016_2026-09-02T17-08.log
20260902T163349Z_2016_t1_2016_add16_train,2016,t1_2016_add16,train,copy sem_latest_2016_t1_2016_add16.pt,1.7,1113208865,654.83,phase4_semantic_finetune_train_2016_2026-09-02T17-08.log
20260902T163349Z_2016_t1_2016_add16_train,2016,t1_2016_add16,train,copy sem_best_2016_t1_2016_add16.pt,1.7,1113204585,654.83,phase4_semantic_finetune_train_2016_2026-09-02T17-08.log
20260902T163349Z_2016_t1_2016_add16_train,2016,t1_2016_add16,train,copy sem_best_2016_t1_2016_add16.pt,1.5,1113204585,742.14,phase4_semantic_finetune_train_2016_2026-09-02T17-08.log
20260902T163349Z_2016_t1_2016_add16_train,2016,t1_2016_add16,train,copy sem_best_2016_t1_2016_add16.pt,1.7,1113204585,654.83,phase4_semantic_finetune_train_2016_2026-09-02T17-08.log
20260902T163349Z_2016_t1_2016_add16_train,2016,t1_2016_add16,train,copy sem_latest_2016_t1_2016_add16.pt,1.6,1113208865,695.76,phase4_semantic_finetune_train_2016_2026-09-02T17-08.log
20260902T163349Z_2016_t1_2016_add16_train,2016,t1_2016_add16,train,copy sem_latest_2016_t1_2016_add16.pt,1.8,1113208865,618.45,phase4_semantic_finetune_train_2016_2026-09-02T17-08.log
20260902T163349Z_2016_t1_2016_add16_train,2016,t1_2016_add16,train,copy sem_best_2016_t1_2016_add16.pt,2.4,1113204585,463.84,phase4_semantic_finetune_train_2016_2026-09-02T17-08.log
20260902T163349Z_2016_t1_2016_add16_train,2016,t1_2016_add16,train,copy sem_latest_2016_t1_2016_add16.pt,2.6,1113208865,428.16,phase4_semantic_finetune_train_2016_2026-09-02T17-08.log
20260902T163349Z_2016_t1_2016_add16_train,2016,t1_2016_add16,train,copy sem_best_2016_t1_2016_add16.pt,3.5,1113204585,318.06,phase4_semantic_finetune_train_2016_2026-09-02T17-08.log
20260902T163349Z_2016_t1_2016_add16_train,2016,t1_2016_add16,train,copy sem_best_2016_t1_2016_add16.pt,2.6,1113204585,428.16,phase4_semantic_finetune_train_2016_2026-09-02T17-08.log
20260902T163349Z_2016_t1_2016_add16_train,2016,t1_2016_add16,train,copy sem_best_2016_t1_2016_add16.pt,2.3,1113204585,484.00,phase4_semantic_finetune_train_2016_2026-09-02T17-08.log
20260902T163349Z_2016_t1_2016_add16_train,2016,t1_2016_add16,train,copy sem_best_2016_t1_2016_add16.pt,2.5,1113204585,445.28,phase4_semantic_finetune_train_2016_2026-09-02T17-08.log
20260902T163349Z_2016_t1_2016_add16_train,2016,t1_2016_add16,train,copy sem_latest_2016_t1_2016_add16.pt,2.3,1113208865,484.00,phase4_semantic_finetune_train_2016_2026-09-02T17-08.log
20260902T163349Z_2016_t1_2016_add16_train,2016,t1_2016_add16,train,copy sem_latest_2016_t1_2016_add16.pt,2.6,1113208865,428.16,phase4_semantic_finetune_train_2016_2026-09-02T17-08.log
20260902T163349Z_2016_t1_2016_add16_train,2016,t1_2016_add16,train,copy sem_best_2016_t1_2016_add16.pt,2.4,1113204585,463.84,phase4_semantic_finetune_train_2016_2026-09-02T17-08.log
20260902T163349Z_2016_t1_2016_add16_train,2016,t1_2016_add16,train,copy sem_latest_2016_t1_2016_add16.pt,2.5,1113208865,445.28,phase4_semantic_finetune_train_2016_2026-09-02T17-08.log
20260902T163349Z_2016_t1_2016_add16_train,2016,t1_2016_add16,train,copy sem_latest_2016_t1_2016_add16.pt,2.4,1113208865,463.84,phase4_semantic_finetune_train_2016_2026-09-02T17-08.log
20260902T163349Z_2016_t1_2016_add16_train,2016,t1_2016_add16,train,copy sem_latest_2016_t1_2016_add16.pt,2.6,1113208865,428.16,phase4_semantic_finetune_train_2016_2026-09-02T17-08.log
20260902T171233Z_2016_t1_2016_add16_evaluate,2016,t1_2016_add16,evaluate,copy semantic_eval_report_superseded.csv,0.0,25406,,phase4_semantic_finetune_evaluate_2016_2026-09-02T17-45.log
20260902T171233Z_2016_t1_2016_add16_evaluate,2016,t1_2016_add16,evaluate,copy semantic_eval_report.csv,0.0,,,phase4_semantic_finetune_evaluate_2016_2026-09-02T17-45.log
20260902T181503Z_2006s_t1_2006s_base_train,2006s,t1_2006s_base,train,stage tiles 2006s,11.1,,,phase4_semantic_finetune_train_2006s_2026-09-02T18-41.log
20260902T181503Z_2006s_t1_2006s_base_train,2006s,t1_2006s_base,train,copy sem_best_2006s_t1_2006s_base.pt,1.7,1113206757,654.83,phase4_semantic_finetune_train_2006s_2026-09-02T18-41.log
20260902T181503Z_2006s_t1_2006s_base_train,2006s,t1_2006s_base,train,copy sem_best_2006s_t1_2006s_base.pt,1.8,1113206757,618.45,phase4_semantic_finetune_train_2006s_2026-09-02T18-41.log
20260902T181503Z_2006s_t1_2006s_base_train,2006s,t1_2006s_base,train,copy sem_best_2006s_t1_2006s_base.pt,1.8,1113206757,618.45,phase4_semantic_finetune_train_2006s_2026-09-02T18-41.log
20260902T181503Z_2006s_t1_2006s_base_train,2006s,t1_2006s_base,train,copy sem_best_2006s_t1_2006s_base.pt,1.9,1113206757,585.90,phase4_semantic_finetune_train_2006s_2026-09-02T18-41.log
20260902T181503Z_2006s_t1_2006s_base_train,2006s,t1_2006s_base,train,copy sem_latest_2006s_t1_2006s_base.pt,1.8,1113210589,618.45,phase4_semantic_finetune_train_2006s_2026-09-02T18-41.log
20260902T181503Z_2006s_t1_2006s_base_train,2006s,t1_2006s_base,train,copy sem_best_2006s_t1_2006s_base.pt,1.9,1113206757,585.90,phase4_semantic_finetune_train_2006s_2026-09-02T18-41.log
20260902T181503Z_2006s_t1_2006s_base_train,2006s,t1_2006s_base,train,copy sem_best_2006s_t1_2006s_base.pt,1.9,1113206757,585.90,phase4_semantic_finetune_train_2006s_2026-09-02T18-41.log
20260902T181503Z_2006s_t1_2006s_base_train,2006s,t1_2006s_base,train,copy sem_best_2006s_t1_2006s_base.pt,1.9,1113206757,585.90,phase4_semantic_finetune_train_2006s_2026-09-02T18-41.log
20260902T181503Z_2006s_t1_2006s_base_train,2006s,t1_2006s_base,train,copy sem_best_2006s_t1_2006s_base.pt,1.7,1113206757,654.83,phase4_semantic_finetune_train_2006s_2026-09-02T18-41.log
20260902T181503Z_2006s_t1_2006s_base_train,2006s,t1_2006s_base,train,copy sem_best_2006s_t1_2006s_base.pt,1.9,1113206757,585.90,phase4_semantic_finetune_train_2006s_2026-09-02T18-41.log
20260902T181503Z_2006s_t1_2006s_base_train,2006s,t1_2006s_base,train,copy sem_latest_2006s_t1_2006s_base.pt,2.6,1113210589,428.16,phase4_semantic_finetune_train_2006s_2026-09-02T18-41.log
20260902T181503Z_2006s_t1_2006s_base_train,2006s,t1_2006s_base,train,copy sem_best_2006s_t1_2006s_base.pt,1.9,1113206757,585.90,phase4_semantic_finetune_train_2006s_2026-09-02T18-41.log
20260902T181503Z_2006s_t1_2006s_base_train,2006s,t1_2006s_base,train,copy sem_best_2006s_t1_2006s_base.pt,1.9,1113206757,585.90,phase4_semantic_finetune_train_2006s_2026-09-02T18-41.log
20260902T181503Z_2006s_t1_2006s_base_train,2006s,t1_2006s_base,train,copy sem_best_2006s_t1_2006s_base.pt,2.0,1113206757,556.60,phase4_semantic_finetune_train_2006s_2026-09-02T18-41.log
20260902T181503Z_2006s_t1_2006s_base_train,2006s,t1_2006s_base,train,copy sem_best_2006s_t1_2006s_base.pt,2.7,1113206757,412.30,phase4_semantic_finetune_train_2006s_2026-09-02T18-41.log
20260902T181503Z_2006s_t1_2006s_base_train,2006s,t1_2006s_base,train,copy sem_best_2006s_t1_2006s_base.pt,1.9,1113206757,585.90,phase4_semantic_finetune_train_2006s_2026-09-02T18-41.log
20260902T181503Z_2006s_t1_2006s_base_train,2006s,t1_2006s_base,train,copy sem_latest_2006s_t1_2006s_base.pt,1.8,1113210589,618.45,phase4_semantic_finetune_train_2006s_2026-09-02T18-41.log
20260902T181503Z_2006s_t1_2006s_base_train,2006s,t1_2006s_base,train,copy sem_best_2006s_t1_2006s_base.pt,1.9,1113206757,585.90,phase4_semantic_finetune_train_2006s_2026-09-02T18-41.log
20260902T181503Z_2006s_t1_2006s_base_train,2006s,t1_2006s_base,train,copy sem_best_2006s_t1_2006s_base.pt,1.8,1113206757,618.45,phase4_semantic_finetune_train_2006s_2026-09-02T18-41.log
20260902T181503Z_2006s_t1_2006s_base_train,2006s,t1_2006s_base,train,copy sem_best_2006s_t1_2006s_base.pt,1.8,1113206757,618.45,phase4_semantic_finetune_train_2006s_2026-09-02T18-41.log
20260902T181503Z_2006s_t1_2006s_base_train,2006s,t1_2006s_base,train,copy sem_best_2006s_t1_2006s_base.pt,1.9,1113206757,585.90,phase4_semantic_finetune_train_2006s_2026-09-02T18-41.log
20260902T181503Z_2006s_t1_2006s_base_train,2006s,t1_2006s_base,train,copy sem_latest_2006s_t1_2006s_base.pt,1.8,1113210589,618.45,phase4_semantic_finetune_train_2006s_2026-09-02T18-41.log
20260902T181503Z_2006s_t1_2006s_base_train,2006s,t1_2006s_base,train,copy sem_best_2006s_t1_2006s_base.pt,2.3,1113206757,484.00,phase4_semantic_finetune_train_2006s_2026-09-02T18-41.log
20260902T181503Z_2006s_t1_2006s_base_train,2006s,t1_2006s_base,train,copy sem_best_2006s_t1_2006s_base.pt,2.6,1113206757,428.16,phase4_semantic_finetune_train_2006s_2026-09-02T18-41.log
20260902T181503Z_2006s_t1_2006s_base_train,2006s,t1_2006s_base,train,copy sem_best_2006s_t1_2006s_base.pt,2.5,1113206757,445.28,phase4_semantic_finetune_train_2006s_2026-09-02T18-41.log
20260902T181503Z_2006s_t1_2006s_base_train,2006s,t1_2006s_base,train,copy sem_best_2006s_t1_2006s_base.pt,2.5,1113206757,445.28,phase4_semantic_finetune_train_2006s_2026-09-02T18-41.log
20260902T181503Z_2006s_t1_2006s_base_train,2006s,t1_2006s_base,train,copy sem_latest_2006s_t1_2006s_base.pt,2.6,1113210589,428.16,phase4_semantic_finetune_train_2006s_2026-09-02T18-41.log
20260902T181503Z_2006s_t1_2006s_base_train,2006s,t1_2006s_base,train,copy sem_best_2006s_t1_2006s_base.pt,2.4,1113206757,463.84,phase4_semantic_finetune_train_2006s_2026-09-02T18-41.log
20260902T181503Z_2006s_t1_2006s_base_train,2006s,t1_2006s_base,train,copy sem_best_2006s_t1_2006s_base.pt,2.7,1113206757,412.30,phase4_semantic_finetune_train_2006s_2026-09-02T18-41.log
20260902T181503Z_2006s_t1_2006s_base_train,2006s,t1_2006s_base,train,copy sem_best_2006s_t1_2006s_base.pt,2.4,1113206757,463.84,phase4_semantic_finetune_train_2006s_2026-09-02T18-41.log
20260902T181503Z_2006s_t1_2006s_base_train,2006s,t1_2006s_base,train,copy sem_best_2006s_t1_2006s_base.pt,2.6,1113206757,428.16,phase4_semantic_finetune_train_2006s_2026-09-02T18-41.log
20260902T181503Z_2006s_t1_2006s_base_train,2006s,t1_2006s_base,train,copy sem_latest_2006s_t1_2006s_base.pt,2.5,1113210589,445.28,phase4_semantic_finetune_train_2006s_2026-09-02T18-41.log
20260902T181503Z_2006s_t1_2006s_base_train,2006s,t1_2006s_base,train,copy sem_best_2006s_t1_2006s_base.pt,2.5,1113206757,445.28,phase4_semantic_finetune_train_2006s_2026-09-02T18-41.log
20260902T181503Z_2006s_t1_2006s_base_train,2006s,t1_2006s_base,train,copy sem_best_2006s_t1_2006s_base.pt,2.7,1113206757,412.30,phase4_semantic_finetune_train_2006s_2026-09-02T18-41.log
20260902T181503Z_2006s_t1_2006s_base_train,2006s,t1_2006s_base,train,copy sem_latest_2006s_t1_2006s_base.pt,2.5,1113210589,445.28,phase4_semantic_finetune_train_2006s_2026-09-02T18-41.log
20260902T181503Z_2006s_t1_2006s_base_train,2006s,t1_2006s_base,train,copy sem_best_2006s_t1_2006s_base.pt,2.7,1113206757,412.30,phase4_semantic_finetune_train_2006s_2026-09-02T18-41.log
20260902T181503Z_2006s_t1_2006s_base_train,2006s,t1_2006s_base,train,copy sem_best_2006s_t1_2006s_base.pt,2.3,1113206757,484.00,phase4_semantic_finetune_train_2006s_2026-09-02T18-41.log
20260902T181503Z_2006s_t1_2006s_base_train,2006s,t1_2006s_base,train,copy sem_best_2006s_t1_2006s_base.pt,2.5,1113206757,445.28,phase4_semantic_finetune_train_2006s_2026-09-02T18-41.log
20260902T181503Z_2006s_t1_2006s_base_train,2006s,t1_2006s_base,train,copy sem_best_2006s_t1_2006s_base.pt,2.5,1113206757,445.28,phase4_semantic_finetune_train_2006s_2026-09-02T18-41.log
20260902T181503Z_2006s_t1_2006s_base_train,2006s,t1_2006s_base,train,copy sem_latest_2006s_t1_2006s_base.pt,2.8,1113210589,397.58,phase4_semantic_finetune_train_2006s_2026-09-02T18-41.log
20260902T181503Z_2006s_t1_2006s_base_train,2006s,t1_2006s_base,train,copy sem_best_2006s_t1_2006s_base.pt,2.7,1113206757,412.30,phase4_semantic_finetune_train_2006s_2026-09-02T18-41.log
20260902T181503Z_2006s_t1_2006s_base_train,2006s,t1_2006s_base,train,copy sem_best_2006s_t1_2006s_base.pt,3.2,1113206757,347.88,phase4_semantic_finetune_train_2006s_2026-09-02T18-41.log
20260902T181503Z_2006s_t1_2006s_base_train,2006s,t1_2006s_base,train,copy sem_best_2006s_t1_2006s_base.pt,2.7,1113206757,412.30,phase4_semantic_finetune_train_2006s_2026-09-02T18-41.log
20260902T181503Z_2006s_t1_2006s_base_train,2006s,t1_2006s_base,train,copy sem_latest_2006s_t1_2006s_base.pt,2.6,1113210589,428.16,phase4_semantic_finetune_train_2006s_2026-09-02T18-41.log
20260902T181503Z_2006s_t1_2006s_base_train,2006s,t1_2006s_base,train,copy sem_latest_2006s_t1_2006s_base.pt,2.6,1113210589,428.16,phase4_semantic_finetune_train_2006s_2026-09-02T18-41.log
20260902T184643Z_2006s_t1_2006s_base_evaluate,2006s,t1_2006s_base,evaluate,copy semantic_eval_report_superseded.csv,0.0,25406,,phase4_semantic_finetune_evaluate_2006s_2026-09-02T18-55.log
20260902T184643Z_2006s_t1_2006s_base_evaluate,2006s,t1_2006s_base,evaluate,copy semantic_eval_report.csv,0.0,,,phase4_semantic_finetune_evaluate_2006s_2026-09-02T18-55.log
20260902T185604Z_2006s_t1_2006s_add05_train,2006s,t1_2006s_add05,train,stage tiles 2006s,50.2,,,phase4_semantic_finetune_train_2006s_2026-09-02T19-28.log
20260902T185604Z_2006s_t1_2006s_add05_train,2006s,t1_2006s_add05,train,copy sem_best_2006s_t1_2006s_add05.pt,1.9,1113208801,585.90,phase4_semantic_finetune_train_2006s_2026-09-02T19-28.log
20260902T185604Z_2006s_t1_2006s_add05_train,2006s,t1_2006s_add05,train,copy sem_best_2006s_t1_2006s_add05.pt,1.8,1113208801,618.45,phase4_semantic_finetune_train_2006s_2026-09-02T19-28.log
20260902T185604Z_2006s_t1_2006s_add05_train,2006s,t1_2006s_add05,train,copy sem_best_2006s_t1_2006s_add05.pt,1.7,1113208801,654.83,phase4_semantic_finetune_train_2006s_2026-09-02T19-28.log
20260902T185604Z_2006s_t1_2006s_add05_train,2006s,t1_2006s_add05,train,copy sem_best_2006s_t1_2006s_add05.pt,1.8,1113208801,618.45,phase4_semantic_finetune_train_2006s_2026-09-02T19-28.log
20260902T185604Z_2006s_t1_2006s_add05_train,2006s,t1_2006s_add05,train,copy sem_best_2006s_t1_2006s_add05.pt,1.7,1113208801,654.83,phase4_semantic_finetune_train_2006s_2026-09-02T19-28.log
20260902T185604Z_2006s_t1_2006s_add05_train,2006s,t1_2006s_add05,train,copy sem_latest_2006s_t1_2006s_add05.pt,1.8,1113212313,618.45,phase4_semantic_finetune_train_2006s_2026-09-02T19-28.log
20260902T185604Z_2006s_t1_2006s_add05_train,2006s,t1_2006s_add05,train,copy sem_best_2006s_t1_2006s_add05.pt,1.9,1113208801,585.90,phase4_semantic_finetune_train_2006s_2026-09-02T19-28.log
20260902T185604Z_2006s_t1_2006s_add05_train,2006s,t1_2006s_add05,train,copy sem_best_2006s_t1_2006s_add05.pt,1.7,1113208801,654.83,phase4_semantic_finetune_train_2006s_2026-09-02T19-28.log
20260902T185604Z_2006s_t1_2006s_add05_train,2006s,t1_2006s_add05,train,copy sem_best_2006s_t1_2006s_add05.pt,1.8,1113208801,618.45,phase4_semantic_finetune_train_2006s_2026-09-02T19-28.log
20260902T185604Z_2006s_t1_2006s_add05_train,2006s,t1_2006s_add05,train,copy sem_best_2006s_t1_2006s_add05.pt,1.8,1113208801,618.45,phase4_semantic_finetune_train_2006s_2026-09-02T19-28.log
20260902T185604Z_2006s_t1_2006s_add05_train,2006s,t1_2006s_add05,train,copy sem_best_2006s_t1_2006s_add05.pt,2.0,1113208801,556.60,phase4_semantic_finetune_train_2006s_2026-09-02T19-28.log
20260902T185604Z_2006s_t1_2006s_add05_train,2006s,t1_2006s_add05,train,copy sem_latest_2006s_t1_2006s_add05.pt,1.7,1113212313,654.83,phase4_semantic_finetune_train_2006s_2026-09-02T19-28.log
20260902T185604Z_2006s_t1_2006s_add05_train,2006s,t1_2006s_add05,train,copy sem_best_2006s_t1_2006s_add05.pt,1.7,1113208801,654.83,phase4_semantic_finetune_train_2006s_2026-09-02T19-28.log
20260902T185604Z_2006s_t1_2006s_add05_train,2006s,t1_2006s_add05,train,copy sem_best_2006s_t1_2006s_add05.pt,1.9,1113208801,585.90,phase4_semantic_finetune_train_2006s_2026-09-02T19-28.log
20260902T185604Z_2006s_t1_2006s_add05_train,2006s,t1_2006s_add05,train,copy sem_best_2006s_t1_2006s_add05.pt,2.0,1113208801,556.60,phase4_semantic_finetune_train_2006s_2026-09-02T19-28.log
20260902T185604Z_2006s_t1_2006s_add05_train,2006s,t1_2006s_add05,train,copy sem_best_2006s_t1_2006s_add05.pt,2.0,1113208801,556.60,phase4_semantic_finetune_train_2006s_2026-09-02T19-28.log
20260902T185604Z_2006s_t1_2006s_add05_train,2006s,t1_2006s_add05,train,copy sem_best_2006s_t1_2006s_add05.pt,2.7,1113208801,412.30,phase4_semantic_finetune_train_2006s_2026-09-02T19-28.log
20260902T185604Z_2006s_t1_2006s_add05_train,2006s,t1_2006s_add05,train,copy sem_latest_2006s_t1_2006s_add05.pt,1.9,1113212313,585.90,phase4_semantic_finetune_train_2006s_2026-09-02T19-28.log
20260902T185604Z_2006s_t1_2006s_add05_train,2006s,t1_2006s_add05,train,copy sem_best_2006s_t1_2006s_add05.pt,2.0,1113208801,556.60,phase4_semantic_finetune_train_2006s_2026-09-02T19-28.log
20260902T185604Z_2006s_t1_2006s_add05_train,2006s,t1_2006s_add05,train,copy sem_best_2006s_t1_2006s_add05.pt,1.8,1113208801,618.45,phase4_semantic_finetune_train_2006s_2026-09-02T19-28.log
20260902T185604Z_2006s_t1_2006s_add05_train,2006s,t1_2006s_add05,train,copy sem_best_2006s_t1_2006s_add05.pt,1.7,1113208801,654.83,phase4_semantic_finetune_train_2006s_2026-09-02T19-28.log
20260902T185604Z_2006s_t1_2006s_add05_train,2006s,t1_2006s_add05,train,copy sem_best_2006s_t1_2006s_add05.pt,9.1,1113208801,122.33,phase4_semantic_finetune_train_2006s_2026-09-02T19-28.log
20260902T185604Z_2006s_t1_2006s_add05_train,2006s,t1_2006s_add05,train,copy sem_latest_2006s_t1_2006s_add05.pt,2.0,1113212313,556.61,phase4_semantic_finetune_train_2006s_2026-09-02T19-28.log
20260902T185604Z_2006s_t1_2006s_add05_train,2006s,t1_2006s_add05,train,copy sem_best_2006s_t1_2006s_add05.pt,2.8,1113208801,397.57,phase4_semantic_finetune_train_2006s_2026-09-02T19-28.log
20260902T185604Z_2006s_t1_2006s_add05_train,2006s,t1_2006s_add05,train,copy sem_best_2006s_t1_2006s_add05.pt,2.6,1113208801,428.16,phase4_semantic_finetune_train_2006s_2026-09-02T19-28.log
20260902T185604Z_2006s_t1_2006s_add05_train,2006s,t1_2006s_add05,train,copy sem_best_2006s_t1_2006s_add05.pt,2.5,1113208801,445.28,phase4_semantic_finetune_train_2006s_2026-09-02T19-28.log
20260902T185604Z_2006s_t1_2006s_add05_train,2006s,t1_2006s_add05,train,copy sem_best_2006s_t1_2006s_add05.pt,2.6,1113208801,428.16,phase4_semantic_finetune_train_2006s_2026-09-02T19-28.log
20260902T185604Z_2006s_t1_2006s_add05_train,2006s,t1_2006s_add05,train,copy sem_latest_2006s_t1_2006s_add05.pt,2.7,1113212313,412.30,phase4_semantic_finetune_train_2006s_2026-09-02T19-28.log
20260902T185604Z_2006s_t1_2006s_add05_train,2006s,t1_2006s_add05,train,copy sem_best_2006s_t1_2006s_add05.pt,2.8,1113208801,397.57,phase4_semantic_finetune_train_2006s_2026-09-02T19-28.log
20260902T185604Z_2006s_t1_2006s_add05_train,2006s,t1_2006s_add05,train,copy sem_best_2006s_t1_2006s_add05.pt,2.6,1113208801,428.16,phase4_semantic_finetune_train_2006s_2026-09-02T19-28.log
20260902T185604Z_2006s_t1_2006s_add05_train,2006s,t1_2006s_add05,train,copy sem_best_2006s_t1_2006s_add05.pt,2.6,1113208801,428.16,phase4_semantic_finetune_train_2006s_2026-09-02T19-28.log
20260902T185604Z_2006s_t1_2006s_add05_train,2006s,t1_2006s_add05,train,copy sem_best_2006s_t1_2006s_add05.pt,2.8,1113208801,397.57,phase4_semantic_finetune_train_2006s_2026-09-02T19-28.log
20260902T185604Z_2006s_t1_2006s_add05_train,2006s,t1_2006s_add05,train,copy sem_latest_2006s_t1_2006s_add05.pt,2.6,1113212313,428.16,phase4_semantic_finetune_train_2006s_2026-09-02T19-28.log
20260902T185604Z_2006s_t1_2006s_add05_train,2006s,t1_2006s_add05,train,copy sem_best_2006s_t1_2006s_add05.pt,2.6,1113208801,428.16,phase4_semantic_finetune_train_2006s_2026-09-02T19-28.log
20260902T185604Z_2006s_t1_2006s_add05_train,2006s,t1_2006s_add05,train,copy sem_latest_2006s_t1_2006s_add05.pt,2.7,1113212313,412.30,phase4_semantic_finetune_train_2006s_2026-09-02T19-28.log
20260902T185604Z_2006s_t1_2006s_add05_train,2006s,t1_2006s_add05,train,copy sem_best_2006s_t1_2006s_add05.pt,2.8,1113208801,397.57,phase4_semantic_finetune_train_2006s_2026-09-02T19-28.log
20260902T185604Z_2006s_t1_2006s_add05_train,2006s,t1_2006s_add05,train,copy sem_best_2006s_t1_2006s_add05.pt,2.5,1113208801,445.28,phase4_semantic_finetune_train_2006s_2026-09-02T19-28.log
20260902T185604Z_2006s_t1_2006s_add05_train,2006s,t1_2006s_add05,train,copy sem_best_2006s_t1_2006s_add05.pt,2.8,1113208801,397.57,phase4_semantic_finetune_train_2006s_2026-09-02T19-28.log
20260902T185604Z_2006s_t1_2006s_add05_train,2006s,t1_2006s_add05,train,copy sem_latest_2006s_t1_2006s_add05.pt,3.0,1113212313,371.07,phase4_semantic_finetune_train_2006s_2026-09-02T19-28.log
20260902T185604Z_2006s_t1_2006s_add05_train,2006s,t1_2006s_add05,train,copy sem_best_2006s_t1_2006s_add05.pt,2.7,1113208801,412.30,phase4_semantic_finetune_train_2006s_2026-09-02T19-28.log
20260902T185604Z_2006s_t1_2006s_add05_train,2006s,t1_2006s_add05,train,copy sem_best_2006s_t1_2006s_add05.pt,2.7,1113208801,412.30,phase4_semantic_finetune_train_2006s_2026-09-02T19-28.log
20260902T185604Z_2006s_t1_2006s_add05_train,2006s,t1_2006s_add05,train,copy sem_latest_2006s_t1_2006s_add05.pt,2.5,1113212313,445.28,phase4_semantic_finetune_train_2006s_2026-09-02T19-28.log
20260902T185604Z_2006s_t1_2006s_add05_train,2006s,t1_2006s_add05,train,copy sem_best_2006s_t1_2006s_add05.pt,2.9,1113208801,383.87,phase4_semantic_finetune_train_2006s_2026-09-02T19-28.log
20260902T185604Z_2006s_t1_2006s_add05_train,2006s,t1_2006s_add05,train,copy sem_best_2006s_t1_2006s_add05.pt,2.9,1113208801,383.87,phase4_semantic_finetune_train_2006s_2026-09-02T19-28.log
20260902T185604Z_2006s_t1_2006s_add05_train,2006s,t1_2006s_add05,train,copy sem_latest_2006s_t1_2006s_add05.pt,2.7,1113212313,412.30,phase4_semantic_finetune_train_2006s_2026-09-02T19-28.log
20260902T193752Z_2006s_t1_2006s_add05_evaluate,2006s,t1_2006s_add05,evaluate,copy semantic_eval_report_superseded.csv,0.0,25406,,phase4_semantic_finetune_evaluate_2006s_2026-09-02T19-48.log
20260902T193752Z_2006s_t1_2006s_add05_evaluate,2006s,t1_2006s_add05,evaluate,copy semantic_eval_report.csv,0.0,,,phase4_semantic_finetune_evaluate_2006s_2026-09-02T19-48.log
20260902T200800Z_2016_t1_2016_in05_train,2016,t1_2016_in05,train,stage tiles 2016,172.6,,,phase4_semantic_finetune_train_2016_2026-09-02T20-35.log
20260902T200800Z_2016_t1_2016_in05_train,2016,t1_2016_in05,train,copy sem_best_2016_t1_2016_in05.pt,1.9,1113240109,585.92,phase4_semantic_finetune_train_2016_2026-09-02T20-35.log
20260902T200800Z_2016_t1_2016_in05_train,2016,t1_2016_in05,train,copy sem_best_2016_t1_2016_in05.pt,1.7,1113240109,654.85,phase4_semantic_finetune_train_2016_2026-09-02T20-35.log
20260902T200800Z_2016_t1_2016_in05_train,2016,t1_2016_in05,train,copy sem_best_2016_t1_2016_in05.pt,2.0,1113240109,556.62,phase4_semantic_finetune_train_2016_2026-09-02T20-35.log
20260902T200800Z_2016_t1_2016_in05_train,2016,t1_2016_in05,train,copy sem_best_2016_t1_2016_in05.pt,1.7,1113240109,654.85,phase4_semantic_finetune_train_2016_2026-09-02T20-35.log
20260902T200800Z_2016_t1_2016_in05_train,2016,t1_2016_in05,train,copy sem_best_2016_t1_2016_in05.pt,2.0,1113240109,556.62,phase4_semantic_finetune_train_2016_2026-09-02T20-35.log
20260902T200800Z_2016_t1_2016_in05_train,2016,t1_2016_in05,train,copy sem_best_2016_t1_2016_in05.pt,1.7,1113240109,654.85,phase4_semantic_finetune_train_2016_2026-09-02T20-35.log
20260902T200800Z_2016_t1_2016_in05_train,2016,t1_2016_in05,train,copy sem_best_2016_t1_2016_in05.pt,1.6,1113240109,695.78,phase4_semantic_finetune_train_2016_2026-09-02T20-35.log
20260902T200800Z_2016_t1_2016_in05_train,2016,t1_2016_in05,train,copy sem_best_2016_t1_2016_in05.pt,1.7,1113240109,654.85,phase4_semantic_finetune_train_2016_2026-09-02T20-35.log
20260902T200800Z_2016_t1_2016_in05_train,2016,t1_2016_in05,train,copy sem_best_2016_t1_2016_in05.pt,1.7,1113240109,654.85,phase4_semantic_finetune_train_2016_2026-09-02T20-35.log
20260902T200800Z_2016_t1_2016_in05_train,2016,t1_2016_in05,train,copy sem_best_2016_t1_2016_in05.pt,1.8,1113240109,618.47,phase4_semantic_finetune_train_2016_2026-09-02T20-35.log
20260902T200800Z_2016_t1_2016_in05_train,2016,t1_2016_in05,train,copy sem_best_2016_t1_2016_in05.pt,1.6,1113240109,695.78,phase4_semantic_finetune_train_2016_2026-09-02T20-35.log
20260902T200800Z_2016_t1_2016_in05_train,2016,t1_2016_in05,train,copy sem_best_2016_t1_2016_in05.pt,2.4,1113240109,463.85,phase4_semantic_finetune_train_2016_2026-09-02T20-35.log
20260902T200800Z_2016_t1_2016_in05_train,2016,t1_2016_in05,train,copy sem_best_2016_t1_2016_in05.pt,2.2,1113240109,506.02,phase4_semantic_finetune_train_2016_2026-09-02T20-35.log
20260902T200800Z_2016_t1_2016_in05_train,2016,t1_2016_in05,train,copy sem_best_2016_t1_2016_in05.pt,2.5,1113240109,445.30,phase4_semantic_finetune_train_2016_2026-09-02T20-35.log
20260902T200800Z_2016_t1_2016_in05_train,2016,t1_2016_in05,train,copy sem_best_2016_t1_2016_in05.pt,2.6,1113240109,428.17,phase4_semantic_finetune_train_2016_2026-09-02T20-35.log
20260902T200800Z_2016_t1_2016_in05_train,2016,t1_2016_in05,train,copy sem_best_2016_t1_2016_in05.pt,2.3,1113240109,484.02,phase4_semantic_finetune_train_2016_2026-09-02T20-35.log
20260902T203550Z_2016_t1_2016_in05_evaluate,2016,t1_2016_in05,evaluate,copy semantic_eval_report.csv,0.0,,,phase4_semantic_finetune_evaluate_2016_2026-09-02T20-39.log
20260902T203939Z_2016_t1_2016_in16_train,2016,t1_2016_in16,train,stage tiles 2016,294.4,,,phase4_semantic_finetune_train_2016_2026-09-02T21-10.log
20260902T203939Z_2016_t1_2016_in16_train,2016,t1_2016_in16,train,copy sem_best_2016_t1_2016_in16.pt,1.5,1113240941,742.16,phase4_semantic_finetune_train_2016_2026-09-02T21-10.log
20260902T203939Z_2016_t1_2016_in16_train,2016,t1_2016_in16,train,copy sem_best_2016_t1_2016_in16.pt,1.5,1113240941,742.16,phase4_semantic_finetune_train_2016_2026-09-02T21-10.log
20260902T203939Z_2016_t1_2016_in16_train,2016,t1_2016_in16,train,copy sem_best_2016_t1_2016_in16.pt,1.7,1113240941,654.85,phase4_semantic_finetune_train_2016_2026-09-02T21-10.log
20260902T203939Z_2016_t1_2016_in16_train,2016,t1_2016_in16,train,copy sem_best_2016_t1_2016_in16.pt,1.7,1113240941,654.85,phase4_semantic_finetune_train_2016_2026-09-02T21-10.log
20260902T203939Z_2016_t1_2016_in16_train,2016,t1_2016_in16,train,copy sem_best_2016_t1_2016_in16.pt,1.7,1113240941,654.85,phase4_semantic_finetune_train_2016_2026-09-02T21-10.log
20260902T203939Z_2016_t1_2016_in16_train,2016,t1_2016_in16,train,copy sem_best_2016_t1_2016_in16.pt,1.5,1113240941,742.16,phase4_semantic_finetune_train_2016_2026-09-02T21-10.log
20260902T203939Z_2016_t1_2016_in16_train,2016,t1_2016_in16,train,copy sem_best_2016_t1_2016_in16.pt,1.6,1113240941,695.78,phase4_semantic_finetune_train_2016_2026-09-02T21-10.log
20260902T203939Z_2016_t1_2016_in16_train,2016,t1_2016_in16,train,copy sem_best_2016_t1_2016_in16.pt,1.7,1113240941,654.85,phase4_semantic_finetune_train_2016_2026-09-02T21-10.log
20260902T203939Z_2016_t1_2016_in16_train,2016,t1_2016_in16,train,copy sem_best_2016_t1_2016_in16.pt,1.6,1113240941,695.78,phase4_semantic_finetune_train_2016_2026-09-02T21-10.log
20260902T203939Z_2016_t1_2016_in16_train,2016,t1_2016_in16,train,copy sem_best_2016_t1_2016_in16.pt,1.6,1113240941,695.78,phase4_semantic_finetune_train_2016_2026-09-02T21-10.log
20260902T203939Z_2016_t1_2016_in16_train,2016,t1_2016_in16,train,copy sem_best_2016_t1_2016_in16.pt,1.7,1113240941,654.85,phase4_semantic_finetune_train_2016_2026-09-02T21-10.log
20260902T203939Z_2016_t1_2016_in16_train,2016,t1_2016_in16,train,copy sem_best_2016_t1_2016_in16.pt,1.8,1113240941,618.47,phase4_semantic_finetune_train_2016_2026-09-02T21-10.log
20260902T203939Z_2016_t1_2016_in16_train,2016,t1_2016_in16,train,copy sem_best_2016_t1_2016_in16.pt,1.8,1113240941,618.47,phase4_semantic_finetune_train_2016_2026-09-02T21-10.log
20260902T203939Z_2016_t1_2016_in16_train,2016,t1_2016_in16,train,copy sem_best_2016_t1_2016_in16.pt,1.6,1113240941,695.78,phase4_semantic_finetune_train_2016_2026-09-02T21-10.log
20260902T203939Z_2016_t1_2016_in16_train,2016,t1_2016_in16,train,copy sem_best_2016_t1_2016_in16.pt,1.9,1113240941,585.92,phase4_semantic_finetune_train_2016_2026-09-02T21-10.log
20260902T203939Z_2016_t1_2016_in16_train,2016,t1_2016_in16,train,copy sem_best_2016_t1_2016_in16.pt,2.3,1113240941,484.02,phase4_semantic_finetune_train_2016_2026-09-02T21-10.log
20260902T203939Z_2016_t1_2016_in16_train,2016,t1_2016_in16,train,copy sem_best_2016_t1_2016_in16.pt,2.7,1113240941,412.31,phase4_semantic_finetune_train_2016_2026-09-02T21-10.log
20260902T203939Z_2016_t1_2016_in16_train,2016,t1_2016_in16,train,copy sem_best_2016_t1_2016_in16.pt,2.5,1113240941,445.30,phase4_semantic_finetune_train_2016_2026-09-02T21-10.log
20260902T203939Z_2016_t1_2016_in16_train,2016,t1_2016_in16,train,copy sem_best_2016_t1_2016_in16.pt,2.6,1113240941,428.17,phase4_semantic_finetune_train_2016_2026-09-02T21-10.log
20260902T203939Z_2016_t1_2016_in16_train,2016,t1_2016_in16,train,copy sem_best_2016_t1_2016_in16.pt,2.3,1113240941,484.02,phase4_semantic_finetune_train_2016_2026-09-02T21-10.log
20260902T203939Z_2016_t1_2016_in16_train,2016,t1_2016_in16,train,copy sem_best_2016_t1_2016_in16.pt,2.4,1113240941,463.85,phase4_semantic_finetune_train_2016_2026-09-02T21-10.log
20260902T203939Z_2016_t1_2016_in16_train,2016,t1_2016_in16,train,copy sem_best_2016_t1_2016_in16.pt,2.7,1113240941,412.31,phase4_semantic_finetune_train_2016_2026-09-02T21-10.log
20260902T203939Z_2016_t1_2016_in16_train,2016,t1_2016_in16,train,copy sem_best_2016_t1_2016_in16.pt,2.3,1113240941,484.02,phase4_semantic_finetune_train_2016_2026-09-02T21-10.log
20260902T211743Z_2016_t1_2016_in16_evaluate,2016,t1_2016_in16,evaluate,copy semantic_eval_report.csv,0.0,,,phase4_semantic_finetune_evaluate_2016_2026-09-02T21-19.log
20260902T211959Z_2016_t1_2016_nir_train,2016,t1_2016_nir,train,stage tiles 2016,371.4,,,phase4_semantic_finetune_train_2016_2026-09-02T21-48.log
20260902T211959Z_2016_t1_2016_nir_train,2016,t1_2016_nir,train,copy sem_best_2016_t1_2016_nir.pt,1.9,1113239153,585.92,phase4_semantic_finetune_train_2016_2026-09-02T21-48.log
20260902T211959Z_2016_t1_2016_nir_train,2016,t1_2016_nir,train,copy sem_best_2016_t1_2016_nir.pt,1.6,1113239153,695.77,phase4_semantic_finetune_train_2016_2026-09-02T21-48.log
20260902T211959Z_2016_t1_2016_nir_train,2016,t1_2016_nir,train,copy sem_best_2016_t1_2016_nir.pt,1.6,1113239153,695.77,phase4_semantic_finetune_train_2016_2026-09-02T21-48.log
20260902T211959Z_2016_t1_2016_nir_train,2016,t1_2016_nir,train,copy sem_best_2016_t1_2016_nir.pt,1.6,1113239153,695.77,phase4_semantic_finetune_train_2016_2026-09-02T21-48.log
20260902T211959Z_2016_t1_2016_nir_train,2016,t1_2016_nir,train,copy sem_best_2016_t1_2016_nir.pt,1.9,1113239153,585.92,phase4_semantic_finetune_train_2016_2026-09-02T21-48.log
20260902T211959Z_2016_t1_2016_nir_train,2016,t1_2016_nir,train,copy sem_best_2016_t1_2016_nir.pt,1.7,1113239153,654.85,phase4_semantic_finetune_train_2016_2026-09-02T21-48.log
20260902T211959Z_2016_t1_2016_nir_train,2016,t1_2016_nir,train,copy sem_best_2016_t1_2016_nir.pt,1.6,1113239153,695.77,phase4_semantic_finetune_train_2016_2026-09-02T21-48.log
20260902T211959Z_2016_t1_2016_nir_train,2016,t1_2016_nir,train,copy sem_best_2016_t1_2016_nir.pt,1.5,1113239153,742.16,phase4_semantic_finetune_train_2016_2026-09-02T21-48.log
20260902T211959Z_2016_t1_2016_nir_train,2016,t1_2016_nir,train,copy sem_best_2016_t1_2016_nir.pt,1.9,1113239153,585.92,phase4_semantic_finetune_train_2016_2026-09-02T21-48.log
20260902T211959Z_2016_t1_2016_nir_train,2016,t1_2016_nir,train,copy sem_best_2016_t1_2016_nir.pt,1.6,1113239153,695.77,phase4_semantic_finetune_train_2016_2026-09-02T21-48.log
20260902T211959Z_2016_t1_2016_nir_train,2016,t1_2016_nir,train,copy sem_best_2016_t1_2016_nir.pt,1.6,1113239153,695.77,phase4_semantic_finetune_train_2016_2026-09-02T21-48.log
20260902T211959Z_2016_t1_2016_nir_train,2016,t1_2016_nir,train,copy sem_best_2016_t1_2016_nir.pt,2.4,1113239153,463.85,phase4_semantic_finetune_train_2016_2026-09-02T21-48.log
20260902T211959Z_2016_t1_2016_nir_train,2016,t1_2016_nir,train,copy sem_best_2016_t1_2016_nir.pt,2.2,1113239153,506.02,phase4_semantic_finetune_train_2016_2026-09-02T21-48.log
20260902T211959Z_2016_t1_2016_nir_train,2016,t1_2016_nir,train,copy sem_best_2016_t1_2016_nir.pt,2.2,1113239153,506.02,phase4_semantic_finetune_train_2016_2026-09-02T21-48.log
20260902T211959Z_2016_t1_2016_nir_train,2016,t1_2016_nir,train,copy sem_best_2016_t1_2016_nir.pt,2.4,1113239153,463.85,phase4_semantic_finetune_train_2016_2026-09-02T21-48.log
20260902T211959Z_2016_t1_2016_nir_train,2016,t1_2016_nir,train,copy sem_best_2016_t1_2016_nir.pt,2.6,1113239153,428.17,phase4_semantic_finetune_train_2016_2026-09-02T21-48.log
20260902T211959Z_2016_t1_2016_nir_train,2016,t1_2016_nir,train,copy sem_best_2016_t1_2016_nir.pt,2.4,1113239153,463.85,phase4_semantic_finetune_train_2016_2026-09-02T21-48.log
20260902T214945Z_2016_t1_2016_nir_evaluate,2016,t1_2016_nir,evaluate,copy semantic_eval_report_superseded.csv,0.0,25406,,phase4_semantic_finetune_evaluate_2016_2026-09-02T21-51.log
20260902T214945Z_2016_t1_2016_nir_evaluate,2016,t1_2016_nir,evaluate,copy semantic_eval_report.csv,0.0,,,phase4_semantic_finetune_evaluate_2016_2026-09-02T21-51.log
20260902T215147Z_2020_t1_2020_base_train,2020,t1_2020_base,train,stage tiles 2020,478.6,,,phase4_semantic_finetune_train_2020_2026-09-02T22-28.log
20260902T215147Z_2020_t1_2020_base_train,2020,t1_2020_base,train,copy sem_best_2020_t1_2020_base.pt,1.8,772907879,429.39,phase4_semantic_finetune_train_2020_2026-09-02T22-28.log
20260902T215147Z_2020_t1_2020_base_train,2020,t1_2020_base,train,copy sem_best_2020_t1_2020_base.pt,1.7,772907879,454.65,phase4_semantic_finetune_train_2020_2026-09-02T22-28.log
20260902T215147Z_2020_t1_2020_base_train,2020,t1_2020_base,train,copy sem_best_2020_t1_2020_base.pt,2.4,772907879,322.04,phase4_semantic_finetune_train_2020_2026-09-02T22-28.log
20260902T215147Z_2020_t1_2020_base_train,2020,t1_2020_base,train,copy sem_best_2020_t1_2020_base.pt,1.7,772907879,454.65,phase4_semantic_finetune_train_2020_2026-09-02T22-28.log
20260902T215147Z_2020_t1_2020_base_train,2020,t1_2020_base,train,copy sem_best_2020_t1_2020_base.pt,1.6,772907879,483.07,phase4_semantic_finetune_train_2020_2026-09-02T22-28.log
20260902T215147Z_2020_t1_2020_base_train,2020,t1_2020_base,train,copy sem_best_2020_t1_2020_base.pt,1.6,772907879,483.07,phase4_semantic_finetune_train_2020_2026-09-02T22-28.log
20260902T215147Z_2020_t1_2020_base_train,2020,t1_2020_base,train,copy sem_best_2020_t1_2020_base.pt,1.8,772907879,429.39,phase4_semantic_finetune_train_2020_2026-09-02T22-28.log
20260902T215147Z_2020_t1_2020_base_train,2020,t1_2020_base,train,copy sem_best_2020_t1_2020_base.pt,1.7,772907879,454.65,phase4_semantic_finetune_train_2020_2026-09-02T22-28.log
20260902T224144Z_2020_t1_2020_base_evaluate,2020,t1_2020_base,evaluate,copy semantic_eval_report.csv,0.0,,,phase4_semantic_finetune_evaluate_2020_2026-09-02T22-45.log
20260902T232056Z_2020_t1_2020_add05_evaluate,2020,t1_2020_add05,evaluate,copy semantic_eval_report_superseded.csv,0.0,25406,,phase4_semantic_finetune_evaluate_2020_2026-09-02T23-23.log
20260902T232056Z_2020_t1_2020_add05_evaluate,2020,t1_2020_add05,evaluate,copy semantic_eval_report.csv,0.0,,,phase4_semantic_finetune_evaluate_2020_2026-09-02T23-23.log
20260902T233859Z_2020_t1_2020_in05_tile,2020,t1_2020_in05,tile,stage 2020_coe_rgb.tif,619.5,27147166704,43.82,phase4_semantic_finetune_tile_2020_2026-09-03T00-08.log
20260902T233859Z_2020_t1_2020_in05_tile,2020,t1_2020_in05,tile,stage edmonds_canopy_mask_2020.tif,6.6,287816390,43.61,phase4_semantic_finetune_tile_2020_2026-09-03T00-08.log
20260902T233859Z_2020_t1_2020_in05_tile,2020,t1_2020_in05,tile,stage lidar_chm2005_2m.tif,3.2,6393504,2.00,phase4_semantic_finetune_tile_2020_2026-09-03T00-08.log
20260903T000844Z_2020_t1_2020_in05_train,2020,t1_2020_in05,train,stage tiles 2020,482.3,,,phase4_semantic_finetune_train_2020_2026-09-03T00-41.log
20260903T000844Z_2020_t1_2020_in05_train,2020,t1_2020_in05,train,copy sem_best_2020_t1_2020_in05.pt,1.7,773021944,454.72,phase4_semantic_finetune_train_2020_2026-09-03T00-41.log
20260903T000844Z_2020_t1_2020_in05_train,2020,t1_2020_in05,train,copy sem_best_2020_t1_2020_in05.pt,1.7,773021944,454.72,phase4_semantic_finetune_train_2020_2026-09-03T00-41.log
20260903T000844Z_2020_t1_2020_in05_train,2020,t1_2020_in05,train,copy sem_best_2020_t1_2020_in05.pt,1.5,773021944,515.35,phase4_semantic_finetune_train_2020_2026-09-03T00-41.log
20260903T000844Z_2020_t1_2020_in05_train,2020,t1_2020_in05,train,copy sem_best_2020_t1_2020_in05.pt,1.7,773021944,454.72,phase4_semantic_finetune_train_2020_2026-09-03T00-41.log
20260903T000844Z_2020_t1_2020_in05_train,2020,t1_2020_in05,train,copy sem_best_2020_t1_2020_in05.pt,4.1,773021944,188.54,phase4_semantic_finetune_train_2020_2026-09-03T00-41.log
20260903T000844Z_2020_t1_2020_in05_train,2020,t1_2020_in05,train,copy sem_best_2020_t1_2020_in05.pt,1.7,773021944,454.72,phase4_semantic_finetune_train_2020_2026-09-03T00-41.log
20260903T000844Z_2020_t1_2020_in05_train,2020,t1_2020_in05,train,copy sem_best_2020_t1_2020_in05.pt,1.6,773021944,483.14,phase4_semantic_finetune_train_2020_2026-09-03T00-41.log
20260903T000844Z_2020_t1_2020_in05_train,2020,t1_2020_in05,train,copy sem_best_2020_t1_2020_in05.pt,1.7,773021944,454.72,phase4_semantic_finetune_train_2020_2026-09-03T00-41.log
20260903T000844Z_2020_t1_2020_in05_train,2020,t1_2020_in05,train,copy sem_best_2020_t1_2020_in05.pt,1.7,773021944,454.72,phase4_semantic_finetune_train_2020_2026-09-03T00-41.log
20260903T002003Z_2006s_t1_2006s_base_inference,2006s,t1_2006s_base,inference,stage 2006_snoh_1m_rgb.tif,3.9,218544136,56.04,phase4_semantic_finetune_inference_2006s_2026-09-03T00-24.log
20260903T002003Z_2006s_t1_2006s_base_inference,2006s,t1_2006s_base,inference,inference,47.2,,,phase4_semantic_finetune_inference_2006s_2026-09-03T00-24.log
20260903T002003Z_2006s_t1_2006s_base_inference,2006s,t1_2006s_base,inference,copy edmonds_canopy_prob_2006s_t1_2006s_base.tif,0.0,10247485,,phase4_semantic_finetune_inference_2006s_2026-09-03T00-24.log
20260903T002503Z_2006s_t1_2006s_add05_inference,2006s,t1_2006s_add05,inference,stage 2006_snoh_1m_rgb.tif,4.7,218544136,46.50,phase4_semantic_finetune_inference_2006s_2026-09-03T00-28.log
20260903T002503Z_2006s_t1_2006s_add05_inference,2006s,t1_2006s_add05,inference,inference,46.2,,,phase4_semantic_finetune_inference_2006s_2026-09-03T00-28.log
20260903T002503Z_2006s_t1_2006s_add05_inference,2006s,t1_2006s_add05,inference,copy edmonds_canopy_prob_2006s_t1_2006s_add05.tif,0.0,11162762,,phase4_semantic_finetune_inference_2006s_2026-09-03T00-28.log
20260903T002958Z_2006s_t1_2006s_add16_inference,2006s,t1_2006s_add16,inference,stage 2006_snoh_1m_rgb.tif,3.5,218544136,62.44,phase4_semantic_finetune_inference_2006s_2026-09-03T00-32.log
20260903T002958Z_2006s_t1_2006s_add16_inference,2006s,t1_2006s_add16,inference,inference,46.3,,,phase4_semantic_finetune_inference_2006s_2026-09-03T00-32.log
20260903T002958Z_2006s_t1_2006s_add16_inference,2006s,t1_2006s_add16,inference,copy edmonds_canopy_prob_2006s_t1_2006s_add16.tif,0.0,7473197,,phase4_semantic_finetune_inference_2006s_2026-09-03T00-32.log
20260903T003300Z_2006s_t1_2006s_in05_inference,2006s,t1_2006s_in05,inference,stage 2006_snoh_1m_rgb.tif,3.2,218544136,68.30,phase4_semantic_finetune_inference_2006s_2026-09-03T00-40.log
20260903T003300Z_2006s_t1_2006s_in05_inference,2006s,t1_2006s_in05,inference,stage lidar_chm2005_2m.tif,106.1,6393504,0.06,phase4_semantic_finetune_inference_2006s_2026-09-03T00-40.log
20260903T003300Z_2006s_t1_2006s_in05_inference,2006s,t1_2006s_in05,inference,inference,156.4,,,phase4_semantic_finetune_inference_2006s_2026-09-03T00-40.log
20260903T003300Z_2006s_t1_2006s_in05_inference,2006s,t1_2006s_in05,inference,copy edmonds_canopy_prob_2006s_t1_2006s_in05.tif,0.0,10158432,,phase4_semantic_finetune_inference_2006s_2026-09-03T00-40.log
20260903T004151Z_2006s_t1_2006s_in16_inference,2006s,t1_2006s_in16,inference,stage 2006_snoh_1m_rgb.tif,37.9,218544136,5.77,phase4_semantic_finetune_inference_2006s_2026-09-03T00-44.log
20260903T004151Z_2006s_t1_2006s_in16_inference,2006s,t1_2006s_in16,inference,stage lidar_chm2_2016_50cm.tif,36.9,93830836,2.54,phase4_semantic_finetune_inference_2006s_2026-09-03T00-44.log
20260903T004151Z_2006s_t1_2006s_in16_inference,2006s,t1_2006s_in16,inference,inference,87.2,,,phase4_semantic_finetune_inference_2006s_2026-09-03T00-44.log
20260903T004151Z_2006s_t1_2006s_in16_inference,2006s,t1_2006s_in16,inference,copy edmonds_canopy_prob_2006s_t1_2006s_in16.tif,0.0,10720899,,phase4_semantic_finetune_inference_2006s_2026-09-03T00-44.log
20260903T004209Z_2020_t1_2020_in05_evaluate,2020,t1_2020_in05,evaluate,copy semantic_eval_report.csv,0.0,,,phase4_semantic_finetune_evaluate_2020_2026-09-03T00-43.log
20260903T004503Z_2011s_t1_2011s_base_inference,2011s,t1_2011s_base,inference,stage 2011_snoh_1ft_rgb.tif,18.3,1987295246,108.60,phase4_semantic_finetune_inference_2011s_2026-09-03T00-49.log
20260903T004503Z_2011s_t1_2011s_base_inference,2011s,t1_2011s_base,inference,inference,59.9,,,phase4_semantic_finetune_inference_2011s_2026-09-03T00-49.log
20260903T004503Z_2011s_t1_2011s_base_inference,2011s,t1_2011s_base,inference,copy edmonds_canopy_prob_2011s_t1_2011s_base.tif,0.1,62179668,621.80,phase4_semantic_finetune_inference_2011s_2026-09-03T00-49.log
20260903T004959Z_2011s_t1_2011s_base_s2_inference,2011s,t1_2011s_base_s2,inference,stage 2011_snoh_1ft_rgb.tif,118.8,1987295246,16.73,phase4_semantic_finetune_inference_2011s_2026-09-03T00-55.log
20260903T004959Z_2011s_t1_2011s_base_s2_inference,2011s,t1_2011s_base_s2,inference,inference,59.9,,,phase4_semantic_finetune_inference_2011s_2026-09-03T00-55.log
20260903T004959Z_2011s_t1_2011s_base_s2_inference,2011s,t1_2011s_base_s2,inference,copy edmonds_canopy_prob_2011s_t1_2011s_base_s2.tif,0.1,59382736,593.83,phase4_semantic_finetune_inference_2011s_2026-09-03T00-55.log
20260903T005559Z_2011s_t1_2011s_base_s3_inference,2011s,t1_2011s_base_s3,inference,stage 2011_snoh_1ft_rgb.tif,23.2,1987295246,85.66,phase4_semantic_finetune_inference_2011s_2026-09-03T01-02.log
20260903T005559Z_2011s_t1_2011s_base_s3_inference,2011s,t1_2011s_base_s3,inference,inference,60.2,,,phase4_semantic_finetune_inference_2011s_2026-09-03T01-02.log
20260903T005559Z_2011s_t1_2011s_base_s3_inference,2011s,t1_2011s_base_s3,inference,copy edmonds_canopy_prob_2011s_t1_2011s_base_s3.tif,0.1,62217150,622.17,phase4_semantic_finetune_inference_2011s_2026-09-03T01-02.log
20260903T005658Z_2020_t1_2020_in16_tile,2020,t1_2020_in16,tile,stage 2020_coe_rgb.tif,791.4,27147166704,34.30,phase4_semantic_finetune_tile_2020_2026-09-03T01-49.log
20260903T005658Z_2020_t1_2020_in16_tile,2020,t1_2020_in16,tile,stage edmonds_canopy_mask_2020.tif,38.8,287816390,7.42,phase4_semantic_finetune_tile_2020_2026-09-03T01-49.log
20260903T005658Z_2020_t1_2020_in16_tile,2020,t1_2020_in16,tile,stage lidar_chm2_2016_50cm.tif,42.6,93830836,2.20,phase4_semantic_finetune_tile_2020_2026-09-03T01-49.log
20260903T010340Z_2011s_t1_2011s_add05_inference,2011s,t1_2011s_add05,inference,stage 2011_snoh_1ft_rgb.tif,70.4,1987295246,28.23,phase4_semantic_finetune_inference_2011s_2026-09-03T01-10.log
20260903T010340Z_2011s_t1_2011s_add05_inference,2011s,t1_2011s_add05,inference,inference,59.8,,,phase4_semantic_finetune_inference_2011s_2026-09-03T01-10.log
20260903T010340Z_2011s_t1_2011s_add05_inference,2011s,t1_2011s_add05,inference,copy edmonds_canopy_prob_2011s_t1_2011s_add05.tif,0.1,64275697,642.76,phase4_semantic_finetune_inference_2011s_2026-09-03T01-10.log
20260903T011154Z_2011s_t1_2011s_add16_inference,2011s,t1_2011s_add16,inference,stage 2011_snoh_1ft_rgb.tif,72.2,1987295246,27.52,phase4_semantic_finetune_inference_2011s_2026-09-03T01-17.log
20260903T011154Z_2011s_t1_2011s_add16_inference,2011s,t1_2011s_add16,inference,inference,60.2,,,phase4_semantic_finetune_inference_2011s_2026-09-03T01-17.log
20260903T011154Z_2011s_t1_2011s_add16_inference,2011s,t1_2011s_add16,inference,copy edmonds_canopy_prob_2011s_t1_2011s_add16.tif,0.1,59930838,599.31,phase4_semantic_finetune_inference_2011s_2026-09-03T01-17.log
20260903T011758Z_2011s_t1_2011s_in05_inference,2011s,t1_2011s_in05,inference,stage 2011_snoh_1ft_rgb.tif,66.1,1987295246,30.06,phase4_semantic_finetune_inference_2011s_2026-09-03T01-25.log
20260903T011758Z_2011s_t1_2011s_in05_inference,2011s,t1_2011s_in05,inference,inference,111.2,,,phase4_semantic_finetune_inference_2011s_2026-09-03T01-25.log
20260903T011758Z_2011s_t1_2011s_in05_inference,2011s,t1_2011s_in05,inference,copy edmonds_canopy_prob_2011s_t1_2011s_in05.tif,0.1,59445709,594.46,phase4_semantic_finetune_inference_2011s_2026-09-03T01-25.log
20260903T012741Z_2011s_t1_2011s_in16_inference,2011s,t1_2011s_in16,inference,stage 2011_snoh_1ft_rgb.tif,67.3,1987295246,29.53,phase4_semantic_finetune_inference_2011s_2026-09-03T01-35.log
20260903T012741Z_2011s_t1_2011s_in16_inference,2011s,t1_2011s_in16,inference,inference,117.9,,,phase4_semantic_finetune_inference_2011s_2026-09-03T01-35.log
20260903T012741Z_2011s_t1_2011s_in16_inference,2011s,t1_2011s_in16,inference,copy edmonds_canopy_prob_2011s_t1_2011s_in16.tif,0.2,60245567,301.23,phase4_semantic_finetune_inference_2011s_2026-09-03T01-35.log
20260903T013543Z_2011s_t1_2011s_cor05_inference,2011s,t1_2011s_cor05,inference,stage 2011_snoh_1ft_rgb.tif,48.7,1987295246,40.81,phase4_semantic_finetune_inference_2011s_2026-09-03T01-38.log
20260903T013543Z_2011s_t1_2011s_cor05_inference,2011s,t1_2011s_cor05,inference,inference,60.1,,,phase4_semantic_finetune_inference_2011s_2026-09-03T01-38.log
20260903T013543Z_2011s_t1_2011s_cor05_inference,2011s,t1_2011s_cor05,inference,copy edmonds_canopy_prob_2011s_t1_2011s_cor05.tif,0.1,60959916,609.60,phase4_semantic_finetune_inference_2011s_2026-09-03T01-38.log
20260903T013956Z_2011s_t1_2011s_cor10_inference,2011s,t1_2011s_cor10,inference,stage 2011_snoh_1ft_rgb.tif,46.1,1987295246,43.11,phase4_semantic_finetune_inference_2011s_2026-09-03T01-44.log
20260903T013956Z_2011s_t1_2011s_cor10_inference,2011s,t1_2011s_cor10,inference,inference,60.1,,,phase4_semantic_finetune_inference_2011s_2026-09-03T01-44.log
20260903T013956Z_2011s_t1_2011s_cor10_inference,2011s,t1_2011s_cor10,inference,copy edmonds_canopy_prob_2011s_t1_2011s_cor10.tif,0.2,61057323,305.29,phase4_semantic_finetune_inference_2011s_2026-09-03T01-44.log
20260903T014502Z_2016_t1_2016_base_inference,2016,t1_2016_base,inference,stage 2016_snoh_1ft_rgbi.tif,118.1,2586179492,21.90,phase4_semantic_finetune_inference_2016_2026-09-03T01-50.log
20260903T014502Z_2016_t1_2016_base_inference,2016,t1_2016_base,inference,inference,60.0,,,phase4_semantic_finetune_inference_2016_2026-09-03T01-50.log
20260903T014502Z_2016_t1_2016_base_inference,2016,t1_2016_base,inference,copy edmonds_canopy_prob_2016_t1_2016_base.tif,0.2,60836358,304.18,phase4_semantic_finetune_inference_2016_2026-09-03T01-50.log
20260903T014954Z_2020_t1_2020_in16_train,2020,t1_2020_in16,train,stage tiles 2020,352.8,,,phase4_semantic_finetune_train_2020_2026-09-03T02-21.log
20260903T014954Z_2020_t1_2020_in16_train,2020,t1_2020_in16,train,copy sem_best_2020_t1_2020_in16.pt,1.9,773021880,406.85,phase4_semantic_finetune_train_2020_2026-09-03T02-21.log
20260903T014954Z_2020_t1_2020_in16_train,2020,t1_2020_in16,train,copy sem_best_2020_t1_2020_in16.pt,1.6,773021880,483.14,phase4_semantic_finetune_train_2020_2026-09-03T02-21.log
20260903T014954Z_2020_t1_2020_in16_train,2020,t1_2020_in16,train,copy sem_best_2020_t1_2020_in16.pt,1.6,773021880,483.14,phase4_semantic_finetune_train_2020_2026-09-03T02-21.log
20260903T014954Z_2020_t1_2020_in16_train,2020,t1_2020_in16,train,copy sem_best_2020_t1_2020_in16.pt,4.3,773021880,179.77,phase4_semantic_finetune_train_2020_2026-09-03T02-21.log
20260903T014954Z_2020_t1_2020_in16_train,2020,t1_2020_in16,train,copy sem_best_2020_t1_2020_in16.pt,3.9,773021880,198.21,phase4_semantic_finetune_train_2020_2026-09-03T02-21.log
20260903T014954Z_2020_t1_2020_in16_train,2020,t1_2020_in16,train,copy sem_best_2020_t1_2020_in16.pt,1.8,773021880,429.46,phase4_semantic_finetune_train_2020_2026-09-03T02-21.log
20260903T014954Z_2020_t1_2020_in16_train,2020,t1_2020_in16,train,copy sem_best_2020_t1_2020_in16.pt,1.7,773021880,454.72,phase4_semantic_finetune_train_2020_2026-09-03T02-21.log
20260903T014954Z_2020_t1_2020_in16_train,2020,t1_2020_in16,train,copy sem_best_2020_t1_2020_in16.pt,1.7,773021880,454.72,phase4_semantic_finetune_train_2020_2026-09-03T02-21.log
20260903T014954Z_2020_t1_2020_in16_train,2020,t1_2020_in16,train,copy sem_best_2020_t1_2020_in16.pt,1.8,773021880,429.46,phase4_semantic_finetune_train_2020_2026-09-03T02-21.log
20260903T014954Z_2020_t1_2020_in16_train,2020,t1_2020_in16,train,copy sem_best_2020_t1_2020_in16.pt,1.6,773021880,483.14,phase4_semantic_finetune_train_2020_2026-09-03T02-21.log
20260903T015049Z_2016_t1_2016_add05_inference,2016,t1_2016_add05,inference,stage 2016_snoh_1ft_rgbi.tif,63.8,2586179492,40.54,phase4_semantic_finetune_inference_2016_2026-09-03T01-56.log
20260903T015049Z_2016_t1_2016_add05_inference,2016,t1_2016_add05,inference,inference,60.0,,,phase4_semantic_finetune_inference_2016_2026-09-03T01-56.log
20260903T015049Z_2016_t1_2016_add05_inference,2016,t1_2016_add05,inference,copy edmonds_canopy_prob_2016_t1_2016_add05.tif,0.1,62901608,629.02,phase4_semantic_finetune_inference_2016_2026-09-03T01-56.log
20260903T015802Z_2016_t1_2016_add16_inference,2016,t1_2016_add16,inference,stage 2016_snoh_1ft_rgbi.tif,104.7,2586179492,24.70,phase4_semantic_finetune_inference_2016_2026-09-03T02-06.log
20260903T015802Z_2016_t1_2016_add16_inference,2016,t1_2016_add16,inference,inference,60.2,,,phase4_semantic_finetune_inference_2016_2026-09-03T02-06.log
20260903T015802Z_2016_t1_2016_add16_inference,2016,t1_2016_add16,inference,copy edmonds_canopy_prob_2016_t1_2016_add16.tif,0.1,61386308,613.86,phase4_semantic_finetune_inference_2016_2026-09-03T02-06.log
20260903T020851Z_2020_t1_2020_add16_inference,2020,t1_2020_add16,inference,stage 2020_coe_rgb.tif,592.6,27147166704,45.81,phase4_semantic_finetune_inference_2020_2026-09-03T02-31.log
20260903T020851Z_2020_t1_2020_add16_inference,2020,t1_2020_add16,inference,inference,474.0,,,phase4_semantic_finetune_inference_2020_2026-09-03T02-31.log
20260903T020851Z_2020_t1_2020_add16_inference,2020,t1_2020_add16,inference,copy edmonds_canopy_prob_2020_t1_2020_add16.tif,1.3,681298375,524.08,phase4_semantic_finetune_inference_2020_2026-09-03T02-31.log
20260903T022148Z_2020_t1_2020_in16_evaluate,2020,t1_2020_in16,evaluate,copy semantic_eval_report.csv,0.0,,,phase4_semantic_finetune_evaluate_2020_2026-09-03T02-25.log
20260903T022559Z_2019n_t1_2019n_base_train,2019n,t1_2019n_base,train,stage tiles 2019n,127.2,,,phase4_semantic_finetune_train_2019n_2026-09-03T02-47.log
20260903T022559Z_2019n_t1_2019n_base_train,2019n,t1_2019n_base,train,copy sem_best_2019n_t1_2019n_base.pt,1.6,1113207141,695.75,phase4_semantic_finetune_train_2019n_2026-09-03T02-47.log
20260903T022559Z_2019n_t1_2019n_base_train,2019n,t1_2019n_base,train,copy sem_best_2019n_t1_2019n_base.pt,1.9,1113207141,585.90,phase4_semantic_finetune_train_2019n_2026-09-03T02-47.log
20260903T022559Z_2019n_t1_2019n_base_train,2019n,t1_2019n_base,train,copy sem_best_2019n_t1_2019n_base.pt,1.8,1113207141,618.45,phase4_semantic_finetune_train_2019n_2026-09-03T02-47.log
20260903T022559Z_2019n_t1_2019n_base_train,2019n,t1_2019n_base,train,copy sem_best_2019n_t1_2019n_base.pt,4.2,1113207141,265.05,phase4_semantic_finetune_train_2019n_2026-09-03T02-47.log
20260903T022559Z_2019n_t1_2019n_base_train,2019n,t1_2019n_base,train,copy sem_best_2019n_t1_2019n_base.pt,1.7,1113207141,654.83,phase4_semantic_finetune_train_2019n_2026-09-03T02-47.log
20260903T022559Z_2019n_t1_2019n_base_train,2019n,t1_2019n_base,train,copy sem_best_2019n_t1_2019n_base.pt,1.7,1113207141,654.83,phase4_semantic_finetune_train_2019n_2026-09-03T02-47.log
20260903T022559Z_2019n_t1_2019n_base_train,2019n,t1_2019n_base,train,copy sem_best_2019n_t1_2019n_base.pt,2.6,1113207141,428.16,phase4_semantic_finetune_train_2019n_2026-09-03T02-47.log
20260903T022559Z_2019n_t1_2019n_base_train,2019n,t1_2019n_base,train,copy sem_best_2019n_t1_2019n_base.pt,1.6,1113207141,695.75,phase4_semantic_finetune_train_2019n_2026-09-03T02-47.log
20260903T022559Z_2019n_t1_2019n_base_train,2019n,t1_2019n_base,train,copy sem_best_2019n_t1_2019n_base.pt,1.6,1113207141,695.75,phase4_semantic_finetune_train_2019n_2026-09-03T02-47.log
20260903T022559Z_2019n_t1_2019n_base_train,2019n,t1_2019n_base,train,copy sem_best_2019n_t1_2019n_base.pt,1.8,1113207141,618.45,phase4_semantic_finetune_train_2019n_2026-09-03T02-47.log
20260903T022559Z_2019n_t1_2019n_base_train,2019n,t1_2019n_base,train,copy sem_best_2019n_t1_2019n_base.pt,1.7,1113207141,654.83,phase4_semantic_finetune_train_2019n_2026-09-03T02-47.log
20260903T022559Z_2019n_t1_2019n_base_train,2019n,t1_2019n_base,train,copy sem_best_2019n_t1_2019n_base.pt,1.7,1113207141,654.83,phase4_semantic_finetune_train_2019n_2026-09-03T02-47.log
20260903T022559Z_2019n_t1_2019n_base_train,2019n,t1_2019n_base,train,copy sem_best_2019n_t1_2019n_base.pt,1.7,1113207141,654.83,phase4_semantic_finetune_train_2019n_2026-09-03T02-47.log
20260903T022559Z_2019n_t1_2019n_base_train,2019n,t1_2019n_base,train,copy sem_best_2019n_t1_2019n_base.pt,1.6,1113207141,695.75,phase4_semantic_finetune_train_2019n_2026-09-03T02-47.log
20260903T022559Z_2019n_t1_2019n_base_train,2019n,t1_2019n_base,train,copy sem_best_2019n_t1_2019n_base.pt,1.7,1113207141,654.83,phase4_semantic_finetune_train_2019n_2026-09-03T02-47.log
20260903T022559Z_2019n_t1_2019n_base_train,2019n,t1_2019n_base,train,copy sem_best_2019n_t1_2019n_base.pt,1.4,1113207141,795.15,phase4_semantic_finetune_train_2019n_2026-09-03T02-47.log
20260903T022559Z_2019n_t1_2019n_base_train,2019n,t1_2019n_base,train,copy sem_best_2019n_t1_2019n_base.pt,2.6,1113207141,428.16,phase4_semantic_finetune_train_2019n_2026-09-03T02-47.log
20260903T022559Z_2019n_t1_2019n_base_train,2019n,t1_2019n_base,train,copy sem_best_2019n_t1_2019n_base.pt,2.6,1113207141,428.16,phase4_semantic_finetune_train_2019n_2026-09-03T02-47.log
20260903T022559Z_2019n_t1_2019n_base_train,2019n,t1_2019n_base,train,copy sem_best_2019n_t1_2019n_base.pt,2.3,1113207141,484.00,phase4_semantic_finetune_train_2019n_2026-09-03T02-47.log
20260903T022559Z_2019n_t1_2019n_base_train,2019n,t1_2019n_base,train,copy sem_best_2019n_t1_2019n_base.pt,2.2,1113207141,506.00,phase4_semantic_finetune_train_2019n_2026-09-03T02-47.log
20260903T022559Z_2019n_t1_2019n_base_train,2019n,t1_2019n_base,train,copy sem_best_2019n_t1_2019n_base.pt,2.4,1113207141,463.84,phase4_semantic_finetune_train_2019n_2026-09-03T02-47.log
20260903T022559Z_2019n_t1_2019n_base_train,2019n,t1_2019n_base,train,copy sem_best_2019n_t1_2019n_base.pt,2.5,1113207141,445.28,phase4_semantic_finetune_train_2019n_2026-09-03T02-47.log
20260903T022559Z_2019n_t1_2019n_base_train,2019n,t1_2019n_base,train,copy sem_best_2019n_t1_2019n_base.pt,2.5,1113207141,445.28,phase4_semantic_finetune_train_2019n_2026-09-03T02-47.log
20260903T022559Z_2019n_t1_2019n_base_train,2019n,t1_2019n_base,train,copy sem_best_2019n_t1_2019n_base.pt,2.7,1113207141,412.30,phase4_semantic_finetune_train_2019n_2026-09-03T02-47.log
20260903T024842Z_2019n_t1_2019n_base_evaluate,2019n,t1_2019n_base,evaluate,copy semantic_eval_report_superseded.csv,0.0,25406,,phase4_semantic_finetune_evaluate_2019n_2026-09-03T02-50.log
20260903T024842Z_2019n_t1_2019n_base_evaluate,2019n,t1_2019n_base,evaluate,copy semantic_eval_report.csv,0.0,,,phase4_semantic_finetune_evaluate_2019n_2026-09-03T02-50.log
20260903T025156Z_2019n_t1_2019n_nir_train,2019n,t1_2019n_nir,train,stage tiles 2019n,95.9,,,phase4_semantic_finetune_train_2019n_2026-09-03T03-13.log
20260903T025156Z_2019n_t1_2019n_nir_train,2019n,t1_2019n_nir,train,copy sem_best_2019n_t1_2019n_nir.pt,1.8,1113242985,618.47,phase4_semantic_finetune_train_2019n_2026-09-03T03-13.log
20260903T025156Z_2019n_t1_2019n_nir_train,2019n,t1_2019n_nir,train,copy sem_best_2019n_t1_2019n_nir.pt,1.8,1113242985,618.47,phase4_semantic_finetune_train_2019n_2026-09-03T03-13.log
20260903T025156Z_2019n_t1_2019n_nir_train,2019n,t1_2019n_nir,train,copy sem_best_2019n_t1_2019n_nir.pt,1.8,1113242985,618.47,phase4_semantic_finetune_train_2019n_2026-09-03T03-13.log
20260903T025156Z_2019n_t1_2019n_nir_train,2019n,t1_2019n_nir,train,copy sem_best_2019n_t1_2019n_nir.pt,1.7,1113242985,654.85,phase4_semantic_finetune_train_2019n_2026-09-03T03-13.log
20260903T025156Z_2019n_t1_2019n_nir_train,2019n,t1_2019n_nir,train,copy sem_best_2019n_t1_2019n_nir.pt,2.4,1113242985,463.85,phase4_semantic_finetune_train_2019n_2026-09-03T03-13.log
20260903T025156Z_2019n_t1_2019n_nir_train,2019n,t1_2019n_nir,train,copy sem_best_2019n_t1_2019n_nir.pt,1.5,1113242985,742.16,phase4_semantic_finetune_train_2019n_2026-09-03T03-13.log
20260903T025156Z_2019n_t1_2019n_nir_train,2019n,t1_2019n_nir,train,copy sem_best_2019n_t1_2019n_nir.pt,1.8,1113242985,618.47,phase4_semantic_finetune_train_2019n_2026-09-03T03-13.log
20260903T025156Z_2019n_t1_2019n_nir_train,2019n,t1_2019n_nir,train,copy sem_best_2019n_t1_2019n_nir.pt,1.8,1113242985,618.47,phase4_semantic_finetune_train_2019n_2026-09-03T03-13.log
20260903T025156Z_2019n_t1_2019n_nir_train,2019n,t1_2019n_nir,train,copy sem_best_2019n_t1_2019n_nir.pt,1.7,1113242985,654.85,phase4_semantic_finetune_train_2019n_2026-09-03T03-13.log
20260903T025156Z_2019n_t1_2019n_nir_train,2019n,t1_2019n_nir,train,copy sem_best_2019n_t1_2019n_nir.pt,1.6,1113242985,695.78,phase4_semantic_finetune_train_2019n_2026-09-03T03-13.log
20260903T025156Z_2019n_t1_2019n_nir_train,2019n,t1_2019n_nir,train,copy sem_best_2019n_t1_2019n_nir.pt,1.6,1113242985,695.78,phase4_semantic_finetune_train_2019n_2026-09-03T03-13.log
20260903T025156Z_2019n_t1_2019n_nir_train,2019n,t1_2019n_nir,train,copy sem_best_2019n_t1_2019n_nir.pt,1.5,1113242985,742.16,phase4_semantic_finetune_train_2019n_2026-09-03T03-13.log
20260903T025156Z_2019n_t1_2019n_nir_train,2019n,t1_2019n_nir,train,copy sem_best_2019n_t1_2019n_nir.pt,1.7,1113242985,654.85,phase4_semantic_finetune_train_2019n_2026-09-03T03-13.log
20260903T025156Z_2019n_t1_2019n_nir_train,2019n,t1_2019n_nir,train,copy sem_best_2019n_t1_2019n_nir.pt,3.9,1113242985,285.45,phase4_semantic_finetune_train_2019n_2026-09-03T03-13.log
20260903T025156Z_2019n_t1_2019n_nir_train,2019n,t1_2019n_nir,train,copy sem_best_2019n_t1_2019n_nir.pt,1.8,1113242985,618.47,phase4_semantic_finetune_train_2019n_2026-09-03T03-13.log
20260903T025156Z_2019n_t1_2019n_nir_train,2019n,t1_2019n_nir,train,copy sem_best_2019n_t1_2019n_nir.pt,2.6,1113242985,428.17,phase4_semantic_finetune_train_2019n_2026-09-03T03-13.log
20260903T025156Z_2019n_t1_2019n_nir_train,2019n,t1_2019n_nir,train,copy sem_best_2019n_t1_2019n_nir.pt,2.3,1113242985,484.02,phase4_semantic_finetune_train_2019n_2026-09-03T03-13.log
20260903T025156Z_2019n_t1_2019n_nir_train,2019n,t1_2019n_nir,train,copy sem_best_2019n_t1_2019n_nir.pt,2.3,1113242985,484.02,phase4_semantic_finetune_train_2019n_2026-09-03T03-13.log
20260903T025156Z_2019n_t1_2019n_nir_train,2019n,t1_2019n_nir,train,copy sem_best_2019n_t1_2019n_nir.pt,2.4,1113242985,463.85,phase4_semantic_finetune_train_2019n_2026-09-03T03-13.log
20260903T025156Z_2019n_t1_2019n_nir_train,2019n,t1_2019n_nir,train,copy sem_best_2019n_t1_2019n_nir.pt,2.6,1113242985,428.17,phase4_semantic_finetune_train_2019n_2026-09-03T03-13.log
20260903T031452Z_2019n_t1_2019n_nir_evaluate,2019n,t1_2019n_nir,evaluate,copy semantic_eval_report_superseded.csv,0.0,25406,,phase4_semantic_finetune_evaluate_2019n_2026-09-03T03-17.log
20260903T031452Z_2019n_t1_2019n_nir_evaluate,2019n,t1_2019n_nir,evaluate,copy semantic_eval_report.csv,0.0,,,phase4_semantic_finetune_evaluate_2019n_2026-09-03T03-17.log
20260903T033402Z_2016_t1_2016_in05_inference,2016,t1_2016_in05,inference,stage 2016_snoh_1ft_rgbi.tif,189.5,2586179492,13.65,phase4_semantic_finetune_inference_2016_2026-09-03T03-44.log
20260903T033402Z_2016_t1_2016_in05_inference,2016,t1_2016_in05,inference,stage lidar_chm2005_2m.tif,119.9,6393504,0.05,phase4_semantic_finetune_inference_2016_2026-09-03T03-44.log
20260903T033402Z_2016_t1_2016_in05_inference,2016,t1_2016_in05,inference,inference,206.2,,,phase4_semantic_finetune_inference_2016_2026-09-03T03-44.log
20260903T033402Z_2016_t1_2016_in05_inference,2016,t1_2016_in05,inference,copy edmonds_canopy_prob_2016_t1_2016_in05.tif,0.1,60398757,603.99,phase4_semantic_finetune_inference_2016_2026-09-03T03-44.log
20260903T034651Z_2016_t1_2016_in16_inference,2016,t1_2016_in16,inference,stage 2016_snoh_1ft_rgbi.tif,65.1,2586179492,39.73,phase4_semantic_finetune_inference_2016_2026-09-03T03-54.log
20260903T034651Z_2016_t1_2016_in16_inference,2016,t1_2016_in16,inference,stage lidar_chm2_2016_50cm.tif,177.7,93830836,0.53,phase4_semantic_finetune_inference_2016_2026-09-03T03-54.log
20260903T034651Z_2016_t1_2016_in16_inference,2016,t1_2016_in16,inference,inference,242.1,,,phase4_semantic_finetune_inference_2016_2026-09-03T03-54.log
20260903T034651Z_2016_t1_2016_in16_inference,2016,t1_2016_in16,inference,copy edmonds_canopy_prob_2016_t1_2016_in16.tif,0.1,60982218,609.82,phase4_semantic_finetune_inference_2016_2026-09-03T03-54.log
20260903T035555Z_2016_t1_2016_nir_inference,2016,t1_2016_nir,inference,stage 2016_snoh_1ft_rgbi.tif,230.2,2586179492,11.23,phase4_semantic_finetune_inference_2016_2026-09-03T04-06.log
20260903T035555Z_2016_t1_2016_nir_inference,2016,t1_2016_nir,inference,inference,62.3,,,phase4_semantic_finetune_inference_2016_2026-09-03T04-06.log
20260903T035555Z_2016_t1_2016_nir_inference,2016,t1_2016_nir,inference,copy edmonds_canopy_prob_2016_t1_2016_nir.tif,0.1,61146889,611.47,phase4_semantic_finetune_inference_2016_2026-09-03T04-06.log
20260903T040649Z_2020_t1_2020_base_inference,2020,t1_2020_base,inference,stage 2020_coe_rgb.tif,1370.1,27147166704,19.81,phase4_semantic_finetune_inference_2020_2026-09-03T04-41.log
20260903T040649Z_2020_t1_2020_base_inference,2020,t1_2020_base,inference,inference,476.2,,,phase4_semantic_finetune_inference_2020_2026-09-03T04-41.log
20260903T040649Z_2020_t1_2020_base_inference,2020,t1_2020_base,inference,copy edmonds_canopy_prob_2020_t1_2020_base.tif,1.4,722850216,516.32,phase4_semantic_finetune_inference_2020_2026-09-03T04-41.log
20260903T044147Z_2020_t1_2020_add05_inference,2020,t1_2020_add05,inference,stage 2020_coe_rgb.tif,956.1,27147166704,28.39,phase4_semantic_finetune_inference_2020_2026-09-03T05-10.log
20260903T044147Z_2020_t1_2020_add05_inference,2020,t1_2020_add05,inference,inference,474.6,,,phase4_semantic_finetune_inference_2020_2026-09-03T05-10.log
20260903T044147Z_2020_t1_2020_add05_inference,2020,t1_2020_add05,inference,copy edmonds_canopy_prob_2020_t1_2020_add05.tif,1.4,735307739,525.22,phase4_semantic_finetune_inference_2020_2026-09-03T05-10.log
20260903T051127Z_2020_t1_2020_in05_inference,2020,t1_2020_in05,inference,stage 2020_coe_rgb.tif,487.4,27147166704,55.70,phase4_semantic_finetune_inference_2020_2026-09-03T05-39.log
20260903T051127Z_2020_t1_2020_in05_inference,2020,t1_2020_in05,inference,inference,954.2,,,phase4_semantic_finetune_inference_2020_2026-09-03T05-39.log
20260903T051127Z_2020_t1_2020_in05_inference,2020,t1_2020_in05,inference,copy edmonds_canopy_prob_2020_t1_2020_in05.tif,1.5,707655708,471.77,phase4_semantic_finetune_inference_2020_2026-09-03T05-39.log
20260903T053951Z_2020_t1_2020_in16_inference,2020,t1_2020_in16,inference,stage 2020_coe_rgb.tif,1057.0,27147166704,25.68,phase4_semantic_finetune_inference_2020_2026-09-03T06-13.log
20260903T053951Z_2020_t1_2020_in16_inference,2020,t1_2020_in16,inference,inference,667.5,,,phase4_semantic_finetune_inference_2020_2026-09-03T06-13.log
20260903T053951Z_2020_t1_2020_in16_inference,2020,t1_2020_in16,inference,copy edmonds_canopy_prob_2020_t1_2020_in16.tif,1.5,650141487,433.43,phase4_semantic_finetune_inference_2020_2026-09-03T06-13.log
20260903T061402Z_2019n_t1_2019n_base_inference,2019n,t1_2019n_base,inference,stage 2019_naip_60cm_rgbi.tif,39.6,757507269,19.13,phase4_semantic_finetune_inference_2019n_2026-09-03T06-17.log
20260903T061402Z_2019n_t1_2019n_base_inference,2019n,t1_2019n_base,inference,inference,53.2,,,phase4_semantic_finetune_inference_2019n_2026-09-03T06-17.log
20260903T061402Z_2019n_t1_2019n_base_inference,2019n,t1_2019n_base,inference,copy edmonds_canopy_prob_2019n_t1_2019n_base.tif,0.0,21465003,,phase4_semantic_finetune_inference_2019n_2026-09-03T06-17.log
20260903T061859Z_2019n_t1_2019n_nir_inference,2019n,t1_2019n_nir,inference,stage 2019_naip_60cm_rgbi.tif,48.1,757507269,15.75,phase4_semantic_finetune_inference_2019n_2026-09-03T06-24.log
20260903T061859Z_2019n_t1_2019n_nir_inference,2019n,t1_2019n_nir,inference,inference,54.8,,,phase4_semantic_finetune_inference_2019n_2026-09-03T06-24.log
20260903T061859Z_2019n_t1_2019n_nir_inference,2019n,t1_2019n_nir,inference,copy edmonds_canopy_prob_2019n_t1_2019n_nir.tif,0.0,21517533,,phase4_semantic_finetune_inference_2019n_2026-09-03T06-24.log
20260905T032055Z_2009_trend8_2009_tile,2009,trend8_2009,tile,stage 2009_king_rgb.tif,67.1,3000263130,44.71,phase4_semantic_finetune_tile_2009_2026-09-05T03-42.log
20260905T032055Z_2009_trend8_2009_tile,2009,trend8_2009,tile,stage edmonds_canopy_mask_2020.tif,3.5,287816390,82.23,phase4_semantic_finetune_tile_2009_2026-09-05T03-42.log
20260905T032756Z_2013_trend8_2013_tile,2013,trend8_2013,tile,stage 2013_king_rgb.tif,183.1,9855797426,53.83,phase4_semantic_finetune_tile_2013_2026-09-05T03-52.log
20260905T032756Z_2013_trend8_2013_tile,2013,trend8_2013,tile,stage edmonds_canopy_mask_2020.tif,6.0,287816390,47.97,phase4_semantic_finetune_tile_2013_2026-09-05T03-52.log
20260905T034300Z_2009_trend8_2009_train,2009,trend8_2009,train,stage tiles 2009,289.6,,,phase4_semantic_finetune_train_2009_2026-09-05T04-21.log
20260905T034300Z_2009_trend8_2009_train,2009,trend8_2009,train,copy sem_best_2009_trend8_2009.pt,1.7,1113201393,654.82,phase4_semantic_finetune_train_2009_2026-09-05T04-21.log
20260905T034300Z_2009_trend8_2009_train,2009,trend8_2009,train,copy sem_best_2009_trend8_2009.pt,1.9,1113201393,585.90,phase4_semantic_finetune_train_2009_2026-09-05T04-21.log
20260905T034300Z_2009_trend8_2009_train,2009,trend8_2009,train,copy sem_best_2009_trend8_2009.pt,2.2,1113201393,506.00,phase4_semantic_finetune_train_2009_2026-09-05T04-21.log
20260905T034300Z_2009_trend8_2009_train,2009,trend8_2009,train,copy sem_best_2009_trend8_2009.pt,1.6,1113201393,695.75,phase4_semantic_finetune_train_2009_2026-09-05T04-21.log
20260905T034300Z_2009_trend8_2009_train,2009,trend8_2009,train,copy sem_best_2009_trend8_2009.pt,1.8,1113201393,618.45,phase4_semantic_finetune_train_2009_2026-09-05T04-21.log
20260905T034300Z_2009_trend8_2009_train,2009,trend8_2009,train,copy sem_best_2009_trend8_2009.pt,1.7,1113201393,654.82,phase4_semantic_finetune_train_2009_2026-09-05T04-21.log
20260905T034300Z_2009_trend8_2009_train,2009,trend8_2009,train,copy sem_best_2009_trend8_2009.pt,1.5,1113201393,742.13,phase4_semantic_finetune_train_2009_2026-09-05T04-21.log
20260905T034300Z_2009_trend8_2009_train,2009,trend8_2009,train,copy sem_best_2009_trend8_2009.pt,1.8,1113201393,618.45,phase4_semantic_finetune_train_2009_2026-09-05T04-21.log
20260905T034300Z_2009_trend8_2009_train,2009,trend8_2009,train,copy sem_best_2009_trend8_2009.pt,2.6,1113201393,428.15,phase4_semantic_finetune_train_2009_2026-09-05T04-21.log
20260905T034300Z_2009_trend8_2009_train,2009,trend8_2009,train,copy sem_best_2009_trend8_2009.pt,2.4,1113201393,463.83,phase4_semantic_finetune_train_2009_2026-09-05T04-21.log
20260905T034300Z_2009_trend8_2009_train,2009,trend8_2009,train,copy sem_best_2009_trend8_2009.pt,2.4,1113201393,463.83,phase4_semantic_finetune_train_2009_2026-09-05T04-21.log
20260905T035254Z_2013_trend8_2013_train,2013,trend8_2013,train,stage tiles 2013,351.1,,,phase4_semantic_finetune_train_2013_2026-09-05T04-34.log
20260905T035254Z_2013_trend8_2013_train,2013,trend8_2013,train,copy sem_best_2013_trend8_2013.pt,1.8,1113201201,618.45,phase4_semantic_finetune_train_2013_2026-09-05T04-34.log
20260905T035254Z_2013_trend8_2013_train,2013,trend8_2013,train,copy sem_best_2013_trend8_2013.pt,2.1,1113201201,530.10,phase4_semantic_finetune_train_2013_2026-09-05T04-34.log
20260905T035254Z_2013_trend8_2013_train,2013,trend8_2013,train,copy sem_best_2013_trend8_2013.pt,2.3,1113201201,484.00,phase4_semantic_finetune_train_2013_2026-09-05T04-34.log
20260905T035254Z_2013_trend8_2013_train,2013,trend8_2013,train,copy sem_best_2013_trend8_2013.pt,1.7,1113201201,654.82,phase4_semantic_finetune_train_2013_2026-09-05T04-34.log
20260905T035254Z_2013_trend8_2013_train,2013,trend8_2013,train,copy sem_best_2013_trend8_2013.pt,1.7,1113201201,654.82,phase4_semantic_finetune_train_2013_2026-09-05T04-34.log
20260905T035254Z_2013_trend8_2013_train,2013,trend8_2013,train,copy sem_best_2013_trend8_2013.pt,1.8,1113201201,618.45,phase4_semantic_finetune_train_2013_2026-09-05T04-34.log
20260905T035254Z_2013_trend8_2013_train,2013,trend8_2013,train,copy sem_best_2013_trend8_2013.pt,1.5,1113201201,742.13,phase4_semantic_finetune_train_2013_2026-09-05T04-34.log
20260905T035254Z_2013_trend8_2013_train,2013,trend8_2013,train,copy sem_best_2013_trend8_2013.pt,1.9,1113201201,585.90,phase4_semantic_finetune_train_2013_2026-09-05T04-34.log
20260905T035254Z_2013_trend8_2013_train,2013,trend8_2013,train,copy sem_best_2013_trend8_2013.pt,1.7,1113201201,654.82,phase4_semantic_finetune_train_2013_2026-09-05T04-34.log
20260905T035254Z_2013_trend8_2013_train,2013,trend8_2013,train,copy sem_best_2013_trend8_2013.pt,2.4,1113201201,463.83,phase4_semantic_finetune_train_2013_2026-09-05T04-34.log
20260905T035254Z_2013_trend8_2013_train,2013,trend8_2013,train,copy sem_best_2013_trend8_2013.pt,2.2,1113201201,506.00,phase4_semantic_finetune_train_2013_2026-09-05T04-34.log
20260905T035254Z_2013_trend8_2013_train,2013,trend8_2013,train,copy sem_best_2013_trend8_2013.pt,2.5,1113201201,445.28,phase4_semantic_finetune_train_2013_2026-09-05T04-34.log
20260905T042451Z_2009_trend8_2009_evaluate,2009,trend8_2009,evaluate,copy semantic_eval_report.csv,0.0,,,phase4_semantic_finetune_evaluate_2009_2026-09-05T04-27.log
20260905T042741Z_2009_trend8_2009_inference,2009,trend8_2009,inference,stage 2009_king_rgb.tif,65.9,3000263130,45.53,phase4_semantic_finetune_inference_2009_2026-09-05T04-33.log
20260905T042741Z_2009_trend8_2009_inference,2009,trend8_2009,inference,inference,252.8,,,phase4_semantic_finetune_inference_2009_2026-09-05T04-33.log
20260905T042741Z_2009_trend8_2009_inference,2009,trend8_2009,inference,copy edmonds_canopy_prob_2009_trend8_2009.tif,1.1,467536979,425.03,phase4_semantic_finetune_inference_2009_2026-09-05T04-33.log
20260905T043351Z_2009_trend8_2009_postproc,2009,trend8_2009,postproc,polygonize,116.8,,,phase4_semantic_finetune_postproc_2009_2026-09-05T04-38.log
20260905T043351Z_2009_trend8_2009_postproc,2009,trend8_2009,postproc,copy edmonds_canopy_mask_2009_trend8_2009.tif,0.1,34274333,342.74,phase4_semantic_finetune_postproc_2009_2026-09-05T04-38.log
20260905T043351Z_2009_trend8_2009_postproc,2009,trend8_2009,postproc,copy edmonds_canopy_mask_2009_trend8_2009.gpkg,0.0,16719872,,phase4_semantic_finetune_postproc_2009_2026-09-05T04-38.log
20260905T043351Z_2009_trend8_2009_postproc,2009,trend8_2009,postproc,postproc,278.5,,,phase4_semantic_finetune_postproc_2009_2026-09-05T04-38.log
20260905T044058Z_2013_trend8_2013_evaluate,2013,trend8_2013,evaluate,copy semantic_eval_report_superseded.csv,0.0,25406,,phase4_semantic_finetune_evaluate_2013_2026-09-05T04-43.log
20260905T044058Z_2013_trend8_2013_evaluate,2013,trend8_2013,evaluate,copy semantic_eval_report.csv,0.0,,,phase4_semantic_finetune_evaluate_2013_2026-09-05T04-43.log
20260905T044355Z_2013_trend8_2013_inference,2013,trend8_2013,inference,stage 2013_king_rgb.tif,294.4,9855797426,33.48,phase4_semantic_finetune_inference_2013_2026-09-05T05-07.log
20260905T044355Z_2013_trend8_2013_inference,2013,trend8_2013,inference,inference,958.9,,,phase4_semantic_finetune_inference_2013_2026-09-05T05-07.log
20260905T044355Z_2013_trend8_2013_inference,2013,trend8_2013,inference,copy edmonds_canopy_prob_2013_trend8_2013.tif,5.9,2395175834,405.96,phase4_semantic_finetune_inference_2013_2026-09-05T05-07.log
20260905T044455Z_2011s_trend8_2011s_tile,2011s,trend8_2011s,tile,stage 2011_snoh_1ft_rgb.tif,126.7,1987295246,15.69,phase4_semantic_finetune_tile_2011s_2026-09-05T05-12.log
20260905T044455Z_2011s_trend8_2011s_tile,2011s,trend8_2011s,tile,stage edmonds_canopy_mask_2020.tif,37.7,287816390,7.63,phase4_semantic_finetune_tile_2011s_2026-09-05T05-12.log
20260905T050826Z_2013_trend8_2013_postproc,2013,trend8_2013,postproc,polygonize,439.1,,,phase4_semantic_finetune_postproc_2013_2026-09-05T05-25.log
20260905T050826Z_2013_trend8_2013_postproc,2013,trend8_2013,postproc,copy edmonds_canopy_mask_2013_trend8_2013.tif,0.2,97988355,489.94,phase4_semantic_finetune_postproc_2013_2026-09-05T05-25.log
20260905T050826Z_2013_trend8_2013_postproc,2013,trend8_2013,postproc,copy edmonds_canopy_mask_2013_trend8_2013.gpkg,0.0,27045888,,phase4_semantic_finetune_postproc_2013_2026-09-05T05-25.log
20260905T050826Z_2013_trend8_2013_postproc,2013,trend8_2013,postproc,postproc,1041.6,,,phase4_semantic_finetune_postproc_2013_2026-09-05T05-25.log
20260905T051338Z_2011s_trend8_2011s_train,2011s,trend8_2011s,train,stage tiles 2011s,245.2,,,phase4_semantic_finetune_train_2011s_2026-09-05T05-48.log
20260905T051338Z_2011s_trend8_2011s_train,2011s,trend8_2011s,train,copy sem_best_2011s_trend8_2011s.pt,1.7,1113205033,654.83,phase4_semantic_finetune_train_2011s_2026-09-05T05-48.log
20260905T051338Z_2011s_trend8_2011s_train,2011s,trend8_2011s,train,copy sem_best_2011s_trend8_2011s.pt,2.0,1113205033,556.60,phase4_semantic_finetune_train_2011s_2026-09-05T05-48.log
20260905T051338Z_2011s_trend8_2011s_train,2011s,trend8_2011s,train,copy sem_best_2011s_trend8_2011s.pt,1.7,1113205033,654.83,phase4_semantic_finetune_train_2011s_2026-09-05T05-48.log
20260905T051338Z_2011s_trend8_2011s_train,2011s,trend8_2011s,train,copy sem_best_2011s_trend8_2011s.pt,1.7,1113205033,654.83,phase4_semantic_finetune_train_2011s_2026-09-05T05-48.log
20260905T051338Z_2011s_trend8_2011s_train,2011s,trend8_2011s,train,copy sem_best_2011s_trend8_2011s.pt,1.8,1113205033,618.45,phase4_semantic_finetune_train_2011s_2026-09-05T05-48.log
20260905T051338Z_2011s_trend8_2011s_train,2011s,trend8_2011s,train,copy sem_best_2011s_trend8_2011s.pt,1.9,1113205033,585.90,phase4_semantic_finetune_train_2011s_2026-09-05T05-48.log
20260905T051338Z_2011s_trend8_2011s_train,2011s,trend8_2011s,train,copy sem_best_2011s_trend8_2011s.pt,1.7,1113205033,654.83,phase4_semantic_finetune_train_2011s_2026-09-05T05-48.log
20260905T051338Z_2011s_trend8_2011s_train,2011s,trend8_2011s,train,copy sem_best_2011s_trend8_2011s.pt,1.6,1113205033,695.75,phase4_semantic_finetune_train_2011s_2026-09-05T05-48.log
20260905T051338Z_2011s_trend8_2011s_train,2011s,trend8_2011s,train,copy sem_best_2011s_trend8_2011s.pt,1.7,1113205033,654.83,phase4_semantic_finetune_train_2011s_2026-09-05T05-48.log
20260905T051338Z_2011s_trend8_2011s_train,2011s,trend8_2011s,train,copy sem_best_2011s_trend8_2011s.pt,2.5,1113205033,445.28,phase4_semantic_finetune_train_2011s_2026-09-05T05-48.log
20260905T051338Z_2011s_trend8_2011s_train,2011s,trend8_2011s,train,copy sem_best_2011s_trend8_2011s.pt,2.5,1113205033,445.28,phase4_semantic_finetune_train_2011s_2026-09-05T05-48.log
20260905T051338Z_2011s_trend8_2011s_train,2011s,trend8_2011s,train,copy sem_best_2011s_trend8_2011s.pt,2.6,1113205033,428.16,phase4_semantic_finetune_train_2011s_2026-09-05T05-48.log
20260905T051338Z_2011s_trend8_2011s_train,2011s,trend8_2011s,train,copy sem_best_2011s_trend8_2011s.pt,3.1,1113205033,359.10,phase4_semantic_finetune_train_2011s_2026-09-05T05-48.log
20260905T051338Z_2011s_trend8_2011s_train,2011s,trend8_2011s,train,copy sem_best_2011s_trend8_2011s.pt,2.5,1113205033,445.28,phase4_semantic_finetune_train_2011s_2026-09-05T05-48.log
20260905T051338Z_2011s_trend8_2011s_train,2011s,trend8_2011s,train,copy sem_best_2011s_trend8_2011s.pt,2.5,1113205033,445.28,phase4_semantic_finetune_train_2011s_2026-09-05T05-48.log
20260905T051338Z_2011s_trend8_2011s_train,2011s,trend8_2011s,train,copy sem_best_2011s_trend8_2011s.pt,2.5,1113205033,445.28,phase4_semantic_finetune_train_2011s_2026-09-05T05-48.log
20260905T051338Z_2011s_trend8_2011s_train,2011s,trend8_2011s,train,copy sem_best_2011s_trend8_2011s.pt,2.8,1113205033,397.57,phase4_semantic_finetune_train_2011s_2026-09-05T05-48.log
20260905T051338Z_2011s_trend8_2011s_train,2011s,trend8_2011s,train,copy sem_best_2011s_trend8_2011s.pt,2.7,1113205033,412.30,phase4_semantic_finetune_train_2011s_2026-09-05T05-48.log
20260905T051338Z_2011s_trend8_2011s_train,2011s,trend8_2011s,train,copy sem_best_2011s_trend8_2011s.pt,2.4,1113205033,463.84,phase4_semantic_finetune_train_2011s_2026-09-05T05-48.log
20260905T053149Z_2015_trend8_2015_tile,2015,trend8_2015,tile,stage 2015_king_rgb.tif,227.8,12092996512,53.09,phase4_semantic_finetune_tile_2015_2026-09-05T05-57.log
20260905T053149Z_2015_trend8_2015_tile,2015,trend8_2015,tile,stage edmonds_canopy_mask_2020.tif,2.8,287816390,102.79,phase4_semantic_finetune_tile_2015_2026-09-05T05-57.log
20260905T055742Z_2015_trend8_2015_train,2015,trend8_2015,train,stage tiles 2015,421.7,,,phase4_semantic_finetune_train_2015_2026-09-05T06-29.log
20260905T055742Z_2015_trend8_2015_train,2015,trend8_2015,train,copy sem_best_2015_trend8_2015.pt,1.8,1113201777,618.45,phase4_semantic_finetune_train_2015_2026-09-05T06-29.log
20260905T055742Z_2015_trend8_2015_train,2015,trend8_2015,train,copy sem_best_2015_trend8_2015.pt,1.8,1113201777,618.45,phase4_semantic_finetune_train_2015_2026-09-05T06-29.log
20260905T055742Z_2015_trend8_2015_train,2015,trend8_2015,train,copy sem_best_2015_trend8_2015.pt,1.6,1113201777,695.75,phase4_semantic_finetune_train_2015_2026-09-05T06-29.log
20260905T055742Z_2015_trend8_2015_train,2015,trend8_2015,train,copy sem_best_2015_trend8_2015.pt,1.7,1113201777,654.82,phase4_semantic_finetune_train_2015_2026-09-05T06-29.log
20260905T055742Z_2015_trend8_2015_train,2015,trend8_2015,train,copy sem_best_2015_trend8_2015.pt,1.6,1113201777,695.75,phase4_semantic_finetune_train_2015_2026-09-05T06-29.log
20260905T055742Z_2015_trend8_2015_train,2015,trend8_2015,train,copy sem_best_2015_trend8_2015.pt,1.5,1113201777,742.13,phase4_semantic_finetune_train_2015_2026-09-05T06-29.log
20260905T055742Z_2015_trend8_2015_train,2015,trend8_2015,train,copy sem_best_2015_trend8_2015.pt,2.5,1113201777,445.28,phase4_semantic_finetune_train_2015_2026-09-05T06-29.log
20260905T055742Z_2015_trend8_2015_train,2015,trend8_2015,train,copy sem_best_2015_trend8_2015.pt,2.6,1113201777,428.15,phase4_semantic_finetune_train_2015_2026-09-05T06-29.log
20260905T055742Z_2015_trend8_2015_train,2015,trend8_2015,train,copy sem_best_2015_trend8_2015.pt,2.4,1113201777,463.83,phase4_semantic_finetune_train_2015_2026-09-05T06-29.log
20260905T055742Z_2015_trend8_2015_train,2015,trend8_2015,train,copy sem_best_2015_trend8_2015.pt,2.5,1113201777,445.28,phase4_semantic_finetune_train_2015_2026-09-05T06-29.log
20260905T055742Z_2015_trend8_2015_train,2015,trend8_2015,train,copy sem_best_2015_trend8_2015.pt,2.6,1113201777,428.15,phase4_semantic_finetune_train_2015_2026-09-05T06-29.log
20260905T055742Z_2015_trend8_2015_train,2015,trend8_2015,train,copy sem_best_2015_trend8_2015.pt,2.6,1113201777,428.15,phase4_semantic_finetune_train_2015_2026-09-05T06-29.log
20260905T055742Z_2015_trend8_2015_train,2015,trend8_2015,train,copy sem_best_2015_trend8_2015.pt,3.1,1113201777,359.10,phase4_semantic_finetune_train_2015_2026-09-05T06-29.log
20260905T055857Z_2011s_trend8_2011s_evaluate,2011s,trend8_2011s,evaluate,copy semantic_eval_report_superseded.csv,0.0,25406,,phase4_semantic_finetune_evaluate_2011s_2026-09-05T06-01.log
20260905T055857Z_2011s_trend8_2011s_evaluate,2011s,trend8_2011s,evaluate,copy semantic_eval_report.csv,0.0,,,phase4_semantic_finetune_evaluate_2011s_2026-09-05T06-01.log
20260905T060153Z_2011s_trend8_2011s_inference,2011s,trend8_2011s,inference,stage 2011_snoh_1ft_rgb.tif,57.0,1987295246,34.86,phase4_semantic_finetune_inference_2011s_2026-09-05T06-05.log
20260905T060153Z_2011s_trend8_2011s_inference,2011s,trend8_2011s,inference,inference,153.3,,,phase4_semantic_finetune_inference_2011s_2026-09-05T06-05.log
20260905T060153Z_2011s_trend8_2011s_inference,2011s,trend8_2011s,inference,copy edmonds_canopy_prob_2011s_trend8_2011s.tif,0.6,328311060,547.19,phase4_semantic_finetune_inference_2011s_2026-09-05T06-05.log
20260905T060547Z_2011s_trend8_2011s_postproc,2011s,trend8_2011s,postproc,polygonize,61.8,,,phase4_semantic_finetune_postproc_2011s_2026-09-05T06-08.log
20260905T060547Z_2011s_trend8_2011s_postproc,2011s,trend8_2011s,postproc,copy edmonds_canopy_mask_2011s_trend8_2011s.tif,0.0,21053800,,phase4_semantic_finetune_postproc_2011s_2026-09-05T06-08.log
20260905T060547Z_2011s_trend8_2011s_postproc,2011s,trend8_2011s,postproc,copy edmonds_canopy_mask_2011s_trend8_2011s.gpkg,0.1,93765632,937.66,phase4_semantic_finetune_postproc_2011s_2026-09-05T06-08.log
20260905T060547Z_2011s_trend8_2011s_postproc,2011s,trend8_2011s,postproc,postproc,130.0,,,phase4_semantic_finetune_postproc_2011s_2026-09-05T06-08.log
20260905T061758Z_2016_trend8_2016_tile,2016,trend8_2016,tile,stage 2016_snoh_1ft_rgbi.tif,21.3,2586179492,121.42,phase4_semantic_finetune_tile_2016_2026-09-05T06-39.log
20260905T061758Z_2016_trend8_2016_tile,2016,trend8_2016,tile,stage edmonds_canopy_mask_2020.tif,52.6,287816390,5.47,phase4_semantic_finetune_tile_2016_2026-09-05T06-39.log
20260905T063447Z_2015_trend8_2015_evaluate,2015,trend8_2015,evaluate,copy semantic_eval_report_superseded.csv,0.0,25406,,phase4_semantic_finetune_evaluate_2015_2026-09-05T06-36.log
20260905T063447Z_2015_trend8_2015_evaluate,2015,trend8_2015,evaluate,copy semantic_eval_report.csv,0.0,,,phase4_semantic_finetune_evaluate_2015_2026-09-05T06-36.log
20260905T063758Z_2015_trend8_2015_inference,2015,trend8_2015,inference,stage 2015_king_rgb.tif,195.6,12092996512,61.83,phase4_semantic_finetune_inference_2015_2026-09-05T07-00.log
20260905T063758Z_2015_trend8_2015_inference,2015,trend8_2015,inference,inference,965.9,,,phase4_semantic_finetune_inference_2015_2026-09-05T07-00.log
20260905T063758Z_2015_trend8_2015_inference,2015,trend8_2015,inference,copy edmonds_canopy_prob_2015_trend8_2015.tif,4.7,2038592344,433.74,phase4_semantic_finetune_inference_2015_2026-09-05T07-00.log
20260905T064037Z_2016_trend8_2016_train,2016,trend8_2016,train,stage tiles 2016,534.8,,,phase4_semantic_finetune_train_2016_2026-09-05T07-17.log
20260905T064037Z_2016_trend8_2016_train,2016,trend8_2016,train,copy sem_best_2016_trend8_2016.pt,1.7,1113201073,654.82,phase4_semantic_finetune_train_2016_2026-09-05T07-17.log
20260905T064037Z_2016_trend8_2016_train,2016,trend8_2016,train,copy sem_best_2016_trend8_2016.pt,1.8,1113201073,618.45,phase4_semantic_finetune_train_2016_2026-09-05T07-17.log
20260905T064037Z_2016_trend8_2016_train,2016,trend8_2016,train,copy sem_best_2016_trend8_2016.pt,1.9,1113201073,585.90,phase4_semantic_finetune_train_2016_2026-09-05T07-17.log
20260905T064037Z_2016_trend8_2016_train,2016,trend8_2016,train,copy sem_best_2016_trend8_2016.pt,1.8,1113201073,618.45,phase4_semantic_finetune_train_2016_2026-09-05T07-17.log
20260905T064037Z_2016_trend8_2016_train,2016,trend8_2016,train,copy sem_best_2016_trend8_2016.pt,1.7,1113201073,654.82,phase4_semantic_finetune_train_2016_2026-09-05T07-17.log
20260905T064037Z_2016_trend8_2016_train,2016,trend8_2016,train,copy sem_best_2016_trend8_2016.pt,70.5,1113201073,15.79,phase4_semantic_finetune_train_2016_2026-09-05T07-17.log
20260905T064037Z_2016_trend8_2016_train,2016,trend8_2016,train,copy sem_best_2016_trend8_2016.pt,2.5,1113201073,445.28,phase4_semantic_finetune_train_2016_2026-09-05T07-17.log
20260905T064037Z_2016_trend8_2016_train,2016,trend8_2016,train,copy sem_best_2016_trend8_2016.pt,2.7,1113201073,412.30,phase4_semantic_finetune_train_2016_2026-09-05T07-17.log
20260905T064037Z_2016_trend8_2016_train,2016,trend8_2016,train,copy sem_best_2016_trend8_2016.pt,2.6,1113201073,428.15,phase4_semantic_finetune_train_2016_2026-09-05T07-17.log
20260905T064037Z_2016_trend8_2016_train,2016,trend8_2016,train,copy sem_best_2016_trend8_2016.pt,2.4,1113201073,463.83,phase4_semantic_finetune_train_2016_2026-09-05T07-17.log
20260905T070045Z_2015_trend8_2015_postproc,2015,trend8_2015,postproc,polygonize,428.1,,,phase4_semantic_finetune_postproc_2015_2026-09-05T07-17.log
20260905T070045Z_2015_trend8_2015_postproc,2015,trend8_2015,postproc,copy edmonds_canopy_mask_2015_trend8_2015.tif,0.2,93018034,465.09,phase4_semantic_finetune_postproc_2015_2026-09-05T07-17.log
20260905T070045Z_2015_trend8_2015_postproc,2015,trend8_2015,postproc,copy edmonds_canopy_mask_2015_trend8_2015.gpkg,0.1,19451904,194.52,phase4_semantic_finetune_postproc_2015_2026-09-05T07-17.log
20260905T070045Z_2015_trend8_2015_postproc,2015,trend8_2015,postproc,postproc,1012.9,,,phase4_semantic_finetune_postproc_2015_2026-09-05T07-17.log
20260905T072455Z_2019_trend8_2019_tile,2019,trend8_2019,tile,stage 2019_king_rgb.tif,203.8,11654003682,57.18,phase4_semantic_finetune_tile_2019_2026-09-05T07-50.log
20260905T072455Z_2019_trend8_2019_tile,2019,trend8_2019,tile,stage edmonds_canopy_mask_2020.tif,3.1,287816390,92.84,phase4_semantic_finetune_tile_2019_2026-09-05T07-50.log
20260905T072948Z_2016_trend8_2016_evaluate,2016,trend8_2016,evaluate,copy semantic_eval_report_superseded.csv,0.0,25406,,phase4_semantic_finetune_evaluate_2016_2026-09-05T07-32.log
20260905T072948Z_2016_trend8_2016_evaluate,2016,trend8_2016,evaluate,copy semantic_eval_report.csv,0.0,,,phase4_semantic_finetune_evaluate_2016_2026-09-05T07-32.log
20260905T073305Z_2016_trend8_2016_inference,2016,trend8_2016,inference,stage 2016_snoh_1ft_rgbi.tif,102.8,2586179492,25.16,phase4_semantic_finetune_inference_2016_2026-09-05T07-38.log
20260905T073305Z_2016_trend8_2016_inference,2016,trend8_2016,inference,inference,152.9,,,phase4_semantic_finetune_inference_2016_2026-09-05T07-38.log
20260905T073305Z_2016_trend8_2016_inference,2016,trend8_2016,inference,copy edmonds_canopy_prob_2016_trend8_2016.tif,0.8,362242571,452.80,phase4_semantic_finetune_inference_2016_2026-09-05T07-38.log
20260905T073957Z_2016_trend8_2016_postproc,2016,trend8_2016,postproc,polygonize,62.1,,,phase4_semantic_finetune_postproc_2016_2026-09-05T07-42.log
20260905T073957Z_2016_trend8_2016_postproc,2016,trend8_2016,postproc,copy edmonds_canopy_mask_2016_trend8_2016.tif,0.0,20162339,,phase4_semantic_finetune_postproc_2016_2026-09-05T07-42.log
20260905T073957Z_2016_trend8_2016_postproc,2016,trend8_2016,postproc,copy edmonds_canopy_mask_2016_trend8_2016.gpkg,0.1,83152896,831.53,phase4_semantic_finetune_postproc_2016_2026-09-05T07-42.log
20260905T073957Z_2016_trend8_2016_postproc,2016,trend8_2016,postproc,postproc,130.8,,,phase4_semantic_finetune_postproc_2016_2026-09-05T07-42.log
20260905T074748Z_2024_trend8_2024_tile,2024,trend8_2024,tile,stage 2024_coe_rgb.tif,462.8,26944190060,58.22,phase4_semantic_finetune_tile_2024_2026-09-05T08-14.log
20260905T074748Z_2024_trend8_2024_tile,2024,trend8_2024,tile,stage edmonds_canopy_mask_2020.tif,2.7,287816390,106.60,phase4_semantic_finetune_tile_2024_2026-09-05T08-14.log
20260905T075058Z_2019_trend8_2019_train,2019,trend8_2019,train,stage tiles 2019,298.1,,,phase4_semantic_finetune_train_2019_2026-09-05T08-28.log
20260905T075058Z_2019_trend8_2019_train,2019,trend8_2019,train,copy sem_best_2019_trend8_2019.pt,1.9,1113201713,585.90,phase4_semantic_finetune_train_2019_2026-09-05T08-28.log
20260905T075058Z_2019_trend8_2019_train,2019,trend8_2019,train,copy sem_best_2019_trend8_2019.pt,1.9,1113201713,585.90,phase4_semantic_finetune_train_2019_2026-09-05T08-28.log
20260905T075058Z_2019_trend8_2019_train,2019,trend8_2019,train,copy sem_best_2019_trend8_2019.pt,1.8,1113201713,618.45,phase4_semantic_finetune_train_2019_2026-09-05T08-28.log
20260905T075058Z_2019_trend8_2019_train,2019,trend8_2019,train,copy sem_best_2019_trend8_2019.pt,1.6,1113201713,695.75,phase4_semantic_finetune_train_2019_2026-09-05T08-28.log
20260905T075058Z_2019_trend8_2019_train,2019,trend8_2019,train,copy sem_best_2019_trend8_2019.pt,1.6,1113201713,695.75,phase4_semantic_finetune_train_2019_2026-09-05T08-28.log
20260905T075058Z_2019_trend8_2019_train,2019,trend8_2019,train,copy sem_best_2019_trend8_2019.pt,2.1,1113201713,530.10,phase4_semantic_finetune_train_2019_2026-09-05T08-28.log
20260905T075058Z_2019_trend8_2019_train,2019,trend8_2019,train,copy sem_best_2019_trend8_2019.pt,1.8,1113201713,618.45,phase4_semantic_finetune_train_2019_2026-09-05T08-28.log
20260905T075058Z_2019_trend8_2019_train,2019,trend8_2019,train,copy sem_best_2019_trend8_2019.pt,2.3,1113201713,484.00,phase4_semantic_finetune_train_2019_2026-09-05T08-28.log
20260905T075058Z_2019_trend8_2019_train,2019,trend8_2019,train,copy sem_best_2019_trend8_2019.pt,2.4,1113201713,463.83,phase4_semantic_finetune_train_2019_2026-09-05T08-28.log
20260905T075058Z_2019_trend8_2019_train,2019,trend8_2019,train,copy sem_best_2019_trend8_2019.pt,2.5,1113201713,445.28,phase4_semantic_finetune_train_2019_2026-09-05T08-28.log
20260905T075058Z_2019_trend8_2019_train,2019,trend8_2019,train,copy sem_best_2019_trend8_2019.pt,2.4,1113201713,463.83,phase4_semantic_finetune_train_2019_2026-09-05T08-28.log
20260905T075058Z_2019_trend8_2019_train,2019,trend8_2019,train,copy sem_best_2019_trend8_2019.pt,35.2,1113201713,31.63,phase4_semantic_finetune_train_2019_2026-09-05T08-28.log
20260905T075058Z_2019_trend8_2019_train,2019,trend8_2019,train,copy sem_best_2019_trend8_2019.pt,2.6,1113201713,428.15,phase4_semantic_finetune_train_2019_2026-09-05T08-28.log
20260905T075058Z_2019_trend8_2019_train,2019,trend8_2019,train,copy sem_best_2019_trend8_2019.pt,2.6,1113201713,428.15,phase4_semantic_finetune_train_2019_2026-09-05T08-28.log
20260905T081454Z_2024_trend8_2024_train,2024,trend8_2024,train,stage tiles 2024,527.5,,,phase4_semantic_finetune_train_2024_2026-09-05T09-01.log
20260905T081454Z_2024_trend8_2024_train,2024,trend8_2024,train,copy sem_best_2024_trend8_2024.pt,1.7,1113201905,654.82,phase4_semantic_finetune_train_2024_2026-09-05T09-01.log
20260905T081454Z_2024_trend8_2024_train,2024,trend8_2024,train,copy sem_best_2024_trend8_2024.pt,1.9,1113201905,585.90,phase4_semantic_finetune_train_2024_2026-09-05T09-01.log
20260905T081454Z_2024_trend8_2024_train,2024,trend8_2024,train,copy sem_best_2024_trend8_2024.pt,2.0,1113201905,556.60,phase4_semantic_finetune_train_2024_2026-09-05T09-01.log
20260905T081454Z_2024_trend8_2024_train,2024,trend8_2024,train,copy sem_best_2024_trend8_2024.pt,1.7,1113201905,654.82,phase4_semantic_finetune_train_2024_2026-09-05T09-01.log
20260905T081454Z_2024_trend8_2024_train,2024,trend8_2024,train,copy sem_best_2024_trend8_2024.pt,1.8,1113201905,618.45,phase4_semantic_finetune_train_2024_2026-09-05T09-01.log
20260905T081454Z_2024_trend8_2024_train,2024,trend8_2024,train,copy sem_best_2024_trend8_2024.pt,1.5,1113201905,742.13,phase4_semantic_finetune_train_2024_2026-09-05T09-01.log
20260905T081454Z_2024_trend8_2024_train,2024,trend8_2024,train,copy sem_best_2024_trend8_2024.pt,1.8,1113201905,618.45,phase4_semantic_finetune_train_2024_2026-09-05T09-01.log
20260905T081454Z_2024_trend8_2024_train,2024,trend8_2024,train,copy sem_best_2024_trend8_2024.pt,1.8,1113201905,618.45,phase4_semantic_finetune_train_2024_2026-09-05T09-01.log
20260905T081454Z_2024_trend8_2024_train,2024,trend8_2024,train,copy sem_best_2024_trend8_2024.pt,1.9,1113201905,585.90,phase4_semantic_finetune_train_2024_2026-09-05T09-01.log
20260905T081454Z_2024_trend8_2024_train,2024,trend8_2024,train,copy sem_best_2024_trend8_2024.pt,1.5,1113201905,742.13,phase4_semantic_finetune_train_2024_2026-09-05T09-01.log
20260905T081454Z_2024_trend8_2024_train,2024,trend8_2024,train,copy sem_best_2024_trend8_2024.pt,1.8,1113201905,618.45,phase4_semantic_finetune_train_2024_2026-09-05T09-01.log
20260905T081454Z_2024_trend8_2024_train,2024,trend8_2024,train,copy sem_best_2024_trend8_2024.pt,2.4,1113201905,463.83,phase4_semantic_finetune_train_2024_2026-09-05T09-01.log
20260905T081454Z_2024_trend8_2024_train,2024,trend8_2024,train,copy sem_best_2024_trend8_2024.pt,2.5,1113201905,445.28,phase4_semantic_finetune_train_2024_2026-09-05T09-01.log
20260905T081454Z_2024_trend8_2024_train,2024,trend8_2024,train,copy sem_best_2024_trend8_2024.pt,2.3,1113201905,484.00,phase4_semantic_finetune_train_2024_2026-09-05T09-01.log
20260905T081454Z_2024_trend8_2024_train,2024,trend8_2024,train,copy sem_best_2024_trend8_2024.pt,2.9,1113201905,383.86,phase4_semantic_finetune_train_2024_2026-09-05T09-01.log
20260905T081454Z_2024_trend8_2024_train,2024,trend8_2024,train,copy sem_best_2024_trend8_2024.pt,2.3,1113201905,484.00,phase4_semantic_finetune_train_2024_2026-09-05T09-01.log
20260905T081454Z_2024_trend8_2024_train,2024,trend8_2024,train,copy sem_best_2024_trend8_2024.pt,2.6,1113201905,428.15,phase4_semantic_finetune_train_2024_2026-09-05T09-01.log
20260905T083054Z_2019_trend8_2019_evaluate,2019,trend8_2019,evaluate,copy semantic_eval_report_superseded.csv,0.0,25406,,phase4_semantic_finetune_evaluate_2019_2026-09-05T08-34.log
20260905T083054Z_2019_trend8_2019_evaluate,2019,trend8_2019,evaluate,copy semantic_eval_report.csv,0.0,,,phase4_semantic_finetune_evaluate_2019_2026-09-05T08-34.log
20260905T083452Z_2019_trend8_2019_inference,2019,trend8_2019,inference,stage 2019_king_rgb.tif,354.1,11654003682,32.91,phase4_semantic_finetune_inference_2019_2026-09-05T08-58.log
20260905T083452Z_2019_trend8_2019_inference,2019,trend8_2019,inference,inference,960.7,,,phase4_semantic_finetune_inference_2019_2026-09-05T08-58.log
20260905T083452Z_2019_trend8_2019_inference,2019,trend8_2019,inference,copy edmonds_canopy_prob_2019_trend8_2019.tif,4.9,2256603522,460.53,phase4_semantic_finetune_inference_2019_2026-09-05T08-58.log
20260905T085901Z_2019_trend8_2019_postproc,2019,trend8_2019,postproc,polygonize,445.3,,,phase4_semantic_finetune_postproc_2019_2026-09-05T09-16.log
20260905T085901Z_2019_trend8_2019_postproc,2019,trend8_2019,postproc,copy edmonds_canopy_mask_2019_trend8_2019.tif,0.2,101293824,506.47,phase4_semantic_finetune_postproc_2019_2026-09-05T09-16.log
20260905T085901Z_2019_trend8_2019_postproc,2019,trend8_2019,postproc,copy edmonds_canopy_mask_2019_trend8_2019.gpkg,0.1,31219712,312.20,phase4_semantic_finetune_postproc_2019_2026-09-05T09-16.log
20260905T085901Z_2019_trend8_2019_postproc,2019,trend8_2019,postproc,postproc,1031.6,,,phase4_semantic_finetune_postproc_2019_2026-09-05T09-16.log
20260905T090545Z_2024_trend8_2024_evaluate,2024,trend8_2024,evaluate,copy semantic_eval_report.csv,0.0,,,phase4_semantic_finetune_evaluate_2024_2026-09-05T09-06.log
20260905T090652Z_2024_trend8_2024_inference,2024,trend8_2024,inference,stage 2024_coe_rgb.tif,404.2,26944190060,66.66,phase4_semantic_finetune_inference_2024_2026-09-05T10-15.log
20260905T090652Z_2024_trend8_2024_inference,2024,trend8_2024,inference,inference,3530.5,,,phase4_semantic_finetune_inference_2024_2026-09-05T10-15.log
20260905T090652Z_2024_trend8_2024_inference,2024,trend8_2024,inference,copy edmonds_canopy_prob_2024_trend8_2024.tif,8.8,2729420018,310.16,phase4_semantic_finetune_inference_2024_2026-09-05T10-15.log
20260905T092345Z_2021_trend8_2021_tile,2021,trend8_2021,tile,stage 2021_king_rgb.tif,228.4,11199067177,49.03,phase4_semantic_finetune_tile_2021_2026-09-05T09-50.log
20260905T092345Z_2021_trend8_2021_tile,2021,trend8_2021,tile,stage edmonds_canopy_mask_2020.tif,2.6,287816390,110.70,phase4_semantic_finetune_tile_2021_2026-09-05T09-50.log
20260905T095156Z_2021_trend8_2021_train,2021,trend8_2021,train,stage tiles 2021,250.7,,,phase4_semantic_finetune_train_2021_2026-09-05T10-26.log
20260905T095156Z_2021_trend8_2021_train,2021,trend8_2021,train,copy sem_best_2021_trend8_2021.pt,1.9,1113201969,585.90,phase4_semantic_finetune_train_2021_2026-09-05T10-26.log
20260905T095156Z_2021_trend8_2021_train,2021,trend8_2021,train,copy sem_best_2021_trend8_2021.pt,1.8,1113201969,618.45,phase4_semantic_finetune_train_2021_2026-09-05T10-26.log
20260905T095156Z_2021_trend8_2021_train,2021,trend8_2021,train,copy sem_best_2021_trend8_2021.pt,1.6,1113201969,695.75,phase4_semantic_finetune_train_2021_2026-09-05T10-26.log
20260905T095156Z_2021_trend8_2021_train,2021,trend8_2021,train,copy sem_best_2021_trend8_2021.pt,2.1,1113201969,530.10,phase4_semantic_finetune_train_2021_2026-09-05T10-26.log
20260905T095156Z_2021_trend8_2021_train,2021,trend8_2021,train,copy sem_best_2021_trend8_2021.pt,1.7,1113201969,654.82,phase4_semantic_finetune_train_2021_2026-09-05T10-26.log
20260905T095156Z_2021_trend8_2021_train,2021,trend8_2021,train,copy sem_best_2021_trend8_2021.pt,1.8,1113201969,618.45,phase4_semantic_finetune_train_2021_2026-09-05T10-26.log
20260905T095156Z_2021_trend8_2021_train,2021,trend8_2021,train,copy sem_best_2021_trend8_2021.pt,1.6,1113201969,695.75,phase4_semantic_finetune_train_2021_2026-09-05T10-26.log
20260905T095156Z_2021_trend8_2021_train,2021,trend8_2021,train,copy sem_best_2021_trend8_2021.pt,2.9,1113201969,383.86,phase4_semantic_finetune_train_2021_2026-09-05T10-26.log
20260905T095156Z_2021_trend8_2021_train,2021,trend8_2021,train,copy sem_best_2021_trend8_2021.pt,1.8,1113201969,618.45,phase4_semantic_finetune_train_2021_2026-09-05T10-26.log
20260905T095156Z_2021_trend8_2021_train,2021,trend8_2021,train,copy sem_best_2021_trend8_2021.pt,1.6,1113201969,695.75,phase4_semantic_finetune_train_2021_2026-09-05T10-26.log
20260905T095156Z_2021_trend8_2021_train,2021,trend8_2021,train,copy sem_best_2021_trend8_2021.pt,2.4,1113201969,463.83,phase4_semantic_finetune_train_2021_2026-09-05T10-26.log
20260905T095156Z_2021_trend8_2021_train,2021,trend8_2021,train,copy sem_best_2021_trend8_2021.pt,2.7,1113201969,412.30,phase4_semantic_finetune_train_2021_2026-09-05T10-26.log
20260905T095156Z_2021_trend8_2021_train,2021,trend8_2021,train,copy sem_best_2021_trend8_2021.pt,2.5,1113201969,445.28,phase4_semantic_finetune_train_2021_2026-09-05T10-26.log
20260905T095156Z_2021_trend8_2021_train,2021,trend8_2021,train,copy sem_best_2021_trend8_2021.pt,2.7,1113201969,412.30,phase4_semantic_finetune_train_2021_2026-09-05T10-26.log
20260905T095156Z_2021_trend8_2021_train,2021,trend8_2021,train,copy sem_best_2021_trend8_2021.pt,2.3,1113201969,484.00,phase4_semantic_finetune_train_2021_2026-09-05T10-26.log
20260905T095156Z_2021_trend8_2021_train,2021,trend8_2021,train,copy sem_best_2021_trend8_2021.pt,2.3,1113201969,484.00,phase4_semantic_finetune_train_2021_2026-09-05T10-26.log
20260905T095156Z_2021_trend8_2021_train,2021,trend8_2021,train,copy sem_best_2021_trend8_2021.pt,2.7,1113201969,412.30,phase4_semantic_finetune_train_2021_2026-09-05T10-26.log
20260905T095156Z_2021_trend8_2021_train,2021,trend8_2021,train,copy sem_best_2021_trend8_2021.pt,2.3,1113201969,484.00,phase4_semantic_finetune_train_2021_2026-09-05T10-26.log
20260905T101549Z_2024_trend8_2024_postproc,2024,trend8_2024,postproc,polygonize,1809.1,,,phase4_semantic_finetune_postproc_2024_2026-09-05T11-21.log
20260905T101549Z_2024_trend8_2024_postproc,2024,trend8_2024,postproc,copy edmonds_canopy_mask_2024_trend8_2024.tif,0.6,257547378,429.25,phase4_semantic_finetune_postproc_2024_2026-09-05T11-21.log
20260905T101549Z_2024_trend8_2024_postproc,2024,trend8_2024,postproc,copy edmonds_canopy_mask_2024_trend8_2024.gpkg,0.0,26062848,,phase4_semantic_finetune_postproc_2024_2026-09-05T11-21.log
20260905T101549Z_2024_trend8_2024_postproc,2024,trend8_2024,postproc,postproc,3952.9,,,phase4_semantic_finetune_postproc_2024_2026-09-05T11-21.log
20260905T102856Z_2021_trend8_2021_evaluate,2021,trend8_2021,evaluate,copy semantic_eval_report.csv,0.0,,,phase4_semantic_finetune_evaluate_2021_2026-09-05T10-31.log
20260905T103159Z_2021_trend8_2021_inference,2021,trend8_2021,inference,stage 2021_king_rgb.tif,249.7,11199067177,44.85,phase4_semantic_finetune_inference_2021_2026-09-05T10-54.log
20260905T103159Z_2021_trend8_2021_inference,2021,trend8_2021,inference,inference,956.0,,,phase4_semantic_finetune_inference_2021_2026-09-05T10-54.log
20260905T103159Z_2021_trend8_2021_inference,2021,trend8_2021,inference,copy edmonds_canopy_prob_2021_trend8_2021.tif,5.0,2049860274,409.97,phase4_semantic_finetune_inference_2021_2026-09-05T10-54.log
20260905T105500Z_2021_trend8_2021_postproc,2021,trend8_2021,postproc,polygonize,431.2,,,phase4_semantic_finetune_postproc_2021_2026-09-05T11-12.log
20260905T105500Z_2021_trend8_2021_postproc,2021,trend8_2021,postproc,copy edmonds_canopy_mask_2021_trend8_2021.tif,0.2,95808155,479.04,phase4_semantic_finetune_postproc_2021_2026-09-05T11-12.log
20260905T105500Z_2021_trend8_2021_postproc,2021,trend8_2021,postproc,copy edmonds_canopy_mask_2021_trend8_2021.gpkg,0.0,19435520,,phase4_semantic_finetune_postproc_2021_2026-09-05T11-12.log
20260905T105500Z_2021_trend8_2021_postproc,2021,trend8_2021,postproc,postproc,1027.4,,,phase4_semantic_finetune_postproc_2021_2026-09-05T11-12.log
20260905T150650Z_2017_of_2017_tile,2017,of_2017,tile,stage 2017_coe_rgb.tif,775.7,48377405327,62.37,phase4_semantic_finetune_tile_2017_2026-09-05T15-50.log
20260905T150650Z_2017_of_2017_tile,2017,of_2017,tile,stage edmonds_canopy_mask_2020.tif,4.0,287816390,71.95,phase4_semantic_finetune_tile_2017_2026-09-05T15-50.log
20260905T152139Z_2020_of_2020_tile,2020,of_2020,tile,stage 2020_coe_rgb.tif,528.6,27147166704,51.36,phase4_semantic_finetune_tile_2020_2026-09-05T15-54.log
20260905T152139Z_2020_of_2020_tile,2020,of_2020,tile,stage edmonds_canopy_mask_2020.tif,3.4,287816390,84.65,phase4_semantic_finetune_tile_2020_2026-09-05T15-54.log
20260905T155030Z_2017_of_2017_train,2017,of_2017,train,stage tiles 2017,295.5,,,phase4_semantic_finetune_train_2017_2026-09-05T16-30.log
20260905T155030Z_2017_of_2017_train,2017,of_2017,train,copy sem_best_2017_of_2017.pt,1.5,1113194305,742.13,phase4_semantic_finetune_train_2017_2026-09-05T16-30.log
20260905T155030Z_2017_of_2017_train,2017,of_2017,train,copy sem_best_2017_of_2017.pt,1.7,1113194305,654.82,phase4_semantic_finetune_train_2017_2026-09-05T16-30.log
20260905T155030Z_2017_of_2017_train,2017,of_2017,train,copy sem_best_2017_of_2017.pt,2.3,1113194305,484.00,phase4_semantic_finetune_train_2017_2026-09-05T16-30.log
20260905T155030Z_2017_of_2017_train,2017,of_2017,train,copy sem_best_2017_of_2017.pt,3.1,1113194305,359.09,phase4_semantic_finetune_train_2017_2026-09-05T16-30.log
20260905T155030Z_2017_of_2017_train,2017,of_2017,train,copy sem_best_2017_of_2017.pt,2.4,1113194305,463.83,phase4_semantic_finetune_train_2017_2026-09-05T16-30.log
20260905T155030Z_2017_of_2017_train,2017,of_2017,train,copy sem_best_2017_of_2017.pt,2.2,1113194305,506.00,phase4_semantic_finetune_train_2017_2026-09-05T16-30.log
20260905T155452Z_2020_of_2020_train,2020,of_2020,train,stage tiles 2020,215.6,,,phase4_semantic_finetune_train_2020_2026-09-05T16-32.log
20260905T155452Z_2020_of_2020_train,2020,of_2020,train,copy sem_best_2020_of_2020.pt,1.4,1113193985,795.14,phase4_semantic_finetune_train_2020_2026-09-05T16-32.log
20260905T155452Z_2020_of_2020_train,2020,of_2020,train,copy sem_best_2020_of_2020.pt,1.8,1113193985,618.44,phase4_semantic_finetune_train_2020_2026-09-05T16-32.log
20260905T155452Z_2020_of_2020_train,2020,of_2020,train,copy sem_best_2020_of_2020.pt,1.5,1113193985,742.13,phase4_semantic_finetune_train_2020_2026-09-05T16-32.log
20260905T155452Z_2020_of_2020_train,2020,of_2020,train,copy sem_best_2020_of_2020.pt,1.7,1113193985,654.82,phase4_semantic_finetune_train_2020_2026-09-05T16-32.log
20260905T155452Z_2020_of_2020_train,2020,of_2020,train,copy sem_best_2020_of_2020.pt,1.4,1113193985,795.14,phase4_semantic_finetune_train_2020_2026-09-05T16-32.log
20260905T155452Z_2020_of_2020_train,2020,of_2020,train,copy sem_best_2020_of_2020.pt,2.2,1113193985,506.00,phase4_semantic_finetune_train_2020_2026-09-05T16-32.log
20260905T155452Z_2020_of_2020_train,2020,of_2020,train,copy sem_best_2020_of_2020.pt,2.5,1113193985,445.28,phase4_semantic_finetune_train_2020_2026-09-05T16-32.log
20260905T155452Z_2020_of_2020_train,2020,of_2020,train,copy sem_best_2020_of_2020.pt,2.6,1113193985,428.15,phase4_semantic_finetune_train_2020_2026-09-05T16-32.log
20260905T163139Z_2017_of_2017_evaluate,2017,of_2017,evaluate,copy semantic_eval_report_superseded.csv,0.0,25406,,phase4_semantic_finetune_evaluate_2017_2026-09-05T16-32.log
20260905T163139Z_2017_of_2017_evaluate,2017,of_2017,evaluate,copy semantic_eval_report.csv,0.0,,,phase4_semantic_finetune_evaluate_2017_2026-09-05T16-32.log
20260905T163238Z_2017_of_2017_inference,2017,of_2017,inference,stage 2017_coe_rgb.tif,585.4,48377405327,82.64,phase4_semantic_finetune_inference_2017_2026-09-05T17-42.log
20260905T163238Z_2017_of_2017_inference,2017,of_2017,inference,inference,3512.9,,,phase4_semantic_finetune_inference_2017_2026-09-05T17-42.log
20260905T163238Z_2017_of_2017_inference,2017,of_2017,inference,copy edmonds_canopy_prob_2017_of_2017.tif,7.4,3028129689,409.21,phase4_semantic_finetune_inference_2017_2026-09-05T17-42.log
20260905T163356Z_2020_of_2020_evaluate,2020,of_2020,evaluate,copy semantic_eval_report_superseded.csv,0.0,25406,,phase4_semantic_finetune_evaluate_2020_2026-09-05T16-35.log
20260905T163356Z_2020_of_2020_evaluate,2020,of_2020,evaluate,copy semantic_eval_report.csv,0.0,,,phase4_semantic_finetune_evaluate_2020_2026-09-05T16-35.log
20260905T163652Z_2020_of_2020_inference,2020,of_2020,inference,stage 2020_coe_rgb.tif,380.4,27147166704,71.36,phase4_semantic_finetune_inference_2020_2026-09-05T17-51.log
20260905T163652Z_2020_of_2020_inference,2020,of_2020,inference,inference,3521.5,,,phase4_semantic_finetune_inference_2020_2026-09-05T17-51.log
20260905T163652Z_2020_of_2020_inference,2020,of_2020,inference,copy edmonds_canopy_prob_2020_of_2020.tif,9.5,4165313675,438.45,phase4_semantic_finetune_inference_2020_2026-09-05T17-51.log
20260905T175138Z_2020_of_2020_postproc,2020,of_2020,postproc,polygonize,1837.4,,,phase4_semantic_finetune_postproc_2020_2026-09-05T18-58.log
20260905T175138Z_2020_of_2020_postproc,2020,of_2020,postproc,copy edmonds_canopy_mask_2020_of_2020.tif,0.7,334022087,477.17,phase4_semantic_finetune_postproc_2020_2026-09-05T18-58.log
20260905T175138Z_2020_of_2020_postproc,2020,of_2020,postproc,copy edmonds_canopy_mask_2020_of_2020.gpkg,0.1,46825472,468.25,phase4_semantic_finetune_postproc_2020_2026-09-05T18-58.log
20260905T175138Z_2020_of_2020_postproc,2020,of_2020,postproc,postproc,4000.3,,,phase4_semantic_finetune_postproc_2020_2026-09-05T18-58.log
20260905T185444Z_2017s_of_2017s_tile,2017s,of_2017s,tile,stage 2017_snoh_1ft_rgbi.tif,21.3,2907364608,136.50,phase4_semantic_finetune_tile_2017s_2026-09-05T19-11.log
20260905T185444Z_2017s_of_2017s_tile,2017s,of_2017s,tile,stage edmonds_canopy_mask_2020.tif,3.6,287816390,79.95,phase4_semantic_finetune_tile_2017s_2026-09-05T19-11.log
20260905T190054Z_2022_of_2022_tile,2022,of_2022,tile,stage 2022_coe_rgb.tif,281.1,25232875267,89.76,phase4_semantic_finetune_tile_2022_2026-09-05T19-23.log
20260905T190054Z_2022_of_2022_tile,2022,of_2022,tile,stage edmonds_canopy_mask_2020.tif,3.5,287816390,82.23,phase4_semantic_finetune_tile_2022_2026-09-05T19-23.log
20260905T191152Z_2017s_of_2017s_train,2017s,of_2017s,train,stage tiles 2017s,167.4,,,phase4_semantic_finetune_train_2017s_2026-09-05T19-46.log
20260905T191152Z_2017s_of_2017s_train,2017s,of_2017s,train,copy sem_best_2017s_of_2017s.pt,1.9,1113198457,585.89,phase4_semantic_finetune_train_2017s_2026-09-05T19-46.log
20260905T191152Z_2017s_of_2017s_train,2017s,of_2017s,train,copy sem_best_2017s_of_2017s.pt,1.7,1113198457,654.82,phase4_semantic_finetune_train_2017s_2026-09-05T19-46.log
20260905T191152Z_2017s_of_2017s_train,2017s,of_2017s,train,copy sem_best_2017s_of_2017s.pt,1.5,1113198457,742.13,phase4_semantic_finetune_train_2017s_2026-09-05T19-46.log
20260905T191152Z_2017s_of_2017s_train,2017s,of_2017s,train,copy sem_best_2017s_of_2017s.pt,1.8,1113198457,618.44,phase4_semantic_finetune_train_2017s_2026-09-05T19-46.log
20260905T191152Z_2017s_of_2017s_train,2017s,of_2017s,train,copy sem_best_2017s_of_2017s.pt,1.9,1113198457,585.89,phase4_semantic_finetune_train_2017s_2026-09-05T19-46.log
20260905T191152Z_2017s_of_2017s_train,2017s,of_2017s,train,copy sem_best_2017s_of_2017s.pt,1.7,1113198457,654.82,phase4_semantic_finetune_train_2017s_2026-09-05T19-46.log
20260905T191152Z_2017s_of_2017s_train,2017s,of_2017s,train,copy sem_best_2017s_of_2017s.pt,1.9,1113198457,585.89,phase4_semantic_finetune_train_2017s_2026-09-05T19-46.log
20260905T191152Z_2017s_of_2017s_train,2017s,of_2017s,train,copy sem_best_2017s_of_2017s.pt,1.6,1113198457,695.75,phase4_semantic_finetune_train_2017s_2026-09-05T19-46.log
20260905T191152Z_2017s_of_2017s_train,2017s,of_2017s,train,copy sem_best_2017s_of_2017s.pt,1.6,1113198457,695.75,phase4_semantic_finetune_train_2017s_2026-09-05T19-46.log
20260905T191152Z_2017s_of_2017s_train,2017s,of_2017s,train,copy sem_best_2017s_of_2017s.pt,1.9,1113198457,585.89,phase4_semantic_finetune_train_2017s_2026-09-05T19-46.log
20260905T191152Z_2017s_of_2017s_train,2017s,of_2017s,train,copy sem_best_2017s_of_2017s.pt,1.6,1113198457,695.75,phase4_semantic_finetune_train_2017s_2026-09-05T19-46.log
20260905T191152Z_2017s_of_2017s_train,2017s,of_2017s,train,copy sem_best_2017s_of_2017s.pt,1.8,1113198457,618.44,phase4_semantic_finetune_train_2017s_2026-09-05T19-46.log
20260905T191152Z_2017s_of_2017s_train,2017s,of_2017s,train,copy sem_best_2017s_of_2017s.pt,2.3,1113198457,484.00,phase4_semantic_finetune_train_2017s_2026-09-05T19-46.log
20260905T191152Z_2017s_of_2017s_train,2017s,of_2017s,train,copy sem_best_2017s_of_2017s.pt,2.4,1113198457,463.83,phase4_semantic_finetune_train_2017s_2026-09-05T19-46.log
20260905T191152Z_2017s_of_2017s_train,2017s,of_2017s,train,copy sem_best_2017s_of_2017s.pt,2.6,1113198457,428.15,phase4_semantic_finetune_train_2017s_2026-09-05T19-46.log
20260905T191152Z_2017s_of_2017s_train,2017s,of_2017s,train,copy sem_best_2017s_of_2017s.pt,2.7,1113198457,412.30,phase4_semantic_finetune_train_2017s_2026-09-05T19-46.log
20260905T191152Z_2017s_of_2017s_train,2017s,of_2017s,train,copy sem_best_2017s_of_2017s.pt,2.5,1113198457,445.28,phase4_semantic_finetune_train_2017s_2026-09-05T19-46.log
20260905T191152Z_2017s_of_2017s_train,2017s,of_2017s,train,copy sem_best_2017s_of_2017s.pt,2.3,1113198457,484.00,phase4_semantic_finetune_train_2017s_2026-09-05T19-46.log
20260905T191152Z_2017s_of_2017s_train,2017s,of_2017s,train,copy sem_best_2017s_of_2017s.pt,2.3,1113198457,484.00,phase4_semantic_finetune_train_2017s_2026-09-05T19-46.log
20260905T191152Z_2017s_of_2017s_train,2017s,of_2017s,train,copy sem_best_2017s_of_2017s.pt,2.5,1113198457,445.28,phase4_semantic_finetune_train_2017s_2026-09-05T19-46.log
20260905T191152Z_2017s_of_2017s_train,2017s,of_2017s,train,copy sem_best_2017s_of_2017s.pt,2.3,1113198457,484.00,phase4_semantic_finetune_train_2017s_2026-09-05T19-46.log
20260905T191152Z_2017s_of_2017s_train,2017s,of_2017s,train,copy sem_best_2017s_of_2017s.pt,2.6,1113198457,428.15,phase4_semantic_finetune_train_2017s_2026-09-05T19-46.log
20260905T191152Z_2017s_of_2017s_train,2017s,of_2017s,train,copy sem_best_2017s_of_2017s.pt,2.5,1113198457,445.28,phase4_semantic_finetune_train_2017s_2026-09-05T19-46.log
20260905T191152Z_2017s_of_2017s_train,2017s,of_2017s,train,copy sem_best_2017s_of_2017s.pt,3.1,1113198457,359.10,phase4_semantic_finetune_train_2017s_2026-09-05T19-46.log
20260905T192456Z_2022_of_2022_train,2022,of_2022,train,stage tiles 2022,213.3,,,phase4_semantic_finetune_train_2022_2026-09-05T19-55.log
20260905T192456Z_2022_of_2022_train,2022,of_2022,train,copy sem_best_2022_of_2022.pt,1.7,772904067,454.65,phase4_semantic_finetune_train_2022_2026-09-05T19-55.log
20260905T192456Z_2022_of_2022_train,2022,of_2022,train,copy sem_best_2022_of_2022.pt,1.7,772904067,454.65,phase4_semantic_finetune_train_2022_2026-09-05T19-55.log
20260905T192456Z_2022_of_2022_train,2022,of_2022,train,copy sem_best_2022_of_2022.pt,1.6,772904067,483.07,phase4_semantic_finetune_train_2022_2026-09-05T19-55.log
20260905T192456Z_2022_of_2022_train,2022,of_2022,train,copy sem_best_2022_of_2022.pt,1.8,772904067,429.39,phase4_semantic_finetune_train_2022_2026-09-05T19-55.log
20260905T192456Z_2022_of_2022_train,2022,of_2022,train,copy sem_best_2022_of_2022.pt,1.9,772904067,406.79,phase4_semantic_finetune_train_2022_2026-09-05T19-55.log
20260905T192456Z_2022_of_2022_train,2022,of_2022,train,copy sem_best_2022_of_2022.pt,1.9,772904067,406.79,phase4_semantic_finetune_train_2022_2026-09-05T19-55.log
20260905T192456Z_2022_of_2022_train,2022,of_2022,train,copy sem_best_2022_of_2022.pt,1.5,772904067,515.27,phase4_semantic_finetune_train_2022_2026-09-05T19-55.log
20260905T192456Z_2022_of_2022_train,2022,of_2022,train,copy sem_best_2022_of_2022.pt,1.5,772904067,515.27,phase4_semantic_finetune_train_2022_2026-09-05T19-55.log
20260905T192456Z_2022_of_2022_train,2022,of_2022,train,copy sem_best_2022_of_2022.pt,1.8,772904067,429.39,phase4_semantic_finetune_train_2022_2026-09-05T19-55.log
20260905T192456Z_2022_of_2022_train,2022,of_2022,train,copy sem_best_2022_of_2022.pt,2.0,772904067,386.45,phase4_semantic_finetune_train_2022_2026-09-05T19-55.log
20260905T192456Z_2022_of_2022_train,2022,of_2022,train,copy sem_best_2022_of_2022.pt,2.3,772904067,336.05,phase4_semantic_finetune_train_2022_2026-09-05T19-55.log
20260905T192456Z_2022_of_2022_train,2022,of_2022,train,copy sem_best_2022_of_2022.pt,1.9,772904067,406.79,phase4_semantic_finetune_train_2022_2026-09-05T19-55.log
20260905T194740Z_2017s_of_2017s_evaluate,2017s,of_2017s,evaluate,copy semantic_eval_report.csv,0.0,,,phase4_semantic_finetune_evaluate_2017s_2026-09-05T19-49.log
20260905T194951Z_2017s_of_2017s_inference,2017s,of_2017s,inference,stage 2017_snoh_1ft_rgbi.tif,37.7,2907364608,77.12,phase4_semantic_finetune_inference_2017s_2026-09-05T19-53.log
20260905T194951Z_2017s_of_2017s_inference,2017s,of_2017s,inference,inference,152.1,,,phase4_semantic_finetune_inference_2017s_2026-09-05T19-53.log
20260905T194951Z_2017s_of_2017s_inference,2017s,of_2017s,inference,copy edmonds_canopy_prob_2017s_of_2017s.tif,0.7,322725748,461.04,phase4_semantic_finetune_inference_2017s_2026-09-05T19-53.log
20260905T195357Z_2017s_of_2017s_postproc,2017s,of_2017s,postproc,polygonize,57.5,,,phase4_semantic_finetune_postproc_2017s_2026-09-05T19-56.log
20260905T195357Z_2017s_of_2017s_postproc,2017s,of_2017s,postproc,copy edmonds_canopy_mask_2017s_of_2017s.tif,0.0,15826232,,phase4_semantic_finetune_postproc_2017s_2026-09-05T19-56.log
20260905T195357Z_2017s_of_2017s_postproc,2017s,of_2017s,postproc,copy edmonds_canopy_mask_2017s_of_2017s.gpkg,0.1,54931456,549.31,phase4_semantic_finetune_postproc_2017s_2026-09-05T19-56.log
20260905T195357Z_2017s_of_2017s_postproc,2017s,of_2017s,postproc,postproc,124.3,,,phase4_semantic_finetune_postproc_2017s_2026-09-05T19-56.log
20260905T195548Z_2022_of_2022_evaluate,2022,of_2022,evaluate,copy semantic_eval_report_superseded.csv,0.0,25406,,phase4_semantic_finetune_evaluate_2022_2026-09-05T19-56.log
20260905T195548Z_2022_of_2022_evaluate,2022,of_2022,evaluate,copy semantic_eval_report.csv,0.0,,,phase4_semantic_finetune_evaluate_2022_2026-09-05T19-56.log
20260905T195648Z_2022_of_2022_inference,2022,of_2022,inference,stage 2022_coe_rgb.tif,449.4,25232875267,56.15,phase4_semantic_finetune_inference_2022_2026-09-05T21-06.log
20260905T195648Z_2022_of_2022_inference,2022,of_2022,inference,inference,3588.1,,,phase4_semantic_finetune_inference_2022_2026-09-05T21-06.log
20260905T195648Z_2022_of_2022_inference,2022,of_2022,inference,copy edmonds_canopy_prob_2022_of_2022.tif,14.3,5357254314,374.63,phase4_semantic_finetune_inference_2022_2026-09-05T21-06.log
20260905T200149Z_2017n_of_2017n_tile,2017n,of_2017n,tile,stage 2017_naip_1m_rgbi.tif,3.2,258837380,80.89,phase4_semantic_finetune_tile_2017n_2026-09-05T20-17.log
20260905T200149Z_2017n_of_2017n_tile,2017n,of_2017n,tile,stage edmonds_canopy_mask_2020.tif,3.0,287816390,95.94,phase4_semantic_finetune_tile_2017n_2026-09-05T20-17.log
20260905T201735Z_2017n_of_2017n_train,2017n,of_2017n,train,stage tiles 2017n,175.1,,,phase4_semantic_finetune_train_2017n_2026-09-05T20-35.log
20260905T201735Z_2017n_of_2017n_train,2017n,of_2017n,train,copy sem_best_2017n_of_2017n.pt,1.7,772905451,454.65,phase4_semantic_finetune_train_2017n_2026-09-05T20-35.log
20260905T201735Z_2017n_of_2017n_train,2017n,of_2017n,train,copy sem_best_2017n_of_2017n.pt,1.8,772905451,429.39,phase4_semantic_finetune_train_2017n_2026-09-05T20-35.log
20260905T201735Z_2017n_of_2017n_train,2017n,of_2017n,train,copy sem_best_2017n_of_2017n.pt,1.5,772905451,515.27,phase4_semantic_finetune_train_2017n_2026-09-05T20-35.log
20260905T201735Z_2017n_of_2017n_train,2017n,of_2017n,train,copy sem_best_2017n_of_2017n.pt,2.0,772905451,386.45,phase4_semantic_finetune_train_2017n_2026-09-05T20-35.log
20260905T201735Z_2017n_of_2017n_train,2017n,of_2017n,train,copy sem_best_2017n_of_2017n.pt,1.9,772905451,406.79,phase4_semantic_finetune_train_2017n_2026-09-05T20-35.log
20260905T201735Z_2017n_of_2017n_train,2017n,of_2017n,train,copy sem_best_2017n_of_2017n.pt,1.8,772905451,429.39,phase4_semantic_finetune_train_2017n_2026-09-05T20-35.log
20260905T203659Z_2017n_of_2017n_evaluate,2017n,of_2017n,evaluate,copy semantic_eval_report.csv,0.0,,,phase4_semantic_finetune_evaluate_2017n_2026-09-05T20-38.log
20260905T203848Z_2017n_of_2017n_inference,2017n,of_2017n,inference,stage 2017_naip_1m_rgbi.tif,3.1,258837380,83.50,phase4_semantic_finetune_inference_2017n_2026-09-05T20-39.log
20260905T203848Z_2017n_of_2017n_inference,2017n,of_2017n,inference,inference,54.6,,,phase4_semantic_finetune_inference_2017n_2026-09-05T20-39.log
20260905T203848Z_2017n_of_2017n_inference,2017n,of_2017n,inference,copy edmonds_canopy_prob_2017n_of_2017n.tif,0.1,27780331,277.80,phase4_semantic_finetune_inference_2017n_2026-09-05T20-39.log
20260905T204005Z_2017n_of_2017n_postproc,2017n,of_2017n,postproc,polygonize,10.2,,,phase4_semantic_finetune_postproc_2017n_2026-09-05T20-41.log
20260905T204005Z_2017n_of_2017n_postproc,2017n,of_2017n,postproc,copy edmonds_canopy_mask_2017n_of_2017n.tif,0.0,2883589,,phase4_semantic_finetune_postproc_2017n_2026-09-05T20-41.log
20260905T204005Z_2017n_of_2017n_postproc,2017n,of_2017n,postproc,copy edmonds_canopy_mask_2017n_of_2017n.gpkg,0.0,15630336,,phase4_semantic_finetune_postproc_2017n_2026-09-05T20-41.log
20260905T204005Z_2017n_of_2017n_postproc,2017n,of_2017n,postproc,postproc,18.1,,,phase4_semantic_finetune_postproc_2017n_2026-09-05T20-41.log
20260906T014248Z_2017k_of_2017k_tile,2017k,of_2017k,tile,stage 2017_king_rgb.tif,123.5,11549324736,93.52,phase4_semantic_finetune_tile_2017k_2026-09-06T02-03.log
20260906T014248Z_2017k_of_2017k_tile,2017k,of_2017k,tile,stage edmonds_canopy_mask_2020.tif,3.5,287816390,82.23,phase4_semantic_finetune_tile_2017k_2026-09-06T02-03.log
20260906T020357Z_2017k_of_2017k_train,2017k,of_2017k,train,stage tiles 2017k,232.5,,,phase4_semantic_finetune_train_2017k_2026-09-06T02-50.log
20260906T020357Z_2017k_of_2017k_train,2017k,of_2017k,train,copy sem_best_2017k_of_2017k.pt,1.7,1113198393,654.82,phase4_semantic_finetune_train_2017k_2026-09-06T02-50.log
20260906T020357Z_2017k_of_2017k_train,2017k,of_2017k,train,copy sem_best_2017k_of_2017k.pt,1.8,1113198393,618.44,phase4_semantic_finetune_train_2017k_2026-09-06T02-50.log
20260906T020357Z_2017k_of_2017k_train,2017k,of_2017k,train,copy sem_best_2017k_of_2017k.pt,1.7,1113198393,654.82,phase4_semantic_finetune_train_2017k_2026-09-06T02-50.log
20260906T020357Z_2017k_of_2017k_train,2017k,of_2017k,train,copy sem_best_2017k_of_2017k.pt,2.3,1113198393,484.00,phase4_semantic_finetune_train_2017k_2026-09-06T02-50.log
20260906T020357Z_2017k_of_2017k_train,2017k,of_2017k,train,copy sem_best_2017k_of_2017k.pt,1.8,1113198393,618.44,phase4_semantic_finetune_train_2017k_2026-09-06T02-50.log
20260906T020357Z_2017k_of_2017k_train,2017k,of_2017k,train,copy sem_best_2017k_of_2017k.pt,1.7,1113198393,654.82,phase4_semantic_finetune_train_2017k_2026-09-06T02-50.log
20260906T020357Z_2017k_of_2017k_train,2017k,of_2017k,train,copy sem_best_2017k_of_2017k.pt,1.6,1113198393,695.75,phase4_semantic_finetune_train_2017k_2026-09-06T02-50.log
20260906T020357Z_2017k_of_2017k_train,2017k,of_2017k,train,copy sem_best_2017k_of_2017k.pt,1.6,1113198393,695.75,phase4_semantic_finetune_train_2017k_2026-09-06T02-50.log
20260906T020357Z_2017k_of_2017k_train,2017k,of_2017k,train,copy sem_best_2017k_of_2017k.pt,1.8,1113198393,618.44,phase4_semantic_finetune_train_2017k_2026-09-06T02-50.log
20260906T020357Z_2017k_of_2017k_train,2017k,of_2017k,train,copy sem_best_2017k_of_2017k.pt,1.5,1113198393,742.13,phase4_semantic_finetune_train_2017k_2026-09-06T02-50.log
20260906T020357Z_2017k_of_2017k_train,2017k,of_2017k,train,copy sem_best_2017k_of_2017k.pt,1.8,1113198393,618.44,phase4_semantic_finetune_train_2017k_2026-09-06T02-50.log
20260906T020357Z_2017k_of_2017k_train,2017k,of_2017k,train,copy sem_best_2017k_of_2017k.pt,2.5,1113198393,445.28,phase4_semantic_finetune_train_2017k_2026-09-06T02-50.log
20260906T020357Z_2017k_of_2017k_train,2017k,of_2017k,train,copy sem_best_2017k_of_2017k.pt,2.6,1113198393,428.15,phase4_semantic_finetune_train_2017k_2026-09-06T02-50.log
20260906T020357Z_2017k_of_2017k_train,2017k,of_2017k,train,copy sem_best_2017k_of_2017k.pt,2.3,1113198393,484.00,phase4_semantic_finetune_train_2017k_2026-09-06T02-50.log
20260906T020357Z_2017k_of_2017k_train,2017k,of_2017k,train,copy sem_best_2017k_of_2017k.pt,2.4,1113198393,463.83,phase4_semantic_finetune_train_2017k_2026-09-06T02-50.log
20260906T020357Z_2017k_of_2017k_train,2017k,of_2017k,train,copy sem_best_2017k_of_2017k.pt,2.8,1113198393,397.57,phase4_semantic_finetune_train_2017k_2026-09-06T02-50.log
20260906T020357Z_2017k_of_2017k_train,2017k,of_2017k,train,copy sem_best_2017k_of_2017k.pt,2.4,1113198393,463.83,phase4_semantic_finetune_train_2017k_2026-09-06T02-50.log
20260906T020357Z_2017k_of_2017k_train,2017k,of_2017k,train,copy sem_best_2017k_of_2017k.pt,2.5,1113198393,445.28,phase4_semantic_finetune_train_2017k_2026-09-06T02-50.log
20260906T020357Z_2017k_of_2017k_train,2017k,of_2017k,train,copy sem_best_2017k_of_2017k.pt,2.5,1113198393,445.28,phase4_semantic_finetune_train_2017k_2026-09-06T02-50.log
20260906T020357Z_2017k_of_2017k_train,2017k,of_2017k,train,copy sem_best_2017k_of_2017k.pt,2.5,1113198393,445.28,phase4_semantic_finetune_train_2017k_2026-09-06T02-50.log
20260906T020357Z_2017k_of_2017k_train,2017k,of_2017k,train,copy sem_best_2017k_of_2017k.pt,2.6,1113198393,428.15,phase4_semantic_finetune_train_2017k_2026-09-06T02-50.log
20260906T025227Z_2017k_of_2017k_evaluate,2017k,of_2017k,evaluate,copy semantic_eval_report.csv,0.0,,,phase4_semantic_finetune_evaluate_2017k_2026-09-06T02-53.log
20260906T025334Z_2017k_of_2017k_inference,2017k,of_2017k,inference,stage 2017_king_rgb.tif,87.1,11549324736,132.60,phase4_semantic_finetune_inference_2017k_2026-09-06T03-13.log
20260906T025334Z_2017k_of_2017k_inference,2017k,of_2017k,inference,inference,963.7,,,phase4_semantic_finetune_inference_2017k_2026-09-06T03-13.log
20260906T025334Z_2017k_of_2017k_inference,2017k,of_2017k,inference,copy edmonds_canopy_prob_2017k_of_2017k.tif,5.6,2368380039,422.93,phase4_semantic_finetune_inference_2017k_2026-09-06T03-13.log
20260906T031357Z_2017k_of_2017k_postproc,2017k,of_2017k,postproc,polygonize,436.1,,,phase4_semantic_finetune_postproc_2017k_2026-09-06T03-32.log
20260906T031357Z_2017k_of_2017k_postproc,2017k,of_2017k,postproc,copy edmonds_canopy_mask_2017k_of_2017k.tif,0.2,95901148,479.51,phase4_semantic_finetune_postproc_2017k_2026-09-06T03-32.log
20260906T031357Z_2017k_of_2017k_postproc,2017k,of_2017k,postproc,copy edmonds_canopy_mask_2017k_of_2017k.gpkg,0.1,26931200,269.31,phase4_semantic_finetune_postproc_2017k_2026-09-06T03-32.log
20260906T031357Z_2017k_of_2017k_postproc,2017k,of_2017k,postproc,postproc,1079.5,,,phase4_semantic_finetune_postproc_2017k_2026-09-06T03-32.log
20260906T084702Z_2009_trend8_2009_postproc,2009,trend8_2009,postproc,polygonize,153.6,,,phase4_semantic_finetune_postproc_2009_2026-09-06T08-54.log
20260906T084702Z_2009_trend8_2009_postproc,2009,trend8_2009,postproc,copy edmonds_canopy_mask_2009_trend8_2009.tif,0.1,34274333,342.74,phase4_semantic_finetune_postproc_2009_2026-09-06T08-54.log
20260906T084702Z_2009_trend8_2009_postproc,2009,trend8_2009,postproc,copy edmonds_canopy_mask_2009_trend8_2009.gpkg,0.0,16719872,,phase4_semantic_finetune_postproc_2009_2026-09-06T08-54.log
20260906T084702Z_2009_trend8_2009_postproc,2009,trend8_2009,postproc,postproc,437.2,,,phase4_semantic_finetune_postproc_2009_2026-09-06T08-54.log
20260906T085451Z_2011s_trend8_2011s_postproc,2011s,trend8_2011s,postproc,polygonize,88.6,,,phase4_semantic_finetune_postproc_2011s_2026-09-06T08-58.log
20260906T085451Z_2011s_trend8_2011s_postproc,2011s,trend8_2011s,postproc,copy edmonds_canopy_mask_2011s_trend8_2011s.tif,0.1,21053800,210.54,phase4_semantic_finetune_postproc_2011s_2026-09-06T08-58.log
20260906T085451Z_2011s_trend8_2011s_postproc,2011s,trend8_2011s,postproc,copy edmonds_canopy_mask_2011s_trend8_2011s.gpkg,0.8,93765632,117.21,phase4_semantic_finetune_postproc_2011s_2026-09-06T08-58.log
20260906T085451Z_2011s_trend8_2011s_postproc,2011s,trend8_2011s,postproc,postproc,234.7,,,phase4_semantic_finetune_postproc_2011s_2026-09-06T08-58.log
20260906T085854Z_2013_trend8_2013_postproc,2013,trend8_2013,postproc,polygonize,585.2,,,phase4_semantic_finetune_postproc_2013_2026-09-06T09-24.log
20260906T085854Z_2013_trend8_2013_postproc,2013,trend8_2013,postproc,copy edmonds_canopy_mask_2013_trend8_2013.tif,0.3,97988355,326.63,phase4_semantic_finetune_postproc_2013_2026-09-06T09-24.log
20260906T085854Z_2013_trend8_2013_postproc,2013,trend8_2013,postproc,copy edmonds_canopy_mask_2013_trend8_2013.gpkg,0.1,27045888,270.46,phase4_semantic_finetune_postproc_2013_2026-09-06T09-24.log
20260906T085854Z_2013_trend8_2013_postproc,2013,trend8_2013,postproc,postproc,1538.4,,,phase4_semantic_finetune_postproc_2013_2026-09-06T09-24.log
20260906T092442Z_2015_trend8_2015_postproc,2015,trend8_2015,postproc,polygonize,563.8,,,phase4_semantic_finetune_postproc_2015_2026-09-06T09-52.log
20260906T092442Z_2015_trend8_2015_postproc,2015,trend8_2015,postproc,copy edmonds_canopy_mask_2015_trend8_2015.tif,0.3,93018034,310.06,phase4_semantic_finetune_postproc_2015_2026-09-06T09-52.log
20260906T092442Z_2015_trend8_2015_postproc,2015,trend8_2015,postproc,copy edmonds_canopy_mask_2015_trend8_2015.gpkg,0.1,19451904,194.52,phase4_semantic_finetune_postproc_2015_2026-09-06T09-52.log
20260906T092442Z_2015_trend8_2015_postproc,2015,trend8_2015,postproc,postproc,1679.3,,,phase4_semantic_finetune_postproc_2015_2026-09-06T09-52.log
20260906T095250Z_2016_trend8_2016_postproc,2016,trend8_2016,postproc,polygonize,85.1,,,phase4_semantic_finetune_postproc_2016_2026-09-06T09-56.log
20260906T095250Z_2016_trend8_2016_postproc,2016,trend8_2016,postproc,copy edmonds_canopy_mask_2016_trend8_2016.tif,0.1,20162339,201.62,phase4_semantic_finetune_postproc_2016_2026-09-06T09-56.log
20260906T095250Z_2016_trend8_2016_postproc,2016,trend8_2016,postproc,copy edmonds_canopy_mask_2016_trend8_2016.gpkg,0.3,83152896,277.18,phase4_semantic_finetune_postproc_2016_2026-09-06T09-56.log
20260906T095250Z_2016_trend8_2016_postproc,2016,trend8_2016,postproc,postproc,234.0,,,phase4_semantic_finetune_postproc_2016_2026-09-06T09-56.log
20260906T095653Z_2019_trend8_2019_postproc,2019,trend8_2019,postproc,polygonize,589.5,,,phase4_semantic_finetune_postproc_2019_2026-09-06T10-25.log
20260906T095653Z_2019_trend8_2019_postproc,2019,trend8_2019,postproc,copy edmonds_canopy_mask_2019_trend8_2019.tif,0.4,101293824,253.23,phase4_semantic_finetune_postproc_2019_2026-09-06T10-25.log
20260906T095653Z_2019_trend8_2019_postproc,2019,trend8_2019,postproc,copy edmonds_canopy_mask_2019_trend8_2019.gpkg,0.1,31219712,312.20,phase4_semantic_finetune_postproc_2019_2026-09-06T10-25.log
20260906T095653Z_2019_trend8_2019_postproc,2019,trend8_2019,postproc,postproc,1727.2,,,phase4_semantic_finetune_postproc_2019_2026-09-06T10-25.log
20260906T102548Z_2021_trend8_2021_postproc,2021,trend8_2021,postproc,polygonize,569.7,,,phase4_semantic_finetune_postproc_2021_2026-09-06T10-49.log
20260906T102548Z_2021_trend8_2021_postproc,2021,trend8_2021,postproc,copy edmonds_canopy_mask_2021_trend8_2021.tif,0.3,95808155,319.36,phase4_semantic_finetune_postproc_2021_2026-09-06T10-49.log
20260906T102548Z_2021_trend8_2021_postproc,2021,trend8_2021,postproc,copy edmonds_canopy_mask_2021_trend8_2021.gpkg,0.2,19435520,97.18,phase4_semantic_finetune_postproc_2021_2026-09-06T10-49.log
20260906T102548Z_2021_trend8_2021_postproc,2021,trend8_2021,postproc,postproc,1427.7,,,phase4_semantic_finetune_postproc_2021_2026-09-06T10-49.log
20260906T104956Z_2024_trend8_2024_postproc,2024,trend8_2024,postproc,polygonize,2288.0,,,phase4_semantic_finetune_postproc_2024_2026-09-06T12-20.log
20260906T104956Z_2024_trend8_2024_postproc,2024,trend8_2024,postproc,copy edmonds_canopy_mask_2024_trend8_2024.tif,2.0,257547378,128.77,phase4_semantic_finetune_postproc_2024_2026-09-06T12-20.log
20260906T104956Z_2024_trend8_2024_postproc,2024,trend8_2024,postproc,copy edmonds_canopy_mask_2024_trend8_2024.gpkg,0.1,26062848,260.63,phase4_semantic_finetune_postproc_2024_2026-09-06T12-20.log
20260906T104956Z_2024_trend8_2024_postproc,2024,trend8_2024,postproc,postproc,5408.7,,,phase4_semantic_finetune_postproc_2024_2026-09-06T12-20.log
20260907T215851Z_2017k_spd_2017k_tile,2017k,spd_2017k,tile,stage 2017_king_rgb.tif,309.4,11549324736,37.33,phase4_semantic_finetune_tile_2017k_2026-09-07T22-32.log
20260907T215851Z_2017k_spd_2017k_tile,2017k,spd_2017k,tile,stage edmonds_canopy_mask_2020.tif,4.5,287816390,63.96,phase4_semantic_finetune_tile_2017k_2026-09-07T22-32.log
20260907T224440Z_2017k_spd_2017k_train,2017k,spd_2017k,train,stage tiles 2017k,228.2,,,phase4_semantic_finetune_train_2017k_2026-09-07T23-24.log
20260907T224440Z_2017k_spd_2017k_train,2017k,spd_2017k,train,copy sem_best_2017k_spd_2017k.pt,0.9,371434015,412.70,phase4_semantic_finetune_train_2017k_2026-09-07T23-24.log
20260907T224440Z_2017k_spd_2017k_train,2017k,spd_2017k,train,copy sem_best_2017k_spd_2017k.pt,1.2,371434015,309.53,phase4_semantic_finetune_train_2017k_2026-09-07T23-24.log
20260907T224440Z_2017k_spd_2017k_train,2017k,spd_2017k,train,copy sem_best_2017k_spd_2017k.pt,0.7,371434015,530.62,phase4_semantic_finetune_train_2017k_2026-09-07T23-24.log
20260907T224440Z_2017k_spd_2017k_train,2017k,spd_2017k,train,copy sem_best_2017k_spd_2017k.pt,0.7,371434015,530.62,phase4_semantic_finetune_train_2017k_2026-09-07T23-24.log
20260907T224440Z_2017k_spd_2017k_train,2017k,spd_2017k,train,copy sem_best_2017k_spd_2017k.pt,0.8,371434015,464.29,phase4_semantic_finetune_train_2017k_2026-09-07T23-24.log
20260907T224440Z_2017k_spd_2017k_train,2017k,spd_2017k,train,copy sem_best_2017k_spd_2017k.pt,0.8,371434015,464.29,phase4_semantic_finetune_train_2017k_2026-09-07T23-24.log
20260907T224440Z_2017k_spd_2017k_train,2017k,spd_2017k,train,copy sem_best_2017k_spd_2017k.pt,0.8,371434015,464.29,phase4_semantic_finetune_train_2017k_2026-09-07T23-24.log
20260907T224440Z_2017k_spd_2017k_train,2017k,spd_2017k,train,copy sem_best_2017k_spd_2017k.pt,0.8,371434015,464.29,phase4_semantic_finetune_train_2017k_2026-09-07T23-24.log
20260907T224440Z_2017k_spd_2017k_train,2017k,spd_2017k,train,copy sem_best_2017k_spd_2017k.pt,0.8,371434015,464.29,phase4_semantic_finetune_train_2017k_2026-09-07T23-24.log
20260907T224440Z_2017k_spd_2017k_train,2017k,spd_2017k,train,copy sem_best_2017k_spd_2017k.pt,0.7,371434015,530.62,phase4_semantic_finetune_train_2017k_2026-09-07T23-24.log
20260907T224440Z_2017k_spd_2017k_train,2017k,spd_2017k,train,copy sem_best_2017k_spd_2017k.pt,0.8,371434015,464.29,phase4_semantic_finetune_train_2017k_2026-09-07T23-24.log
20260907T224440Z_2017k_spd_2017k_train,2017k,spd_2017k,train,copy sem_best_2017k_spd_2017k.pt,0.8,371434015,464.29,phase4_semantic_finetune_train_2017k_2026-09-07T23-24.log
20260907T224440Z_2017k_spd_2017k_train,2017k,spd_2017k,train,copy sem_best_2017k_spd_2017k.pt,0.8,371434015,464.29,phase4_semantic_finetune_train_2017k_2026-09-07T23-24.log
20260907T224440Z_2017k_spd_2017k_train,2017k,spd_2017k,train,copy sem_best_2017k_spd_2017k.pt,0.7,371434015,530.62,phase4_semantic_finetune_train_2017k_2026-09-07T23-24.log
20260907T224440Z_2017k_spd_2017k_train,2017k,spd_2017k,train,copy sem_best_2017k_spd_2017k.pt,0.8,371434015,464.29,phase4_semantic_finetune_train_2017k_2026-09-07T23-24.log
20260907T224440Z_2017k_spd_2017k_train,2017k,spd_2017k,train,copy sem_best_2017k_spd_2017k.pt,0.8,371434015,464.29,phase4_semantic_finetune_train_2017k_2026-09-07T23-24.log
20260907T224440Z_2017k_spd_2017k_train,2017k,spd_2017k,train,copy sem_best_2017k_spd_2017k.pt,0.8,371434015,464.29,phase4_semantic_finetune_train_2017k_2026-09-07T23-24.log
20260907T224440Z_2017k_spd_2017k_train,2017k,spd_2017k,train,copy sem_best_2017k_spd_2017k.pt,0.8,371434015,464.29,phase4_semantic_finetune_train_2017k_2026-09-07T23-24.log
20260907T224440Z_2017k_spd_2017k_train,2017k,spd_2017k,train,copy sem_best_2017k_spd_2017k.pt,0.8,371434015,464.29,phase4_semantic_finetune_train_2017k_2026-09-07T23-24.log
20260907T224440Z_2017k_spd_2017k_train,2017k,spd_2017k,train,copy sem_best_2017k_spd_2017k.pt,0.8,371434015,464.29,phase4_semantic_finetune_train_2017k_2026-09-07T23-24.log
20260907T224440Z_2017k_spd_2017k_train,2017k,spd_2017k,train,copy sem_best_2017k_spd_2017k.pt,0.7,371434015,530.62,phase4_semantic_finetune_train_2017k_2026-09-07T23-24.log
20260907T232559Z_2017k_spd_2017k_evaluate,2017k,spd_2017k,evaluate,copy semantic_eval_report_superseded.csv,0.0,25406,,phase4_semantic_finetune_evaluate_2017k_2026-09-07T23-28.log
20260907T232559Z_2017k_spd_2017k_evaluate,2017k,spd_2017k,evaluate,copy semantic_eval_report.csv,0.0,,,phase4_semantic_finetune_evaluate_2017k_2026-09-07T23-28.log
20260907T232903Z_2017k_spd_2017k_inference,2017k,spd_2017k,inference,stage 2017_king_rgb.tif,234.2,11549324736,49.31,phase4_semantic_finetune_inference_2017k_2026-09-07T23-51.log
20260907T232903Z_2017k_spd_2017k_inference,2017k,spd_2017k,inference,inference,962.2,,,phase4_semantic_finetune_inference_2017k_2026-09-07T23-51.log
20260907T232903Z_2017k_spd_2017k_inference,2017k,spd_2017k,inference,copy edmonds_canopy_prob_2017k_spd_2017k.tif,5.2,2375944428,456.91,phase4_semantic_finetune_inference_2017k_2026-09-07T23-51.log
20260907T235948Z_2017k_spd_2017k_postproc,2017k,spd_2017k,postproc,stage edmonds_canopy_prob_2017k_spd_2017k.tif,114.1,2375944428,20.82,phase4_semantic_finetune_postproc_2017k_2026-09-08T00-26.log
20260907T235948Z_2017k_spd_2017k_postproc,2017k,spd_2017k,postproc,polygonize,653.1,,,phase4_semantic_finetune_postproc_2017k_2026-09-08T00-26.log
20260907T235948Z_2017k_spd_2017k_postproc,2017k,spd_2017k,postproc,copy edmonds_canopy_mask_2017k_spd_2017k.tif,0.3,95739748,319.13,phase4_semantic_finetune_postproc_2017k_2026-09-08T00-26.log
20260907T235948Z_2017k_spd_2017k_postproc,2017k,spd_2017k,postproc,copy edmonds_canopy_mask_2017k_spd_2017k.gpkg,0.2,26890240,134.45,phase4_semantic_finetune_postproc_2017k_2026-09-08T00-26.log
20260907T235948Z_2017k_spd_2017k_postproc,2017k,spd_2017k,postproc,postproc,1498.8,,,phase4_semantic_finetune_postproc_2017k_2026-09-08T00-26.log
20260908T021256Z_2017k_spdv_2017k_tile,2017k,spdv_2017k,tile,stage 2017_king_rgb.tif,286.3,11549324736,40.34,phase4_semantic_finetune_tile_2017k_2026-09-08T03-04.log
20260908T021256Z_2017k_spdv_2017k_tile,2017k,spdv_2017k,tile,stage edmonds_canopy_mask_2020.tif,4.6,287816390,62.57,phase4_semantic_finetune_tile_2017k_2026-09-08T03-04.log
20260908T021256Z_2017k_spdv_2017k_tile,2017k,spdv_2017k,tile,bundle build 2017k,14.5,,,phase4_semantic_finetune_tile_2017k_2026-09-08T03-04.log
20260908T021256Z_2017k_spdv_2017k_tile,2017k,spdv_2017k,tile,copy _bundle_a36d6772e88b.tar,16.4,,,phase4_semantic_finetune_tile_2017k_2026-09-08T03-04.log
20260908T031159Z_2017k_spdv_2017k_train,2017k,spdv_2017k,train,bundle copy 2017k,119.2,,,phase4_semantic_finetune_train_2017k_2026-09-08T03-48.log
20260908T031159Z_2017k_spdv_2017k_train,2017k,spdv_2017k,train,stage tiles 2017k,123.7,,,phase4_semantic_finetune_train_2017k_2026-09-08T03-48.log
20260908T031159Z_2017k_spdv_2017k_train,2017k,spdv_2017k,train,copy sem_best_2017k_spdv_2017k.pt,0.7,371435155,530.62,phase4_semantic_finetune_train_2017k_2026-09-08T03-48.log
20260908T031159Z_2017k_spdv_2017k_train,2017k,spdv_2017k,train,copy sem_best_2017k_spdv_2017k.pt,0.7,371435155,530.62,phase4_semantic_finetune_train_2017k_2026-09-08T03-48.log
20260908T031159Z_2017k_spdv_2017k_train,2017k,spdv_2017k,train,copy sem_best_2017k_spdv_2017k.pt,0.7,371435155,530.62,phase4_semantic_finetune_train_2017k_2026-09-08T03-48.log
20260908T031159Z_2017k_spdv_2017k_train,2017k,spdv_2017k,train,copy sem_best_2017k_spdv_2017k.pt,0.8,371435155,464.29,phase4_semantic_finetune_train_2017k_2026-09-08T03-48.log
20260908T031159Z_2017k_spdv_2017k_train,2017k,spdv_2017k,train,copy sem_best_2017k_spdv_2017k.pt,0.7,371435155,530.62,phase4_semantic_finetune_train_2017k_2026-09-08T03-48.log
20260908T031159Z_2017k_spdv_2017k_train,2017k,spdv_2017k,train,copy sem_best_2017k_spdv_2017k.pt,35.9,371435155,10.35,phase4_semantic_finetune_train_2017k_2026-09-08T03-48.log
20260908T031159Z_2017k_spdv_2017k_train,2017k,spdv_2017k,train,copy sem_best_2017k_spdv_2017k.pt,0.8,371435155,464.29,phase4_semantic_finetune_train_2017k_2026-09-08T03-48.log
20260908T031159Z_2017k_spdv_2017k_train,2017k,spdv_2017k,train,copy sem_best_2017k_spdv_2017k.pt,0.8,371435155,464.29,phase4_semantic_finetune_train_2017k_2026-09-08T03-48.log
20260908T031159Z_2017k_spdv_2017k_train,2017k,spdv_2017k,train,copy sem_best_2017k_spdv_2017k.pt,0.7,371435155,530.62,phase4_semantic_finetune_train_2017k_2026-09-08T03-48.log
20260908T031159Z_2017k_spdv_2017k_train,2017k,spdv_2017k,train,copy sem_best_2017k_spdv_2017k.pt,0.7,371435155,530.62,phase4_semantic_finetune_train_2017k_2026-09-08T03-48.log
20260908T031159Z_2017k_spdv_2017k_train,2017k,spdv_2017k,train,copy sem_best_2017k_spdv_2017k.pt,0.7,371435155,530.62,phase4_semantic_finetune_train_2017k_2026-09-08T03-48.log
20260908T031159Z_2017k_spdv_2017k_train,2017k,spdv_2017k,train,copy sem_best_2017k_spdv_2017k.pt,0.7,371435155,530.62,phase4_semantic_finetune_train_2017k_2026-09-08T03-48.log
20260908T031159Z_2017k_spdv_2017k_train,2017k,spdv_2017k,train,copy sem_best_2017k_spdv_2017k.pt,0.6,371435155,619.06,phase4_semantic_finetune_train_2017k_2026-09-08T03-48.log
20260908T031159Z_2017k_spdv_2017k_train,2017k,spdv_2017k,train,copy sem_best_2017k_spdv_2017k.pt,0.8,371435155,464.29,phase4_semantic_finetune_train_2017k_2026-09-08T03-48.log
20260908T031159Z_2017k_spdv_2017k_train,2017k,spdv_2017k,train,copy sem_best_2017k_spdv_2017k.pt,0.7,371435155,530.62,phase4_semantic_finetune_train_2017k_2026-09-08T03-48.log
20260908T031159Z_2017k_spdv_2017k_train,2017k,spdv_2017k,train,copy sem_best_2017k_spdv_2017k.pt,0.7,371435155,530.62,phase4_semantic_finetune_train_2017k_2026-09-08T03-48.log
20260908T031159Z_2017k_spdv_2017k_train,2017k,spdv_2017k,train,copy sem_best_2017k_spdv_2017k.pt,0.7,371435155,530.62,phase4_semantic_finetune_train_2017k_2026-09-08T03-48.log
20260908T031159Z_2017k_spdv_2017k_train,2017k,spdv_2017k,train,copy sem_best_2017k_spdv_2017k.pt,0.7,371435155,530.62,phase4_semantic_finetune_train_2017k_2026-09-08T03-48.log
20260908T031159Z_2017k_spdv_2017k_train,2017k,spdv_2017k,train,copy sem_best_2017k_spdv_2017k.pt,0.7,371435155,530.62,phase4_semantic_finetune_train_2017k_2026-09-08T03-48.log
20260908T031159Z_2017k_spdv_2017k_train,2017k,spdv_2017k,train,copy sem_best_2017k_spdv_2017k.pt,0.8,371435155,464.29,phase4_semantic_finetune_train_2017k_2026-09-08T03-48.log
20260908T063348Z_2017_heal_2017_tile,2017,heal_2017,tile,stage 2017_coe_rgb.tif,2241.8,48377405327,21.58,phase4_semantic_finetune_tile_2017_2026-09-08T07-49.log
20260908T063348Z_2017_heal_2017_tile,2017,heal_2017,tile,stage edmonds_canopy_mask_2020.tif,13.3,287816390,21.64,phase4_semantic_finetune_tile_2017_2026-09-08T07-49.log
20260908T074954Z_2017_heal_2017_train,2017,heal_2017,train,stage tiles 2017,549.3,,,phase4_semantic_finetune_train_2017_2026-09-08T08-26.log
20260908T074954Z_2017_heal_2017_train,2017,heal_2017,train,copy sem_best_2017_heal_2017.pt,0.8,371431339,464.29,phase4_semantic_finetune_train_2017_2026-09-08T08-26.log
20260908T074954Z_2017_heal_2017_train,2017,heal_2017,train,epoch A1 data,10.1,,,phase4_semantic_finetune_train_2017_2026-09-08T08-26.log
20260908T074954Z_2017_heal_2017_train,2017,heal_2017,train,epoch A1 gpu (sync at epoch end),52.8,,,phase4_semantic_finetune_train_2017_2026-09-08T08-26.log
20260908T074954Z_2017_heal_2017_train,2017,heal_2017,train,epoch A1 val,49.7,,,phase4_semantic_finetune_train_2017_2026-09-08T08-26.log
20260908T074954Z_2017_heal_2017_train,2017,heal_2017,train,epoch A1 save,37.2,,,phase4_semantic_finetune_train_2017_2026-09-08T08-26.log
20260908T074954Z_2017_heal_2017_train,2017,heal_2017,train,epoch A1 other,0.0,,,phase4_semantic_finetune_train_2017_2026-09-08T08-26.log
20260908T074954Z_2017_heal_2017_train,2017,heal_2017,train,copy sem_best_2017_heal_2017.pt,0.8,371431339,464.29,phase4_semantic_finetune_train_2017_2026-09-08T08-26.log
20260908T074954Z_2017_heal_2017_train,2017,heal_2017,train,epoch A2 data,10.9,,,phase4_semantic_finetune_train_2017_2026-09-08T08-26.log
20260908T074954Z_2017_heal_2017_train,2017,heal_2017,train,epoch A2 gpu (sync at epoch end),5.3,,,phase4_semantic_finetune_train_2017_2026-09-08T08-26.log
20260908T074954Z_2017_heal_2017_train,2017,heal_2017,train,epoch A2 val,1.0,,,phase4_semantic_finetune_train_2017_2026-09-08T08-26.log
20260908T074954Z_2017_heal_2017_train,2017,heal_2017,train,epoch A2 save,9.3,,,phase4_semantic_finetune_train_2017_2026-09-08T08-26.log
20260908T074954Z_2017_heal_2017_train,2017,heal_2017,train,epoch A2 other,0.0,,,phase4_semantic_finetune_train_2017_2026-09-08T08-26.log
20260908T074954Z_2017_heal_2017_train,2017,heal_2017,train,epoch A3 data,19.9,,,phase4_semantic_finetune_train_2017_2026-09-08T08-26.log
20260908T074954Z_2017_heal_2017_train,2017,heal_2017,train,epoch A3 gpu (sync at epoch end),4.5,,,phase4_semantic_finetune_train_2017_2026-09-08T08-26.log
20260908T074954Z_2017_heal_2017_train,2017,heal_2017,train,epoch A3 val,0.9,,,phase4_semantic_finetune_train_2017_2026-09-08T08-26.log
20260908T074954Z_2017_heal_2017_train,2017,heal_2017,train,epoch A3 save,0.0,,,phase4_semantic_finetune_train_2017_2026-09-08T08-26.log
20260908T074954Z_2017_heal_2017_train,2017,heal_2017,train,epoch A3 other,0.0,,,phase4_semantic_finetune_train_2017_2026-09-08T08-26.log
20260908T074954Z_2017_heal_2017_train,2017,heal_2017,train,epoch A4 data,21.8,,,phase4_semantic_finetune_train_2017_2026-09-08T08-26.log
20260908T074954Z_2017_heal_2017_train,2017,heal_2017,train,epoch A4 gpu (sync at epoch end),5.5,,,phase4_semantic_finetune_train_2017_2026-09-08T08-26.log
20260908T074954Z_2017_heal_2017_train,2017,heal_2017,train,epoch A4 val,1.0,,,phase4_semantic_finetune_train_2017_2026-09-08T08-26.log
20260908T074954Z_2017_heal_2017_train,2017,heal_2017,train,epoch A4 save,0.0,,,phase4_semantic_finetune_train_2017_2026-09-08T08-26.log
20260908T074954Z_2017_heal_2017_train,2017,heal_2017,train,epoch A4 other,0.0,,,phase4_semantic_finetune_train_2017_2026-09-08T08-26.log
20260908T074954Z_2017_heal_2017_train,2017,heal_2017,train,copy sem_best_2017_heal_2017.pt,0.7,371431339,530.62,phase4_semantic_finetune_train_2017_2026-09-08T08-26.log
20260908T074954Z_2017_heal_2017_train,2017,heal_2017,train,epoch A5 data,21.9,,,phase4_semantic_finetune_train_2017_2026-09-08T08-26.log
20260908T074954Z_2017_heal_2017_train,2017,heal_2017,train,epoch A5 gpu (sync at epoch end),5.7,,,phase4_semantic_finetune_train_2017_2026-09-08T08-26.log
20260908T074954Z_2017_heal_2017_train,2017,heal_2017,train,epoch A5 val,1.0,,,phase4_semantic_finetune_train_2017_2026-09-08T08-26.log
20260908T074954Z_2017_heal_2017_train,2017,heal_2017,train,epoch A5 save,10.2,,,phase4_semantic_finetune_train_2017_2026-09-08T08-26.log
20260908T074954Z_2017_heal_2017_train,2017,heal_2017,train,epoch A5 other,0.0,,,phase4_semantic_finetune_train_2017_2026-09-08T08-26.log
20260908T074954Z_2017_heal_2017_train,2017,heal_2017,train,epoch A6 data,21.9,,,phase4_semantic_finetune_train_2017_2026-09-08T08-26.log
20260908T074954Z_2017_heal_2017_train,2017,heal_2017,train,epoch A6 gpu (sync at epoch end),5.1,,,phase4_semantic_finetune_train_2017_2026-09-08T08-26.log
20260908T074954Z_2017_heal_2017_train,2017,heal_2017,train,epoch A6 val,1.0,,,phase4_semantic_finetune_train_2017_2026-09-08T08-26.log
20260908T074954Z_2017_heal_2017_train,2017,heal_2017,train,epoch A6 save,0.0,,,phase4_semantic_finetune_train_2017_2026-09-08T08-26.log
20260908T074954Z_2017_heal_2017_train,2017,heal_2017,train,epoch A6 other,0.0,,,phase4_semantic_finetune_train_2017_2026-09-08T08-26.log
20260908T074954Z_2017_heal_2017_train,2017,heal_2017,train,copy sem_best_2017_heal_2017.pt,0.8,371431339,464.29,phase4_semantic_finetune_train_2017_2026-09-08T08-26.log
20260908T074954Z_2017_heal_2017_train,2017,heal_2017,train,epoch A7 data,22.2,,,phase4_semantic_finetune_train_2017_2026-09-08T08-26.log
20260908T074954Z_2017_heal_2017_train,2017,heal_2017,train,epoch A7 gpu (sync at epoch end),6.3,,,phase4_semantic_finetune_train_2017_2026-09-08T08-26.log
20260908T074954Z_2017_heal_2017_train,2017,heal_2017,train,epoch A7 val,1.1,,,phase4_semantic_finetune_train_2017_2026-09-08T08-26.log
20260908T074954Z_2017_heal_2017_train,2017,heal_2017,train,epoch A7 save,20.4,,,phase4_semantic_finetune_train_2017_2026-09-08T08-26.log
20260908T074954Z_2017_heal_2017_train,2017,heal_2017,train,epoch A7 other,0.0,,,phase4_semantic_finetune_train_2017_2026-09-08T08-26.log
20260908T074954Z_2017_heal_2017_train,2017,heal_2017,train,epoch A8 data,23.6,,,phase4_semantic_finetune_train_2017_2026-09-08T08-26.log
20260908T074954Z_2017_heal_2017_train,2017,heal_2017,train,epoch A8 gpu (sync at epoch end),4.8,,,phase4_semantic_finetune_train_2017_2026-09-08T08-26.log
20260908T074954Z_2017_heal_2017_train,2017,heal_2017,train,epoch A8 val,1.0,,,phase4_semantic_finetune_train_2017_2026-09-08T08-26.log
20260908T074954Z_2017_heal_2017_train,2017,heal_2017,train,epoch A8 save,0.0,,,phase4_semantic_finetune_train_2017_2026-09-08T08-26.log
20260908T074954Z_2017_heal_2017_train,2017,heal_2017,train,epoch A8 other,0.0,,,phase4_semantic_finetune_train_2017_2026-09-08T08-26.log
20260908T074954Z_2017_heal_2017_train,2017,heal_2017,train,epoch A9 data,18.8,,,phase4_semantic_finetune_train_2017_2026-09-08T08-26.log
20260908T074954Z_2017_heal_2017_train,2017,heal_2017,train,epoch A9 gpu (sync at epoch end),4.4,,,phase4_semantic_finetune_train_2017_2026-09-08T08-26.log
20260908T074954Z_2017_heal_2017_train,2017,heal_2017,train,epoch A9 val,1.0,,,phase4_semantic_finetune_train_2017_2026-09-08T08-26.log
20260908T074954Z_2017_heal_2017_train,2017,heal_2017,train,epoch A9 save,0.0,,,phase4_semantic_finetune_train_2017_2026-09-08T08-26.log
20260908T074954Z_2017_heal_2017_train,2017,heal_2017,train,epoch A9 other,0.0,,,phase4_semantic_finetune_train_2017_2026-09-08T08-26.log
20260908T074954Z_2017_heal_2017_train,2017,heal_2017,train,epoch A10 data,15.1,,,phase4_semantic_finetune_train_2017_2026-09-08T08-26.log
20260908T074954Z_2017_heal_2017_train,2017,heal_2017,train,epoch A10 gpu (sync at epoch end),5.8,,,phase4_semantic_finetune_train_2017_2026-09-08T08-26.log
20260908T074954Z_2017_heal_2017_train,2017,heal_2017,train,epoch A10 val,1.0,,,phase4_semantic_finetune_train_2017_2026-09-08T08-26.log
20260908T074954Z_2017_heal_2017_train,2017,heal_2017,train,epoch A10 save,0.8,,,phase4_semantic_finetune_train_2017_2026-09-08T08-26.log
20260908T074954Z_2017_heal_2017_train,2017,heal_2017,train,epoch A10 other,0.0,,,phase4_semantic_finetune_train_2017_2026-09-08T08-26.log
20260908T074954Z_2017_heal_2017_train,2017,heal_2017,train,epoch A11 data,25.5,,,phase4_semantic_finetune_train_2017_2026-09-08T08-26.log
20260908T074954Z_2017_heal_2017_train,2017,heal_2017,train,epoch A11 gpu (sync at epoch end),5.6,,,phase4_semantic_finetune_train_2017_2026-09-08T08-26.log
20260908T074954Z_2017_heal_2017_train,2017,heal_2017,train,epoch A11 val,1.0,,,phase4_semantic_finetune_train_2017_2026-09-08T08-26.log
20260908T074954Z_2017_heal_2017_train,2017,heal_2017,train,epoch A11 save,0.0,,,phase4_semantic_finetune_train_2017_2026-09-08T08-26.log
20260908T074954Z_2017_heal_2017_train,2017,heal_2017,train,epoch A11 other,0.0,,,phase4_semantic_finetune_train_2017_2026-09-08T08-26.log
20260908T074954Z_2017_heal_2017_train,2017,heal_2017,train,epoch A12 data,26.2,,,phase4_semantic_finetune_train_2017_2026-09-08T08-26.log
20260908T074954Z_2017_heal_2017_train,2017,heal_2017,train,epoch A12 gpu (sync at epoch end),4.7,,,phase4_semantic_finetune_train_2017_2026-09-08T08-26.log
20260908T074954Z_2017_heal_2017_train,2017,heal_2017,train,epoch A12 val,1.0,,,phase4_semantic_finetune_train_2017_2026-09-08T08-26.log
20260908T074954Z_2017_heal_2017_train,2017,heal_2017,train,epoch A12 save,0.0,,,phase4_semantic_finetune_train_2017_2026-09-08T08-26.log
20260908T074954Z_2017_heal_2017_train,2017,heal_2017,train,epoch A12 other,0.0,,,phase4_semantic_finetune_train_2017_2026-09-08T08-26.log
20260908T074954Z_2017_heal_2017_train,2017,heal_2017,train,epoch A13 data,26.5,,,phase4_semantic_finetune_train_2017_2026-09-08T08-26.log
20260908T074954Z_2017_heal_2017_train,2017,heal_2017,train,epoch A13 gpu (sync at epoch end),5.9,,,phase4_semantic_finetune_train_2017_2026-09-08T08-26.log
20260908T074954Z_2017_heal_2017_train,2017,heal_2017,train,epoch A13 val,1.0,,,phase4_semantic_finetune_train_2017_2026-09-08T08-26.log
20260908T074954Z_2017_heal_2017_train,2017,heal_2017,train,epoch A13 save,0.0,,,phase4_semantic_finetune_train_2017_2026-09-08T08-26.log
20260908T074954Z_2017_heal_2017_train,2017,heal_2017,train,epoch A13 other,0.0,,,phase4_semantic_finetune_train_2017_2026-09-08T08-26.log
20260908T074954Z_2017_heal_2017_train,2017,heal_2017,train,epoch A14 data,13.1,,,phase4_semantic_finetune_train_2017_2026-09-08T08-26.log
20260908T074954Z_2017_heal_2017_train,2017,heal_2017,train,epoch A14 gpu (sync at epoch end),4.4,,,phase4_semantic_finetune_train_2017_2026-09-08T08-26.log
20260908T074954Z_2017_heal_2017_train,2017,heal_2017,train,epoch A14 val,0.9,,,phase4_semantic_finetune_train_2017_2026-09-08T08-26.log
20260908T074954Z_2017_heal_2017_train,2017,heal_2017,train,epoch A14 save,0.0,,,phase4_semantic_finetune_train_2017_2026-09-08T08-26.log
20260908T074954Z_2017_heal_2017_train,2017,heal_2017,train,epoch A14 other,0.0,,,phase4_semantic_finetune_train_2017_2026-09-08T08-26.log
20260908T074954Z_2017_heal_2017_train,2017,heal_2017,train,epoch A15 data,12.5,,,phase4_semantic_finetune_train_2017_2026-09-08T08-26.log
20260908T074954Z_2017_heal_2017_train,2017,heal_2017,train,epoch A15 gpu (sync at epoch end),5.5,,,phase4_semantic_finetune_train_2017_2026-09-08T08-26.log
20260908T074954Z_2017_heal_2017_train,2017,heal_2017,train,epoch A15 val,1.0,,,phase4_semantic_finetune_train_2017_2026-09-08T08-26.log
20260908T074954Z_2017_heal_2017_train,2017,heal_2017,train,epoch A15 save,0.8,,,phase4_semantic_finetune_train_2017_2026-09-08T08-26.log
20260908T074954Z_2017_heal_2017_train,2017,heal_2017,train,epoch A15 other,0.0,,,phase4_semantic_finetune_train_2017_2026-09-08T08-26.log
20260908T074954Z_2017_heal_2017_train,2017,heal_2017,train,epoch A16 data,17.4,,,phase4_semantic_finetune_train_2017_2026-09-08T08-26.log
20260908T074954Z_2017_heal_2017_train,2017,heal_2017,train,epoch A16 gpu (sync at epoch end),5.9,,,phase4_semantic_finetune_train_2017_2026-09-08T08-26.log
20260908T074954Z_2017_heal_2017_train,2017,heal_2017,train,epoch A16 val,1.0,,,phase4_semantic_finetune_train_2017_2026-09-08T08-26.log
20260908T074954Z_2017_heal_2017_train,2017,heal_2017,train,epoch A16 save,0.0,,,phase4_semantic_finetune_train_2017_2026-09-08T08-26.log
20260908T074954Z_2017_heal_2017_train,2017,heal_2017,train,epoch A16 other,0.0,,,phase4_semantic_finetune_train_2017_2026-09-08T08-26.log
20260908T074954Z_2017_heal_2017_train,2017,heal_2017,train,epoch A17 data,29.8,,,phase4_semantic_finetune_train_2017_2026-09-08T08-26.log
20260908T074954Z_2017_heal_2017_train,2017,heal_2017,train,epoch A17 gpu (sync at epoch end),5.3,,,phase4_semantic_finetune_train_2017_2026-09-08T08-26.log
20260908T074954Z_2017_heal_2017_train,2017,heal_2017,train,epoch A17 val,1.0,,,phase4_semantic_finetune_train_2017_2026-09-08T08-26.log
20260908T074954Z_2017_heal_2017_train,2017,heal_2017,train,epoch A17 save,0.0,,,phase4_semantic_finetune_train_2017_2026-09-08T08-26.log
20260908T074954Z_2017_heal_2017_train,2017,heal_2017,train,epoch A17 other,0.0,,,phase4_semantic_finetune_train_2017_2026-09-08T08-26.log
20260908T074954Z_2017_heal_2017_train,2017,heal_2017,train,epoch A18 data,24.1,,,phase4_semantic_finetune_train_2017_2026-09-08T08-26.log
20260908T074954Z_2017_heal_2017_train,2017,heal_2017,train,epoch A18 gpu (sync at epoch end),5.4,,,phase4_semantic_finetune_train_2017_2026-09-08T08-26.log
20260908T074954Z_2017_heal_2017_train,2017,heal_2017,train,epoch A18 val,1.0,,,phase4_semantic_finetune_train_2017_2026-09-08T08-26.log
20260908T074954Z_2017_heal_2017_train,2017,heal_2017,train,epoch A18 save,0.0,,,phase4_semantic_finetune_train_2017_2026-09-08T08-26.log
20260908T074954Z_2017_heal_2017_train,2017,heal_2017,train,epoch A18 other,0.0,,,phase4_semantic_finetune_train_2017_2026-09-08T08-26.log
20260908T074954Z_2017_heal_2017_train,2017,heal_2017,train,epoch A19 data,16.9,,,phase4_semantic_finetune_train_2017_2026-09-08T08-26.log
20260908T074954Z_2017_heal_2017_train,2017,heal_2017,train,epoch A19 gpu (sync at epoch end),6.0,,,phase4_semantic_finetune_train_2017_2026-09-08T08-26.log
20260908T074954Z_2017_heal_2017_train,2017,heal_2017,train,epoch A19 val,1.1,,,phase4_semantic_finetune_train_2017_2026-09-08T08-26.log
20260908T074954Z_2017_heal_2017_train,2017,heal_2017,train,epoch A19 save,0.0,,,phase4_semantic_finetune_train_2017_2026-09-08T08-26.log
20260908T074954Z_2017_heal_2017_train,2017,heal_2017,train,epoch A19 other,0.0,,,phase4_semantic_finetune_train_2017_2026-09-08T08-26.log
20260908T074954Z_2017_heal_2017_train,2017,heal_2017,train,epoch A20 data,20.0,,,phase4_semantic_finetune_train_2017_2026-09-08T08-26.log
20260908T074954Z_2017_heal_2017_train,2017,heal_2017,train,epoch A20 gpu (sync at epoch end),6.1,,,phase4_semantic_finetune_train_2017_2026-09-08T08-26.log
20260908T074954Z_2017_heal_2017_train,2017,heal_2017,train,epoch A20 val,1.0,,,phase4_semantic_finetune_train_2017_2026-09-08T08-26.log
20260908T074954Z_2017_heal_2017_train,2017,heal_2017,train,epoch A20 save,0.8,,,phase4_semantic_finetune_train_2017_2026-09-08T08-26.log
20260908T074954Z_2017_heal_2017_train,2017,heal_2017,train,epoch A20 other,0.0,,,phase4_semantic_finetune_train_2017_2026-09-08T08-26.log
20260908T074954Z_2017_heal_2017_train,2017,heal_2017,train,epoch B1 data,1.4,,,phase4_semantic_finetune_train_2017_2026-09-08T08-26.log
20260908T074954Z_2017_heal_2017_train,2017,heal_2017,train,epoch B1 gpu (sync at epoch end),124.8,,,phase4_semantic_finetune_train_2017_2026-09-08T08-26.log
20260908T074954Z_2017_heal_2017_train,2017,heal_2017,train,epoch B1 val,1.0,,,phase4_semantic_finetune_train_2017_2026-09-08T08-26.log
20260908T074954Z_2017_heal_2017_train,2017,heal_2017,train,epoch B1 save,0.0,,,phase4_semantic_finetune_train_2017_2026-09-08T08-26.log
20260908T074954Z_2017_heal_2017_train,2017,heal_2017,train,epoch B1 other,0.0,,,phase4_semantic_finetune_train_2017_2026-09-08T08-26.log
20260908T074954Z_2017_heal_2017_train,2017,heal_2017,train,epoch B2 data,26.2,,,phase4_semantic_finetune_train_2017_2026-09-08T08-26.log
20260908T074954Z_2017_heal_2017_train,2017,heal_2017,train,epoch B2 gpu (sync at epoch end),7.9,,,phase4_semantic_finetune_train_2017_2026-09-08T08-26.log
20260908T074954Z_2017_heal_2017_train,2017,heal_2017,train,epoch B2 val,1.0,,,phase4_semantic_finetune_train_2017_2026-09-08T08-26.log
20260908T074954Z_2017_heal_2017_train,2017,heal_2017,train,epoch B2 save,0.0,,,phase4_semantic_finetune_train_2017_2026-09-08T08-26.log
20260908T074954Z_2017_heal_2017_train,2017,heal_2017,train,epoch B2 other,0.0,,,phase4_semantic_finetune_train_2017_2026-09-08T08-26.log
20260908T074954Z_2017_heal_2017_train,2017,heal_2017,train,epoch B3 data,14.2,,,phase4_semantic_finetune_train_2017_2026-09-08T08-26.log
20260908T074954Z_2017_heal_2017_train,2017,heal_2017,train,epoch B3 gpu (sync at epoch end),8.3,,,phase4_semantic_finetune_train_2017_2026-09-08T08-26.log
20260908T074954Z_2017_heal_2017_train,2017,heal_2017,train,epoch B3 val,1.0,,,phase4_semantic_finetune_train_2017_2026-09-08T08-26.log
20260908T074954Z_2017_heal_2017_train,2017,heal_2017,train,epoch B3 save,0.0,,,phase4_semantic_finetune_train_2017_2026-09-08T08-26.log
20260908T074954Z_2017_heal_2017_train,2017,heal_2017,train,epoch B3 other,0.0,,,phase4_semantic_finetune_train_2017_2026-09-08T08-26.log
20260908T074954Z_2017_heal_2017_train,2017,heal_2017,train,epoch B4 data,28.8,,,phase4_semantic_finetune_train_2017_2026-09-08T08-26.log
20260908T074954Z_2017_heal_2017_train,2017,heal_2017,train,epoch B4 gpu (sync at epoch end),8.7,,,phase4_semantic_finetune_train_2017_2026-09-08T08-26.log
20260908T074954Z_2017_heal_2017_train,2017,heal_2017,train,epoch B4 val,1.0,,,phase4_semantic_finetune_train_2017_2026-09-08T08-26.log
20260908T074954Z_2017_heal_2017_train,2017,heal_2017,train,epoch B4 save,0.0,,,phase4_semantic_finetune_train_2017_2026-09-08T08-26.log
20260908T074954Z_2017_heal_2017_train,2017,heal_2017,train,epoch B4 other,0.0,,,phase4_semantic_finetune_train_2017_2026-09-08T08-26.log
20260908T074954Z_2017_heal_2017_train,2017,heal_2017,train,epoch B5 data,18.7,,,phase4_semantic_finetune_train_2017_2026-09-08T08-26.log
20260908T074954Z_2017_heal_2017_train,2017,heal_2017,train,epoch B5 gpu (sync at epoch end),10.5,,,phase4_semantic_finetune_train_2017_2026-09-08T08-26.log
20260908T074954Z_2017_heal_2017_train,2017,heal_2017,train,epoch B5 val,1.0,,,phase4_semantic_finetune_train_2017_2026-09-08T08-26.log
20260908T074954Z_2017_heal_2017_train,2017,heal_2017,train,epoch B5 save,0.8,,,phase4_semantic_finetune_train_2017_2026-09-08T08-26.log
20260908T074954Z_2017_heal_2017_train,2017,heal_2017,train,epoch B5 other,0.0,,,phase4_semantic_finetune_train_2017_2026-09-08T08-26.log
20260908T074954Z_2017_heal_2017_train,2017,heal_2017,train,epoch B6 data,27.2,,,phase4_semantic_finetune_train_2017_2026-09-08T08-26.log
20260908T074954Z_2017_heal_2017_train,2017,heal_2017,train,epoch B6 gpu (sync at epoch end),11.3,,,phase4_semantic_finetune_train_2017_2026-09-08T08-26.log
20260908T074954Z_2017_heal_2017_train,2017,heal_2017,train,epoch B6 val,1.0,,,phase4_semantic_finetune_train_2017_2026-09-08T08-26.log
20260908T074954Z_2017_heal_2017_train,2017,heal_2017,train,epoch B6 save,0.0,,,phase4_semantic_finetune_train_2017_2026-09-08T08-26.log
20260908T074954Z_2017_heal_2017_train,2017,heal_2017,train,epoch B6 other,0.0,,,phase4_semantic_finetune_train_2017_2026-09-08T08-26.log
20260908T074954Z_2017_heal_2017_train,2017,heal_2017,train,epoch B7 data,14.2,,,phase4_semantic_finetune_train_2017_2026-09-08T08-26.log
20260908T074954Z_2017_heal_2017_train,2017,heal_2017,train,epoch B7 gpu (sync at epoch end),11.7,,,phase4_semantic_finetune_train_2017_2026-09-08T08-26.log
20260908T074954Z_2017_heal_2017_train,2017,heal_2017,train,epoch B7 val,1.0,,,phase4_semantic_finetune_train_2017_2026-09-08T08-26.log
20260908T074954Z_2017_heal_2017_train,2017,heal_2017,train,epoch B7 save,0.0,,,phase4_semantic_finetune_train_2017_2026-09-08T08-26.log
20260908T074954Z_2017_heal_2017_train,2017,heal_2017,train,epoch B7 other,0.0,,,phase4_semantic_finetune_train_2017_2026-09-08T08-26.log
20260908T074954Z_2017_heal_2017_train,2017,heal_2017,train,epoch B8 data,16.6,,,phase4_semantic_finetune_train_2017_2026-09-08T08-26.log
20260908T074954Z_2017_heal_2017_train,2017,heal_2017,train,epoch B8 gpu (sync at epoch end),10.5,,,phase4_semantic_finetune_train_2017_2026-09-08T08-26.log
20260908T074954Z_2017_heal_2017_train,2017,heal_2017,train,epoch B8 val,1.0,,,phase4_semantic_finetune_train_2017_2026-09-08T08-26.log
20260908T074954Z_2017_heal_2017_train,2017,heal_2017,train,epoch B8 save,0.0,,,phase4_semantic_finetune_train_2017_2026-09-08T08-26.log
20260908T074954Z_2017_heal_2017_train,2017,heal_2017,train,epoch B8 other,0.0,,,phase4_semantic_finetune_train_2017_2026-09-08T08-26.log
20260908T074954Z_2017_heal_2017_train,2017,heal_2017,train,epoch B9 data,20.8,,,phase4_semantic_finetune_train_2017_2026-09-08T08-26.log
20260908T074954Z_2017_heal_2017_train,2017,heal_2017,train,epoch B9 gpu (sync at epoch end),7.8,,,phase4_semantic_finetune_train_2017_2026-09-08T08-26.log
20260908T074954Z_2017_heal_2017_train,2017,heal_2017,train,epoch B9 val,1.0,,,phase4_semantic_finetune_train_2017_2026-09-08T08-26.log
20260908T074954Z_2017_heal_2017_train,2017,heal_2017,train,epoch B9 save,0.0,,,phase4_semantic_finetune_train_2017_2026-09-08T08-26.log
20260908T074954Z_2017_heal_2017_train,2017,heal_2017,train,epoch B9 other,0.0,,,phase4_semantic_finetune_train_2017_2026-09-08T08-26.log
20260908T074954Z_2017_heal_2017_train,2017,heal_2017,train,epoch B10 data,14.1,,,phase4_semantic_finetune_train_2017_2026-09-08T08-26.log
20260908T074954Z_2017_heal_2017_train,2017,heal_2017,train,epoch B10 gpu (sync at epoch end),11.4,,,phase4_semantic_finetune_train_2017_2026-09-08T08-26.log
20260908T074954Z_2017_heal_2017_train,2017,heal_2017,train,epoch B10 val,1.0,,,phase4_semantic_finetune_train_2017_2026-09-08T08-26.log
20260908T074954Z_2017_heal_2017_train,2017,heal_2017,train,epoch B10 save,0.8,,,phase4_semantic_finetune_train_2017_2026-09-08T08-26.log
20260908T074954Z_2017_heal_2017_train,2017,heal_2017,train,epoch B10 other,0.0,,,phase4_semantic_finetune_train_2017_2026-09-08T08-26.log
20260908T074954Z_2017_heal_2017_train,2017,heal_2017,train,epoch B11 data,19.8,,,phase4_semantic_finetune_train_2017_2026-09-08T08-26.log
20260908T074954Z_2017_heal_2017_train,2017,heal_2017,train,epoch B11 gpu (sync at epoch end),7.0,,,phase4_semantic_finetune_train_2017_2026-09-08T08-26.log
20260908T074954Z_2017_heal_2017_train,2017,heal_2017,train,epoch B11 val,1.0,,,phase4_semantic_finetune_train_2017_2026-09-08T08-26.log
20260908T074954Z_2017_heal_2017_train,2017,heal_2017,train,epoch B11 save,0.0,,,phase4_semantic_finetune_train_2017_2026-09-08T08-26.log
20260908T074954Z_2017_heal_2017_train,2017,heal_2017,train,epoch B11 other,0.0,,,phase4_semantic_finetune_train_2017_2026-09-08T08-26.log
20260908T074954Z_2017_heal_2017_train,2017,heal_2017,train,epoch B12 data,25.6,,,phase4_semantic_finetune_train_2017_2026-09-08T08-26.log
20260908T074954Z_2017_heal_2017_train,2017,heal_2017,train,epoch B12 gpu (sync at epoch end),9.1,,,phase4_semantic_finetune_train_2017_2026-09-08T08-26.log
20260908T074954Z_2017_heal_2017_train,2017,heal_2017,train,epoch B12 val,0.9,,,phase4_semantic_finetune_train_2017_2026-09-08T08-26.log
20260908T074954Z_2017_heal_2017_train,2017,heal_2017,train,epoch B12 save,0.0,,,phase4_semantic_finetune_train_2017_2026-09-08T08-26.log
20260908T074954Z_2017_heal_2017_train,2017,heal_2017,train,epoch B12 other,0.0,,,phase4_semantic_finetune_train_2017_2026-09-08T08-26.log
20260908T074954Z_2017_heal_2017_train,2017,heal_2017,train,epoch B13 data,29.5,,,phase4_semantic_finetune_train_2017_2026-09-08T08-26.log
20260908T074954Z_2017_heal_2017_train,2017,heal_2017,train,epoch B13 gpu (sync at epoch end),9.1,,,phase4_semantic_finetune_train_2017_2026-09-08T08-26.log
20260908T074954Z_2017_heal_2017_train,2017,heal_2017,train,epoch B13 val,1.0,,,phase4_semantic_finetune_train_2017_2026-09-08T08-26.log
20260908T074954Z_2017_heal_2017_train,2017,heal_2017,train,epoch B13 save,0.0,,,phase4_semantic_finetune_train_2017_2026-09-08T08-26.log
20260908T074954Z_2017_heal_2017_train,2017,heal_2017,train,epoch B13 other,0.0,,,phase4_semantic_finetune_train_2017_2026-09-08T08-26.log
20260908T074954Z_2017_heal_2017_train,2017,heal_2017,train,epoch B14 data,26.9,,,phase4_semantic_finetune_train_2017_2026-09-08T08-26.log
20260908T074954Z_2017_heal_2017_train,2017,heal_2017,train,epoch B14 gpu (sync at epoch end),8.5,,,phase4_semantic_finetune_train_2017_2026-09-08T08-26.log
20260908T074954Z_2017_heal_2017_train,2017,heal_2017,train,epoch B14 val,1.0,,,phase4_semantic_finetune_train_2017_2026-09-08T08-26.log
20260908T074954Z_2017_heal_2017_train,2017,heal_2017,train,epoch B14 save,0.0,,,phase4_semantic_finetune_train_2017_2026-09-08T08-26.log
20260908T074954Z_2017_heal_2017_train,2017,heal_2017,train,epoch B14 other,0.0,,,phase4_semantic_finetune_train_2017_2026-09-08T08-26.log
20260908T074954Z_2017_heal_2017_train,2017,heal_2017,train,epoch B15 data,23.6,,,phase4_semantic_finetune_train_2017_2026-09-08T08-26.log
20260908T074954Z_2017_heal_2017_train,2017,heal_2017,train,epoch B15 gpu (sync at epoch end),14.2,,,phase4_semantic_finetune_train_2017_2026-09-08T08-26.log
20260908T074954Z_2017_heal_2017_train,2017,heal_2017,train,epoch B15 val,1.0,,,phase4_semantic_finetune_train_2017_2026-09-08T08-26.log
20260908T074954Z_2017_heal_2017_train,2017,heal_2017,train,epoch B15 save,0.8,,,phase4_semantic_finetune_train_2017_2026-09-08T08-26.log
20260908T074954Z_2017_heal_2017_train,2017,heal_2017,train,epoch B15 other,0.0,,,phase4_semantic_finetune_train_2017_2026-09-08T08-26.log
20260908T082855Z_2017_heal_2017_evaluate,2017,heal_2017,evaluate,eval tiles local,5.9,,,phase4_semantic_finetune_evaluate_2017_2026-09-08T08-31.log
20260908T082855Z_2017_heal_2017_evaluate,2017,heal_2017,evaluate,eval model load,2.5,,,phase4_semantic_finetune_evaluate_2017_2026-09-08T08-31.log
20260908T082855Z_2017_heal_2017_evaluate,2017,heal_2017,evaluate,eval forward,5.0,,,phase4_semantic_finetune_evaluate_2017_2026-09-08T08-31.log
20260908T082855Z_2017_heal_2017_evaluate,2017,heal_2017,evaluate,eval metrics,27.5,,,phase4_semantic_finetune_evaluate_2017_2026-09-08T08-31.log
20260908T082855Z_2017_heal_2017_evaluate,2017,heal_2017,evaluate,copy semantic_eval_report_superseded.csv,0.0,25406,,phase4_semantic_finetune_evaluate_2017_2026-09-08T08-31.log
20260908T082855Z_2017_heal_2017_evaluate,2017,heal_2017,evaluate,copy semantic_eval_report.csv,0.0,,,phase4_semantic_finetune_evaluate_2017_2026-09-08T08-31.log
20260908T082855Z_2017_heal_2017_evaluate,2017,heal_2017,evaluate,eval report,98.9,,,phase4_semantic_finetune_evaluate_2017_2026-09-08T08-31.log
20260908T135549Z_2017_heal_2017_inference,2017,heal_2017,inference,stage 2017_coe_rgb.tif,623.5,48377405327,77.59,phase4_semantic_finetune_inference_2017_2026-09-08T15-08.log
20260908T135549Z_2017_heal_2017_inference,2017,heal_2017,inference,inference,3508.2,,,phase4_semantic_finetune_inference_2017_2026-09-08T15-08.log
20260908T135549Z_2017_heal_2017_inference,2017,heal_2017,inference,copy edmonds_canopy_prob_2017_heal_2017.tif,5.4,2276350861,421.55,phase4_semantic_finetune_inference_2017_2026-09-08T15-08.log
20260908T150904Z_2017_heal_2017_postproc,2017,heal_2017,postproc,polygonize,1873.8,,,phase4_semantic_finetune_postproc_2017_2026-09-08T16-16.log
20260908T150904Z_2017_heal_2017_postproc,2017,heal_2017,postproc,copy edmonds_canopy_mask_2017_heal_2017.tif,0.6,271467871,452.45,phase4_semantic_finetune_postproc_2017_2026-09-08T16-16.log
20260908T150904Z_2017_heal_2017_postproc,2017,heal_2017,postproc,copy edmonds_canopy_mask_2017_heal_2017.gpkg,0.1,28807168,288.07,phase4_semantic_finetune_postproc_2017_2026-09-08T16-16.log
20260908T150904Z_2017_heal_2017_postproc,2017,heal_2017,postproc,postproc,4045.1,,,phase4_semantic_finetune_postproc_2017_2026-09-08T16-16.log
20260908T153847Z_2020_heal_2020_tile,2020,heal_2020,tile,discover sites 2020,792.7,,,phase4_semantic_finetune_tile_2020_2026-09-08T16-37.log
20260908T153847Z_2020_heal_2020_tile,2020,heal_2020,tile,stage 2020_coe_rgb.tif,1198.6,27147166704,22.65,phase4_semantic_finetune_tile_2020_2026-09-08T16-37.log
20260908T153847Z_2020_heal_2020_tile,2020,heal_2020,tile,stage edmonds_canopy_mask_2020.tif,7.7,287816390,37.38,phase4_semantic_finetune_tile_2020_2026-09-08T16-37.log
20260908T162149Z_2023_heal_2023_tile,2023,heal_2023,tile,discover sites 2023,296.7,,,phase4_semantic_finetune_tile_2023_2026-09-08T16-49.log
20260908T162149Z_2023_heal_2023_tile,2023,heal_2023,tile,stage 2023_king_rgb.tif,201.1,11191231117,55.65,phase4_semantic_finetune_tile_2023_2026-09-08T16-49.log
20260908T162149Z_2023_heal_2023_tile,2023,heal_2023,tile,stage edmonds_canopy_mask_2020.tif,4.1,287816390,70.20,phase4_semantic_finetune_tile_2023_2026-09-08T16-49.log
20260908T163743Z_2020_heal_2020_train,2020,heal_2020,train,stage tiles 2020,589.2,,,phase4_semantic_finetune_train_2020_2026-09-08T17-15.log
20260908T163743Z_2020_heal_2020_train,2020,heal_2020,train,copy sem_best_2020_heal_2020.pt,0.7,371431595,530.62,phase4_semantic_finetune_train_2020_2026-09-08T17-15.log
20260908T163743Z_2020_heal_2020_train,2020,heal_2020,train,epoch A1 data,12.5,,,phase4_semantic_finetune_train_2020_2026-09-08T17-15.log
20260908T163743Z_2020_heal_2020_train,2020,heal_2020,train,epoch A1 gpu (sync at epoch end),55.7,,,phase4_semantic_finetune_train_2020_2026-09-08T17-15.log
20260908T163743Z_2020_heal_2020_train,2020,heal_2020,train,epoch A1 val,48.9,,,phase4_semantic_finetune_train_2020_2026-09-08T17-15.log
20260908T163743Z_2020_heal_2020_train,2020,heal_2020,train,epoch A1 save,30.1,,,phase4_semantic_finetune_train_2020_2026-09-08T17-15.log
20260908T163743Z_2020_heal_2020_train,2020,heal_2020,train,epoch A1 other,0.0,,,phase4_semantic_finetune_train_2020_2026-09-08T17-15.log
20260908T163743Z_2020_heal_2020_train,2020,heal_2020,train,copy sem_best_2020_heal_2020.pt,0.9,371431595,412.70,phase4_semantic_finetune_train_2020_2026-09-08T17-15.log
20260908T163743Z_2020_heal_2020_train,2020,heal_2020,train,epoch A2 data,43.0,,,phase4_semantic_finetune_train_2020_2026-09-08T17-15.log
20260908T163743Z_2020_heal_2020_train,2020,heal_2020,train,epoch A2 gpu (sync at epoch end),5.9,,,phase4_semantic_finetune_train_2020_2026-09-08T17-15.log
20260908T163743Z_2020_heal_2020_train,2020,heal_2020,train,epoch A2 val,0.9,,,phase4_semantic_finetune_train_2020_2026-09-08T17-15.log
20260908T163743Z_2020_heal_2020_train,2020,heal_2020,train,epoch A2 save,45.4,,,phase4_semantic_finetune_train_2020_2026-09-08T17-15.log
20260908T163743Z_2020_heal_2020_train,2020,heal_2020,train,epoch A2 other,0.0,,,phase4_semantic_finetune_train_2020_2026-09-08T17-15.log
20260908T163743Z_2020_heal_2020_train,2020,heal_2020,train,copy sem_best_2020_heal_2020.pt,0.7,371431595,530.62,phase4_semantic_finetune_train_2020_2026-09-08T17-15.log
20260908T163743Z_2020_heal_2020_train,2020,heal_2020,train,epoch A3 data,32.6,,,phase4_semantic_finetune_train_2020_2026-09-08T17-15.log
20260908T163743Z_2020_heal_2020_train,2020,heal_2020,train,epoch A3 gpu (sync at epoch end),6.1,,,phase4_semantic_finetune_train_2020_2026-09-08T17-15.log
20260908T163743Z_2020_heal_2020_train,2020,heal_2020,train,epoch A3 val,0.9,,,phase4_semantic_finetune_train_2020_2026-09-08T17-15.log
20260908T163743Z_2020_heal_2020_train,2020,heal_2020,train,epoch A3 save,7.5,,,phase4_semantic_finetune_train_2020_2026-09-08T17-15.log
20260908T163743Z_2020_heal_2020_train,2020,heal_2020,train,epoch A3 other,0.0,,,phase4_semantic_finetune_train_2020_2026-09-08T17-15.log
20260908T163743Z_2020_heal_2020_train,2020,heal_2020,train,epoch A4 data,21.4,,,phase4_semantic_finetune_train_2020_2026-09-08T17-15.log
20260908T163743Z_2020_heal_2020_train,2020,heal_2020,train,epoch A4 gpu (sync at epoch end),5.8,,,phase4_semantic_finetune_train_2020_2026-09-08T17-15.log
20260908T163743Z_2020_heal_2020_train,2020,heal_2020,train,epoch A4 val,0.8,,,phase4_semantic_finetune_train_2020_2026-09-08T17-15.log
20260908T163743Z_2020_heal_2020_train,2020,heal_2020,train,epoch A4 save,0.0,,,phase4_semantic_finetune_train_2020_2026-09-08T17-15.log
20260908T163743Z_2020_heal_2020_train,2020,heal_2020,train,epoch A4 other,0.0,,,phase4_semantic_finetune_train_2020_2026-09-08T17-15.log
20260908T163743Z_2020_heal_2020_train,2020,heal_2020,train,epoch A5 data,9.6,,,phase4_semantic_finetune_train_2020_2026-09-08T17-15.log
20260908T163743Z_2020_heal_2020_train,2020,heal_2020,train,epoch A5 gpu (sync at epoch end),5.0,,,phase4_semantic_finetune_train_2020_2026-09-08T17-15.log
20260908T163743Z_2020_heal_2020_train,2020,heal_2020,train,epoch A5 val,0.9,,,phase4_semantic_finetune_train_2020_2026-09-08T17-15.log
20260908T163743Z_2020_heal_2020_train,2020,heal_2020,train,epoch A5 save,0.5,,,phase4_semantic_finetune_train_2020_2026-09-08T17-15.log
20260908T163743Z_2020_heal_2020_train,2020,heal_2020,train,epoch A5 other,0.0,,,phase4_semantic_finetune_train_2020_2026-09-08T17-15.log
20260908T163743Z_2020_heal_2020_train,2020,heal_2020,train,epoch A6 data,43.8,,,phase4_semantic_finetune_train_2020_2026-09-08T17-15.log
20260908T163743Z_2020_heal_2020_train,2020,heal_2020,train,epoch A6 gpu (sync at epoch end),5.0,,,phase4_semantic_finetune_train_2020_2026-09-08T17-15.log
20260908T163743Z_2020_heal_2020_train,2020,heal_2020,train,epoch A6 val,0.9,,,phase4_semantic_finetune_train_2020_2026-09-08T17-15.log
20260908T163743Z_2020_heal_2020_train,2020,heal_2020,train,epoch A6 save,0.0,,,phase4_semantic_finetune_train_2020_2026-09-08T17-15.log
20260908T163743Z_2020_heal_2020_train,2020,heal_2020,train,epoch A6 other,0.0,,,phase4_semantic_finetune_train_2020_2026-09-08T17-15.log
20260908T163743Z_2020_heal_2020_train,2020,heal_2020,train,epoch A7 data,20.7,,,phase4_semantic_finetune_train_2020_2026-09-08T17-15.log
20260908T163743Z_2020_heal_2020_train,2020,heal_2020,train,epoch A7 gpu (sync at epoch end),5.3,,,phase4_semantic_finetune_train_2020_2026-09-08T17-15.log
20260908T163743Z_2020_heal_2020_train,2020,heal_2020,train,epoch A7 val,0.9,,,phase4_semantic_finetune_train_2020_2026-09-08T17-15.log
20260908T163743Z_2020_heal_2020_train,2020,heal_2020,train,epoch A7 save,0.0,,,phase4_semantic_finetune_train_2020_2026-09-08T17-15.log
20260908T163743Z_2020_heal_2020_train,2020,heal_2020,train,epoch A7 other,0.0,,,phase4_semantic_finetune_train_2020_2026-09-08T17-15.log
20260908T163743Z_2020_heal_2020_train,2020,heal_2020,train,epoch A8 data,35.2,,,phase4_semantic_finetune_train_2020_2026-09-08T17-15.log
20260908T163743Z_2020_heal_2020_train,2020,heal_2020,train,epoch A8 gpu (sync at epoch end),5.5,,,phase4_semantic_finetune_train_2020_2026-09-08T17-15.log
20260908T163743Z_2020_heal_2020_train,2020,heal_2020,train,epoch A8 val,0.8,,,phase4_semantic_finetune_train_2020_2026-09-08T17-15.log
20260908T163743Z_2020_heal_2020_train,2020,heal_2020,train,epoch A8 save,0.0,,,phase4_semantic_finetune_train_2020_2026-09-08T17-15.log
20260908T163743Z_2020_heal_2020_train,2020,heal_2020,train,epoch A8 other,0.0,,,phase4_semantic_finetune_train_2020_2026-09-08T17-15.log
20260908T163743Z_2020_heal_2020_train,2020,heal_2020,train,epoch A9 data,35.9,,,phase4_semantic_finetune_train_2020_2026-09-08T17-15.log
20260908T163743Z_2020_heal_2020_train,2020,heal_2020,train,epoch A9 gpu (sync at epoch end),5.6,,,phase4_semantic_finetune_train_2020_2026-09-08T17-15.log
20260908T163743Z_2020_heal_2020_train,2020,heal_2020,train,epoch A9 val,0.9,,,phase4_semantic_finetune_train_2020_2026-09-08T17-15.log
20260908T163743Z_2020_heal_2020_train,2020,heal_2020,train,epoch A9 save,0.0,,,phase4_semantic_finetune_train_2020_2026-09-08T17-15.log
20260908T163743Z_2020_heal_2020_train,2020,heal_2020,train,epoch A9 other,0.0,,,phase4_semantic_finetune_train_2020_2026-09-08T17-15.log
20260908T163743Z_2020_heal_2020_train,2020,heal_2020,train,epoch A10 data,30.1,,,phase4_semantic_finetune_train_2020_2026-09-08T17-15.log
20260908T163743Z_2020_heal_2020_train,2020,heal_2020,train,epoch A10 gpu (sync at epoch end),5.7,,,phase4_semantic_finetune_train_2020_2026-09-08T17-15.log
20260908T163743Z_2020_heal_2020_train,2020,heal_2020,train,epoch A10 val,0.8,,,phase4_semantic_finetune_train_2020_2026-09-08T17-15.log
20260908T163743Z_2020_heal_2020_train,2020,heal_2020,train,epoch A10 save,0.7,,,phase4_semantic_finetune_train_2020_2026-09-08T17-15.log
20260908T163743Z_2020_heal_2020_train,2020,heal_2020,train,epoch A10 other,0.0,,,phase4_semantic_finetune_train_2020_2026-09-08T17-15.log
20260908T163743Z_2020_heal_2020_train,2020,heal_2020,train,copy sem_best_2020_heal_2020.pt,0.8,371431595,464.29,phase4_semantic_finetune_train_2020_2026-09-08T17-15.log
20260908T163743Z_2020_heal_2020_train,2020,heal_2020,train,epoch A11 data,14.1,,,phase4_semantic_finetune_train_2020_2026-09-08T17-15.log
20260908T163743Z_2020_heal_2020_train,2020,heal_2020,train,epoch A11 gpu (sync at epoch end),4.9,,,phase4_semantic_finetune_train_2020_2026-09-08T17-15.log
20260908T163743Z_2020_heal_2020_train,2020,heal_2020,train,epoch A11 val,0.8,,,phase4_semantic_finetune_train_2020_2026-09-08T17-15.log
20260908T163743Z_2020_heal_2020_train,2020,heal_2020,train,epoch A11 save,86.7,,,phase4_semantic_finetune_train_2020_2026-09-08T17-15.log
20260908T163743Z_2020_heal_2020_train,2020,heal_2020,train,epoch A11 other,0.0,,,phase4_semantic_finetune_train_2020_2026-09-08T17-15.log
20260908T163743Z_2020_heal_2020_train,2020,heal_2020,train,epoch A12 data,27.6,,,phase4_semantic_finetune_train_2020_2026-09-08T17-15.log
20260908T163743Z_2020_heal_2020_train,2020,heal_2020,train,epoch A12 gpu (sync at epoch end),5.6,,,phase4_semantic_finetune_train_2020_2026-09-08T17-15.log
20260908T163743Z_2020_heal_2020_train,2020,heal_2020,train,epoch A12 val,0.9,,,phase4_semantic_finetune_train_2020_2026-09-08T17-15.log
20260908T163743Z_2020_heal_2020_train,2020,heal_2020,train,epoch A12 save,0.0,,,phase4_semantic_finetune_train_2020_2026-09-08T17-15.log
20260908T163743Z_2020_heal_2020_train,2020,heal_2020,train,epoch A12 other,0.0,,,phase4_semantic_finetune_train_2020_2026-09-08T17-15.log
20260908T163743Z_2020_heal_2020_train,2020,heal_2020,train,epoch A13 data,25.2,,,phase4_semantic_finetune_train_2020_2026-09-08T17-15.log
20260908T163743Z_2020_heal_2020_train,2020,heal_2020,train,epoch A13 gpu (sync at epoch end),5.8,,,phase4_semantic_finetune_train_2020_2026-09-08T17-15.log
20260908T163743Z_2020_heal_2020_train,2020,heal_2020,train,epoch A13 val,0.9,,,phase4_semantic_finetune_train_2020_2026-09-08T17-15.log
20260908T163743Z_2020_heal_2020_train,2020,heal_2020,train,epoch A13 save,0.0,,,phase4_semantic_finetune_train_2020_2026-09-08T17-15.log
20260908T163743Z_2020_heal_2020_train,2020,heal_2020,train,epoch A13 other,0.0,,,phase4_semantic_finetune_train_2020_2026-09-08T17-15.log
20260908T163743Z_2020_heal_2020_train,2020,heal_2020,train,epoch A14 data,19.9,,,phase4_semantic_finetune_train_2020_2026-09-08T17-15.log
20260908T163743Z_2020_heal_2020_train,2020,heal_2020,train,epoch A14 gpu (sync at epoch end),5.8,,,phase4_semantic_finetune_train_2020_2026-09-08T17-15.log
20260908T163743Z_2020_heal_2020_train,2020,heal_2020,train,epoch A14 val,0.9,,,phase4_semantic_finetune_train_2020_2026-09-08T17-15.log
20260908T163743Z_2020_heal_2020_train,2020,heal_2020,train,epoch A14 save,0.0,,,phase4_semantic_finetune_train_2020_2026-09-08T17-15.log
20260908T163743Z_2020_heal_2020_train,2020,heal_2020,train,epoch A14 other,0.0,,,phase4_semantic_finetune_train_2020_2026-09-08T17-15.log
20260908T163743Z_2020_heal_2020_train,2020,heal_2020,train,epoch A15 data,30.6,,,phase4_semantic_finetune_train_2020_2026-09-08T17-15.log
20260908T163743Z_2020_heal_2020_train,2020,heal_2020,train,epoch A15 gpu (sync at epoch end),7.0,,,phase4_semantic_finetune_train_2020_2026-09-08T17-15.log
20260908T163743Z_2020_heal_2020_train,2020,heal_2020,train,epoch A15 val,0.9,,,phase4_semantic_finetune_train_2020_2026-09-08T17-15.log
20260908T163743Z_2020_heal_2020_train,2020,heal_2020,train,epoch A15 save,0.7,,,phase4_semantic_finetune_train_2020_2026-09-08T17-15.log
20260908T163743Z_2020_heal_2020_train,2020,heal_2020,train,epoch A15 other,0.0,,,phase4_semantic_finetune_train_2020_2026-09-08T17-15.log
20260908T163743Z_2020_heal_2020_train,2020,heal_2020,train,epoch A16 data,27.7,,,phase4_semantic_finetune_train_2020_2026-09-08T17-15.log
20260908T163743Z_2020_heal_2020_train,2020,heal_2020,train,epoch A16 gpu (sync at epoch end),5.4,,,phase4_semantic_finetune_train_2020_2026-09-08T17-15.log
20260908T163743Z_2020_heal_2020_train,2020,heal_2020,train,epoch A16 val,0.9,,,phase4_semantic_finetune_train_2020_2026-09-08T17-15.log
20260908T163743Z_2020_heal_2020_train,2020,heal_2020,train,epoch A16 save,0.0,,,phase4_semantic_finetune_train_2020_2026-09-08T17-15.log
20260908T163743Z_2020_heal_2020_train,2020,heal_2020,train,epoch A16 other,0.0,,,phase4_semantic_finetune_train_2020_2026-09-08T17-15.log
20260908T163743Z_2020_heal_2020_train,2020,heal_2020,train,epoch A17 data,12.7,,,phase4_semantic_finetune_train_2020_2026-09-08T17-15.log
20260908T163743Z_2020_heal_2020_train,2020,heal_2020,train,epoch A17 gpu (sync at epoch end),5.5,,,phase4_semantic_finetune_train_2020_2026-09-08T17-15.log
20260908T163743Z_2020_heal_2020_train,2020,heal_2020,train,epoch A17 val,0.8,,,phase4_semantic_finetune_train_2020_2026-09-08T17-15.log
20260908T163743Z_2020_heal_2020_train,2020,heal_2020,train,epoch A17 save,0.0,,,phase4_semantic_finetune_train_2020_2026-09-08T17-15.log
20260908T163743Z_2020_heal_2020_train,2020,heal_2020,train,epoch A17 other,0.0,,,phase4_semantic_finetune_train_2020_2026-09-08T17-15.log
20260908T163743Z_2020_heal_2020_train,2020,heal_2020,train,epoch A18 data,30.4,,,phase4_semantic_finetune_train_2020_2026-09-08T17-15.log
20260908T163743Z_2020_heal_2020_train,2020,heal_2020,train,epoch A18 gpu (sync at epoch end),5.3,,,phase4_semantic_finetune_train_2020_2026-09-08T17-15.log
20260908T163743Z_2020_heal_2020_train,2020,heal_2020,train,epoch A18 val,0.9,,,phase4_semantic_finetune_train_2020_2026-09-08T17-15.log
20260908T163743Z_2020_heal_2020_train,2020,heal_2020,train,epoch A18 save,0.0,,,phase4_semantic_finetune_train_2020_2026-09-08T17-15.log
20260908T163743Z_2020_heal_2020_train,2020,heal_2020,train,epoch A18 other,0.0,,,phase4_semantic_finetune_train_2020_2026-09-08T17-15.log
20260908T163743Z_2020_heal_2020_train,2020,heal_2020,train,epoch A19 data,18.2,,,phase4_semantic_finetune_train_2020_2026-09-08T17-15.log
20260908T163743Z_2020_heal_2020_train,2020,heal_2020,train,epoch A19 gpu (sync at epoch end),6.0,,,phase4_semantic_finetune_train_2020_2026-09-08T17-15.log
20260908T163743Z_2020_heal_2020_train,2020,heal_2020,train,epoch A19 val,0.9,,,phase4_semantic_finetune_train_2020_2026-09-08T17-15.log
20260908T163743Z_2020_heal_2020_train,2020,heal_2020,train,epoch A19 save,0.0,,,phase4_semantic_finetune_train_2020_2026-09-08T17-15.log
20260908T163743Z_2020_heal_2020_train,2020,heal_2020,train,epoch A19 other,0.0,,,phase4_semantic_finetune_train_2020_2026-09-08T17-15.log
20260908T163743Z_2020_heal_2020_train,2020,heal_2020,train,epoch A20 data,22.4,,,phase4_semantic_finetune_train_2020_2026-09-08T17-15.log
20260908T163743Z_2020_heal_2020_train,2020,heal_2020,train,epoch A20 gpu (sync at epoch end),5.5,,,phase4_semantic_finetune_train_2020_2026-09-08T17-15.log
20260908T163743Z_2020_heal_2020_train,2020,heal_2020,train,epoch A20 val,0.9,,,phase4_semantic_finetune_train_2020_2026-09-08T17-15.log
20260908T163743Z_2020_heal_2020_train,2020,heal_2020,train,epoch A20 save,0.8,,,phase4_semantic_finetune_train_2020_2026-09-08T17-15.log
20260908T163743Z_2020_heal_2020_train,2020,heal_2020,train,epoch A20 other,0.0,,,phase4_semantic_finetune_train_2020_2026-09-08T17-15.log
20260908T163743Z_2020_heal_2020_train,2020,heal_2020,train,epoch B1 data,10.8,,,phase4_semantic_finetune_train_2020_2026-09-08T17-15.log
20260908T163743Z_2020_heal_2020_train,2020,heal_2020,train,epoch B1 gpu (sync at epoch end),123.3,,,phase4_semantic_finetune_train_2020_2026-09-08T17-15.log
20260908T163743Z_2020_heal_2020_train,2020,heal_2020,train,epoch B1 val,0.9,,,phase4_semantic_finetune_train_2020_2026-09-08T17-15.log
20260908T163743Z_2020_heal_2020_train,2020,heal_2020,train,epoch B1 save,0.0,,,phase4_semantic_finetune_train_2020_2026-09-08T17-15.log
20260908T163743Z_2020_heal_2020_train,2020,heal_2020,train,epoch B1 other,0.0,,,phase4_semantic_finetune_train_2020_2026-09-08T17-15.log
20260908T163743Z_2020_heal_2020_train,2020,heal_2020,train,epoch B2 data,22.8,,,phase4_semantic_finetune_train_2020_2026-09-08T17-15.log
20260908T163743Z_2020_heal_2020_train,2020,heal_2020,train,epoch B2 gpu (sync at epoch end),14.0,,,phase4_semantic_finetune_train_2020_2026-09-08T17-15.log
20260908T163743Z_2020_heal_2020_train,2020,heal_2020,train,epoch B2 val,0.9,,,phase4_semantic_finetune_train_2020_2026-09-08T17-15.log
20260908T163743Z_2020_heal_2020_train,2020,heal_2020,train,epoch B2 save,0.0,,,phase4_semantic_finetune_train_2020_2026-09-08T17-15.log
20260908T163743Z_2020_heal_2020_train,2020,heal_2020,train,epoch B2 other,0.0,,,phase4_semantic_finetune_train_2020_2026-09-08T17-15.log
20260908T163743Z_2020_heal_2020_train,2020,heal_2020,train,epoch B3 data,26.7,,,phase4_semantic_finetune_train_2020_2026-09-08T17-15.log
20260908T163743Z_2020_heal_2020_train,2020,heal_2020,train,epoch B3 gpu (sync at epoch end),10.7,,,phase4_semantic_finetune_train_2020_2026-09-08T17-15.log
20260908T163743Z_2020_heal_2020_train,2020,heal_2020,train,epoch B3 val,0.9,,,phase4_semantic_finetune_train_2020_2026-09-08T17-15.log
20260908T163743Z_2020_heal_2020_train,2020,heal_2020,train,epoch B3 save,0.0,,,phase4_semantic_finetune_train_2020_2026-09-08T17-15.log
20260908T163743Z_2020_heal_2020_train,2020,heal_2020,train,epoch B3 other,0.0,,,phase4_semantic_finetune_train_2020_2026-09-08T17-15.log
20260908T163743Z_2020_heal_2020_train,2020,heal_2020,train,epoch B4 data,32.9,,,phase4_semantic_finetune_train_2020_2026-09-08T17-15.log
20260908T163743Z_2020_heal_2020_train,2020,heal_2020,train,epoch B4 gpu (sync at epoch end),11.4,,,phase4_semantic_finetune_train_2020_2026-09-08T17-15.log
20260908T163743Z_2020_heal_2020_train,2020,heal_2020,train,epoch B4 val,0.9,,,phase4_semantic_finetune_train_2020_2026-09-08T17-15.log
20260908T163743Z_2020_heal_2020_train,2020,heal_2020,train,epoch B4 save,0.0,,,phase4_semantic_finetune_train_2020_2026-09-08T17-15.log
20260908T163743Z_2020_heal_2020_train,2020,heal_2020,train,epoch B4 other,0.0,,,phase4_semantic_finetune_train_2020_2026-09-08T17-15.log
20260908T163743Z_2020_heal_2020_train,2020,heal_2020,train,epoch B5 data,10.8,,,phase4_semantic_finetune_train_2020_2026-09-08T17-15.log
20260908T163743Z_2020_heal_2020_train,2020,heal_2020,train,epoch B5 gpu (sync at epoch end),12.1,,,phase4_semantic_finetune_train_2020_2026-09-08T17-15.log
20260908T163743Z_2020_heal_2020_train,2020,heal_2020,train,epoch B5 val,0.9,,,phase4_semantic_finetune_train_2020_2026-09-08T17-15.log
20260908T163743Z_2020_heal_2020_train,2020,heal_2020,train,epoch B5 save,0.7,,,phase4_semantic_finetune_train_2020_2026-09-08T17-15.log
20260908T163743Z_2020_heal_2020_train,2020,heal_2020,train,epoch B5 other,0.0,,,phase4_semantic_finetune_train_2020_2026-09-08T17-15.log
20260908T163743Z_2020_heal_2020_train,2020,heal_2020,train,epoch B6 data,18.1,,,phase4_semantic_finetune_train_2020_2026-09-08T17-15.log
20260908T163743Z_2020_heal_2020_train,2020,heal_2020,train,epoch B6 gpu (sync at epoch end),10.4,,,phase4_semantic_finetune_train_2020_2026-09-08T17-15.log
20260908T163743Z_2020_heal_2020_train,2020,heal_2020,train,epoch B6 val,0.8,,,phase4_semantic_finetune_train_2020_2026-09-08T17-15.log
20260908T163743Z_2020_heal_2020_train,2020,heal_2020,train,epoch B6 save,0.0,,,phase4_semantic_finetune_train_2020_2026-09-08T17-15.log
20260908T163743Z_2020_heal_2020_train,2020,heal_2020,train,epoch B6 other,0.0,,,phase4_semantic_finetune_train_2020_2026-09-08T17-15.log
20260908T163743Z_2020_heal_2020_train,2020,heal_2020,train,epoch B7 data,22.1,,,phase4_semantic_finetune_train_2020_2026-09-08T17-15.log
20260908T163743Z_2020_heal_2020_train,2020,heal_2020,train,epoch B7 gpu (sync at epoch end),12.7,,,phase4_semantic_finetune_train_2020_2026-09-08T17-15.log
20260908T163743Z_2020_heal_2020_train,2020,heal_2020,train,epoch B7 val,0.9,,,phase4_semantic_finetune_train_2020_2026-09-08T17-15.log
20260908T163743Z_2020_heal_2020_train,2020,heal_2020,train,epoch B7 save,0.0,,,phase4_semantic_finetune_train_2020_2026-09-08T17-15.log
20260908T163743Z_2020_heal_2020_train,2020,heal_2020,train,epoch B7 other,0.0,,,phase4_semantic_finetune_train_2020_2026-09-08T17-15.log
20260908T163743Z_2020_heal_2020_train,2020,heal_2020,train,epoch B8 data,26.5,,,phase4_semantic_finetune_train_2020_2026-09-08T17-15.log
20260908T163743Z_2020_heal_2020_train,2020,heal_2020,train,epoch B8 gpu (sync at epoch end),9.3,,,phase4_semantic_finetune_train_2020_2026-09-08T17-15.log
20260908T163743Z_2020_heal_2020_train,2020,heal_2020,train,epoch B8 val,0.9,,,phase4_semantic_finetune_train_2020_2026-09-08T17-15.log
20260908T163743Z_2020_heal_2020_train,2020,heal_2020,train,epoch B8 save,0.0,,,phase4_semantic_finetune_train_2020_2026-09-08T17-15.log
20260908T163743Z_2020_heal_2020_train,2020,heal_2020,train,epoch B8 other,0.0,,,phase4_semantic_finetune_train_2020_2026-09-08T17-15.log
20260908T163743Z_2020_heal_2020_train,2020,heal_2020,train,epoch B9 data,12.5,,,phase4_semantic_finetune_train_2020_2026-09-08T17-15.log
20260908T163743Z_2020_heal_2020_train,2020,heal_2020,train,epoch B9 gpu (sync at epoch end),13.1,,,phase4_semantic_finetune_train_2020_2026-09-08T17-15.log
20260908T163743Z_2020_heal_2020_train,2020,heal_2020,train,epoch B9 val,0.9,,,phase4_semantic_finetune_train_2020_2026-09-08T17-15.log
20260908T163743Z_2020_heal_2020_train,2020,heal_2020,train,epoch B9 save,0.0,,,phase4_semantic_finetune_train_2020_2026-09-08T17-15.log
20260908T163743Z_2020_heal_2020_train,2020,heal_2020,train,epoch B9 other,0.0,,,phase4_semantic_finetune_train_2020_2026-09-08T17-15.log
20260908T163743Z_2020_heal_2020_train,2020,heal_2020,train,epoch B10 data,10.4,,,phase4_semantic_finetune_train_2020_2026-09-08T17-15.log
20260908T163743Z_2020_heal_2020_train,2020,heal_2020,train,epoch B10 gpu (sync at epoch end),10.5,,,phase4_semantic_finetune_train_2020_2026-09-08T17-15.log
20260908T163743Z_2020_heal_2020_train,2020,heal_2020,train,epoch B10 val,0.9,,,phase4_semantic_finetune_train_2020_2026-09-08T17-15.log
20260908T163743Z_2020_heal_2020_train,2020,heal_2020,train,epoch B10 save,0.8,,,phase4_semantic_finetune_train_2020_2026-09-08T17-15.log
20260908T163743Z_2020_heal_2020_train,2020,heal_2020,train,epoch B10 other,0.0,,,phase4_semantic_finetune_train_2020_2026-09-08T17-15.log
20260908T163743Z_2020_heal_2020_train,2020,heal_2020,train,epoch B11 data,16.1,,,phase4_semantic_finetune_train_2020_2026-09-08T17-15.log
20260908T163743Z_2020_heal_2020_train,2020,heal_2020,train,epoch B11 gpu (sync at epoch end),14.8,,,phase4_semantic_finetune_train_2020_2026-09-08T17-15.log
20260908T163743Z_2020_heal_2020_train,2020,heal_2020,train,epoch B11 val,0.9,,,phase4_semantic_finetune_train_2020_2026-09-08T17-15.log
20260908T163743Z_2020_heal_2020_train,2020,heal_2020,train,epoch B11 save,0.0,,,phase4_semantic_finetune_train_2020_2026-09-08T17-15.log
20260908T163743Z_2020_heal_2020_train,2020,heal_2020,train,epoch B11 other,0.0,,,phase4_semantic_finetune_train_2020_2026-09-08T17-15.log
20260908T163743Z_2020_heal_2020_train,2020,heal_2020,train,epoch B12 data,7.3,,,phase4_semantic_finetune_train_2020_2026-09-08T17-15.log
20260908T163743Z_2020_heal_2020_train,2020,heal_2020,train,epoch B12 gpu (sync at epoch end),10.8,,,phase4_semantic_finetune_train_2020_2026-09-08T17-15.log
20260908T163743Z_2020_heal_2020_train,2020,heal_2020,train,epoch B12 val,0.9,,,phase4_semantic_finetune_train_2020_2026-09-08T17-15.log
20260908T163743Z_2020_heal_2020_train,2020,heal_2020,train,epoch B12 save,0.0,,,phase4_semantic_finetune_train_2020_2026-09-08T17-15.log
20260908T163743Z_2020_heal_2020_train,2020,heal_2020,train,epoch B12 other,0.0,,,phase4_semantic_finetune_train_2020_2026-09-08T17-15.log
20260908T163743Z_2020_heal_2020_train,2020,heal_2020,train,epoch B13 data,21.5,,,phase4_semantic_finetune_train_2020_2026-09-08T17-15.log
20260908T163743Z_2020_heal_2020_train,2020,heal_2020,train,epoch B13 gpu (sync at epoch end),10.1,,,phase4_semantic_finetune_train_2020_2026-09-08T17-15.log
20260908T163743Z_2020_heal_2020_train,2020,heal_2020,train,epoch B13 val,0.9,,,phase4_semantic_finetune_train_2020_2026-09-08T17-15.log
20260908T163743Z_2020_heal_2020_train,2020,heal_2020,train,epoch B13 save,0.0,,,phase4_semantic_finetune_train_2020_2026-09-08T17-15.log
20260908T163743Z_2020_heal_2020_train,2020,heal_2020,train,epoch B13 other,0.0,,,phase4_semantic_finetune_train_2020_2026-09-08T17-15.log
20260908T163743Z_2020_heal_2020_train,2020,heal_2020,train,epoch B14 data,27.9,,,phase4_semantic_finetune_train_2020_2026-09-08T17-15.log
20260908T163743Z_2020_heal_2020_train,2020,heal_2020,train,epoch B14 gpu (sync at epoch end),9.3,,,phase4_semantic_finetune_train_2020_2026-09-08T17-15.log
20260908T163743Z_2020_heal_2020_train,2020,heal_2020,train,epoch B14 val,0.9,,,phase4_semantic_finetune_train_2020_2026-09-08T17-15.log
20260908T163743Z_2020_heal_2020_train,2020,heal_2020,train,epoch B14 save,0.0,,,phase4_semantic_finetune_train_2020_2026-09-08T17-15.log
20260908T163743Z_2020_heal_2020_train,2020,heal_2020,train,epoch B14 other,0.0,,,phase4_semantic_finetune_train_2020_2026-09-08T17-15.log
20260908T163743Z_2020_heal_2020_train,2020,heal_2020,train,epoch B15 data,21.0,,,phase4_semantic_finetune_train_2020_2026-09-08T17-15.log
20260908T163743Z_2020_heal_2020_train,2020,heal_2020,train,epoch B15 gpu (sync at epoch end),9.0,,,phase4_semantic_finetune_train_2020_2026-09-08T17-15.log
20260908T163743Z_2020_heal_2020_train,2020,heal_2020,train,epoch B15 val,0.8,,,phase4_semantic_finetune_train_2020_2026-09-08T17-15.log
20260908T163743Z_2020_heal_2020_train,2020,heal_2020,train,epoch B15 save,0.8,,,phase4_semantic_finetune_train_2020_2026-09-08T17-15.log
20260908T163743Z_2020_heal_2020_train,2020,heal_2020,train,epoch B15 other,0.0,,,phase4_semantic_finetune_train_2020_2026-09-08T17-15.log
20260908T165159Z_2023_heal_2023_train,2023,heal_2023,train,stage tiles 2023,244.9,,,phase4_semantic_finetune_train_2023_2026-09-08T17-26.log
20260908T165159Z_2023_heal_2023_train,2023,heal_2023,train,copy sem_best_2023_heal_2023.pt,0.9,371432875,412.70,phase4_semantic_finetune_train_2023_2026-09-08T17-26.log
20260908T165159Z_2023_heal_2023_train,2023,heal_2023,train,epoch A1 data,16.6,,,phase4_semantic_finetune_train_2023_2026-09-08T17-26.log
20260908T165159Z_2023_heal_2023_train,2023,heal_2023,train,epoch A1 gpu (sync at epoch end),49.3,,,phase4_semantic_finetune_train_2023_2026-09-08T17-26.log
20260908T165159Z_2023_heal_2023_train,2023,heal_2023,train,epoch A1 val,49.8,,,phase4_semantic_finetune_train_2023_2026-09-08T17-26.log
20260908T165159Z_2023_heal_2023_train,2023,heal_2023,train,epoch A1 save,6.4,,,phase4_semantic_finetune_train_2023_2026-09-08T17-26.log
20260908T165159Z_2023_heal_2023_train,2023,heal_2023,train,epoch A1 other,0.0,,,phase4_semantic_finetune_train_2023_2026-09-08T17-26.log
20260908T165159Z_2023_heal_2023_train,2023,heal_2023,train,copy sem_best_2023_heal_2023.pt,0.8,371432875,464.29,phase4_semantic_finetune_train_2023_2026-09-08T17-26.log
20260908T165159Z_2023_heal_2023_train,2023,heal_2023,train,epoch A2 data,8.9,,,phase4_semantic_finetune_train_2023_2026-09-08T17-26.log
20260908T165159Z_2023_heal_2023_train,2023,heal_2023,train,epoch A2 gpu (sync at epoch end),3.0,,,phase4_semantic_finetune_train_2023_2026-09-08T17-26.log
20260908T165159Z_2023_heal_2023_train,2023,heal_2023,train,epoch A2 val,1.1,,,phase4_semantic_finetune_train_2023_2026-09-08T17-26.log
20260908T165159Z_2023_heal_2023_train,2023,heal_2023,train,epoch A2 save,111.3,,,phase4_semantic_finetune_train_2023_2026-09-08T17-26.log
20260908T165159Z_2023_heal_2023_train,2023,heal_2023,train,epoch A2 other,0.0,,,phase4_semantic_finetune_train_2023_2026-09-08T17-26.log
20260908T165159Z_2023_heal_2023_train,2023,heal_2023,train,copy sem_best_2023_heal_2023.pt,1.0,371432875,371.43,phase4_semantic_finetune_train_2023_2026-09-08T17-26.log
20260908T165159Z_2023_heal_2023_train,2023,heal_2023,train,epoch A3 data,10.0,,,phase4_semantic_finetune_train_2023_2026-09-08T17-26.log
20260908T165159Z_2023_heal_2023_train,2023,heal_2023,train,epoch A3 gpu (sync at epoch end),3.1,,,phase4_semantic_finetune_train_2023_2026-09-08T17-26.log
20260908T165159Z_2023_heal_2023_train,2023,heal_2023,train,epoch A3 val,1.2,,,phase4_semantic_finetune_train_2023_2026-09-08T17-26.log
20260908T165159Z_2023_heal_2023_train,2023,heal_2023,train,epoch A3 save,36.5,,,phase4_semantic_finetune_train_2023_2026-09-08T17-26.log
20260908T165159Z_2023_heal_2023_train,2023,heal_2023,train,epoch A3 other,0.0,,,phase4_semantic_finetune_train_2023_2026-09-08T17-26.log
20260908T165159Z_2023_heal_2023_train,2023,heal_2023,train,epoch A4 data,11.0,,,phase4_semantic_finetune_train_2023_2026-09-08T17-26.log
20260908T165159Z_2023_heal_2023_train,2023,heal_2023,train,epoch A4 gpu (sync at epoch end),3.2,,,phase4_semantic_finetune_train_2023_2026-09-08T17-26.log
20260908T165159Z_2023_heal_2023_train,2023,heal_2023,train,epoch A4 val,1.1,,,phase4_semantic_finetune_train_2023_2026-09-08T17-26.log
20260908T165159Z_2023_heal_2023_train,2023,heal_2023,train,epoch A4 save,0.0,,,phase4_semantic_finetune_train_2023_2026-09-08T17-26.log
20260908T165159Z_2023_heal_2023_train,2023,heal_2023,train,epoch A4 other,0.0,,,phase4_semantic_finetune_train_2023_2026-09-08T17-26.log
20260908T165159Z_2023_heal_2023_train,2023,heal_2023,train,epoch A5 data,17.2,,,phase4_semantic_finetune_train_2023_2026-09-08T17-26.log
20260908T165159Z_2023_heal_2023_train,2023,heal_2023,train,epoch A5 gpu (sync at epoch end),3.5,,,phase4_semantic_finetune_train_2023_2026-09-08T17-26.log
20260908T165159Z_2023_heal_2023_train,2023,heal_2023,train,epoch A5 val,1.2,,,phase4_semantic_finetune_train_2023_2026-09-08T17-26.log
20260908T165159Z_2023_heal_2023_train,2023,heal_2023,train,epoch A5 save,0.5,,,phase4_semantic_finetune_train_2023_2026-09-08T17-26.log
20260908T165159Z_2023_heal_2023_train,2023,heal_2023,train,epoch A5 other,0.0,,,phase4_semantic_finetune_train_2023_2026-09-08T17-26.log
20260908T165159Z_2023_heal_2023_train,2023,heal_2023,train,epoch A6 data,13.9,,,phase4_semantic_finetune_train_2023_2026-09-08T17-26.log
20260908T165159Z_2023_heal_2023_train,2023,heal_2023,train,epoch A6 gpu (sync at epoch end),3.3,,,phase4_semantic_finetune_train_2023_2026-09-08T17-26.log
20260908T165159Z_2023_heal_2023_train,2023,heal_2023,train,epoch A6 val,1.1,,,phase4_semantic_finetune_train_2023_2026-09-08T17-26.log
20260908T165159Z_2023_heal_2023_train,2023,heal_2023,train,epoch A6 save,0.0,,,phase4_semantic_finetune_train_2023_2026-09-08T17-26.log
20260908T165159Z_2023_heal_2023_train,2023,heal_2023,train,epoch A6 other,0.0,,,phase4_semantic_finetune_train_2023_2026-09-08T17-26.log
20260908T165159Z_2023_heal_2023_train,2023,heal_2023,train,copy sem_best_2023_heal_2023.pt,0.8,371432875,464.29,phase4_semantic_finetune_train_2023_2026-09-08T17-26.log
20260908T165159Z_2023_heal_2023_train,2023,heal_2023,train,epoch A7 data,21.7,,,phase4_semantic_finetune_train_2023_2026-09-08T17-26.log
20260908T165159Z_2023_heal_2023_train,2023,heal_2023,train,epoch A7 gpu (sync at epoch end),3.1,,,phase4_semantic_finetune_train_2023_2026-09-08T17-26.log
20260908T165159Z_2023_heal_2023_train,2023,heal_2023,train,epoch A7 val,1.2,,,phase4_semantic_finetune_train_2023_2026-09-08T17-26.log
20260908T165159Z_2023_heal_2023_train,2023,heal_2023,train,epoch A7 save,39.0,,,phase4_semantic_finetune_train_2023_2026-09-08T17-26.log
20260908T165159Z_2023_heal_2023_train,2023,heal_2023,train,epoch A7 other,0.0,,,phase4_semantic_finetune_train_2023_2026-09-08T17-26.log
20260908T165159Z_2023_heal_2023_train,2023,heal_2023,train,copy sem_best_2023_heal_2023.pt,0.8,371432875,464.29,phase4_semantic_finetune_train_2023_2026-09-08T17-26.log
20260908T165159Z_2023_heal_2023_train,2023,heal_2023,train,epoch A8 data,9.4,,,phase4_semantic_finetune_train_2023_2026-09-08T17-26.log
20260908T165159Z_2023_heal_2023_train,2023,heal_2023,train,epoch A8 gpu (sync at epoch end),4.8,,,phase4_semantic_finetune_train_2023_2026-09-08T17-26.log
20260908T165159Z_2023_heal_2023_train,2023,heal_2023,train,epoch A8 val,1.2,,,phase4_semantic_finetune_train_2023_2026-09-08T17-26.log
20260908T165159Z_2023_heal_2023_train,2023,heal_2023,train,epoch A8 save,12.1,,,phase4_semantic_finetune_train_2023_2026-09-08T17-26.log
20260908T165159Z_2023_heal_2023_train,2023,heal_2023,train,epoch A8 other,0.0,,,phase4_semantic_finetune_train_2023_2026-09-08T17-26.log
20260908T165159Z_2023_heal_2023_train,2023,heal_2023,train,epoch A9 data,26.0,,,phase4_semantic_finetune_train_2023_2026-09-08T17-26.log
20260908T165159Z_2023_heal_2023_train,2023,heal_2023,train,epoch A9 gpu (sync at epoch end),3.2,,,phase4_semantic_finetune_train_2023_2026-09-08T17-26.log
20260908T165159Z_2023_heal_2023_train,2023,heal_2023,train,epoch A9 val,1.1,,,phase4_semantic_finetune_train_2023_2026-09-08T17-26.log
20260908T165159Z_2023_heal_2023_train,2023,heal_2023,train,epoch A9 save,0.0,,,phase4_semantic_finetune_train_2023_2026-09-08T17-26.log
20260908T165159Z_2023_heal_2023_train,2023,heal_2023,train,epoch A9 other,0.0,,,phase4_semantic_finetune_train_2023_2026-09-08T17-26.log
20260908T165159Z_2023_heal_2023_train,2023,heal_2023,train,epoch A10 data,19.9,,,phase4_semantic_finetune_train_2023_2026-09-08T17-26.log
20260908T165159Z_2023_heal_2023_train,2023,heal_2023,train,epoch A10 gpu (sync at epoch end),3.2,,,phase4_semantic_finetune_train_2023_2026-09-08T17-26.log
20260908T165159Z_2023_heal_2023_train,2023,heal_2023,train,epoch A10 val,1.2,,,phase4_semantic_finetune_train_2023_2026-09-08T17-26.log
20260908T165159Z_2023_heal_2023_train,2023,heal_2023,train,epoch A10 save,0.8,,,phase4_semantic_finetune_train_2023_2026-09-08T17-26.log
20260908T165159Z_2023_heal_2023_train,2023,heal_2023,train,epoch A10 other,0.0,,,phase4_semantic_finetune_train_2023_2026-09-08T17-26.log
20260908T165159Z_2023_heal_2023_train,2023,heal_2023,train,copy sem_best_2023_heal_2023.pt,0.8,371432875,464.29,phase4_semantic_finetune_train_2023_2026-09-08T17-26.log
20260908T165159Z_2023_heal_2023_train,2023,heal_2023,train,epoch A11 data,13.6,,,phase4_semantic_finetune_train_2023_2026-09-08T17-26.log
20260908T165159Z_2023_heal_2023_train,2023,heal_2023,train,epoch A11 gpu (sync at epoch end),3.4,,,phase4_semantic_finetune_train_2023_2026-09-08T17-26.log
20260908T165159Z_2023_heal_2023_train,2023,heal_2023,train,epoch A11 val,1.2,,,phase4_semantic_finetune_train_2023_2026-09-08T17-26.log
20260908T165159Z_2023_heal_2023_train,2023,heal_2023,train,epoch A11 save,84.1,,,phase4_semantic_finetune_train_2023_2026-09-08T17-26.log
20260908T165159Z_2023_heal_2023_train,2023,heal_2023,train,epoch A11 other,0.0,,,phase4_semantic_finetune_train_2023_2026-09-08T17-26.log
20260908T165159Z_2023_heal_2023_train,2023,heal_2023,train,epoch A12 data,21.6,,,phase4_semantic_finetune_train_2023_2026-09-08T17-26.log
20260908T165159Z_2023_heal_2023_train,2023,heal_2023,train,epoch A12 gpu (sync at epoch end),3.1,,,phase4_semantic_finetune_train_2023_2026-09-08T17-26.log
20260908T165159Z_2023_heal_2023_train,2023,heal_2023,train,epoch A12 val,1.1,,,phase4_semantic_finetune_train_2023_2026-09-08T17-26.log
20260908T165159Z_2023_heal_2023_train,2023,heal_2023,train,epoch A12 save,0.0,,,phase4_semantic_finetune_train_2023_2026-09-08T17-26.log
20260908T165159Z_2023_heal_2023_train,2023,heal_2023,train,epoch A12 other,0.0,,,phase4_semantic_finetune_train_2023_2026-09-08T17-26.log
20260908T165159Z_2023_heal_2023_train,2023,heal_2023,train,copy sem_best_2023_heal_2023.pt,0.7,371432875,530.62,phase4_semantic_finetune_train_2023_2026-09-08T17-26.log
20260908T165159Z_2023_heal_2023_train,2023,heal_2023,train,epoch A13 data,14.5,,,phase4_semantic_finetune_train_2023_2026-09-08T17-26.log
20260908T165159Z_2023_heal_2023_train,2023,heal_2023,train,epoch A13 gpu (sync at epoch end),3.6,,,phase4_semantic_finetune_train_2023_2026-09-08T17-26.log
20260908T165159Z_2023_heal_2023_train,2023,heal_2023,train,epoch A13 val,1.2,,,phase4_semantic_finetune_train_2023_2026-09-08T17-26.log
20260908T165159Z_2023_heal_2023_train,2023,heal_2023,train,epoch A13 save,7.0,,,phase4_semantic_finetune_train_2023_2026-09-08T17-26.log
20260908T165159Z_2023_heal_2023_train,2023,heal_2023,train,epoch A13 other,0.0,,,phase4_semantic_finetune_train_2023_2026-09-08T17-26.log
20260908T165159Z_2023_heal_2023_train,2023,heal_2023,train,epoch A14 data,12.1,,,phase4_semantic_finetune_train_2023_2026-09-08T17-26.log
20260908T165159Z_2023_heal_2023_train,2023,heal_2023,train,epoch A14 gpu (sync at epoch end),3.1,,,phase4_semantic_finetune_train_2023_2026-09-08T17-26.log
20260908T165159Z_2023_heal_2023_train,2023,heal_2023,train,epoch A14 val,1.2,,,phase4_semantic_finetune_train_2023_2026-09-08T17-26.log
20260908T165159Z_2023_heal_2023_train,2023,heal_2023,train,epoch A14 save,0.0,,,phase4_semantic_finetune_train_2023_2026-09-08T17-26.log
20260908T165159Z_2023_heal_2023_train,2023,heal_2023,train,epoch A14 other,0.0,,,phase4_semantic_finetune_train_2023_2026-09-08T17-26.log
20260908T165159Z_2023_heal_2023_train,2023,heal_2023,train,copy sem_best_2023_heal_2023.pt,1.3,371432875,285.72,phase4_semantic_finetune_train_2023_2026-09-08T17-26.log
20260908T165159Z_2023_heal_2023_train,2023,heal_2023,train,epoch A15 data,12.4,,,phase4_semantic_finetune_train_2023_2026-09-08T17-26.log
20260908T165159Z_2023_heal_2023_train,2023,heal_2023,train,epoch A15 gpu (sync at epoch end),3.1,,,phase4_semantic_finetune_train_2023_2026-09-08T17-26.log
20260908T165159Z_2023_heal_2023_train,2023,heal_2023,train,epoch A15 val,1.1,,,phase4_semantic_finetune_train_2023_2026-09-08T17-26.log
20260908T165159Z_2023_heal_2023_train,2023,heal_2023,train,epoch A15 save,30.9,,,phase4_semantic_finetune_train_2023_2026-09-08T17-26.log
20260908T165159Z_2023_heal_2023_train,2023,heal_2023,train,epoch A15 other,0.0,,,phase4_semantic_finetune_train_2023_2026-09-08T17-26.log
20260908T165159Z_2023_heal_2023_train,2023,heal_2023,train,epoch A16 data,21.8,,,phase4_semantic_finetune_train_2023_2026-09-08T17-26.log
20260908T165159Z_2023_heal_2023_train,2023,heal_2023,train,epoch A16 gpu (sync at epoch end),3.1,,,phase4_semantic_finetune_train_2023_2026-09-08T17-26.log
20260908T165159Z_2023_heal_2023_train,2023,heal_2023,train,epoch A16 val,1.2,,,phase4_semantic_finetune_train_2023_2026-09-08T17-26.log
20260908T165159Z_2023_heal_2023_train,2023,heal_2023,train,epoch A16 save,0.0,,,phase4_semantic_finetune_train_2023_2026-09-08T17-26.log
20260908T165159Z_2023_heal_2023_train,2023,heal_2023,train,epoch A16 other,0.0,,,phase4_semantic_finetune_train_2023_2026-09-08T17-26.log
20260908T165159Z_2023_heal_2023_train,2023,heal_2023,train,epoch A17 data,26.9,,,phase4_semantic_finetune_train_2023_2026-09-08T17-26.log
20260908T165159Z_2023_heal_2023_train,2023,heal_2023,train,epoch A17 gpu (sync at epoch end),3.2,,,phase4_semantic_finetune_train_2023_2026-09-08T17-26.log
20260908T165159Z_2023_heal_2023_train,2023,heal_2023,train,epoch A17 val,1.1,,,phase4_semantic_finetune_train_2023_2026-09-08T17-26.log
20260908T165159Z_2023_heal_2023_train,2023,heal_2023,train,epoch A17 save,0.0,,,phase4_semantic_finetune_train_2023_2026-09-08T17-26.log
20260908T165159Z_2023_heal_2023_train,2023,heal_2023,train,epoch A17 other,0.0,,,phase4_semantic_finetune_train_2023_2026-09-08T17-26.log
20260908T165159Z_2023_heal_2023_train,2023,heal_2023,train,epoch A18 data,15.7,,,phase4_semantic_finetune_train_2023_2026-09-08T17-26.log
20260908T165159Z_2023_heal_2023_train,2023,heal_2023,train,epoch A18 gpu (sync at epoch end),3.5,,,phase4_semantic_finetune_train_2023_2026-09-08T17-26.log
20260908T165159Z_2023_heal_2023_train,2023,heal_2023,train,epoch A18 val,1.2,,,phase4_semantic_finetune_train_2023_2026-09-08T17-26.log
20260908T165159Z_2023_heal_2023_train,2023,heal_2023,train,epoch A18 save,0.0,,,phase4_semantic_finetune_train_2023_2026-09-08T17-26.log
20260908T165159Z_2023_heal_2023_train,2023,heal_2023,train,epoch A18 other,0.0,,,phase4_semantic_finetune_train_2023_2026-09-08T17-26.log
20260908T165159Z_2023_heal_2023_train,2023,heal_2023,train,epoch A19 data,22.2,,,phase4_semantic_finetune_train_2023_2026-09-08T17-26.log
20260908T165159Z_2023_heal_2023_train,2023,heal_2023,train,epoch A19 gpu (sync at epoch end),3.1,,,phase4_semantic_finetune_train_2023_2026-09-08T17-26.log
20260908T165159Z_2023_heal_2023_train,2023,heal_2023,train,epoch A19 val,1.1,,,phase4_semantic_finetune_train_2023_2026-09-08T17-26.log
20260908T165159Z_2023_heal_2023_train,2023,heal_2023,train,epoch A19 save,0.0,,,phase4_semantic_finetune_train_2023_2026-09-08T17-26.log
20260908T165159Z_2023_heal_2023_train,2023,heal_2023,train,epoch A19 other,0.0,,,phase4_semantic_finetune_train_2023_2026-09-08T17-26.log
20260908T165159Z_2023_heal_2023_train,2023,heal_2023,train,epoch A20 data,20.4,,,phase4_semantic_finetune_train_2023_2026-09-08T17-26.log
20260908T165159Z_2023_heal_2023_train,2023,heal_2023,train,epoch A20 gpu (sync at epoch end),3.2,,,phase4_semantic_finetune_train_2023_2026-09-08T17-26.log
20260908T165159Z_2023_heal_2023_train,2023,heal_2023,train,epoch A20 val,1.1,,,phase4_semantic_finetune_train_2023_2026-09-08T17-26.log
20260908T165159Z_2023_heal_2023_train,2023,heal_2023,train,epoch A20 save,0.6,,,phase4_semantic_finetune_train_2023_2026-09-08T17-26.log
20260908T165159Z_2023_heal_2023_train,2023,heal_2023,train,epoch A20 other,0.0,,,phase4_semantic_finetune_train_2023_2026-09-08T17-26.log
20260908T165159Z_2023_heal_2023_train,2023,heal_2023,train,copy sem_best_2023_heal_2023.pt,0.9,371432875,412.70,phase4_semantic_finetune_train_2023_2026-09-08T17-26.log
20260908T165159Z_2023_heal_2023_train,2023,heal_2023,train,epoch B1 data,9.2,,,phase4_semantic_finetune_train_2023_2026-09-08T17-26.log
20260908T165159Z_2023_heal_2023_train,2023,heal_2023,train,epoch B1 gpu (sync at epoch end),115.7,,,phase4_semantic_finetune_train_2023_2026-09-08T17-26.log
20260908T165159Z_2023_heal_2023_train,2023,heal_2023,train,epoch B1 val,1.1,,,phase4_semantic_finetune_train_2023_2026-09-08T17-26.log
20260908T165159Z_2023_heal_2023_train,2023,heal_2023,train,epoch B1 save,56.6,,,phase4_semantic_finetune_train_2023_2026-09-08T17-26.log
20260908T165159Z_2023_heal_2023_train,2023,heal_2023,train,epoch B1 other,0.0,,,phase4_semantic_finetune_train_2023_2026-09-08T17-26.log
20260908T165159Z_2023_heal_2023_train,2023,heal_2023,train,copy sem_best_2023_heal_2023.pt,0.8,371432875,464.29,phase4_semantic_finetune_train_2023_2026-09-08T17-26.log
20260908T165159Z_2023_heal_2023_train,2023,heal_2023,train,epoch B2 data,11.8,,,phase4_semantic_finetune_train_2023_2026-09-08T17-26.log
20260908T165159Z_2023_heal_2023_train,2023,heal_2023,train,epoch B2 gpu (sync at epoch end),6.8,,,phase4_semantic_finetune_train_2023_2026-09-08T17-26.log
20260908T165159Z_2023_heal_2023_train,2023,heal_2023,train,epoch B2 val,1.2,,,phase4_semantic_finetune_train_2023_2026-09-08T17-26.log
20260908T165159Z_2023_heal_2023_train,2023,heal_2023,train,epoch B2 save,36.9,,,phase4_semantic_finetune_train_2023_2026-09-08T17-26.log
20260908T165159Z_2023_heal_2023_train,2023,heal_2023,train,epoch B2 other,0.0,,,phase4_semantic_finetune_train_2023_2026-09-08T17-26.log
20260908T165159Z_2023_heal_2023_train,2023,heal_2023,train,epoch B3 data,12.8,,,phase4_semantic_finetune_train_2023_2026-09-08T17-26.log
20260908T165159Z_2023_heal_2023_train,2023,heal_2023,train,epoch B3 gpu (sync at epoch end),7.0,,,phase4_semantic_finetune_train_2023_2026-09-08T17-26.log
20260908T165159Z_2023_heal_2023_train,2023,heal_2023,train,epoch B3 val,1.1,,,phase4_semantic_finetune_train_2023_2026-09-08T17-26.log
20260908T165159Z_2023_heal_2023_train,2023,heal_2023,train,epoch B3 save,0.0,,,phase4_semantic_finetune_train_2023_2026-09-08T17-26.log
20260908T165159Z_2023_heal_2023_train,2023,heal_2023,train,epoch B3 other,0.0,,,phase4_semantic_finetune_train_2023_2026-09-08T17-26.log
20260908T165159Z_2023_heal_2023_train,2023,heal_2023,train,copy sem_best_2023_heal_2023.pt,0.7,371432875,530.62,phase4_semantic_finetune_train_2023_2026-09-08T17-26.log
20260908T165159Z_2023_heal_2023_train,2023,heal_2023,train,epoch B4 data,14.6,,,phase4_semantic_finetune_train_2023_2026-09-08T17-26.log
20260908T165159Z_2023_heal_2023_train,2023,heal_2023,train,epoch B4 gpu (sync at epoch end),6.0,,,phase4_semantic_finetune_train_2023_2026-09-08T17-26.log
20260908T165159Z_2023_heal_2023_train,2023,heal_2023,train,epoch B4 val,1.1,,,phase4_semantic_finetune_train_2023_2026-09-08T17-26.log
20260908T165159Z_2023_heal_2023_train,2023,heal_2023,train,epoch B4 save,23.1,,,phase4_semantic_finetune_train_2023_2026-09-08T17-26.log
20260908T165159Z_2023_heal_2023_train,2023,heal_2023,train,epoch B4 other,0.0,,,phase4_semantic_finetune_train_2023_2026-09-08T17-26.log
20260908T165159Z_2023_heal_2023_train,2023,heal_2023,train,epoch B5 data,21.7,,,phase4_semantic_finetune_train_2023_2026-09-08T17-26.log
20260908T165159Z_2023_heal_2023_train,2023,heal_2023,train,epoch B5 gpu (sync at epoch end),5.7,,,phase4_semantic_finetune_train_2023_2026-09-08T17-26.log
20260908T165159Z_2023_heal_2023_train,2023,heal_2023,train,epoch B5 val,1.1,,,phase4_semantic_finetune_train_2023_2026-09-08T17-26.log
20260908T165159Z_2023_heal_2023_train,2023,heal_2023,train,epoch B5 save,0.8,,,phase4_semantic_finetune_train_2023_2026-09-08T17-26.log
20260908T165159Z_2023_heal_2023_train,2023,heal_2023,train,epoch B5 other,0.0,,,phase4_semantic_finetune_train_2023_2026-09-08T17-26.log
20260908T165159Z_2023_heal_2023_train,2023,heal_2023,train,epoch B6 data,4.8,,,phase4_semantic_finetune_train_2023_2026-09-08T17-26.log
20260908T165159Z_2023_heal_2023_train,2023,heal_2023,train,epoch B6 gpu (sync at epoch end),5.0,,,phase4_semantic_finetune_train_2023_2026-09-08T17-26.log
20260908T165159Z_2023_heal_2023_train,2023,heal_2023,train,epoch B6 val,1.2,,,phase4_semantic_finetune_train_2023_2026-09-08T17-26.log
20260908T165159Z_2023_heal_2023_train,2023,heal_2023,train,epoch B6 save,0.0,,,phase4_semantic_finetune_train_2023_2026-09-08T17-26.log
20260908T165159Z_2023_heal_2023_train,2023,heal_2023,train,epoch B6 other,0.0,,,phase4_semantic_finetune_train_2023_2026-09-08T17-26.log
20260908T165159Z_2023_heal_2023_train,2023,heal_2023,train,epoch B7 data,18.4,,,phase4_semantic_finetune_train_2023_2026-09-08T17-26.log
20260908T165159Z_2023_heal_2023_train,2023,heal_2023,train,epoch B7 gpu (sync at epoch end),6.1,,,phase4_semantic_finetune_train_2023_2026-09-08T17-26.log
20260908T165159Z_2023_heal_2023_train,2023,heal_2023,train,epoch B7 val,1.2,,,phase4_semantic_finetune_train_2023_2026-09-08T17-26.log
20260908T165159Z_2023_heal_2023_train,2023,heal_2023,train,epoch B7 save,0.0,,,phase4_semantic_finetune_train_2023_2026-09-08T17-26.log
20260908T165159Z_2023_heal_2023_train,2023,heal_2023,train,epoch B7 other,0.0,,,phase4_semantic_finetune_train_2023_2026-09-08T17-26.log
20260908T165159Z_2023_heal_2023_train,2023,heal_2023,train,epoch B8 data,19.2,,,phase4_semantic_finetune_train_2023_2026-09-08T17-26.log
20260908T165159Z_2023_heal_2023_train,2023,heal_2023,train,epoch B8 gpu (sync at epoch end),6.6,,,phase4_semantic_finetune_train_2023_2026-09-08T17-26.log
20260908T165159Z_2023_heal_2023_train,2023,heal_2023,train,epoch B8 val,1.1,,,phase4_semantic_finetune_train_2023_2026-09-08T17-26.log
20260908T165159Z_2023_heal_2023_train,2023,heal_2023,train,epoch B8 save,0.0,,,phase4_semantic_finetune_train_2023_2026-09-08T17-26.log
20260908T165159Z_2023_heal_2023_train,2023,heal_2023,train,epoch B8 other,0.0,,,phase4_semantic_finetune_train_2023_2026-09-08T17-26.log
20260908T165159Z_2023_heal_2023_train,2023,heal_2023,train,epoch B9 data,21.7,,,phase4_semantic_finetune_train_2023_2026-09-08T17-26.log
20260908T165159Z_2023_heal_2023_train,2023,heal_2023,train,epoch B9 gpu (sync at epoch end),5.8,,,phase4_semantic_finetune_train_2023_2026-09-08T17-26.log
20260908T165159Z_2023_heal_2023_train,2023,heal_2023,train,epoch B9 val,1.1,,,phase4_semantic_finetune_train_2023_2026-09-08T17-26.log
20260908T165159Z_2023_heal_2023_train,2023,heal_2023,train,epoch B9 save,0.0,,,phase4_semantic_finetune_train_2023_2026-09-08T17-26.log
20260908T165159Z_2023_heal_2023_train,2023,heal_2023,train,epoch B9 other,0.0,,,phase4_semantic_finetune_train_2023_2026-09-08T17-26.log
20260908T165159Z_2023_heal_2023_train,2023,heal_2023,train,epoch B10 data,9.9,,,phase4_semantic_finetune_train_2023_2026-09-08T17-26.log
20260908T165159Z_2023_heal_2023_train,2023,heal_2023,train,epoch B10 gpu (sync at epoch end),6.4,,,phase4_semantic_finetune_train_2023_2026-09-08T17-26.log
20260908T165159Z_2023_heal_2023_train,2023,heal_2023,train,epoch B10 val,1.2,,,phase4_semantic_finetune_train_2023_2026-09-08T17-26.log
20260908T165159Z_2023_heal_2023_train,2023,heal_2023,train,epoch B10 save,0.7,,,phase4_semantic_finetune_train_2023_2026-09-08T17-26.log
20260908T165159Z_2023_heal_2023_train,2023,heal_2023,train,epoch B10 other,0.0,,,phase4_semantic_finetune_train_2023_2026-09-08T17-26.log
20260908T165159Z_2023_heal_2023_train,2023,heal_2023,train,epoch B11 data,11.6,,,phase4_semantic_finetune_train_2023_2026-09-08T17-26.log
20260908T165159Z_2023_heal_2023_train,2023,heal_2023,train,epoch B11 gpu (sync at epoch end),7.0,,,phase4_semantic_finetune_train_2023_2026-09-08T17-26.log
20260908T165159Z_2023_heal_2023_train,2023,heal_2023,train,epoch B11 val,1.2,,,phase4_semantic_finetune_train_2023_2026-09-08T17-26.log
20260908T165159Z_2023_heal_2023_train,2023,heal_2023,train,epoch B11 save,0.0,,,phase4_semantic_finetune_train_2023_2026-09-08T17-26.log
20260908T165159Z_2023_heal_2023_train,2023,heal_2023,train,epoch B11 other,0.0,,,phase4_semantic_finetune_train_2023_2026-09-08T17-26.log
20260908T165159Z_2023_heal_2023_train,2023,heal_2023,train,copy sem_best_2023_heal_2023.pt,0.8,371432875,464.29,phase4_semantic_finetune_train_2023_2026-09-08T17-26.log
20260908T165159Z_2023_heal_2023_train,2023,heal_2023,train,epoch B12 data,24.3,,,phase4_semantic_finetune_train_2023_2026-09-08T17-26.log
20260908T165159Z_2023_heal_2023_train,2023,heal_2023,train,epoch B12 gpu (sync at epoch end),6.0,,,phase4_semantic_finetune_train_2023_2026-09-08T17-26.log
20260908T165159Z_2023_heal_2023_train,2023,heal_2023,train,epoch B12 val,1.1,,,phase4_semantic_finetune_train_2023_2026-09-08T17-26.log
20260908T165159Z_2023_heal_2023_train,2023,heal_2023,train,epoch B12 save,23.7,,,phase4_semantic_finetune_train_2023_2026-09-08T17-26.log
20260908T165159Z_2023_heal_2023_train,2023,heal_2023,train,epoch B12 other,0.0,,,phase4_semantic_finetune_train_2023_2026-09-08T17-26.log
20260908T165159Z_2023_heal_2023_train,2023,heal_2023,train,epoch B13 data,17.3,,,phase4_semantic_finetune_train_2023_2026-09-08T17-26.log
20260908T165159Z_2023_heal_2023_train,2023,heal_2023,train,epoch B13 gpu (sync at epoch end),7.2,,,phase4_semantic_finetune_train_2023_2026-09-08T17-26.log
20260908T165159Z_2023_heal_2023_train,2023,heal_2023,train,epoch B13 val,1.2,,,phase4_semantic_finetune_train_2023_2026-09-08T17-26.log
20260908T165159Z_2023_heal_2023_train,2023,heal_2023,train,epoch B13 save,0.0,,,phase4_semantic_finetune_train_2023_2026-09-08T17-26.log
20260908T165159Z_2023_heal_2023_train,2023,heal_2023,train,epoch B13 other,0.0,,,phase4_semantic_finetune_train_2023_2026-09-08T17-26.log
20260908T165159Z_2023_heal_2023_train,2023,heal_2023,train,epoch B14 data,26.0,,,phase4_semantic_finetune_train_2023_2026-09-08T17-26.log
20260908T165159Z_2023_heal_2023_train,2023,heal_2023,train,epoch B14 gpu (sync at epoch end),7.5,,,phase4_semantic_finetune_train_2023_2026-09-08T17-26.log
20260908T165159Z_2023_heal_2023_train,2023,heal_2023,train,epoch B14 val,1.1,,,phase4_semantic_finetune_train_2023_2026-09-08T17-26.log
20260908T165159Z_2023_heal_2023_train,2023,heal_2023,train,epoch B14 save,0.0,,,phase4_semantic_finetune_train_2023_2026-09-08T17-26.log
20260908T165159Z_2023_heal_2023_train,2023,heal_2023,train,epoch B14 other,0.0,,,phase4_semantic_finetune_train_2023_2026-09-08T17-26.log
20260908T165159Z_2023_heal_2023_train,2023,heal_2023,train,epoch B15 data,16.5,,,phase4_semantic_finetune_train_2023_2026-09-08T17-26.log
20260908T165159Z_2023_heal_2023_train,2023,heal_2023,train,epoch B15 gpu (sync at epoch end),5.9,,,phase4_semantic_finetune_train_2023_2026-09-08T17-26.log
20260908T165159Z_2023_heal_2023_train,2023,heal_2023,train,epoch B15 val,1.1,,,phase4_semantic_finetune_train_2023_2026-09-08T17-26.log
20260908T165159Z_2023_heal_2023_train,2023,heal_2023,train,epoch B15 save,0.8,,,phase4_semantic_finetune_train_2023_2026-09-08T17-26.log
20260908T165159Z_2023_heal_2023_train,2023,heal_2023,train,epoch B15 other,0.0,,,phase4_semantic_finetune_train_2023_2026-09-08T17-26.log
20260908T165159Z_2023_heal_2023_train,2023,heal_2023,train,epoch B16 data,14.7,,,phase4_semantic_finetune_train_2023_2026-09-08T17-26.log
20260908T165159Z_2023_heal_2023_train,2023,heal_2023,train,epoch B16 gpu (sync at epoch end),7.2,,,phase4_semantic_finetune_train_2023_2026-09-08T17-26.log
20260908T165159Z_2023_heal_2023_train,2023,heal_2023,train,epoch B16 val,1.2,,,phase4_semantic_finetune_train_2023_2026-09-08T17-26.log
20260908T165159Z_2023_heal_2023_train,2023,heal_2023,train,epoch B16 save,0.0,,,phase4_semantic_finetune_train_2023_2026-09-08T17-26.log
20260908T165159Z_2023_heal_2023_train,2023,heal_2023,train,epoch B16 other,0.0,,,phase4_semantic_finetune_train_2023_2026-09-08T17-26.log
20260908T165159Z_2023_heal_2023_train,2023,heal_2023,train,epoch B17 data,17.5,,,phase4_semantic_finetune_train_2023_2026-09-08T17-26.log
20260908T165159Z_2023_heal_2023_train,2023,heal_2023,train,epoch B17 gpu (sync at epoch end),8.9,,,phase4_semantic_finetune_train_2023_2026-09-08T17-26.log
20260908T165159Z_2023_heal_2023_train,2023,heal_2023,train,epoch B17 val,1.1,,,phase4_semantic_finetune_train_2023_2026-09-08T17-26.log
20260908T165159Z_2023_heal_2023_train,2023,heal_2023,train,epoch B17 save,0.0,,,phase4_semantic_finetune_train_2023_2026-09-08T17-26.log
20260908T165159Z_2023_heal_2023_train,2023,heal_2023,train,epoch B17 other,0.0,,,phase4_semantic_finetune_train_2023_2026-09-08T17-26.log
20260908T165159Z_2023_heal_2023_train,2023,heal_2023,train,epoch B18 data,14.1,,,phase4_semantic_finetune_train_2023_2026-09-08T17-26.log
20260908T165159Z_2023_heal_2023_train,2023,heal_2023,train,epoch B18 gpu (sync at epoch end),6.1,,,phase4_semantic_finetune_train_2023_2026-09-08T17-26.log
20260908T165159Z_2023_heal_2023_train,2023,heal_2023,train,epoch B18 val,1.1,,,phase4_semantic_finetune_train_2023_2026-09-08T17-26.log
20260908T165159Z_2023_heal_2023_train,2023,heal_2023,train,epoch B18 save,0.0,,,phase4_semantic_finetune_train_2023_2026-09-08T17-26.log
20260908T165159Z_2023_heal_2023_train,2023,heal_2023,train,epoch B18 other,0.0,,,phase4_semantic_finetune_train_2023_2026-09-08T17-26.log
20260908T165159Z_2023_heal_2023_train,2023,heal_2023,train,epoch B19 data,14.5,,,phase4_semantic_finetune_train_2023_2026-09-08T17-26.log
20260908T165159Z_2023_heal_2023_train,2023,heal_2023,train,epoch B19 gpu (sync at epoch end),5.4,,,phase4_semantic_finetune_train_2023_2026-09-08T17-26.log
20260908T165159Z_2023_heal_2023_train,2023,heal_2023,train,epoch B19 val,1.1,,,phase4_semantic_finetune_train_2023_2026-09-08T17-26.log
20260908T165159Z_2023_heal_2023_train,2023,heal_2023,train,epoch B19 save,0.0,,,phase4_semantic_finetune_train_2023_2026-09-08T17-26.log
20260908T165159Z_2023_heal_2023_train,2023,heal_2023,train,epoch B19 other,0.0,,,phase4_semantic_finetune_train_2023_2026-09-08T17-26.log
20260908T165159Z_2023_heal_2023_train,2023,heal_2023,train,epoch B20 data,18.7,,,phase4_semantic_finetune_train_2023_2026-09-08T17-26.log
20260908T165159Z_2023_heal_2023_train,2023,heal_2023,train,epoch B20 gpu (sync at epoch end),5.3,,,phase4_semantic_finetune_train_2023_2026-09-08T17-26.log
20260908T165159Z_2023_heal_2023_train,2023,heal_2023,train,epoch B20 val,1.2,,,phase4_semantic_finetune_train_2023_2026-09-08T17-26.log
20260908T165159Z_2023_heal_2023_train,2023,heal_2023,train,epoch B20 save,0.7,,,phase4_semantic_finetune_train_2023_2026-09-08T17-26.log
20260908T165159Z_2023_heal_2023_train,2023,heal_2023,train,epoch B20 other,0.0,,,phase4_semantic_finetune_train_2023_2026-09-08T17-26.log
20260908T165159Z_2023_heal_2023_train,2023,heal_2023,train,epoch B21 data,16.8,,,phase4_semantic_finetune_train_2023_2026-09-08T17-26.log
20260908T165159Z_2023_heal_2023_train,2023,heal_2023,train,epoch B21 gpu (sync at epoch end),6.4,,,phase4_semantic_finetune_train_2023_2026-09-08T17-26.log
20260908T165159Z_2023_heal_2023_train,2023,heal_2023,train,epoch B21 val,1.2,,,phase4_semantic_finetune_train_2023_2026-09-08T17-26.log
20260908T165159Z_2023_heal_2023_train,2023,heal_2023,train,epoch B21 save,0.0,,,phase4_semantic_finetune_train_2023_2026-09-08T17-26.log
20260908T165159Z_2023_heal_2023_train,2023,heal_2023,train,epoch B21 other,0.0,,,phase4_semantic_finetune_train_2023_2026-09-08T17-26.log
20260908T165159Z_2023_heal_2023_train,2023,heal_2023,train,epoch B22 data,18.9,,,phase4_semantic_finetune_train_2023_2026-09-08T17-26.log
20260908T165159Z_2023_heal_2023_train,2023,heal_2023,train,epoch B22 gpu (sync at epoch end),6.1,,,phase4_semantic_finetune_train_2023_2026-09-08T17-26.log
20260908T165159Z_2023_heal_2023_train,2023,heal_2023,train,epoch B22 val,1.1,,,phase4_semantic_finetune_train_2023_2026-09-08T17-26.log
20260908T165159Z_2023_heal_2023_train,2023,heal_2023,train,epoch B22 save,0.0,,,phase4_semantic_finetune_train_2023_2026-09-08T17-26.log
20260908T165159Z_2023_heal_2023_train,2023,heal_2023,train,epoch B22 other,0.0,,,phase4_semantic_finetune_train_2023_2026-09-08T17-26.log
20260908T165159Z_2023_heal_2023_train,2023,heal_2023,train,epoch B23 data,7.8,,,phase4_semantic_finetune_train_2023_2026-09-08T17-26.log
20260908T165159Z_2023_heal_2023_train,2023,heal_2023,train,epoch B23 gpu (sync at epoch end),7.5,,,phase4_semantic_finetune_train_2023_2026-09-08T17-26.log
20260908T165159Z_2023_heal_2023_train,2023,heal_2023,train,epoch B23 val,1.2,,,phase4_semantic_finetune_train_2023_2026-09-08T17-26.log
20260908T165159Z_2023_heal_2023_train,2023,heal_2023,train,epoch B23 save,0.0,,,phase4_semantic_finetune_train_2023_2026-09-08T17-26.log
20260908T165159Z_2023_heal_2023_train,2023,heal_2023,train,epoch B23 other,0.0,,,phase4_semantic_finetune_train_2023_2026-09-08T17-26.log
20260908T165159Z_2023_heal_2023_train,2023,heal_2023,train,epoch B24 data,19.8,,,phase4_semantic_finetune_train_2023_2026-09-08T17-26.log
20260908T165159Z_2023_heal_2023_train,2023,heal_2023,train,epoch B24 gpu (sync at epoch end),6.3,,,phase4_semantic_finetune_train_2023_2026-09-08T17-26.log
20260908T165159Z_2023_heal_2023_train,2023,heal_2023,train,epoch B24 val,1.1,,,phase4_semantic_finetune_train_2023_2026-09-08T17-26.log
20260908T165159Z_2023_heal_2023_train,2023,heal_2023,train,epoch B24 save,0.0,,,phase4_semantic_finetune_train_2023_2026-09-08T17-26.log
20260908T165159Z_2023_heal_2023_train,2023,heal_2023,train,epoch B24 other,0.0,,,phase4_semantic_finetune_train_2023_2026-09-08T17-26.log
20260908T165159Z_2023_heal_2023_train,2023,heal_2023,train,epoch B25 data,18.1,,,phase4_semantic_finetune_train_2023_2026-09-08T17-26.log
20260908T165159Z_2023_heal_2023_train,2023,heal_2023,train,epoch B25 gpu (sync at epoch end),6.4,,,phase4_semantic_finetune_train_2023_2026-09-08T17-26.log
20260908T165159Z_2023_heal_2023_train,2023,heal_2023,train,epoch B25 val,1.2,,,phase4_semantic_finetune_train_2023_2026-09-08T17-26.log
20260908T165159Z_2023_heal_2023_train,2023,heal_2023,train,epoch B25 save,0.8,,,phase4_semantic_finetune_train_2023_2026-09-08T17-26.log
20260908T165159Z_2023_heal_2023_train,2023,heal_2023,train,epoch B25 other,0.0,,,phase4_semantic_finetune_train_2023_2026-09-08T17-26.log
20260908T165159Z_2023_heal_2023_train,2023,heal_2023,train,epoch B26 data,11.4,,,phase4_semantic_finetune_train_2023_2026-09-08T17-26.log
20260908T165159Z_2023_heal_2023_train,2023,heal_2023,train,epoch B26 gpu (sync at epoch end),5.4,,,phase4_semantic_finetune_train_2023_2026-09-08T17-26.log
20260908T165159Z_2023_heal_2023_train,2023,heal_2023,train,epoch B26 val,1.1,,,phase4_semantic_finetune_train_2023_2026-09-08T17-26.log
20260908T165159Z_2023_heal_2023_train,2023,heal_2023,train,epoch B26 save,0.0,,,phase4_semantic_finetune_train_2023_2026-09-08T17-26.log
20260908T165159Z_2023_heal_2023_train,2023,heal_2023,train,epoch B26 other,0.0,,,phase4_semantic_finetune_train_2023_2026-09-08T17-26.log
20260908T165159Z_2023_heal_2023_train,2023,heal_2023,train,epoch B27 data,9.7,,,phase4_semantic_finetune_train_2023_2026-09-08T17-26.log
20260908T165159Z_2023_heal_2023_train,2023,heal_2023,train,epoch B27 gpu (sync at epoch end),7.5,,,phase4_semantic_finetune_train_2023_2026-09-08T17-26.log
20260908T165159Z_2023_heal_2023_train,2023,heal_2023,train,epoch B27 val,1.2,,,phase4_semantic_finetune_train_2023_2026-09-08T17-26.log
20260908T165159Z_2023_heal_2023_train,2023,heal_2023,train,epoch B27 save,0.0,,,phase4_semantic_finetune_train_2023_2026-09-08T17-26.log
20260908T165159Z_2023_heal_2023_train,2023,heal_2023,train,epoch B27 other,0.0,,,phase4_semantic_finetune_train_2023_2026-09-08T17-26.log
20260908T171707Z_2020_heal_2020_evaluate,2020,heal_2020,evaluate,eval tiles local,7.7,,,phase4_semantic_finetune_evaluate_2020_2026-09-08T17-18.log
20260908T171707Z_2020_heal_2020_evaluate,2020,heal_2020,evaluate,eval model load,2.4,,,phase4_semantic_finetune_evaluate_2020_2026-09-08T17-18.log
20260908T171707Z_2020_heal_2020_evaluate,2020,heal_2020,evaluate,eval forward,5.6,,,phase4_semantic_finetune_evaluate_2020_2026-09-08T17-18.log
20260908T171707Z_2020_heal_2020_evaluate,2020,heal_2020,evaluate,eval metrics,33.6,,,phase4_semantic_finetune_evaluate_2020_2026-09-08T17-18.log
20260908T171707Z_2020_heal_2020_evaluate,2020,heal_2020,evaluate,copy semantic_eval_report_superseded.csv,0.0,25406,,phase4_semantic_finetune_evaluate_2020_2026-09-08T17-18.log
20260908T171707Z_2020_heal_2020_evaluate,2020,heal_2020,evaluate,copy semantic_eval_report.csv,0.0,,,phase4_semantic_finetune_evaluate_2020_2026-09-08T17-18.log
20260908T171707Z_2020_heal_2020_evaluate,2020,heal_2020,evaluate,eval report,14.2,,,phase4_semantic_finetune_evaluate_2020_2026-09-08T17-18.log
20260908T172658Z_2023_heal_2023_evaluate,2023,heal_2023,evaluate,eval tiles local,4.1,,,phase4_semantic_finetune_evaluate_2023_2026-09-08T17-29.log
20260908T172658Z_2023_heal_2023_evaluate,2023,heal_2023,evaluate,eval model load,2.4,,,phase4_semantic_finetune_evaluate_2023_2026-09-08T17-29.log
20260908T172658Z_2023_heal_2023_evaluate,2023,heal_2023,evaluate,eval forward,7.3,,,phase4_semantic_finetune_evaluate_2023_2026-09-08T17-29.log
20260908T172658Z_2023_heal_2023_evaluate,2023,heal_2023,evaluate,eval metrics,55.5,,,phase4_semantic_finetune_evaluate_2023_2026-09-08T17-29.log
20260908T172658Z_2023_heal_2023_evaluate,2023,heal_2023,evaluate,copy semantic_eval_report.csv,0.0,,,phase4_semantic_finetune_evaluate_2023_2026-09-08T17-29.log
20260908T172658Z_2023_heal_2023_evaluate,2023,heal_2023,evaluate,eval report,3.0,,,phase4_semantic_finetune_evaluate_2023_2026-09-08T17-29.log
20260908T172958Z_2023_heal_2023_inference,2023,heal_2023,inference,inference,960.7,,,phase4_semantic_finetune_inference_2023_2026-09-08T17-47.log
20260908T172958Z_2023_heal_2023_inference,2023,heal_2023,inference,copy edmonds_canopy_prob_2023_heal_2023.tif,5.5,2334592673,424.47,phase4_semantic_finetune_inference_2023_2026-09-08T17-47.log
20260908T174731Z_2023_heal_2023_postproc,2023,heal_2023,postproc,polygonize,453.5,,,phase4_semantic_finetune_postproc_2023_2026-09-08T18-05.log
20260908T174731Z_2023_heal_2023_postproc,2023,heal_2023,postproc,copy edmonds_canopy_mask_2023_heal_2023.tif,0.2,94525378,472.63,phase4_semantic_finetune_postproc_2023_2026-09-08T18-05.log
20260908T174731Z_2023_heal_2023_postproc,2023,heal_2023,postproc,copy edmonds_canopy_mask_2023_heal_2023.gpkg,0.0,22130688,,phase4_semantic_finetune_postproc_2023_2026-09-08T18-05.log
20260908T174731Z_2023_heal_2023_postproc,2023,heal_2023,postproc,postproc,1096.4,,,phase4_semantic_finetune_postproc_2023_2026-09-08T18-05.log
unrecorded,2011s,t1_2011s_in05,evaluate,copy semantic_eval_report.csv,0.0,,,phase4_semantic_finetune_evaluate_2011s_2026-09-02T14-40.log
unrecorded,2000,fullext_sectors_v1,inference,stage 2000_king_rgb.tif,58.4,1258501736,21.55,phase4_semantic_finetune_inference_2000_2026-08-27T03-18.log
unrecorded,2000,fullext_sectors_v1,inference,stage lidar_snoh_chm.tif,149.9,75698441,0.50,phase4_semantic_finetune_inference_2000_2026-08-27T03-18.log
unrecorded,2000,fullext_sectors_v1,inference,inference,207.5,,,phase4_semantic_finetune_inference_2000_2026-08-27T03-18.log
unrecorded,2000,fullext_sectors_v1,inference,copy edmonds_canopy_prob_2000_fullext_sectors_v1.tif,0.1,36083831,360.84,phase4_semantic_finetune_inference_2000_2026-08-27T03-18.log
unrecorded,2009,groves_lidar,inference,stage 2009_king_rgb.tif,59.2,3000263130,50.68,phase4_semantic_finetune_inference_2009_2026-08-28T00-47.log
unrecorded,2009,groves_lidar,inference,stage lidar_snoh_chm.tif,72.5,75698441,1.04,phase4_semantic_finetune_inference_2009_2026-08-28T00-47.log
unrecorded,2009,groves_lidar,inference,inference,153.8,,,phase4_semantic_finetune_inference_2009_2026-08-28T00-47.log
unrecorded,2009,groves_lidar,inference,copy edmonds_canopy_prob_2009_groves_lidar.tif,0.2,81861275,409.31,phase4_semantic_finetune_inference_2009_2026-08-28T00-47.log
unrecorded,2006s,hy_e3_2006s,postproc,polygonize,11.1,,,phase4_semantic_finetune_postproc_2006s_2026-09-01T19-06.log
unrecorded,2006s,hy_e3_2006s,postproc,copy edmonds_canopy_mask_2006s_hy_e3_2006s.tif,0.0,3163804,,phase4_semantic_finetune_postproc_2006s_2026-09-01T19-06.log
unrecorded,2006s,hy_e3_2006s,postproc,copy edmonds_canopy_mask_2006s_hy_e3_2006s.gpkg,0.0,24924160,,phase4_semantic_finetune_postproc_2006s_2026-09-01T19-06.log
unrecorded,2006s,hy_e3_2006s,postproc,postproc,68.6,,,phase4_semantic_finetune_postproc_2006s_2026-09-01T19-06.log
unrecorded,2017,of_2017,postproc,polygonize,1780.9,,,phase4_semantic_finetune_postproc_2017_2026-09-05T18-49.log
unrecorded,2017,of_2017,postproc,copy edmonds_canopy_mask_2017_of_2017.tif,0.7,289738646,413.91,phase4_semantic_finetune_postproc_2017_2026-09-05T18-49.log
unrecorded,2017,of_2017,postproc,copy edmonds_canopy_mask_2017_of_2017.gpkg,0.1,38359040,383.59,phase4_semantic_finetune_postproc_2017_2026-09-05T18-49.log
unrecorded,2017,of_2017,postproc,postproc,3970.5,,,phase4_semantic_finetune_postproc_2017_2026-09-05T18-49.log
unrecorded,2022,of_2022,postproc,polygonize,1768.6,,,phase4_semantic_finetune_postproc_2022_2026-09-05T22-13.log
unrecorded,2022,of_2022,postproc,copy edmonds_canopy_mask_2022_of_2022.tif,0.6,310612186,517.69,phase4_semantic_finetune_postproc_2022_2026-09-05T22-13.log
unrecorded,2022,of_2022,postproc,copy edmonds_canopy_mask_2022_of_2022.gpkg,0.1,30072832,300.73,phase4_semantic_finetune_postproc_2022_2026-09-05T22-13.log
unrecorded,2022,of_2022,postproc,postproc,3987.4,,,phase4_semantic_finetune_postproc_2022_2026-09-05T22-13.log
unrecorded,2020,t1_2020_add05,train,stage tiles 2020,428.4,,,phase4_semantic_finetune_train_2020_2026-09-02T23-19.log
unrecorded,2020,t1_2020_add05,train,copy sem_best_2020_t1_2020_add05.pt,1.8,772908475,429.39,phase4_semantic_finetune_train_2020_2026-09-02T23-19.log
unrecorded,2020,t1_2020_add05,train,copy sem_best_2020_t1_2020_add05.pt,1.6,772908475,483.07,phase4_semantic_finetune_train_2020_2026-09-02T23-19.log
unrecorded,2020,t1_2020_add05,train,copy sem_best_2020_t1_2020_add05.pt,1.5,772908475,515.27,phase4_semantic_finetune_train_2020_2026-09-02T23-19.log
unrecorded,2020,t1_2020_add05,train,copy sem_best_2020_t1_2020_add05.pt,1.8,772908475,429.39,phase4_semantic_finetune_train_2020_2026-09-02T23-19.log
unrecorded,2020,t1_2020_add05,train,copy sem_best_2020_t1_2020_add05.pt,1.6,772908475,483.07,phase4_semantic_finetune_train_2020_2026-09-02T23-19.log
unrecorded,2020,t1_2020_add05,train,copy sem_best_2020_t1_2020_add05.pt,1.7,772908475,454.65,phase4_semantic_finetune_train_2020_2026-09-02T23-19.log
unrecorded,2020,t1_2020_add05,train,copy sem_best_2020_t1_2020_add05.pt,1.7,772908475,454.65,phase4_semantic_finetune_train_2020_2026-09-02T23-19.log
unrecorded,2020,t1_2020_add05,train,copy sem_best_2020_t1_2020_add05.pt,1.9,772908475,406.79,phase4_semantic_finetune_train_2020_2026-09-02T23-19.log
unrecorded,2020,t1_2020_add05,train,copy sem_best_2020_t1_2020_add05.pt,2.0,772908475,386.45,phase4_semantic_finetune_train_2020_2026-09-02T23-19.log
