job,year,tag,step,state,exit,minutes,detail,ts,host,session
hard_year_pilot_hy_e3_2006s,2006s,hy_e3_2006s,labels,OK,0,11.8,"RECOVERED-FROM-LOGS(ts=start): train_queue_nohup_queue_hard_year_pilot_20260901T172249Z.log outcome verbatim: ""[hard_year_pilot_hy_e3_2006s/labels] exit=0  elapsed 11.8 min""; ts=run_id-stamp@phase4_semantic_finetune_labels_2006s_2026-09-01T17-37.log",2026-09-01 17:25:59,,
hard_year_pilot_hy_e3_2006s,2006s,hy_e3_2006s,VERIFY:labels,OK,,,"RECOVERED-FROM-LOGS(ts=completed): train_queue_nohup_queue_hard_year_pilot_20260901T172249Z.log verdict verbatim: ""citywide: labels step is skipped by design""; ts=engine-completed@phase4_semantic_finetune_labels_2006s_2026-09-01T17-37.log",2026-09-01 17:37:41,,
hard_year_pilot_hy_e3_2006s,2006s,hy_e3_2006s,tile,OK,0,15.1,"RECOVERED-FROM-LOGS(ts=start): train_queue_nohup_queue_hard_year_pilot_20260901T172249Z.log outcome verbatim: ""[hard_year_pilot_hy_e3_2006s/tile] exit=0  elapsed 15.1 min""; ts=run_id-stamp@phase4_semantic_finetune_tile_2006s_2026-09-01T17-52.log",2026-09-01 17:37:46,,
hard_year_pilot_hy_e3_2006s,2006s,hy_e3_2006s,VERIFY:tile,OK,,,"RECOVERED-FROM-LOGS(ts=completed): train_queue_nohup_queue_hard_year_pilot_20260901T172249Z.log verdict verbatim: ""585 tiles indexed; probed 20 paths, 0 missing""; ts=engine-completed@phase4_semantic_finetune_tile_2006s_2026-09-01T17-52.log",2026-09-01 17:52:48,,
hard_year_pilot_hy_e3_2006s,2006s,hy_e3_2006s,train,OK,0,42.0,"RECOVERED-FROM-LOGS(ts=start): train_queue_nohup_queue_hard_year_pilot_only2006s_20260901T175906Z.log outcome verbatim: ""[hard_year_pilot_hy_e3_2006s/train] exit=0  elapsed 42.0 min""; ts=run_id-stamp@phase4_semantic_finetune_train_2006s_2026-09-01T18-45.log",2026-09-01 18:03:53,,
hard_year_pilot_hy_e3_2006s,2006s,hy_e3_2006s,VERIFY:train,OK,,,"RECOVERED-FROM-LOGS(ts=completed): train_queue_nohup_queue_hard_year_pilot_only2006s_20260901T175906Z.log verdict verbatim: ""1113MB, BE27, run_id ok, drive md5 ok (1s)""; ts=engine-completed@phase4_semantic_finetune_train_2006s_2026-09-01T18-45.log",2026-09-01 18:45:44,,
hard_year_pilot_hy_e3_2006s,2006s,hy_e3_2006s,evaluate,OK,0,16.5,"RECOVERED-FROM-LOGS(ts=start): train_queue_nohup_queue_hard_year_pilot_only2006s_20260901T175906Z.log outcome verbatim: ""[hard_year_pilot_hy_e3_2006s/evaluate] exit=0  elapsed 16.5 min""; ts=run_id-stamp@phase4_semantic_finetune_evaluate_2006s_2026-09-01T19-02.log",2026-09-01 18:46:04,,
hard_year_pilot_hy_e3_2006s,2006s,hy_e3_2006s,VERIFY:evaluate,OK,,,"RECOVERED-FROM-LOGS(ts=completed): train_queue_nohup_queue_hard_year_pilot_only2006s_20260901T175906Z.log verdict verbatim: ""2 rows for 2006s/hy_e3_2006s, written 19:02:27""; ts=engine-completed@phase4_semantic_finetune_evaluate_2006s_2026-09-01T19-02.log",2026-09-01 19:02:30,,
hard_year_pilot_hy_e3_2006s,2006s,hy_e3_2006s,inference,OK,0,1.3,"RECOVERED-FROM-LOGS(ts=start): train_queue_nohup_queue_hard_year_pilot_only2006s_20260901T175906Z.log outcome verbatim: ""[hard_year_pilot_hy_e3_2006s/inference] exit=0  elapsed 1.3 min""; ts=run_id-stamp@phase4_semantic_finetune_inference_2006s_2026-09-01T19-03.log",2026-09-01 19:02:38,,
hard_year_pilot_hy_e3_2006s,2006s,hy_e3_2006s,VERIFY:inference,OK,,,"RECOVERED-FROM-LOGS(ts=completed): train_queue_nohup_queue_hard_year_pilot_only2006s_20260901T175906Z.log verdict verbatim: ""33MB valid=100.0% maxprob=0.937 p99.9=0.874 [2369x1687 sample]""; ts=engine-completed@phase4_semantic_finetune_inference_2006s_2026-09-01T19-03.log",2026-09-01 19:03:51,,
hard_year_pilot_hy_e3_2006s,2006s,hy_e3_2006s,postproc,OK,0,2.9,"RECOVERED-FROM-LOGS(ts=completed-minutes): train_queue_nohup_queue_hard_year_pilot_only2006s_20260901T175906Z.log outcome verbatim: ""[hard_year_pilot_hy_e3_2006s/postproc] exit=0  elapsed 2.9 min""; ts=engine-completed-minus-minutes@phase4_semantic_finetune_postproc_2006s_2026-09-01T19-06.log",2026-09-01 19:03:56,,
hard_year_pilot_hy_e3_2006s,2006s,hy_e3_2006s,VERIFY,OK,,,"RECOVERED-FROM-LOGS(ts=completed): train_queue_nohup_queue_hard_year_pilot_only2006s_20260901T175906Z.log verdict verbatim: ""33MB valid=100.0% maxprob=0.937 p99.9=0.874 [2369x1687 sample]""; ts=engine-completed@phase4_semantic_finetune_postproc_2006s_2026-09-01T19-06.log",2026-09-01 19:06:50,,
hard_year_pilot_hy_e3_2006s,2006s,hy_e3_2006s,VERIFY:postproc,OK,,,"RECOVERED-FROM-LOGS(ts=completed): train_queue_nohup_queue_hard_year_pilot_only2006s_20260901T175906Z.log verdict verbatim: ""mask 3MB, gpkg 22.6MB""; ts=engine-completed@phase4_semantic_finetune_postproc_2006s_2026-09-01T19-06.log",2026-09-01 19:06:50,,
hard_year_pilot_hy_e3_2011s,2011s,hy_e3_2011s,labels,OK,0,5.9,"RECOVERED-FROM-LOGS(ts=start): train_queue_nohup_queue_hard_year_pilot_20260901T194701Z.log outcome verbatim: ""[hard_year_pilot_hy_e3_2011s/labels] exit=0  elapsed 5.9 min""; ts=run_id-stamp@phase4_semantic_finetune_labels_2011s_2026-09-01T19-57.log",2026-09-01 19:52:06,,
hard_year_pilot_hy_e3_2011s,2011s,hy_e3_2011s,VERIFY:labels,OK,,,"RECOVERED-FROM-LOGS(ts=completed): train_queue_nohup_queue_hard_year_pilot_20260901T194701Z.log verdict verbatim: ""citywide: labels step is skipped by design""; ts=engine-completed@phase4_semantic_finetune_labels_2011s_2026-09-01T19-57.log",2026-09-01 19:57:54,,
hard_year_pilot_hy_e3_2011s,2011s,hy_e3_2011s,tile,OK,0,27.9,"RECOVERED-FROM-LOGS(ts=start): train_queue_nohup_queue_hard_year_pilot_20260901T194701Z.log outcome verbatim: ""[hard_year_pilot_hy_e3_2011s/tile] exit=0  elapsed 27.9 min""; ts=run_id-stamp@phase4_semantic_finetune_tile_2011s_2026-09-01T20-25.log",2026-09-01 19:57:58,,
hard_year_pilot_hy_e3_2011s,2011s,hy_e3_2011s,VERIFY:tile,OK,,,"RECOVERED-FROM-LOGS(ts=completed): train_queue_nohup_queue_hard_year_pilot_20260901T194701Z.log verdict verbatim: ""589 tiles indexed; probed 20 paths, 0 missing""; ts=engine-completed@phase4_semantic_finetune_tile_2011s_2026-09-01T20-25.log",2026-09-01 20:25:05,,
hard_year_pilot_hy_e3_2011s,2011s,hy_e3_2011s,train,OK,0,42.1,"RECOVERED-FROM-LOGS(ts=start): train_queue_nohup_queue_hard_year_pilot_20260901T194701Z.log outcome verbatim: ""[hard_year_pilot_hy_e3_2011s/train] exit=0  elapsed 42.1 min""; ts=run_id-stamp@phase4_semantic_finetune_train_2011s_2026-09-01T21-07.log",2026-09-01 20:25:56,,
hard_year_pilot_hy_e3_2011s,2011s,hy_e3_2011s,VERIFY:train,OK,,,"RECOVERED-FROM-LOGS(ts=completed): train_queue_nohup_queue_hard_year_pilot_20260901T194701Z.log verdict verbatim: ""1113MB, BE19, run_id ok, drive md5 ok (1s)""; ts=engine-completed@phase4_semantic_finetune_train_2011s_2026-09-01T21-07.log",2026-09-01 21:07:00,,
hard_year_pilot_hy_e3_2011s,2011s,hy_e3_2011s,evaluate,FAIL,1,5.9,"RECOVERED-FROM-LOGS(ts=start): train_queue_nohup_queue_hard_year_pilot_20260901T194701Z.log outcome verbatim: ""[hard_year_pilot_hy_e3_2011s/evaluate] exit=1  elapsed 5.9 min""; ts=run_id-stamp@phase4_semantic_finetune_evaluate_2011s_2026-09-01T21-15.log",2026-09-01 21:09:32,,
(launch),,,GUARD:runtag,GUARD_UNVERIFIED,,,"no live beacons in /content/drive/MyDrive/treedata/phase4/logs (45 heartbeat file(s), all stale or unreadable)",2026-09-01 21:18:46,38761790de03,hardyear4
hard_year_pilot_hy_e3_2011s,2011s,hy_e3_2011s,labels,OK,0,5.4,,2026-09-01 21:21:39,38761790de03,hardyear4
hard_year_pilot_hy_e3_2011s,2011s,hy_e3_2011s,VERIFY:labels,OK,,,citywide: labels step is skipped by design,2026-09-01 21:27:53,38761790de03,hardyear4
hard_year_pilot_hy_e3_2011s,2011s,hy_e3_2011s,tile,OK,0,8.0,,2026-09-01 21:27:54,38761790de03,hardyear4
hard_year_pilot_hy_e3_2011s,2011s,hy_e3_2011s,VERIFY:tile,OK,,,"589 tiles indexed; probed 20 paths, 0 missing",2026-09-01 21:35:56,38761790de03,hardyear4
hard_year_pilot_hy_e3_2011s,2011s,hy_e3_2011s,train,OK,0,42.1,,2026-09-01 21:35:56,38761790de03,hardyear4
hard_year_pilot_hy_e3_2011s,2011s,hy_e3_2011s,VERIFY:train,OK,,,"1113MB, BE16, run_id ok, drive md5 ok (1s)",2026-09-01 22:20:05,38761790de03,hardyear4
hard_year_pilot_hy_e3_2011s,2011s,hy_e3_2011s,evaluate,OK,0,7.9,,2026-09-01 22:20:51,38761790de03,hardyear4
hard_year_pilot_hy_e3_2011s,2011s,hy_e3_2011s,VERIFY:evaluate,OK,,,"2 rows for 2011s/hy_e3_2011s, written 22:28:39",2026-09-01 22:28:47,38761790de03,hardyear4
hard_year_pilot_hy_e3_2011s,2011s,hy_e3_2011s,inference,OK,0,4.0,,2026-09-01 22:28:47,38761790de03,hardyear4
hard_year_pilot_hy_e3_2011s,2011s,hy_e3_2011s,VERIFY:inference,OK,,,334MB valid=79.9% maxprob=0.913 p99.9=0.854 [2369x1687 sample],2026-09-01 22:32:49,38761790de03,hardyear4
hard_year_pilot_hy_e3_2011s,2011s,hy_e3_2011s,postproc,OK,0,2.2,,2026-09-01 22:32:49,38761790de03,hardyear4
hard_year_pilot_hy_e3_2011s,2011s,hy_e3_2011s,VERIFY,OK,,,"RECOVERED-FROM-LOGS(ts=completed): train_queue_nohup_queue_hard_year_pilot_20260901T211844Z.log verdict verbatim: ""334MB valid=79.9% maxprob=0.913 p99.9=0.854 [2369x1687 sample]""; ts=engine-completed@phase4_semantic_finetune_postproc_2011s_2026-09-01T22-35.log",2026-09-01 22:35:00,,
hard_year_pilot_hy_e3_2011s,2011s,hy_e3_2011s,VERIFY:postproc,OK,,,"RECOVERED-FROM-LOGS(ts=completed): train_queue_nohup_queue_hard_year_pilot_20260901T211844Z.log verdict verbatim: ""mask 19MB, gpkg 67.5MB""; ts=engine-completed@phase4_semantic_finetune_postproc_2011s_2026-09-01T22-35.log",2026-09-01 22:35:00,,
tier1_science_sample_t1_2006s_base,2006s,t1_2006s_base,labels,OK,0,7.9,"RECOVERED-FROM-LOGS(ts=start): train_queue_nohup_queue_tier1_science_sample_20260902T051246Z.log outcome verbatim: ""[tier1_science_sample_t1_2006s_base/labels] exit=0  elapsed 7.9 min""; ts=run_id-stamp@phase4_semantic_finetune_labels_2006s_2026-09-02T05-24.log",2026-09-02 05:17:01,,
tier1_science_sample_t1_2016_base,2016,t1_2016_base,labels,OK,0,6.9,,2026-09-02 05:20:58,beaacebe7666,t1stageC
tier1_science_sample_t1_2006s_base,2006s,t1_2006s_base,VERIFY:labels,OK,,,"RECOVERED-FROM-LOGS(ts=completed): train_queue_nohup_queue_tier1_science_sample_20260902T051246Z.log verdict verbatim: ""citywide: labels step is skipped by design""; ts=engine-completed@phase4_semantic_finetune_labels_2006s_2026-09-02T05-24.log",2026-09-02 05:24:45,,
tier1_science_sample_t1_2006s_base,2006s,t1_2006s_base,tile,OK,0,11.2,"RECOVERED-FROM-LOGS(ts=start): train_queue_nohup_queue_tier1_science_sample_20260902T051246Z.log outcome verbatim: ""[tier1_science_sample_t1_2006s_base/tile] exit=0  elapsed 11.2 min""; ts=run_id-stamp@phase4_semantic_finetune_tile_2006s_2026-09-02T05-35.log",2026-09-02 05:24:49,,
tier1_science_sample_t1_2016_base,2016,t1_2016_base,VERIFY:labels,OK,,,citywide: labels step is skipped by design,2026-09-02 05:27:54,beaacebe7666,t1stageC
tier1_science_sample_t1_2016_base,2016,t1_2016_base,tile,OK,0,16.2,,2026-09-02 05:27:54,beaacebe7666,t1stageC
tier1_science_sample_t1_2006s_base,2006s,t1_2006s_base,VERIFY,MISSING,,,"RECOVERED-FROM-LOGS(ts=completed): train_queue_nohup_queue_tier1_science_sample_20260902T051246Z.log verdict verbatim: ""no raster at edmonds_canopy_prob_2006s_t1_2006s_base.tif""; ts=engine-completed@phase4_semantic_finetune_tile_2006s_2026-09-02T05-35.log",2026-09-02 05:35:57,,
tier1_science_sample_t1_2006s_base,2006s,t1_2006s_base,VERIFY:tile,OK,,,"RECOVERED-FROM-LOGS(ts=completed): train_queue_nohup_queue_tier1_science_sample_20260902T051246Z.log verdict verbatim: ""49 tiles indexed; probed 20 paths, 0 missing""; ts=engine-completed@phase4_semantic_finetune_tile_2006s_2026-09-02T05-35.log",2026-09-02 05:35:57,,
tier1_science_sample_t1_2006s_add05,2006s,t1_2006s_add05,labels,OK,0,6.3,"RECOVERED-FROM-LOGS(ts=start): train_queue_nohup_queue_tier1_science_sample_20260902T051246Z.log outcome verbatim: ""[tier1_science_sample_t1_2006s_add05/labels] exit=0  elapsed 6.3 min""; ts=run_id-stamp@phase4_semantic_finetune_labels_2006s_2026-09-02T05-42.log",2026-09-02 05:36:42,,
tier1_science_sample_t1_2006s_add05,2006s,t1_2006s_add05,VERIFY:labels,OK,,,"RECOVERED-FROM-LOGS(ts=completed): train_queue_nohup_queue_tier1_science_sample_20260902T051246Z.log verdict verbatim: ""citywide: labels step is skipped by design""; ts=engine-completed@phase4_semantic_finetune_labels_2006s_2026-09-02T05-42.log",2026-09-02 05:42:56,,
tier1_science_sample_t1_2006s_add05,2006s,t1_2006s_add05,tile,OK,0,11.8,"RECOVERED-FROM-LOGS(ts=start): train_queue_nohup_queue_tier1_science_sample_20260902T051246Z.log outcome verbatim: ""[tier1_science_sample_t1_2006s_add05/tile] exit=0  elapsed 11.8 min""; ts=run_id-stamp@phase4_semantic_finetune_tile_2006s_2026-09-02T05-54.log",2026-09-02 05:43:01,,
tier1_science_sample_t1_2006s_add05,2006s,t1_2006s_add05,VERIFY,MISSING,,,"RECOVERED-FROM-LOGS(ts=completed): train_queue_nohup_queue_tier1_science_sample_20260902T051246Z.log verdict verbatim: ""no raster at edmonds_canopy_prob_2006s_t1_2006s_add05.tif""; ts=engine-completed@phase4_semantic_finetune_tile_2006s_2026-09-02T05-54.log",2026-09-02 05:54:00,,
tier1_science_sample_t1_2006s_add05,2006s,t1_2006s_add05,VERIFY:tile,OK,,,"RECOVERED-FROM-LOGS(ts=completed): train_queue_nohup_queue_tier1_science_sample_20260902T051246Z.log verdict verbatim: ""49 tiles indexed; probed 20 paths, 0 missing""; ts=engine-completed@phase4_semantic_finetune_tile_2006s_2026-09-02T05-54.log",2026-09-02 05:54:00,,
tier1_science_sample_t1_2006s_add16,2006s,t1_2006s_add16,labels,OK,0,8.7,"RECOVERED-FROM-LOGS(ts=start): train_queue_nohup_queue_tier1_science_sample_20260902T051246Z.log outcome verbatim: ""[tier1_science_sample_t1_2006s_add16/labels] exit=0  elapsed 8.7 min""; ts=run_id-stamp@phase4_semantic_finetune_labels_2006s_2026-09-02T06-03.log",2026-09-02 05:54:53,,
tier1_science_sample_t1_2006s_add16,2006s,t1_2006s_add16,VERIFY:labels,OK,,,"RECOVERED-FROM-LOGS(ts=completed): train_queue_nohup_queue_tier1_science_sample_20260902T051246Z.log verdict verbatim: ""citywide: labels step is skipped by design""; ts=engine-completed@phase4_semantic_finetune_labels_2006s_2026-09-02T06-03.log",2026-09-02 06:03:33,,
tier1_science_sample_t1_2006s_add16,2006s,t1_2006s_add16,tile,OK,0,7.3,"RECOVERED-FROM-LOGS(ts=start): train_queue_nohup_queue_tier1_science_sample_20260902T051246Z.log outcome verbatim: ""[tier1_science_sample_t1_2006s_add16/tile] exit=0  elapsed 7.3 min""; ts=run_id-stamp@phase4_semantic_finetune_tile_2006s_2026-09-02T06-10.log",2026-09-02 06:03:38,,
tier1_science_sample_t1_2006s_add16,2006s,t1_2006s_add16,VERIFY,MISSING,,,"RECOVERED-FROM-LOGS(ts=completed): train_queue_nohup_queue_tier1_science_sample_20260902T051246Z.log verdict verbatim: ""no raster at edmonds_canopy_prob_2006s_t1_2006s_add16.tif""; ts=engine-completed@phase4_semantic_finetune_tile_2006s_2026-09-02T06-10.log",2026-09-02 06:10:54,,
tier1_science_sample_t1_2006s_add16,2006s,t1_2006s_add16,VERIFY:tile,OK,,,"RECOVERED-FROM-LOGS(ts=completed): train_queue_nohup_queue_tier1_science_sample_20260902T051246Z.log verdict verbatim: ""49 tiles indexed; probed 20 paths, 0 missing""; ts=engine-completed@phase4_semantic_finetune_tile_2006s_2026-09-02T06-10.log",2026-09-02 06:10:54,,
tier1_science_sample_t1_2006s_in05,2006s,t1_2006s_in05,labels,OK,0,9.6,"RECOVERED-FROM-LOGS(ts=start): train_queue_nohup_queue_tier1_science_sample_20260902T051246Z.log outcome verbatim: ""[tier1_science_sample_t1_2006s_in05/labels] exit=0  elapsed 9.6 min""; ts=run_id-stamp@phase4_semantic_finetune_labels_2006s_2026-09-02T06-20.log",2026-09-02 06:11:01,,
tier1_science_sample_t1_2006s_in05,2006s,t1_2006s_in05,VERIFY:labels,OK,,,"RECOVERED-FROM-LOGS(ts=completed): train_queue_nohup_queue_tier1_science_sample_20260902T051246Z.log verdict verbatim: ""citywide: labels step is skipped by design""; ts=engine-completed@phase4_semantic_finetune_labels_2006s_2026-09-02T06-20.log",2026-09-02 06:20:35,,
tier1_science_sample_t1_2006s_in05,2006s,t1_2006s_in05,tile,OK,0,11.1,"RECOVERED-FROM-LOGS(ts=start): train_queue_nohup_queue_tier1_science_sample_20260902T051246Z.log outcome verbatim: ""[tier1_science_sample_t1_2006s_in05/tile] exit=0  elapsed 11.1 min""; ts=run_id-stamp@phase4_semantic_finetune_tile_2006s_2026-09-02T06-31.log",2026-09-02 06:20:39,,
tier1_science_sample_t1_2006s_in05,2006s,t1_2006s_in05,VERIFY,MISSING,,,"RECOVERED-FROM-LOGS(ts=completed): train_queue_nohup_queue_tier1_science_sample_20260902T051246Z.log verdict verbatim: ""no raster at edmonds_canopy_prob_2006s_t1_2006s_in05.tif""; ts=engine-completed@phase4_semantic_finetune_tile_2006s_2026-09-02T06-31.log",2026-09-02 06:31:39,,
tier1_science_sample_t1_2006s_in05,2006s,t1_2006s_in05,VERIFY:tile,OK,,,"RECOVERED-FROM-LOGS(ts=completed): train_queue_nohup_queue_tier1_science_sample_20260902T051246Z.log verdict verbatim: ""49 tiles indexed; probed 20 paths, 0 missing""; ts=engine-completed@phase4_semantic_finetune_tile_2006s_2026-09-02T06-31.log",2026-09-02 06:31:39,,
tier1_science_sample_t1_2006s_in16,2006s,t1_2006s_in16,labels,OK,0,9.1,"RECOVERED-FROM-LOGS(ts=start): train_queue_nohup_queue_tier1_science_sample_20260902T051246Z.log outcome verbatim: ""[tier1_science_sample_t1_2006s_in16/labels] exit=0  elapsed 9.1 min""; ts=run_id-stamp@phase4_semantic_finetune_labels_2006s_2026-09-02T06-40.log",2026-09-02 06:31:51,,
tier1_science_sample_t1_2006s_in16,2006s,t1_2006s_in16,VERIFY:labels,OK,,,"RECOVERED-FROM-LOGS(ts=completed): train_queue_nohup_queue_tier1_science_sample_20260902T051246Z.log verdict verbatim: ""citywide: labels step is skipped by design""; ts=engine-completed@phase4_semantic_finetune_labels_2006s_2026-09-02T06-40.log",2026-09-02 06:40:51,,
tier1_science_sample_t1_2006s_in16,2006s,t1_2006s_in16,tile,OK,0,8.0,"RECOVERED-FROM-LOGS(ts=start): train_queue_nohup_queue_tier1_science_sample_20260902T051246Z.log outcome verbatim: ""[tier1_science_sample_t1_2006s_in16/tile] exit=0  elapsed 8.0 min""; ts=run_id-stamp@phase4_semantic_finetune_tile_2006s_2026-09-02T06-48.log",2026-09-02 06:40:58,,
tier1_science_sample_t1_2006s_in16,2006s,t1_2006s_in16,VERIFY,MISSING,,,"RECOVERED-FROM-LOGS(ts=completed): train_queue_nohup_queue_tier1_science_sample_20260902T051246Z.log verdict verbatim: ""no raster at edmonds_canopy_prob_2006s_t1_2006s_in16.tif""; ts=engine-completed@phase4_semantic_finetune_tile_2006s_2026-09-02T06-48.log",2026-09-02 06:48:53,,
tier1_science_sample_t1_2006s_in16,2006s,t1_2006s_in16,VERIFY:tile,OK,,,"RECOVERED-FROM-LOGS(ts=completed): train_queue_nohup_queue_tier1_science_sample_20260902T051246Z.log verdict verbatim: ""49 tiles indexed; probed 20 paths, 0 missing""; ts=engine-completed@phase4_semantic_finetune_tile_2006s_2026-09-02T06-48.log",2026-09-02 06:48:53,,
tier1_science_sample_t1_2019n_base,2019n,t1_2019n_base,labels,OK,0,5.8,"RECOVERED-FROM-LOGS(ts=start): train_queue_nohup_queue_tier1_science_sample_20260902T051246Z.log outcome verbatim: ""[tier1_science_sample_t1_2019n_base/labels] exit=0  elapsed 5.8 min""; ts=run_id-stamp@phase4_semantic_finetune_labels_2019n_2026-09-02T06-54.log",2026-09-02 06:49:01,,
tier1_science_sample_t1_2019n_base,2019n,t1_2019n_base,VERIFY:labels,OK,,,"RECOVERED-FROM-LOGS(ts=completed): train_queue_nohup_queue_tier1_science_sample_20260902T051246Z.log verdict verbatim: ""citywide: labels step is skipped by design""; ts=engine-completed@phase4_semantic_finetune_labels_2019n_2026-09-02T06-54.log",2026-09-02 06:54:47,,
tier1_science_sample_t1_2019n_base,2019n,t1_2019n_base,tile,OK,0,15.2,"RECOVERED-FROM-LOGS(ts=start): train_queue_nohup_queue_tier1_science_sample_20260902T051246Z.log outcome verbatim: ""[tier1_science_sample_t1_2019n_base/tile] exit=0  elapsed 15.2 min""; ts=run_id-stamp@phase4_semantic_finetune_tile_2019n_2026-09-02T07-09.log",2026-09-02 06:54:53,,
tier1_science_sample_t1_2019n_base,2019n,t1_2019n_base,VERIFY,MISSING,,,"RECOVERED-FROM-LOGS(ts=completed): train_queue_nohup_queue_tier1_science_sample_20260902T051246Z.log verdict verbatim: ""no raster at edmonds_canopy_prob_2019n_t1_2019n_base.tif""; ts=engine-completed@phase4_semantic_finetune_tile_2019n_2026-09-02T07-09.log",2026-09-02 07:09:57,,
tier1_science_sample_t1_2019n_base,2019n,t1_2019n_base,VERIFY:tile,OK,,,"RECOVERED-FROM-LOGS(ts=completed): train_queue_nohup_queue_tier1_science_sample_20260902T051246Z.log verdict verbatim: ""235 tiles indexed; probed 20 paths, 0 missing""; ts=engine-completed@phase4_semantic_finetune_tile_2019n_2026-09-02T07-09.log",2026-09-02 07:09:57,,
tier1_science_sample_t1_2019n_nir,2019n,t1_2019n_nir,labels,OK,0,5.0,"RECOVERED-FROM-LOGS(ts=start): train_queue_nohup_queue_tier1_science_sample_20260902T051246Z.log outcome verbatim: ""[tier1_science_sample_t1_2019n_nir/labels] exit=0  elapsed 5.0 min""; ts=run_id-stamp@phase4_semantic_finetune_labels_2019n_2026-09-02T07-15.log",2026-09-02 07:10:36,,
tier1_science_sample_t1_2019n_nir,2019n,t1_2019n_nir,VERIFY:labels,OK,,,"RECOVERED-FROM-LOGS(ts=completed): train_queue_nohup_queue_tier1_science_sample_20260902T051246Z.log verdict verbatim: ""citywide: labels step is skipped by design""; ts=engine-completed@phase4_semantic_finetune_labels_2019n_2026-09-02T07-15.log",2026-09-02 07:15:00,,
tier1_science_sample_t1_2019n_nir,2019n,t1_2019n_nir,tile,OK,0,11.2,"RECOVERED-FROM-LOGS(ts=start): train_queue_nohup_queue_tier1_science_sample_20260902T051246Z.log outcome verbatim: ""[tier1_science_sample_t1_2019n_nir/tile] exit=0  elapsed 11.2 min""; ts=run_id-stamp@phase4_semantic_finetune_tile_2019n_2026-09-02T07-26.log",2026-09-02 07:15:39,,
tier1_science_sample_t1_2019n_nir,2019n,t1_2019n_nir,VERIFY,MISSING,,,"RECOVERED-FROM-LOGS(ts=completed): train_queue_nohup_queue_tier1_science_sample_20260902T051246Z.log verdict verbatim: ""no raster at edmonds_canopy_prob_2019n_t1_2019n_nir.tif""; ts=engine-completed@phase4_semantic_finetune_tile_2019n_2026-09-02T07-26.log",2026-09-02 07:26:44,,
tier1_science_sample_t1_2019n_nir,2019n,t1_2019n_nir,VERIFY:tile,OK,,,"RECOVERED-FROM-LOGS(ts=completed): train_queue_nohup_queue_tier1_science_sample_20260902T051246Z.log verdict verbatim: ""235 tiles indexed; probed 20 paths, 0 missing""; ts=engine-completed@phase4_semantic_finetune_tile_2019n_2026-09-02T07-26.log",2026-09-02 07:26:44,,
tier1_science_sample_t1_2006s_base,2006s,t1_2006s_base,train,OK,0,23.2,,2026-09-02 10:42:43,cbfc39c6b32b,t1gpuA
tier1_science_sample_t1_2011s_base,2011s,t1_2011s_base,train,OK,0,26.9,,2026-09-02 10:44:58,9cdd4cd38abf,t1gpuB
tier1_science_sample_t1_2006s_base,2006s,t1_2006s_base,VERIFY:train,OK,,,"1113MB, BE25, run_id ok, drive md5 ok (237s)",2026-09-02 11:10:01,cbfc39c6b32b,t1gpuA
tier1_science_sample_t1_2006s_base,2006s,t1_2006s_base,evaluate,OK,0,11.0,,2026-09-02 11:10:55,cbfc39c6b32b,t1gpuA
tier1_science_sample_t1_2011s_base,2011s,t1_2011s_base,VERIFY:train,OK,,,"1113MB, BE19, run_id ok, drive md5 ok (3s)",2026-09-02 11:12:03,9cdd4cd38abf,t1gpuB
tier1_science_sample_t1_2011s_base,2011s,t1_2011s_base,evaluate,OK,0,13.4,,2026-09-02 11:12:13,9cdd4cd38abf,t1gpuB
tier1_science_sample_t1_2006s_base,2006s,t1_2006s_base,VERIFY,OK,,,"steps subset ['train', 'evaluate'] — no prob raster expected; per-step verifies are the record",2026-09-02 11:21:57,cbfc39c6b32b,t1gpuA
tier1_science_sample_t1_2006s_base,2006s,t1_2006s_base,VERIFY:evaluate,OK,,,"8 rows for 2006s/t1_2006s_base, written 11:19:03",2026-09-02 11:21:57,cbfc39c6b32b,t1gpuA
tier1_science_sample_t1_2006s_add05,2006s,t1_2006s_add05,train,OK,0,23.0,,2026-09-02 11:21:58,cbfc39c6b32b,t1gpuA
tier1_science_sample_t1_2011s_base,2011s,t1_2011s_base,VERIFY,OK,,,"steps subset ['train', 'evaluate'] — no prob raster expected; per-step verifies are the record",2026-09-02 11:26:00,9cdd4cd38abf,t1gpuB
tier1_science_sample_t1_2011s_base,2011s,t1_2011s_base,VERIFY:evaluate,OK,,,"2 rows for 2011s/t1_2011s_base, written 11:24:51",2026-09-02 11:26:00,9cdd4cd38abf,t1gpuB
tier1_science_sample_t1_2011s_base_s2,2011s,t1_2011s_base_s2,GUARD:runtag,GUARD_UNVERIFIED,,,"no live beacons in /content/drive/MyDrive/treedata/phase4/logs (55 heartbeat file(s), all stale or unreadable)",2026-09-02 11:27:43,9cdd4cd38abf,t1gpuB
tier1_science_sample_t1_2011s_base_s2,2011s,t1_2011s_base_s2,train,OK,0,25.9,,2026-09-02 11:27:46,9cdd4cd38abf,t1gpuB
tier1_science_sample_t1_2006s_add05,2006s,t1_2006s_add05,VERIFY:train,OK,,,"1113MB, BE11, run_id ok, drive md5 ok (5s)",2026-09-02 11:45:22,cbfc39c6b32b,t1gpuA
tier1_science_sample_t1_2006s_add05,2006s,t1_2006s_add05,evaluate,OK,0,9.3,,2026-09-02 11:45:27,cbfc39c6b32b,t1gpuA
tier1_science_sample_t1_2011s_base_s2,2011s,t1_2011s_base_s2,VERIFY:train,OK,,,"1113MB, BE21, run_id ok, drive md5 ok (4s)",2026-09-02 11:53:52,9cdd4cd38abf,t1gpuB
tier1_science_sample_t1_2011s_base_s2,2011s,t1_2011s_base_s2,evaluate,OK,0,25.1,,2026-09-02 11:53:54,9cdd4cd38abf,t1gpuB
tier1_science_sample_t1_2006s_add05,2006s,t1_2006s_add05,VERIFY,OK,,,"steps subset ['train', 'evaluate'] — no prob raster expected; per-step verifies are the record",2026-09-02 11:54:45,cbfc39c6b32b,t1gpuA
tier1_science_sample_t1_2006s_add05,2006s,t1_2006s_add05,VERIFY:evaluate,OK,,,"8 rows for 2006s/t1_2006s_add05, written 11:53:57",2026-09-02 11:54:45,cbfc39c6b32b,t1gpuA
tier1_science_sample_t1_2006s_add16,2006s,t1_2006s_add16,train,OK,0,26.2,,2026-09-02 11:54:47,cbfc39c6b32b,t1gpuA
tier1_science_sample_t1_2011s_base_s2,2011s,t1_2011s_base_s2,VERIFY,OK,,,"steps subset ['train', 'evaluate'] — no prob raster expected; per-step verifies are the record",2026-09-02 12:19:53,9cdd4cd38abf,t1gpuB
tier1_science_sample_t1_2011s_base_s2,2011s,t1_2011s_base_s2,VERIFY:evaluate,OK,,,"2 rows for 2011s/t1_2011s_base_s2, written 12:17:25",2026-09-02 12:19:53,9cdd4cd38abf,t1gpuB
tier1_science_sample_t1_2011s_base_s3,2011s,t1_2011s_base_s3,train,FAIL,1,21.2,,2026-09-02 12:19:56,9cdd4cd38abf,t1gpuB
tier1_science_sample_t1_2006s_add16,2006s,t1_2006s_add16,VERIFY:train,OK,,,"1113MB, BE28, run_id ok, drive md5 ok (263s)",2026-09-02 12:25:59,cbfc39c6b32b,t1gpuA
tier1_science_sample_t1_2006s_add16,2006s,t1_2006s_add16,evaluate,OK,0,6.9,,2026-09-02 12:26:00,cbfc39c6b32b,t1gpuA
tier1_science_sample_t1_2006s_add16,2006s,t1_2006s_add16,VERIFY:evaluate,OK,,,"8 rows for 2006s/t1_2006s_add16, written 12:31:51",2026-09-02 12:33:51,cbfc39c6b32b,t1gpuA
tier1_science_sample_t1_2006s_add16,2006s,t1_2006s_add16,VERIFY,OK,,,"steps subset ['train', 'evaluate'] — no prob raster expected; per-step verifies are the record",2026-09-02 12:33:54,cbfc39c6b32b,t1gpuA
tier1_science_sample_t1_2006s_in05,2006s,t1_2006s_in05,train,OK,0,22.8,,2026-09-02 12:33:57,cbfc39c6b32b,t1gpuA
tier1_science_sample_t1_2011s_add05,2011s,t1_2011s_add05,train,OK,0,19.1,,2026-09-02 12:41:59,9cdd4cd38abf,t1gpuB
tier1_science_sample_t1_2006s_in05,2006s,t1_2006s_in05,VERIFY:train,OK,,,"1113MB, BE14, run_id ok, drive md5 ok (5s)",2026-09-02 12:56:58,cbfc39c6b32b,t1gpuA
tier1_science_sample_t1_2006s_in05,2006s,t1_2006s_in05,evaluate,OK,0,16.0,,2026-09-02 12:57:02,cbfc39c6b32b,t1gpuA
tier1_science_sample_t1_2011s_add05,2011s,t1_2011s_add05,VERIFY:train,OK,,,"1113MB, BE6, run_id ok, drive md5 ok (4s)",2026-09-02 13:02:46,9cdd4cd38abf,t1gpuB
tier1_science_sample_t1_2011s_add05,2011s,t1_2011s_add05,evaluate,OK,0,18.0,,2026-09-02 13:02:48,9cdd4cd38abf,t1gpuB
tier1_science_sample_t1_2006s_in05,2006s,t1_2006s_in05,VERIFY:evaluate,OK,,,"8 rows for 2006s/t1_2006s_in05, written 13:12:49",2026-09-02 13:13:57,cbfc39c6b32b,t1gpuA
tier1_science_sample_t1_2006s_in05,2006s,t1_2006s_in05,VERIFY,OK,,,"steps subset ['train', 'evaluate'] — no prob raster expected; per-step verifies are the record",2026-09-02 13:13:59,cbfc39c6b32b,t1gpuA
tier1_science_sample_t1_2006s_in16,2006s,t1_2006s_in16,train,OK,0,20.7,,2026-09-02 13:14:59,cbfc39c6b32b,t1gpuA
tier1_science_sample_t1_2011s_add05,2011s,t1_2011s_add05,VERIFY,OK,,,"steps subset ['train', 'evaluate'] — no prob raster expected; per-step verifies are the record",2026-09-02 13:20:50,9cdd4cd38abf,t1gpuB
tier1_science_sample_t1_2011s_add05,2011s,t1_2011s_add05,VERIFY:evaluate,OK,,,"2 rows for 2011s/t1_2011s_add05, written 13:20:31",2026-09-02 13:20:50,9cdd4cd38abf,t1gpuB
tier1_science_sample_t1_2011s_add16,2011s,t1_2011s_add16,train,FAIL,1,14.2,,2026-09-02 13:20:52,9cdd4cd38abf,t1gpuB
tier1_science_sample_t1_2011s_in05,2011s,t1_2011s_in05,train,OK,0,27.9,,2026-09-02 13:35:59,9cdd4cd38abf,t1gpuB
tier1_science_sample_t1_2006s_in16,2006s,t1_2006s_in16,VERIFY:train,OK,,,"1113MB, BE27, run_id ok, drive md5 ok (281s)",2026-09-02 13:41:27,cbfc39c6b32b,t1gpuA
tier1_science_sample_t1_2006s_in16,2006s,t1_2006s_in16,evaluate,OK,0,16.3,,2026-09-02 13:41:29,cbfc39c6b32b,t1gpuA
tier1_science_sample_t1_2006s_in16,2006s,t1_2006s_in16,VERIFY,OK,,,"steps subset ['train', 'evaluate'] — no prob raster expected; per-step verifies are the record",2026-09-02 13:57:51,cbfc39c6b32b,t1gpuA
tier1_science_sample_t1_2006s_in16,2006s,t1_2006s_in16,VERIFY:evaluate,OK,,,"8 rows for 2006s/t1_2006s_in16, written 13:56:54",2026-09-02 13:57:51,cbfc39c6b32b,t1gpuA
tier1_science_sample_t1_2011s_cor05,2011s,t1_2011s_cor05,tile,OK,0,22.9,,2026-09-02 13:57:53,cbfc39c6b32b,t1gpuA
tier1_science_sample_t1_2011s_in05,2011s,t1_2011s_in05,VERIFY:train,OK,,,"1113MB, BE25, run_id ok, drive md5 ok (4s)",2026-09-02 14:04:55,9cdd4cd38abf,t1gpuB
tier1_science_sample_t1_2011s_in05,2011s,t1_2011s_in05,evaluate,OK,0,35.8,,2026-09-02 14:04:57,9cdd4cd38abf,t1gpuB
tier1_science_sample_t1_2011s_cor05,2011s,t1_2011s_cor05,VERIFY:tile,OK,,,"281 tiles indexed; probed 20 paths, 0 missing",2026-09-02 14:20:48,cbfc39c6b32b,t1gpuA
tier1_science_sample_t1_2011s_cor05,2011s,t1_2011s_cor05,train,OK,0,20.1,,2026-09-02 14:20:48,cbfc39c6b32b,t1gpuA
tier1_science_sample_t1_2011s_in05,2011s,t1_2011s_in05,VERIFY,OK,,,"steps subset ['train', 'evaluate'] — no prob raster expected; per-step verifies are the record",2026-09-02 14:40:49,9cdd4cd38abf,t1gpuB
tier1_science_sample_t1_2011s_in05,2011s,t1_2011s_in05,VERIFY:evaluate,OK,,,"2 rows for 2011s/t1_2011s_in05, written 14:40:16",2026-09-02 14:40:49,9cdd4cd38abf,t1gpuB
tier1_science_sample_t1_2011s_in16,2011s,t1_2011s_in16,train,FAIL,1,21.3,,2026-09-02 14:40:51,9cdd4cd38abf,t1gpuB
tier1_science_sample_t1_2011s_cor05,2011s,t1_2011s_cor05,VERIFY:train,OK,,,"1113MB, BE18, run_id ok, drive md5 ok (4s)",2026-09-02 14:41:04,cbfc39c6b32b,t1gpuA
tier1_science_sample_t1_2011s_cor05,2011s,t1_2011s_cor05,evaluate,OK,0,17.9,,2026-09-02 14:41:05,cbfc39c6b32b,t1gpuA
tier1_science_sample_t1_2011s_cor05,2011s,t1_2011s_cor05,VERIFY,OK,,,"steps subset ['labels', 'tile', 'train', 'evaluate'] — no prob raster expected; per-step verifies are the record",2026-09-02 14:58:59,cbfc39c6b32b,t1gpuA
tier1_science_sample_t1_2011s_cor05,2011s,t1_2011s_cor05,VERIFY:evaluate,OK,,,"2 rows for 2011s/t1_2011s_cor05, written 14:58:34",2026-09-02 14:58:59,cbfc39c6b32b,t1gpuA
tier1_science_sample_t1_2011s_cor10,2011s,t1_2011s_cor10,GUARD:runtag,GUARD_UNVERIFIED,,,"no live beacons in /content/drive/MyDrive/treedata/phase4/logs (55 heartbeat file(s), all stale or unreadable)",2026-09-02 14:59:36,cbfc39c6b32b,t1gpuA
tier1_science_sample_t1_2011s_cor10,2011s,t1_2011s_cor10,labels,OK,0,13.9,,2026-09-02 14:59:55,cbfc39c6b32b,t1gpuA
tier1_science_sample_t1_2011s_cor02,2011s,t1_2011s_cor02,train,OK,0,0.4,,2026-09-02 15:02:22,9cdd4cd38abf,t1gpuB
tier1_science_sample_t1_2011s_cor02,2011s,t1_2011s_cor02,VERIFY:train,MISSING,,,no sem_best_2011s_t1_2011s_cor02.pt,2026-09-02 15:03:37,9cdd4cd38abf,t1gpuB
tier1_science_sample_t1_2016_base,2016,t1_2016_base,train,FAIL,1,18.4,,2026-09-02 15:03:42,9cdd4cd38abf,t1gpuB
tier1_science_sample_t1_2011s_cor10,2011s,t1_2011s_cor10,VERIFY:labels,OK,,,citywide: labels step is skipped by design,2026-09-02 15:13:56,cbfc39c6b32b,t1gpuA
tier1_science_sample_t1_2011s_cor10,2011s,t1_2011s_cor10,tile,OK,0,29.1,,2026-09-02 15:13:56,cbfc39c6b32b,t1gpuA
tier1_science_sample_t1_2011s_cor10,2011s,t1_2011s_cor10,VERIFY:tile,OK,,,"281 tiles indexed; probed 20 paths, 0 missing",2026-09-02 15:43:57,cbfc39c6b32b,t1gpuA
tier1_science_sample_t1_2011s_cor10,2011s,t1_2011s_cor10,train,OK,0,23.9,,2026-09-02 15:43:57,cbfc39c6b32b,t1gpuA
tier1_science_sample_t1_2011s_cor10,2011s,t1_2011s_cor10,VERIFY:train,OK,,,"1113MB, BE28, run_id ok, drive md5 ok (105s)",2026-09-02 16:09:47,cbfc39c6b32b,t1gpuA
tier1_science_sample_t1_2011s_cor10,2011s,t1_2011s_cor10,evaluate,OK,0,22.2,,2026-09-02 16:09:49,cbfc39c6b32b,t1gpuA
tier1_science_sample_t1_2011s_cor10,2011s,t1_2011s_cor10,VERIFY:evaluate,OK,,,"2 rows for 2011s/t1_2011s_cor10, written 16:31:08",2026-09-02 16:32:50,cbfc39c6b32b,t1gpuA
tier1_science_sample_t1_2011s_cor10,2011s,t1_2011s_cor10,VERIFY,OK,,,"steps subset ['labels', 'tile', 'train', 'evaluate'] — no prob raster expected; per-step verifies are the record",2026-09-02 16:32:53,cbfc39c6b32b,t1gpuA
tier1_science_sample_t1_2020_add16,2020,t1_2020_add16,train,FAIL,1,22.3,,2026-09-02 16:32:55,cbfc39c6b32b,t1gpuA
tier1_science_sample_t1_2006s_base,2006s,t1_2006s_base,train,OK,0,26.9,"RECOVERED-FROM-LOGS(ts=start): train_queue_nohup_queue_tier1_science_sample_20260902T180915Z.log outcome verbatim: ""[tier1_science_sample_t1_2006s_base/train] exit=0  elapsed 26.9 min""; ts=run_id-stamp@phase4_semantic_finetune_train_2006s_2026-09-02T18-41.log",2026-09-02 18:15:03,,
tier1_science_sample_t1_2006s_base,2006s,t1_2006s_base,VERIFY:train,OK,,,"RECOVERED-FROM-LOGS(ts=completed): train_queue_nohup_queue_tier1_science_sample_20260902T180915Z.log verdict verbatim: ""1113MB, BE23, run_id ok, drive md5 ok (277s)""; ts=engine-completed@phase4_semantic_finetune_train_2006s_2026-09-02T18-41.log",2026-09-02 18:41:40,,
tier1_science_sample_t1_2006s_base,2006s,t1_2006s_base,evaluate,OK,0,9.3,"RECOVERED-FROM-LOGS(ts=start): train_queue_nohup_queue_tier1_science_sample_20260902T180915Z.log outcome verbatim: ""[tier1_science_sample_t1_2006s_base/evaluate] exit=0  elapsed 9.3 min""; ts=run_id-stamp@phase4_semantic_finetune_evaluate_2006s_2026-09-02T18-55.log",2026-09-02 18:46:43,,
tier1_science_sample_t1_2006s_base,2006s,t1_2006s_base,VERIFY,OK,,,"RECOVERED-FROM-LOGS(ts=completed): train_queue_nohup_queue_tier1_science_sample_20260902T180915Z.log verdict verbatim: ""steps subset ['train', 'evaluate'] — no prob raster expected; per-step verifies are the record""; ts=engine-completed@phase4_semantic_finetune_evaluate_2006s_2026-09-02T18-55.log",2026-09-02 18:55:55,,
tier1_science_sample_t1_2006s_base,2006s,t1_2006s_base,VERIFY:evaluate,OK,,,"RECOVERED-FROM-LOGS(ts=completed): train_queue_nohup_queue_tier1_science_sample_20260902T180915Z.log verdict verbatim: ""8 rows for 2006s/t1_2006s_base, written 18:55:35""; ts=engine-completed@phase4_semantic_finetune_evaluate_2006s_2026-09-02T18-55.log",2026-09-02 18:55:55,,
tier1_science_sample_t1_2006s_add05,2006s,t1_2006s_add05,train,OK,0,32.8,"RECOVERED-FROM-LOGS(ts=start): train_queue_nohup_queue_tier1_science_sample_20260902T180915Z.log outcome verbatim: ""[tier1_science_sample_t1_2006s_add05/train] exit=0  elapsed 32.8 min""; ts=run_id-stamp@phase4_semantic_finetune_train_2006s_2026-09-02T19-28.log",2026-09-02 18:56:04,,
tier1_science_sample_t1_2006s_add05,2006s,t1_2006s_add05,VERIFY:train,OK,,,"RECOVERED-FROM-LOGS(ts=completed): train_queue_nohup_queue_tier1_science_sample_20260902T180915Z.log verdict verbatim: ""1113MB, BE29, run_id ok, drive md5 ok (526s)""; ts=engine-completed@phase4_semantic_finetune_train_2006s_2026-09-02T19-28.log",2026-09-02 19:28:48,,
tier1_science_sample_t1_2006s_add05,2006s,t1_2006s_add05,evaluate,OK,0,11.1,"RECOVERED-FROM-LOGS(ts=start): train_queue_nohup_queue_tier1_science_sample_20260902T180915Z.log outcome verbatim: ""[tier1_science_sample_t1_2006s_add05/evaluate] exit=0  elapsed 11.1 min""; ts=run_id-stamp@phase4_semantic_finetune_evaluate_2006s_2026-09-02T19-48.log",2026-09-02 19:37:52,,
tier1_science_sample_t1_2006s_add05,2006s,t1_2006s_add05,VERIFY,OK,,,"RECOVERED-FROM-LOGS(ts=completed): train_queue_nohup_queue_tier1_science_sample_20260902T180915Z.log verdict verbatim: ""steps subset ['train', 'evaluate'] — no prob raster expected; per-step verifies are the record""; ts=engine-completed@phase4_semantic_finetune_evaluate_2006s_2026-09-02T19-48.log",2026-09-02 19:48:01,,
tier1_science_sample_t1_2006s_add05,2006s,t1_2006s_add05,VERIFY:evaluate,OK,,,"RECOVERED-FROM-LOGS(ts=completed): train_queue_nohup_queue_tier1_science_sample_20260902T180915Z.log verdict verbatim: ""8 rows for 2006s/t1_2006s_add05, written 19:47:49""; ts=engine-completed@phase4_semantic_finetune_evaluate_2006s_2026-09-02T19-48.log",2026-09-02 19:48:01,,
tier1_science_sample_t1_2011s_cor02,2011s,t1_2011s_cor02,train,OK,0,2.2,,2026-09-02 20:03:47,a151c0467079,t1gpuD
tier1_science_sample_t1_2011s_cor02,2011s,t1_2011s_cor02,VERIFY:train,MISSING,,,no sem_best_2011s_t1_2011s_cor02.pt,2026-09-02 20:07:54,a151c0467079,t1gpuD
tier1_science_sample_t1_2016_in05,2016,t1_2016_in05,train,OK,0,27.6,,2026-09-02 20:07:58,a151c0467079,t1gpuD
tier1_science_sample_t1_2016_in05,2016,t1_2016_in05,VERIFY:train,OK,,,"1113MB, BE9, run_id ok, drive md5 ok (5s)",2026-09-02 20:35:47,a151c0467079,t1gpuD
tier1_science_sample_t1_2016_in05,2016,t1_2016_in05,evaluate,OK,0,3.8,,2026-09-02 20:35:48,a151c0467079,t1gpuD
tier1_science_sample_t1_2016_in05,2016,t1_2016_in05,VERIFY,OK,,,"steps subset ['train', 'evaluate'] — no prob raster expected; per-step verifies are the record",2026-09-02 20:39:38,a151c0467079,t1gpuD
tier1_science_sample_t1_2016_in05,2016,t1_2016_in05,VERIFY:evaluate,OK,,,"2 rows for 2016/t1_2016_in05, written 20:38:03",2026-09-02 20:39:38,a151c0467079,t1gpuD
tier1_science_sample_t1_2016_in16,2016,t1_2016_in16,train,OK,0,31.2,,2026-09-02 20:39:38,a151c0467079,t1gpuD
tier1_science_sample_t1_2016_in16,2016,t1_2016_in16,VERIFY:train,OK,,,"1113MB, BE23, run_id ok, drive md5 ok (400s)",2026-09-02 21:17:40,a151c0467079,t1gpuD
tier1_science_sample_t1_2016_in16,2016,t1_2016_in16,evaluate,OK,0,2.2,,2026-09-02 21:17:42,a151c0467079,t1gpuD
tier1_science_sample_t1_2016_in16,2016,t1_2016_in16,VERIFY,OK,,,"steps subset ['train', 'evaluate'] — no prob raster expected; per-step verifies are the record",2026-09-02 21:19:58,a151c0467079,t1gpuD
tier1_science_sample_t1_2016_in16,2016,t1_2016_in16,VERIFY:evaluate,OK,,,"2 rows for 2016/t1_2016_in16, written 21:19:37",2026-09-02 21:19:58,a151c0467079,t1gpuD
tier1_science_sample_t1_2016_nir,2016,t1_2016_nir,train,OK,0,29.5,,2026-09-02 21:19:58,a151c0467079,t1gpuD
tier1_science_sample_t1_2016_nir,2016,t1_2016_nir,VERIFY:train,OK,,,"1113MB, BE22, run_id ok, drive md5 ok (4s)",2026-09-02 21:49:41,a151c0467079,t1gpuD
tier1_science_sample_t1_2016_nir,2016,t1_2016_nir,evaluate,OK,0,2.0,,2026-09-02 21:49:43,a151c0467079,t1gpuD
tier1_science_sample_t1_2016_nir,2016,t1_2016_nir,VERIFY,OK,,,"steps subset ['train', 'evaluate'] — no prob raster expected; per-step verifies are the record",2026-09-02 21:51:43,a151c0467079,t1gpuD
tier1_science_sample_t1_2016_nir,2016,t1_2016_nir,VERIFY:evaluate,OK,,,"2 rows for 2016/t1_2016_nir, written 21:51:06",2026-09-02 21:51:43,a151c0467079,t1gpuD
tier1_science_sample_t1_2020_base,2020,t1_2020_base,train,OK,0,37.3,,2026-09-02 21:51:46,a151c0467079,t1gpuD
tier1_science_sample_t1_2020_base,2020,t1_2020_base,VERIFY:train,UNVERIFIED,,,"RECOVERED-FROM-LOGS(ts=completed): train_queue_nohup_queue_tier1_science_sample_20260902T195556Z.log verdict verbatim: ""773MB, AE15, run_id ok, DRIVE HOLDS DIFFERENT BYTES: mount md5 ac2cc913, drive absent after 602s — this VM is reading a file the lake does not have""; ts=engine-completed@phase4_semantic_finetune_train_2020_2026-09-02T22-28.log",2026-09-02 22:28:55,,
tier1_science_sample_t1_2020_base,2020,t1_2020_base,evaluate,OK,0,4.2,"RECOVERED-FROM-LOGS(ts=start): train_queue_nohup_queue_tier1_science_sample_20260902T195556Z.log outcome verbatim: ""[tier1_science_sample_t1_2020_base/evaluate] exit=0  elapsed 4.2 min""; ts=run_id-stamp@phase4_semantic_finetune_evaluate_2020_2026-09-02T22-45.log",2026-09-02 22:41:44,,
tier1_science_sample_t1_2020_base,2020,t1_2020_base,VERIFY,OK,,,"RECOVERED-FROM-LOGS(ts=completed): train_queue_nohup_queue_tier1_science_sample_20260902T195556Z.log verdict verbatim: ""steps subset ['train', 'evaluate'] — no prob raster expected; per-step verifies are the record""; ts=engine-completed@phase4_semantic_finetune_evaluate_2020_2026-09-02T22-45.log",2026-09-02 22:45:48,,
tier1_science_sample_t1_2020_base,2020,t1_2020_base,VERIFY:evaluate,OK,,,"RECOVERED-FROM-LOGS(ts=completed): train_queue_nohup_queue_tier1_science_sample_20260902T195556Z.log verdict verbatim: ""2 rows for 2020/t1_2020_base, written 22:44:58""; ts=engine-completed@phase4_semantic_finetune_evaluate_2020_2026-09-02T22-45.log",2026-09-02 22:45:48,,
tier1_science_sample_t1_2020_add05,2020,t1_2020_add05,train,OK,0,34.0,"RECOVERED-FROM-LOGS(ts=completed-minutes): train_queue_nohup_queue_tier1_science_sample_20260902T195556Z.log outcome verbatim: ""[tier1_science_sample_t1_2020_add05/train] exit=0  elapsed 34.0 min""; ts=engine-completed-minus-minutes@phase4_semantic_finetune_train_2020_2026-09-02T23-19.log",2026-09-02 22:45:52,,
tier1_science_sample_t1_2020_add05,2020,t1_2020_add05,VERIFY:train,OK,,,"RECOVERED-FROM-LOGS(ts=completed): train_queue_nohup_queue_tier1_science_sample_20260902T195556Z.log verdict verbatim: ""773MB, AE13, run_id ok, drive md5 ok (6s)""; ts=engine-completed@phase4_semantic_finetune_train_2020_2026-09-02T23-19.log",2026-09-02 23:19:52,,
tier1_science_sample_t1_2020_add05,2020,t1_2020_add05,evaluate,OK,0,2.9,"RECOVERED-FROM-LOGS(ts=start): train_queue_nohup_queue_tier1_science_sample_20260902T195556Z.log outcome verbatim: ""[tier1_science_sample_t1_2020_add05/evaluate] exit=0  elapsed 2.9 min""; ts=run_id-stamp@phase4_semantic_finetune_evaluate_2020_2026-09-02T23-23.log",2026-09-02 23:20:56,,
tier1_science_sample_t1_2020_add05,2020,t1_2020_add05,VERIFY,OK,,,"RECOVERED-FROM-LOGS(ts=completed): train_queue_nohup_queue_tier1_science_sample_20260902T195556Z.log verdict verbatim: ""steps subset ['train', 'evaluate'] — no prob raster expected; per-step verifies are the record""; ts=engine-completed@phase4_semantic_finetune_evaluate_2020_2026-09-02T23-23.log",2026-09-02 23:23:45,,
tier1_science_sample_t1_2020_add05,2020,t1_2020_add05,VERIFY:evaluate,OK,,,"RECOVERED-FROM-LOGS(ts=completed): train_queue_nohup_queue_tier1_science_sample_20260902T195556Z.log verdict verbatim: ""2 rows for 2020/t1_2020_add05, written 23:22:53""; ts=engine-completed@phase4_semantic_finetune_evaluate_2020_2026-09-02T23-23.log",2026-09-02 23:23:45,,
tier1_science_sample_t1_2020_in05,2020,t1_2020_in05,labels,OK,0,15.1,"RECOVERED-FROM-LOGS(ts=start): train_queue_nohup_queue_tier1_science_sample_20260902T195556Z.log outcome verbatim: ""[tier1_science_sample_t1_2020_in05/labels] exit=0  elapsed 15.1 min""; ts=run_id-stamp@phase4_semantic_finetune_labels_2020_2026-09-02T23-37.log",2026-09-02 23:23:51,,
tier1_science_sample_t1_2020_in05,2020,t1_2020_in05,VERIFY:labels,OK,,,"RECOVERED-FROM-LOGS(ts=completed): train_queue_nohup_queue_tier1_science_sample_20260902T195556Z.log verdict verbatim: ""citywide: labels step is skipped by design""; ts=engine-completed@phase4_semantic_finetune_labels_2020_2026-09-02T23-37.log",2026-09-02 23:37:58,,
tier1_science_sample_t1_2020_in05,2020,t1_2020_in05,tile,OK,0,29.7,"RECOVERED-FROM-LOGS(ts=start): train_queue_nohup_queue_tier1_science_sample_20260902T195556Z.log outcome verbatim: ""[tier1_science_sample_t1_2020_in05/tile] exit=0  elapsed 29.7 min""; ts=run_id-stamp@phase4_semantic_finetune_tile_2020_2026-09-03T00-08.log",2026-09-02 23:38:59,,
tier1_science_sample_t1_2020_in05,2020,t1_2020_in05,VERIFY:tile,OK,,,"RECOVERED-FROM-LOGS(ts=completed): train_queue_nohup_queue_tier1_science_sample_20260902T195556Z.log verdict verbatim: ""631 tiles indexed; probed 20 paths, 0 missing""; ts=engine-completed@phase4_semantic_finetune_tile_2020_2026-09-03T00-08.log",2026-09-03 00:08:34,,
tier1_science_sample_t1_2020_in05,2020,t1_2020_in05,train,OK,0,33.2,"RECOVERED-FROM-LOGS(ts=start): train_queue_nohup_queue_tier1_science_sample_20260902T195556Z.log outcome verbatim: ""[tier1_science_sample_t1_2020_in05/train] exit=0  elapsed 33.2 min""; ts=run_id-stamp@phase4_semantic_finetune_train_2020_2026-09-03T00-41.log",2026-09-03 00:08:44,,
tier1_science_sample_t1_2006s_base,2006s,t1_2006s_base,inference,OK,0,5.0,,2026-09-03 00:19:56,bfb6c24dcb56,t1gpuE
tier1_science_sample_t1_2006s_base,2006s,t1_2006s_base,VERIFY,OK,,,10MB valid=15.4% maxprob=0.791 p99.9=0.736 [2369x1687 sample],2026-09-03 00:24:58,bfb6c24dcb56,t1gpuE
tier1_science_sample_t1_2006s_base,2006s,t1_2006s_base,VERIFY:inference,OK,,,10MB valid=15.4% maxprob=0.791 p99.9=0.736 [2369x1687 sample],2026-09-03 00:24:58,bfb6c24dcb56,t1gpuE
tier1_science_sample_t1_2006s_add05,2006s,t1_2006s_add05,inference,OK,0,4.0,,2026-09-03 00:25:02,bfb6c24dcb56,t1gpuE
tier1_science_sample_t1_2006s_add05,2006s,t1_2006s_add05,VERIFY,OK,,,11MB valid=15.4% maxprob=0.811 p99.9=0.760 [2369x1687 sample],2026-09-03 00:29:01,bfb6c24dcb56,t1gpuE
tier1_science_sample_t1_2006s_add05,2006s,t1_2006s_add05,VERIFY:inference,OK,,,11MB valid=15.4% maxprob=0.811 p99.9=0.760 [2369x1687 sample],2026-09-03 00:29:01,bfb6c24dcb56,t1gpuE
tier1_science_sample_t1_2006s_add16,2006s,t1_2006s_add16,inference,OK,0,2.9,,2026-09-03 00:29:54,bfb6c24dcb56,t1gpuE
tier1_science_sample_t1_2006s_add16,2006s,t1_2006s_add16,VERIFY,WEAK_CALIBRATION,,,7MB valid=15.4% maxprob=0.547 p99.9=0.512 [2369x1687 sample],2026-09-03 00:32:55,bfb6c24dcb56,t1gpuE
tier1_science_sample_t1_2006s_add16,2006s,t1_2006s_add16,VERIFY:inference,WEAK_CALIBRATION,,,7MB valid=15.4% maxprob=0.547 p99.9=0.512 [2369x1687 sample],2026-09-03 00:32:55,bfb6c24dcb56,t1gpuE
tier1_science_sample_t1_2006s_in05,2006s,t1_2006s_in05,inference,OK,0,8.0,,2026-09-03 00:32:59,bfb6c24dcb56,t1gpuE
tier1_science_sample_t1_2006s_in05,2006s,t1_2006s_in05,VERIFY,OK,,,"RECOVERED-FROM-LOGS(ts=completed): train_queue_nohup_queue_tier1_science_sample_20260903T001427Z.log verdict verbatim: ""10MB valid=15.4% maxprob=0.803 p99.9=0.740 [2369x1687 sample]""; ts=engine-completed@phase4_semantic_finetune_inference_2006s_2026-09-03T00-40.log",2026-09-03 00:40:56,,
tier1_science_sample_t1_2006s_in05,2006s,t1_2006s_in05,VERIFY:inference,OK,,,"RECOVERED-FROM-LOGS(ts=completed): train_queue_nohup_queue_tier1_science_sample_20260903T001427Z.log verdict verbatim: ""10MB valid=15.4% maxprob=0.803 p99.9=0.740 [2369x1687 sample]""; ts=engine-completed@phase4_semantic_finetune_inference_2006s_2026-09-03T00-40.log",2026-09-03 00:40:56,,
tier1_science_sample_t1_2020_in05,2020,t1_2020_in05,VERIFY:train,OK,,,"RECOVERED-FROM-LOGS(ts=completed): train_queue_nohup_queue_tier1_science_sample_20260902T195556Z.log verdict verbatim: ""773MB, AE19, run_id ok, drive md5 ok (5s)""; ts=engine-completed@phase4_semantic_finetune_train_2020_2026-09-03T00-41.log",2026-09-03 00:41:37,,
tier1_science_sample_t1_2006s_in16,2006s,t1_2006s_in16,inference,OK,0,3.2,"RECOVERED-FROM-LOGS(ts=start): train_queue_nohup_queue_tier1_science_sample_20260903T001427Z.log outcome verbatim: ""[tier1_science_sample_t1_2006s_in16/inference] exit=0  elapsed 3.2 min""; ts=run_id-stamp@phase4_semantic_finetune_inference_2006s_2026-09-03T00-44.log",2026-09-03 00:41:51,,
tier1_science_sample_t1_2020_in05,2020,t1_2020_in05,evaluate,OK,0,1.8,"RECOVERED-FROM-LOGS(ts=start): train_queue_nohup_queue_tier1_science_sample_20260902T195556Z.log outcome verbatim: ""[tier1_science_sample_t1_2020_in05/evaluate] exit=0  elapsed 1.8 min""; ts=run_id-stamp@phase4_semantic_finetune_evaluate_2020_2026-09-03T00-43.log",2026-09-03 00:42:09,,
tier1_science_sample_t1_2020_in05,2020,t1_2020_in05,VERIFY,OK,,,"RECOVERED-FROM-LOGS(ts=completed): train_queue_nohup_queue_tier1_science_sample_20260902T195556Z.log verdict verbatim: ""steps subset ['labels', 'tile', 'train', 'evaluate'] — no prob raster expected; per-step verifies are the record""; ts=engine-completed@phase4_semantic_finetune_evaluate_2020_2026-09-03T00-43.log",2026-09-03 00:43:51,,
tier1_science_sample_t1_2020_in05,2020,t1_2020_in05,VERIFY:evaluate,OK,,,"RECOVERED-FROM-LOGS(ts=completed): train_queue_nohup_queue_tier1_science_sample_20260902T195556Z.log verdict verbatim: ""2 rows for 2020/t1_2020_in05, written 00:43:44""; ts=engine-completed@phase4_semantic_finetune_evaluate_2020_2026-09-03T00-43.log",2026-09-03 00:43:51,,
tier1_science_sample_t1_2020_in16,2020,t1_2020_in16,labels,OK,0,12.0,"RECOVERED-FROM-LOGS(ts=start): train_queue_nohup_queue_tier1_science_sample_20260902T195556Z.log outcome verbatim: ""[tier1_science_sample_t1_2020_in16/labels] exit=0  elapsed 12.0 min""; ts=run_id-stamp@phase4_semantic_finetune_labels_2020_2026-09-03T00-55.log",2026-09-03 00:44:02,,
tier1_science_sample_t1_2006s_in16,2006s,t1_2006s_in16,VERIFY,OK,,,"RECOVERED-FROM-LOGS(ts=completed): train_queue_nohup_queue_tier1_science_sample_20260903T001427Z.log verdict verbatim: ""11MB valid=15.4% maxprob=0.791 p99.9=0.750 [2369x1687 sample]""; ts=engine-completed@phase4_semantic_finetune_inference_2006s_2026-09-03T00-44.log",2026-09-03 00:44:54,,
tier1_science_sample_t1_2006s_in16,2006s,t1_2006s_in16,VERIFY:inference,OK,,,"RECOVERED-FROM-LOGS(ts=completed): train_queue_nohup_queue_tier1_science_sample_20260903T001427Z.log verdict verbatim: ""11MB valid=15.4% maxprob=0.791 p99.9=0.750 [2369x1687 sample]""; ts=engine-completed@phase4_semantic_finetune_inference_2006s_2026-09-03T00-44.log",2026-09-03 00:44:54,,
tier1_science_sample_t1_2011s_base,2011s,t1_2011s_base,inference,OK,0,4.8,"RECOVERED-FROM-LOGS(ts=start): train_queue_nohup_queue_tier1_science_sample_20260903T001427Z.log outcome verbatim: ""[tier1_science_sample_t1_2011s_base/inference] exit=0  elapsed 4.8 min""; ts=run_id-stamp@phase4_semantic_finetune_inference_2011s_2026-09-03T00-49.log",2026-09-03 00:45:03,,
tier1_science_sample_t1_2011s_base,2011s,t1_2011s_base,VERIFY,OK,,,"RECOVERED-FROM-LOGS(ts=completed): train_queue_nohup_queue_tier1_science_sample_20260903T001427Z.log verdict verbatim: ""62MB valid=9.3% maxprob=0.906 p99.9=0.823 [2369x1687 sample]""; ts=engine-completed@phase4_semantic_finetune_inference_2011s_2026-09-03T00-49.log",2026-09-03 00:49:48,,
tier1_science_sample_t1_2011s_base,2011s,t1_2011s_base,VERIFY:inference,OK,,,"RECOVERED-FROM-LOGS(ts=completed): train_queue_nohup_queue_tier1_science_sample_20260903T001427Z.log verdict verbatim: ""62MB valid=9.3% maxprob=0.906 p99.9=0.823 [2369x1687 sample]""; ts=engine-completed@phase4_semantic_finetune_inference_2011s_2026-09-03T00-49.log",2026-09-03 00:49:48,,
tier1_science_sample_t1_2011s_base_s2,2011s,t1_2011s_base_s2,inference,OK,0,5.9,"RECOVERED-FROM-LOGS(ts=start): train_queue_nohup_queue_tier1_science_sample_20260903T001427Z.log outcome verbatim: ""[tier1_science_sample_t1_2011s_base_s2/inference] exit=0  elapsed 5.9 min""; ts=run_id-stamp@phase4_semantic_finetune_inference_2011s_2026-09-03T00-55.log",2026-09-03 00:49:59,,
tier1_science_sample_t1_2011s_base_s2,2011s,t1_2011s_base_s2,VERIFY,OK,,,"RECOVERED-FROM-LOGS(ts=completed): train_queue_nohup_queue_tier1_science_sample_20260903T001427Z.log verdict verbatim: ""59MB valid=9.3% maxprob=0.976 p99.9=0.921 [2369x1687 sample]""; ts=engine-completed@phase4_semantic_finetune_inference_2011s_2026-09-03T00-55.log",2026-09-03 00:55:50,,
tier1_science_sample_t1_2011s_base_s2,2011s,t1_2011s_base_s2,VERIFY:inference,OK,,,"RECOVERED-FROM-LOGS(ts=completed): train_queue_nohup_queue_tier1_science_sample_20260903T001427Z.log verdict verbatim: ""59MB valid=9.3% maxprob=0.976 p99.9=0.921 [2369x1687 sample]""; ts=engine-completed@phase4_semantic_finetune_inference_2011s_2026-09-03T00-55.log",2026-09-03 00:55:50,,
tier1_science_sample_t1_2020_in16,2020,t1_2020_in16,VERIFY:labels,OK,,,"RECOVERED-FROM-LOGS(ts=completed): train_queue_nohup_queue_tier1_science_sample_20260902T195556Z.log verdict verbatim: ""citywide: labels step is skipped by design""; ts=engine-completed@phase4_semantic_finetune_labels_2020_2026-09-03T00-55.log",2026-09-03 00:55:52,,
tier1_science_sample_t1_2011s_base_s3,2011s,t1_2011s_base_s3,inference,OK,0,7.6,"RECOVERED-FROM-LOGS(ts=start): train_queue_nohup_queue_tier1_science_sample_20260903T001427Z.log outcome verbatim: ""[tier1_science_sample_t1_2011s_base_s3/inference] exit=0  elapsed 7.6 min""; ts=run_id-stamp@phase4_semantic_finetune_inference_2011s_2026-09-03T01-02.log",2026-09-03 00:55:59,,
tier1_science_sample_t1_2020_in16,2020,t1_2020_in16,tile,OK,0,52.9,"RECOVERED-FROM-LOGS(ts=start): train_queue_nohup_queue_tier1_science_sample_20260902T195556Z.log outcome verbatim: ""[tier1_science_sample_t1_2020_in16/tile] exit=0  elapsed 52.9 min""; ts=run_id-stamp@phase4_semantic_finetune_tile_2020_2026-09-03T01-49.log",2026-09-03 00:56:58,,
tier1_science_sample_t1_2011s_base_s3,2011s,t1_2011s_base_s3,VERIFY,OK,,,"RECOVERED-FROM-LOGS(ts=completed): train_queue_nohup_queue_tier1_science_sample_20260903T001427Z.log verdict verbatim: ""62MB valid=9.3% maxprob=0.862 p99.9=0.803 [2369x1687 sample]""; ts=engine-completed@phase4_semantic_finetune_inference_2011s_2026-09-03T01-02.log",2026-09-03 01:02:58,,
tier1_science_sample_t1_2011s_base_s3,2011s,t1_2011s_base_s3,VERIFY:inference,OK,,,"RECOVERED-FROM-LOGS(ts=completed): train_queue_nohup_queue_tier1_science_sample_20260903T001427Z.log verdict verbatim: ""62MB valid=9.3% maxprob=0.862 p99.9=0.803 [2369x1687 sample]""; ts=engine-completed@phase4_semantic_finetune_inference_2011s_2026-09-03T01-02.log",2026-09-03 01:02:58,,
tier1_science_sample_t1_2011s_add05,2011s,t1_2011s_add05,inference,OK,0,7.3,"RECOVERED-FROM-LOGS(ts=start): train_queue_nohup_queue_tier1_science_sample_20260903T001427Z.log outcome verbatim: ""[tier1_science_sample_t1_2011s_add05/inference] exit=0  elapsed 7.3 min""; ts=run_id-stamp@phase4_semantic_finetune_inference_2011s_2026-09-03T01-10.log",2026-09-03 01:03:40,,
tier1_science_sample_t1_2011s_add05,2011s,t1_2011s_add05,VERIFY,OK,,,"RECOVERED-FROM-LOGS(ts=completed): train_queue_nohup_queue_tier1_science_sample_20260903T001427Z.log verdict verbatim: ""64MB valid=9.3% maxprob=0.866 p99.9=0.811 [2369x1687 sample]""; ts=engine-completed@phase4_semantic_finetune_inference_2011s_2026-09-03T01-10.log",2026-09-03 01:10:01,,
tier1_science_sample_t1_2011s_add05,2011s,t1_2011s_add05,VERIFY:inference,OK,,,"RECOVERED-FROM-LOGS(ts=completed): train_queue_nohup_queue_tier1_science_sample_20260903T001427Z.log verdict verbatim: ""64MB valid=9.3% maxprob=0.866 p99.9=0.811 [2369x1687 sample]""; ts=engine-completed@phase4_semantic_finetune_inference_2011s_2026-09-03T01-10.log",2026-09-03 01:10:01,,
tier1_science_sample_t1_2011s_add16,2011s,t1_2011s_add16,inference,OK,0,6.0,"RECOVERED-FROM-LOGS(ts=start): train_queue_nohup_queue_tier1_science_sample_20260903T001427Z.log outcome verbatim: ""[tier1_science_sample_t1_2011s_add16/inference] exit=0  elapsed 6.0 min""; ts=run_id-stamp@phase4_semantic_finetune_inference_2011s_2026-09-03T01-17.log",2026-09-03 01:11:54,,
tier1_science_sample_t1_2011s_add16,2011s,t1_2011s_add16,VERIFY,OK,,,"RECOVERED-FROM-LOGS(ts=completed): train_queue_nohup_queue_tier1_science_sample_20260903T001427Z.log verdict verbatim: ""60MB valid=9.3% maxprob=0.815 p99.9=0.760 [2369x1687 sample]""; ts=engine-completed@phase4_semantic_finetune_inference_2011s_2026-09-03T01-17.log",2026-09-03 01:17:49,,
tier1_science_sample_t1_2011s_add16,2011s,t1_2011s_add16,VERIFY:inference,OK,,,"RECOVERED-FROM-LOGS(ts=completed): train_queue_nohup_queue_tier1_science_sample_20260903T001427Z.log verdict verbatim: ""60MB valid=9.3% maxprob=0.815 p99.9=0.760 [2369x1687 sample]""; ts=engine-completed@phase4_semantic_finetune_inference_2011s_2026-09-03T01-17.log",2026-09-03 01:17:49,,
tier1_science_sample_t1_2011s_in05,2011s,t1_2011s_in05,inference,OK,0,8.1,"RECOVERED-FROM-LOGS(ts=start): train_queue_nohup_queue_tier1_science_sample_20260903T001427Z.log outcome verbatim: ""[tier1_science_sample_t1_2011s_in05/inference] exit=0  elapsed 8.1 min""; ts=run_id-stamp@phase4_semantic_finetune_inference_2011s_2026-09-03T01-25.log",2026-09-03 01:17:58,,
tier1_science_sample_t1_2011s_in05,2011s,t1_2011s_in05,VERIFY,OK,,,"RECOVERED-FROM-LOGS(ts=completed): train_queue_nohup_queue_tier1_science_sample_20260903T001427Z.log verdict verbatim: ""59MB valid=9.3% maxprob=0.854 p99.9=0.815 [2369x1687 sample]""; ts=engine-completed@phase4_semantic_finetune_inference_2011s_2026-09-03T01-25.log",2026-09-03 01:25:56,,
tier1_science_sample_t1_2011s_in05,2011s,t1_2011s_in05,VERIFY:inference,OK,,,"RECOVERED-FROM-LOGS(ts=completed): train_queue_nohup_queue_tier1_science_sample_20260903T001427Z.log verdict verbatim: ""59MB valid=9.3% maxprob=0.854 p99.9=0.815 [2369x1687 sample]""; ts=engine-completed@phase4_semantic_finetune_inference_2011s_2026-09-03T01-25.log",2026-09-03 01:25:56,,
tier1_science_sample_t1_2011s_in16,2011s,t1_2011s_in16,inference,OK,0,8.0,"RECOVERED-FROM-LOGS(ts=start): train_queue_nohup_queue_tier1_science_sample_20260903T001427Z.log outcome verbatim: ""[tier1_science_sample_t1_2011s_in16/inference] exit=0  elapsed 8.0 min""; ts=run_id-stamp@phase4_semantic_finetune_inference_2011s_2026-09-03T01-35.log",2026-09-03 01:27:41,,
tier1_science_sample_t1_2011s_in16,2011s,t1_2011s_in16,VERIFY,OK,,,"RECOVERED-FROM-LOGS(ts=completed): train_queue_nohup_queue_tier1_science_sample_20260903T001427Z.log verdict verbatim: ""60MB valid=9.3% maxprob=0.898 p99.9=0.854 [2369x1687 sample]""; ts=engine-completed@phase4_semantic_finetune_inference_2011s_2026-09-03T01-35.log",2026-09-03 01:35:00,,
tier1_science_sample_t1_2011s_in16,2011s,t1_2011s_in16,VERIFY:inference,OK,,,"RECOVERED-FROM-LOGS(ts=completed): train_queue_nohup_queue_tier1_science_sample_20260903T001427Z.log verdict verbatim: ""60MB valid=9.3% maxprob=0.898 p99.9=0.854 [2369x1687 sample]""; ts=engine-completed@phase4_semantic_finetune_inference_2011s_2026-09-03T01-35.log",2026-09-03 01:35:00,,
tier1_science_sample_t1_2011s_cor05,2011s,t1_2011s_cor05,inference,OK,0,4.2,"RECOVERED-FROM-LOGS(ts=start): train_queue_nohup_queue_tier1_science_sample_20260903T001427Z.log outcome verbatim: ""[tier1_science_sample_t1_2011s_cor05/inference] exit=0  elapsed 4.2 min""; ts=run_id-stamp@phase4_semantic_finetune_inference_2011s_2026-09-03T01-38.log",2026-09-03 01:35:43,,
tier1_science_sample_t1_2011s_cor05,2011s,t1_2011s_cor05,VERIFY,OK,,,"RECOVERED-FROM-LOGS(ts=completed): train_queue_nohup_queue_tier1_science_sample_20260903T001427Z.log verdict verbatim: ""61MB valid=9.3% maxprob=0.874 p99.9=0.776 [2369x1687 sample]""; ts=engine-completed@phase4_semantic_finetune_inference_2011s_2026-09-03T01-38.log",2026-09-03 01:38:59,,
tier1_science_sample_t1_2011s_cor05,2011s,t1_2011s_cor05,VERIFY:inference,OK,,,"RECOVERED-FROM-LOGS(ts=completed): train_queue_nohup_queue_tier1_science_sample_20260903T001427Z.log verdict verbatim: ""61MB valid=9.3% maxprob=0.874 p99.9=0.776 [2369x1687 sample]""; ts=engine-completed@phase4_semantic_finetune_inference_2011s_2026-09-03T01-38.log",2026-09-03 01:38:59,,
tier1_science_sample_t1_2011s_cor10,2011s,t1_2011s_cor10,inference,OK,0,5.0,"RECOVERED-FROM-LOGS(ts=start): train_queue_nohup_queue_tier1_science_sample_20260903T001427Z.log outcome verbatim: ""[tier1_science_sample_t1_2011s_cor10/inference] exit=0  elapsed 5.0 min""; ts=run_id-stamp@phase4_semantic_finetune_inference_2011s_2026-09-03T01-44.log",2026-09-03 01:39:56,,
tier1_science_sample_t1_2011s_cor10,2011s,t1_2011s_cor10,VERIFY,OK,,,"RECOVERED-FROM-LOGS(ts=completed): train_queue_nohup_queue_tier1_science_sample_20260903T001427Z.log verdict verbatim: ""61MB valid=9.3% maxprob=0.866 p99.9=0.799 [2369x1687 sample]""; ts=engine-completed@phase4_semantic_finetune_inference_2011s_2026-09-03T01-44.log",2026-09-03 01:44:53,,
tier1_science_sample_t1_2011s_cor10,2011s,t1_2011s_cor10,VERIFY:inference,OK,,,"RECOVERED-FROM-LOGS(ts=completed): train_queue_nohup_queue_tier1_science_sample_20260903T001427Z.log verdict verbatim: ""61MB valid=9.3% maxprob=0.866 p99.9=0.799 [2369x1687 sample]""; ts=engine-completed@phase4_semantic_finetune_inference_2011s_2026-09-03T01-44.log",2026-09-03 01:44:53,,
tier1_science_sample_t1_2016_base,2016,t1_2016_base,inference,OK,0,5.7,"RECOVERED-FROM-LOGS(ts=start): train_queue_nohup_queue_tier1_science_sample_20260903T001427Z.log outcome verbatim: ""[tier1_science_sample_t1_2016_base/inference] exit=0  elapsed 5.7 min""; ts=run_id-stamp@phase4_semantic_finetune_inference_2016_2026-09-03T01-50.log",2026-09-03 01:45:02,,
tier1_science_sample_t1_2020_in16,2020,t1_2020_in16,VERIFY:tile,OK,,,"RECOVERED-FROM-LOGS(ts=completed): train_queue_nohup_queue_tier1_science_sample_20260902T195556Z.log verdict verbatim: ""631 tiles indexed; probed 20 paths, 0 missing""; ts=engine-completed@phase4_semantic_finetune_tile_2020_2026-09-03T01-49.log",2026-09-03 01:49:00,,
tier1_science_sample_t1_2020_in16,2020,t1_2020_in16,train,OK,0,31.7,"RECOVERED-FROM-LOGS(ts=start): train_queue_nohup_queue_tier1_science_sample_20260902T195556Z.log outcome verbatim: ""[tier1_science_sample_t1_2020_in16/train] exit=0  elapsed 31.7 min""; ts=run_id-stamp@phase4_semantic_finetune_train_2020_2026-09-03T02-21.log",2026-09-03 01:49:54,,
tier1_science_sample_t1_2016_base,2016,t1_2016_base,VERIFY,OK,,,"RECOVERED-FROM-LOGS(ts=completed): train_queue_nohup_queue_tier1_science_sample_20260903T001427Z.log verdict verbatim: ""61MB valid=9.3% maxprob=0.870 p99.9=0.780 [2369x1687 sample]""; ts=engine-completed@phase4_semantic_finetune_inference_2016_2026-09-03T01-50.log",2026-09-03 01:50:42,,
tier1_science_sample_t1_2016_base,2016,t1_2016_base,VERIFY:inference,OK,,,"RECOVERED-FROM-LOGS(ts=completed): train_queue_nohup_queue_tier1_science_sample_20260903T001427Z.log verdict verbatim: ""61MB valid=9.3% maxprob=0.870 p99.9=0.780 [2369x1687 sample]""; ts=engine-completed@phase4_semantic_finetune_inference_2016_2026-09-03T01-50.log",2026-09-03 01:50:42,,
tier1_science_sample_t1_2016_add05,2016,t1_2016_add05,inference,OK,0,6.2,"RECOVERED-FROM-LOGS(ts=start): train_queue_nohup_queue_tier1_science_sample_20260903T001427Z.log outcome verbatim: ""[tier1_science_sample_t1_2016_add05/inference] exit=0  elapsed 6.2 min""; ts=run_id-stamp@phase4_semantic_finetune_inference_2016_2026-09-03T01-56.log",2026-09-03 01:50:49,,
tier1_science_sample_t1_2016_add05,2016,t1_2016_add05,VERIFY,OK,,,"RECOVERED-FROM-LOGS(ts=completed): train_queue_nohup_queue_tier1_science_sample_20260903T001427Z.log verdict verbatim: ""63MB valid=9.3% maxprob=0.965 p99.9=0.925 [2369x1687 sample]""; ts=engine-completed@phase4_semantic_finetune_inference_2016_2026-09-03T01-56.log",2026-09-03 01:56:57,,
tier1_science_sample_t1_2016_add05,2016,t1_2016_add05,VERIFY:inference,OK,,,"RECOVERED-FROM-LOGS(ts=completed): train_queue_nohup_queue_tier1_science_sample_20260903T001427Z.log verdict verbatim: ""63MB valid=9.3% maxprob=0.965 p99.9=0.925 [2369x1687 sample]""; ts=engine-completed@phase4_semantic_finetune_inference_2016_2026-09-03T01-56.log",2026-09-03 01:56:57,,
tier1_science_sample_t1_2016_add16,2016,t1_2016_add16,inference,OK,0,9.0,"RECOVERED-FROM-LOGS(ts=start): train_queue_nohup_queue_tier1_science_sample_20260903T001427Z.log outcome verbatim: ""[tier1_science_sample_t1_2016_add16/inference] exit=0  elapsed 9.0 min""; ts=run_id-stamp@phase4_semantic_finetune_inference_2016_2026-09-03T02-06.log",2026-09-03 01:58:02,,
tier1_science_sample_t1_2016_add16,2016,t1_2016_add16,VERIFY,OK,,,"RECOVERED-FROM-LOGS(ts=completed): train_queue_nohup_queue_tier1_science_sample_20260903T001427Z.log verdict verbatim: ""61MB valid=9.3% maxprob=0.929 p99.9=0.839 [2369x1687 sample]""; ts=engine-completed@phase4_semantic_finetune_inference_2016_2026-09-03T02-06.log",2026-09-03 02:06:54,,
tier1_science_sample_t1_2016_add16,2016,t1_2016_add16,VERIFY:inference,OK,,,"RECOVERED-FROM-LOGS(ts=completed): train_queue_nohup_queue_tier1_science_sample_20260903T001427Z.log verdict verbatim: ""61MB valid=9.3% maxprob=0.929 p99.9=0.839 [2369x1687 sample]""; ts=engine-completed@phase4_semantic_finetune_inference_2016_2026-09-03T02-06.log",2026-09-03 02:06:54,,
tier1_science_sample_t1_2020_add16,2020,t1_2020_add16,inference,OK,0,23.1,"RECOVERED-FROM-LOGS(ts=start): train_queue_nohup_queue_tier1_science_sample_20260903T001427Z.log outcome verbatim: ""[tier1_science_sample_t1_2020_add16/inference] exit=0  elapsed 23.1 min""; ts=run_id-stamp@phase4_semantic_finetune_inference_2020_2026-09-03T02-31.log",2026-09-03 02:08:51,,
tier1_science_sample_t1_2020_in16,2020,t1_2020_in16,VERIFY:train,OK,,,"RECOVERED-FROM-LOGS(ts=completed): train_queue_nohup_queue_tier1_science_sample_20260902T195556Z.log verdict verbatim: ""773MB, AE18, run_id ok, drive md5 ok (5s)""; ts=engine-completed@phase4_semantic_finetune_train_2020_2026-09-03T02-21.log",2026-09-03 02:21:27,,
tier1_science_sample_t1_2020_in16,2020,t1_2020_in16,evaluate,OK,0,4.1,"RECOVERED-FROM-LOGS(ts=start): train_queue_nohup_queue_tier1_science_sample_20260902T195556Z.log outcome verbatim: ""[tier1_science_sample_t1_2020_in16/evaluate] exit=0  elapsed 4.1 min""; ts=run_id-stamp@phase4_semantic_finetune_evaluate_2020_2026-09-03T02-25.log",2026-09-03 02:21:48,,
tier1_science_sample_t1_2020_in16,2020,t1_2020_in16,VERIFY,OK,,,"RECOVERED-FROM-LOGS(ts=completed): train_queue_nohup_queue_tier1_science_sample_20260902T195556Z.log verdict verbatim: ""steps subset ['labels', 'tile', 'train', 'evaluate'] — no prob raster expected; per-step verifies are the record""; ts=engine-completed@phase4_semantic_finetune_evaluate_2020_2026-09-03T02-25.log",2026-09-03 02:25:52,,
tier1_science_sample_t1_2020_in16,2020,t1_2020_in16,VERIFY:evaluate,OK,,,"RECOVERED-FROM-LOGS(ts=completed): train_queue_nohup_queue_tier1_science_sample_20260902T195556Z.log verdict verbatim: ""2 rows for 2020/t1_2020_in16, written 02:24:51""; ts=engine-completed@phase4_semantic_finetune_evaluate_2020_2026-09-03T02-25.log",2026-09-03 02:25:52,,
tier1_science_sample_t1_2019n_base,2019n,t1_2019n_base,train,OK,0,21.8,"RECOVERED-FROM-LOGS(ts=start): train_queue_nohup_queue_tier1_science_sample_20260902T195556Z.log outcome verbatim: ""[tier1_science_sample_t1_2019n_base/train] exit=0  elapsed 21.8 min""; ts=run_id-stamp@phase4_semantic_finetune_train_2019n_2026-09-03T02-47.log",2026-09-03 02:25:59,,
tier1_science_sample_t1_2020_add16,2020,t1_2020_add16,VERIFY,WEAK_CALIBRATION,,,"RECOVERED-FROM-LOGS(ts=completed): train_queue_nohup_queue_tier1_science_sample_20260903T001427Z.log verdict verbatim: ""681MB valid=7.4% maxprob=0.689 p99.9=0.665 [2387x1674 sample]""; ts=engine-completed@phase4_semantic_finetune_inference_2020_2026-09-03T02-31.log",2026-09-03 02:31:02,,
tier1_science_sample_t1_2020_add16,2020,t1_2020_add16,VERIFY:inference,WEAK_CALIBRATION,,,"RECOVERED-FROM-LOGS(ts=completed): train_queue_nohup_queue_tier1_science_sample_20260903T001427Z.log verdict verbatim: ""681MB valid=7.4% maxprob=0.689 p99.9=0.665 [2387x1674 sample]""; ts=engine-completed@phase4_semantic_finetune_inference_2020_2026-09-03T02-31.log",2026-09-03 02:31:02,,
tier1_science_sample_t1_2019n_base,2019n,t1_2019n_base,VERIFY:train,OK,,,"RECOVERED-FROM-LOGS(ts=completed): train_queue_nohup_queue_tier1_science_sample_20260902T195556Z.log verdict verbatim: ""1113MB, BE30, run_id ok, drive md5 ok (44s)""; ts=engine-completed@phase4_semantic_finetune_train_2019n_2026-09-03T02-47.log",2026-09-03 02:47:39,,
tier1_science_sample_t1_2019n_base,2019n,t1_2019n_base,evaluate,OK,0,2.5,"RECOVERED-FROM-LOGS(ts=start): train_queue_nohup_queue_tier1_science_sample_20260902T195556Z.log outcome verbatim: ""[tier1_science_sample_t1_2019n_base/evaluate] exit=0  elapsed 2.5 min""; ts=run_id-stamp@phase4_semantic_finetune_evaluate_2019n_2026-09-03T02-50.log",2026-09-03 02:48:42,,
tier1_science_sample_t1_2019n_base,2019n,t1_2019n_base,VERIFY,OK,,,"RECOVERED-FROM-LOGS(ts=completed): train_queue_nohup_queue_tier1_science_sample_20260902T195556Z.log verdict verbatim: ""steps subset ['train', 'evaluate'] — no prob raster expected; per-step verifies are the record""; ts=engine-completed@phase4_semantic_finetune_evaluate_2019n_2026-09-03T02-50.log",2026-09-03 02:50:59,,
tier1_science_sample_t1_2019n_base,2019n,t1_2019n_base,VERIFY:evaluate,OK,,,"RECOVERED-FROM-LOGS(ts=completed): train_queue_nohup_queue_tier1_science_sample_20260902T195556Z.log verdict verbatim: ""2 rows for 2019n/t1_2019n_base, written 02:49:24""; ts=engine-completed@phase4_semantic_finetune_evaluate_2019n_2026-09-03T02-50.log",2026-09-03 02:50:59,,
tier1_science_sample_t1_2019n_nir,2019n,t1_2019n_nir,train,OK,0,22.0,"RECOVERED-FROM-LOGS(ts=start): train_queue_nohup_queue_tier1_science_sample_20260902T195556Z.log outcome verbatim: ""[tier1_science_sample_t1_2019n_nir/train] exit=0  elapsed 22.0 min""; ts=run_id-stamp@phase4_semantic_finetune_train_2019n_2026-09-03T03-13.log",2026-09-03 02:51:56,,
tier1_science_sample_t1_2019n_nir,2019n,t1_2019n_nir,VERIFY:train,OK,,,"RECOVERED-FROM-LOGS(ts=completed): train_queue_nohup_queue_tier1_science_sample_20260902T195556Z.log verdict verbatim: ""1113MB, BE29, run_id ok, drive md5 ok (43s)""; ts=engine-completed@phase4_semantic_finetune_train_2019n_2026-09-03T03-13.log",2026-09-03 03:13:48,,
tier1_science_sample_t1_2019n_nir,2019n,t1_2019n_nir,evaluate,OK,0,3.0,"RECOVERED-FROM-LOGS(ts=start): train_queue_nohup_queue_tier1_science_sample_20260902T195556Z.log outcome verbatim: ""[tier1_science_sample_t1_2019n_nir/evaluate] exit=0  elapsed 3.0 min""; ts=run_id-stamp@phase4_semantic_finetune_evaluate_2019n_2026-09-03T03-17.log",2026-09-03 03:14:52,,
tier1_science_sample_t1_2019n_nir,2019n,t1_2019n_nir,VERIFY,OK,,,"RECOVERED-FROM-LOGS(ts=completed): train_queue_nohup_queue_tier1_science_sample_20260902T195556Z.log verdict verbatim: ""steps subset ['train', 'evaluate'] — no prob raster expected; per-step verifies are the record""; ts=engine-completed@phase4_semantic_finetune_evaluate_2019n_2026-09-03T03-17.log",2026-09-03 03:17:48,,
tier1_science_sample_t1_2019n_nir,2019n,t1_2019n_nir,VERIFY:evaluate,OK,,,"RECOVERED-FROM-LOGS(ts=completed): train_queue_nohup_queue_tier1_science_sample_20260902T195556Z.log verdict verbatim: ""2 rows for 2019n/t1_2019n_nir, written 03:17:13""; ts=engine-completed@phase4_semantic_finetune_evaluate_2019n_2026-09-03T03-17.log",2026-09-03 03:17:48,,
tier1_science_sample_t1_2016_in05,2016,t1_2016_in05,inference,OK,0,12.0,,2026-09-03 03:33:55,09b9030cc9e8,t1gpuF
tier1_science_sample_t1_2016_in05,2016,t1_2016_in05,VERIFY,OK,,,60MB valid=9.3% maxprob=0.858 p99.9=0.803 [2369x1687 sample],2026-09-03 03:46:49,09b9030cc9e8,t1gpuF
tier1_science_sample_t1_2016_in05,2016,t1_2016_in05,VERIFY:inference,OK,,,60MB valid=9.3% maxprob=0.858 p99.9=0.803 [2369x1687 sample],2026-09-03 03:46:49,09b9030cc9e8,t1gpuF
tier1_science_sample_t1_2016_in16,2016,t1_2016_in16,inference,OK,0,7.9,,2026-09-03 03:46:50,09b9030cc9e8,t1gpuF
tier1_science_sample_t1_2016_in16,2016,t1_2016_in16,VERIFY:inference,OK,,,61MB valid=9.3% maxprob=0.925 p99.9=0.886 [2369x1687 sample],2026-09-03 03:54:57,09b9030cc9e8,t1gpuF
tier1_science_sample_t1_2016_in16,2016,t1_2016_in16,VERIFY,OK,,,61MB valid=9.3% maxprob=0.925 p99.9=0.886 [2369x1687 sample],2026-09-03 03:55:00,09b9030cc9e8,t1gpuF
tier1_science_sample_t1_2016_nir,2016,t1_2016_nir,inference,OK,0,10.8,,2026-09-03 03:55:52,09b9030cc9e8,t1gpuF
tier1_science_sample_t1_2016_nir,2016,t1_2016_nir,VERIFY,OK,,,61MB valid=9.3% maxprob=0.988 p99.9=0.972 [2369x1687 sample],2026-09-03 04:06:48,09b9030cc9e8,t1gpuF
tier1_science_sample_t1_2016_nir,2016,t1_2016_nir,VERIFY:inference,OK,,,61MB valid=9.3% maxprob=0.988 p99.9=0.972 [2369x1687 sample],2026-09-03 04:06:48,09b9030cc9e8,t1gpuF
tier1_science_sample_t1_2020_base,2020,t1_2020_base,inference,OK,0,34.9,,2026-09-03 04:06:48,09b9030cc9e8,t1gpuF
tier1_science_sample_t1_2020_add05,2020,t1_2020_add05,inference,OK,0,29.0,,2026-09-03 04:41:45,09b9030cc9e8,t1gpuF
tier1_science_sample_t1_2020_base,2020,t1_2020_base,VERIFY,OK,,,723MB valid=7.4% maxprob=0.902 p99.9=0.827 [2387x1674 sample],2026-09-03 04:41:45,09b9030cc9e8,t1gpuF
tier1_science_sample_t1_2020_base,2020,t1_2020_base,VERIFY:inference,OK,,,723MB valid=7.4% maxprob=0.902 p99.9=0.827 [2387x1674 sample],2026-09-03 04:41:45,09b9030cc9e8,t1gpuF
tier1_science_sample_t1_2020_add05,2020,t1_2020_add05,VERIFY,OK,,,"RECOVERED-FROM-LOGS(ts=completed): train_queue_nohup_queue_tier1_science_sample_20260903T032756Z.log verdict verbatim: ""735MB valid=7.4% maxprob=0.921 p99.9=0.819 [2387x1674 sample]""; ts=engine-completed@phase4_semantic_finetune_inference_2020_2026-09-03T05-10.log",2026-09-03 05:10:05,,
tier1_science_sample_t1_2020_add05,2020,t1_2020_add05,VERIFY:inference,OK,,,"RECOVERED-FROM-LOGS(ts=completed): train_queue_nohup_queue_tier1_science_sample_20260903T032756Z.log verdict verbatim: ""735MB valid=7.4% maxprob=0.921 p99.9=0.819 [2387x1674 sample]""; ts=engine-completed@phase4_semantic_finetune_inference_2020_2026-09-03T05-10.log",2026-09-03 05:10:05,,
tier1_science_sample_t1_2020_in05,2020,t1_2020_in05,inference,OK,0,28.4,"RECOVERED-FROM-LOGS(ts=start): train_queue_nohup_queue_tier1_science_sample_20260903T032756Z.log outcome verbatim: ""[tier1_science_sample_t1_2020_in05/inference] exit=0  elapsed 28.4 min""; ts=run_id-stamp@phase4_semantic_finetune_inference_2020_2026-09-03T05-39.log",2026-09-03 05:11:27,,
tier1_science_sample_t1_2020_in05,2020,t1_2020_in05,VERIFY,OK,,,"RECOVERED-FROM-LOGS(ts=completed): train_queue_nohup_queue_tier1_science_sample_20260903T032756Z.log verdict verbatim: ""708MB valid=7.4% maxprob=0.874 p99.9=0.807 [2387x1674 sample]""; ts=engine-completed@phase4_semantic_finetune_inference_2020_2026-09-03T05-39.log",2026-09-03 05:39:08,,
tier1_science_sample_t1_2020_in05,2020,t1_2020_in05,VERIFY:inference,OK,,,"RECOVERED-FROM-LOGS(ts=completed): train_queue_nohup_queue_tier1_science_sample_20260903T032756Z.log verdict verbatim: ""708MB valid=7.4% maxprob=0.874 p99.9=0.807 [2387x1674 sample]""; ts=engine-completed@phase4_semantic_finetune_inference_2020_2026-09-03T05-39.log",2026-09-03 05:39:08,,
tier1_science_sample_t1_2020_in16,2020,t1_2020_in16,inference,OK,0,34.1,"RECOVERED-FROM-LOGS(ts=start): train_queue_nohup_queue_tier1_science_sample_20260903T032756Z.log outcome verbatim: ""[tier1_science_sample_t1_2020_in16/inference] exit=0  elapsed 34.1 min""; ts=run_id-stamp@phase4_semantic_finetune_inference_2020_2026-09-03T06-13.log",2026-09-03 05:39:51,,
tier1_science_sample_t1_2020_in16,2020,t1_2020_in16,VERIFY,OK,,,"RECOVERED-FROM-LOGS(ts=completed): train_queue_nohup_queue_tier1_science_sample_20260903T032756Z.log verdict verbatim: ""650MB valid=7.4% maxprob=0.799 p99.9=0.728 [2387x1674 sample]""; ts=engine-completed@phase4_semantic_finetune_inference_2020_2026-09-03T06-13.log",2026-09-03 06:13:47,,
tier1_science_sample_t1_2020_in16,2020,t1_2020_in16,VERIFY:inference,OK,,,"RECOVERED-FROM-LOGS(ts=completed): train_queue_nohup_queue_tier1_science_sample_20260903T032756Z.log verdict verbatim: ""650MB valid=7.4% maxprob=0.799 p99.9=0.728 [2387x1674 sample]""; ts=engine-completed@phase4_semantic_finetune_inference_2020_2026-09-03T06-13.log",2026-09-03 06:13:47,,
tier1_science_sample_t1_2019n_base,2019n,t1_2019n_base,inference,OK,0,4.9,"RECOVERED-FROM-LOGS(ts=start): train_queue_nohup_queue_tier1_science_sample_20260903T032756Z.log outcome verbatim: ""[tier1_science_sample_t1_2019n_base/inference] exit=0  elapsed 4.9 min""; ts=run_id-stamp@phase4_semantic_finetune_inference_2019n_2026-09-03T06-17.log",2026-09-03 06:14:02,,
tier1_science_sample_t1_2019n_base,2019n,t1_2019n_base,VERIFY,OK,,,"RECOVERED-FROM-LOGS(ts=completed): train_queue_nohup_queue_tier1_science_sample_20260903T032756Z.log verdict verbatim: ""21MB valid=11.1% maxprob=0.870 p99.9=0.819 [2379x1681 sample]""; ts=engine-completed@phase4_semantic_finetune_inference_2019n_2026-09-03T06-17.log",2026-09-03 06:17:59,,
tier1_science_sample_t1_2019n_base,2019n,t1_2019n_base,VERIFY:inference,OK,,,"RECOVERED-FROM-LOGS(ts=completed): train_queue_nohup_queue_tier1_science_sample_20260903T032756Z.log verdict verbatim: ""21MB valid=11.1% maxprob=0.870 p99.9=0.819 [2379x1681 sample]""; ts=engine-completed@phase4_semantic_finetune_inference_2019n_2026-09-03T06-17.log",2026-09-03 06:17:59,,
tier1_science_sample_t1_2019n_nir,2019n,t1_2019n_nir,inference,OK,0,6.0,"RECOVERED-FROM-LOGS(ts=start): train_queue_nohup_queue_tier1_science_sample_20260903T032756Z.log outcome verbatim: ""[tier1_science_sample_t1_2019n_nir/inference] exit=0  elapsed 6.0 min""; ts=run_id-stamp@phase4_semantic_finetune_inference_2019n_2026-09-03T06-24.log",2026-09-03 06:18:59,,
tier1_science_sample_t1_2019n_nir,2019n,t1_2019n_nir,VERIFY,OK,,,"RECOVERED-FROM-LOGS(ts=completed): train_queue_nohup_queue_tier1_science_sample_20260903T032756Z.log verdict verbatim: ""22MB valid=11.1% maxprob=0.894 p99.9=0.831 [2379x1681 sample]""; ts=engine-completed@phase4_semantic_finetune_inference_2019n_2026-09-03T06-24.log",2026-09-03 06:24:54,,
tier1_science_sample_t1_2019n_nir,2019n,t1_2019n_nir,VERIFY:inference,OK,,,"RECOVERED-FROM-LOGS(ts=completed): train_queue_nohup_queue_tier1_science_sample_20260903T032756Z.log verdict verbatim: ""22MB valid=11.1% maxprob=0.894 p99.9=0.831 [2379x1681 sample]""; ts=engine-completed@phase4_semantic_finetune_inference_2019n_2026-09-03T06-24.log",2026-09-03 06:24:54,,
(launch),,,GUARD:runtag,GUARD_UNVERIFIED,,,"no live beacons in /content/drive/MyDrive/treedata/phase4/logs (62 heartbeat file(s), all stale or unreadable)",2026-09-05 03:11:58,f177769fa2e9,trend8A2
(launch),,,GUARD:runtag,GUARD_UNVERIFIED,,,"no live beacons in /content/drive/MyDrive/treedata/phase4/logs (62 heartbeat file(s), all stale or unreadable)",2026-09-05 03:13:07,cc4e9c9545e8,trend8B2
trend8_uniform_rgb_trend8_2009,2009,trend8_2009,labels,OK,0,4.2,,2026-09-05 03:16:38,f177769fa2e9,trend8A2
trend8_uniform_rgb_trend8_2013,2013,trend8_2013,labels,OK,0,9.0,,2026-09-05 03:18:50,cc4e9c9545e8,trend8B2
trend8_uniform_rgb_trend8_2009,2009,trend8_2009,VERIFY:labels,OK,,,citywide: labels step is skipped by design,2026-09-05 03:20:53,f177769fa2e9,trend8A2
trend8_uniform_rgb_trend8_2009,2009,trend8_2009,tile,OK,0,22.1,,2026-09-05 03:20:53,f177769fa2e9,trend8A2
trend8_uniform_rgb_trend8_2013,2013,trend8_2013,VERIFY:labels,OK,,,citywide: labels step is skipped by design,2026-09-05 03:27:55,cc4e9c9545e8,trend8B2
trend8_uniform_rgb_trend8_2013,2013,trend8_2013,tile,OK,0,24.9,,2026-09-05 03:27:55,cc4e9c9545e8,trend8B2
trend8_uniform_rgb_trend8_2009,2009,trend8_2009,VERIFY:tile,OK,,,"624 tiles indexed; probed 20 paths, 0 missing",2026-09-05 03:42:59,f177769fa2e9,trend8A2
trend8_uniform_rgb_trend8_2009,2009,trend8_2009,train,OK,0,39.0,,2026-09-05 03:42:59,f177769fa2e9,trend8A2
trend8_uniform_rgb_trend8_2013,2013,trend8_2013,VERIFY:tile,OK,,,"628 tiles indexed; probed 20 paths, 0 missing",2026-09-05 03:52:52,cc4e9c9545e8,trend8B2
trend8_uniform_rgb_trend8_2013,2013,trend8_2013,train,OK,0,41.9,,2026-09-05 03:52:52,cc4e9c9545e8,trend8B2
trend8_uniform_rgb_trend8_2009,2009,trend8_2009,VERIFY:train,OK,,,"1113MB, BE20, run_id ok, drive md5 ok (116s)",2026-09-05 04:24:01,f177769fa2e9,trend8A2
trend8_uniform_rgb_trend8_2009,2009,trend8_2009,evaluate,OK,0,2.8,,2026-09-05 04:24:50,f177769fa2e9,trend8A2
trend8_uniform_rgb_trend8_2009,2009,trend8_2009,VERIFY:evaluate,OK,,,"2 rows for 2009/trend8_2009, written 04:27:00",2026-09-05 04:27:40,f177769fa2e9,trend8A2
trend8_uniform_rgb_trend8_2009,2009,trend8_2009,inference,OK,0,6.1,,2026-09-05 04:27:40,f177769fa2e9,trend8A2
trend8_uniform_rgb_trend8_2009,2009,trend8_2009,VERIFY:inference,OK,,,468MB valid=94.9% maxprob=0.921 p99.9=0.807 [2387x1675 sample],2026-09-05 04:33:49,f177769fa2e9,trend8A2
trend8_uniform_rgb_trend8_2009,2009,trend8_2009,postproc,OK,0,4.8,,2026-09-05 04:33:49,f177769fa2e9,trend8A2
trend8_uniform_rgb_trend8_2009,2009,trend8_2009,VERIFY,OK,,,468MB valid=94.9% maxprob=0.921 p99.9=0.807 [2387x1675 sample],2026-09-05 04:38:37,f177769fa2e9,trend8A2
trend8_uniform_rgb_trend8_2009,2009,trend8_2009,VERIFY:postproc,OK,,,"mask 33MB, gpkg 17.8MB",2026-09-05 04:38:37,f177769fa2e9,trend8A2
trend8_uniform_rgb_trend8_2011s,2011s,trend8_2011s,labels,OK,0,6.2,,2026-09-05 04:38:38,f177769fa2e9,trend8A2
trend8_uniform_rgb_trend8_2013,2013,trend8_2013,VERIFY:train,OK,,,"1113MB, BE17, run_id ok, drive md5 ok (313s)",2026-09-05 04:40:05,cc4e9c9545e8,trend8B2
trend8_uniform_rgb_trend8_2013,2013,trend8_2013,evaluate,OK,0,2.9,,2026-09-05 04:40:57,cc4e9c9545e8,trend8B2
trend8_uniform_rgb_trend8_2013,2013,trend8_2013,VERIFY:evaluate,OK,,,"2 rows for 2013/trend8_2013, written 04:43:43",2026-09-05 04:43:54,cc4e9c9545e8,trend8B2
trend8_uniform_rgb_trend8_2013,2013,trend8_2013,inference,OK,0,24.1,,2026-09-05 04:43:54,cc4e9c9545e8,trend8B2
trend8_uniform_rgb_trend8_2011s,2011s,trend8_2011s,VERIFY:labels,OK,,,citywide: labels step is skipped by design,2026-09-05 04:44:54,f177769fa2e9,trend8A2
trend8_uniform_rgb_trend8_2011s,2011s,trend8_2011s,tile,RUNNING,,,,2026-09-05 04:44:54,f177769fa2e9,trend8A2
trend8_uniform_rgb_trend8_2011s,2011s,trend8_2011s,tile,OK,0,28.1,,2026-09-05 04:44:54,f177769fa2e9,trend8A2
trend8_uniform_rgb_trend8_2013,2013,trend8_2013,VERIFY:inference,OK,,,2395MB valid=90.6% maxprob=0.921 p99.9=0.846 [2385x1676 sample],2026-09-05 05:08:24,cc4e9c9545e8,trend8B2
trend8_uniform_rgb_trend8_2013,2013,trend8_2013,postproc,OK,0,17.5,,2026-09-05 05:08:24,cc4e9c9545e8,trend8B2
trend8_uniform_rgb_trend8_2011s,2011s,trend8_2011s,VERIFY:tile,OK,,,"589 tiles indexed; probed 20 paths, 0 missing",2026-09-05 05:13:37,f177769fa2e9,trend8A2
trend8_uniform_rgb_trend8_2011s,2011s,trend8_2011s,train,OK,0,35.1,,2026-09-05 05:13:37,f177769fa2e9,trend8A2
trend8_uniform_rgb_trend8_2013,2013,trend8_2013,VERIFY,OK,,,2395MB valid=90.6% maxprob=0.921 p99.9=0.846 [2385x1676 sample],2026-09-05 05:25:57,cc4e9c9545e8,trend8B2
trend8_uniform_rgb_trend8_2013,2013,trend8_2013,VERIFY:postproc,OK,,,"mask 95MB, gpkg 24.9MB",2026-09-05 05:25:57,cc4e9c9545e8,trend8B2
trend8_uniform_rgb_trend8_2015,2015,trend8_2015,labels,OK,0,5.0,,2026-09-05 05:25:59,cc4e9c9545e8,trend8B2
trend8_uniform_rgb_trend8_2015,2015,trend8_2015,VERIFY:labels,OK,,,citywide: labels step is skipped by design,2026-09-05 05:31:48,cc4e9c9545e8,trend8B2
trend8_uniform_rgb_trend8_2015,2015,trend8_2015,tile,OK,0,25.9,,2026-09-05 05:31:48,cc4e9c9545e8,trend8B2
trend8_uniform_rgb_trend8_2015,2015,trend8_2015,VERIFY:tile,OK,,,"601 tiles indexed; probed 20 paths, 0 missing",2026-09-05 05:57:40,cc4e9c9545e8,trend8B2
trend8_uniform_rgb_trend8_2015,2015,trend8_2015,train,OK,0,32.0,,2026-09-05 05:57:40,cc4e9c9545e8,trend8B2
trend8_uniform_rgb_trend8_2011s,2011s,trend8_2011s,VERIFY:train,UNVERIFIED,,,"1113MB, BE24, run_id ok, DRIVE HOLDS DIFFERENT BYTES: mount md5 d7c4b8cd, drive absent after 602s — this VM is reading a file the lake does not have",2026-09-05 05:58:53,f177769fa2e9,trend8A2
trend8_uniform_rgb_trend8_2011s,2011s,trend8_2011s,evaluate,OK,0,2.9,,2026-09-05 05:58:55,f177769fa2e9,trend8A2
trend8_uniform_rgb_trend8_2011s,2011s,trend8_2011s,VERIFY:evaluate,OK,,,"2 rows for 2011s/trend8_2011s, written 06:01:24",2026-09-05 06:01:51,f177769fa2e9,trend8A2
trend8_uniform_rgb_trend8_2011s,2011s,trend8_2011s,inference,OK,0,3.9,,2026-09-05 06:01:51,f177769fa2e9,trend8A2
trend8_uniform_rgb_trend8_2011s,2011s,trend8_2011s,VERIFY:inference,OK,,,328MB valid=79.9% maxprob=0.882 p99.9=0.835 [2369x1687 sample],2026-09-05 06:05:45,f177769fa2e9,trend8A2
trend8_uniform_rgb_trend8_2011s,2011s,trend8_2011s,postproc,OK,0,3.1,,2026-09-05 06:05:45,f177769fa2e9,trend8A2
trend8_uniform_rgb_trend8_2011s,2011s,trend8_2011s,VERIFY,OK,,,328MB valid=79.9% maxprob=0.882 p99.9=0.835 [2369x1687 sample],2026-09-05 06:08:53,f177769fa2e9,trend8A2
trend8_uniform_rgb_trend8_2011s,2011s,trend8_2011s,VERIFY:postproc,OK,,,"mask 19MB, gpkg 70.9MB",2026-09-05 06:08:53,f177769fa2e9,trend8A2
trend8_uniform_rgb_trend8_2016,2016,trend8_2016,labels,OK,0,9.0,,2026-09-05 06:08:55,f177769fa2e9,trend8A2
trend8_uniform_rgb_trend8_2016,2016,trend8_2016,VERIFY:labels,OK,,,citywide: labels step is skipped by design,2026-09-05 06:17:56,f177769fa2e9,trend8A2
trend8_uniform_rgb_trend8_2016,2016,trend8_2016,tile,OK,0,22.0,,2026-09-05 06:17:56,f177769fa2e9,trend8A2
trend8_uniform_rgb_trend8_2015,2015,trend8_2015,VERIFY:train,OK,,,"1113MB, BE27, run_id ok, drive md5 ok (262s)",2026-09-05 06:34:10,cc4e9c9545e8,trend8B2
trend8_uniform_rgb_trend8_2015,2015,trend8_2015,evaluate,OK,0,2.2,"RECOVERED-FROM-LOGS(ts=start): train_queue_nohup_queue_trend8_uniform_rgb_20260905T031304Z.log outcome verbatim: ""[trend8_uniform_rgb_trend8_2015/evaluate] exit=0  elapsed 2.2 min""; ts=run_id-stamp@phase4_semantic_finetune_evaluate_2015_2026-09-05T06-36.log",2026-09-05 06:34:47,,
trend8_uniform_rgb_trend8_2015,2015,trend8_2015,VERIFY:evaluate,OK,,,"RECOVERED-FROM-LOGS(ts=completed): train_queue_nohup_queue_trend8_uniform_rgb_20260905T031304Z.log verdict verbatim: ""2 rows for 2015/trend8_2015, written 06:36:04""; ts=engine-completed@phase4_semantic_finetune_evaluate_2015_2026-09-05T06-36.log",2026-09-05 06:36:55,,
trend8_uniform_rgb_trend8_2015,2015,trend8_2015,inference,OK,0,22.7,"RECOVERED-FROM-LOGS(ts=start): train_queue_nohup_queue_trend8_uniform_rgb_20260905T031304Z.log outcome verbatim: ""[trend8_uniform_rgb_trend8_2015/inference] exit=0  elapsed 22.7 min""; ts=run_id-stamp@phase4_semantic_finetune_inference_2015_2026-09-05T07-00.log",2026-09-05 06:37:58,,
trend8_uniform_rgb_trend8_2016,2016,trend8_2016,VERIFY:tile,OK,,,"612 tiles indexed; probed 20 paths, 0 missing",2026-09-05 06:40:35,f177769fa2e9,trend8A2
trend8_uniform_rgb_trend8_2016,2016,trend8_2016,train,OK,0,37.4,,2026-09-05 06:40:35,f177769fa2e9,trend8A2
trend8_uniform_rgb_trend8_2015,2015,trend8_2015,VERIFY:inference,OK,,,"RECOVERED-FROM-LOGS(ts=completed): train_queue_nohup_queue_trend8_uniform_rgb_20260905T031304Z.log verdict verbatim: ""2039MB valid=90.8% maxprob=0.858 p99.9=0.776 [2385x1676 sample]""; ts=engine-completed@phase4_semantic_finetune_inference_2015_2026-09-05T07-00.log",2026-09-05 07:00:39,,
trend8_uniform_rgb_trend8_2015,2015,trend8_2015,postproc,OK,0,17.0,"RECOVERED-FROM-LOGS(ts=start): train_queue_nohup_queue_trend8_uniform_rgb_20260905T031304Z.log outcome verbatim: ""[trend8_uniform_rgb_trend8_2015/postproc] exit=0  elapsed 17.0 min""; ts=run_id-stamp@phase4_semantic_finetune_postproc_2015_2026-09-05T07-17.log",2026-09-05 07:00:45,,
trend8_uniform_rgb_trend8_2015,2015,trend8_2015,VERIFY,OK,,,"RECOVERED-FROM-LOGS(ts=completed): train_queue_nohup_queue_trend8_uniform_rgb_20260905T031304Z.log verdict verbatim: ""2039MB valid=90.8% maxprob=0.858 p99.9=0.776 [2385x1676 sample]""; ts=engine-completed@phase4_semantic_finetune_postproc_2015_2026-09-05T07-17.log",2026-09-05 07:17:43,,
trend8_uniform_rgb_trend8_2015,2015,trend8_2015,VERIFY:postproc,OK,,,"RECOVERED-FROM-LOGS(ts=completed): train_queue_nohup_queue_trend8_uniform_rgb_20260905T031304Z.log verdict verbatim: ""mask 92MB, gpkg 22.5MB""; ts=engine-completed@phase4_semantic_finetune_postproc_2015_2026-09-05T07-17.log",2026-09-05 07:17:43,,
trend8_uniform_rgb_trend8_2019,2019,trend8_2019,labels,OK,0,7.1,"RECOVERED-FROM-LOGS(ts=start): train_queue_nohup_queue_trend8_uniform_rgb_20260905T031304Z.log outcome verbatim: ""[trend8_uniform_rgb_trend8_2019/labels] exit=0  elapsed 7.1 min""; ts=run_id-stamp@phase4_semantic_finetune_labels_2019_2026-09-05T07-23.log",2026-09-05 07:17:50,,
trend8_uniform_rgb_trend8_2019,2019,trend8_2019,VERIFY:labels,OK,,,"RECOVERED-FROM-LOGS(ts=completed): train_queue_nohup_queue_trend8_uniform_rgb_20260905T031304Z.log verdict verbatim: ""citywide: labels step is skipped by design""; ts=engine-completed@phase4_semantic_finetune_labels_2019_2026-09-05T07-23.log",2026-09-05 07:23:53,,
trend8_uniform_rgb_trend8_2019,2019,trend8_2019,tile,OK,0,26.0,"RECOVERED-FROM-LOGS(ts=start): train_queue_nohup_queue_trend8_uniform_rgb_20260905T031304Z.log outcome verbatim: ""[trend8_uniform_rgb_trend8_2019/tile] exit=0  elapsed 26.0 min""; ts=run_id-stamp@phase4_semantic_finetune_tile_2019_2026-09-05T07-50.log",2026-09-05 07:24:55,,
trend8_uniform_rgb_trend8_2016,2016,trend8_2016,VERIFY:train,UNVERIFIED,,,"1113MB, BE15, run_id ok, DRIVE HOLDS DIFFERENT BYTES: mount md5 a7ebc192, drive absent after 606s — this VM is reading a file the lake does not have",2026-09-05 07:29:02,f177769fa2e9,trend8A2
trend8_uniform_rgb_trend8_2016,2016,trend8_2016,evaluate,OK,0,3.2,,2026-09-05 07:29:47,f177769fa2e9,trend8A2
trend8_uniform_rgb_trend8_2016,2016,trend8_2016,VERIFY:evaluate,OK,,,"2 rows for 2016/trend8_2016, written 07:32:09",2026-09-05 07:33:03,f177769fa2e9,trend8A2
trend8_uniform_rgb_trend8_2016,2016,trend8_2016,inference,OK,0,6.8,,2026-09-05 07:33:03,f177769fa2e9,trend8A2
trend8_uniform_rgb_trend8_2016,2016,trend8_2016,VERIFY:inference,OK,,,362MB valid=82.3% maxprob=0.894 p99.9=0.854 [2369x1687 sample],2026-09-05 07:39:55,f177769fa2e9,trend8A2
trend8_uniform_rgb_trend8_2016,2016,trend8_2016,postproc,OK,0,2.9,,2026-09-05 07:39:55,f177769fa2e9,trend8A2
trend8_uniform_rgb_trend8_2016,2016,trend8_2016,VERIFY,OK,,,362MB valid=82.3% maxprob=0.894 p99.9=0.854 [2369x1687 sample],2026-09-05 07:42:49,f177769fa2e9,trend8A2
trend8_uniform_rgb_trend8_2016,2016,trend8_2016,VERIFY:postproc,OK,,,"mask 19MB, gpkg 72.1MB",2026-09-05 07:42:49,f177769fa2e9,trend8A2
trend8_uniform_rgb_trend8_2024,2024,trend8_2024,labels,OK,0,4.9,,2026-09-05 07:42:51,f177769fa2e9,trend8A2
trend8_uniform_rgb_trend8_2024,2024,trend8_2024,VERIFY:labels,OK,,,citywide: labels step is skipped by design,2026-09-05 07:47:47,f177769fa2e9,trend8A2
trend8_uniform_rgb_trend8_2024,2024,trend8_2024,tile,OK,0,27.1,,2026-09-05 07:47:47,f177769fa2e9,trend8A2
trend8_uniform_rgb_trend8_2019,2019,trend8_2019,VERIFY:tile,OK,,,"RECOVERED-FROM-LOGS(ts=completed): train_queue_nohup_queue_trend8_uniform_rgb_20260905T031304Z.log verdict verbatim: ""600 tiles indexed; probed 20 paths, 0 missing""; ts=engine-completed@phase4_semantic_finetune_tile_2019_2026-09-05T07-50.log",2026-09-05 07:50:53,,
trend8_uniform_rgb_trend8_2019,2019,trend8_2019,train,OK,0,38.1,"RECOVERED-FROM-LOGS(ts=start): train_queue_nohup_queue_trend8_uniform_rgb_20260905T031304Z.log outcome verbatim: ""[trend8_uniform_rgb_trend8_2019/train] exit=0  elapsed 38.1 min""; ts=run_id-stamp@phase4_semantic_finetune_train_2019_2026-09-05T08-28.log",2026-09-05 07:50:58,,
trend8_uniform_rgb_trend8_2024,2024,trend8_2024,VERIFY:tile,OK,,,"646 tiles indexed; probed 20 paths, 0 missing",2026-09-05 08:14:53,f177769fa2e9,trend8A2
trend8_uniform_rgb_trend8_2024,2024,trend8_2024,train,OK,0,47.1,,2026-09-05 08:14:53,f177769fa2e9,trend8A2
trend8_uniform_rgb_trend8_2019,2019,trend8_2019,VERIFY:train,OK,,,"RECOVERED-FROM-LOGS(ts=completed): train_queue_nohup_queue_trend8_uniform_rgb_20260905T031304Z.log verdict verbatim: ""1113MB, BE26, run_id ok, drive md5 ok (1s)""; ts=engine-completed@phase4_semantic_finetune_train_2019_2026-09-05T08-28.log",2026-09-05 08:28:55,,
trend8_uniform_rgb_trend8_2019,2019,trend8_2019,evaluate,OK,0,3.9,"RECOVERED-FROM-LOGS(ts=start): train_queue_nohup_queue_trend8_uniform_rgb_20260905T031304Z.log outcome verbatim: ""[trend8_uniform_rgb_trend8_2019/evaluate] exit=0  elapsed 3.9 min""; ts=run_id-stamp@phase4_semantic_finetune_evaluate_2019_2026-09-05T08-34.log",2026-09-05 08:30:54,,
trend8_uniform_rgb_trend8_2019,2019,trend8_2019,VERIFY:evaluate,OK,,,"RECOVERED-FROM-LOGS(ts=completed): train_queue_nohup_queue_trend8_uniform_rgb_20260905T031304Z.log verdict verbatim: ""2 rows for 2019/trend8_2019, written 08:33:01""; ts=engine-completed@phase4_semantic_finetune_evaluate_2019_2026-09-05T08-34.log",2026-09-05 08:34:45,,
trend8_uniform_rgb_trend8_2019,2019,trend8_2019,inference,OK,0,24.1,"RECOVERED-FROM-LOGS(ts=start): train_queue_nohup_queue_trend8_uniform_rgb_20260905T031304Z.log outcome verbatim: ""[trend8_uniform_rgb_trend8_2019/inference] exit=0  elapsed 24.1 min""; ts=run_id-stamp@phase4_semantic_finetune_inference_2019_2026-09-05T08-58.log",2026-09-05 08:34:52,,
trend8_uniform_rgb_trend8_2019,2019,trend8_2019,VERIFY:inference,OK,,,"RECOVERED-FROM-LOGS(ts=completed): train_queue_nohup_queue_trend8_uniform_rgb_20260905T031304Z.log verdict verbatim: ""2257MB valid=89.6% maxprob=0.969 p99.9=0.874 [2385x1676 sample]""; ts=engine-completed@phase4_semantic_finetune_inference_2019_2026-09-05T08-58.log",2026-09-05 08:58:53,,
trend8_uniform_rgb_trend8_2019,2019,trend8_2019,postproc,OK,0,17.7,"RECOVERED-FROM-LOGS(ts=start): train_queue_nohup_queue_trend8_uniform_rgb_20260905T031304Z.log outcome verbatim: ""[trend8_uniform_rgb_trend8_2019/postproc] exit=0  elapsed 17.7 min""; ts=run_id-stamp@phase4_semantic_finetune_postproc_2019_2026-09-05T09-16.log",2026-09-05 08:59:01,,
trend8_uniform_rgb_trend8_2024,2024,trend8_2024,VERIFY:train,OK,,,"1113MB, BE29, run_id ok, drive md5 ok (180s)",2026-09-05 09:05:09,f177769fa2e9,trend8A2
trend8_uniform_rgb_trend8_2024,2024,trend8_2024,evaluate,OK,0,1.1,,2026-09-05 09:05:44,f177769fa2e9,trend8A2
trend8_uniform_rgb_trend8_2024,2024,trend8_2024,VERIFY:evaluate,OK,,,"2 rows for 2024/trend8_2024, written 09:06:32",2026-09-05 09:06:51,f177769fa2e9,trend8A2
trend8_uniform_rgb_trend8_2024,2024,trend8_2024,inference,OK,0,68.9,,2026-09-05 09:06:51,f177769fa2e9,trend8A2
trend8_uniform_rgb_trend8_2019,2019,trend8_2019,VERIFY,OK,,,"RECOVERED-FROM-LOGS(ts=completed): train_queue_nohup_queue_trend8_uniform_rgb_20260905T031304Z.log verdict verbatim: ""2257MB valid=89.6% maxprob=0.969 p99.9=0.874 [2385x1676 sample]""; ts=engine-completed@phase4_semantic_finetune_postproc_2019_2026-09-05T09-16.log",2026-09-05 09:16:41,,
trend8_uniform_rgb_trend8_2019,2019,trend8_2019,VERIFY:postproc,OK,,,"RECOVERED-FROM-LOGS(ts=completed): train_queue_nohup_queue_trend8_uniform_rgb_20260905T031304Z.log verdict verbatim: ""mask 96MB, gpkg 26.6MB""; ts=engine-completed@phase4_semantic_finetune_postproc_2019_2026-09-05T09-16.log",2026-09-05 09:16:41,,
trend8_uniform_rgb_trend8_2021,2021,trend8_2021,labels,OK,0,6.9,"RECOVERED-FROM-LOGS(ts=start): train_queue_nohup_queue_trend8_uniform_rgb_20260905T031304Z.log outcome verbatim: ""[trend8_uniform_rgb_trend8_2021/labels] exit=0  elapsed 6.9 min""; ts=run_id-stamp@phase4_semantic_finetune_labels_2021_2026-09-05T09-23.log",2026-09-05 09:16:48,,
trend8_uniform_rgb_trend8_2021,2021,trend8_2021,VERIFY:labels,OK,,,"RECOVERED-FROM-LOGS(ts=completed): train_queue_nohup_queue_trend8_uniform_rgb_20260905T031304Z.log verdict verbatim: ""citywide: labels step is skipped by design""; ts=engine-completed@phase4_semantic_finetune_labels_2021_2026-09-05T09-23.log",2026-09-05 09:23:41,,
trend8_uniform_rgb_trend8_2021,2021,trend8_2021,tile,OK,0,27.3,"RECOVERED-FROM-LOGS(ts=start): train_queue_nohup_queue_trend8_uniform_rgb_20260905T031304Z.log outcome verbatim: ""[trend8_uniform_rgb_trend8_2021/tile] exit=0  elapsed 27.3 min""; ts=run_id-stamp@phase4_semantic_finetune_tile_2021_2026-09-05T09-50.log",2026-09-05 09:23:45,,
trend8_uniform_rgb_trend8_2021,2021,trend8_2021,VERIFY:tile,OK,,,"RECOVERED-FROM-LOGS(ts=completed): train_queue_nohup_queue_trend8_uniform_rgb_20260905T031304Z.log verdict verbatim: ""615 tiles indexed; probed 20 paths, 0 missing""; ts=engine-completed@phase4_semantic_finetune_tile_2021_2026-09-05T09-50.log",2026-09-05 09:50:59,,
trend8_uniform_rgb_trend8_2021,2021,trend8_2021,train,OK,0,35.0,"RECOVERED-FROM-LOGS(ts=start): train_queue_nohup_queue_trend8_uniform_rgb_20260905T031304Z.log outcome verbatim: ""[trend8_uniform_rgb_trend8_2021/train] exit=0  elapsed 35.0 min""; ts=run_id-stamp@phase4_semantic_finetune_train_2021_2026-09-05T10-26.log",2026-09-05 09:51:56,,
trend8_uniform_rgb_trend8_2024,2024,trend8_2024,VERIFY:inference,WEAK_CALIBRATION,,,2729MB valid=100.0% maxprob=0.748 p99.9=0.650 [2387x1674 sample],2026-09-05 10:15:47,f177769fa2e9,trend8A2
trend8_uniform_rgb_trend8_2024,2024,trend8_2024,postproc,RUNNING,,,,2026-09-05 10:15:47,f177769fa2e9,trend8A2
trend8_uniform_rgb_trend8_2021,2021,trend8_2021,VERIFY:train,OK,,,"RECOVERED-FROM-LOGS(ts=completed): train_queue_nohup_queue_trend8_uniform_rgb_20260905T031304Z.log verdict verbatim: ""1113MB, BE30, run_id ok, drive md5 ok (100s)""; ts=engine-completed@phase4_semantic_finetune_train_2021_2026-09-05T10-26.log",2026-09-05 10:26:52,,
trend8_uniform_rgb_trend8_2021,2021,trend8_2021,evaluate,OK,0,3.0,"RECOVERED-FROM-LOGS(ts=start): train_queue_nohup_queue_trend8_uniform_rgb_20260905T031304Z.log outcome verbatim: ""[trend8_uniform_rgb_trend8_2021/evaluate] exit=0  elapsed 3.0 min""; ts=run_id-stamp@phase4_semantic_finetune_evaluate_2021_2026-09-05T10-31.log",2026-09-05 10:28:56,,
trend8_uniform_rgb_trend8_2021,2021,trend8_2021,VERIFY:evaluate,OK,,,"RECOVERED-FROM-LOGS(ts=completed): train_queue_nohup_queue_trend8_uniform_rgb_20260905T031304Z.log verdict verbatim: ""2 rows for 2021/trend8_2021, written 10:30:57""; ts=engine-completed@phase4_semantic_finetune_evaluate_2021_2026-09-05T10-31.log",2026-09-05 10:31:53,,
trend8_uniform_rgb_trend8_2021,2021,trend8_2021,inference,OK,0,23.0,"RECOVERED-FROM-LOGS(ts=start): train_queue_nohup_queue_trend8_uniform_rgb_20260905T031304Z.log outcome verbatim: ""[trend8_uniform_rgb_trend8_2021/inference] exit=0  elapsed 23.0 min""; ts=run_id-stamp@phase4_semantic_finetune_inference_2021_2026-09-05T10-54.log",2026-09-05 10:31:59,,
trend8_uniform_rgb_trend8_2021,2021,trend8_2021,VERIFY:inference,OK,,,"RECOVERED-FROM-LOGS(ts=completed): train_queue_nohup_queue_trend8_uniform_rgb_20260905T031304Z.log verdict verbatim: ""2050MB valid=89.6% maxprob=0.854 p99.9=0.811 [2385x1676 sample]""; ts=engine-completed@phase4_semantic_finetune_inference_2021_2026-09-05T10-54.log",2026-09-05 10:54:37,,
trend8_uniform_rgb_trend8_2021,2021,trend8_2021,postproc,OK,0,18.0,"RECOVERED-FROM-LOGS(ts=start): train_queue_nohup_queue_trend8_uniform_rgb_20260905T031304Z.log outcome verbatim: ""[trend8_uniform_rgb_trend8_2021/postproc] exit=0  elapsed 18.0 min""; ts=run_id-stamp@phase4_semantic_finetune_postproc_2021_2026-09-05T11-12.log",2026-09-05 10:55:00,,
trend8_uniform_rgb_trend8_2021,2021,trend8_2021,VERIFY,OK,,,"RECOVERED-FROM-LOGS(ts=completed): train_queue_nohup_queue_trend8_uniform_rgb_20260905T031304Z.log verdict verbatim: ""2050MB valid=89.6% maxprob=0.854 p99.9=0.811 [2385x1676 sample]""; ts=engine-completed@phase4_semantic_finetune_postproc_2021_2026-09-05T11-12.log",2026-09-05 11:12:55,,
trend8_uniform_rgb_trend8_2021,2021,trend8_2021,VERIFY:postproc,OK,,,"RECOVERED-FROM-LOGS(ts=completed): train_queue_nohup_queue_trend8_uniform_rgb_20260905T031304Z.log verdict verbatim: ""mask 91MB, gpkg 17.5MB""; ts=engine-completed@phase4_semantic_finetune_postproc_2021_2026-09-05T11-12.log",2026-09-05 11:12:55,,
trend8_uniform_rgb_trend8_2024,2024,trend8_2024,VERIFY,WEAK_CALIBRATION,,,"RECOVERED-FROM-LOGS(ts=completed): train_queue_nohup_queue_trend8_uniform_rgb_20260905T031154Z.log verdict verbatim: ""2729MB valid=100.0% maxprob=0.748 p99.9=0.650 [2387x1674 sample]""; ts=engine-completed@phase4_semantic_finetune_postproc_2024_2026-09-05T11-21.log",2026-09-05 11:21:46,,
trend8_uniform_rgb_trend8_2024,2024,trend8_2024,VERIFY:postproc,OK,,,"RECOVERED-FROM-LOGS(ts=completed): train_queue_nohup_queue_trend8_uniform_rgb_20260905T031154Z.log verdict verbatim: ""mask 256MB, gpkg 23.7MB""; ts=engine-completed@phase4_semantic_finetune_postproc_2024_2026-09-05T11-21.log",2026-09-05 11:21:46,,
(launch),,,GUARD:runtag,GUARD_UNVERIFIED,,,"no live beacons in /content/drive/MyDrive/treedata/phase4/logs (63 heartbeat file(s), all stale or unreadable)",2026-09-05 14:56:51,b7684324090b,ofA
overlap_floor_of_2017,2017,of_2017,labels,OK,0,7.0,,2026-09-05 14:59:45,b7684324090b,ofA
overlap_floor_of_2017k,2017k,of_2017k,labels,OK,0,6.4,,2026-09-05 15:02:36,4a58ba2ccf6e,ofB
overlap_floor_of_2017,2017,of_2017,VERIFY:labels,OK,,,citywide: labels step is skipped by design,2026-09-05 15:06:48,b7684324090b,ofA
overlap_floor_of_2017,2017,of_2017,tile,OK,0,43.2,,2026-09-05 15:06:48,b7684324090b,ofA
overlap_floor_of_2017k,2017k,of_2017k,VERIFY:labels,OK,,,citywide: labels step is skipped by design,2026-09-05 15:09:52,4a58ba2ccf6e,ofB
overlap_floor_of_2017k,2017k,of_2017k,tile,OK,0,4.1,,2026-09-05 15:09:53,4a58ba2ccf6e,ofB
overlap_floor_of_2017k,2017k,of_2017k,VERIFY:tile,MISSING,,,no 2017k__of_2017k/tile_index_2017k.csv,2026-09-05 15:14:04,4a58ba2ccf6e,ofB
overlap_floor_of_2020,2020,of_2020,labels,OK,0,7.0,,2026-09-05 15:14:22,4a58ba2ccf6e,ofB
overlap_floor_of_2020,2020,of_2020,VERIFY:labels,OK,,,citywide: labels step is skipped by design,2026-09-05 15:21:38,4a58ba2ccf6e,ofB
overlap_floor_of_2020,2020,of_2020,tile,OK,0,33.2,,2026-09-05 15:21:38,4a58ba2ccf6e,ofB
overlap_floor_of_2017,2017,of_2017,VERIFY:tile,OK,,,"650 tiles indexed; probed 20 paths, 0 missing",2026-09-05 15:50:25,b7684324090b,ofA
overlap_floor_of_2017,2017,of_2017,train,OK,0,40.6,,2026-09-05 15:50:28,b7684324090b,ofA
overlap_floor_of_2020,2020,of_2020,VERIFY:tile,OK,,,"690 tiles indexed; probed 20 paths, 0 missing",2026-09-05 15:54:51,4a58ba2ccf6e,ofB
overlap_floor_of_2020,2020,of_2020,train,OK,0,38.0,,2026-09-05 15:54:51,4a58ba2ccf6e,ofB
overlap_floor_of_2017,2017,of_2017,VERIFY:train,OK,,,"1113MB, BE20, run_id ok, drive md5 ok (1s)",2026-09-05 16:31:37,b7684324090b,ofA
overlap_floor_of_2017,2017,of_2017,evaluate,OK,0,1.0,,2026-09-05 16:31:38,b7684324090b,ofA
overlap_floor_of_2017,2017,of_2017,VERIFY:evaluate,OK,,,"2 rows for 2017/of_2017, written 16:32:28",2026-09-05 16:32:37,b7684324090b,ofA
overlap_floor_of_2017,2017,of_2017,inference,OK,0,70.4,,2026-09-05 16:32:37,b7684324090b,ofA
overlap_floor_of_2020,2020,of_2020,VERIFY:train,OK,,,"1113MB, BE12, run_id ok, drive md5 ok (1s)",2026-09-05 16:32:59,4a58ba2ccf6e,ofB
overlap_floor_of_2020,2020,of_2020,evaluate,OK,0,2.1,,2026-09-05 16:33:53,4a58ba2ccf6e,ofB
overlap_floor_of_2020,2020,of_2020,VERIFY:evaluate,OK,,,"RECOVERED-FROM-LOGS(ts=completed): train_queue_nohup_queue_overlap_floor_20260905T145756Z.log verdict verbatim: ""2 rows for 2020/of_2020, written 16:35:21""; ts=engine-completed@phase4_semantic_finetune_evaluate_2020_2026-09-05T16-35.log",2026-09-05 16:35:56,,
overlap_floor_of_2020,2020,of_2020,inference,OK,0,74.7,"RECOVERED-FROM-LOGS(ts=start): train_queue_nohup_queue_overlap_floor_20260905T145756Z.log outcome verbatim: ""[overlap_floor_of_2020/inference] exit=0  elapsed 74.7 min""; ts=run_id-stamp@phase4_semantic_finetune_inference_2020_2026-09-05T17-51.log",2026-09-05 16:36:52,,
overlap_floor_of_2017,2017,of_2017,VERIFY:inference,OK,,,3028MB valid=87.8% maxprob=0.862 p99.9=0.614 [2387x1674 sample],2026-09-05 17:43:02,b7684324090b,ofA
overlap_floor_of_2017,2017,of_2017,postproc,OK,0,66.6,,2026-09-05 17:43:02,b7684324090b,ofA
overlap_floor_of_2020,2020,of_2020,VERIFY:inference,OK,,,"RECOVERED-FROM-LOGS(ts=completed): train_queue_nohup_queue_overlap_floor_20260905T145756Z.log verdict verbatim: ""4165MB valid=73.0% maxprob=0.894 p99.9=0.846 [2387x1674 sample]""; ts=engine-completed@phase4_semantic_finetune_inference_2020_2026-09-05T17-51.log",2026-09-05 17:51:31,,
overlap_floor_of_2020,2020,of_2020,postproc,OK,0,66.9,"RECOVERED-FROM-LOGS(ts=start): train_queue_nohup_queue_overlap_floor_20260905T145756Z.log outcome verbatim: ""[overlap_floor_of_2020/postproc] exit=0  elapsed 66.9 min""; ts=run_id-stamp@phase4_semantic_finetune_postproc_2020_2026-09-05T18-58.log",2026-09-05 17:51:38,,
overlap_floor_of_2017,2017,of_2017,VERIFY,OK,,,3028MB valid=87.8% maxprob=0.862 p99.9=0.614 [2387x1674 sample],2026-09-05 18:49:39,b7684324090b,ofA
overlap_floor_of_2017,2017,of_2017,VERIFY:postproc,OK,,,"mask 290MB, gpkg 38.4MB",2026-09-05 18:49:39,b7684324090b,ofA
overlap_floor_of_2017s,2017s,of_2017s,labels,OK,0,3.3,,2026-09-05 18:49:41,b7684324090b,ofA
overlap_floor_of_2017s,2017s,of_2017s,VERIFY:labels,OK,,,citywide: labels step is skipped by design,2026-09-05 18:54:43,b7684324090b,ofA
overlap_floor_of_2017s,2017s,of_2017s,tile,OK,0,17.1,,2026-09-05 18:54:43,b7684324090b,ofA
overlap_floor_of_2020,2020,of_2020,VERIFY,OK,,,"RECOVERED-FROM-LOGS(ts=completed): train_queue_nohup_queue_overlap_floor_20260905T145756Z.log verdict verbatim: ""4165MB valid=73.0% maxprob=0.894 p99.9=0.846 [2387x1674 sample]""; ts=engine-completed@phase4_semantic_finetune_postproc_2020_2026-09-05T18-58.log",2026-09-05 18:58:23,,
overlap_floor_of_2020,2020,of_2020,VERIFY:postproc,OK,,,"RECOVERED-FROM-LOGS(ts=completed): train_queue_nohup_queue_overlap_floor_20260905T145756Z.log verdict verbatim: ""mask 334MB, gpkg 46.8MB""; ts=engine-completed@phase4_semantic_finetune_postproc_2020_2026-09-05T18-58.log",2026-09-05 18:58:23,,
overlap_floor_of_2022,2022,of_2022,labels,OK,0,2.3,"RECOVERED-FROM-LOGS(ts=start): train_queue_nohup_queue_overlap_floor_20260905T145756Z.log outcome verbatim: ""[overlap_floor_of_2022/labels] exit=0  elapsed 2.3 min""; ts=run_id-stamp@phase4_semantic_finetune_labels_2022_2026-09-05T19-00.log",2026-09-05 18:58:35,,
overlap_floor_of_2022,2022,of_2022,VERIFY:labels,OK,,,"RECOVERED-FROM-LOGS(ts=completed): train_queue_nohup_queue_overlap_floor_20260905T145756Z.log verdict verbatim: ""citywide: labels step is skipped by design""; ts=engine-completed@phase4_semantic_finetune_labels_2022_2026-09-05T19-00.log",2026-09-05 19:00:34,,
overlap_floor_of_2022,2022,of_2022,tile,OK,0,23.1,"RECOVERED-FROM-LOGS(ts=start): train_queue_nohup_queue_overlap_floor_20260905T145756Z.log outcome verbatim: ""[overlap_floor_of_2022/tile] exit=0  elapsed 23.1 min""; ts=run_id-stamp@phase4_semantic_finetune_tile_2022_2026-09-05T19-23.log",2026-09-05 19:00:54,,
overlap_floor_of_2017s,2017s,of_2017s,VERIFY:tile,OK,,,"557 tiles indexed; probed 20 paths, 0 missing",2026-09-05 19:11:50,b7684324090b,ofA
overlap_floor_of_2017s,2017s,of_2017s,train,OK,0,35.2,,2026-09-05 19:11:50,b7684324090b,ofA
overlap_floor_of_2022,2022,of_2022,VERIFY:tile,OK,,,"RECOVERED-FROM-LOGS(ts=completed): train_queue_nohup_queue_overlap_floor_20260905T145756Z.log verdict verbatim: ""660 tiles indexed; probed 20 paths, 0 missing""; ts=engine-completed@phase4_semantic_finetune_tile_2022_2026-09-05T19-23.log",2026-09-05 19:23:59,,
overlap_floor_of_2022,2022,of_2022,train,OK,0,30.8,"RECOVERED-FROM-LOGS(ts=start): train_queue_nohup_queue_overlap_floor_20260905T145756Z.log outcome verbatim: ""[overlap_floor_of_2022/train] exit=0  elapsed 30.8 min""; ts=run_id-stamp@phase4_semantic_finetune_train_2022_2026-09-05T19-55.log",2026-09-05 19:24:56,,
overlap_floor_of_2017s,2017s,of_2017s,VERIFY:train,OK,,,"1113MB, BE29, run_id ok, drive md5 ok (1s)",2026-09-05 19:47:38,b7684324090b,ofA
overlap_floor_of_2017s,2017s,of_2017s,evaluate,OK,0,2.2,,2026-09-05 19:47:38,b7684324090b,ofA
overlap_floor_of_2017s,2017s,of_2017s,VERIFY:evaluate,OK,,,"2 rows for 2017s/of_2017s, written 19:49:02",2026-09-05 19:49:50,b7684324090b,ofA
overlap_floor_of_2017s,2017s,of_2017s,inference,OK,0,4.1,,2026-09-05 19:49:50,b7684324090b,ofA
overlap_floor_of_2017s,2017s,of_2017s,VERIFY:inference,OK,,,323MB valid=100.0% maxprob=0.906 p99.9=0.835 [2369x1687 sample],2026-09-05 19:53:56,b7684324090b,ofA
overlap_floor_of_2017s,2017s,of_2017s,postproc,OK,0,3.0,,2026-09-05 19:53:56,b7684324090b,ofA
overlap_floor_of_2022,2022,of_2022,VERIFY:train,OK,,,"RECOVERED-FROM-LOGS(ts=completed): train_queue_nohup_queue_overlap_floor_20260905T145756Z.log verdict verbatim: ""773MB, AE18, run_id ok, drive md5 ok (1s)""; ts=engine-completed@phase4_semantic_finetune_train_2022_2026-09-05T19-55.log",2026-09-05 19:55:36,,
overlap_floor_of_2022,2022,of_2022,evaluate,OK,0,1.0,"RECOVERED-FROM-LOGS(ts=start): train_queue_nohup_queue_overlap_floor_20260905T145756Z.log outcome verbatim: ""[overlap_floor_of_2022/evaluate] exit=0  elapsed 1.0 min""; ts=run_id-stamp@phase4_semantic_finetune_evaluate_2022_2026-09-05T19-56.log",2026-09-05 19:55:48,,
overlap_floor_of_2022,2022,of_2022,VERIFY:evaluate,OK,,,"RECOVERED-FROM-LOGS(ts=completed): train_queue_nohup_queue_overlap_floor_20260905T145756Z.log verdict verbatim: ""2 rows for 2022/of_2022, written 19:56:37""; ts=engine-completed@phase4_semantic_finetune_evaluate_2022_2026-09-05T19-56.log",2026-09-05 19:56:42,,
overlap_floor_of_2022,2022,of_2022,inference,OK,0,70.1,"RECOVERED-FROM-LOGS(ts=start): train_queue_nohup_queue_overlap_floor_20260905T145756Z.log outcome verbatim: ""[overlap_floor_of_2022/inference] exit=0  elapsed 70.1 min""; ts=run_id-stamp@phase4_semantic_finetune_inference_2022_2026-09-05T21-06.log",2026-09-05 19:56:48,,
overlap_floor_of_2017s,2017s,of_2017s,VERIFY,OK,,,323MB valid=100.0% maxprob=0.906 p99.9=0.835 [2369x1687 sample],2026-09-05 19:56:56,b7684324090b,ofA
overlap_floor_of_2017s,2017s,of_2017s,VERIFY:postproc,OK,,,"mask 16MB, gpkg 54.9MB",2026-09-05 19:56:56,b7684324090b,ofA
overlap_floor_of_2017n,2017n,of_2017n,labels,OK,0,4.8,,2026-09-05 19:56:58,b7684324090b,ofA
overlap_floor_of_2017n,2017n,of_2017n,VERIFY:labels,OK,,,citywide: labels step is skipped by design,2026-09-05 20:01:48,b7684324090b,ofA
overlap_floor_of_2017n,2017n,of_2017n,tile,OK,0,15.8,,2026-09-05 20:01:48,b7684324090b,ofA
overlap_floor_of_2017n,2017n,of_2017n,VERIFY:tile,OK,,,"582 tiles indexed; probed 20 paths, 0 missing",2026-09-05 20:17:34,b7684324090b,ofA
overlap_floor_of_2017n,2017n,of_2017n,train,OK,0,18.4,,2026-09-05 20:17:34,b7684324090b,ofA
overlap_floor_of_2017n,2017n,of_2017n,VERIFY:train,OK,,,"773MB, AE14, run_id ok, drive md5 ok (1s)",2026-09-05 20:36:57,b7684324090b,ofA
overlap_floor_of_2017n,2017n,of_2017n,evaluate,OK,0,1.8,,2026-09-05 20:36:57,b7684324090b,ofA
overlap_floor_of_2017n,2017n,of_2017n,VERIFY:evaluate,OK,,,"2 rows for 2017n/of_2017n, written 20:38:42",2026-09-05 20:38:47,b7684324090b,ofA
overlap_floor_of_2017n,2017n,of_2017n,inference,OK,0,1.2,,2026-09-05 20:38:47,b7684324090b,ofA
overlap_floor_of_2017n,2017n,of_2017n,VERIFY:inference,WEAK_CALIBRATION,,,28MB valid=100.0% maxprob=0.724 p99.9=0.602 [2379x1681 sample],2026-09-05 20:40:04,b7684324090b,ofA
overlap_floor_of_2017n,2017n,of_2017n,postproc,OK,0,1.0,,2026-09-05 20:40:04,b7684324090b,ofA
overlap_floor_of_2017n,2017n,of_2017n,VERIFY,WEAK_CALIBRATION,,,"RECOVERED-FROM-LOGS(ts=completed): train_queue_nohup_queue_overlap_floor_20260905T145647Z.log verdict verbatim: ""28MB valid=100.0% maxprob=0.724 p99.9=0.602 [2379x1681 sample]""; ts=engine-completed@phase4_semantic_finetune_postproc_2017n_2026-09-05T20-41.log",2026-09-05 20:41:01,,
overlap_floor_of_2017n,2017n,of_2017n,VERIFY:postproc,OK,,,"RECOVERED-FROM-LOGS(ts=completed): train_queue_nohup_queue_overlap_floor_20260905T145647Z.log verdict verbatim: ""mask 3MB, gpkg 15.6MB""; ts=engine-completed@phase4_semantic_finetune_postproc_2017n_2026-09-05T20-41.log",2026-09-05 20:41:01,,
overlap_floor_of_2022,2022,of_2022,VERIFY:inference,OK,,,"RECOVERED-FROM-LOGS(ts=completed): train_queue_nohup_queue_overlap_floor_20260905T145756Z.log verdict verbatim: ""5357MB valid=74.7% maxprob=0.787 p99.9=0.724 [2387x1674 sample]""; ts=engine-completed@phase4_semantic_finetune_inference_2022_2026-09-05T21-06.log",2026-09-05 21:06:52,,
overlap_floor_of_2022,2022,of_2022,postproc,OK,0,67.0,"RECOVERED-FROM-LOGS(ts=completed-minutes): train_queue_nohup_queue_overlap_floor_20260905T145756Z.log outcome verbatim: ""[overlap_floor_of_2022/postproc] exit=0  elapsed 67.0 min""; ts=engine-completed-minus-minutes@phase4_semantic_finetune_postproc_2022_2026-09-05T22-13.log",2026-09-05 21:06:56,,
overlap_floor_of_2022,2022,of_2022,VERIFY,OK,,,"RECOVERED-FROM-LOGS(ts=completed): train_queue_nohup_queue_overlap_floor_20260905T145756Z.log verdict verbatim: ""5357MB valid=74.7% maxprob=0.787 p99.9=0.724 [2387x1674 sample]""; ts=engine-completed@phase4_semantic_finetune_postproc_2022_2026-09-05T22-13.log",2026-09-05 22:13:56,,
overlap_floor_of_2022,2022,of_2022,VERIFY:postproc,OK,,,"RECOVERED-FROM-LOGS(ts=completed): train_queue_nohup_queue_overlap_floor_20260905T145756Z.log verdict verbatim: ""mask 311MB, gpkg 30.1MB""; ts=engine-completed@phase4_semantic_finetune_postproc_2022_2026-09-05T22-13.log",2026-09-05 22:13:56,,
overlap_floor_of_2017k,2017k,of_2017k,tile,OK,0,9.0,,2026-09-06 00:28:55,5223ced42862,of2017k
overlap_floor_of_2017k,2017k,of_2017k,VERIFY:tile,MISSING,,,"RECOVERED-FROM-LOGS(ts=completed): train_queue_nohup_queue_overlap_floor_20260906T002156Z.log verdict verbatim: ""no 2017k__of_2017k/tile_index_2017k.csv""; ts=engine-completed@phase4_semantic_finetune_tile_2017k_2026-09-06T00-37.log",2026-09-06 00:37:50,,
overlap_floor_of_2017k,2017k,of_2017k,labels,OK,0,2.3,"RECOVERED-FROM-LOGS(ts=start): train_queue_nohup_queue_overlap_floor_20260906T014007Z.log outcome verbatim: ""[overlap_floor_of_2017k/labels] exit=0  elapsed 2.3 min""; ts=run_id-stamp@phase4_semantic_finetune_labels_2017k_2026-09-06T01-42.log",2026-09-06 01:40:36,,
overlap_floor_of_2017k,2017k,of_2017k,VERIFY:labels,OK,,,"RECOVERED-FROM-LOGS(ts=completed): train_queue_nohup_queue_overlap_floor_20260906T014007Z.log verdict verbatim: ""citywide: labels step is skipped by design""; ts=engine-completed@phase4_semantic_finetune_labels_2017k_2026-09-06T01-42.log",2026-09-06 01:42:44,,
overlap_floor_of_2017k,2017k,of_2017k,tile,OK,0,21.1,"RECOVERED-FROM-LOGS(ts=start): train_queue_nohup_queue_overlap_floor_20260906T014007Z.log outcome verbatim: ""[overlap_floor_of_2017k/tile] exit=0  elapsed 21.1 min""; ts=run_id-stamp@phase4_semantic_finetune_tile_2017k_2026-09-06T02-03.log",2026-09-06 01:42:48,,
overlap_floor_of_2017k,2017k,of_2017k,VERIFY:tile,OK,,,"RECOVERED-FROM-LOGS(ts=completed): train_queue_nohup_queue_overlap_floor_20260906T014007Z.log verdict verbatim: ""632 tiles indexed; probed 20 paths, 0 missing""; ts=engine-completed@phase4_semantic_finetune_tile_2017k_2026-09-06T02-03.log",2026-09-06 02:03:07,,
overlap_floor_of_2017k,2017k,of_2017k,train,OK,0,47.8,"RECOVERED-FROM-LOGS(ts=start): train_queue_nohup_queue_overlap_floor_20260906T014007Z.log outcome verbatim: ""[overlap_floor_of_2017k/train] exit=0  elapsed 47.8 min""; ts=run_id-stamp@phase4_semantic_finetune_train_2017k_2026-09-06T02-50.log",2026-09-06 02:03:57,,
overlap_floor_of_2017k,2017k,of_2017k,VERIFY:train,OK,,,"RECOVERED-FROM-LOGS(ts=completed): train_queue_nohup_queue_overlap_floor_20260906T014007Z.log verdict verbatim: ""1113MB, BE28, run_id ok, drive md5 ok (33s)""; ts=engine-completed@phase4_semantic_finetune_train_2017k_2026-09-06T02-50.log",2026-09-06 02:50:58,,
overlap_floor_of_2017k,2017k,of_2017k,evaluate,OK,0,1.1,"RECOVERED-FROM-LOGS(ts=start): train_queue_nohup_queue_overlap_floor_20260906T014007Z.log outcome verbatim: ""[overlap_floor_of_2017k/evaluate] exit=0  elapsed 1.1 min""; ts=run_id-stamp@phase4_semantic_finetune_evaluate_2017k_2026-09-06T02-53.log",2026-09-06 02:52:27,,
overlap_floor_of_2017k,2017k,of_2017k,VERIFY:evaluate,OK,,,"RECOVERED-FROM-LOGS(ts=completed): train_queue_nohup_queue_overlap_floor_20260906T014007Z.log verdict verbatim: ""2 rows for 2017k/of_2017k, written 02:53:26""; ts=engine-completed@phase4_semantic_finetune_evaluate_2017k_2026-09-06T02-53.log",2026-09-06 02:53:29,,
overlap_floor_of_2017k,2017k,of_2017k,inference,OK,0,20.3,"RECOVERED-FROM-LOGS(ts=start): train_queue_nohup_queue_overlap_floor_20260906T014007Z.log outcome verbatim: ""[overlap_floor_of_2017k/inference] exit=0  elapsed 20.3 min""; ts=run_id-stamp@phase4_semantic_finetune_inference_2017k_2026-09-06T03-13.log",2026-09-06 02:53:34,,
overlap_floor_of_2017k,2017k,of_2017k,VERIFY:inference,OK,,,"RECOVERED-FROM-LOGS(ts=completed): train_queue_nohup_queue_overlap_floor_20260906T014007Z.log verdict verbatim: ""2368MB valid=90.6% maxprob=0.882 p99.9=0.815 [2385x1676 sample]""; ts=engine-completed@phase4_semantic_finetune_inference_2017k_2026-09-06T03-13.log",2026-09-06 03:13:02,,
overlap_floor_of_2017k,2017k,of_2017k,postproc,OK,0,19.0,"RECOVERED-FROM-LOGS(ts=start): train_queue_nohup_queue_overlap_floor_20260906T014007Z.log outcome verbatim: ""[overlap_floor_of_2017k/postproc] exit=0  elapsed 19.0 min""; ts=run_id-stamp@phase4_semantic_finetune_postproc_2017k_2026-09-06T03-32.log",2026-09-06 03:13:57,,
overlap_floor_of_2017k,2017k,of_2017k,VERIFY,OK,,,"RECOVERED-FROM-LOGS(ts=completed): train_queue_nohup_queue_overlap_floor_20260906T014007Z.log verdict verbatim: ""2368MB valid=90.6% maxprob=0.882 p99.9=0.815 [2385x1676 sample]""; ts=engine-completed@phase4_semantic_finetune_postproc_2017k_2026-09-06T03-32.log",2026-09-06 03:32:42,,
overlap_floor_of_2017k,2017k,of_2017k,VERIFY:postproc,OK,,,"RECOVERED-FROM-LOGS(ts=completed): train_queue_nohup_queue_overlap_floor_20260906T014007Z.log verdict verbatim: ""mask 96MB, gpkg 26.9MB""; ts=engine-completed@phase4_semantic_finetune_postproc_2017k_2026-09-06T03-32.log",2026-09-06 03:32:42,,
(launch),,,GUARD:runtag,GUARD_UNVERIFIED,,,"no live beacons in /content/drive/MyDrive/treedata/phase4/logs (72 heartbeat file(s), all stale or unreadable)",2026-09-07 21:45:59,7afa7da53fe7,spdc1
offload_pilot_2017k_spd_2017k,2017k,spd_2017k,labels,OK,0,6.8,,2026-09-07 21:51:58,7afa7da53fe7,spdc1
offload_pilot_2017k_spd_2017k,2017k,spd_2017k,VERIFY:labels,OK,,,citywide: labels step is skipped by design,2026-09-07 21:58:49,7afa7da53fe7,spdc1
offload_pilot_2017k_spd_2017k,2017k,spd_2017k,tile,OK,0,34.1,,2026-09-07 21:58:49,7afa7da53fe7,spdc1
offload_pilot_2017k_spd_2017k,2017k,spd_2017k,VERIFY,OK,,,"RECOVERED-FROM-LOGS(ts=completed): train_queue_nohup_pilot_offload_2017k_cpu1_20260907T214557Z.log verdict verbatim: ""steps subset ['labels', 'tile'] — no prob raster expected; per-step verifies are the record""; ts=engine-completed@phase4_semantic_finetune_tile_2017k_2026-09-07T22-32.log",2026-09-07 22:32:39,,
offload_pilot_2017k_spd_2017k,2017k,spd_2017k,VERIFY:tile,OK,,,"RECOVERED-FROM-LOGS(ts=completed): train_queue_nohup_pilot_offload_2017k_cpu1_20260907T214557Z.log verdict verbatim: ""632 tiles indexed; probed 20 paths, 0 missing""; ts=engine-completed@phase4_semantic_finetune_tile_2017k_2026-09-07T22-32.log",2026-09-07 22:32:39,,
offload_pilot_2017k_spd_2017k,2017k,spd_2017k,train,OK,0,40.4,"RECOVERED-FROM-LOGS(ts=start): train_queue_nohup_pilot_offload_2017k_gpu_20260907T223748Z.log outcome verbatim: ""[offload_pilot_2017k_spd_2017k/train] exit=0  elapsed 40.4 min""; ts=run_id-stamp@phase4_semantic_finetune_train_2017k_2026-09-07T23-24.log",2026-09-07 22:44:40,,
offload_pilot_2017k_spd_2017k,2017k,spd_2017k,VERIFY:train,OK,,,"RECOVERED-FROM-LOGS(ts=completed): train_queue_nohup_pilot_offload_2017k_gpu_20260907T223748Z.log verdict verbatim: ""371MB, BE20, run_id ok, drive md5 ok (1s)""; ts=engine-completed@phase4_semantic_finetune_train_2017k_2026-09-07T23-24.log",2026-09-07 23:24:35,,
offload_pilot_2017k_spd_2017k,2017k,spd_2017k,evaluate,OK,0,3.0,"RECOVERED-FROM-LOGS(ts=start): train_queue_nohup_pilot_offload_2017k_gpu_20260907T223748Z.log outcome verbatim: ""[offload_pilot_2017k_spd_2017k/evaluate] exit=0  elapsed 3.0 min""; ts=run_id-stamp@phase4_semantic_finetune_evaluate_2017k_2026-09-07T23-28.log",2026-09-07 23:25:59,,
offload_pilot_2017k_spd_2017k,2017k,spd_2017k,VERIFY:evaluate,OK,,,"RECOVERED-FROM-LOGS(ts=completed): train_queue_nohup_pilot_offload_2017k_gpu_20260907T223748Z.log verdict verbatim: ""2 rows for 2017k/spd_2017k, written 23:28:41""; ts=engine-completed@phase4_semantic_finetune_evaluate_2017k_2026-09-07T23-28.log",2026-09-07 23:28:57,,
offload_pilot_2017k_spd_2017k,2017k,spd_2017k,inference,OK,0,22.8,"RECOVERED-FROM-LOGS(ts=start): train_queue_nohup_pilot_offload_2017k_gpu_20260907T223748Z.log outcome verbatim: ""[offload_pilot_2017k_spd_2017k/inference] exit=0  elapsed 22.8 min""; ts=run_id-stamp@phase4_semantic_finetune_inference_2017k_2026-09-07T23-51.log",2026-09-07 23:29:03,,
offload_pilot_2017k_spd_2017k,2017k,spd_2017k,VERIFY,OK,,,"RECOVERED-FROM-LOGS(ts=completed): train_queue_nohup_pilot_offload_2017k_gpu_20260907T223748Z.log verdict verbatim: ""2376MB valid=90.6% maxprob=0.906 p99.9=0.850 [2385x1676 sample]""; ts=engine-completed@phase4_semantic_finetune_inference_2017k_2026-09-07T23-51.log",2026-09-07 23:51:15,,
offload_pilot_2017k_spd_2017k,2017k,spd_2017k,VERIFY:inference,OK,,,"RECOVERED-FROM-LOGS(ts=completed): train_queue_nohup_pilot_offload_2017k_gpu_20260907T223748Z.log verdict verbatim: ""2376MB valid=90.6% maxprob=0.906 p99.9=0.850 [2385x1676 sample]""; ts=engine-completed@phase4_semantic_finetune_inference_2017k_2026-09-07T23-51.log",2026-09-07 23:51:15,,
offload_pilot_2017k_spd_2017k,2017k,spd_2017k,postproc,OK,0,27.1,"RECOVERED-FROM-LOGS(ts=start): train_queue_nohup_pilot_offload_2017k_cpu2_20260907T235501Z.log outcome verbatim: ""[offload_pilot_2017k_spd_2017k/postproc] exit=0  elapsed 27.1 min""; ts=run_id-stamp@phase4_semantic_finetune_postproc_2017k_2026-09-08T00-26.log",2026-09-07 23:59:48,,
offload_pilot_2017k_spd_2017k,2017k,spd_2017k,VERIFY,OK,,,"RECOVERED-FROM-LOGS(ts=completed): train_queue_nohup_pilot_offload_2017k_cpu2_20260907T235501Z.log verdict verbatim: ""steps subset ['postproc'] — no prob raster expected; per-step verifies are the record""; ts=engine-completed@phase4_semantic_finetune_postproc_2017k_2026-09-08T00-26.log",2026-09-08 00:26:48,,
offload_pilot_2017k_spd_2017k,2017k,spd_2017k,VERIFY:postproc,OK,,,"RECOVERED-FROM-LOGS(ts=completed): train_queue_nohup_pilot_offload_2017k_cpu2_20260907T235501Z.log verdict verbatim: ""mask 96MB, gpkg 26.9MB""; ts=engine-completed@phase4_semantic_finetune_postproc_2017k_2026-09-08T00-26.log",2026-09-08 00:26:48,,
