date,target_window,known_flight_day,frames_over_city,n_obs,max_sun_elev_deg,R1_primary_run_h,R1_primary_start,R1_primary_end,R1_primary_pass,R2_maxelim_run_h,R2_maxelim_start,R2_maxelim_end,R2_maxelim_pass,R3_lowcloud_run_h,R3_lowcloud_start,R3_lowcloud_end,R3_lowcloud_pass,SPEC_asasked_run_h,SPEC_asasked_start,SPEC_asasked_end,SPEC_asasked_pass,n_rules_passed_of_3,blk_lowcloud_hrs,blk_precip_hrs,blk_vis_hrs,worst_sky_sunhrs,R1_KPAE_run_h,R1_KPAE_pass,R1_KPAE_start,R1_KPAE_end,R1_KSEA_run_h,R1_KSEA_pass,R1_KSEA_start,R1_KSEA_end,R1_KBFI_run_h,R1_KBFI_pass,R1_KBFI_start,R1_KBFI_end,n_stations,n_stations_pass,R1_3station_verdict,R1_unanimous_flyable
2007-06-28,,,,24,65.15,3,05:53,07:53,1,1,07:53,07:53,0,3,05:53,07:53,1,2,10:53,11:53,0,2,2,5,0,BKN2500;BKN9000;CLR,3,1,05:53,07:53,,,,,,,,,1,1,FLYABLE,1
2007-06-29,,,,24,65.09,5,03:53,07:53,1,3,13:53,15:53,1,6,02:53,07:53,1,3,13:53,15:53,1,3,7,0,0,BKN2100;BKN2400/BKN3200/OVC4700;CLR,5,1,03:53,07:53,,,,,,,,,1,1,FLYABLE,1
2007-06-30,,2007K,252,24,65.03,12,12:53,23:53,1,12,12:53,23:53,1,21,03:53,23:53,1,6,12:53,17:53,1,3,1,0,0,BKN5500;CLR;FEW4500,12,1,12:53,23:53,,,,,,,,,1,1,FLYABLE,1
2007-07-01,,,,24,64.96,24,00:53,23:53,1,24,00:53,23:53,1,24,00:53,23:53,1,10,08:53,17:53,1,3,0,0,0,CLR,24,1,00:53,23:53,,,,,,,,,1,1,FLYABLE,1
2007-07-02,,,,24,64.88,18,06:53,23:53,1,18,06:53,23:53,1,19,05:53,23:53,1,10,08:53,17:53,1,3,0,0,0,CLR;FEW3500;SCT20000,18,1,06:53,23:53,,,,,,,,,1,1,FLYABLE,1
2007-07-03,,,,24,64.8,23,01:53,23:53,1,23,01:53,23:53,1,24,00:53,23:53,1,10,08:53,17:53,1,3,0,0,0,CLR;FEW12000;SCT12000,23,1,01:53,23:53,,,,,,,,,1,1,FLYABLE,1
2007-07-04,,,,24,64.7,24,00:53,23:53,1,24,00:53,23:53,1,24,00:53,23:53,1,10,08:53,17:53,1,3,0,0,0,CLR,24,1,00:53,23:53,,,,,,,,,1,1,FLYABLE,1
2007-07-05,,,,24,64.61,24,00:53,23:53,1,24,00:53,23:53,1,24,00:53,23:53,1,10,08:53,17:53,1,3,0,0,0,CLR,24,1,00:53,23:53,,,,,,,,,1,1,FLYABLE,1
2007-07-06,,,,24,64.5,24,00:53,23:53,1,24,00:53,23:53,1,24,00:53,23:53,1,10,08:53,17:53,1,3,0,0,0,CLR,24,1,00:53,23:53,,,,,,,,,1,1,FLYABLE,1
2007-07-07,,2007K,481,24,64.4,13,07:53,19:53,1,13,07:53,19:53,1,17,07:53,23:53,1,10,08:53,17:53,1,3,0,0,0,CLR,13,1,07:53,19:53,,,,,,,,,1,1,FLYABLE,1
2007-07-08,,2007K,15,24,64.28,11,13:53,23:53,1,11,13:53,23:53,1,13,11:53,23:53,1,4,13:53,16:53,1,3,6,0,0,BKN4600/OVC7000;BKN8000;CLR,11,1,13:53,23:53,,,,,,,,,1,1,FLYABLE,1
2007-07-09,,,,24,64.16,14,10:53,23:53,1,14,10:53,23:53,1,14,10:53,23:53,1,7,10:53,16:53,1,3,1,0,0,CLR;FEW1400;OVC1400,14,1,10:53,23:53,,,,,,,,,1,1,FLYABLE,1
2007-07-10,,2007K,36,24,64.03,24,00:53,23:53,1,24,00:53,23:53,1,24,00:53,23:53,1,9,08:53,16:53,1,3,0,0,0,CLR,24,1,00:53,23:53,,,,,,,,,1,1,FLYABLE,1
2007-07-11,,2007K,173,24,63.89,24,00:53,23:53,1,24,00:53,23:53,1,24,00:53,23:53,1,9,08:53,16:53,1,3,0,0,0,CLR,24,1,00:53,23:53,,,,,,,,,1,1,FLYABLE,1
2007-07-12,,,,24,63.75,24,00:53,23:53,1,24,00:53,23:53,1,24,00:53,23:53,1,9,08:53,16:53,1,3,0,0,0,CLR,24,1,00:53,23:53,,,,,,,,,1,1,FLYABLE,1
2007-07-13,,,,24,63.61,9,15:53,23:53,1,9,15:53,23:53,1,9,15:53,23:53,1,2,15:53,16:53,0,3,8,1,0,BKN1100/OVC1400;BKN2300;CLR,9,1,15:53,23:53,,,,,,,,,1,1,FLYABLE,1
2007-07-14,,,,24,63.46,24,00:53,23:53,1,24,00:53,23:53,1,24,00:53,23:53,1,9,08:53,16:53,1,3,0,0,0,CLR,24,1,00:53,23:53,,,,,,,,,1,1,FLYABLE,1
2007-07-15,,,,24,63.3,1,16:53,16:53,0,5,18:53,22:53,1,10,14:53,23:53,1,1,16:53,16:53,0,2,10,0,0,BKN3600/BKN7000;BKN3700/BKN4600/OVC6000;BKN6500,1,0,16:53,16:53,,,,,,,,,1,0,ELIMINATED,0
2007-07-16,,,,24,63.13,9,09:53,17:53,1,9,09:53,17:53,1,15,09:53,23:53,1,8,09:53,16:53,1,3,1,0,0,BKN3800/OVC4600;CLR;SCT4700,9,1,09:53,17:53,,,,,,,,,1,1,FLYABLE,1
2007-07-17,,,,24,62.97,10,05:53,14:53,1,2,11:53,12:53,0,10,05:53,14:53,1,7,08:53,14:53,1,2,1,0,0,BKN11000;BKN12000;BKN2200/BKN2600/OVC10000,10,1,05:53,14:53,,,,,,,,,1,1,FLYABLE,1
2007-07-18,,,,24,62.79,0,,,0,0,,,0,0,,,0,0,,,0,0,11,8,8,BKN300/OVC2700;BKN300/OVC800;BKN300/OVC8000,0,0,,,,,,,,,,,1,0,ELIMINATED,0
2007-07-19,,,,24,62.61,10,14:53,23:53,1,5,16:53,20:53,1,10,14:53,23:53,1,3,14:53,16:53,1,3,6,0,0,BKN3500/BKN4400;BKN3900/BKN4800/BKN9000;BKN9000,10,1,14:53,23:53,,,,,,,,,1,1,FLYABLE,1
2007-07-20,,,,24,62.42,8,00:53,07:53,1,3,05:53,07:53,1,8,00:53,07:53,1,1,15:53,15:53,0,3,9,7,3,BKN3200/OVC4400;BKN900/BKN3100/OVC6000;CLR,8,1,00:53,07:53,,,,,,,,,1,1,FLYABLE,1
2007-07-21,,,,24,62.23,0,,,0,0,,,0,1,15:53,15:53,0,0,,,0,0,9,2,0,BKN2700/BKN3700/OVC5500;BKN3000;BKN3000/OVC3800,0,0,,,,,,,,,,,1,0,ELIMINATED,0
2007-07-22,,,,24,62.04,4,14:53,17:53,1,0,,,0,6,14:53,19:53,1,3,14:53,16:53,1,2,6,2,2,BKN1400/OVC6000;BKN1800/BKN2300/OVC9000;BKN400/BKN1700/OVC3800,4,1,14:53,17:53,,,,,,,,,1,1,FLYABLE,1
2007-07-23,,,,24,61.83,0,,,0,0,,,0,0,,,0,0,,,0,0,11,1,8,BKN100/BKN900/OVC1200;BKN100/OVC900;BKN200/OVC500,0,0,,,,,,,,,,,1,0,ELIMINATED,0
2007-07-24,,,,24,61.63,13,11:53,23:53,1,13,11:53,23:53,1,13,11:53,23:53,1,6,11:53,16:53,1,3,1,0,0,BKN2800;CLR;FEW2600,13,1,11:53,23:53,,,,,,,,,1,1,FLYABLE,1
2007-07-25,,,,16,61.41,9,07:53,15:53,1,9,07:53,15:53,1,9,07:53,15:53,1,8,08:53,15:53,1,3,0,0,0,CLR;SCT600,9,1,07:53,15:53,,,,,,,,,1,1,FLYABLE,1
2007-07-29,,,,11,59.92,0,,,0,0,,,0,0,,,0,0,,,0,0,5,0,0,BKN3800/OVC4500;OVC3000;OVC3600,0,0,,,,,,,,,,,1,0,ELIMINATED,0
2007-07-30,,,,24,60.28,19,05:53,23:53,1,19,05:53,23:53,1,24,00:53,23:53,1,8,09:53,16:53,1,3,0,0,0,CLR,19,1,05:53,23:53,,,,,,,,,1,1,FLYABLE,1
2007-07-31,,,,24,60.04,22,00:53,21:53,1,22,00:53,21:53,1,24,00:53,23:53,1,8,09:53,16:53,1,3,0,0,0,CLR,22,1,00:53,21:53,,,,,,,,,1,1,FLYABLE,1
2007-08-01,,,,24,59.79,24,00:53,23:53,1,24,00:53,23:53,1,24,00:53,23:53,1,8,09:53,16:53,1,3,0,0,0,CLR,24,1,00:53,23:53,,,,,,,,,1,1,FLYABLE,1
2007-08-02,,,,24,59.54,21,00:53,20:53,1,21,00:53,20:53,1,22,00:53,21:53,1,8,09:53,16:53,1,3,0,0,0,CLR,21,1,00:53,20:53,,,,,,,,,1,1,FLYABLE,1
2007-08-03,,,,24,59.29,11,13:53,23:53,1,11,13:53,23:53,1,11,13:53,23:53,1,4,13:53,16:53,1,3,5,0,1,BKN400/OVC1500;BKN700/BKN1100/OVC1800;BKN700/BKN1200/OVC1800,11,1,13:53,23:53,,,,,,,,,1,1,FLYABLE,1
2007-08-04,,,,23,59.03,9,15:53,23:53,1,9,15:53,23:53,1,9,15:53,23:53,1,2,15:53,16:53,0,3,5,0,0,BKN1500;BKN1900;CLR,9,1,15:53,23:53,,,,,,,,,1,1,FLYABLE,1
2007-08-05,,,,24,58.76,12,12:53,23:53,1,12,12:53,23:53,1,12,12:53,23:53,1,5,12:53,16:53,1,3,4,0,0,CLR;FEW100/BKN500;OVC500,12,1,12:53,23:53,,,,,,,,,1,1,FLYABLE,1
2007-08-06,,,,24,58.49,4,15:53,18:53,1,4,15:53,18:53,1,4,15:53,18:53,1,2,15:53,16:53,0,3,7,0,0,BKN1700;BKN1900;CLR,4,1,15:53,18:53,,,,,,,,,1,1,FLYABLE,1
2007-08-07,,,,24,58.22,0,,,0,0,,,0,0,,,0,0,,,0,0,10,1,2,BKN1200/OVC1900;BKN1400/BKN2100/OVC2700;BKN1500/OVC2300,0,0,,,,,,,,,,,1,0,ELIMINATED,0
2007-08-08,,,,24,57.95,0,,,0,0,,,0,8,15:53,22:53,1,0,,,0,1,10,1,2,BKN1600/BKN2400/OVC3100;BKN1600/OVC2300;BKN200/BKN700/OVC1500,0,0,,,,,,,,,,,1,0,ELIMINATED,0
2007-08-09,,,,24,57.66,1,15:53,15:53,0,1,15:53,15:53,0,8,13:53,20:53,1,1,15:53,15:53,0,1,9,0,0,FEW1500/OVC5500;FEW6000;OVC5500,1,0,15:53,15:53,,,,,,,,,1,0,ELIMINATED,0
2007-08-10,,,,24,57.38,11,13:53,23:53,1,11,13:53,23:53,1,11,13:53,23:53,1,4,13:53,16:53,1,3,5,0,0,BKN1700;BKN2400/OVC3100;CLR,11,1,13:53,23:53,,,,,,,,,1,1,FLYABLE,1
2007-08-11,,,,24,57.09,15,08:53,22:53,1,15,08:53,22:53,1,15,08:53,22:53,1,8,09:53,16:53,1,3,0,0,0,CLR;SCT300,15,1,08:53,22:53,,,,,,,,,1,1,FLYABLE,1
2007-08-12,,,,24,56.8,3,14:53,16:53,1,3,14:53,16:53,1,3,14:53,16:53,1,3,14:53,16:53,1,3,6,0,0,BKN2200/OVC3200;BKN2300/OVC3000;BKN3000,3,1,14:53,16:53,,,,,,,,,1,1,FLYABLE,1
2007-08-13,,2007K,121,24,56.5,24,00:53,23:53,1,24,00:53,23:53,1,24,00:53,23:53,1,8,09:53,16:53,1,3,0,0,0,CLR,24,1,00:53,23:53,,,,,,,,,1,1,FLYABLE,1
2007-08-14,,,,24,56.2,24,00:53,23:53,1,24,00:53,23:53,1,24,00:53,23:53,1,8,09:53,16:53,1,3,0,0,0,CLR,24,1,00:53,23:53,,,,,,,,,1,1,FLYABLE,1
2007-08-15,,,,24,55.9,24,00:53,23:53,1,24,00:53,23:53,1,24,00:53,23:53,1,8,09:53,16:53,1,3,0,0,0,CLR,24,1,00:53,23:53,,,,,,,,,1,1,FLYABLE,1
2009-04-28,,,,24,56.46,8,10:53,17:53,1,6,12:53,17:53,1,10,08:53,17:53,1,7,10:53,16:53,1,3,2,0,0,BKN9000;CLR;FEW10000,8,1,10:53,17:53,,,,,,,,,1,1,FLYABLE,1
2009-04-29,,,,24,56.77,8,04:53,11:53,1,4,04:53,07:53,1,23,01:53,23:53,1,4,13:53,16:53,1,3,1,0,0,BKN5500/OVC7500;BKN8500;CLR,8,1,04:53,11:53,,,,,,,,,1,1,FLYABLE,1
2009-04-30,,,,22,57.08,13,00:53,12:53,1,9,15:53,23:53,1,13,00:53,12:53,1,4,09:53,12:53,1,3,0,0,0,CLR,13,1,00:53,12:53,,,,,,,,,1,1,FLYABLE,1
2009-05-01,,2009K,179,24,57.38,24,00:53,23:53,1,24,00:53,23:53,1,24,00:53,23:53,1,8,09:53,16:53,1,3,0,0,0,CLR,24,1,00:53,23:53,,,,,,,,,1,1,FLYABLE,1
2009-05-02,,,,24,57.68,10,00:53,09:53,1,2,08:53,09:53,0,11,00:53,10:53,1,3,14:53,16:53,1,2,5,3,0,BKN10000;BKN3900/OVC6000;BKN6000/BKN7500,10,1,00:53,09:53,,,,,,,,,1,1,FLYABLE,1
2009-05-03,,,,24,57.97,7,10:53,16:53,1,7,10:53,16:53,1,17,00:53,16:53,1,7,10:53,16:53,1,3,3,1,0,BKN4600/OVC6000;BKN5500;CLR,7,1,10:53,16:53,,,,,,,,,1,1,FLYABLE,1
2009-05-04,,,,24,58.26,15,00:53,14:53,1,13,00:53,12:53,1,15,00:53,14:53,1,6,09:53,14:53,1,3,3,3,0,CLR;FEW10000;FEW11000,15,1,00:53,14:53,,,,,,,,,1,1,FLYABLE,1
2009-05-05,,,,24,58.55,3,13:53,15:53,1,1,13:53,13:53,0,3,13:53,15:53,1,3,13:53,15:53,1,2,5,2,0,BKN2100/BKN2700/OVC8500;CLR;FEW1200/BKN1600/BKN2700,3,1,13:53,15:53,,,,,,,,,1,1,FLYABLE,1
2009-05-06,,,,24,58.83,0,,,0,0,,,0,0,,,0,0,,,0,0,11,7,0,BKN4200/OVC5000;BKN900/BKN1600/OVC6000;FEW2700/BKN3400/OVC4500,0,0,,,,,,,,,,,1,0,ELIMINATED,0
2009-05-07,,,,24,59.1,1,14:53,14:53,0,0,,,0,4,12:53,15:53,1,1,14:53,14:53,0,1,10,0,0,BKN1400/BKN1900;BKN1800;BKN2000/OVC2500,1,0,14:53,14:53,,,,,,,,,1,0,ELIMINATED,0
2009-05-08,,,,24,59.37,3,10:53,12:53,1,3,10:53,12:53,1,3,10:53,12:53,1,3,10:53,12:53,1,3,6,0,0,BKN4800;BKN5000;CLR,3,1,10:53,12:53,,,,,,,,,1,1,FLYABLE,1
2009-05-09,,2009K,121,24,59.64,16,08:53,23:53,1,16,08:53,23:53,1,16,08:53,23:53,1,9,08:53,16:53,1,3,1,0,0,CLR;OVC400;SCT400,16,1,08:53,23:53,,,,,,,,,1,1,FLYABLE,1
2009-05-10,,,,24,59.9,18,00:53,17:53,1,17,00:53,16:53,1,19,00:53,18:53,1,9,08:53,16:53,1,3,0,0,0,BKN8500;CLR;FEW6500,18,1,00:53,17:53,,,,,,,,,1,1,FLYABLE,1
2009-05-11,,,,24,60.15,2,15:53,16:53,0,2,15:53,16:53,0,2,15:53,16:53,0,2,15:53,16:53,0,0,8,0,0,BKN1000/OVC1400;BKN1000/OVC1500;BKN1900,2,0,15:53,16:53,,,,,,,,,1,0,ELIMINATED,0
2009-05-12,,,,24,60.4,1,12:53,12:53,0,1,12:53,12:53,0,6,15:53,20:53,1,1,12:53,12:53,0,1,9,2,0,BKN1200/BKN2400/OVC7500;BKN1200/OVC1900;BKN1200/OVC2200,1,0,12:53,12:53,,,,,,,,,1,0,ELIMINATED,0
2009-05-13,,,,24,60.65,9,04:53,12:53,1,4,04:53,07:53,1,9,04:53,12:53,1,5,08:53,12:53,1,3,5,4,1,BKN10000;BKN4800;BKN900/BKN1400/OVC2400,9,1,04:53,12:53,,,,,,,,,1,1,FLYABLE,1
2009-05-14,,,,24,60.89,9,14:53,22:53,1,9,14:53,22:53,1,11,12:53,22:53,1,3,14:53,16:53,1,3,7,2,2,BKN300/OVC700;BKN300/OVC800;BKN500/BKN1000/OVC1800,9,1,14:53,22:53,,,,,,,,,1,1,FLYABLE,1
2009-05-15,,,,24,61.12,14,10:53,23:53,1,14,10:53,23:53,1,14,10:53,23:53,1,7,10:53,16:53,1,3,3,0,0,CLR;OVC1100;OVC700,14,1,10:53,23:53,,,,,,,,,1,1,FLYABLE,1
2009-05-16,,2009K,172,24,61.35,24,00:53,23:53,1,24,00:53,23:53,1,24,00:53,23:53,1,9,08:53,16:53,1,3,0,0,0,CLR,24,1,00:53,23:53,,,,,,,,,1,1,FLYABLE,1
2009-05-17,,,,24,61.57,16,08:53,23:53,1,16,08:53,23:53,1,16,08:53,23:53,1,9,08:53,16:53,1,3,1,0,0,BKN5000;CLR;SCT5000,16,1,08:53,23:53,,,,,,,,,1,1,FLYABLE,1
2009-05-18,,,,24,61.79,3,11:53,13:53,1,1,11:53,11:53,0,8,11:53,18:53,1,3,11:53,13:53,1,2,8,0,0,BKN9000;FEW1000;OVC100,3,1,11:53,13:53,,,,,,,,,1,1,FLYABLE,1
2012-03-20,,,,24,42.17,7,12:53,18:53,1,4,12:53,15:53,1,8,12:53,19:53,1,4,12:53,15:53,1,3,3,0,0,BKN2100/OVC2700;BKN2200/OVC2800;CLR,7,1,12:53,18:53,,,,,,,,,1,1,FLYABLE,1
2012-03-21,,,,24,42.57,11,12:53,22:53,1,9,12:53,20:53,1,12,12:53,23:53,1,4,12:53,15:53,1,3,2,0,0,BKN1800/OVC2500;CLR;FEW4600,11,1,12:53,22:53,,,,,,,,,1,1,FLYABLE,1
2012-03-22,,,,24,42.97,2,11:53,12:53,0,2,11:53,12:53,0,2,11:53,12:53,0,2,11:53,12:53,0,0,6,0,0,BKN3900/BKN5000;BKN4500;BKN4700,2,0,11:53,12:53,,,,,,,,,1,0,ELIMINATED,0
2012-03-23,,2012K,30,24,43.37,21,03:53,23:53,1,18,06:53,23:53,1,24,00:53,23:53,1,6,10:53,15:53,1,3,0,0,0,CLR,21,1,03:53,23:53,,,,,,,,,1,1,FLYABLE,1
2012-03-24,,,,24,43.77,24,00:53,23:53,1,12,00:53,11:53,1,24,00:53,23:53,1,6,10:53,15:53,1,3,0,0,0,CLR;FEW8000/BKN9000;SCT12000,24,1,00:53,23:53,,,,,,,,,1,1,FLYABLE,1
2012-03-25,,,,24,44.16,20,00:53,19:53,1,18,00:53,17:53,1,20,00:53,19:53,1,6,10:53,15:53,1,3,0,0,0,CLR,20,1,00:53,19:53,,,,,,,,,1,1,FLYABLE,1
2012-03-26,,,,24,44.56,8,16:53,23:53,1,8,16:53,23:53,1,9,15:53,23:53,1,1,13:53,13:53,0,3,6,0,0,BKN1600/OVC7000;BKN1800/BKN2400/OVC9000;BKN2400/OVC9000,8,1,16:53,23:53,,,,,,,,,1,1,FLYABLE,1
2012-03-27,,,,24,44.96,1,15:53,15:53,0,0,,,0,3,14:53,16:53,1,1,15:53,15:53,0,1,7,1,0,BKN5000/OVC7000;BKN5500/OVC7000;BKN6000/OVC7500,1,0,15:53,15:53,,,,,,,,,1,0,ELIMINATED,0
2012-03-28,,,,24,45.35,1,10:53,10:53,0,4,05:53,08:53,1,1,10:53,10:53,0,1,10:53,10:53,0,1,7,2,0,BKN3000/BKN3500;BKN3400;BKN3800/BKN4400/BKN6000,1,0,10:53,10:53,,,,,,,,,1,0,ELIMINATED,0
2012-03-29,,,,24,45.75,0,,,0,0,,,0,0,,,0,0,,,0,0,8,8,2,BKN600/OVC1200;BKN800/BKN1400/OVC2100;BKN800/BKN1500/OVC3500,0,0,,,,,,,,,,,1,0,ELIMINATED,0
2012-03-30,,,,24,46.14,1,14:53,14:53,0,1,14:53,14:53,0,1,14:53,14:53,0,1,14:53,14:53,0,0,7,2,4,BKN2800/OVC3300;BKN400/BKN1100/OVC1700;BKN400/OVC1700,1,0,14:53,14:53,,,,,,,,,1,0,ELIMINATED,0
2012-03-31,,,,24,46.53,0,,,0,0,,,0,0,,,0,0,,,0,0,8,6,0,BKN600/OVC3600;BKN700/BKN1200/OVC2700;BKN700/OVC1100,0,0,,,,,,,,,,,1,0,ELIMINATED,0
2012-04-01,,,,24,46.92,1,08:53,08:53,0,1,08:53,08:53,0,1,08:53,08:53,0,0,,,0,0,8,0,0,BKN1600;BKN2700/BKN3200/OVC6000;BKN2700/BKN3400,1,0,08:53,08:53,,,,,,,,,1,0,ELIMINATED,0
2012-04-02,,,,24,47.31,13,11:53,23:53,1,13,11:53,23:53,1,13,11:53,23:53,1,5,11:53,15:53,1,3,2,0,0,BKN4200;BKN4800;CLR,13,1,11:53,23:53,,,,,,,,,1,1,FLYABLE,1
2012-04-03,,,,24,47.69,0,,,0,0,,,0,9,00:53,08:53,1,0,,,0,1,9,5,3,BKN1200/BKN3500;BKN300/OVC900;OVC1300,0,0,,,,,,,,,,,1,0,ELIMINATED,0
2012-04-04,,,,24,48.08,7,13:53,19:53,1,7,13:53,19:53,1,9,13:53,21:53,1,3,13:53,15:53,1,3,4,1,0,CLR;FEW1200/OVC3100;FEW4500,7,1,13:53,19:53,,,,,,,,,1,1,FLYABLE,1
2012-04-05,,,,24,48.46,8,14:53,21:53,1,8,14:53,21:53,1,9,13:53,21:53,1,2,14:53,15:53,0,3,6,1,1,BKN1800/OVC2200;SCT1200/BKN1800/BKN7000;SCT1500/BKN1800/BKN7000,8,1,14:53,21:53,,,,,,,,,1,1,FLYABLE,1
2012-04-06,,,,24,48.84,1,15:53,15:53,0,1,15:53,15:53,0,1,15:53,15:53,0,1,15:53,15:53,0,0,8,0,0,BKN1900/OVC2200;BKN2400/BKN6000;BKN2500/BKN6000,1,0,15:53,15:53,,,,,,,,,1,0,ELIMINATED,0
2012-04-07,,2012K,45,24,49.22,22,02:53,23:53,1,22,02:53,23:53,1,22,02:53,23:53,1,7,09:53,15:53,1,3,0,0,0,CLR,22,1,02:53,23:53,,,,,,,,,1,1,FLYABLE,1
2012-04-08,,,,24,49.6,24,00:53,23:53,1,7,14:53,20:53,1,24,00:53,23:53,1,7,09:53,15:53,1,3,0,0,0,BKN11000;BKN12000;CLR,24,1,00:53,23:53,,,,,,,,,1,1,FLYABLE,1
2012-04-09,,,,24,49.97,24,00:53,23:53,1,16,00:53,15:53,1,24,00:53,23:53,1,7,09:53,15:53,1,3,0,0,0,CLR;FEW12000;OVC11000,24,1,00:53,23:53,,,,,,,,,1,1,FLYABLE,1
2012-04-10,,,,24,50.35,22,00:53,21:53,1,6,12:53,17:53,1,23,00:53,22:53,1,7,09:53,15:53,1,3,0,0,0,CLR;OVC12000,22,1,00:53,21:53,,,,,,,,,1,1,FLYABLE,1
2013-05-30,,,,24,63.92,2,16:53,17:53,0,0,,,0,4,14:53,17:53,1,1,16:53,16:53,0,1,9,0,3,BKN1200/BKN1700/OVC2400;BKN2200/OVC2600;BKN3000/BKN10000,2,0,16:53,17:53,,,,,,,,,1,0,ELIMINATED,0
2013-05-31,,,,24,64.06,9,15:53,23:53,1,9,15:53,23:53,1,9,15:53,23:53,1,2,15:53,16:53,0,3,8,0,0,CLR;FEW1700/BKN2300;FEW200/BKN700/OVC1400,9,1,15:53,23:53,,,,,,,,,1,1,FLYABLE,1
2013-06-01,,,,24,64.19,4,08:53,11:53,1,4,14:53,17:53,1,24,00:53,23:53,1,4,08:53,11:53,1,3,3,0,0,BKN10000;BKN7000/BKN8500;CLR,4,1,08:53,11:53,,,,,,,,,1,1,FLYABLE,1
2013-06-02,,2013K,111,24,64.31,13,10:53,22:53,1,13,10:53,22:53,1,13,10:53,22:53,1,7,10:53,16:53,1,3,2,0,0,BKN1900;BKN700;CLR,13,1,10:53,22:53,,,,,,,,,1,1,FLYABLE,1
2013-06-03,,,,23,64.43,9,15:53,23:53,1,9,15:53,23:53,1,9,15:53,23:53,1,2,12:53,13:53,0,3,3,0,1,CLR;FEW200;OVC600,9,1,15:53,23:53,,,,,,,,,1,1,FLYABLE,1
2013-06-04,,2013K,137,24,64.54,24,00:53,23:53,1,24,00:53,23:53,1,24,00:53,23:53,1,9,08:53,16:53,1,3,0,0,0,CLR,24,1,00:53,23:53,,,,,,,,,1,1,FLYABLE,1
2013-06-05,,2013K,218,24,64.64,24,00:53,23:53,1,14,10:53,23:53,1,24,00:53,23:53,1,9,08:53,16:53,1,3,0,0,0,BKN12000;CLR;FEW11000,24,1,00:53,23:53,,,,,,,,,1,1,FLYABLE,1
2013-06-06,,2013K,222,24,64.74,13,00:53,12:53,1,13,00:53,12:53,1,13,00:53,12:53,1,5,08:53,12:53,1,3,0,0,1,CLR,13,1,00:53,12:53,,,,,,,,,1,1,FLYABLE,1
2013-06-07,,,,24,64.83,0,,,0,0,,,0,9,03:53,11:53,1,0,,,0,1,11,0,0,BKN3600/OVC4500;BKN7000;FEW4200/OVC6500,0,0,,,,,,,,,,,1,0,ELIMINATED,0
2013-06-08,,,,24,64.91,3,16:53,18:53,1,2,17:53,18:53,0,10,13:53,22:53,1,1,16:53,16:53,0,2,9,0,0,BKN3100;BKN7500;BKN8000,3,1,16:53,18:53,,,,,,,,,1,1,FLYABLE,1
2015-02-12,,,,24,28.29,1,12:53,12:53,0,0,,,0,10,01:53,10:53,1,0,,,0,1,5,1,0,BKN3300/OVC8500;BKN7500/OVC9000;FEW3800/BKN9000,1,0,12:53,12:53,,,,,,,,,1,0,ELIMINATED,0
2015-02-13,,,,24,28.62,19,01:53,19:53,1,19,01:53,19:53,1,19,01:53,19:53,1,0,,,0,3,0,0,0,CLR;SCT11000,19,1,01:53,19:53,,,,,,,,,1,1,FLYABLE,1
2015-02-14,,,,24,28.96,2,13:53,14:53,0,2,13:53,14:53,0,3,12:53,14:53,1,0,,,0,1,4,0,0,BKN500/OVC2200;BKN700/OVC2300;BKN900/OVC2300,2,0,13:53,14:53,0.0,0,,,0.0,0,,,3,0,ELIMINATED,0
2015-02-15,,2015K,5,24,29.3,18,05:53,22:53,1,18,05:53,22:53,1,18,05:53,22:53,1,0,,,0,3,0,0,0,CLR,18,1,05:53,22:53,19.0,1,05:53,23:53,24.0,1,00:53,23:53,3,3,FLYABLE,1
2015-02-16,,,,24,29.64,20,04:53,23:53,1,20,04:53,23:53,1,20,04:53,23:53,1,0,,,0,3,0,0,0,CLR,20,1,04:53,23:53,19.0,1,05:53,23:53,19.0,1,05:53,23:53,3,3,FLYABLE,1
2015-02-17,,,,24,29.99,24,00:53,23:53,1,24,00:53,23:53,1,24,00:53,23:53,1,0,,,0,3,0,0,0,CLR,24,1,00:53,23:53,24.0,1,00:53,23:53,24.0,1,00:53,23:53,3,3,FLYABLE,1
2015-02-18,,2015K,5,24,30.34,10,00:53,09:53,1,10,00:53,09:53,1,10,00:53,09:53,1,0,,,0,3,5,0,0,BKN2000/BKN3000/OVC3700;CLR;FEW3000/OVC3600,10,1,00:53,09:53,0.0,0,,,0.0,0,,,3,1,FLYABLE,0
2015-02-19,,,,24,30.69,0,,,0,0,,,0,1,09:53,09:53,0,0,,,0,0,6,4,3,BKN700/BKN1100/OVC6000;BKN700/BKN1300/OVC5500;BKN700/OVC5000,0,0,,,1.0,0,14:53,14:53,0.0,0,,,3,0,ELIMINATED,0
2015-02-20,,,,24,31.04,0,,,0,0,,,0,0,,,0,0,,,0,0,6,1,0,BKN600/BKN1000/OVC1400;BKN800/BKN1300/OVC2600;BKN800/OVC1400,0,0,,,0.0,0,,,0.0,0,,,3,0,ELIMINATED,0
2015-02-21,,2015K,26,24,31.4,14,10:53,23:53,1,14,10:53,23:53,1,14,10:53,23:53,1,2,11:53,12:53,0,3,1,0,1,CLR;FEW1400;FEW8000,14,1,10:53,23:53,13.0,1,11:53,23:53,13.0,1,11:53,23:53,3,3,FLYABLE,1
2015-02-22,,,,24,31.76,24,00:53,23:53,1,24,00:53,23:53,1,24,00:53,23:53,1,2,11:53,12:53,0,3,0,0,0,CLR,24,1,00:53,23:53,24.0,1,00:53,23:53,22.0,1,02:53,23:53,3,3,FLYABLE,1
2015-02-23,,,,24,32.12,24,00:53,23:53,1,24,00:53,23:53,1,24,00:53,23:53,1,2,11:53,12:53,0,3,0,0,0,CLR,24,1,00:53,23:53,,,,,,,,,1,1,FLYABLE,1
2015-02-24,,,,24,32.48,20,00:53,19:53,1,13,00:53,12:53,1,21,00:53,20:53,1,2,11:53,12:53,0,3,0,0,0,BKN11000;CLR;SCT11000,20,1,00:53,19:53,,,,,,,,,1,1,FLYABLE,1
2015-02-25,,,,24,32.86,0,,,0,0,,,0,5,05:53,09:53,1,0,,,0,1,6,2,0,BKN1200/OVC5000;BKN400/BKN2100/OVC6000;FEW400/BKN2400/OVC6000,0,0,,,,,,,,,,,1,0,ELIMINATED,0
2015-02-26,,,,24,33.23,0,,,0,0,,,0,0,,,0,0,,,0,0,6,0,1,BKN3100;BKN800/OVC1800;BKN900/OVC1700,0,0,,,,,,,,,,,1,0,ELIMINATED,0
2015-02-27,,,,24,33.61,0,,,0,0,,,0,10,14:53,23:53,1,0,,,0,1,6,3,1,BKN300/BKN4900/OVC5500;BKN300/OVC3100;BKN300/OVC3300,0,0,,,,,,,,,,,1,0,ELIMINATED,0
2015-02-28,,2015K,111,24,33.99,24,00:53,23:53,1,24,00:53,23:53,1,24,00:53,23:53,1,4,10:53,13:53,1,3,0,0,0,CLR,24,1,00:53,23:53,,,,,,,,,1,1,FLYABLE,1
2015-03-01,,,,24,34.37,21,00:53,20:53,1,14,00:53,13:53,1,24,00:53,23:53,1,4,10:53,13:53,1,3,0,0,0,CLR;OVC11000,21,1,00:53,20:53,,,,,,,,,1,1,FLYABLE,1
2015-03-02,,,,24,34.75,16,08:53,23:53,1,16,08:53,23:53,1,16,08:53,23:53,1,4,10:53,13:53,1,3,0,0,0,FEW2300;SCT1700;SCT2300,16,1,08:53,23:53,,,,,,,,,1,1,FLYABLE,1
2015-03-03,,,,24,35.14,24,00:53,23:53,1,24,00:53,23:53,1,24,00:53,23:53,1,4,10:53,13:53,1,3,0,0,0,CLR,24,1,00:53,23:53,,,,,,,,,1,1,FLYABLE,1
2015-03-04,,,,24,35.53,24,00:53,23:53,1,24,00:53,23:53,1,24,00:53,23:53,1,4,10:53,13:53,1,3,0,0,0,CLR,24,1,00:53,23:53,,,,,,,,,1,1,FLYABLE,1
2015-03-05,,,,24,35.92,24,00:53,23:53,1,24,00:53,23:53,1,24,00:53,23:53,1,4,10:53,13:53,1,3,0,0,0,CLR,24,1,00:53,23:53,,,,,,,,,1,1,FLYABLE,1
2015-03-06,,,,24,36.31,24,00:53,23:53,1,24,00:53,23:53,1,24,00:53,23:53,1,4,10:53,13:53,1,3,0,0,0,CLR,24,1,00:53,23:53,,,,,,,,,1,1,FLYABLE,1
2015-03-07,,2015K,348,24,36.7,17,07:53,23:53,1,17,07:53,23:53,1,17,07:53,23:53,1,4,10:53,13:53,1,3,0,0,0,CLR,17,1,07:53,23:53,,,,,,,,,1,1,FLYABLE,1
2015-03-08,,2015K,206,22,37.09,13,03:53,15:53,1,13,03:53,15:53,1,13,03:53,15:53,1,4,11:53,14:53,1,3,0,0,0,CLR,13,1,03:53,15:53,,,,,,,,,1,1,FLYABLE,1
2015-03-09,,,,24,37.49,4,10:53,13:53,1,4,10:53,13:53,1,4,10:53,13:53,1,3,11:53,13:53,1,3,1,0,2,CLR;FEW300;OVC100,4,1,10:53,13:53,,,,,,,,,1,1,FLYABLE,1
2015-03-10,,,,24,37.88,14,10:53,23:53,1,14,10:53,23:53,1,14,10:53,23:53,1,4,11:53,14:53,1,3,1,0,1,BKN300;CLR,14,1,10:53,23:53,,,,,,,,,1,1,FLYABLE,1
2016-08-09,,,,24,57.43,0,,,0,0,,,0,2,15:53,16:53,0,0,,,0,0,10,0,0,BKN1700/OVC4600;BKN2000/OVC5000;BKN3000/OVC3600,0,0,,,,,,,,,,,1,0,ELIMINATED,0
2016-08-10,,,,24,57.14,10,14:53,23:53,1,10,14:53,23:53,1,10,14:53,23:53,1,3,14:53,16:53,1,3,6,0,0,BKN1600/BKN2800/OVC6000;BKN1800;CLR,10,1,14:53,23:53,9.0,1,15:53,23:53,10.0,1,14:53,23:53,3,3,FLYABLE,1
2016-08-11,2016_snoh_rgbi.tif,,,24,56.85,13,11:53,23:53,1,13,11:53,23:53,1,13,11:53,23:53,1,6,11:53,16:53,1,3,3,0,0,CLR;OVC400;OVC600,13,1,11:53,23:53,24.0,1,00:53,23:53,15.0,1,09:53,23:53,3,3,FLYABLE,1
2016-08-12,2016_snoh_rgbi.tif,,,24,56.55,24,00:53,23:53,1,24,00:53,23:53,1,24,00:53,23:53,1,8,09:53,16:53,1,3,0,0,0,CLR,24,1,00:53,23:53,24.0,1,00:53,23:53,24.0,1,00:53,23:53,3,3,FLYABLE,1
2016-08-13,,,,24,56.25,24,00:53,23:53,1,24,00:53,23:53,1,24,00:53,23:53,1,8,09:53,16:53,1,3,0,0,0,CLR,24,1,00:53,23:53,24.0,1,00:53,23:53,24.0,1,00:53,23:53,3,3,FLYABLE,1
2016-08-14,,,,24,55.95,16,08:53,23:53,1,16,08:53,23:53,1,16,08:53,23:53,1,8,09:53,16:53,1,3,0,0,0,CLR,16,1,08:53,23:53,,,,,,,,,1,1,FLYABLE,1
2017-05-03,,,,24,57.99,8,14:53,21:53,1,8,14:53,21:53,1,8,14:53,21:53,1,3,14:53,16:53,1,3,6,0,3,BKN1600/BKN7500;CLR;OVC1500,8,1,14:53,21:53,,,,,,,,,1,1,FLYABLE,1
2017-05-04,,2017K,16,24,58.28,7,09:53,15:53,1,7,09:53,15:53,1,7,09:53,15:53,1,7,09:53,15:53,1,3,3,2,3,BKN100;CLR;SCT3200/BKN7000/OVC11000,7,1,09:53,15:53,,,,,,,,,1,1,FLYABLE,1
2017-05-05,,,,24,58.56,4,12:53,15:53,1,0,,,0,5,11:53,15:53,1,4,12:53,15:53,1,2,5,1,0,BKN1300;BKN3600/OVC4600;BKN7000/OVC8500,4,1,12:53,15:53,,,,,,,,,1,1,FLYABLE,1
2017-05-06,,2017K,90,24,58.84,11,13:53,23:53,1,11,13:53,23:53,1,11,13:53,23:53,1,4,13:53,16:53,1,3,6,0,0,BKN3400/BKN4700;CLR;FEW4300,11,1,13:53,23:53,,,,,,,,,1,1,FLYABLE,1
2017-05-07,,,,24,59.11,16,08:53,23:53,1,16,08:53,23:53,1,16,08:53,23:53,1,9,08:53,16:53,1,3,1,0,0,BKN1900/OVC2900;CLR;SCT1300,16,1,08:53,23:53,11.0,1,13:53,23:53,10.0,1,14:53,23:53,3,3,FLYABLE,1
2017-05-08,,2017K,48,24,59.38,10,00:53,09:53,1,8,00:53,07:53,1,24,00:53,23:53,1,2,08:53,09:53,0,3,4,0,0,BKN10000;BKN7500/BKN9500/OVC12000;BKN9500,10,1,00:53,09:53,24.0,1,00:53,23:53,13.0,1,00:53,12:53,3,3,FLYABLE,1
2017-05-09,,2017K,192,24,59.65,24,00:53,23:53,1,24,00:53,23:53,1,24,00:53,23:53,1,9,08:53,16:53,1,3,0,0,0,CLR,24,1,00:53,23:53,24.0,1,00:53,23:53,24.0,1,00:53,23:53,3,3,FLYABLE,1
2017-05-10,,2017K,364,24,59.91,23,00:53,22:53,1,8,00:53,07:53,1,23,00:53,22:53,1,9,08:53,16:53,1,3,0,0,0,BKN11000;CLR;FEW11000,23,1,00:53,22:53,,,,,,,,,1,1,FLYABLE,1
2017-05-11,,,,24,60.16,3,07:53,09:53,1,1,07:53,07:53,0,4,06:53,09:53,1,2,08:53,09:53,0,2,5,4,0,BKN5500/OVC7000;FEW1900/BKN7000/OVC12000;FEW2100/OVC6500,3,1,07:53,09:53,,,,,,,,,1,1,FLYABLE,1
2019-04-23,,,,24,54.7,0,,,0,0,,,0,0,,,0,0,,,0,0,10,0,2,BKN200/OVC600;BKN300/OVC1300;BKN400/BKN1500/OVC4800,0,0,,,,,,,,,,,1,0,ELIMINATED,0
2019-04-24,,,,24,55.03,12,12:53,23:53,1,12,12:53,23:53,1,12,12:53,23:53,1,5,12:53,16:53,1,3,3,0,0,BKN1900/BKN2500/BKN4800;BKN2100/OVC5000;BKN2900,12,1,12:53,23:53,,,,,,,,,1,1,FLYABLE,1
2019-04-25,,2019K,92,24,55.36,24,00:53,23:53,1,21,00:53,20:53,1,24,00:53,23:53,1,8,09:53,16:53,1,3,0,0,0,CLR,24,1,00:53,23:53,,,,,,,,,1,1,FLYABLE,1
2019-04-26,,,,24,55.69,7,12:53,18:53,1,4,05:53,08:53,1,9,00:53,08:53,1,5,12:53,16:53,1,3,3,0,0,BKN1700;BKN1700/BKN2300;CLR,7,1,12:53,18:53,,,,,,,,,1,1,FLYABLE,1
2019-04-27,,,,24,56.01,13,11:53,23:53,1,13,11:53,23:53,1,13,11:53,23:53,1,6,11:53,16:53,1,3,1,0,0,BKN4700/BKN5500;CLR;FEW2400,13,1,11:53,23:53,,,,,,,,,1,1,FLYABLE,1
2019-04-28,,,,24,56.32,11,12:53,22:53,1,11,12:53,22:53,1,12,12:53,23:53,1,5,12:53,16:53,1,3,3,0,0,BKN2200;BKN2300;CLR,11,1,12:53,22:53,,,,,,,,,1,1,FLYABLE,1
2019-04-29,,,,24,56.64,24,00:53,23:53,1,20,04:53,23:53,1,24,00:53,23:53,1,8,09:53,16:53,1,3,0,0,0,CLR;SCT3000,24,1,00:53,23:53,,,,,,,,,1,1,FLYABLE,1
2019-04-30,,2019K,387,24,56.95,24,00:53,23:53,1,19,00:53,18:53,1,24,00:53,23:53,1,8,09:53,16:53,1,3,0,0,0,CLR,24,1,00:53,23:53,,,,,,,,,1,1,FLYABLE,1
2019-05-01,,2019K,20,24,57.25,21,00:53,20:53,1,19,00:53,18:53,1,22,00:53,21:53,1,8,09:53,16:53,1,3,0,0,0,CLR;FEW1500;FEW3000,21,1,00:53,20:53,,,,,,,,,1,1,FLYABLE,1
2019-05-02,,,,24,57.55,2,16:53,17:53,0,2,16:53,17:53,0,2,16:53,17:53,0,1,16:53,16:53,0,0,8,0,0,BKN2300/OVC4600;BKN3300/BKN4200/OVC5000;FEW2400/OVC4700,2,0,16:53,17:53,,,,,,,,,1,0,ELIMINATED,0
2019-05-03,,,,24,57.85,9,14:53,22:53,1,9,14:53,22:53,1,9,14:53,22:53,1,3,14:53,16:53,1,3,6,0,0,CLR;OVC3000;OVC3200,9,1,14:53,22:53,,,,,,,,,1,1,FLYABLE,1
2019-05-04,,2019K,160,24,58.14,24,00:53,23:53,1,24,00:53,23:53,1,24,00:53,23:53,1,8,09:53,16:53,1,3,0,0,0,CLR,24,1,00:53,23:53,,,,,,,,,1,1,FLYABLE,1
2019-05-05,,,,24,58.42,22,02:53,23:53,1,22,02:53,23:53,1,24,00:53,23:53,1,8,09:53,16:53,1,3,0,0,0,CLR;FEW1200,22,1,02:53,23:53,,,,,,,,,1,1,FLYABLE,1
2019-05-06,,2019K,185,24,58.71,24,00:53,23:53,1,24,00:53,23:53,1,24,00:53,23:53,1,9,08:53,16:53,1,3,0,0,0,CLR,24,1,00:53,23:53,,,,,,,,,1,1,FLYABLE,1
2019-05-07,,2019K,332,24,58.98,24,00:53,23:53,1,24,00:53,23:53,1,24,00:53,23:53,1,9,08:53,16:53,1,3,0,0,0,CLR,24,1,00:53,23:53,,,,,,,,,1,1,FLYABLE,1
2019-05-08,,2019K,58,24,59.26,24,00:53,23:53,1,24,00:53,23:53,1,24,00:53,23:53,1,9,08:53,16:53,1,3,0,0,0,CLR;FEW12000,24,1,00:53,23:53,,,,,,,,,1,1,FLYABLE,1
2019-05-09,,,,24,59.52,24,00:53,23:53,1,24,00:53,23:53,1,24,00:53,23:53,1,9,08:53,16:53,1,3,0,0,0,CLR,24,1,00:53,23:53,,,,,,,,,1,1,FLYABLE,1
2019-05-10,,,,24,59.79,24,00:53,23:53,1,24,00:53,23:53,1,24,00:53,23:53,1,9,08:53,16:53,1,3,0,0,0,CLR,24,1,00:53,23:53,,,,,,,,,1,1,FLYABLE,1
2019-10-08,,,,24,36.2,3,12:53,14:53,1,1,12:53,12:53,0,5,11:53,15:53,1,3,12:53,14:53,1,2,4,1,0,BKN8500;FEW2800/SCT6000;FEW300/SCT2400/BKN3800,3,1,12:53,14:53,,,,,,,,,1,1,FLYABLE,1
2019-10-09,,,,24,35.82,12,12:53,23:53,1,12,12:53,23:53,1,12,12:53,23:53,1,3,12:53,14:53,1,3,3,0,0,BKN700;BKN800;CLR,12,1,12:53,23:53,,,,,,,,,1,1,FLYABLE,1
2019-10-10,,,,24,35.45,24,00:53,23:53,1,24,00:53,23:53,1,24,00:53,23:53,1,3,11:53,13:53,1,3,0,0,0,CLR,24,1,00:53,23:53,,,,,,,,,1,1,FLYABLE,1
2019-10-11,,2019NAIP,,24,35.07,24,00:53,23:53,1,24,00:53,23:53,1,24,00:53,23:53,1,3,11:53,13:53,1,3,0,0,0,CLR,24,1,00:53,23:53,,,,,,,,,1,1,FLYABLE,1
2019-10-12,,,,24,34.7,6,10:53,15:53,1,1,10:53,10:53,0,16,00:53,15:53,1,3,11:53,13:53,1,2,1,0,0,BKN9500;FEW11000;FEW5500/SCT7000/OVC9000,6,1,10:53,15:53,,,,,,,,,1,1,FLYABLE,1
2019-10-13,,,,24,34.32,2,14:53,15:53,0,0,,,0,10,14:53,23:53,1,0,,,0,1,5,0,0,BKN1000;BKN1000/OVC8000;BKN800,2,0,14:53,15:53,,,,,,,,,1,0,ELIMINATED,0
2019-10-14,,,,24,33.95,13,11:53,23:53,1,13,11:53,23:53,1,13,11:53,23:53,1,3,11:53,13:53,1,3,2,0,0,CLR;OVC700;OVC800,13,1,11:53,23:53,,,,,,,,,1,1,FLYABLE,1
2020-04-13,2020_coe_rgb.tif,,,24,51.47,24,00:53,23:53,1,21,00:53,20:53,1,24,00:53,23:53,1,7,09:53,15:53,1,3,0,0,0,CLR,24,1,00:53,23:53,24.0,1,00:53,23:53,24.0,1,00:53,23:53,3,3,FLYABLE,1
2020-04-14,2020_coe_rgb.tif,,,24,51.83,19,00:53,18:53,1,14,00:53,13:53,1,24,00:53,23:53,1,7,09:53,15:53,1,3,0,0,0,BKN12000;CLR;FEW12000,19,1,00:53,18:53,22.0,1,00:53,21:53,23.0,1,00:53,22:53,3,3,FLYABLE,1
2020-04-15,2020_coe_rgb.tif,,,24,52.19,13,11:53,23:53,1,13,11:53,23:53,1,13,11:53,23:53,1,6,11:53,16:53,1,3,3,0,0,BKN1000/OVC2000;BKN1500/OVC2300;BKN2600/BKN3300,13,1,11:53,23:53,12.0,1,12:53,23:53,13.0,1,11:53,23:53,3,3,FLYABLE,1
2020-04-16,2020_coe_rgb.tif,,,24,52.55,24,00:53,23:53,1,24,00:53,23:53,1,24,00:53,23:53,1,8,09:53,16:53,1,3,0,0,0,CLR,24,1,00:53,23:53,24.0,1,00:53,23:53,24.0,1,00:53,23:53,3,3,FLYABLE,1
2020-04-17,2020_coe_rgb.tif,,,22,52.9,12,10:53,21:53,1,9,00:53,08:53,1,12,10:53,21:53,1,7,10:53,16:53,1,3,0,0,0,CLR;OVC9500,12,1,10:53,21:53,24.0,1,00:53,23:53,17.0,1,07:53,23:53,3,3,FLYABLE,1
2020-04-18,2020_coe_rgb.tif,,,18,53.25,1,17:53,17:53,0,1,17:53,17:53,0,1,17:53,17:53,0,0,,,0,0,9,3,2,BKN1600/OVC6500;BKN4000;BKN600/OVC4900,1,0,17:53,17:53,0.0,0,,,0.0,0,,,3,0,ELIMINATED,0
2020-04-19,2020_coe_rgb.tif,,,24,53.6,12,12:53,23:53,1,12,12:53,23:53,1,12,12:53,23:53,1,5,12:53,16:53,1,3,4,0,0,BKN2300;CLR;OVC1200,12,1,12:53,23:53,3.0,1,13:53,15:53,8.0,1,16:53,23:53,3,3,FLYABLE,1
2020-04-20,2020_coe_rgb.tif,,,24,53.94,20,00:53,19:53,1,20,00:53,19:53,1,20,00:53,19:53,1,8,09:53,16:53,1,3,0,0,0,CLR,20,1,00:53,19:53,24.0,1,00:53,23:53,17.0,1,07:53,23:53,3,3,FLYABLE,1
2020-04-21,2020_coe_rgb.tif,,,24,54.28,0,,,0,0,,,0,0,,,0,0,,,0,0,10,0,3,BKN3600/OVC4500;BKN600/OVC1100;BKN800/BKN1400/OVC2500,0,0,,,0.0,0,,,0.0,0,,,3,0,ELIMINATED,0
2020-04-22,2020_coe_rgb.tif,,,23,54.62,0,,,0,0,,,0,0,,,0,0,,,0,0,9,6,5,BKN2400/BKN3100/OVC6000;BKN800/BKN3000/OVC3600;BKN800/OVC1200,0,0,,,0.0,0,,,0.0,0,,,3,0,ELIMINATED,0
2020-04-23,2020_coe_rgb.tif,,,24,54.95,0,,,0,0,,,0,0,,,0,0,,,0,0,10,1,3,BKN1800/BKN2600;BKN1900/OVC4100;BKN2900/OVC5000,0,0,,,0.0,0,,,0.0,0,,,3,0,ELIMINATED,0
2020-04-24,2020_coe_rgb.tif,,,23,55.28,3,07:53,09:53,1,2,07:53,08:53,0,5,17:53,21:53,1,1,09:53,09:53,0,2,7,0,0,BKN2000;BKN4200/OVC6000;BKN5000/OVC6000,3,1,07:53,09:53,8.0,1,03:53,10:53,7.0,1,04:53,10:53,3,3,FLYABLE,1
2020-04-25,2020_coe_rgb.tif,,,24,55.61,7,17:53,23:53,1,3,12:53,14:53,1,12,12:53,23:53,1,4,12:53,15:53,1,3,5,1,0,BKN400/OVC6000;BKN5500/OVC7500;BKN700/BKN1400/OVC10000,7,1,17:53,23:53,12.0,1,12:53,23:53,12.0,1,12:53,23:53,3,3,FLYABLE,1
2020-04-26,2020_coe_rgb.tif,,,24,55.93,8,07:53,14:53,1,5,16:53,20:53,1,15,07:53,21:53,1,6,09:53,14:53,1,3,1,0,0,BKN8000;CLR;FEW12000,8,1,07:53,14:53,18.0,1,03:53,20:53,18.0,1,03:53,20:53,3,3,FLYABLE,1
2020-04-27,2020_coe_rgb.tif,,,24,56.25,0,,,0,0,,,0,2,13:53,14:53,0,0,,,0,0,10,2,0,BKN1200;BKN1800;BKN3000/OVC5000,0,0,,,3.0,1,16:53,18:53,4.0,1,10:53,13:53,3,2,FLYABLE,0
2020-04-28,2020_coe_rgb.tif,,,24,56.56,12,05:53,16:53,1,5,05:53,09:53,1,13,05:53,17:53,1,8,09:53,16:53,1,3,1,0,0,BKN8500/OVC11000;CLR;OVC10000,12,1,05:53,16:53,20.0,1,00:53,19:53,20.0,1,00:53,19:53,3,3,FLYABLE,1
2020-04-29,2020_coe_rgb.tif,,,24,56.87,14,00:53,13:53,1,2,09:53,10:53,0,18,00:53,17:53,1,5,09:53,13:53,1,2,2,0,0,BKN10000;BKN10000/BKN11000;BKN5500/OVC9500,14,1,00:53,13:53,15.0,1,00:53,14:53,15.0,1,00:53,14:53,3,3,FLYABLE,1
2020-04-30,2020_coe_rgb.tif,,,24,57.18,4,06:53,09:53,1,4,06:53,09:53,1,4,06:53,09:53,1,1,09:53,09:53,0,3,6,0,0,BKN3200/BKN3900/BKN4700;BKN3700/OVC8000;BKN3900/BKN4700/BKN5500,4,1,06:53,09:53,8.0,1,04:53,11:53,9.0,1,01:53,09:53,3,3,FLYABLE,1
2020-05-01,2020_coe_rgb.tif,,,24,57.48,19,01:53,19:53,1,13,01:53,13:53,1,23,01:53,23:53,1,8,09:53,16:53,1,3,0,0,0,BKN12000;CLR;OVC10000,19,1,01:53,19:53,16.0,1,00:53,15:53,18.0,1,01:53,18:53,3,3,FLYABLE,1
2020-05-02,2020_coe_rgb.tif,,,24,57.78,2,16:53,17:53,0,1,17:53,17:53,0,2,16:53,17:53,0,1,16:53,16:53,0,0,8,7,4,BKN7500/OVC9500;CLR;FEW5000/OVC6500,2,0,16:53,17:53,0.0,0,,,1.0,0,16:53,16:53,3,0,ELIMINATED,0
2020-05-03,2020_coe_rgb.tif,,,24,58.07,0,,,0,0,,,0,1,14:53,14:53,0,0,,,0,0,10,3,2,BKN1800;BKN4200/BKN4900/OVC6000;BKN4400/OVC6000,0,0,,,4.0,1,14:53,17:53,5.0,1,13:53,17:53,3,2,FLYABLE,0
2020-05-04,2020_coe_rgb.tif,,,24,58.36,23,00:53,22:53,1,12,00:53,11:53,1,23,00:53,22:53,1,8,09:53,16:53,1,3,0,0,0,BKN11000;CLR;FEW11000,23,1,00:53,22:53,21.0,1,00:53,20:53,22.0,1,00:53,21:53,3,3,FLYABLE,1
2020-05-05,2020_coe_rgb.tif,,,23,58.64,5,12:53,16:53,1,2,12:53,13:53,0,13,07:53,19:53,1,5,12:53,16:53,1,2,4,0,0,BKN8000;BKN8500;CLR,5,1,12:53,16:53,7.0,1,11:53,17:53,9.0,1,11:53,19:53,3,3,FLYABLE,1
2020-05-06,2020_coe_rgb.tif,,,24,58.92,1,08:53,08:53,0,1,08:53,08:53,0,9,15:53,23:53,1,1,08:53,08:53,0,1,9,2,0,BKN3700/BKN4300;BKN6500/BKN8000;FEW1800/SCT5500,1,0,08:53,08:53,0.0,0,,,0.0,0,,,3,0,ELIMINATED,0
2020-05-07,2020_coe_rgb.tif,,,24,59.19,24,00:53,23:53,1,24,00:53,23:53,1,24,00:53,23:53,1,9,08:53,16:53,1,3,0,0,0,CLR,24,1,00:53,23:53,23.0,1,01:53,23:53,23.0,1,01:53,23:53,3,3,FLYABLE,1
2020-05-08,2020_coe_rgb.tif,,,24,59.46,24,00:53,23:53,1,24,00:53,23:53,1,24,00:53,23:53,1,9,08:53,16:53,1,3,0,0,0,CLR,24,1,00:53,23:53,24.0,1,00:53,23:53,24.0,1,00:53,23:53,3,3,FLYABLE,1
2020-05-09,2020_coe_rgb.tif,,,24,59.72,24,00:53,23:53,1,24,00:53,23:53,1,24,00:53,23:53,1,9,08:53,16:53,1,3,0,0,0,CLR,24,1,00:53,23:53,24.0,1,00:53,23:53,24.0,1,00:53,23:53,3,3,FLYABLE,1
2020-05-10,2020_coe_rgb.tif,,,24,59.98,24,00:53,23:53,1,24,00:53,23:53,1,24,00:53,23:53,1,9,08:53,16:53,1,3,0,0,0,CLR,24,1,00:53,23:53,24.0,1,00:53,23:53,24.0,1,00:53,23:53,3,3,FLYABLE,1
2020-05-11,2020_coe_rgb.tif,,,24,60.23,17,00:53,16:53,1,16,00:53,15:53,1,17,00:53,16:53,1,9,08:53,16:53,1,3,0,1,0,BKN9000/OVC11000;CLR;OVC10000,17,1,00:53,16:53,17.0,1,00:53,16:53,18.0,1,00:53,17:53,3,3,FLYABLE,1
2020-05-12,2020_coe_rgb.tif,,,24,60.48,3,06:53,08:53,1,3,06:53,08:53,1,9,06:53,14:53,1,3,12:53,14:53,1,3,5,0,0,BKN11000;FEW2900/BKN7000/BKN10000;FEW3400/SCT7000/OVC9500,3,1,06:53,08:53,3.0,1,13:53,15:53,3.0,1,13:53,15:53,3,3,FLYABLE,1
2020-05-13,2020_coe_rgb.tif,,,24,60.73,7,08:53,14:53,1,5,10:53,14:53,1,18,06:53,23:53,1,7,08:53,14:53,1,3,3,0,0,BKN5500;BKN6000;FEW2100/BKN9500,7,1,08:53,14:53,10.0,1,07:53,16:53,7.0,1,07:53,13:53,3,3,FLYABLE,1
2020-05-14,2020_coe_rgb.tif,,,24,60.96,3,17:53,19:53,1,3,17:53,19:53,1,9,14:53,22:53,1,0,,,0,3,10,3,2,BKN600/BKN1500/OVC3300;BKN6000;BKN6500,3,1,17:53,19:53,6.0,1,13:53,18:53,4.0,1,12:53,15:53,3,3,FLYABLE,1
2020-05-15,2020_coe_rgb.tif,,,24,61.19,6,11:53,16:53,1,6,11:53,16:53,1,13,11:53,23:53,1,6,11:53,16:53,1,3,5,0,0,BKN1700/OVC2200;BKN500/BKN4100/OVC6000;BKN5500,6,1,11:53,16:53,15.0,1,09:53,23:53,8.0,1,16:53,23:53,3,3,FLYABLE,1
2020-05-16,2020_coe_rgb.tif,,,24,61.42,0,,,0,1,18:53,18:53,0,10,00:53,09:53,1,0,,,0,1,11,7,0,FEW5500/BKN8000/OVC9500;OVC6000;OVC6500,0,0,,,0.0,0,,,0.0,0,,,3,0,ELIMINATED,0
2020-05-17,2020_coe_rgb.tif,,,24,61.64,8,16:53,23:53,1,8,16:53,23:53,1,9,15:53,23:53,1,1,16:53,16:53,0,3,9,0,0,BKN5000/OVC6000;BKN7500/BKN9000;BKN800/BKN1600/OVC8000,8,1,16:53,23:53,10.0,1,14:53,23:53,1.0,0,15:53,15:53,3,2,FLYABLE,0
2020-05-18,2020_coe_rgb.tif,,,24,61.86,12,10:53,21:53,1,12,10:53,21:53,1,14,10:53,23:53,1,7,10:53,16:53,1,3,3,0,0,BKN500;CLR;OVC500,12,1,10:53,21:53,15.0,1,09:53,23:53,12.0,1,09:53,20:53,3,3,FLYABLE,1
2020-05-19,2020_coe_rgb.tif,,,24,62.07,1,15:53,15:53,0,1,15:53,15:53,0,1,15:53,15:53,0,1,15:53,15:53,0,0,10,0,0,BKN1700/OVC2400;BKN3800;BKN5000,1,0,15:53,15:53,0.0,0,,,0.0,0,,,3,0,ELIMINATED,0
2020-05-20,2020_coe_rgb.tif,,,24,62.27,0,,,0,0,,,0,0,,,0,0,,,0,0,11,1,3,BKN1500/OVC2600;FEW1400/OVC2000;FEW800/SCT2200/OVC3100,0,0,,,0.0,0,,,0.0,0,,,3,0,ELIMINATED,0
2020-05-21,2020_coe_rgb.tif,,,24,62.47,3,16:53,18:53,1,1,17:53,17:53,0,4,15:53,18:53,1,1,10:53,10:53,0,2,8,5,1,BKN2300/BKN3700/OVC5500;BKN4700/OVC5500;BKN500/BKN2200/OVC3200,3,1,16:53,18:53,0.0,0,,,0.0,0,,,3,1,FLYABLE,0
2020-05-22,2020_coe_rgb.tif,,,24,62.66,0,,,0,0,,,0,2,08:53,09:53,0,0,,,0,0,11,0,0,BKN2200;BKN3300/BKN4200;FEW1000/BKN6500,0,0,,,0.0,0,,,0.0,0,,,3,0,ELIMINATED,0
2020-05-23,2020_coe_rgb.tif,,,24,62.84,2,16:53,17:53,0,2,16:53,17:53,0,2,13:53,14:53,0,1,14:53,14:53,0,0,8,0,0,BKN4400;BKN6000;CLR,2,0,16:53,17:53,0.0,0,,,1.0,0,17:53,17:53,3,0,ELIMINATED,0
2020-05-24,2020_coe_rgb.tif,,,24,63.02,17,00:53,16:53,1,4,07:53,10:53,1,24,00:53,23:53,1,9,08:53,16:53,1,3,1,0,0,BKN10000;CLR;FEW6000,17,1,00:53,16:53,17.0,1,00:53,16:53,14.0,1,05:53,18:53,3,3,FLYABLE,1
2020-05-25,2020_coe_rgb.tif,,,24,63.2,0,,,0,0,,,0,0,,,0,0,,,0,0,11,6,6,BKN100/OVC1100;BKN600/OVC1000;BKN700/OVC1100,0,0,,,0.0,0,,,0.0,0,,,3,0,ELIMINATED,0
2020-05-26,2020_coe_rgb.tif,,,24,63.36,11,13:53,23:53,1,11,13:53,23:53,1,11,13:53,23:53,1,4,13:53,16:53,1,3,6,0,0,BKN1200/BKN3100/OVC4300;CLR;FEW1000/OVC2700,11,1,13:53,23:53,8.0,1,16:53,23:53,8.0,1,16:53,23:53,3,3,FLYABLE,1
2020-05-27,2020_coe_rgb.tif,,,24,63.52,24,00:53,23:53,1,24,00:53,23:53,1,24,00:53,23:53,1,9,08:53,16:53,1,3,0,0,0,CLR,24,1,00:53,23:53,24.0,1,00:53,23:53,24.0,1,00:53,23:53,3,3,FLYABLE,1
2020-05-28,2020_coe_rgb.tif,,,24,63.68,24,00:53,23:53,1,24,00:53,23:53,1,24,00:53,23:53,1,9,08:53,16:53,1,3,0,0,0,CLR,24,1,00:53,23:53,24.0,1,00:53,23:53,24.0,1,00:53,23:53,3,3,FLYABLE,1
2020-05-29,2020_coe_rgb.tif,,,24,63.82,24,00:53,23:53,1,16,00:53,15:53,1,24,00:53,23:53,1,9,08:53,16:53,1,3,0,0,0,BKN10000;CLR;FEW11000,24,1,00:53,23:53,24.0,1,00:53,23:53,24.0,1,00:53,23:53,3,3,FLYABLE,1
2020-05-30,2020_coe_rgb.tif,,,24,63.96,8,00:53,07:53,1,8,00:53,07:53,1,8,00:53,07:53,1,1,11:53,11:53,0,3,8,8,8,BKN500/BKN1100/OVC1800;BKN8000/OVC10000;FEW4500/OVC5500,8,1,00:53,07:53,2.0,0,10:53,11:53,8.0,1,00:53,07:53,3,2,FLYABLE,0
2020-05-31,2020_coe_rgb.tif,,,23,64.1,0,,,0,0,,,0,0,,,0,0,,,0,0,11,1,3,BKN1200/BKN2200/OVC4000;BKN1800/BKN3600/OVC4600;BKN1800/OVC3700,0,0,,,1.0,0,17:53,17:53,1.0,0,16:53,16:53,3,0,ELIMINATED,0
2020-06-01,2020_coe_rgb.tif,,,24,64.23,16,08:53,23:53,1,16,08:53,23:53,1,22,02:53,23:53,1,9,08:53,16:53,1,3,1,0,0,CLR;FEW1900;FEW2300,16,1,08:53,23:53,14.0,1,10:53,23:53,12.0,1,09:53,20:53,3,3,FLYABLE,1
2020-06-02,2020_coe_rgb.tif,,,24,64.35,12,00:53,11:53,1,9,00:53,08:53,1,15,00:53,14:53,1,4,08:53,11:53,1,3,6,2,1,BKN10000;BKN4700;BKN7500/OVC10000,12,1,00:53,11:53,13.0,1,00:53,12:53,13.0,1,00:53,12:53,3,3,FLYABLE,1
2020-06-03,2020_coe_rgb.tif,,,24,64.46,7,10:53,16:53,1,7,10:53,16:53,1,14,10:53,23:53,1,7,10:53,16:53,1,3,4,0,0,BKN1900;BKN600/BKN1600;BKN600/BKN1900,7,1,10:53,16:53,6.0,1,12:53,17:53,6.0,1,12:53,17:53,3,3,FLYABLE,1
2020-06-04,2020_coe_rgb.tif,,,24,64.57,9,15:53,23:53,1,9,15:53,23:53,1,9,15:53,23:53,1,2,15:53,16:53,0,3,8,1,0,BKN3500;CLR;FEW3700,9,1,15:53,23:53,9.0,1,15:53,23:53,9.0,1,15:53,23:53,3,3,FLYABLE,1
2020-06-05,2020_coe_rgb.tif,,,24,64.67,8,12:53,19:53,1,2,08:53,09:53,0,16,08:53,23:53,1,5,12:53,16:53,1,2,3,0,0,BKN7500/OVC11000;BKN8500;FEW2700/BKN10000,8,1,12:53,19:53,10.0,1,00:53,09:53,16.0,1,00:53,15:53,3,3,FLYABLE,1
2020-06-06,2020_coe_rgb.tif,,,24,64.77,2,15:53,16:53,0,2,15:53,16:53,0,4,13:53,16:53,1,2,15:53,16:53,0,1,9,2,0,BKN6000;CLR;FEW2900/BKN3800/OVC4700,2,0,15:53,16:53,5.0,1,15:53,19:53,1.0,0,15:53,15:53,3,1,FLYABLE,0
2020-06-07,2020_coe_rgb.tif,,,24,64.85,6,14:53,19:53,1,5,14:53,18:53,1,7,13:53,19:53,1,3,14:53,16:53,1,3,7,1,0,BKN2200/BKN6500;BKN300/OVC1800;BKN6000,6,1,14:53,19:53,2.0,0,15:53,16:53,5.0,1,16:53,20:53,3,2,FLYABLE,0
2020-06-08,2020_coe_rgb.tif,,,24,64.93,1,16:53,16:53,0,3,18:53,20:53,1,10,14:53,23:53,1,1,16:53,16:53,0,2,10,3,0,BKN2800/BKN3800/OVC4600;FEW1600/BKN6000;FEW1600/BKN6000/OVC7500,1,0,16:53,16:53,6.0,1,13:53,18:53,5.0,1,15:53,19:53,3,2,FLYABLE,0
2020-06-09,2020_coe_rgb.tif,,,24,65.01,0,,,0,0,,,0,0,,,0,0,,,0,0,11,3,4,BKN1000/BKN2100/OVC2800;BKN1000/BKN2800;BKN1200/BKN1800/OVC2400,0,0,,,0.0,0,,,0.0,0,,,3,0,ELIMINATED,0
2020-06-10,2020_coe_rgb.tif,,,23,65.07,9,13:53,21:53,1,4,13:53,16:53,1,10,13:53,22:53,1,4,13:53,16:53,1,3,5,1,1,BKN600/BKN3000;BKN8500;BKN900/OVC2800,9,1,13:53,21:53,9.0,1,13:53,21:53,8.0,1,13:53,20:53,3,3,FLYABLE,1
2020-06-11,2020_coe_rgb.tif,,,24,65.13,7,17:53,23:53,1,7,17:53,23:53,1,7,17:53,23:53,1,3,12:53,14:53,1,3,7,4,2,BKN2400/BKN3200/OVC6000;BKN2500/OVC7500;FEW2100,7,1,17:53,23:53,11.0,1,13:53,23:53,11.0,1,13:53,23:53,3,3,FLYABLE,1
2020-06-12,2020_coe_rgb.tif,,,24,65.19,1,16:53,16:53,0,0,,,0,1,16:53,16:53,0,1,16:53,16:53,0,0,10,8,6,BKN2000/OVC8000;BKN800/BKN7500;BKN800/BKN7500/OVC9500,1,0,16:53,16:53,1.0,0,16:53,16:53,5.0,1,15:53,19:53,3,1,FLYABLE,0
2020-06-13,2020_coe_rgb.tif,,,24,65.23,1,12:53,12:53,0,1,12:53,12:53,0,1,12:53,12:53,0,1,12:53,12:53,0,0,10,2,0,BKN2500/BKN3100/OVC4900;BKN2800/BKN3700;BKN800/BKN1300/OVC5500,1,0,12:53,12:53,5.0,1,16:53,20:53,3.0,1,15:53,17:53,3,2,FLYABLE,0
2020-06-14,2020_coe_rgb.tif,,,24,65.27,1,09:53,09:53,0,1,09:53,09:53,0,9,15:53,23:53,1,1,09:53,09:53,0,1,9,0,0,BKN3600/BKN4500/BKN5500;BKN500/OVC1000;FEW2400/BKN5500,1,0,09:53,09:53,1.0,0,14:53,14:53,2.0,0,15:53,16:53,3,0,ELIMINATED,0
2020-06-15,2020_coe_rgb.tif,,,24,65.3,1,16:53,16:53,0,1,16:53,16:53,0,1,16:53,16:53,0,1,16:53,16:53,0,0,10,5,1,BKN2000/BKN6000/OVC7500;BKN2700;BKN900/BKN1800/OVC5500,1,0,16:53,16:53,4.0,1,15:53,18:53,2.0,0,15:53,16:53,3,1,FLYABLE,0
2020-06-16,2020_coe_rgb.tif,,,24,65.33,2,14:53,15:53,0,6,18:53,23:53,1,13,11:53,23:53,1,2,14:53,15:53,0,2,9,2,2,BKN11000;BKN400/BKN1500/OVC2400;BKN500/BKN2100/OVC3800,2,0,14:53,15:53,6.0,1,16:53,21:53,2.0,0,16:53,17:53,3,1,FLYABLE,0
2020-06-17,2020_coe_rgb.tif,,,24,65.35,12,12:53,23:53,1,12,12:53,23:53,1,24,00:53,23:53,1,5,12:53,16:53,1,3,5,0,0,BKN6000;CLR;FEW6000,12,1,12:53,23:53,12.0,1,12:53,23:53,11.0,1,13:53,23:53,3,3,FLYABLE,1
2020-06-18,2020_coe_rgb.tif,,,24,65.36,24,00:53,23:53,1,24,00:53,23:53,1,24,00:53,23:53,1,10,08:53,17:53,1,3,0,0,0,CLR;SCT600,24,1,00:53,23:53,24.0,1,00:53,23:53,24.0,1,00:53,23:53,3,3,FLYABLE,1
2020-06-19,2020_coe_rgb.tif,,,24,65.36,21,00:53,20:53,1,19,00:53,18:53,1,24,00:53,23:53,1,10,08:53,17:53,1,3,0,0,0,CLR;SCT11000,21,1,00:53,20:53,20.0,1,00:53,19:53,24.0,1,00:53,23:53,3,3,FLYABLE,1
2020-06-20,2020_coe_rgb.tif,,,24,65.36,2,14:53,15:53,0,2,14:53,15:53,0,4,04:53,07:53,1,2,14:53,15:53,0,1,9,1,0,BKN2000/OVC3000;BKN2200/OVC7000;BKN2900/OVC3600,2,0,14:53,15:53,0.0,0,,,1.0,0,07:53,07:53,3,0,ELIMINATED,0
2020-06-21,2020_coe_rgb.tif,,,24,65.35,0,,,0,0,,,0,0,,,0,0,,,0,0,12,0,3,BKN3000/OVC3500;BKN400/OVC1600;BKN600/OVC1300,0,0,,,9.0,1,15:53,23:53,8.0,1,16:53,23:53,3,2,FLYABLE,0
2020-06-22,2020_coe_rgb.tif,,,24,65.34,24,00:53,23:53,1,24,00:53,23:53,1,24,00:53,23:53,1,10,08:53,17:53,1,3,0,0,0,CLR,24,1,00:53,23:53,24.0,1,00:53,23:53,24.0,1,00:53,23:53,3,3,FLYABLE,1
2020-06-23,2020_coe_rgb.tif,,,24,65.31,24,00:53,23:53,1,24,00:53,23:53,1,24,00:53,23:53,1,10,08:53,17:53,1,3,0,0,0,CLR,24,1,00:53,23:53,24.0,1,00:53,23:53,24.0,1,00:53,23:53,3,3,FLYABLE,1
2020-06-24,2020_coe_rgb.tif,,,24,65.28,7,17:53,23:53,1,7,17:53,23:53,1,10,14:53,23:53,1,1,17:53,17:53,0,3,10,0,0,BKN1400/OVC8000;BKN1900/OVC2400;BKN2200/OVC2800,7,1,17:53,23:53,9.0,1,00:53,08:53,8.0,1,00:53,07:53,3,3,FLYABLE,1
2020-06-25,2020_coe_rgb.tif,,,24,65.25,16,08:53,23:53,1,16,08:53,23:53,1,16,08:53,23:53,1,10,08:53,17:53,1,3,1,0,1,CLR;SCT200/SCT600;SCT600,16,1,08:53,23:53,16.0,1,08:53,23:53,16.0,1,08:53,23:53,3,3,FLYABLE,1
2020-06-26,2020_coe_rgb.tif,,,24,65.2,9,00:53,08:53,1,9,00:53,08:53,1,22,00:53,21:53,1,6,10:53,15:53,1,3,2,0,0,BKN6000;BKN7500/BKN11000;CLR,9,1,00:53,08:53,21.0,1,00:53,20:53,21.0,1,00:53,20:53,3,3,FLYABLE,1
2020-06-27,2020_coe_rgb.tif,,,24,65.15,0,,,0,0,,,0,0,,,0,0,,,0,0,12,2,5,BKN800/OVC2400;BKN800/OVC2800;BKN900/OVC2400,0,0,,,0.0,0,,,0.0,0,,,3,0,ELIMINATED,0
2020-06-28,2020_coe_rgb.tif,,,24,65.1,8,16:53,23:53,1,4,16:53,19:53,1,11,13:53,23:53,1,2,13:53,14:53,0,3,7,0,0,BKN1500/BKN3800;BKN300/BKN1400/OVC1900;BKN3000,8,1,16:53,23:53,7.0,1,17:53,23:53,8.0,1,16:53,23:53,3,3,FLYABLE,1
2020-06-29,2020_coe_rgb.tif,,,24,65.03,9,13:53,21:53,1,9,13:53,21:53,1,9,13:53,21:53,1,5,13:53,17:53,1,3,6,0,0,BKN1800;CLR;FEW2300,9,1,13:53,21:53,7.0,1,12:53,18:53,8.0,1,13:53,20:53,3,3,FLYABLE,1
2020-06-30,2020_coe_rgb.tif,,,24,64.96,0,,,0,0,,,0,0,,,0,0,,,0,0,12,3,7,BKN2000/BKN3000/OVC3500;BKN400/BKN700/OVC1200;BKN400/OVC900,0,0,,,0.0,0,,,0.0,0,,,3,0,ELIMINATED,0
2020-07-01,2020_coe_rgb.tif,,,24,64.89,0,,,0,0,,,0,0,,,0,0,,,0,0,12,5,4,BKN2300/OVC4400;BKN600/BKN1100/OVC1500;BKN600/BKN1700/OVC2400,0,0,,,0.0,0,,,2.0,0,17:53,18:53,3,0,ELIMINATED,0
2020-07-02,2020_coe_rgb.tif,,,24,64.8,0,,,0,0,,,0,5,16:53,20:53,1,0,,,0,1,12,1,4,BKN1200/OVC2300;BKN2300/OVC5000;FEW1800/OVC5500,0,0,,,0.0,0,,,0.0,0,,,3,0,ELIMINATED,0
2020-07-03,2020_coe_rgb.tif,,,24,64.71,1,18:53,18:53,0,1,18:53,18:53,0,5,18:53,22:53,1,0,,,0,1,11,1,0,BKN3000/BKN3800/OVC4500;BKN3200/OVC4300;BKN3200/OVC4500,1,0,18:53,18:53,7.0,1,14:53,20:53,13.0,1,11:53,23:53,3,2,FLYABLE,0
2020-07-04,2020_coe_rgb.tif,,,24,64.62,11,13:53,23:53,1,11,13:53,23:53,1,11,13:53,23:53,1,5,13:53,17:53,1,3,6,0,0,BKN600/BKN1100;CLR;OVC500,11,1,13:53,23:53,10.0,1,13:53,22:53,9.0,1,15:53,23:53,3,3,FLYABLE,1
2020-07-05,2020_coe_rgb.tif,,,24,64.52,18,06:53,23:53,1,18,06:53,23:53,1,18,06:53,23:53,1,10,08:53,17:53,1,3,0,0,0,CLR,18,1,06:53,23:53,7.0,1,05:53,11:53,12.0,1,02:53,13:53,3,3,FLYABLE,1
2020-07-06,2020_coe_rgb.tif,,,24,64.41,8,09:53,16:53,1,8,09:53,16:53,1,17,00:53,16:53,1,8,09:53,16:53,1,3,3,0,0,BKN5000;CLR;FEW5000,8,1,09:53,16:53,11.0,1,09:53,19:53,11.0,1,09:53,19:53,3,3,FLYABLE,1
2020-07-07,2020_coe_rgb.tif,,,24,64.29,0,,,0,0,,,0,0,,,0,0,,,0,0,11,4,4,BKN200/OVC1400;BKN2200/OVC2900;BKN2600/BKN3400/OVC6000,0,0,,,0.0,0,,,0.0,0,,,3,0,ELIMINATED,0
2020-07-08,2020_coe_rgb.tif,,,24,64.17,11,13:53,23:53,1,11,13:53,23:53,1,11,13:53,23:53,1,4,13:53,16:53,1,3,6,0,0,BKN1100/OVC2100;CLR;FEW1100/OVC3200,11,1,13:53,23:53,12.0,1,12:53,23:53,7.0,1,17:53,23:53,3,3,FLYABLE,1
2020-07-09,2020_coe_rgb.tif,,,24,64.04,6,17:53,22:53,1,6,17:53,22:53,1,6,17:53,22:53,1,2,09:53,10:53,0,3,8,2,1,BKN2100/BKN10000;BKN2600/OVC3200;BKN2700/OVC3300,6,1,17:53,22:53,6.0,1,17:53,22:53,4.0,1,08:53,11:53,3,3,FLYABLE,1
2020-07-10,2020_coe_rgb.tif,,,24,63.91,12,12:53,23:53,1,12,12:53,23:53,1,12,12:53,23:53,1,5,12:53,16:53,1,3,5,0,0,BKN1700/OVC3300;BKN2800;CLR,12,1,12:53,23:53,12.0,1,12:53,23:53,12.0,1,12:53,23:53,3,3,FLYABLE,1
2020-07-11,2020_coe_rgb.tif,,,24,63.77,17,00:53,16:53,1,15,00:53,14:53,1,18,00:53,17:53,1,9,08:53,16:53,1,3,1,0,0,CLR;FEW3100;FEW3300,17,1,00:53,16:53,13.0,1,00:53,12:53,13.0,1,00:53,12:53,3,3,FLYABLE,1
2020-07-12,2020_coe_rgb.tif,,,24,63.63,1,13:53,13:53,0,1,13:53,13:53,0,1,10:53,10:53,0,1,13:53,13:53,0,0,9,1,1,BKN1000/OVC2400;BKN4400;CLR,1,0,13:53,13:53,2.0,0,15:53,16:53,2.0,0,14:53,15:53,3,0,ELIMINATED,0
2020-07-13,2020_coe_rgb.tif,,,24,63.48,24,00:53,23:53,1,24,00:53,23:53,1,24,00:53,23:53,1,9,08:53,16:53,1,3,0,0,0,CLR;FEW700;SCT700,24,1,00:53,23:53,23.0,1,01:53,23:53,22.0,1,02:53,23:53,3,3,FLYABLE,1
2021-04-11,,,,24,50.65,18,06:53,23:53,1,18,06:53,23:53,1,18,06:53,23:53,1,7,09:53,15:53,1,3,0,0,0,CLR;FEW2000,18,1,06:53,23:53,,,,,,,,,1,1,FLYABLE,1
2021-04-12,,,,24,51.02,24,00:53,23:53,1,18,00:53,17:53,1,24,00:53,23:53,1,7,09:53,15:53,1,3,0,0,0,CLR,24,1,00:53,23:53,,,,,,,,,1,1,FLYABLE,1
2021-04-13,,,,24,51.38,24,00:53,23:53,1,24,00:53,23:53,1,24,00:53,23:53,1,7,09:53,15:53,1,3,0,0,0,CLR,24,1,00:53,23:53,,,,,,,,,1,1,FLYABLE,1
2021-04-14,,2021K,135,24,51.75,24,00:53,23:53,1,24,00:53,23:53,1,24,00:53,23:53,1,7,09:53,15:53,1,3,0,0,0,CLR,24,1,00:53,23:53,,,,,,,,,1,1,FLYABLE,1
2021-04-15,,2021K,248,24,52.11,24,00:53,23:53,1,24,00:53,23:53,1,24,00:53,23:53,1,8,09:53,16:53,1,3,0,0,0,CLR,24,1,00:53,23:53,,,,,,,,,1,1,FLYABLE,1
2021-04-16,,2021K,259,24,52.46,24,00:53,23:53,1,24,00:53,23:53,1,24,00:53,23:53,1,8,09:53,16:53,1,3,0,0,0,CLR,24,1,00:53,23:53,,,,,,,,,1,1,FLYABLE,1
2021-04-17,,2021K,20,24,52.82,24,00:53,23:53,1,24,00:53,23:53,1,24,00:53,23:53,1,8,09:53,16:53,1,3,0,0,0,CLR,24,1,00:53,23:53,,,,,,,,,1,1,FLYABLE,1
2021-04-18,,,,24,53.17,24,00:53,23:53,1,24,00:53,23:53,1,24,00:53,23:53,1,8,09:53,16:53,1,3,0,0,0,CLR,24,1,00:53,23:53,,,,,,,,,1,1,FLYABLE,1
2021-04-19,,,,24,53.52,24,00:53,23:53,1,24,00:53,23:53,1,24,00:53,23:53,1,8,09:53,16:53,1,3,0,0,0,CLR,24,1,00:53,23:53,,,,,,,,,1,1,FLYABLE,1
2021-06-25,2021_snoh_rgbi.tif,,,24,65.26,24,00:53,23:53,1,24,00:53,23:53,1,24,00:53,23:53,1,10,08:53,17:53,1,3,0,0,0,CLR,24,1,00:53,23:53,24.0,1,00:53,23:53,24.0,1,00:53,23:53,3,3,FLYABLE,1
2021-06-26,2021_snoh_rgbi.tif,,,24,65.22,24,00:53,23:53,1,24,00:53,23:53,1,24,00:53,23:53,1,10,08:53,17:53,1,3,0,0,0,CLR,24,1,00:53,23:53,24.0,1,00:53,23:53,24.0,1,00:53,23:53,3,3,FLYABLE,1
2021-06-27,2021_snoh_rgbi.tif,,,24,65.17,24,00:53,23:53,1,24,00:53,23:53,1,24,00:53,23:53,1,10,08:53,17:53,1,3,0,0,0,CLR,24,1,00:53,23:53,24.0,1,00:53,23:53,24.0,1,00:53,23:53,3,3,FLYABLE,1
2021-06-28,2021_snoh_rgbi.tif,,,24,65.11,24,00:53,23:53,1,24,00:53,23:53,1,24,00:53,23:53,1,10,08:53,17:53,1,3,0,0,0,CLR,24,1,00:53,23:53,24.0,1,00:53,23:53,24.0,1,00:53,23:53,3,3,FLYABLE,1
2021-06-29,2021_snoh_rgbi.tif,,,24,65.05,24,00:53,23:53,1,24,00:53,23:53,1,24,00:53,23:53,1,10,08:53,17:53,1,3,0,0,0,CLR,24,1,00:53,23:53,17.0,1,07:53,23:53,24.0,1,00:53,23:53,3,3,FLYABLE,1
2021-06-30,2021_snoh_rgbi.tif,,,24,64.98,5,13:53,17:53,1,5,13:53,17:53,1,5,13:53,17:53,1,5,13:53,17:53,1,3,7,0,0,CLR;OVC1500;OVC1700,5,1,13:53,17:53,1.0,0,15:53,15:53,4.0,1,13:53,16:53,3,2,FLYABLE,0
2021-07-01,2021_snoh_rgbi.tif,,,24,64.91,1,18:53,18:53,0,1,18:53,18:53,0,3,18:53,20:53,1,0,,,0,1,11,0,0,BKN2100/BKN3100/OVC3800;BKN2100/OVC2900;OVC2000,1,0,18:53,18:53,0.0,0,,,0.0,0,,,3,0,ELIMINATED,0
2021-07-02,2021_snoh_rgbi.tif,,,24,64.83,11,13:53,23:53,1,11,13:53,23:53,1,12,12:53,23:53,1,5,13:53,17:53,1,3,6,0,0,CLR;FEW800/BKN2000/OVC6000;OVC2000,11,1,13:53,23:53,7.0,1,17:53,23:53,12.0,1,12:53,23:53,3,3,FLYABLE,1
2021-07-03,2021_snoh_rgbi.tif,,,24,64.74,18,06:53,23:53,1,18,06:53,23:53,1,18,06:53,23:53,1,10,08:53,17:53,1,3,0,0,0,CLR,18,1,06:53,23:53,24.0,1,00:53,23:53,24.0,1,00:53,23:53,3,3,FLYABLE,1
2021-07-04,2021_snoh_rgbi.tif,,,23,64.64,14,10:53,23:53,1,14,10:53,23:53,1,14,10:53,23:53,1,8,10:53,17:53,1,3,3,0,0,CLR;OVC500;OVC600,14,1,10:53,23:53,13.0,1,11:53,23:53,11.0,1,13:53,23:53,3,3,FLYABLE,1
2021-07-05,2021_snoh_rgbi.tif,,,24,64.54,11,13:53,23:53,1,11,13:53,23:53,1,11,13:53,23:53,1,5,13:53,17:53,1,3,6,0,0,BKN500/OVC900;CLR;OVC1100,11,1,13:53,23:53,11.0,1,13:53,23:53,11.0,1,13:53,23:53,3,3,FLYABLE,1
2021-07-06,2021_snoh_rgbi.tif,,,24,64.43,13,11:53,23:53,1,13,11:53,23:53,1,13,11:53,23:53,1,7,11:53,17:53,1,3,3,0,4,CLR;FEW500;OVC100,13,1,11:53,23:53,12.0,1,12:53,23:53,13.0,1,11:53,23:53,3,3,FLYABLE,1
2021-07-07,2021_snoh_rgbi.tif,,,24,64.32,7,17:53,23:53,1,7,17:53,23:53,1,7,17:53,23:53,1,0,,,0,3,10,0,0,BKN2800;BKN3200;CLR,7,1,17:53,23:53,9.0,1,14:53,22:53,9.0,1,14:53,22:53,3,3,FLYABLE,1
2021-07-08,2021_snoh_rgbi.tif,,,24,64.2,11,13:53,23:53,1,11,13:53,23:53,1,11,13:53,23:53,1,4,13:53,16:53,1,3,3,0,0,CLR;FEW700/OVC2300;OVC1900,11,1,13:53,23:53,11.0,1,13:53,23:53,8.0,1,16:53,23:53,3,3,FLYABLE,1
2021-07-09,2021_snoh_rgbi.tif,,,24,64.08,16,08:53,23:53,1,16,08:53,23:53,1,16,08:53,23:53,1,9,08:53,16:53,1,3,1,0,1,CLR;OVC200;nan,16,1,08:53,23:53,19.0,1,05:53,23:53,17.0,1,07:53,23:53,3,3,FLYABLE,1
2021-07-10,2021_snoh_rgbi.tif,,,24,63.94,15,09:53,23:53,1,15,09:53,23:53,1,15,09:53,23:53,1,8,09:53,16:53,1,3,2,0,1,CLR;FEW300;OVC100,15,1,09:53,23:53,13.0,1,11:53,23:53,14.0,1,10:53,23:53,3,3,FLYABLE,1
2021-07-11,2021_snoh_rgbi.tif,,,24,63.81,24,00:53,23:53,1,24,00:53,23:53,1,24,00:53,23:53,1,9,08:53,16:53,1,3,0,0,0,CLR,24,1,00:53,23:53,24.0,1,00:53,23:53,24.0,1,00:53,23:53,3,3,FLYABLE,1
2021-07-12,2021_snoh_rgbi.tif,,,24,63.66,20,04:53,23:53,1,20,04:53,23:53,1,20,04:53,23:53,1,9,08:53,16:53,1,3,0,0,0,CLR,20,1,04:53,23:53,24.0,1,00:53,23:53,24.0,1,00:53,23:53,3,3,FLYABLE,1
2021-07-13,2021_snoh_rgbi.tif,,,24,63.51,14,10:53,23:53,1,14,10:53,23:53,1,14,10:53,23:53,1,7,10:53,16:53,1,3,0,0,1,CLR;nan,14,1,10:53,23:53,13.0,1,11:53,23:53,15.0,1,09:53,23:53,3,3,FLYABLE,1
2021-07-14,2021_snoh_rgbi.tif,,,24,63.36,13,11:53,23:53,1,13,11:53,23:53,1,13,11:53,23:53,1,6,11:53,16:53,1,3,4,0,2,CLR;OVC200;OVC800,13,1,11:53,23:53,11.0,1,13:53,23:53,11.0,1,13:53,23:53,3,3,FLYABLE,1
2021-07-15,2021_snoh_rgbi.tif,,,24,63.2,10,14:53,23:53,1,10,14:53,23:53,1,10,14:53,23:53,1,3,14:53,16:53,1,3,7,0,1,CLR;OVC1100;OVC1400,10,1,14:53,23:53,6.0,1,15:53,20:53,7.0,1,15:53,21:53,3,3,FLYABLE,1
2021-07-16,2021_snoh_rgbi.tif,,,24,63.03,0,,,0,0,,,0,0,,,0,0,,,0,0,11,0,0,BKN2600/BKN3500/OVC5500;BKN2600/OVC5500;BKN3300/OVC4500,0,0,,,0.0,0,,,0.0,0,,,3,0,ELIMINATED,0
2021-07-17,2021_snoh_rgbi.tif,,,24,62.86,13,11:53,23:53,1,13,11:53,23:53,1,13,11:53,23:53,1,6,11:53,16:53,1,3,4,0,0,BKN1600/OVC6000;BKN2800;CLR,13,1,11:53,23:53,13.0,1,11:53,23:53,12.0,1,12:53,23:53,3,3,FLYABLE,1
2021-07-18,2021_snoh_rgbi.tif,,,24,62.68,17,07:53,23:53,1,17,07:53,23:53,1,17,07:53,23:53,1,9,08:53,16:53,1,3,0,0,0,CLR;FEW4100;FEW4500,17,1,07:53,23:53,20.0,1,04:53,23:53,20.0,1,04:53,23:53,3,3,FLYABLE,1
2021-07-19,2021_snoh_rgbi.tif,,,24,62.49,24,00:53,23:53,1,24,00:53,23:53,1,24,00:53,23:53,1,9,08:53,16:53,1,3,0,0,0,CLR,24,1,00:53,23:53,24.0,1,00:53,23:53,24.0,1,00:53,23:53,3,3,FLYABLE,1
2021-07-20,2021_snoh_rgbi.tif,,,24,62.31,0,,,0,0,,,0,0,,,0,0,,,0,0,11,0,6,BKN1800/BKN2200/OVC3500;BKN600/OVC1000;BKN800/OVC1100,0,0,,,6.0,1,16:53,21:53,5.0,1,17:53,21:53,3,2,FLYABLE,0
2021-07-21,2021_snoh_rgbi.tif,,,24,62.11,2,15:53,16:53,0,2,15:53,16:53,0,5,15:53,19:53,1,2,15:53,16:53,0,1,9,0,0,BKN1300/BKN2100/OVC3600;BKN2800/BKN5500;BKN6500,2,0,15:53,16:53,8.0,1,14:53,21:53,1.0,0,16:53,16:53,3,1,FLYABLE,0
2021-07-22,2021_snoh_rgbi.tif,,,24,61.91,19,05:53,23:53,1,19,05:53,23:53,1,19,05:53,23:53,1,9,08:53,16:53,1,3,0,0,0,CLR;FEW2500;SCT2000,19,1,05:53,23:53,16.0,1,08:53,23:53,16.0,1,08:53,23:53,3,3,FLYABLE,1
2021-07-23,2021_snoh_rgbi.tif,,,24,61.71,24,00:53,23:53,1,24,00:53,23:53,1,24,00:53,23:53,1,9,08:53,16:53,1,3,0,0,0,CLR;FEW12000,24,1,00:53,23:53,24.0,1,00:53,23:53,24.0,1,00:53,23:53,3,3,FLYABLE,1
2021-07-24,2021_snoh_rgbi.tif,,,24,61.5,18,06:53,23:53,1,18,06:53,23:53,1,18,06:53,23:53,1,9,08:53,16:53,1,3,0,0,0,CLR;FEW300,18,1,06:53,23:53,24.0,1,00:53,23:53,24.0,1,00:53,23:53,3,3,FLYABLE,1
2021-07-25,2021_snoh_rgbi.tif,,,24,61.28,24,00:53,23:53,1,24,00:53,23:53,1,24,00:53,23:53,1,9,08:53,16:53,1,3,0,0,0,CLR,24,1,00:53,23:53,24.0,1,00:53,23:53,24.0,1,00:53,23:53,3,3,FLYABLE,1
2021-07-26,2021_snoh_rgbi.tif,,,24,61.06,18,06:53,23:53,1,18,06:53,23:53,1,18,06:53,23:53,1,9,08:53,16:53,1,3,0,0,0,CLR;FEW400,18,1,06:53,23:53,24.0,1,00:53,23:53,17.0,1,07:53,23:53,3,3,FLYABLE,1
2021-07-27,2021_snoh_rgbi.tif,,,24,60.84,14,10:53,23:53,1,14,10:53,23:53,1,14,10:53,23:53,1,7,10:53,16:53,1,3,1,0,0,BKN1500;CLR;FEW1500,14,1,10:53,23:53,24.0,1,00:53,23:53,24.0,1,00:53,23:53,3,3,FLYABLE,1
2021-07-28,2021_snoh_rgbi.tif,,,24,60.61,24,00:53,23:53,1,24,00:53,23:53,1,24,00:53,23:53,1,9,08:53,16:53,1,3,0,0,0,CLR,24,1,00:53,23:53,24.0,1,00:53,23:53,24.0,1,00:53,23:53,3,3,FLYABLE,1
2021-07-29,2021_snoh_rgbi.tif,,,24,60.37,24,00:53,23:53,1,24,00:53,23:53,1,24,00:53,23:53,1,8,09:53,16:53,1,3,0,0,0,CLR,24,1,00:53,23:53,24.0,1,00:53,23:53,24.0,1,00:53,23:53,3,3,FLYABLE,1
2021-07-30,2021_snoh_rgbi.tif,,,24,60.13,24,00:53,23:53,1,24,00:53,23:53,1,24,00:53,23:53,1,8,09:53,16:53,1,3,0,0,0,CLR,24,1,00:53,23:53,24.0,1,00:53,23:53,24.0,1,00:53,23:53,3,3,FLYABLE,1
2021-07-31,2021_snoh_rgbi.tif,,,24,59.89,24,00:53,23:53,1,12,12:53,23:53,1,24,00:53,23:53,1,8,09:53,16:53,1,3,0,0,0,CLR;FEW11000;FEW12000,24,1,00:53,23:53,16.0,1,08:53,23:53,24.0,1,00:53,23:53,3,3,FLYABLE,1
2021-08-01,2021_snoh_rgbi.tif,,,24,59.64,14,10:53,23:53,1,14,10:53,23:53,1,24,00:53,23:53,1,7,10:53,16:53,1,3,2,0,0,CLR;OVC5500,14,1,10:53,23:53,24.0,1,00:53,23:53,24.0,1,00:53,23:53,3,3,FLYABLE,1
2021-08-02,2021_snoh_rgbi.tif,,,24,59.38,16,08:53,23:53,1,16,08:53,23:53,1,16,08:53,23:53,1,8,09:53,16:53,1,3,0,0,0,CLR;FEW100;SCT100,16,1,08:53,23:53,24.0,1,00:53,23:53,24.0,1,00:53,23:53,3,3,FLYABLE,1
2021-08-03,2021_snoh_rgbi.tif,,,24,59.13,18,00:53,17:53,1,18,00:53,17:53,1,18,00:53,17:53,1,8,09:53,16:53,1,3,0,0,0,CLR,18,1,00:53,17:53,18.0,1,00:53,17:53,18.0,1,00:53,17:53,3,3,FLYABLE,1
2021-08-04,2021_snoh_rgbi.tif,,,24,58.86,16,08:53,23:53,1,16,08:53,23:53,1,16,08:53,23:53,1,8,09:53,16:53,1,3,0,0,0,CLR,16,1,08:53,23:53,24.0,1,00:53,23:53,24.0,1,00:53,23:53,3,3,FLYABLE,1
2021-08-05,2021_snoh_rgbi.tif,,,24,58.6,21,00:53,20:53,1,19,00:53,18:53,1,21,00:53,20:53,1,8,09:53,16:53,1,3,0,0,0,CLR,21,1,00:53,20:53,21.0,1,00:53,20:53,20.0,1,00:53,19:53,3,3,FLYABLE,1
2021-08-06,2021_snoh_rgbi.tif,,,24,58.33,6,15:53,20:53,1,2,15:53,16:53,0,9,15:53,23:53,1,2,15:53,16:53,0,2,7,0,4,BKN500/BKN1000/OVC1900;BKN600/OVC2400;FEW4000,6,1,15:53,20:53,8.0,1,13:53,20:53,4.0,1,15:53,18:53,3,3,FLYABLE,1
2021-08-07,2021_snoh_rgbi.tif,,,24,58.05,0,,,0,0,,,0,0,,,0,0,,,0,0,10,2,2,BKN200/OVC2100;BKN200/OVC900;FEW200/OVC1900,0,0,,,3.0,1,16:53,18:53,1.0,0,14:53,14:53,3,1,FLYABLE,0
2021-08-08,2021_snoh_rgbi.tif,,,24,57.77,2,14:53,15:53,0,2,14:53,15:53,0,6,14:53,19:53,1,2,14:53,15:53,0,1,8,0,0,BKN2700/OVC3400;BKN3900;BKN900/BKN3100/OVC4600,2,0,14:53,15:53,5.0,1,10:53,14:53,1.0,0,11:53,11:53,3,1,FLYABLE,0
2021-08-09,2021_snoh_rgbi.tif,,,24,57.49,15,09:53,23:53,1,15,09:53,23:53,1,15,09:53,23:53,1,8,09:53,16:53,1,3,1,0,0,CLR;FEW4700;OVC4900,15,1,09:53,23:53,14.0,1,10:53,23:53,13.0,1,11:53,23:53,3,3,FLYABLE,1
2021-08-10,2021_snoh_rgbi.tif,,,24,57.2,22,02:53,23:53,1,22,02:53,23:53,1,22,02:53,23:53,1,8,09:53,16:53,1,3,0,0,0,CLR,22,1,02:53,23:53,24.0,1,00:53,23:53,24.0,1,00:53,23:53,3,3,FLYABLE,1
2021-08-11,2021_snoh_rgbi.tif,,,24,56.91,24,00:53,23:53,1,24,00:53,23:53,1,24,00:53,23:53,1,8,09:53,16:53,1,3,0,0,0,CLR,24,1,00:53,23:53,24.0,1,00:53,23:53,24.0,1,00:53,23:53,3,3,FLYABLE,1
2021-08-12,2021_snoh_rgbi.tif,,,24,56.61,15,00:53,14:53,1,15,00:53,14:53,1,15,00:53,14:53,1,6,09:53,14:53,1,3,2,0,0,BKN4400;BKN4600;CLR,15,1,00:53,14:53,11.0,1,00:53,10:53,24.0,1,00:53,23:53,3,3,FLYABLE,1
2021-08-13,2021_snoh_rgbi.tif,,,24,56.32,18,00:53,17:53,1,18,00:53,17:53,1,18,00:53,17:53,1,8,09:53,16:53,1,3,0,0,0,CLR;FEW4600;SCT3400,18,1,00:53,17:53,0.0,0,,,2.0,0,12:53,13:53,3,1,FLYABLE,0
2021-08-14,2021_snoh_rgbi.tif,,,24,56.01,23,01:53,23:53,1,23,01:53,23:53,1,23,01:53,23:53,1,8,09:53,16:53,1,3,0,0,0,CLR,23,1,01:53,23:53,15.0,1,09:53,23:53,15.0,1,09:53,23:53,3,3,FLYABLE,1
2021-08-15,2021_snoh_rgbi.tif,,,24,55.71,13,11:53,23:53,1,13,11:53,23:53,1,13,11:53,23:53,1,6,11:53,16:53,1,3,2,0,1,CLR;FEW200;OVC100,13,1,11:53,23:53,14.0,1,10:53,23:53,14.0,1,10:53,23:53,3,3,FLYABLE,1
2021-08-16,2021_snoh_rgbi.tif,,,24,55.4,9,00:53,08:53,1,0,,,0,9,00:53,08:53,1,0,,,0,2,9,1,1,BKN1200/OVC1700;FEW4300/OVC9000;OVC1100,9,1,00:53,08:53,4.0,1,12:53,15:53,0.0,0,,,3,2,FLYABLE,0
2021-08-17,2021_snoh_rgbi.tif,,,24,55.09,9,15:53,23:53,1,3,15:53,17:53,1,9,15:53,23:53,1,2,15:53,16:53,0,3,7,0,0,BKN900/BKN1500/OVC2600;BKN900/OVC3000;CLR,9,1,15:53,23:53,9.0,1,15:53,23:53,8.0,1,16:53,23:53,3,3,FLYABLE,1
2021-08-18,2021_snoh_rgbi.tif,,,24,54.77,18,00:53,17:53,1,16,00:53,15:53,1,24,00:53,23:53,1,8,09:53,16:53,1,3,0,0,0,BKN11000;CLR;OVC10000,18,1,00:53,17:53,9.0,1,10:53,18:53,11.0,1,10:53,20:53,3,3,FLYABLE,1
2021-08-19,2021_snoh_rgbi.tif,,,24,54.45,8,16:53,23:53,1,8,16:53,23:53,1,9,15:53,23:53,1,1,13:53,13:53,0,3,6,0,0,BKN4700/BKN5500;BKN4800;BKN5500,8,1,16:53,23:53,13.0,1,10:53,22:53,10.0,1,14:53,23:53,3,3,FLYABLE,1
2021-08-20,2021_snoh_rgbi.tif,,,24,54.13,0,,,0,0,,,0,0,,,0,0,,,0,0,10,0,0,BKN1100/OVC2600;BKN1700/OVC4100;OVC1600,0,0,,,0.0,0,,,0.0,0,,,3,0,ELIMINATED,0
2021-08-21,2021_snoh_rgbi.tif,,,24,53.8,0,,,0,0,,,0,2,14:53,15:53,0,0,,,0,0,10,0,0,OVC1100;OVC1300;OVC1400,0,0,,,0.0,0,,,0.0,0,,,3,0,ELIMINATED,0
2021-08-22,2021_snoh_rgbi.tif,,,24,53.47,0,,,0,0,,,0,0,,,0,0,,,0,0,10,1,4,BKN600/OVC1600;FEW1200/OVC3000;FEW800/OVC2000,0,0,,,0.0,0,,,0.0,0,,,3,0,ELIMINATED,0
2021-08-23,2021_snoh_rgbi.tif,,,24,53.14,13,11:53,23:53,1,13,11:53,23:53,1,13,11:53,23:53,1,6,11:53,16:53,1,3,3,0,0,BKN1300;CLR;FEW3000,13,1,11:53,23:53,13.0,1,11:53,23:53,13.0,1,11:53,23:53,3,3,FLYABLE,1
2021-08-24,2021_snoh_rgbi.tif,,,24,52.8,24,00:53,23:53,1,24,00:53,23:53,1,24,00:53,23:53,1,8,09:53,16:53,1,3,0,0,0,CLR,24,1,00:53,23:53,24.0,1,00:53,23:53,24.0,1,00:53,23:53,3,3,FLYABLE,1
2021-08-25,2021_snoh_rgbi.tif,,,24,52.47,24,00:53,23:53,1,23,00:53,22:53,1,24,00:53,23:53,1,8,09:53,16:53,1,3,0,0,0,CLR,24,1,00:53,23:53,24.0,1,00:53,23:53,24.0,1,00:53,23:53,3,3,FLYABLE,1
2021-08-26,2021_snoh_rgbi.tif,,,24,52.13,0,,,0,0,,,0,0,,,0,0,,,0,0,10,0,0,BKN2200/OVC2800;BKN2200/OVC3000;BKN2700,0,0,,,3.0,1,11:53,13:53,1.0,0,13:53,13:53,3,1,FLYABLE,0
2021-08-27,2021_snoh_rgbi.tif,,,24,51.78,9,15:53,23:53,1,9,15:53,23:53,1,9,15:53,23:53,1,1,15:53,15:53,0,3,7,0,3,BKN600/OVC2100;CLR;FEW4600,9,1,15:53,23:53,10.0,1,14:53,23:53,10.0,1,14:53,23:53,3,3,FLYABLE,1
2021-08-28,2021_snoh_rgbi.tif,,,24,51.44,24,00:53,23:53,1,24,00:53,23:53,1,24,00:53,23:53,1,7,09:53,15:53,1,3,0,0,0,CLR,24,1,00:53,23:53,24.0,1,00:53,23:53,16.0,1,08:53,23:53,3,3,FLYABLE,1
2021-08-29,2021_snoh_rgbi.tif,,,24,51.09,16,08:53,23:53,1,16,08:53,23:53,1,16,08:53,23:53,1,7,09:53,15:53,1,3,0,0,0,CLR;SCT100,16,1,08:53,23:53,24.0,1,00:53,23:53,24.0,1,00:53,23:53,3,3,FLYABLE,1
2021-08-30,2021_snoh_rgbi.tif,,,24,50.74,0,,,0,0,,,0,8,14:53,21:53,1,0,,,0,1,9,0,0,BKN1700/OVC2700;BKN1900/OVC3000;BKN2400/OVC3000,0,0,,,0.0,0,,,0.0,0,,,3,0,ELIMINATED,0
2021-08-31,2021_snoh_rgbi.tif,,,24,50.38,1,16:53,16:53,0,1,16:53,16:53,0,9,15:53,23:53,1,0,,,0,1,8,1,0,BKN7000;FEW1300/BKN1900/OVC4000;FEW1600/BKN3000/OVC8500,1,0,16:53,16:53,1.0,0,11:53,11:53,0.0,0,,,3,0,ELIMINATED,0
2021-09-01,2021_snoh_rgbi.tif,,,24,50.03,24,00:53,23:53,1,24,00:53,23:53,1,24,00:53,23:53,1,7,09:53,15:53,1,3,0,0,0,CLR,24,1,00:53,23:53,24.0,1,00:53,23:53,24.0,1,00:53,23:53,3,3,FLYABLE,1
2021-09-02,2021_snoh_rgbi.tif,,,24,49.67,24,00:53,23:53,1,24,00:53,23:53,1,24,00:53,23:53,1,7,09:53,15:53,1,3,0,0,0,CLR,24,1,00:53,23:53,24.0,1,00:53,23:53,24.0,1,00:53,23:53,3,3,FLYABLE,1
2021-09-03,2021_snoh_rgbi.tif,,,24,49.31,24,00:53,23:53,1,19,00:53,18:53,1,24,00:53,23:53,1,7,09:53,15:53,1,3,0,0,0,CLR,24,1,00:53,23:53,24.0,1,00:53,23:53,24.0,1,00:53,23:53,3,3,FLYABLE,1
2021-09-04,2021_snoh_rgbi.tif,,,24,48.94,22,00:53,21:53,1,15,00:53,14:53,1,24,00:53,23:53,1,7,09:53,15:53,1,3,0,0,0,CLR;FEW10000;FEW11000,22,1,00:53,21:53,23.0,1,00:53,22:53,24.0,1,00:53,23:53,3,3,FLYABLE,1
2021-09-05,2021_snoh_rgbi.tif,,,24,48.58,9,14:53,22:53,1,9,14:53,22:53,1,9,14:53,22:53,1,2,14:53,15:53,0,3,6,0,0,BKN1000/OVC1600;BKN1100/OVC2300;BKN2200,9,1,14:53,22:53,7.0,1,14:53,20:53,6.0,1,15:53,20:53,3,3,FLYABLE,1
2021-09-06,2021_snoh_rgbi.tif,,,24,48.21,13,11:53,23:53,1,13,11:53,23:53,1,13,11:53,23:53,1,5,11:53,15:53,1,3,3,1,1,BKN1600/OVC2600;CLR;FEW1900/SCT2700,13,1,11:53,23:53,13.0,1,11:53,23:53,12.0,1,12:53,23:53,3,3,FLYABLE,1
2021-09-07,2021_snoh_rgbi.tif,,,23,47.84,16,08:53,23:53,1,16,08:53,23:53,1,16,08:53,23:53,1,7,09:53,15:53,1,3,0,0,0,CLR,16,1,08:53,23:53,16.0,1,08:53,23:53,24.0,1,00:53,23:53,3,3,FLYABLE,1
2021-09-08,2021_snoh_rgbi.tif,,,24,47.47,24,00:53,23:53,1,17,07:53,23:53,1,24,00:53,23:53,1,7,09:53,15:53,1,3,0,0,0,CLR;FEW7000,24,1,00:53,23:53,20.0,1,04:53,23:53,20.0,1,04:53,23:53,3,3,FLYABLE,1
2021-09-09,2021_snoh_rgbi.tif,,,24,47.1,17,07:53,23:53,1,17,07:53,23:53,1,17,07:53,23:53,1,7,09:53,15:53,1,3,0,0,0,CLR,17,1,07:53,23:53,24.0,1,00:53,23:53,24.0,1,00:53,23:53,3,3,FLYABLE,1
2021-09-10,2021_snoh_rgbi.tif,,,24,46.73,0,,,0,0,,,0,0,,,0,0,,,0,0,9,0,0,BKN1200/BKN2400/OVC3200;BKN1200/OVC2400;BKN800/BKN2100/OVC2600,0,0,,,0.0,0,,,0.0,0,,,3,0,ELIMINATED,0
2021-09-11,2021_snoh_rgbi.tif,,,24,46.35,3,11:53,13:53,1,1,11:53,11:53,0,11,11:53,21:53,1,3,11:53,13:53,1,2,5,0,0,BKN1900;FEW1900;FEW5500/OVC8500,3,1,11:53,13:53,3.0,1,11:53,13:53,3.0,1,15:53,17:53,3,3,FLYABLE,1
2021-09-12,2021_snoh_rgbi.tif,,,21,45.98,0,,,0,0,,,0,0,,,0,0,,,0,0,9,0,1,BKN3500/OVC4600;BKN400/OVC1100;OVC3300,0,0,,,0.0,0,,,0.0,0,,,3,0,ELIMINATED,0
2021-09-13,2021_snoh_rgbi.tif,,,18,45.6,13,11:53,23:53,1,13,11:53,23:53,1,13,11:53,23:53,1,5,11:53,15:53,1,3,1,0,0,BKN1700;CLR;FEW2500,13,1,11:53,23:53,12.0,1,12:53,23:53,11.0,1,13:53,23:53,3,3,FLYABLE,1
2021-09-14,2021_snoh_rgbi.tif,,,24,45.22,11,00:53,10:53,1,0,,,0,15,00:53,14:53,1,1,10:53,10:53,0,2,4,1,0,BKN10000;BKN6000/OVC8000;BKN9000/OVC10000,11,1,00:53,10:53,11.0,1,00:53,10:53,11.0,1,00:53,10:53,3,3,FLYABLE,1
2021-09-15,2021_snoh_rgbi.tif,,,24,44.84,4,12:53,15:53,1,4,12:53,15:53,1,4,12:53,15:53,1,4,12:53,15:53,1,3,5,0,0,BKN3800;BKN5000;CLR,4,1,12:53,15:53,3.0,1,15:53,17:53,1.0,0,15:53,15:53,3,2,FLYABLE,0
2021-09-16,2021_snoh_rgbi.tif,,,24,44.46,24,00:53,23:53,1,24,00:53,23:53,1,24,00:53,23:53,1,6,10:53,15:53,1,3,0,0,0,CLR,24,1,00:53,23:53,24.0,1,00:53,23:53,24.0,1,00:53,23:53,3,3,FLYABLE,1
2021-09-17,2021_snoh_rgbi.tif,,,24,44.08,1,15:53,15:53,0,0,,,0,3,10:53,12:53,1,1,15:53,15:53,0,1,7,2,1,BKN3000/BKN4000/OVC4900;BKN3100;OVC3900,1,0,15:53,15:53,0.0,0,,,0.0,0,,,3,0,ELIMINATED,0
2021-09-18,2021_snoh_rgbi.tif,,,24,43.69,3,11:53,13:53,1,3,11:53,13:53,1,3,11:53,13:53,1,3,11:53,13:53,1,3,3,3,1,BKN1600;FEW2600/SCT3200/SCT4200;SCT1000,3,1,11:53,13:53,0.0,0,,,1.0,0,10:53,10:53,3,1,FLYABLE,0
2021-09-19,2021_snoh_rgbi.tif,,,24,43.31,0,,,0,0,,,0,0,,,0,0,,,0,0,8,3,1,BKN1300/BKN1800/OVC8000;BKN2000;BKN2500/OVC7000,0,0,,,1.0,0,16:53,16:53,2.0,0,15:53,16:53,3,0,ELIMINATED,0
2021-09-20,2021_snoh_rgbi.tif,,,24,42.93,12,12:53,23:53,1,12,12:53,23:53,1,12,12:53,23:53,1,4,12:53,15:53,1,3,3,0,0,BKN500/OVC1200;CLR;FEW12000,12,1,12:53,23:53,12.0,1,12:53,23:53,11.0,1,13:53,23:53,3,3,FLYABLE,1
2021-09-21,2021_snoh_rgbi.tif,,,24,42.54,24,00:53,23:53,1,24,00:53,23:53,1,24,00:53,23:53,1,5,10:53,14:53,1,3,0,0,0,CLR,24,1,00:53,23:53,24.0,1,00:53,23:53,24.0,1,00:53,23:53,3,3,FLYABLE,1
2021-09-22,2021_snoh_rgbi.tif,,,24,42.16,14,00:53,13:53,1,1,08:53,08:53,0,15,00:53,14:53,1,4,10:53,13:53,1,2,3,1,0,BKN11000;BKN3100/BKN4700/OVC5500;FEW2900/BKN6000/OVC8000,14,1,00:53,13:53,2.0,0,12:53,13:53,4.0,1,10:53,13:53,3,2,FLYABLE,0
2021-09-23,2021_snoh_rgbi.tif,,,24,41.77,15,09:53,23:53,1,15,09:53,23:53,1,15,09:53,23:53,1,5,10:53,14:53,1,3,0,0,0,CLR;FEW2500;SCT2700,15,1,09:53,23:53,13.0,1,11:53,23:53,14.0,1,10:53,23:53,3,3,FLYABLE,1
2021-09-24,2021_snoh_rgbi.tif,,,24,41.39,14,10:53,23:53,1,14,10:53,23:53,1,14,10:53,23:53,1,5,10:53,14:53,1,3,1,0,1,CLR;FEW100;OVC100,14,1,10:53,23:53,16.0,1,08:53,23:53,14.0,1,10:53,23:53,3,3,FLYABLE,1
2021-09-25,2021_snoh_rgbi.tif,,,24,41.0,24,00:53,23:53,1,24,00:53,23:53,1,24,00:53,23:53,1,5,10:53,14:53,1,3,0,0,0,CLR,24,1,00:53,23:53,24.0,1,00:53,23:53,24.0,1,00:53,23:53,3,3,FLYABLE,1
2021-09-26,2021_snoh_rgbi.tif,,,24,40.61,0,,,0,0,,,0,0,,,0,0,,,0,0,7,2,2,BKN2300/OVC3200;BKN2300/OVC3300;BKN4200/OVC6000,0,0,,,0.0,0,,,0.0,0,,,3,0,ELIMINATED,0
2021-09-27,2021_snoh_rgbi.tif,,,24,40.23,2,09:53,10:53,0,0,,,0,4,09:53,12:53,1,1,10:53,10:53,0,1,5,1,1,BKN1000/BKN2600/OVC6500;BKN10000;BKN700/BKN5500/OVC7000,2,0,09:53,10:53,2.0,0,15:53,16:53,0.0,0,,,3,0,ELIMINATED,0
2021-09-28,2021_snoh_rgbi.tif,,,24,39.84,0,,,0,0,,,0,1,12:53,12:53,0,0,,,0,0,7,1,2,BKN1900/BKN2900/OVC6000;BKN500/BKN1700/OVC2700;BKN600/OVC6500,0,0,,,10.0,1,13:53,22:53,10.0,1,14:53,23:53,3,2,FLYABLE,0
2021-09-29,2021_snoh_rgbi.tif,,,24,39.45,1,09:53,09:53,0,0,,,0,7,07:53,13:53,1,0,,,0,1,6,2,0,BKN3900/OVC11000;BKN6500/BKN8000;FEW7000/BKN8000,1,0,09:53,09:53,0.0,0,,,0.0,0,,,3,0,ELIMINATED,0
2021-09-30,2021_snoh_rgbi.tif,,,24,39.07,0,,,0,0,,,0,0,,,0,0,,,0,0,7,6,5,BKN200/OVC3100;BKN300/BKN3900/OVC4800;FEW200/BKN400/OVC2200,0,0,,,1.0,0,14:53,14:53,0.0,0,,,3,0,ELIMINATED,0
2021-10-01,2021_snoh_rgbi.tif,,,24,38.68,13,11:53,23:53,1,13,11:53,23:53,1,13,11:53,23:53,1,4,11:53,14:53,1,3,1,0,0,BKN1100;CLR;FEW100,13,1,11:53,23:53,11.0,1,13:53,23:53,10.0,1,14:53,23:53,3,3,FLYABLE,1
2021-10-02,2021_snoh_rgbi.tif,,,22,36.94,9,13:53,21:53,1,5,13:53,17:53,1,11,13:53,23:53,1,2,13:53,14:53,0,3,3,0,3,BKN300/BKN700/OVC11000;CLR;OVC200,9,1,13:53,21:53,18.0,1,06:53,23:53,14.0,1,10:53,23:53,3,3,FLYABLE,1
2021-10-03,2021_snoh_rgbi.tif,,,24,37.91,0,,,0,0,,,0,0,,,0,0,,,0,0,7,0,0,BKN2300/OVC3800;FEW1900/OVC3700;FEW2100/OVC3600,0,0,,,0.0,0,,,0.0,0,,,3,0,ELIMINATED,0
2021-10-04,2021_snoh_rgbi.tif,,,24,37.53,12,12:53,23:53,1,7,12:53,18:53,1,12,12:53,23:53,1,3,12:53,14:53,1,3,3,0,0,FEW1700;FEW2400;FEW3000,12,1,12:53,23:53,13.0,1,11:53,23:53,9.0,1,15:53,23:53,3,3,FLYABLE,1
2021-10-05,2021_snoh_rgbi.tif,,,24,37.15,0,,,0,0,,,0,10,13:53,22:53,1,0,,,0,1,7,0,0,BKN1400/OVC2200;BKN1500/BKN2200;FEW1600/SCT2800/OVC3700,0,0,,,0.0,0,,,0.0,0,,,3,0,ELIMINATED,0
2021-10-06,2021_snoh_rgbi.tif,,,24,36.77,2,11:53,12:53,0,1,12:53,12:53,0,2,11:53,12:53,0,2,11:53,12:53,0,0,5,0,0,BKN1400;BKN2800/BKN3600/OVC4700;FEW1400/SCT2300/SCT3100,2,0,11:53,12:53,0.0,0,,,0.0,0,,,3,0,ELIMINATED,0
2021-10-07,2021_snoh_rgbi.tif,,,24,36.38,12,12:53,23:53,1,12,12:53,23:53,1,12,12:53,23:53,1,3,12:53,14:53,1,3,1,0,0,BKN1100;CLR;FEW200/SCT900,12,1,12:53,23:53,11.0,1,13:53,23:53,10.0,1,14:53,23:53,3,3,FLYABLE,1
2021-10-08,2021_snoh_rgbi.tif,,,23,36.01,12,12:53,23:53,1,11,13:53,23:53,1,12,12:53,23:53,1,3,12:53,14:53,1,3,2,0,1,BKN400/OVC1000;BKN900;CLR,12,1,12:53,23:53,12.0,1,12:53,23:53,12.0,1,12:53,23:53,3,3,FLYABLE,1
2021-10-09,2021_snoh_rgbi.tif,,,24,35.63,1,15:53,15:53,0,0,,,0,2,14:53,15:53,0,0,,,0,0,6,0,0,BKN2100/OVC3100;OVC3000;OVC3400,1,0,15:53,15:53,1.0,0,15:53,15:53,0.0,0,,,3,0,ELIMINATED,0
2021-10-10,2021_snoh_rgbi.tif,,,24,35.25,4,06:53,09:53,1,2,14:53,15:53,0,5,05:53,09:53,1,0,,,0,2,4,2,2,BKN3900;CLR;FEW1700/OVC3800,4,1,06:53,09:53,5.0,1,11:53,15:53,0.0,0,,,3,2,FLYABLE,0
2021-10-11,2021_snoh_rgbi.tif,,,24,34.87,10,14:53,23:53,1,10,14:53,23:53,1,11,13:53,23:53,1,0,,,0,3,4,0,0,CLR;FEW1200/BKN2100;FEW1500/SCT3100/OVC4700,10,1,14:53,23:53,1.0,0,14:53,14:53,0.0,0,,,3,1,FLYABLE,0
2021-10-12,2021_snoh_rgbi.tif,,,24,34.5,14,00:53,13:53,1,0,,,0,15,00:53,14:53,1,3,11:53,13:53,1,2,2,1,0,BKN4900/OVC6500;BKN5500/OVC7000;OVC10000,14,1,00:53,13:53,14.0,1,00:53,13:53,14.0,1,00:53,13:53,3,3,FLYABLE,1
2021-10-13,2021_snoh_rgbi.tif,,,24,34.13,2,15:53,16:53,0,0,,,0,7,15:53,21:53,1,0,,,0,1,6,0,0,BKN4600;BKN900/OVC2800;FEW3000/SCT5000/OVC10000,2,0,15:53,16:53,7.0,1,13:53,19:53,4.0,1,14:53,17:53,3,2,FLYABLE,0
2021-10-14,2021_snoh_rgbi.tif,,,24,33.76,0,,,0,0,,,0,0,,,0,0,,,0,0,7,0,3,BKN1300/OVC3700;BKN900/OVC1600;OVC200,0,0,,,2.0,0,14:53,15:53,0.0,0,,,3,0,ELIMINATED,0
2021-10-15,2021_snoh_rgbi.tif,,,24,33.39,0,,,0,0,,,0,0,,,0,0,,,0,0,4,7,0,FEW2900/OVC6000;FEW2900/SCT6000/OVC9500;FEW4700/OVC9500,0,0,,,6.0,1,13:53,18:53,2.0,0,12:53,13:53,3,1,FLYABLE,0
2021-10-16,2021_snoh_rgbi.tif,,,24,33.02,2,14:53,15:53,0,2,14:53,15:53,0,5,11:53,15:53,1,1,12:53,12:53,0,1,4,0,0,BKN3100/OVC7500;FEW3100/BKN5000/OVC7500;FEW3800/SCT6500/SCT7500,2,0,14:53,15:53,3.0,1,14:53,16:53,12.0,1,12:53,23:53,3,2,FLYABLE,0
2021-10-17,2021_snoh_rgbi.tif,,,24,32.66,0,,,0,0,,,0,2,09:53,10:53,0,0,,,0,0,7,0,0,FEW100/BKN500/OVC3100;FEW4500/OVC5500;OVC800,0,0,,,4.0,1,07:53,10:53,4.0,1,08:53,11:53,3,2,FLYABLE,0
2021-10-18,2021_snoh_rgbi.tif,,,24,32.3,4,09:53,12:53,1,4,09:53,12:53,1,6,09:53,14:53,1,2,11:53,12:53,0,3,3,0,0,CLR;FEW1000;OVC5000,4,1,09:53,12:53,0.0,0,,,0.0,0,,,3,1,FLYABLE,0
2021-10-19,2021_snoh_rgbi.tif,,,24,31.94,21,03:53,23:53,1,21,03:53,23:53,1,21,03:53,23:53,1,3,11:53,13:53,1,3,0,0,0,CLR,21,1,03:53,23:53,15.0,1,09:53,23:53,20.0,1,04:53,23:53,3,3,FLYABLE,1
2021-10-20,2021_snoh_rgbi.tif,,,24,31.58,0,,,0,6,15:53,20:53,1,1,13:53,13:53,0,0,,,0,1,5,0,0,FEW2400/BKN4500/OVC8000;SCT1400/BKN3700/OVC5500;SCT1600/BKN3400/OVC470,0,0,,,2.0,0,14:53,15:53,6.0,1,14:53,19:53,3,1,FLYABLE,0
2021-10-21,2021_snoh_rgbi.tif,,,24,31.23,11,00:53,10:53,1,10,00:53,09:53,1,16,00:53,15:53,1,0,,,0,3,2,0,0,CLR;OVC8000;OVC9500,11,1,00:53,10:53,3.0,1,12:53,14:53,6.0,1,10:53,15:53,3,3,FLYABLE,1
2021-10-22,2021_snoh_rgbi.tif,,,24,30.87,1,14:53,14:53,0,1,14:53,14:53,0,1,14:53,14:53,0,0,,,0,0,4,1,0,BKN1200/BKN2100/OVC2900;FEW2000/BKN7000;FEW400/SCT1000,1,0,14:53,14:53,0.0,0,,,0.0,0,,,3,0,ELIMINATED,0
2021-10-23,2021_snoh_rgbi.tif,,,24,30.53,0,,,0,0,,,0,0,,,0,0,,,0,0,5,0,0,OVC3500;OVC3700;SCT1700/BKN3000,0,0,,,0.0,0,,,0.0,0,,,3,0,ELIMINATED,0
2021-10-24,2021_snoh_rgbi.tif,,,24,30.18,0,,,0,0,,,0,1,12:53,12:53,0,0,,,0,0,5,4,3,FEW1900/BKN5000/OVC6000;FEW3900/BKN4900/OVC5500;OVC5100,0,0,,,0.0,0,,,0.0,0,,,3,0,ELIMINATED,0
2021-10-25,2021_snoh_rgbi.tif,,,24,29.84,0,,,0,0,,,0,1,10:53,10:53,0,0,,,0,0,5,2,1,BKN4000/OVC4700;BKN4500/OVC5500;FEW3500/BKN4600/OVC6000,0,0,,,0.0,0,,,0.0,0,,,3,0,ELIMINATED,0
2021-10-26,2021_snoh_rgbi.tif,,,24,29.5,0,,,0,0,,,0,0,,,0,0,,,0,0,5,3,2,BKN1600/BKN2100/BKN7000;BKN2700/OVC3800;BKN3700/OVC4500,0,0,,,0.0,0,,,0.0,0,,,3,0,ELIMINATED,0
2021-10-27,2021_snoh_rgbi.tif,,,24,29.16,2,11:53,12:53,0,2,11:53,12:53,0,2,11:53,12:53,0,0,,,0,0,3,0,0,BKN1900/BKN2300;BKN2100;FEW2100,2,0,11:53,12:53,5.0,1,08:53,12:53,15.0,1,00:53,14:53,3,2,FLYABLE,0
2021-10-28,2021_snoh_rgbi.tif,,,24,28.83,0,,,0,0,,,0,0,,,0,0,,,0,0,5,4,0,BKN800/BKN2100/OVC9500;BKN800/BKN6000/OVC9000;BKN800/OVC8000,0,0,,,0.0,0,,,0.0,0,,,3,0,ELIMINATED,0
2021-10-29,2021_snoh_rgbi.tif,,,24,28.5,1,14:53,14:53,0,1,14:53,14:53,0,1,14:53,14:53,0,0,,,0,0,4,0,0,FEW1300/BKN2100/OVC3000;FEW1300/BKN2300/OVC3000;FEW4600,1,0,14:53,14:53,0.0,0,,,0.0,0,,,3,0,ELIMINATED,0
2021-10-30,2021_snoh_rgbi.tif,,,24,28.17,24,00:53,23:53,1,24,00:53,23:53,1,24,00:53,23:53,1,0,,,0,3,0,0,0,CLR,24,1,00:53,23:53,24.0,1,00:53,23:53,24.0,1,00:53,23:53,3,3,FLYABLE,1
2021-10-31,2021_snoh_rgbi.tif,,,24,27.85,24,00:53,23:53,1,24,00:53,23:53,1,24,00:53,23:53,1,0,,,0,3,0,0,0,CLR,24,1,00:53,23:53,16.0,1,08:53,23:53,24.0,1,00:53,23:53,3,3,FLYABLE,1
2021-11-01,2021_snoh_rgbi.tif,,,24,27.53,12,00:53,11:53,1,11,00:53,10:53,1,12,00:53,11:53,1,0,,,0,3,3,3,0,BKN11000;BKN5000/OVC7000;BKN8000/OVC9000,12,1,00:53,11:53,11.0,1,00:53,10:53,12.0,1,00:53,11:53,3,3,FLYABLE,1
2021-11-02,2021_snoh_rgbi.tif,,,24,27.21,6,05:53,10:53,1,0,,,0,6,05:53,10:53,1,0,,,0,2,4,4,1,BKN5000/OVC5500;OVC5000;OVC6000,6,1,05:53,10:53,9.0,1,03:53,11:53,8.0,1,03:53,10:53,3,3,FLYABLE,1
2021-11-03,2021_snoh_rgbi.tif,,,24,26.9,1,10:53,10:53,0,1,10:53,10:53,0,16,00:53,15:53,1,0,,,0,1,4,0,0,BKN6000/BKN7500/OVC10000;FEW6000/SCT9000;OVC5500,1,0,10:53,10:53,0.0,0,,,0.0,0,,,3,0,ELIMINATED,0
2021-11-04,2021_snoh_rgbi.tif,,,24,26.6,0,,,0,0,,,0,0,,,0,0,,,0,0,5,1,1,BKN900/OVC1800;BKN900/OVC1900;FEW900/BKN2300/OVC3900,0,0,,,0.0,0,,,0.0,0,,,3,0,ELIMINATED,0
2021-11-05,2021_snoh_rgbi.tif,,,24,26.3,2,09:53,10:53,0,2,09:53,10:53,0,10,14:53,23:53,1,0,,,0,1,3,0,0,BKN1600;BKN2400;FEW2500,2,0,09:53,10:53,2.0,0,11:53,12:53,3.0,1,10:53,12:53,3,1,FLYABLE,0
2021-11-06,2021_snoh_rgbi.tif,,,24,26.0,0,,,0,0,,,0,0,,,0,0,,,0,0,5,2,0,BKN1900;BKN1900/BKN2400;BKN1900/BKN5500,0,0,,,0.0,0,,,0.0,0,,,3,0,ELIMINATED,0
2021-11-07,2021_snoh_rgbi.tif,,,24,25.7,0,,,0,0,,,0,0,,,0,0,,,0,0,5,3,0,BKN1200/BKN2500/OVC4200;BKN1200/BKN2700/OVC3300;BKN1700/OVC2300,0,0,,,0.0,0,,,0.0,0,,,3,0,ELIMINATED,0
2021-11-08,2021_snoh_rgbi.tif,,,24,25.42,15,08:53,22:53,1,14,08:53,21:53,1,19,04:53,22:53,1,0,,,0,3,0,0,0,CLR,15,1,08:53,22:53,21.0,1,01:53,21:53,23.0,1,00:53,22:53,3,3,FLYABLE,1
2021-11-09,2021_snoh_rgbi.tif,,,24,25.13,3,09:53,11:53,1,3,09:53,11:53,1,3,09:53,11:53,1,0,,,0,3,1,1,0,BKN2900;FEW2900/SCT3700;FEW3300/FEW3900,3,1,09:53,11:53,0.0,0,,,1.0,0,11:53,11:53,3,1,FLYABLE,0
2021-11-10,2021_snoh_rgbi.tif,,,24,24.85,0,,,0,0,,,0,0,,,0,0,,,0,0,3,0,0,BKN2100;BKN2600/BKN3200;OVC1700,0,0,,,6.0,1,09:53,14:53,8.0,1,08:53,15:53,3,2,FLYABLE,0
2021-11-11,2021_snoh_rgbi.tif,,,24,24.58,0,,,0,0,,,0,0,,,0,0,,,0,0,3,1,3,BKN300/OVC800;OVC200;OVC300,0,0,,,0.0,0,,,0.0,0,,,3,0,ELIMINATED,0
2022-04-06,2022_coe_rgb.tif,,,24,48.68,24,00:53,23:53,1,24,00:53,23:53,1,24,00:53,23:53,1,7,09:53,15:53,1,3,0,0,0,CLR,24,1,00:53,23:53,16.0,1,08:53,23:53,22.0,1,02:53,23:53,3,3,FLYABLE,1
2022-04-07,2022_coe_rgb.tif,,,24,49.06,19,00:53,18:53,1,19,00:53,18:53,1,24,00:53,23:53,1,7,09:53,15:53,1,3,0,0,0,CLR,19,1,00:53,18:53,24.0,1,00:53,23:53,24.0,1,00:53,23:53,3,3,FLYABLE,1
2022-04-08,2022_coe_rgb.tif,,,24,49.44,0,,,0,0,,,0,0,,,0,0,,,0,0,9,4,1,BKN1700;BKN4100/OVC5000;FEW1700/BKN3300/OVC4600,0,0,,,1.0,0,12:53,12:53,0.0,0,,,3,0,ELIMINATED,0
2022-04-09,2022_coe_rgb.tif,,,24,49.82,2,09:53,10:53,0,1,17:53,17:53,0,3,08:53,10:53,1,2,09:53,10:53,0,1,7,0,0,BKN3100/BKN3800/OVC6000;BKN3700/BKN5000;BKN500/OVC3300,2,0,09:53,10:53,4.0,1,16:53,19:53,0.0,0,,,3,1,FLYABLE,0
2022-04-10,2022_coe_rgb.tif,,,24,50.19,2,14:53,15:53,0,2,14:53,15:53,0,2,14:53,15:53,0,2,14:53,15:53,0,0,6,1,1,BKN900/OVC1500;CLR;FEW2300/SCT4300,2,0,14:53,15:53,3.0,1,14:53,16:53,0.0,0,,,3,1,FLYABLE,0
2022-04-11,2022_coe_rgb.tif,,,24,50.56,7,10:53,16:53,1,3,14:53,16:53,1,16,08:53,23:53,1,6,10:53,15:53,1,3,2,0,0,BKN11000;BKN9500;CLR,7,1,10:53,16:53,8.0,1,12:53,19:53,5.0,1,13:53,17:53,3,3,FLYABLE,1
2022-04-12,2022_coe_rgb.tif,,,24,50.93,1,16:53,16:53,0,1,16:53,16:53,0,2,16:53,17:53,0,0,,,0,0,8,2,0,BKN1800/OVC2600;BKN1900/BKN2800/BKN8000;BKN3900/OVC4900,1,0,16:53,16:53,1.0,0,11:53,11:53,0.0,0,,,3,0,ELIMINATED,0
2022-04-13,2022_coe_rgb.tif,,,24,51.3,9,01:53,09:53,1,3,06:53,08:53,1,24,00:53,23:53,1,1,09:53,09:53,0,3,6,0,0,BKN6500/BKN7500;OVC6500;OVC8000,9,1,01:53,09:53,0.0,0,,,0.0,0,,,3,1,FLYABLE,0
2022-04-14,2022_coe_rgb.tif,,,24,51.66,6,15:53,20:53,1,5,16:53,20:53,1,9,00:53,08:53,1,1,15:53,15:53,0,3,7,3,1,BKN2700/BKN4200/OVC6000;BKN2700/BKN5000/OVC6000;CLR,6,1,15:53,20:53,5.0,1,14:53,18:53,1.0,0,17:53,17:53,3,2,FLYABLE,0
2022-04-15,2022_coe_rgb.tif,,,24,52.02,3,16:53,18:53,1,3,16:53,18:53,1,9,15:53,23:53,1,1,16:53,16:53,0,3,8,0,0,BKN2600/BKN7000;BKN4200/BKN5500;BKN5500,3,1,16:53,18:53,11.0,1,13:53,23:53,6.0,1,14:53,19:53,3,3,FLYABLE,1
2022-04-16,2022_coe_rgb.tif,,,24,52.38,15,00:53,14:53,1,3,12:53,14:53,1,18,00:53,17:53,1,6,09:53,14:53,1,3,3,0,0,BKN10000;BKN6000/OVC7500;BKN7000/OVC9000,15,1,00:53,14:53,10.0,1,00:53,09:53,11.0,1,00:53,10:53,3,3,FLYABLE,1
2022-04-17,2022_coe_rgb.tif,,,24,52.73,12,12:53,23:53,1,12,12:53,23:53,1,12,12:53,23:53,1,5,12:53,16:53,1,3,2,0,0,BKN3900;CLR;FEW2600/SCT3300,12,1,12:53,23:53,19.0,1,04:53,22:53,21.0,1,02:53,22:53,3,3,FLYABLE,1
2022-04-18,2022_coe_rgb.tif,,,24,53.08,0,,,0,0,,,0,3,08:53,10:53,1,0,,,0,1,10,7,6,BKN3800/OVC4700;BKN4600/OVC5500;BKN6000/OVC7500,0,0,,,0.0,0,,,0.0,0,,,3,0,ELIMINATED,0
2022-04-19,2022_coe_rgb.tif,,,24,53.43,11,13:53,23:53,1,9,15:53,23:53,1,11,13:53,23:53,1,4,13:53,16:53,1,3,5,0,0,BKN10000;BKN1400/OVC2300;BKN2000/OVC2600,11,1,13:53,23:53,8.0,1,14:53,21:53,1.0,0,08:53,08:53,3,2,FLYABLE,0
2022-04-20,2022_coe_rgb.tif,,,24,53.78,13,00:53,12:53,1,11,00:53,10:53,1,13,00:53,12:53,1,4,09:53,12:53,1,3,5,3,1,BKN3600/OVC4900;BKN3700/OVC4700;BKN4800/OVC6000,13,1,00:53,12:53,11.0,1,00:53,10:53,12.0,1,00:53,11:53,3,3,FLYABLE,1
2022-04-21,2022_coe_rgb.tif,,,24,54.12,3,16:53,18:53,1,3,16:53,18:53,1,5,15:53,19:53,1,1,09:53,09:53,0,3,6,1,1,BKN2600/BKN3200;BKN3000/BKN4400/OVC7500;BKN3400,3,1,16:53,18:53,6.0,1,11:53,16:53,4.0,1,13:53,16:53,3,3,FLYABLE,1
2022-04-22,2022_coe_rgb.tif,,,24,54.46,3,13:53,15:53,1,3,13:53,15:53,1,13,11:53,23:53,1,3,13:53,15:53,1,3,6,0,0,BKN1000/OVC1400;BKN1300/BKN3200;BKN6000,3,1,13:53,15:53,5.0,1,13:53,17:53,4.0,1,14:53,17:53,3,3,FLYABLE,1
2022-04-23,2022_coe_rgb.tif,,,24,54.79,13,11:53,23:53,1,13,11:53,23:53,1,13,11:53,23:53,1,6,11:53,16:53,1,3,3,0,0,BKN1300/BKN2100;BKN800/BKN2100;CLR,13,1,11:53,23:53,14.0,1,10:53,23:53,13.0,1,11:53,23:53,3,3,FLYABLE,1
2022-04-24,2022_coe_rgb.tif,,,24,55.12,23,00:53,22:53,1,17,00:53,16:53,1,24,00:53,23:53,1,8,09:53,16:53,1,3,0,0,0,CLR;OVC10000,23,1,00:53,22:53,24.0,1,00:53,23:53,24.0,1,00:53,23:53,3,3,FLYABLE,1
2022-04-25,2022_coe_rgb.tif,,,24,55.45,2,16:53,17:53,0,1,17:53,17:53,0,3,15:53,17:53,1,1,16:53,16:53,0,1,8,0,0,BKN1700/BKN2300/OVC8000;BKN3900/OVC4800;BKN600/BKN1400,2,0,16:53,17:53,0.0,0,,,2.0,0,14:53,15:53,3,0,ELIMINATED,0
2022-04-26,2022_coe_rgb.tif,,,24,55.78,1,08:53,08:53,0,1,08:53,08:53,0,1,08:53,08:53,0,1,12:53,12:53,0,0,7,2,2,BKN2200;BKN2200/BKN2800;BKN3100/OVC3600,1,0,08:53,08:53,9.0,1,15:53,23:53,6.0,1,13:53,18:53,3,2,FLYABLE,0
2022-04-27,2022_coe_rgb.tif,,,24,56.1,6,10:53,15:53,1,5,10:53,14:53,1,6,10:53,15:53,1,6,10:53,15:53,1,3,4,0,0,BKN1200/OVC2000;BKN5000/BKN8500/OVC11000;BKN9000/BKN11000,6,1,10:53,15:53,6.0,1,13:53,18:53,7.0,1,12:53,18:53,3,3,FLYABLE,1
2022-04-28,2022_coe_rgb.tif,,,24,56.41,5,14:53,18:53,1,0,,,0,7,13:53,19:53,1,3,14:53,16:53,1,2,6,0,0,BKN5000/OVC6500;FEW2100/BKN5500;FEW2600/SCT3800/BKN5500,5,1,14:53,18:53,2.0,0,14:53,15:53,3.0,1,13:53,15:53,3,2,FLYABLE,0
2022-04-29,2022_coe_rgb.tif,,,24,56.72,7,13:53,19:53,1,7,13:53,19:53,1,11,13:53,23:53,1,4,13:53,16:53,1,3,5,0,0,BKN4200/BKN4800;CLR;FEW2100/BKN3800/OVC4600,7,1,13:53,19:53,8.0,1,13:53,20:53,9.0,1,12:53,20:53,3,3,FLYABLE,1
2022-04-30,2022_coe_rgb.tif,,,24,57.03,5,14:53,18:53,1,5,14:53,18:53,1,10,14:53,23:53,1,3,14:53,16:53,1,3,6,0,0,BKN4100/OVC10000;BKN800/OVC4400;CLR,5,1,14:53,18:53,12.0,1,12:53,23:53,7.0,1,17:53,23:53,3,3,FLYABLE,1
2022-05-01,2022_coe_rgb.tif,,,24,57.33,7,17:53,23:53,1,7,17:53,23:53,1,7,17:53,23:53,1,1,11:53,11:53,0,3,7,0,0,BKN1700/OVC4400;BKN4200/BKN4800;BKN4300,7,1,17:53,23:53,9.0,1,15:53,23:53,4.0,1,16:53,19:53,3,3,FLYABLE,1
2022-05-02,2022_coe_rgb.tif,,,24,57.63,0,,,0,0,,,0,0,,,0,0,,,0,0,10,3,2,BKN2900/BKN4000/OVC5500;BKN4200/OVC4900;BKN600/OVC2300,0,0,,,0.0,0,,,0.0,0,,,3,0,ELIMINATED,0
2022-05-03,2022_coe_rgb.tif,,,24,57.93,0,,,0,0,,,0,0,,,0,0,,,0,0,10,0,1,BKN600/BKN2100/OVC2600;BKN900/OVC1500;FEW1600/OVC2600,0,0,,,2.0,0,14:53,15:53,1.0,0,15:53,15:53,3,0,ELIMINATED,0
2022-05-04,2022_coe_rgb.tif,,,24,58.22,3,15:53,17:53,1,1,07:53,07:53,0,13,10:53,22:53,1,2,15:53,16:53,0,2,6,0,0,BKN400;CLR;FEW6000/BKN12000,3,1,15:53,17:53,22.0,1,00:53,21:53,17.0,1,01:53,17:53,3,3,FLYABLE,1
2022-05-05,2022_coe_rgb.tif,,,24,58.5,0,,,0,0,,,0,0,,,0,0,,,0,0,10,10,0,BKN4900/OVC5500;BKN900/OVC2300;FEW1000/OVC4300,0,0,,,0.0,0,,,0.0,0,,,3,0,ELIMINATED,0
2022-05-06,2022_coe_rgb.tif,,,24,58.78,1,08:53,08:53,0,0,,,0,1,08:53,08:53,0,1,08:53,08:53,0,0,10,6,1,BKN200/BKN1800/OVC3700;BKN2200/OVC3000;BKN400/OVC3300,1,0,08:53,08:53,1.0,0,13:53,13:53,0.0,0,,,3,0,ELIMINATED,0
2022-05-07,2022_coe_rgb.tif,,,24,59.06,0,,,0,0,,,0,0,,,0,0,,,0,0,11,9,6,BKN1300/BKN5500/OVC8000;BKN1400;BKN2500/OVC3100,0,0,,,4.0,1,12:53,15:53,1.0,0,12:53,12:53,3,1,FLYABLE,0
2022-05-08,2022_coe_rgb.tif,,,24,59.33,6,16:53,21:53,1,6,16:53,21:53,1,11,13:53,23:53,1,2,13:53,14:53,0,3,6,1,0,BKN1200;BKN1600/OVC2700;BKN2300,6,1,16:53,21:53,5.0,1,16:53,20:53,2.0,0,12:53,13:53,3,2,FLYABLE,0
2022-05-09,2022_coe_rgb.tif,,,24,59.6,5,12:53,16:53,1,1,12:53,12:53,0,9,10:53,18:53,1,5,12:53,16:53,1,2,5,0,0,BKN1000/OVC6000;BKN1100/OVC4200;BKN2000,5,1,12:53,16:53,4.0,1,14:53,17:53,1.0,0,13:53,13:53,3,2,FLYABLE,0
2022-05-10,2022_coe_rgb.tif,,,24,59.86,8,15:53,22:53,1,8,15:53,22:53,1,10,14:53,23:53,1,2,15:53,16:53,0,3,8,0,0,BKN1100/OVC2400;BKN1200/OVC2400;BKN1600/BKN2200/OVC3500,8,1,15:53,22:53,11.0,1,13:53,23:53,8.0,1,16:53,23:53,3,3,FLYABLE,1
2022-05-11,2022_coe_rgb.tif,,,24,60.11,8,12:53,19:53,1,7,03:53,09:53,1,8,12:53,19:53,1,5,12:53,16:53,1,3,2,0,0,BKN3800/BKN4900;BKN4500;CLR,8,1,12:53,19:53,19.0,1,00:53,18:53,10.0,1,10:53,19:53,3,3,FLYABLE,1
2022-05-12,2022_coe_rgb.tif,,,24,60.37,0,,,0,0,,,0,1,10:53,10:53,0,0,,,0,0,11,7,2,BKN1600/OVC2200;BKN4600/BKN6000/OVC7000;BKN5000/OVC6500,0,0,,,7.0,1,17:53,23:53,3.0,1,17:53,19:53,3,2,FLYABLE,0
2022-05-13,2022_coe_rgb.tif,,,24,60.61,4,15:53,18:53,1,3,15:53,17:53,1,6,15:53,20:53,1,2,15:53,16:53,0,3,8,0,0,BKN1400/OVC2200;BKN1500/OVC2200;BKN4100/BKN5500,4,1,15:53,18:53,7.0,1,03:53,09:53,3.0,1,10:53,12:53,3,3,FLYABLE,1
2022-05-14,2022_coe_rgb.tif,,,24,60.85,11,12:53,22:53,1,11,12:53,22:53,1,11,12:53,22:53,1,5,12:53,16:53,1,3,5,1,1,BKN1200/BKN2400/BKN4100;BKN1400/BKN2400/OVC3100;BKN2000/BKN5000/OVC650,11,1,12:53,22:53,7.0,1,14:53,20:53,5.0,1,16:53,20:53,3,3,FLYABLE,1
2022-05-15,2022_coe_rgb.tif,,,24,61.08,0,,,0,0,,,0,0,,,0,0,,,0,0,11,9,1,BKN2600/BKN4400/OVC9000;BKN2800/BKN4100/OVC5500;BKN500/BKN6500/OVC8000,0,0,,,0.0,0,,,0.0,0,,,3,0,ELIMINATED,0
2022-05-16,2022_coe_rgb.tif,,,24,61.31,3,14:53,16:53,1,3,14:53,16:53,1,4,13:53,16:53,1,3,14:53,16:53,1,3,8,0,0,BKN1000/BKN2700/OVC6500;BKN200/BKN1000/OVC1600;BKN3600,3,1,14:53,16:53,8.0,1,16:53,23:53,3.0,1,09:53,11:53,3,3,FLYABLE,1
2022-05-17,2022_coe_rgb.tif,,,24,61.54,3,13:53,15:53,1,3,13:53,15:53,1,3,13:53,15:53,1,3,13:53,15:53,1,3,8,0,0,BKN1900/BKN2900/OVC4500;BKN3400/OVC4300;BKN4200/BKN5000,3,1,13:53,15:53,11.0,1,13:53,23:53,8.0,1,16:53,23:53,3,3,FLYABLE,1
2022-05-18,2022_coe_rgb.tif,,,24,61.75,3,11:53,13:53,1,2,11:53,12:53,0,5,11:53,15:53,1,3,11:53,13:53,1,2,8,2,3,BKN5500/OVC7000;BKN900;BKN900/BKN1900/OVC2900,3,1,11:53,13:53,6.0,1,15:53,20:53,11.0,1,12:53,22:53,3,3,FLYABLE,1
2022-05-19,2022_coe_rgb.tif,,,24,61.97,14,10:53,23:53,1,14,10:53,23:53,1,17,07:53,23:53,1,7,10:53,16:53,1,3,2,0,0,CLR;FEW1300/FEW1900/OVC9000;FEW2100/SCT2900/BKN6000,14,1,10:53,23:53,9.0,1,15:53,23:53,9.0,1,15:53,23:53,3,3,FLYABLE,1
2022-05-20,2022_coe_rgb.tif,,,24,62.17,10,14:53,23:53,1,10,14:53,23:53,1,10,14:53,23:53,1,3,14:53,16:53,1,3,7,0,0,BKN2400;CLR;FEW2900,10,1,14:53,23:53,7.0,1,17:53,23:53,8.0,1,16:53,23:53,3,3,FLYABLE,1
2022-05-21,2022_coe_rgb.tif,,,24,62.37,13,11:53,23:53,1,13,11:53,23:53,1,13,11:53,23:53,1,6,11:53,16:53,1,3,3,0,0,BKN1100;BKN500;CLR,13,1,11:53,23:53,24.0,1,00:53,23:53,16.0,1,08:53,23:53,3,3,FLYABLE,1
2022-05-22,2022_coe_rgb.tif,,,24,62.57,24,00:53,23:53,1,24,00:53,23:53,1,24,00:53,23:53,1,9,08:53,16:53,1,3,0,0,0,CLR,24,1,00:53,23:53,24.0,1,00:53,23:53,14.0,1,00:53,13:53,3,3,FLYABLE,1
2022-05-23,2022_coe_rgb.tif,,,24,62.76,7,16:53,22:53,1,7,16:53,22:53,1,10,13:53,22:53,1,2,13:53,14:53,0,3,5,0,0,BKN2900/OVC7500;BKN4300/OVC7500;BKN6500,7,1,16:53,22:53,5.0,1,15:53,19:53,4.0,1,04:53,07:53,3,3,FLYABLE,1
2022-05-24,2022_coe_rgb.tif,,,24,62.94,8,03:53,10:53,1,8,03:53,10:53,1,8,03:53,10:53,1,3,08:53,10:53,1,3,4,2,0,BKN2300/BKN11000;BKN2400;CLR,8,1,03:53,10:53,3.0,1,12:53,14:53,2.0,0,13:53,14:53,3,2,FLYABLE,0
2022-05-25,2022_coe_rgb.tif,,,24,63.11,8,16:53,23:53,1,8,16:53,23:53,1,8,16:53,23:53,1,1,16:53,16:53,0,3,9,0,0,BKN1900/OVC2900;BKN2500/OVC3400;BKN3700,8,1,16:53,23:53,14.0,1,10:53,23:53,11.0,1,13:53,23:53,3,3,FLYABLE,1
2022-05-26,2022_coe_rgb.tif,,,24,63.28,13,00:53,12:53,1,3,06:53,08:53,1,15,00:53,14:53,1,5,08:53,12:53,1,3,4,3,0,CLR;FEW4700/OVC8000;FEW6000/SCT8000/OVC10000,13,1,00:53,12:53,8.0,1,00:53,07:53,11.0,1,00:53,10:53,3,3,FLYABLE,1
2022-05-27,2022_coe_rgb.tif,,,24,63.45,13,05:53,17:53,1,13,05:53,17:53,1,15,03:53,17:53,1,9,08:53,16:53,1,3,0,0,0,CLR;FEW2000;FEW3100,13,1,05:53,17:53,10.0,1,08:53,17:53,7.0,1,15:53,21:53,3,3,FLYABLE,1
2022-05-28,2022_coe_rgb.tif,,,24,63.6,3,05:53,07:53,1,3,05:53,07:53,1,3,05:53,07:53,1,2,12:53,13:53,0,3,6,6,0,BKN1000/BKN1400/OVC6500;FEW2000;FEW4500/FEW6500/SCT11000,3,1,05:53,07:53,0.0,0,,,0.0,0,,,3,1,FLYABLE,0
2022-05-29,2022_coe_rgb.tif,,,24,63.75,0,,,0,0,,,0,0,,,0,0,,,0,0,11,5,3,BKN2700/OVC4000;BKN400/BKN900/OVC1300;BKN4300/OVC5500,0,0,,,0.0,0,,,0.0,0,,,3,0,ELIMINATED,0
2022-05-30,2022_coe_rgb.tif,,,24,63.9,4,15:53,18:53,1,3,15:53,17:53,1,10,14:53,23:53,1,2,15:53,16:53,0,3,8,0,0,FEW1100/OVC4900;FEW2400/FEW3700/OVC4600;FEW3000/FEW4000/OVC4800,4,1,15:53,18:53,8.0,1,16:53,23:53,8.0,1,16:53,23:53,3,3,FLYABLE,1
2022-05-31,2022_coe_rgb.tif,,,24,64.04,18,06:53,23:53,1,14,10:53,23:53,1,18,06:53,23:53,1,9,08:53,16:53,1,3,0,0,0,BKN10000;BKN11000;CLR,18,1,06:53,23:53,24.0,1,00:53,23:53,24.0,1,00:53,23:53,3,3,FLYABLE,1
2022-06-01,2022_coe_rgb.tif,,,22,64.17,12,05:53,16:53,1,10,05:53,14:53,1,12,05:53,16:53,1,9,08:53,16:53,1,3,0,1,0,CLR;FEW11000;FEW7500/OVC9500,12,1,05:53,16:53,23.0,1,00:53,22:53,18.0,1,00:53,17:53,3,3,FLYABLE,1
2022-06-02,2022_coe_rgb.tif,,,24,64.29,6,09:53,14:53,1,5,09:53,13:53,1,6,09:53,14:53,1,6,09:53,14:53,1,3,4,2,2,BKN6000/OVC8000;BKN6500/BKN7500/OVC9500;BKN8500/BKN12000,6,1,09:53,14:53,16.0,1,00:53,15:53,6.0,1,08:53,13:53,3,3,FLYABLE,1
2022-06-03,2022_coe_rgb.tif,,,24,64.41,1,11:53,11:53,0,1,17:53,17:53,0,2,14:53,15:53,0,1,11:53,11:53,0,0,9,3,2,BKN3400/BKN4300;BKN6000/BKN7500;BKN700/BKN4200/OVC8000,1,0,11:53,11:53,0.0,0,,,0.0,0,,,3,0,ELIMINATED,0
2022-06-04,2022_coe_rgb.tif,,,24,64.52,4,12:53,15:53,1,3,07:53,09:53,1,4,12:53,15:53,1,4,12:53,15:53,1,3,3,1,0,BKN2800/BKN3400;BKN8500;CLR,4,1,12:53,15:53,9.0,1,06:53,14:53,6.0,1,09:53,14:53,3,3,FLYABLE,1
2022-06-05,2022_coe_rgb.tif,,,24,64.63,2,10:53,11:53,0,0,,,0,2,10:53,11:53,0,2,10:53,11:53,0,0,9,1,0,BKN11000;BKN2200/OVC2700;BKN900/BKN11000,2,0,10:53,11:53,4.0,1,13:53,16:53,0.0,0,,,3,1,FLYABLE,0
2022-06-06,2022_coe_rgb.tif,,,24,64.72,3,09:53,11:53,1,3,09:53,11:53,1,15,09:53,23:53,1,3,09:53,11:53,1,3,7,0,0,BKN3600/OVC4600;BKN7000;CLR,3,1,09:53,11:53,0.0,0,,,0.0,0,,,3,1,FLYABLE,0
2022-06-07,2022_coe_rgb.tif,,,24,64.81,19,00:53,18:53,1,19,00:53,18:53,1,19,00:53,18:53,1,9,08:53,16:53,1,3,0,0,0,CLR,19,1,00:53,18:53,21.0,1,00:53,20:53,24.0,1,00:53,23:53,3,3,FLYABLE,1
2022-06-08,2022_coe_rgb.tif,,,24,64.9,13,11:53,23:53,1,13,11:53,23:53,1,13,11:53,23:53,1,6,11:53,16:53,1,3,3,0,0,BKN2700/BKN3400;BKN4200;CLR,13,1,11:53,23:53,12.0,1,12:53,23:53,11.0,1,13:53,23:53,3,3,FLYABLE,1
2022-06-09,2022_coe_rgb.tif,,,24,64.97,0,,,0,0,,,0,0,,,0,0,,,0,0,11,10,6,BKN500/BKN2400/OVC3600;BKN500/BKN3100/OVC3600;BKN500/OVC5500,0,0,,,0.0,0,,,0.0,0,,,3,0,ELIMINATED,0
2022-06-10,2022_coe_rgb.tif,,,24,65.04,0,,,0,0,,,0,2,15:53,16:53,0,0,,,0,0,11,1,0,BKN1000;BKN1900;BKN2200/BKN6500,0,0,,,3.0,1,05:53,07:53,2.0,0,14:53,15:53,3,1,FLYABLE,0
2022-06-11,2022_coe_rgb.tif,,,24,65.11,6,14:53,19:53,1,2,14:53,15:53,0,7,13:53,19:53,1,3,14:53,16:53,1,2,7,0,0,BKN1600/BKN2400/OVC6500;BKN300/OVC1400;BKN9500,6,1,14:53,19:53,7.0,1,14:53,20:53,7.0,1,14:53,20:53,3,3,FLYABLE,1
2022-06-12,2022_coe_rgb.tif,,,24,65.16,1,14:53,14:53,0,1,14:53,14:53,0,3,12:53,14:53,1,1,14:53,14:53,0,1,10,0,0,BKN3800/OVC7500;FEW2000/OVC3900;FEW2600/SCT5500/OVC7000,1,0,14:53,14:53,0.0,0,,,0.0,0,,,3,0,ELIMINATED,0
2022-06-13,2022_coe_rgb.tif,,,24,65.21,0,,,0,0,,,0,0,,,0,0,,,0,0,11,1,0,BKN1800/BKN3400;BKN1800/OVC3400;BKN3000/OVC3800,0,0,,,6.0,1,16:53,21:53,1.0,0,12:53,12:53,3,1,FLYABLE,0
2022-06-14,2022_coe_rgb.tif,,,24,65.26,0,,,0,0,,,0,1,07:53,07:53,0,0,,,0,0,11,0,0,BKN2600/BKN6500;BKN4000/OVC5500;BKN4200/OVC5500,0,0,,,0.0,0,,,0.0,0,,,3,0,ELIMINATED,0
2022-06-15,2022_coe_rgb.tif,,,24,65.29,17,06:53,22:53,1,5,09:53,13:53,1,18,06:53,23:53,1,9,08:53,16:53,1,3,0,0,0,BKN11000;BKN8500/BKN12000;CLR,17,1,06:53,22:53,23.0,1,00:53,22:53,13.0,1,01:53,13:53,3,3,FLYABLE,1
2022-06-16,2022_coe_rgb.tif,,,24,65.32,5,16:53,20:53,1,5,16:53,20:53,1,8,16:53,23:53,1,2,12:53,13:53,0,3,7,0,1,BKN4200/BKN5500/OVC6500;BKN4800/OVC9000;CLR,5,1,16:53,20:53,10.0,1,14:53,23:53,10.0,1,14:53,23:53,3,3,FLYABLE,1
2022-06-17,2022_coe_rgb.tif,,,24,65.34,1,12:53,12:53,0,0,,,0,2,12:53,13:53,0,1,12:53,12:53,0,0,9,3,0,BKN800/BKN1200/OVC8500;BKN800/OVC8000;FEW1800/OVC8500,1,0,12:53,12:53,0.0,0,,,0.0,0,,,3,0,ELIMINATED,0
2022-06-18,2022_coe_rgb.tif,,,24,65.36,0,,,0,0,,,0,4,17:53,20:53,1,0,,,0,1,12,4,6,BKN700/BKN1000/OVC1600;BKN900/OVC2200;FEW3200/FEW5500/OVC7000,0,0,,,0.0,0,,,0.0,0,,,3,0,ELIMINATED,0
2022-06-19,2022_coe_rgb.tif,,,24,65.36,0,,,0,0,,,0,4,12:53,15:53,1,0,,,0,1,12,0,0,BKN4700/OVC6000;FEW6000/OVC8000;OVC1100,0,0,,,4.0,1,12:53,15:53,3.0,1,12:53,14:53,3,2,FLYABLE,0
2022-06-20,2022_coe_rgb.tif,,,22,65.36,2,16:53,17:53,0,2,16:53,17:53,0,4,16:53,19:53,1,2,16:53,17:53,0,1,8,0,0,CLR;OVC1000;OVC1100,2,0,16:53,17:53,7.0,1,17:53,23:53,5.0,1,16:53,20:53,3,2,FLYABLE,0
2022-06-21,2022_coe_rgb.tif,,,24,65.36,10,05:53,14:53,1,10,05:53,14:53,1,20,04:53,23:53,1,7,08:53,14:53,1,3,1,0,0,BKN10000;BKN8000;CLR,10,1,05:53,14:53,8.0,1,10:53,17:53,7.0,1,11:53,17:53,3,3,FLYABLE,1
2022-06-22,2022_coe_rgb.tif,,,24,65.35,1,16:53,16:53,0,1,16:53,16:53,0,1,16:53,16:53,0,1,16:53,16:53,0,0,10,0,3,BKN3700;FEW3900;FEW5500,1,0,16:53,16:53,0.0,0,,,0.0,0,,,3,0,ELIMINATED,0
2022-06-23,2022_coe_rgb.tif,,,24,65.33,24,00:53,23:53,1,24,00:53,23:53,1,24,00:53,23:53,1,10,08:53,17:53,1,3,0,0,0,CLR;FEW2000;FEW2300,24,1,00:53,23:53,15.0,1,09:53,23:53,14.0,1,10:53,23:53,3,3,FLYABLE,1
2022-06-24,2022_coe_rgb.tif,,,24,65.3,24,00:53,23:53,1,24,00:53,23:53,1,24,00:53,23:53,1,10,08:53,17:53,1,3,0,0,0,CLR,24,1,00:53,23:53,24.0,1,00:53,23:53,24.0,1,00:53,23:53,3,3,FLYABLE,1
2022-06-25,2022_coe_rgb.tif,,,24,65.27,24,00:53,23:53,1,24,00:53,23:53,1,24,00:53,23:53,1,10,08:53,17:53,1,3,0,0,0,CLR;FEW100,24,1,00:53,23:53,24.0,1,00:53,23:53,24.0,1,00:53,23:53,3,3,FLYABLE,1
2022-06-26,2022_coe_rgb.tif,,,24,65.23,24,00:53,23:53,1,24,00:53,23:53,1,24,00:53,23:53,1,10,08:53,17:53,1,3,0,0,0,CLR,24,1,00:53,23:53,24.0,1,00:53,23:53,24.0,1,00:53,23:53,3,3,FLYABLE,1
2022-06-27,2022_coe_rgb.tif,,,24,65.18,24,00:53,23:53,1,24,00:53,23:53,1,24,00:53,23:53,1,10,08:53,17:53,1,3,0,0,0,CLR;FEW12000,24,1,00:53,23:53,24.0,1,00:53,23:53,24.0,1,00:53,23:53,3,3,FLYABLE,1
2022-06-28,2022_coe_rgb.tif,,,24,65.13,8,00:53,07:53,1,8,00:53,07:53,1,12,09:53,20:53,1,6,09:53,14:53,1,3,3,0,0,BKN2700/OVC3200;BKN7500/BKN9500/OVC11000;BKN7500/OVC9500,8,1,00:53,07:53,0.0,0,,,0.0,0,,,3,1,FLYABLE,0
2022-06-29,2022_coe_rgb.tif,,,24,65.06,1,18:53,18:53,0,1,18:53,18:53,0,1,18:53,18:53,0,0,,,0,0,11,0,0,BKN2600/OVC3200;BKN2800;BKN3300/OVC3900,1,0,18:53,18:53,0.0,0,,,0.0,0,,,3,0,ELIMINATED,0
2022-06-30,2022_coe_rgb.tif,,,24,65.0,15,09:53,23:53,1,15,09:53,23:53,1,15,09:53,23:53,1,9,09:53,17:53,1,3,2,0,0,CLR;FEW600/OVC4500;OVC4500,15,1,09:53,23:53,13.0,1,11:53,23:53,15.0,1,09:53,23:53,3,3,FLYABLE,1
2022-07-01,2022_coe_rgb.tif,,,24,64.92,13,09:53,21:53,1,13,09:53,21:53,1,13,09:53,21:53,1,9,09:53,17:53,1,3,2,0,1,CLR;OVC200;OVC300,13,1,09:53,21:53,24.0,1,00:53,23:53,24.0,1,00:53,23:53,3,3,FLYABLE,1
2022-07-02,2022_coe_rgb.tif,,,24,64.84,9,14:53,22:53,1,9,14:53,22:53,1,9,14:53,22:53,1,4,14:53,17:53,1,3,6,0,0,BKN1700;CLR;OVC1100,9,1,14:53,22:53,4.0,1,17:53,20:53,4.0,1,17:53,20:53,3,3,FLYABLE,1
2022-07-03,2022_coe_rgb.tif,,,24,64.76,0,,,0,0,,,0,0,,,0,0,,,0,0,12,1,3,BKN700/OVC1200;BKN800/OVC1100;BKN900/BKN3000/OVC3800,0,0,,,0.0,0,,,0.0,0,,,3,0,ELIMINATED,0
2022-07-04,2022_coe_rgb.tif,,,24,64.66,11,13:53,23:53,1,5,15:53,19:53,1,11,13:53,23:53,1,5,13:53,17:53,1,3,6,0,0,BKN3100;CLR;FEW2200/OVC3400,11,1,13:53,23:53,11.0,1,13:53,23:53,10.0,1,14:53,23:53,3,3,FLYABLE,1
2022-07-05,2022_coe_rgb.tif,,,24,64.57,11,08:53,18:53,1,7,08:53,14:53,1,12,08:53,19:53,1,10,08:53,17:53,1,3,1,0,0,BKN300;CLR;OVC9000,11,1,08:53,18:53,10.0,1,08:53,17:53,6.0,1,10:53,15:53,3,3,FLYABLE,1
2022-07-06,2022_coe_rgb.tif,,,24,64.46,2,15:53,16:53,0,1,08:53,08:53,0,2,15:53,16:53,0,2,15:53,16:53,0,0,8,0,0,BKN2600/BKN3300/OVC8000;BKN3300;BKN3400/OVC6500,2,0,15:53,16:53,2.0,0,14:53,15:53,5.0,1,14:53,18:53,3,1,FLYABLE,0
2022-07-07,2022_coe_rgb.tif,,,24,64.35,9,12:53,20:53,1,9,12:53,20:53,1,10,12:53,21:53,1,6,12:53,17:53,1,3,4,0,0,BKN1000/OVC1400;BKN2600;CLR,9,1,12:53,20:53,13.0,1,10:53,22:53,13.0,1,11:53,23:53,3,3,FLYABLE,1
2022-07-08,2022_coe_rgb.tif,,,24,64.23,10,14:53,23:53,1,10,14:53,23:53,1,12,12:53,23:53,1,3,14:53,16:53,1,3,6,0,0,BKN7000;CLR;FEW1900/OVC4300,10,1,14:53,23:53,9.0,1,14:53,22:53,8.0,1,16:53,23:53,3,3,FLYABLE,1
2022-07-09,2022_coe_rgb.tif,,,24,64.11,10,09:53,18:53,1,10,09:53,18:53,1,13,09:53,21:53,1,8,09:53,16:53,1,3,2,0,0,BKN5000;CLR;OVC5000,10,1,09:53,18:53,15.0,1,08:53,22:53,9.0,1,14:53,22:53,3,3,FLYABLE,1
2022-07-10,2022_coe_rgb.tif,,,24,63.97,11,13:53,23:53,1,11,13:53,23:53,1,11,13:53,23:53,1,4,13:53,16:53,1,3,6,0,0,BKN2800;CLR;OVC2300,11,1,13:53,23:53,9.0,1,15:53,23:53,10.0,1,14:53,23:53,3,3,FLYABLE,1
2022-07-11,2022_coe_rgb.tif,,,24,63.84,18,06:53,23:53,1,18,06:53,23:53,1,18,06:53,23:53,1,9,08:53,16:53,1,3,0,0,0,CLR,18,1,06:53,23:53,24.0,1,00:53,23:53,24.0,1,00:53,23:53,3,3,FLYABLE,1
2023-04-16,,,,24,52.29,7,17:53,23:53,1,0,,,0,7,17:53,23:53,1,0,,,0,2,9,5,1,BKN1100/BKN6500/OVC8500;BKN2400/BKN2900/BKN3400;BKN8500,7,1,17:53,23:53,,,,,,,,,1,1,FLYABLE,1
2023-04-17,,,,24,52.65,3,17:53,19:53,1,3,17:53,19:53,1,11,02:53,12:53,1,2,09:53,10:53,0,3,6,4,1,BKN2800/BKN3400/OVC4500;BKN4300/OVC5500;BKN5500/BKN7000/BKN8500,3,1,17:53,19:53,,,,,,,,,1,1,FLYABLE,1
2023-04-18,,,,24,53.0,1,17:53,17:53,0,1,17:53,17:53,0,1,17:53,17:53,0,0,,,0,0,9,0,0,BKN1500/BKN2400;BKN1600/BKN2600;BKN1700/BKN10000/OVC12000,1,0,17:53,17:53,0.0,0,,,0.0,0,,,3,0,ELIMINATED,0
2023-04-19,,2023K,57,24,53.35,8,16:53,23:53,1,8,16:53,23:53,1,8,16:53,23:53,1,2,13:53,14:53,0,3,6,0,0,BKN1900/BKN3100/BKN3700;BKN4700;BKN700/BKN3500/OVC4700,8,1,16:53,23:53,8.0,1,14:53,21:53,5.0,1,16:53,20:53,3,3,FLYABLE,1
2023-04-20,,2023K,84,24,53.69,11,00:53,10:53,1,10,00:53,09:53,1,13,00:53,12:53,1,2,09:53,10:53,0,3,7,4,2,BKN10000;BKN2800/OVC4200;BKN3400/BKN4600/OVC8000,11,1,00:53,10:53,5.0,1,05:53,09:53,6.0,1,05:53,10:53,3,3,FLYABLE,1
2023-04-21,,,,24,54.04,0,,,0,0,,,0,0,,,0,0,,,0,0,10,0,0,BKN1600/OVC2200;BKN1800/OVC2300;BKN1900/OVC2600,0,0,,,4.0,1,14:53,17:53,2.0,0,16:53,17:53,3,1,FLYABLE,0
2023-04-22,,,,24,54.38,0,,,0,0,,,0,2,15:53,16:53,0,0,,,0,0,10,0,0,BKN2700/OVC3400;FEW3000/SCT4500/OVC5500;OVC2400,0,0,,,0.0,0,,,1.0,0,13:53,13:53,3,0,ELIMINATED,0
2023-04-23,,,,24,54.71,1,14:53,14:53,0,0,,,0,4,16:53,19:53,1,1,14:53,14:53,0,1,9,1,2,BKN3000/OVC3600;BKN3400/OVC9500;BKN400/BKN900/OVC1900,1,0,14:53,14:53,2.0,0,09:53,10:53,0.0,0,,,3,0,ELIMINATED,0
2023-04-24,,,,24,55.04,3,13:53,15:53,1,3,13:53,15:53,1,11,12:53,22:53,1,3,13:53,15:53,1,3,7,0,0,BKN1200/BKN4700/OVC5500;BKN1300/BKN1900/OVC6000;BKN2000/BKN2400/OVC310,3,1,13:53,15:53,1.0,0,13:53,13:53,0.0,0,,,3,1,FLYABLE,0
2023-04-25,,2023K,64,24,55.37,11,13:53,23:53,1,11,13:53,23:53,1,11,13:53,23:53,1,4,13:53,16:53,1,3,5,0,0,CLR;OVC2100;OVC2500,11,1,13:53,23:53,11.0,1,13:53,23:53,10.0,1,14:53,23:53,3,3,FLYABLE,1
2023-04-26,,2023K,381,24,55.7,9,00:53,08:53,1,8,00:53,07:53,1,17,00:53,16:53,1,1,10:53,10:53,0,3,6,0,0,BKN5000/OVC7000;BKN6500/OVC8500;BKN7500,9,1,00:53,08:53,24.0,1,00:53,23:53,24.0,1,00:53,23:53,3,3,FLYABLE,1
2023-04-27,,2023K,169,24,56.02,14,10:53,23:53,1,14,10:53,23:53,1,14,10:53,23:53,1,7,10:53,16:53,1,3,2,0,1,CLR;FEW700;OVC100,14,1,10:53,23:53,17.0,1,07:53,23:53,18.0,1,06:53,23:53,3,3,FLYABLE,1
2023-04-28,,,,24,56.34,24,00:53,23:53,1,24,00:53,23:53,1,24,00:53,23:53,1,8,09:53,16:53,1,3,0,0,0,CLR,24,1,00:53,23:53,24.0,1,00:53,23:53,24.0,1,00:53,23:53,3,3,FLYABLE,1
2023-04-29,,,,24,56.65,24,00:53,23:53,1,24,00:53,23:53,1,24,00:53,23:53,1,8,09:53,16:53,1,3,0,0,0,CLR,24,1,00:53,23:53,,,,,,,,,1,1,FLYABLE,1
2023-04-30,,,,24,56.96,3,08:53,10:53,1,2,08:53,09:53,0,16,08:53,23:53,1,2,09:53,10:53,0,2,6,0,0,BKN10000;BKN6500/OVC11000;OVC5500,3,1,08:53,10:53,,,,,,,,,1,1,FLYABLE,1
2023-05-01,,,,24,57.26,0,,,0,0,,,0,3,06:53,08:53,1,0,,,0,1,10,2,0,BKN1700/BKN3500/OVC4400;BKN2100/BKN3400/OVC6000;OVC1500,0,0,,,,,,,,,,,1,0,ELIMINATED,0
2023-05-02,,,,24,57.56,11,13:53,23:53,1,11,13:53,23:53,1,11,13:53,23:53,1,4,13:53,16:53,1,3,5,0,0,BKN1200;BKN900/OVC1400;CLR,11,1,13:53,23:53,,,,,,,,,1,1,FLYABLE,1
2023-05-03,,2023K,336,24,57.86,23,00:53,22:53,1,23,00:53,22:53,1,24,00:53,23:53,1,8,09:53,16:53,1,3,0,0,0,CLR,23,1,00:53,22:53,,,,,,,,,1,1,FLYABLE,1
2023-05-04,,,,24,58.15,0,,,0,0,,,0,0,,,0,0,,,0,0,10,0,1,BKN1400/OVC4000;FEW800/BKN1400/OVC3800;OVC1000,0,0,,,,,,,,,,,1,0,ELIMINATED,0
2023-05-05,,,,24,58.43,0,,,0,0,,,0,0,,,0,0,,,0,0,10,10,9,BKN600/OVC1100;BKN700/BKN1700;BKN700/BKN1700/OVC2700,0,0,,,,,,,,,,,1,0,ELIMINATED,0
2023-05-06,,,,24,58.72,0,,,0,0,,,0,1,15:53,15:53,0,0,,,0,0,11,2,3,BKN600/BKN1800/OVC2400;BKN6000/OVC7000;BKN900/BKN1600/BKN3300,0,0,,,1.0,0,11:53,11:53,2.0,0,06:53,07:53,3,0,ELIMINATED,0
2023-05-07,,2023K,34,24,58.99,6,17:53,22:53,1,6,17:53,22:53,1,8,16:53,23:53,1,1,14:53,14:53,0,3,9,0,0,BKN1200/OVC5000;BKN1600;BKN2000,6,1,17:53,22:53,10.0,1,14:53,23:53,1.0,0,15:53,15:53,3,2,FLYABLE,0
2023-05-08,,,,24,59.27,13,11:53,23:53,1,13,11:53,23:53,1,24,00:53,23:53,1,6,11:53,16:53,1,3,4,0,0,BKN6000/OVC7500;CLR;OVC6000,13,1,11:53,23:53,12.0,1,08:53,19:53,6.0,1,14:53,19:53,3,3,FLYABLE,1
2023-05-09,,,,24,59.53,11,13:53,23:53,1,11,13:53,23:53,1,11,13:53,23:53,1,4,13:53,16:53,1,3,6,0,0,BKN1500/OVC2300;BKN2000;BKN900/OVC1400,11,1,13:53,23:53,,,,,,,,,1,1,FLYABLE,1
2023-10-04,,,,24,37.72,1,14:53,14:53,0,2,16:53,17:53,0,6,14:53,19:53,1,1,14:53,14:53,0,1,6,0,2,BKN1000/BKN5500;BKN200/OVC500;BKN700/BKN1000,1,0,14:53,14:53,,,,,,,,,1,0,ELIMINATED,0
2023-10-05,,,,24,37.33,13,11:53,23:53,1,13,11:53,23:53,1,13,11:53,23:53,1,4,11:53,14:53,1,3,2,0,2,CLR;FEW2000;OVC200,13,1,11:53,23:53,,,,,,,,,1,1,FLYABLE,1
2023-10-06,,,,24,36.95,14,10:53,23:53,1,14,10:53,23:53,1,14,10:53,23:53,1,5,10:53,14:53,1,3,1,0,1,CLR;FEW100;VV100,14,1,10:53,23:53,,,,,,,,,1,1,FLYABLE,1
2023-10-07,,2023NAIP,,24,36.57,24,00:53,23:53,1,24,00:53,23:53,1,24,00:53,23:53,1,5,10:53,14:53,1,3,0,0,0,CLR,24,1,00:53,23:53,,,,,,,,,1,1,FLYABLE,1
2023-10-08,,,,24,36.19,15,09:53,23:53,1,15,09:53,23:53,1,15,09:53,23:53,1,4,11:53,14:53,1,3,0,0,0,CLR;FEW500,15,1,09:53,23:53,,,,,,,,,1,1,FLYABLE,1
2023-10-09,,,,24,35.81,13,00:53,12:53,1,11,00:53,10:53,1,13,00:53,12:53,1,2,11:53,12:53,0,3,2,2,0,BKN11000;CLR;OVC8500,13,1,00:53,12:53,,,,,,,,,1,1,FLYABLE,1
2023-10-10,,,,24,35.43,1,15:53,15:53,0,1,15:53,15:53,0,2,10:53,11:53,0,0,,,0,0,6,3,1,BKN4900/OVC6000;BKN5500/OVC7000;FEW4600/BKN6000/OVC8000,1,0,15:53,15:53,,,,,,,,,1,0,ELIMINATED,0
2024-03-31,2024_coe_rgb.tif,,,24,46.56,16,08:53,23:53,1,16,08:53,23:53,1,16,08:53,23:53,1,6,10:53,15:53,1,3,0,0,0,CLR;FEW1300,16,1,08:53,23:53,13.0,1,11:53,23:53,13.0,1,11:53,23:53,3,3,FLYABLE,1
2024-04-01,2024_coe_rgb.tif,,,24,46.95,11,12:53,22:53,1,5,16:53,20:53,1,24,00:53,23:53,1,4,12:53,15:53,1,3,4,0,0,BKN10000;BKN5500;CLR,11,1,12:53,22:53,13.0,1,11:53,23:53,12.0,1,12:53,23:53,3,3,FLYABLE,1
2024-04-02,2024_coe_rgb.tif,,,24,47.34,16,04:53,19:53,1,12,04:53,15:53,1,20,00:53,19:53,1,6,10:53,15:53,1,3,0,0,0,CLR;OVC11000,16,1,04:53,19:53,21.0,1,00:53,20:53,19.0,1,00:53,18:53,3,3,FLYABLE,1
2024-04-03,2024_coe_rgb.tif,,,24,47.73,2,14:53,15:53,0,7,17:53,23:53,1,12,12:53,23:53,1,2,14:53,15:53,0,2,6,1,0,BKN400/BKN800/OVC1400;BKN600/BKN1400/OVC2300;BKN800/BKN2500/BKN5000,2,0,14:53,15:53,9.0,1,15:53,23:53,8.0,1,16:53,23:53,3,2,FLYABLE,0
2024-04-04,2024_coe_rgb.tif,,,24,48.11,0,,,0,0,,,0,0,,,0,0,,,0,0,9,3,0,BKN1500/BKN1900/OVC2800;BKN1500/OVC2300;FEW900/OVC2200,0,0,,,0.0,0,,,0.0,0,,,3,0,ELIMINATED,0
2024-04-05,2024_coe_rgb.tif,,,24,48.5,5,16:53,20:53,1,0,,,0,11,13:53,23:53,1,0,,,0,2,8,0,0,BKN2100/OVC4900;FEW1900/BKN2900/OVC5500;FEW900/BKN2100,5,1,16:53,20:53,0.0,0,,,1.0,0,14:53,14:53,3,1,FLYABLE,0
2024-04-06,2024_coe_rgb.tif,,,24,48.88,1,10:53,10:53,0,0,,,0,1,10:53,10:53,0,1,10:53,10:53,0,0,8,0,0,BKN1400/OVC5500;BKN1900/BKN6000;BKN2200/OVC3500,1,0,10:53,10:53,1.0,0,10:53,10:53,0.0,0,,,3,0,ELIMINATED,0
2024-04-07,2024_coe_rgb.tif,,,24,49.26,2,16:53,17:53,0,2,16:53,17:53,0,2,16:53,17:53,0,0,,,0,0,8,0,0,BKN1200/BKN2200/OVC2700;BKN3000/BKN3600;BKN3900/OVC4600,2,0,16:53,17:53,6.0,1,16:53,21:53,1.0,0,15:53,15:53,3,1,FLYABLE,0
2024-04-08,2024_coe_rgb.tif,,,24,49.63,0,,,0,0,,,0,2,11:53,12:53,0,0,,,0,0,9,3,0,BKN1800/OVC2500;BKN2800/OVC3200;BKN2900/OVC10000,0,0,,,0.0,0,,,0.0,0,,,3,0,ELIMINATED,0
2024-04-09,2024_coe_rgb.tif,,,24,50.01,0,,,0,0,,,0,9,15:53,23:53,1,0,,,0,1,9,1,0,BKN1200/OVC2300;BKN3000/OVC5500;BKN4700/OVC6000,0,0,,,1.0,0,15:53,15:53,2.0,0,16:53,17:53,3,0,ELIMINATED,0
2024-04-10,2024_coe_rgb.tif,,,24,50.38,23,01:53,23:53,1,23,01:53,23:53,1,24,00:53,23:53,1,7,09:53,15:53,1,3,0,0,0,CLR,23,1,01:53,23:53,23.0,1,01:53,23:53,23.0,1,01:53,23:53,3,3,FLYABLE,1
2024-04-11,2024_coe_rgb.tif,,,24,50.75,20,00:53,19:53,1,2,10:53,11:53,0,20,00:53,19:53,1,7,09:53,15:53,1,2,0,0,0,BKN11000;CLR;FEW12000,20,1,00:53,19:53,18.0,1,00:53,17:53,18.0,1,00:53,17:53,3,3,FLYABLE,1
2024-04-12,2024_coe_rgb.tif,,,24,51.12,11,13:53,23:53,1,11,13:53,23:53,1,11,13:53,23:53,1,3,13:53,15:53,1,3,5,0,0,BKN1600;BKN700/BKN1300;CLR,11,1,13:53,23:53,12.0,1,12:53,23:53,11.0,1,13:53,23:53,3,3,FLYABLE,1
2024-04-13,2024_coe_rgb.tif,,,24,51.48,13,11:53,23:53,1,13,11:53,23:53,1,13,11:53,23:53,1,5,11:53,15:53,1,3,3,0,0,CLR;OVC300;OVC400,13,1,11:53,23:53,12.0,1,12:53,23:53,12.0,1,12:53,23:53,3,3,FLYABLE,1
2024-04-14,2024_coe_rgb.tif,,,24,51.85,21,00:53,20:53,1,21,00:53,20:53,1,21,00:53,20:53,1,7,09:53,15:53,1,3,0,0,0,CLR,21,1,00:53,20:53,22.0,1,00:53,21:53,22.0,1,00:53,21:53,3,3,FLYABLE,1
2024-04-15,2024_coe_rgb.tif,,,24,52.2,0,,,0,0,,,0,0,,,0,0,,,0,0,10,3,2,BKN1500/OVC4400;BKN1600/BKN4000;BKN2000/OVC3200,0,0,,,0.0,0,,,0.0,0,,,3,0,ELIMINATED,0
2024-04-16,2024_coe_rgb.tif,,,24,52.56,11,13:53,23:53,1,11,13:53,23:53,1,11,13:53,23:53,1,4,13:53,16:53,1,3,5,2,1,BKN1300/BKN3900/BKN4600;BKN400/OVC1000;BKN600/BKN2700/OVC5000,11,1,13:53,23:53,10.0,1,14:53,23:53,8.0,1,16:53,23:53,3,3,FLYABLE,1
2024-04-17,2024_coe_rgb.tif,,,24,52.91,14,10:53,23:53,1,14,10:53,23:53,1,14,10:53,23:53,1,7,10:53,16:53,1,3,2,0,0,BKN1100;CLR;OVC1300,14,1,10:53,23:53,24.0,1,00:53,23:53,24.0,1,00:53,23:53,3,3,FLYABLE,1
2024-04-18,2024_coe_rgb.tif,,,24,53.26,24,00:53,23:53,1,24,00:53,23:53,1,24,00:53,23:53,1,8,09:53,16:53,1,3,0,0,0,CLR,24,1,00:53,23:53,24.0,1,00:53,23:53,24.0,1,00:53,23:53,3,3,FLYABLE,1
2024-04-19,2024_coe_rgb.tif,,,24,53.61,24,00:53,23:53,1,24,00:53,23:53,1,24,00:53,23:53,1,8,09:53,16:53,1,3,0,0,0,CLR,24,1,00:53,23:53,24.0,1,00:53,23:53,24.0,1,00:53,23:53,3,3,FLYABLE,1
2024-04-20,2024_coe_rgb.tif,,,24,53.95,16,00:53,15:53,1,14,00:53,13:53,1,17,00:53,16:53,1,7,09:53,15:53,1,3,2,1,0,BKN11000;CLR;FEW5500/BKN7500/OVC9500,16,1,00:53,15:53,16.0,1,00:53,15:53,16.0,1,00:53,15:53,3,3,FLYABLE,1
2024-04-21,2024_coe_rgb.tif,,,24,54.29,5,06:53,10:53,1,5,06:53,10:53,1,10,01:53,10:53,1,3,14:53,16:53,1,3,3,0,0,BKN2800;CLR;FEW1500/SCT7500,5,1,06:53,10:53,0.0,0,,,1.0,0,11:53,11:53,3,1,FLYABLE,0
2024-04-22,2024_coe_rgb.tif,,,24,54.63,15,09:53,23:53,1,15,09:53,23:53,1,15,09:53,23:53,1,8,09:53,16:53,1,3,1,0,0,CLR;FEW1500/SCT2400;OVC1000,15,1,09:53,23:53,12.0,1,12:53,23:53,22.0,1,02:53,23:53,3,3,FLYABLE,1
2024-04-23,2024_coe_rgb.tif,,,24,54.96,24,00:53,23:53,1,24,00:53,23:53,1,24,00:53,23:53,1,8,09:53,16:53,1,3,0,0,0,CLR,24,1,00:53,23:53,24.0,1,00:53,23:53,24.0,1,00:53,23:53,3,3,FLYABLE,1
2024-04-24,2024_coe_rgb.tif,,,24,55.29,7,02:53,08:53,1,0,,,0,9,00:53,08:53,1,0,,,0,2,9,4,1,BKN1200/BKN1600/OVC2400;BKN1700/BKN8000/OVC9500;BKN400,7,1,02:53,08:53,0.0,0,,,0.0,0,,,3,1,FLYABLE,0
2024-04-25,2024_coe_rgb.tif,,,24,55.62,0,,,0,0,,,0,2,15:53,16:53,0,0,,,0,0,9,7,2,BKN500/OVC1000;FEW1300/SCT1900/OVC4700;FEW500/BKN1600/OVC4000,0,0,,,0.0,0,,,0.0,0,,,3,0,ELIMINATED,0
2024-04-26,2024_coe_rgb.tif,,,24,55.94,1,14:53,14:53,0,1,14:53,14:53,0,3,13:53,15:53,1,1,14:53,14:53,0,1,9,0,0,BKN3900/OVC4800;BKN600/OVC1100;BKN900/BKN2000,1,0,14:53,14:53,5.0,1,13:53,17:53,1.0,0,17:53,17:53,3,1,FLYABLE,0
2024-04-27,2024_coe_rgb.tif,,,24,56.26,0,,,0,0,,,0,2,09:53,10:53,0,0,,,0,0,10,1,1,BKN1100/BKN2300/OVC3400;BKN1600/OVC6500;BKN2900/BKN3900/OVC10000,0,0,,,1.0,0,10:53,10:53,0.0,0,,,3,0,ELIMINATED,0
2024-04-28,2024_coe_rgb.tif,,,24,56.57,1,13:53,13:53,0,0,,,0,4,12:53,15:53,1,1,13:53,13:53,0,1,8,0,0,BKN2800/BKN4100/OVC11000;BKN2900/BKN3300/BKN7500;BKN8000/OVC9000,1,0,13:53,13:53,0.0,0,,,1.0,0,14:53,14:53,3,0,ELIMINATED,0
2024-04-29,2024_coe_rgb.tif,,,24,56.88,4,12:53,15:53,1,4,12:53,15:53,1,6,12:53,17:53,1,4,12:53,15:53,1,3,6,0,0,BKN600/BKN1800/BKN5500;BKN6500/BKN8500;BKN7000,4,1,12:53,15:53,2.0,0,13:53,14:53,1.0,0,14:53,14:53,3,1,FLYABLE,0
2024-04-30,2024_coe_rgb.tif,,,24,57.19,10,14:53,23:53,1,10,14:53,23:53,1,10,14:53,23:53,1,3,14:53,16:53,1,3,6,0,0,BKN2500;BKN2500/BKN2200;BKN800/BKN1800/BKN2700,10,1,14:53,23:53,9.0,1,15:53,23:53,8.0,1,16:53,23:53,3,3,FLYABLE,1
2024-05-01,2024_coe_rgb.tif,,,24,57.49,13,11:53,23:53,1,13,11:53,23:53,1,13,11:53,23:53,1,6,11:53,16:53,1,3,3,0,0,BKN500/BKN1100;CLR;FEW6000,13,1,11:53,23:53,14.0,1,10:53,23:53,13.0,1,11:53,23:53,3,3,FLYABLE,1
2024-05-02,2024_coe_rgb.tif,,,24,57.79,15,09:53,23:53,1,15,09:53,23:53,1,15,09:53,23:53,1,8,09:53,16:53,1,3,1,0,0,CLR;OVC900;SCT700,15,1,09:53,23:53,24.0,1,00:53,23:53,24.0,1,00:53,23:53,3,3,FLYABLE,1
2024-05-03,2024_coe_rgb.tif,,,24,58.08,24,00:53,23:53,1,17,00:53,16:53,1,24,00:53,23:53,1,8,09:53,16:53,1,3,0,0,0,BKN10000;CLR,24,1,00:53,23:53,22.0,1,00:53,21:53,17.0,1,00:53,16:53,3,3,FLYABLE,1
2024-05-04,2024_coe_rgb.tif,,,24,58.37,3,08:53,10:53,1,0,,,0,6,08:53,13:53,1,2,09:53,10:53,0,2,7,4,0,FEW1200/OVC9500;FEW600/OVC7000;FEW600/OVC9000,3,1,08:53,10:53,1.0,0,09:53,09:53,2.0,0,09:53,10:53,3,1,FLYABLE,0
2024-05-05,2024_coe_rgb.tif,,,24,58.65,0,,,0,0,,,0,0,,,0,0,,,0,0,10,6,8,BKN800;BKN800/OVC1300;BKN800/OVC1900,0,0,,,0.0,0,,,0.0,0,,,3,0,ELIMINATED,0
2024-05-06,2024_coe_rgb.tif,,,24,58.93,0,,,0,0,,,0,0,,,0,0,,,0,0,11,4,0,BKN1700;BKN2000/BKN2900/OVC3600;BKN2000/OVC2600,0,0,,,2.0,0,14:53,15:53,4.0,1,12:53,15:53,3,1,FLYABLE,0
2024-05-07,2024_coe_rgb.tif,,,24,59.2,11,13:53,23:53,1,11,13:53,23:53,1,11,13:53,23:53,1,4,13:53,16:53,1,3,6,0,0,BKN2700/OVC5500;BKN800/BKN2700/OVC5000;BKN900/BKN3200/OVC4000,11,1,13:53,23:53,7.0,1,17:53,23:53,1.0,0,14:53,14:53,3,2,FLYABLE,0
2024-05-08,2024_coe_rgb.tif,,,24,59.47,24,00:53,23:53,1,24,00:53,23:53,1,24,00:53,23:53,1,9,08:53,16:53,1,3,0,0,0,CLR;FEW2100;FEW2500,24,1,00:53,23:53,24.0,1,00:53,23:53,24.0,1,00:53,23:53,3,3,FLYABLE,1
2024-05-09,2024_coe_rgb.tif,,,24,59.73,24,00:53,23:53,1,24,00:53,23:53,1,24,00:53,23:53,1,9,08:53,16:53,1,3,0,0,0,CLR,24,1,00:53,23:53,24.0,1,00:53,23:53,24.0,1,00:53,23:53,3,3,FLYABLE,1
2024-05-10,2024_coe_rgb.tif,,,24,59.99,24,00:53,23:53,1,24,00:53,23:53,1,24,00:53,23:53,1,9,08:53,16:53,1,3,0,0,0,CLR,24,1,00:53,23:53,24.0,1,00:53,23:53,24.0,1,00:53,23:53,3,3,FLYABLE,1
2024-05-11,2024_coe_rgb.tif,,,24,60.24,24,00:53,23:53,1,24,00:53,23:53,1,24,00:53,23:53,1,9,08:53,16:53,1,3,0,0,0,CLR,24,1,00:53,23:53,24.0,1,00:53,23:53,24.0,1,00:53,23:53,3,3,FLYABLE,1
2024-05-12,2024_coe_rgb.tif,,,24,60.49,19,00:53,18:53,1,19,00:53,18:53,1,24,00:53,23:53,1,9,08:53,16:53,1,3,0,0,0,CLR,19,1,00:53,18:53,20.0,1,00:53,19:53,21.0,1,00:53,20:53,3,3,FLYABLE,1
2024-05-13,2024_coe_rgb.tif,,,24,60.74,1,14:53,14:53,0,1,14:53,14:53,0,8,16:53,23:53,1,1,14:53,14:53,0,1,10,0,0,BKN2200;BKN2700;FEW6000,1,0,14:53,14:53,1.0,0,15:53,15:53,2.0,0,15:53,16:53,3,0,ELIMINATED,0
2024-05-14,2024_coe_rgb.tif,,,24,60.97,24,00:53,23:53,1,24,00:53,23:53,1,24,00:53,23:53,1,9,08:53,16:53,1,3,0,0,0,CLR,24,1,00:53,23:53,18.0,1,06:53,23:53,18.0,1,06:53,23:53,3,3,FLYABLE,1
2024-05-15,2024_coe_rgb.tif,,,24,61.2,23,00:53,22:53,1,23,00:53,22:53,1,23,00:53,22:53,1,9,08:53,16:53,1,3,0,0,0,CLR,23,1,00:53,22:53,24.0,1,00:53,23:53,24.0,1,00:53,23:53,3,3,FLYABLE,1
2024-05-16,2024_coe_rgb.tif,,,24,61.43,0,,,0,0,,,0,0,,,0,0,,,0,0,11,0,3,BKN3000/OVC3800;BKN900;BKN900/OVC2700,0,0,,,2.0,0,15:53,16:53,1.0,0,15:53,15:53,3,0,ELIMINATED,0
2024-05-17,2024_coe_rgb.tif,,,24,61.65,5,07:53,11:53,1,5,07:53,11:53,1,6,06:53,11:53,1,4,08:53,11:53,1,3,6,0,0,BKN4200/OVC6500;BKN4800/OVC7500;CLR,5,1,07:53,11:53,6.0,1,08:53,13:53,3.0,1,09:53,11:53,3,3,FLYABLE,1
2024-05-18,2024_coe_rgb.tif,,,24,61.87,0,,,0,1,18:53,18:53,0,1,14:53,14:53,0,0,,,0,0,11,2,1,BKN3700/BKN4600/OVC6000;FEW1200/OVC3000;FEW3500/SCT4400/OVC6500,0,0,,,0.0,0,,,0.0,0,,,3,0,ELIMINATED,0
2024-05-19,2024_coe_rgb.tif,,,24,62.07,12,12:53,23:53,1,12,12:53,23:53,1,12,12:53,23:53,1,5,12:53,16:53,1,3,5,0,0,BKN400/OVC2700;CLR;FEW1000/BKN1900/OVC3000,12,1,12:53,23:53,0.0,0,,,2.0,0,14:53,15:53,3,1,FLYABLE,0
2024-05-20,2024_coe_rgb.tif,,,24,62.28,12,11:53,22:53,1,12,11:53,22:53,1,24,00:53,23:53,1,6,11:53,16:53,1,3,2,0,0,BKN6000;CLR;FEW1900,12,1,11:53,22:53,11.0,1,08:53,18:53,8.0,1,10:53,17:53,3,3,FLYABLE,1
2024-05-21,2024_coe_rgb.tif,,,24,62.47,0,,,0,0,,,0,0,,,0,0,,,0,0,11,10,6,BKN600/OVC1000;BKN700/OVC1200;OVC1100,0,0,,,0.0,0,,,0.0,0,,,3,0,ELIMINATED,0
2024-05-22,2024_coe_rgb.tif,,,24,62.67,3,16:53,18:53,1,3,16:53,18:53,1,8,16:53,23:53,1,1,16:53,16:53,0,3,9,0,0,BKN1200/BKN3400;BKN400/BKN3700/OVC4500;BKN400/OVC3300,3,1,16:53,18:53,1.0,0,16:53,16:53,3.0,1,15:53,17:53,3,2,FLYABLE,0
2024-05-23,2024_coe_rgb.tif,,,24,62.85,1,15:53,15:53,0,1,15:53,15:53,0,2,15:53,16:53,0,1,15:53,15:53,0,0,10,0,0,BKN3100;BKN3300;BKN3600,1,0,15:53,15:53,7.0,1,15:53,21:53,3.0,1,15:53,17:53,3,2,FLYABLE,0
2024-05-24,2024_coe_rgb.tif,,,24,63.03,0,,,0,0,,,0,4,05:53,08:53,1,0,,,0,1,11,4,1,BKN3300/BKN4600/OVC6000;FEW3300/BKN4100/OVC4900;OVC2100,0,0,,,0.0,0,,,1.0,0,07:53,07:53,3,0,ELIMINATED,0
2024-05-25,2024_coe_rgb.tif,,,24,63.2,0,,,0,0,,,0,0,,,0,0,,,0,0,11,2,0,BKN300/OVC2300;BKN400/OVC3800;BKN700/OVC1200,0,0,,,1.0,0,14:53,14:53,1.0,0,12:53,12:53,3,0,ELIMINATED,0
2024-05-26,2024_coe_rgb.tif,,,24,63.37,0,,,0,0,,,0,0,,,0,0,,,0,0,11,6,1,BKN2400/BKN2800/OVC3800;BKN900/OVC1600;BKN900/OVC2000,0,0,,,0.0,0,,,0.0,0,,,3,0,ELIMINATED,0
2024-05-27,2024_coe_rgb.tif,,,24,63.53,10,14:53,23:53,1,9,15:53,23:53,1,10,14:53,23:53,1,3,09:53,11:53,1,3,4,0,0,BKN3500;BKN3700/OVC4400;CLR,10,1,14:53,23:53,15.0,1,09:53,23:53,7.0,1,10:53,16:53,3,3,FLYABLE,1
2024-05-28,2024_coe_rgb.tif,,,24,63.68,0,,,0,0,,,0,0,,,0,0,,,0,0,11,10,3,BKN2600/OVC3800;BKN600/OVC3000;BKN800/BKN1400/OVC5000,0,0,,,1.0,0,15:53,15:53,1.0,0,14:53,14:53,3,0,ELIMINATED,0
2024-05-29,2024_coe_rgb.tif,,,24,63.83,2,11:53,12:53,0,0,,,0,11,11:53,21:53,1,2,11:53,12:53,0,1,9,0,0,BKN1400/BKN2300;BKN5500/OVC7000;BKN6000/BKN7500,2,0,11:53,12:53,1.0,0,12:53,12:53,0.0,0,,,3,0,ELIMINATED,0
2024-05-30,2024_coe_rgb.tif,,,24,63.97,12,12:53,23:53,1,12,12:53,23:53,1,12,12:53,23:53,1,5,12:53,16:53,1,3,5,0,0,BKN1600/BKN4300/OVC4800;BKN2400/BKN3600/OVC4400;CLR,12,1,12:53,23:53,3.0,1,16:53,18:53,5.0,1,14:53,18:53,3,3,FLYABLE,1
2024-05-31,2024_coe_rgb.tif,,,24,64.11,24,00:53,23:53,1,24,00:53,23:53,1,24,00:53,23:53,1,9,08:53,16:53,1,3,0,0,0,CLR;SCT400,24,1,00:53,23:53,24.0,1,00:53,23:53,24.0,1,00:53,23:53,3,3,FLYABLE,1
